<?xml version="1.0" encoding="UTF-8"?>
<TEI xml:space="preserve" xmlns="http://www.tei-c.org/ns/1.0" 
xmlns:xsi="http://www.w3.org/2001/XMLSchema-instance" 
xsi:schemaLocation="http://www.tei-c.org/ns/1.0 https://raw.githubusercontent.com/kermitt2/grobid/master/grobid-home/schemas/xsd/Grobid.xsd"
 xmlns:xlink="http://www.w3.org/1999/xlink">
	<teiHeader xml:lang="en">
		<fileDesc>
			<titleStmt>
				<title level="a" type="main">What Factors Should Paper-Reviewer Assignments Rely On? Community Perspectives on Issues and Ideals in Conference Peer-Review</title>
			</titleStmt>
			<publicationStmt>
				<publisher/>
				<availability status="unknown"><licence/></availability>
			</publicationStmt>
			<sourceDesc>
				<biblStruct>
					<analytic>
						<author>
							<persName><forename type="first">Terne</forename><surname>Sasha</surname></persName>
						</author>
						<author>
							<persName><forename type="first">Thorn</forename><surname>Jakobsen</surname></persName>
							<affiliation key="aff0">
								<orgName type="department">Copenhagen Center for Social Data Science</orgName>
								<orgName type="institution">University of Copenhagen</orgName>
							</affiliation>
						</author>
						<author role="corresp">
							<persName><forename type="first">Anna</forename><surname>Rogers</surname></persName>
							<email>arogers@sodas.ku.dk</email>
							<affiliation key="aff0">
								<orgName type="department">Copenhagen Center for Social Data Science</orgName>
								<orgName type="institution">University of Copenhagen</orgName>
							</affiliation>
							<affiliation key="aff1">
								<orgName type="department">RIKEN Center for Computational Science</orgName>
							</affiliation>
						</author>
						<title level="a" type="main">What Factors Should Paper-Reviewer Assignments Rely On? Community Perspectives on Issues and Ideals in Conference Peer-Review</title>
					</analytic>
					<monogr>
						<imprint>
							<date/>
						</imprint>
					</monogr>
					<idno type="MD5">81478668F8EFD08D5ADB369AA5643870</idno>
				</biblStruct>
			</sourceDesc>
		</fileDesc>
		<encodingDesc>
			<appInfo>
				<application version="0.7.3-SNAPSHOT" ident="GROBID" when="2023-01-12T09:15+0000">
					<desc>GROBID - A machine learning software for extracting information from scholarly documents</desc>
					<ref target="https://github.com/kermitt2/grobid"/>
				</application>
			</appInfo>
		</encodingDesc>
		<profileDesc>
			<abstract>
<div xmlns="http://www.tei-c.org/ns/1.0"><p>Both scientific progress and individual researcher careers depend on the quality of peer review, which in turn depends on paperreviewer matching. Surprisingly, this problem has been mostly approached as an automated recommendation problem rather than as a matter where different stakeholders (area chairs, reviewers, authors) have accumulated experience worth taking into account. We present the results of the first survey of the NLP community, identifying common issues and perspectives on what factors should be considered by paper-reviewer matching systems. This study contributes actionable recommendations for improving future NLP conferences, and desiderata for interpretable peer review assignments.</p><p>2 Background: Peer Review in NLP Paper-reviewer assignments are matches between submissions to conferences or journals and their available pool of reviewers, taking into account the potential conflicts of interest (COI) and reviewer assignment quotas.</p></div>
			</abstract>
		</profileDesc>
	</teiHeader>
	<text xml:lang="en">
		<body>
<div xmlns="http://www.tei-c.org/ns/1.0"><head n="1">Introduction</head><p>Peer review is increasingly coming under criticism for its arbitrariness. Two NeurIPS experiments <ref type="bibr" target="#b25">(Price, 2014;</ref><ref type="bibr" target="#b10">Cortes and Lawrence, 2021;</ref><ref type="bibr" target="#b3">Beygelzimer et al., 2021)</ref> have shown that the reviewers are good at identifying papers that are clearly bad, but the agreement on the "good" papers appears to be close to random. Among the likely reasons for that are cognitive and social biases of NLP reviewers (see overview by <ref type="bibr" target="#b27">Rogers and Augenstein, 2020)</ref>, fundamental disagreements in such an interdisciplinary field as NLP, and acceptance rates that are kept low 1 irrespective of the ratio of high-quality submissions.</p><p>Such arbitrariness leads to understandable frustration on the part of the authors whose jobs and graduation depend on publications, and it also means lost time and opportunities <ref type="bibr" target="#b0">(Aczel et al., 2021;</ref><ref type="bibr" target="#b15">Gordon and Poulin, 2009)</ref> for science overall. Reviews written by someone who does not have the requisite expertise, or does not even consider the given type of research as a contribution, it is a  loss for all parties: the authors do not get the intellectual exchange that could improve their projects and ideas, and reviewers simply lose valuable time without learning something they could use. It is also a loss for the field overall: less popular topics could be systematically disadvantaged, leading to ossification of the field <ref type="bibr" target="#b7">(Chu and Evans, 2021)</ref>.</p><p>This paper contributes a snapshot of this problem in NLP venues, based on a survey of authors, reviewers and area chairs (ACs). We collected 180 responses, which is is comparable to the volume of feedback collected for implementing the ACL Rolling Review (ARR). The overall distribution of respondents' roles is shown in fig. <ref type="figure" target="#fig_0">1</ref>. We present the commonly reported issues and community preferences for different paper assignment workflows (section 4). We derive actionable recommendations to how peer review in NLP could be improved (section 5), discuss the limitations of survey methodology (section 6.2), and conclude with desiderata for interpretable peer review assignments (section 6.3).</p><p>Among the systems used in recent NLP conferences, the Softconf matching algorithm takes into account bidding, quotas, and manual assignments, and randomly assigns the remaining papers as evenly as possible<ref type="foot" target="#foot_0">2</ref> . NAACL and ACL 2021 used SoftConf, but also provided their ACs with affinity scores produced by a "paraphrastic similarity" system based on an LSTM encoder, which is trained on Semantic Scholar abstracts <ref type="bibr" target="#b35">(Wieting et al., 2019;</ref><ref type="bibr" target="#b23">Neubig et al., 2021)</ref>. Affinity scores are scores indicating how well a given submission matches a given reviewer. They are typically computed as the similarity (e.g. cosine similarity) between the embeddings of certain information about the submission and the reviewer's publication history (e.g. abstracts and titles).</p><p>ARR switched to OpenReview and currently uses<ref type="foot" target="#foot_1">3</ref> their SPECTER-MFR system <ref type="bibr" target="#b24">(OpenReview, 2021)</ref> which is based on SPECTER <ref type="bibr" target="#b8">(Cohan et al., 2020)</ref> and MFR embeddings <ref type="bibr" target="#b6">(Chang and McCallum, 2021)</ref> for computing affinity scores. The assignments are then made with the MinMax matching algorithm <ref type="foot" target="#foot_2">4</ref> .</p><p>The problem of paper-reviewer assignment is by itself an active area of research (see overview of key issues for CS conferences by Shah ( <ref type="formula">2022</ref>)). There are many proposals for paper-reviewer assignment systems <ref type="bibr" target="#b16">(Hartvigsen et al., 1999;</ref><ref type="bibr" target="#b34">Wang et al., 2010;</ref><ref type="bibr">Li and Watanabe, 2013, inter alia)</ref>, some of which also consider the problem of "fair" assignments <ref type="bibr" target="#b21">(Long et al., 2013;</ref><ref type="bibr" target="#b30">Stelmakh et al., 2019)</ref>. Such studies tend to be hypothesis-driven: they make an assumption about what criteria should be taken into account, design a system and evaluate it. To the best of our knowledge, ours is the first study in the field to address the opposite question: what criteria should be taken into account, given the diversity of perspectives in an interdisciplinary field? We take that question to the community.</p></div>
<div xmlns="http://www.tei-c.org/ns/1.0"><head n="3">Methodology: survey structure and distribution</head><p>We developed three separate surveys for the main groups of stakeholders in the peer review process: authors, reviewers and ACs. They follow the same basic structure: consent to participation (see Impact Statement), background information, questions on most recent experiences in the role which the survey pertains to, and how the respondents believe paper-reviewer matching should be performed. Most questions are asked to respondents in all three roles, reformulated to match their different perspectives.</p><p>The responses were collected late 2021 and all respondents are required to confirm that their most recent experience as an AC/reviewer/author is in 2019-2021. The full surveys and response data are publicly available<ref type="foot" target="#foot_3">5</ref> .</p><p>Participant background. All surveys include questions on career status and the number of times the respondents have been ACs/reviewers/authors at NLP venues. We ask what venues they have experience with (as broad categories) and what types of contributions they make in their work.</p><p>Participant experience with peer review. We further ask the respondents a range of questions about their experience as AC/reviewer/author: how satisfied they are with the process, what issues they have experienced, what was the assignment load (ACs and reviewers), how paper-reviewer matching was done, how they would prefer it to be done, and which factors they believe to be important for paper-review matching. Most of the questions are multiple-choice, with addition of some open-ended questions where appropriate, so that respondents can elaborate their answers or add to the available options. Whenever possible, the question formulations were taken from the question bank of UK Data Service <ref type="bibr" target="#b17">(Hyman et al., 2006)</ref>. Attitude questions use a 5-point Likert scale.</p><p>Limited memory is an important concern in surveys <ref type="bibr" target="#b31">(Sudman and Bradburn, 1973;</ref><ref type="bibr" target="#b37">Öztas Ayhan and Isiksal, 2005)</ref>, and we cannot expect the respondents to accurately recall all their experience with peer review. To reduce memory recall errors, the survey focuses on the respondent's most recent experience, but they also have a chance to reflect on prior experience in open-ended questions, and to report whether they experienced certain issues at any time in their career.</p><p>Survey distribution. We distributed the surveys via three channels: by handing out flyers at EMNLP 2021, through mailing lists (ML-news, corpora list, Linguist list), and through Twitter with the hashtag #NLProc. Participation was voluntary, with no incentives beyond potential utility of this study for improving NLP peer review.</p><p>Data validation. Given that links to surveys were distributed openly and that we did not ask for any identifiable information, the surveys needed to include other means of validation to ensure that the responses included in the analysis were from attentive, relevant individuals. Our approach for validating the data quality follows satisficing theory <ref type="bibr" target="#b20">(Liu and Wronski, 2018)</ref>, with the main safeguards being 1) the checking of response consistency, including a few "traps" where inconsistency or illogical responses can be exposed, and 2) the inclusion of open-ended questions. 73% ACs, 40% reviewers, 33% authors have provided at least one response to our open-ended questions, and we did not find any meaningless or incoherent comments not addressing the question. For consistency checks, all respondents were asked: • How many times they have been an AC/reviewer/author. One of the options was "0", contradicting the earlier confirmation of experience in a given role. • When was the last time they were an AC/reviewer/author. One of the options was "earlier than 2019", contradicting the earlier confirmation of peer review experience in 2019-2021. • Whether they have performed the other roles.</p><p>New authors may have not reviewed or AC-ed, but reviewers should also have been authors, and ACs should have experience with all roles.</p></div>
<div xmlns="http://www.tei-c.org/ns/1.0"><head n="4">Results</head><p>Overall we received 38 responses from ACs, 87 from reviewers and 81 from authors (206 in total).</p><p>After removing 20 incomplete responses and 8 responses inconsistent with the "trap" questions, we report the results for 30 responses from ACs, 77 from reviewers and 73 from authors (180 in total).</p></div>
<div xmlns="http://www.tei-c.org/ns/1.0"><head n="4.1">Who are the respondents?</head><p>According to the past conference statistics, we could expect that many submissions would be primarily authored by the students, and reviewers are generally expected to be relatively senior, which should correspond to their going through peer review more often. We can use this expected pattern as an extra validation step for the survey responses.</p><p>Figure <ref type="figure">2</ref> shows that the responses are in line with this expected pattern. We received the most responses from academic researchers (62), PhD students (54), and postdocs (32). Most academic researchers and postdocs, but not PhD students, have had their work reviewed more than 10 times. At the same time 65% of the PhD students who served as reviewers went through peer review more than 5 times, as opposed to 24.2% of PhD students in the author role. Fewer industry than academic researchers responded to the survey. This could be related to the fact that a large part of the "academic" demographic are students -and in 2020-2021 the ACL membership among students was equal to or exceeding other demographics <ref type="bibr" target="#b26">(Rasmussen, 2021)</ref>.</p></div>
<div xmlns="http://www.tei-c.org/ns/1.0"><head n="4.2">Paper types</head><p>The next question is to see what kinds of research papers the respondents to our surveys have authored: engineering experiment, survey, position paper etc., according to the COLING taxonomy by <ref type="bibr" target="#b2">Bender and Derczynski (2018)</ref>. We expect that more senior researchers will have more experience with different types of work. Indeed, on average the authors have worked with 2.5 types of papers, vs. 3.0 for reviewers and 3.6 for ACs. The distribution is shown in fig. <ref type="figure" target="#fig_1">3</ref>. The most respondents have authored engineering experiment papers (with the authors reporting the most such work). Note that this only indicates whether the respondents to our surveys have or have not authored certain types of papers, rather than how many. In terms of volume, the engineering papers are a lot more prevalent: e.g. at ACL 2021 the "Machine learning" track had 332 submissions, vs 168 in the "Resources and evaluation" track <ref type="bibr" target="#b36">(Xia et al., 2021)</ref>.</p></div>
<div xmlns="http://www.tei-c.org/ns/1.0"><head n="4.3">What kinds of problems do people report?</head><p>As with any voluntary feedback, our surveys were likely to receive more responses from people who had a grievance with the current process. Indeed, we find that only 6.7% of ACs, 20.5% of authors, and 22.1% of reviewers say that they have not had any issues in their last encounter with NLP venues.</p><p>The overall distribution for the types of problems reported by the authors, reviewers and ACs in their last and overall experience is shown in fig. <ref type="figure">5</ref>. Given that at the time of this survey the ARR was recently deployed as the only ACL submission channel, we highlight the responses from the people for whom the most recent venue was ARR: 28% reviewers, 18% authors, 50% ACs.</p><p>The key takeaways are as follows: • Two of the most frequent complaints of ACs (about 50% of the respondents) are insufficient information about reviewers and clunky interfaces; • Many paper-reviewer mismatches (about 30%, if the report of the last experience is representative) are avoidable: they should have been clear from the reviewers' publication history; • Over a third of the author respondents in their last submission (about 50% over all history) received reviews from reviewers lacking either expertise or interest, and that is supported by the reviewers' reports of being assigned papers that were mismatched on one of these dimensions; • The authors report that many reviews (over a third in last submission, close to 50% overtime) are biased or shallow, which might be related to the above mismatches in expertise or interest; • Two patterns are exclusive to ARR: insufficient time for ACs<ref type="foot" target="#foot_4">6</ref> , and zero authors with no issues. </p></div>
<div xmlns="http://www.tei-c.org/ns/1.0"><head n="4.4">Knowledge of the workflow</head><p>Our next question is what methods NLP venues use to match submissions to reviewers, and to what extent the stakeholders (authors and reviewers) are aware of how it is done. We find that relatively few authors (23.3%) and reviewers (23.4%) know for sure what process was used, which begs for more transparency in the conference process. The ACs report that the most frequent case (37%) is a combination of automated and manual assignments. Interestingly, most reviewers believe that their assignments were automated (36%), and only (28%) believe they were automated+manual. See App. Figure <ref type="figure">8</ref> for full distribution. The other organizers did not respond to your messages in reasonable time There were no issues Other There was not enough time to ensure good matches for all papers Too many reviewers refused their assignments The reviewers did not respond to your messages in reasonable time</p><p>The interface that had to be used in the matching process was clunky, making the process take more time than needed The review was harsh or rude Other I did not have any issues with my reviews The reviewer was not interested in the subject of the paper The review was not sufficiently clear, e.g. requesting other methods or references without specifying them</p><p>The reviewer requested more experiments/evidence than necessary to prove the point of the paper</p><p>The reviewer did not have the required expertise to review this paper</p><p>The reviewer was biased against certain types of research (e.g. systems not aiming at SOTA results, research not on English, resource papers etc.)</p><p>The review was too short</p><p>The criticism was too broad (e. Area chairs: interface issues (7), bad reviewers/reviews (5), workload issues (6), issues with ARR (4), lacking information on reviewers (4), communication issues between both systems and other human agents (4), lack of qualified reviewers in the pool (3), issues with meta-reviews (2), affinity score complaints (2), affinity score for finding reviewers the AC does not know personally (1), preference for manually recruited reviewers (1), papers assigned to ACs outside their area of expertise (1), too many declines (1), mismatch in goals of reviewers and authors (1), emergency reviews (1), bidding enabling bias (1).</p><p>Reviewers: choices forced by ACs (5), preference for bidding (4), areas of past expertise not currently of interest (4), lack of interest in the paper (3), methodological mismatch between generations of NLP researchers (3), mismatch in research methods (2), publication records as an unreliable indicator for assignments (1), mismatch in languages (1), time issues (1), reviewer bias (1) Authors: reviewer expectation for a certain kind of research (6), inattentive reviews (5), short reviews (3), mismatch between the score and the text of the review (3), requests for irrelevant citations (2), confirmation bias (1), non-constructive criticism (1), shallow reviews (1), lack of reviewer competence (2), missing reviews (2), requests for irrelevant comparisons (1), "wild" estimates of impact (1), unannounced policy changes (1)</p><p>Figure <ref type="figure">5</ref>: The issues with peer review process, reported by ACs, reviewers and authors, in their last (on the left) versus historical (on the right) experience with CL/NLP venues. large support for pure bidding (13-18% of respondents in all roles), and cumulatively pure bidding and bidding with manual adjustments have as much or more support from all respondent categories than the automated matching + manual assignments.</p><p>The analysis of open-ended comments suggested that the respondents were aware that bidding is quite labor-intensive on the part of the reviewers. 5 ACs, 3 reviewers and 2 authors suggested using affinity scores to filter the papers on which bids would be requested, followed with manual checking. Another suggestion was keywords or more fine-grained areas/tracks, potentially as alternative to affinity scores for filtering down the list of papers to bid on. One AC suggested "an extensive, but still finite, set of tags (e.g. an ACL-version of ACM CCS concepts, or FAccT's submission tags". One reviewer stressed that the keywords should be provided by the authors, to match what they perceive to be the salient aspects of the paper.</p><p>1 reviewer and 1 author suggested looking at whether the paper cites the potential reviewer<ref type="foot" target="#foot_6">7</ref> , as this could be a good indicator for the reviewer's interest. 1 reviewer and 2 authors voiced support for some randomness in the assignments (given a track-level match): "Bidding + some random assignment to ensure diversity in the matching. We don't want reviewers to review only papers they *want* to review. However these random assignments should be clearly indicated to all, and treated accordingly."</p></div>
<div xmlns="http://www.tei-c.org/ns/1.0"><head n="5.2">Ideal assignment criteria</head><p>AC past experience. Figure <ref type="figure">5</ref> shows that one of the most common problems for the ACs is that they were not provided with enough information to facilitate the paper-reviewer matching. The followup question is what information they are provided with, and how useful they find it.</p><p>Figure <ref type="figure">6</ref> shows that the types of information with the highest utility information are links to reviewer profiles, bidding information, and affinity scores. But affinity scores are also the most controversial: it is the type of information that the most ACs find "not very useful" or "not useful at all" (20%).</p><p>Overall the results suggest that ACs are presented with little structured information about reviewers, and have to identify the information they need from a glance at the reviewers' publication record. Seniority, expertise, and reviewer history notes from other ACs are all reported to be useful, but they were never provided directly to many ACs.</p><p>An avenue for future research is offered by three types of information that the most ACs are not sure about, presumably because they are rarely provided: structured information about the methods that the reviewers were familiar with, the languages they spoke, and affinity score explanations. We will show below that there is much support for taking such methods into account. For the languages, this might be due to the "default" status of English <ref type="bibr" target="#b1">(Bender, 2019)</ref>. We hypothesize that providing this information would make it easier to provide better matches for papers on other languages, which would in turn encourage the authors to submit more such work. Affinity will be discussed in section 6.3.</p></div>
<div xmlns="http://www.tei-c.org/ns/1.0"><head>Stakeholder preferences.</head><p>We then asked the respondents what factors they believe are important for paper-reviewer assignments. Their answers are shown in fig. <ref type="figure">7</ref>. The overall mean importance rankings (on scale 0-5) are as follows:</p><p>3.95 Reviewer has worked on the same task 3.85 Reviewer bid on the paper 3.72 Reviewer has worked with the same method 3.32 Reviewer has authored the same type of paper 3.11 AC knows &amp; trusts the reviewer 2.81 Reviewer has worked with the same kind of data 1.99 The affinity score is high</p><p>The fact that affinity scores rank the least important for NLP researchers (who would know the most about them) is interesting, and perhaps related to the fact that evaluation of paper-reviewer matching systems remains an open problem, with little empirical evidence for how well our current systems really work. In the absence of such evidence, our results suggest that the respondents across all groups are not very positive about their experience with such systems. In the authors' personal experience, when the conference chairs provide automated affinity scores they caution the area chairs against fully relying on them, and urge to adjust the assignments manually.</p><p>Our data suggests that within groups of stakeholders the individual variation in importance of different factors is higher for some factors and stakeholders than others: e.g. ACs vary within 1 point on the importance of knowing the data, but only within 0.74 points on importance of knowing the tasks. This has implications for approaches who would rely on AC assignments as ground truth for automated assignment systems: they could end up modeling the annotator instead of the task <ref type="bibr" target="#b14">(Geva et al., 2019)</ref>. See App. table 2 for full data.</p><p>We then explored the question of whether the experience of having authored research of a certain type correlates with any changes in the attitude towards some of these paper-reviewer matching factors. For each pair of type of research and matching factor, we ran two-sided Fisher's Exact tests for all respondents who have authored (or not) the types of research and the importance they attached to different factors in paper-reviewer assignment (binning on less than moderately important and more than moderately important). For some pairs there were statistically significant differences: e.g. the respondents who have authored reproduction papers were significantly more likely to believe it important that the reviewer has worked with the same kind of data (p = 0.004), and respondents who authored position papers were significantly less likely  to believe a high automated affinity score is important (p = 0.003). See table 3 in the appendix for all p-values and more details on the tests. We note that the relationships are not necessarily causal.</p><p>We conclude that our sample does provide evidence (the first, to our knowledge) that researchers in interdisciplinary fields who perform different kinds of research may have differing preferences for what information should be taken into account for paper-reviewer assignments. If that effect is robust, it should be considered in assignment systems for interdisciplinary fields. We hope that this finding would be explored in a larger study, taking into account both the experience of authoring a given type of paper and how central that type of research is for a given researcher (a factor that we did not consider). Another direction for future work is exploring this question from the perspective of demographic characteristics and the type of institution the respondents work in. Should there be significant differences, more targeted assignments could be a powerful tool for diversifying the field.</p></div>
<div xmlns="http://www.tei-c.org/ns/1.0"><head n="5.3">Ideal workload</head><p>We asked our reviewer and AC respondents how many assignments they received at their most recent NLP venue, and what would be the optimal number (given a month to review, and a week for AC assignments). For ACs, the mean optimal number of assignments is 8.5±4.2 vs. 9.1±5.1 they received at the most recent venue, and for reviewers it is 2.8±1.0 vs. 3.3±1.8. Whether this is an issue depends on how much time a given venue allows. The ARR reviewers have even less than a month, and they indicated preference for fewer assignments than they received (2.4±1.0 vs 3.3±1.9). See App. fig. <ref type="figure" target="#fig_0">10</ref> for data on other venues.</p><p>The lack of reviewers is a well-known problem. One of the possible causes is that many authors are students not yet ready to be reviewers. To investigate that, we asked the authors if they also reviewed for the venues where they last submitted a paper, and the reviewers and ACs -if they also submitted. If the core problem is that many authors are not qualified, we would expect more non-student authors to also be reviewers. Among all respondents there are 24% authors who submit to a venue but do not review there or help in some other role (fig. <ref type="figure" target="#fig_0">1</ref>), but if we consider only non-student respondents that ratio is still 18% (see non-student role distribution in App. fig. <ref type="figure" target="#fig_7">9</ref>). This suggests that many qualified people do not review.</p></div>
<div xmlns="http://www.tei-c.org/ns/1.0"><head n="6">Discussion</head></div>
<div xmlns="http://www.tei-c.org/ns/1.0"><head n="6.1">Reviewer interests</head><p>Our results suggest the lack of interest is one of the most common problems in paper-reviewer matching, for both authors and reviewers. The authors are aware of this problem and sometimes try to optimize for it by pursuing the "safe", popular topics. Unenthusiastic reviewers will likely produce shallow, heuristic-based reviews, essentially penalizing non-mainstream research. Both tendencies contribute to ossification of the field <ref type="bibr" target="#b7">(Chu and Evans, 2021)</ref>, and generally need to be minimized.</p><p>It is in the AC's interest to find interested reviewers, since that minimizes late reviews, but they need to know who finds what interesting. That is not as simple as a match by topic/methodology, clear from the publication record. Interests change not only gradually over time but also according to what is popular or salient at the given moment <ref type="bibr" target="#b33">(Tversky and Kahneman, 1974;</ref><ref type="bibr" target="#b12">Dai et al., 2020)</ref>, or even in seemingly irrational ways (e.g. by being sensitive to the framing of the problem) <ref type="bibr" target="#b32">(Tversky and Kahneman, 1981)</ref>. But although experience and knowledge may provide more stable descriptions of a reviewer, looking into dated publication records may be fundamentally counter-productive. According to one of our respondents: "I prefer the conferences who offer bidding processes to select the papers to review... I am more enthusiastic to review the papers compared to conferences that assign papers based on what my interests were x years ago."</p><p>Bidding however has its own set of problems, including the practical impossibility to elicit all preferences over a big set of papers, the possibility of collusion rings <ref type="bibr" target="#b19">(Littman, 2021)</ref>, and, as one of our respondents put it, "biases towards/against certain paper types when bidding is enabled". But these problems potentially have solutions: there is work on detecting collusion rings <ref type="bibr" target="#b4">(Boehmer et al., 2022)</ref>, and several respondents suggested that bidding could be facilitated by subsampling with either keyword-or affinity-score-based approaches.</p><p>We support some of our respondents' recommendation for a combination of interest-based and non-interest-based (within a matching area) assignments, with the latter clearly marked as such for ACs and reviewers, and separate playbooks for the two cases. The reviewer training programs should aim to develop the expectation that peer review is something that combines utility and exploration.</p></div>
<div xmlns="http://www.tei-c.org/ns/1.0"><head n="6.2">Limitations</head><p>We readily acknowledge that, like with any surveys with voluntary participation, our sample of respondents may not be representative of the field overall, since the people who have had issues with peer review system are more incentivized to respond. However, precisely for that reason this methodology can be used to learn about the commonly reported types of problems, which was our goal. Our response rate turned out to be comparable to the response rate of the official ACL survey soliciting feedback on its peer review reform proposal <ref type="bibr" target="#b22">(Neubig, 2020)</ref>, which received 199 responses.</p><p>It is an open problem how future conferences could systematically improve, if they cannot rely on surveys to at least reliably estimate at what scale an issue occurs. Asking about satisfaction with reviews does not seem to produce reliable results <ref type="bibr" target="#b13">(Daumé III, 2015;</ref><ref type="bibr" target="#b5">Cardie et al.)</ref>. Our survey included a question about satisfaction with the paperreviewer matching, and whether the most recent experience was better or worse than on average. Both reviewers and authors were more satisfied than dissatisfied, and considered the recent experience better than on average, despite reporting so many issues (see <ref type="bibr">App. fig. 11</ref> for the distribution).</p></div>
<div xmlns="http://www.tei-c.org/ns/1.0"><head n="6.3">Interpretable Paper-Reviewer Matching:</head><p>Problem Formulation</p><p>There already are many proposed solutions for paper-reviewer matching (see section 2), but their evaluation is the more difficult problem. The obvious approach would be to use bidding information or real assignments made by ACs as ground truth, but this data is typically not shared to protect reviewer anonymity. It would also provide a very noisy signal not just due to different assignment strategies between ACs, but also different quality of assignments depending on how much time they have on a given day. Both ACs and bidding reviewers are also likely<ref type="foot" target="#foot_7">8</ref> to favor top-listed candidates. And, as our findings suggest, the optimal assignment strategies in an interdisciplinary field might genuinely vary between different types of papers and tracks. A system unaware of that might systematically disadvantage whole research agendas.</p><p>Given that even the human experts cannot tell what the best possible assignments are, we propose to reformulate the problem as interpretable paper-reviewer matching. That problem is not the same as the problem of faithfully explaining why a given paper-reviewer matching system produced a certain score, for which we have numerous interpretability techniques <ref type="bibr" target="#b29">(Søgaard, 2021)</ref>. The AC goal is fundamentally different: not to understand the system, but to quickly find the information that the AC<ref type="foot" target="#foot_8">9</ref> considers relevant for making the best possible match. Therefore the task of interpretable paper-reviewer matching is rather to help to identify the information that the stakeholders wish the decisions to be based on, and to provide that information as justification for the decisions.</p></div>
<div xmlns="http://www.tei-c.org/ns/1.0"><head n="7">Conclusion</head><p>We present the results of the first survey on paperreviewer assignment from the perspective of three groups of stakeholders in the NLP community: authors, reviewers, and ACs. The results point at a host of issues, some immediately actionable (e.g. providing the ACs with better information), some normative (e.g. different kinds of research may need different assignment strategies), and some open (e.g. how do we evaluate the effect of any changes to peer review process?) A big issue for both authors and reviewers is mismatches due to lack of interest, which is in tension with explorative aspects of peer review. We recommend to address this issue with a combination of assignments based on bidding and random matches within area, backed up by reviewer training.</p></div>
<div xmlns="http://www.tei-c.org/ns/1.0"><head>Impact Statement</head><p>Broader impact. The study identifies types of information that could be used to provide better paper-reviewer matches. Used strategically by a conference, it could be a powerful tool for diversifying the field, by helping the non-mainstream papers find the reviewers more open to them. By the same token, if the entity organizing the review process aimed for suppressing such research, deprioritising this information could harm such papers. Our proposal of interpretable paper-reviewer assignments would mitigate this potential risk by requiring the organizers to disclose their rationale for any given match.</p><p>Personal data. The surveys are designed to not solicit any personally identifiable information (including comments about individual peer review cases in the past conferences), or demographic information about participants.</p><p>Potential risks. The respondents are participants in anonymous peer review process, and as such being tracked back to individual peer review cases could expose them to retaliation. The survey therefore did not solicit information about specific venues (only broader categories such as "*ACL conferences"), and we manually verified that the open-ended comments also do not contain references to specific cases. We thus foresee no potential risks from deanonymization of the respondents.</p><p>Informed consent. The respondents are informed about the organizers and the objective of the study: to identity current practises of paperreviewer assignments in CL/NLP conferences and ways in which this process can be improved. Responses are anonymous and respondents consent to the use and sharing of their responses for research purposes. Respondents must give consent to continue the survey.</p><p>Intended use. The survey data and forms will be made publicly available for research purposes.</p><p>Institutional approval. The study was approved by the Research Ethics Committee at the authors' institution.</p></div>
<div xmlns="http://www.tei-c.org/ns/1.0"><head>A Appendix</head><p>In  Figure <ref type="figure" target="#fig_0">10</ref>: The boxplots shows the number of assignments given and optimal for a) ACs and b) Reviewers, discussed in section 5.3. Number of given assignments are reported for the venue in which the respondent last served as AC/reviewer, and optimal number of assignments are reported for time periods one week for ACs and one month for reviewers. Mean given and optimal number of assignments, across all respondents/venues, are shown with vertical striped lines. Figure <ref type="figure" target="#fig_0">11</ref>: We ask all respondents general questions about their satisfaction with their last experience as an AC/reviewer/author and their overall satisfaction in this role. We discuss these results in the limitations section 6.2.</p></div><figure xmlns="http://www.tei-c.org/ns/1.0" xml:id="fig_0"><head>Figure 1 :</head><label>1</label><figDesc>Figure1: Overview of all respondents and overlap of their roles for their last experience at NLP venues.</figDesc></figure>
<figure xmlns="http://www.tei-c.org/ns/1.0" xml:id="fig_1"><head>Figure 3 :</head><label>3</label><figDesc>Figure3: Types of research performed by respondents (multiple options could be selected).</figDesc></figure>
<figure xmlns="http://www.tei-c.org/ns/1.0" xml:id="fig_2"><head>Figure 4 :</head><label>4</label><figDesc>Figure 4: Which of the following options would you consider best for assigning reviewers to submissions?</figDesc></figure>
<figure xmlns="http://www.tei-c.org/ns/1.0" xml:id="fig_4"><head></head><label></label><figDesc>g. "not surprising", "too simple"the open-ended comments (The full comments categorized by these topics can be found in the survey data repository)</figDesc></figure>
<figure xmlns="http://www.tei-c.org/ns/1.0" xml:id="fig_5"><head></head><label></label><figDesc>the open-ended comments: reviewer history (2), number of assigned papers (1), being able to ask SACs for advice (1), reviewer affiliation (e.g. academic or industry) (1), correct area match for both ACs and reviewers (1).</figDesc></figure>
<figure xmlns="http://www.tei-c.org/ns/1.0" xml:id="fig_6"><head>Figure 6 :Figure 7 :</head><label>67</label><figDesc>Figure6: The diverging bars shows the experienced utility of different kinds of information about reviewers that ACs may have been presented with to assist in manual checks of paper-reviewer matches. If the respondent had never been presented with the specific kind of information they chose "Never provided".</figDesc></figure>
<figure xmlns="http://www.tei-c.org/ns/1.0" xml:id="fig_7"><head>Figure 9 :</head><label>9</label><figDesc>Figure 9: Distribution of non-students in the three roles, with overlap derived from asking the question Did you also serve as a reviewer/author? for their last CL/NLP venue.</figDesc></figure>
<figure xmlns="http://www.tei-c.org/ns/1.0" xml:id="fig_8"><head></head><label></label><figDesc>Reported satisfaction with most recent experience. AC / Action Editor question: (...) how satisfied were you with the support provided to you to improve the paper-reviewer matching? Reviewer question: (...) How satisfied were you with the paper-reviewer matching? Author question: (...) How satisfied were you with the amount of constructive criticism in the reviews you received? Question: would you say your most recent experience with paper-reviewer matching/paper assignment(s)/set of reviews described above, was better or worse than on average?</figDesc></figure>
<figure xmlns="http://www.tei-c.org/ns/1.0" type="table" xml:id="tab_3"><head></head><label></label><figDesc>this appendix we introduce supplementary figures and tables.Figure8: We ask reviewers and authors whether they know for certain, or maybe knows, or do not know how the paper-reviewer matching was done for their last CL/NLP venue. We then ask both reviewers, authors and ACs what they believe (or knows in the case of some) was the process for this venue The guesses, and knowledge herof, are much different from best options in fig.4, discussed in section 5.</figDesc><table><row><cell></cell><cell></cell><cell cols="3">AC/Action Editor</cell><cell></cell><cell>Author (knowing)</cell></row><row><cell></cell><cell></cell><cell cols="3">Reviewer (knows)</cell><cell></cell><cell>Author (maybe knows)</cell></row><row><cell></cell><cell></cell><cell cols="4">Reviewer (maybe knows)</cell><cell>Author (doesn't know)</cell></row><row><cell></cell><cell></cell><cell cols="4">Reviewer (doesn't know)</cell></row><row><cell></cell><cell>40</cell><cell></cell><cell></cell><cell></cell><cell></cell></row><row><cell>% of respondents</cell><cell>20 30</cell><cell></cell><cell></cell><cell></cell><cell></cell></row><row><cell></cell><cell>10</cell><cell></cell><cell></cell><cell></cell><cell></cell></row><row><cell></cell><cell>0</cell><cell>M a n u a ll y</cell><cell>B id d in g</cell><cell>A u t o m a t e d</cell><cell cols="2">R a n d o m ly A u t o . + m a n . B id . + m a n .</cell><cell>O t h e r</cell></row><row><cell></cell><cell></cell><cell>38 (31%)</cell><cell></cell><cell cols="2">35 (28%)</cell><cell>22 (18%)</cell><cell>16 (13%)</cell><cell>13 (10%)</cell></row><row><cell></cell><cell cols="2">Reviewer</cell><cell></cell><cell></cell><cell></cell><cell>AC / Action Editor</cell></row><row><cell></cell><cell></cell><cell></cell><cell></cell><cell></cell><cell cols="2">Author</cell></row></table></figure>
			<note xmlns="http://www.tei-c.org/ns/1.0" place="foot" n="2" xml:id="foot_0">https://www.softconf.com/about/index. php/start/administration-view</note>
			<note xmlns="http://www.tei-c.org/ns/1.0" place="foot" n="3" xml:id="foot_1">Source: personal communication with the ARR team.</note>
			<note xmlns="http://www.tei-c.org/ns/1.0" place="foot" n="4" xml:id="foot_2">https://github.com/openreview/ openreview-matcher</note>
			<note xmlns="http://www.tei-c.org/ns/1.0" place="foot" n="5" xml:id="foot_3">https://github.com/terne/ Paper-Reviewer-Matching-Surveys</note>
			<note xmlns="http://www.tei-c.org/ns/1.0" place="foot" n="6" xml:id="foot_4">ARR has since switched to 6-week cycles, which might help to address this issue (https: //aclrollingreview.org/six-week-cycles/).</note>
			<note xmlns="http://www.tei-c.org/ns/1.0" place="foot" n="5" xml:id="foot_5">The Ideal Process5.1 Ideal workflowWhen asked about what paper-assignment process they would prefer (given that fully manual matching is impractical for large conferences), most ACs and authors opted for automated+manual process, but for the reviewers this is the second preferred process (26%), with 30% opting for bidding + manual checks (see fig.4). There was also relatively</note>
			<note xmlns="http://www.tei-c.org/ns/1.0" place="foot" n="7" xml:id="foot_6">We believe this is an interesting idea, but it could lead to authors strategically placing citations to maximize the chances of acceptance, or being punished for citing work that they may criticize or claim to improve upon.</note>
			<note xmlns="http://www.tei-c.org/ns/1.0" place="foot" n="8" xml:id="foot_7">Position bias is well documented in search &amp; recommendation systems<ref type="bibr" target="#b11">(Craswell et al., 2008;</ref><ref type="bibr" target="#b9">Collins et al., 2018)</ref>.</note>
			<note xmlns="http://www.tei-c.org/ns/1.0" place="foot" n="9" xml:id="foot_8">  9  Or the program chairs, should the conference aim to have consistent policies for all ACs.</note>
		</body>
		<back>

			<div type="acknowledgement">
<div xmlns="http://www.tei-c.org/ns/1.0"><head>Acknowledgments</head><p>Many thanks to Marzena Karpinska, Friedolin Merhout, and the anonymous reviewers for their insightful comments. We would also like to thank all our survey respondents, without whom this study would not have been possible.</p></div>
			</div>

			<div type="annex">
<div xmlns="http://www.tei-c.org/ns/1.0"><p>Removing "Not sure" does not change the overall ranking. The grand mean is the unweighted mean of ACs', reviewers' and authors' mean scores. The mean absolute difference is greatest between ACs and reviewers (0.20) and smallest between ACs and authors (0.12), while between reviewers and authors it is 0.16. These results are discussed in section 5.2 under "Stakeholder preferences". Table <ref type="table">3</ref>: P-values of two-sided Fisher Exact tests, discussed in section 5.2. For each contribution type, we test the null hypothesis that there is no difference in whether respondents find a paper-match factor (from fig. <ref type="figure">7</ref>) more than or less than moderately important, depending on whether or not individuals have worked on the specific types of papers (contribution types). For each contribution type i and paper-match factor j, a 2 × 2 contingency table is made with the counts of a) respondents having worked with type i and finding factor j less than moderately important, b) having worked with type i and finding factor j more than moderately important, c) having not worked with i and finding j less than moderately important, d) having not worked with i and finding j more than moderately important.</p><p>The p-values reflect the probability of observing the given counts or something more imbalanced between those having and not having worked on type i. Significant p-values, p &lt; 0.05, are in bold, and for these, superscript &gt; denotes that respondents having worked with i believe factor j is more than moderately important, and the superscript &lt; denotes the opposite.</p></div>			</div>
			<div type="references">

				<listBibl>

<biblStruct xml:id="b0">
	<analytic>
		<title level="a" type="main">A billion-dollar donation: Estimating the cost of researchers&apos; time spent on peer review</title>
		<author>
			<persName><forename type="first">Balazs</forename><surname>Aczel</surname></persName>
		</author>
		<author>
			<persName><forename type="first">Barnabas</forename><surname>Szaszi</surname></persName>
		</author>
		<author>
			<persName><forename type="first">Alex</forename><forename type="middle">O</forename><surname>Holcombe</surname></persName>
		</author>
		<idno type="DOI">10.1186/s41073-021-00118-2</idno>
	</analytic>
	<monogr>
		<title level="j">Research Integrity and Peer Review</title>
		<imprint>
			<biblScope unit="volume">6</biblScope>
			<biblScope unit="issue">1</biblScope>
			<biblScope unit="page">14</biblScope>
			<date type="published" when="2021">2021</date>
		</imprint>
	</monogr>
	<note type="raw_reference">Balazs Aczel, Barnabas Szaszi, and Alex O. Holcombe. 2021. A billion-dollar donation: Estimating the cost of researchers&apos; time spent on peer review. Research Integrity and Peer Review, 6(1):14.</note>
</biblStruct>

<biblStruct xml:id="b1">
	<monogr>
		<author>
			<persName><forename type="first">Emily</forename><forename type="middle">M</forename><surname>Bender</surname></persName>
		</author>
		<title level="m">The #BenderRule: On Naming the Languages We Study and Why It Matters</title>
				<imprint>
			<date type="published" when="2019">2019</date>
		</imprint>
	</monogr>
	<note type="raw_reference">Emily M. Bender. 2019. The #BenderRule: On Naming the Languages We Study and Why It Matters.</note>
</biblStruct>

<biblStruct xml:id="b2">
	<monogr>
		<title/>
		<author>
			<persName><forename type="first">Emily</forename><forename type="middle">M</forename><surname>Bender</surname></persName>
		</author>
		<author>
			<persName><forename type="first">Leon</forename><surname>Derczynski</surname></persName>
		</author>
		<imprint>
			<date type="published" when="2018">2018</date>
		</imprint>
	</monogr>
	<note>Paper Types</note>
	<note type="raw_reference">Emily M. Bender and Leon Derczynski. 2018. Paper Types.</note>
</biblStruct>

<biblStruct xml:id="b3">
	<monogr>
		<author>
			<persName><forename type="first">Alina</forename><surname>Beygelzimer</surname></persName>
		</author>
		<author>
			<persName><forename type="first">Yann</forename><surname>Dauphin</surname></persName>
		</author>
		<author>
			<persName><forename type="first">Percy</forename><surname>Liang</surname></persName>
		</author>
		<author>
			<persName><forename type="first">Jennifer</forename><forename type="middle">Wortman</forename><surname>Vaughan</surname></persName>
		</author>
		<title level="m">The NeurIPS 2021 Consistency Experiment</title>
				<imprint>
			<date type="published" when="2021">2021</date>
		</imprint>
	</monogr>
	<note type="raw_reference">Alina Beygelzimer, Yann Dauphin, Percy Liang, and Jennifer Wortman Vaughan. 2021. The NeurIPS 2021 Consistency Experiment.</note>
</biblStruct>

<biblStruct xml:id="b4">
	<monogr>
		<author>
			<persName><forename type="first">Niclas</forename><surname>Boehmer</surname></persName>
		</author>
		<author>
			<persName><forename type="first">Robert</forename><surname>Bredereck</surname></persName>
		</author>
		<author>
			<persName><forename type="first">André</forename><surname>Nichterlein</surname></persName>
		</author>
		<title level="m">Combating Collusion Rings is Hard but Possible</title>
				<imprint>
			<date type="published" when="2022">2022</date>
		</imprint>
	</monogr>
	<note type="raw_reference">Niclas Boehmer, Robert Bredereck, and André Nichter- lein. 2022. Combating Collusion Rings is Hard but Possible.</note>
</biblStruct>

<biblStruct xml:id="b5">
	<monogr>
		<author>
			<persName><forename type="first">Claire</forename><surname>Cardie</surname></persName>
		</author>
		<author>
			<persName><forename type="first">Iryna</forename><surname>Gurevych</surname></persName>
		</author>
		<author>
			<persName><forename type="first">Yusuke</forename><surname>Miyao</surname></persName>
		</author>
		<title level="m">ACL 2018: A Report on the Review Process of ACL</title>
				<imprint>
			<date type="published" when="2018">2018</date>
		</imprint>
	</monogr>
	<note type="raw_reference">Claire Cardie, Iryna Gurevych, and Yusuke Miyao. ACL 2018: A Report on the Review Process of ACL 2018.</note>
</biblStruct>

<biblStruct xml:id="b6">
	<monogr>
		<title level="m" type="main">Cold-start paper recommendation using multi-facet embedding</title>
		<author>
			<persName><forename type="first">Haw-Shiuan</forename><surname>Chang</surname></persName>
		</author>
		<author>
			<persName><forename type="first">Andrew</forename><surname>Mccallum</surname></persName>
		</author>
		<imprint>
			<date type="published" when="2021">2021</date>
		</imprint>
	</monogr>
	<note type="raw_reference">Haw-Shiuan Chang and Andrew McCallum. 2021. Cold-start paper recommendation using multi-facet embedding.</note>
</biblStruct>

<biblStruct xml:id="b7">
	<analytic>
		<title level="a" type="main">Slowed canonical progress in large fields of science</title>
		<author>
			<persName><forename type="first">Johan</forename><forename type="middle">S G</forename><surname>Chu</surname></persName>
		</author>
		<author>
			<persName><forename type="first">James</forename><forename type="middle">A</forename><surname>Evans</surname></persName>
		</author>
		<idno type="DOI">10.1073/pnas.2021636118</idno>
	</analytic>
	<monogr>
		<title level="m">Proceedings of the National Academy of Sciences</title>
				<meeting>the National Academy of Sciences</meeting>
		<imprint>
			<date type="published" when="2021">2021</date>
			<biblScope unit="page">118</biblScope>
		</imprint>
	</monogr>
	<note type="raw_reference">Johan S. G. Chu and James A. Evans. 2021. Slowed canonical progress in large fields of science. Proceed- ings of the National Academy of Sciences, 118(41).</note>
</biblStruct>

<biblStruct xml:id="b8">
	<analytic>
		<title level="a" type="main">SPECTER: Document-level Representation Learning using Citation-informed Transformers</title>
		<author>
			<persName><forename type="first">Arman</forename><surname>Cohan</surname></persName>
		</author>
		<author>
			<persName><forename type="first">Sergey</forename><surname>Feldman</surname></persName>
		</author>
		<author>
			<persName><forename type="first">Iz</forename><surname>Beltagy</surname></persName>
		</author>
		<author>
			<persName><forename type="first">Doug</forename><surname>Downey</surname></persName>
		</author>
		<author>
			<persName><forename type="first">Daniel</forename><forename type="middle">S</forename><surname>Weld</surname></persName>
		</author>
	</analytic>
	<monogr>
		<title level="m">ACL</title>
				<imprint>
			<date type="published" when="2020">2020</date>
		</imprint>
	</monogr>
	<note type="raw_reference">Arman Cohan, Sergey Feldman, Iz Beltagy, Doug Downey, and Daniel S. Weld. 2020. SPECTER: Document-level Representation Learning using Citation-informed Transformers. In ACL.</note>
</biblStruct>

<biblStruct xml:id="b9">
	<monogr>
		<author>
			<persName><forename type="first">Andrew</forename><surname>Collins</surname></persName>
		</author>
		<author>
			<persName><forename type="first">Dominika</forename><surname>Tkaczyk</surname></persName>
		</author>
		<author>
			<persName><forename type="first">Akiko</forename><surname>Aizawa</surname></persName>
		</author>
		<author>
			<persName><forename type="first">Joeran</forename><surname>Beel</surname></persName>
		</author>
		<idno type="arXiv">arXiv:1802.06565</idno>
		<title level="m">A Study of Position Bias in Digital Library Recommender Systems</title>
				<imprint>
			<date type="published" when="2018">2018</date>
		</imprint>
	</monogr>
	<note type="raw_reference">Andrew Collins, Dominika Tkaczyk, Akiko Aizawa, and Joeran Beel. 2018. A Study of Position Bias in Digital Library Recommender Systems. arXiv:1802.06565 [cs].</note>
</biblStruct>

<biblStruct xml:id="b10">
	<monogr>
		<author>
			<persName><forename type="first">Corinna</forename><surname>Cortes</surname></persName>
		</author>
		<author>
			<persName><forename type="first">Neil</forename><forename type="middle">D</forename><surname>Lawrence</surname></persName>
		</author>
		<idno type="arXiv">arXiv:2109.09774</idno>
		<title level="m">Inconsistency in Conference Peer Review: Revisiting the 2014 NeurIPS Experiment</title>
				<imprint>
			<date type="published" when="2021">2021</date>
		</imprint>
	</monogr>
	<note type="raw_reference">Corinna Cortes and Neil D. Lawrence. 2021. Incon- sistency in Conference Peer Review: Revisiting the 2014 NeurIPS Experiment. arXiv:2109.09774 [cs].</note>
</biblStruct>

<biblStruct xml:id="b11">
	<analytic>
		<title level="a" type="main">An experimental comparison of click position-bias models</title>
		<author>
			<persName><forename type="first">Nick</forename><surname>Craswell</surname></persName>
		</author>
		<author>
			<persName><forename type="first">Onno</forename><surname>Zoeter</surname></persName>
		</author>
		<author>
			<persName><forename type="first">Michael</forename><surname>Taylor</surname></persName>
		</author>
		<author>
			<persName><forename type="first">Bill</forename><surname>Ramsey</surname></persName>
		</author>
		<idno type="DOI">10.1145/1341531.1341545</idno>
	</analytic>
	<monogr>
		<title level="m">Proceedings of the 2008 International Conference on Web Search and Data Mining, WSDM &apos;08</title>
				<meeting>the 2008 International Conference on Web Search and Data Mining, WSDM &apos;08<address><addrLine>New York, NY, USA</addrLine></address></meeting>
		<imprint>
			<publisher>Association for Computing Machinery</publisher>
			<date type="published" when="2008">2008</date>
			<biblScope unit="page" from="87" to="94" />
		</imprint>
	</monogr>
	<note type="raw_reference">Nick Craswell, Onno Zoeter, Michael Taylor, and Bill Ramsey. 2008. An experimental comparison of click position-bias models. In Proceedings of the 2008 International Conference on Web Search and Data Mining, WSDM &apos;08, pages 87-94, New York, NY, USA. Association for Computing Machinery.</note>
</biblStruct>

<biblStruct xml:id="b12">
	<monogr>
		<title level="m" type="main">Perceptual salience influences food choices independently of health and taste preferences. Cognitive research: principles and implications</title>
		<author>
			<persName><forename type="first">Jane</forename><surname>Dai</surname></persName>
		</author>
		<author>
			<persName><forename type="first">Jeremy</forename><surname>Cone</surname></persName>
		</author>
		<author>
			<persName><forename type="first">Jeff</forename><surname>Moher</surname></persName>
		</author>
		<imprint>
			<date type="published" when="2020">2020</date>
			<biblScope unit="volume">5</biblScope>
			<biblScope unit="page" from="2" to="13" />
		</imprint>
	</monogr>
	<note type="raw_reference">Jane Dai, Jeremy Cone, and Jeff Moher. 2020. Percep- tual salience influences food choices independently of health and taste preferences. Cognitive research: principles and implications, 5(1):2-13.</note>
</biblStruct>

<biblStruct xml:id="b13">
	<monogr>
		<author>
			<persName><forename type="first">Hal</forename><surname>Daumé</surname></persName>
		</author>
		<author>
			<persName><forename type="first">Iii</forename></persName>
		</author>
		<title level="m">Some NAACL 2013 statistics on author response, review quality</title>
				<imprint>
			<date type="published" when="2015">2015</date>
		</imprint>
	</monogr>
	<note type="raw_reference">Hal Daumé III. 2015. Some NAACL 2013 statistics on author response, review quality, etc.</note>
</biblStruct>

<biblStruct xml:id="b14">
	<analytic>
		<title level="a" type="main">Are We Modeling the Task or the Annotator? An Investigation of Annotator Bias in Natural Language Understanding Datasets</title>
		<author>
			<persName><forename type="first">Mor</forename><surname>Geva</surname></persName>
		</author>
		<author>
			<persName><forename type="first">Yoav</forename><surname>Goldberg</surname></persName>
		</author>
		<author>
			<persName><forename type="first">Jonathan</forename><surname>Berant</surname></persName>
		</author>
		<idno type="DOI">10.18653/v1/D19-1107</idno>
	</analytic>
	<monogr>
		<title level="m">Proceedings of the 2019 Conference on Empirical Methods in Natural Language Processing and the 9th International Joint Conference on Natural Language Processing (EMNLP-IJCNLP)</title>
				<meeting>the 2019 Conference on Empirical Methods in Natural Language Processing and the 9th International Joint Conference on Natural Language Processing (EMNLP-IJCNLP)<address><addrLine>Hong Kong, China</addrLine></address></meeting>
		<imprint>
			<publisher>Association for Computational Linguistics</publisher>
			<date type="published" when="2019">2019</date>
			<biblScope unit="page" from="1161" to="1166" />
		</imprint>
	</monogr>
	<note type="raw_reference">Mor Geva, Yoav Goldberg, and Jonathan Berant. 2019. Are We Modeling the Task or the Annotator? An Investigation of Annotator Bias in Natural Language Understanding Datasets. In Proceedings of the 2019 Conference on Empirical Methods in Natu- ral Language Processing and the 9th International Joint Conference on Natural Language Processing (EMNLP-IJCNLP), pages 1161-1166, Hong Kong, China. Association for Computational Linguistics.</note>
</biblStruct>

<biblStruct xml:id="b15">
	<analytic>
		<title level="a" type="main">Cost of the NSERC Science Grant Peer Review System Exceeds the Cost of Giving Every Qualified Researcher a Baseline Grant</title>
		<author>
			<persName><forename type="first">Richard</forename><surname>Gordon</surname></persName>
		</author>
		<author>
			<persName><forename type="first">Bryan</forename><forename type="middle">J</forename><surname>Poulin</surname></persName>
		</author>
		<idno type="DOI">10.1080/08989620802689821</idno>
	</analytic>
	<monogr>
		<title level="j">Accountability in Research</title>
		<imprint>
			<biblScope unit="volume">16</biblScope>
			<biblScope unit="issue">1</biblScope>
			<biblScope unit="page" from="13" to="40" />
			<date type="published" when="2009">2009</date>
		</imprint>
	</monogr>
	<note type="raw_reference">Richard Gordon and Bryan J. Poulin. 2009. Cost of the NSERC Science Grant Peer Review System Exceeds the Cost of Giving Every Qualified Re- searcher a Baseline Grant. Accountability in Re- search, 16(1):13-40.</note>
</biblStruct>

<biblStruct xml:id="b16">
	<monogr>
		<author>
			<persName><forename type="first">David</forename><surname>Hartvigsen</surname></persName>
		</author>
		<author>
			<persName><forename type="first">Jerry</forename><forename type="middle">C</forename><surname>Wei</surname></persName>
		</author>
		<author>
			<persName><forename type="first">Richard</forename><surname>Czuchlewski</surname></persName>
		</author>
		<idno type="DOI">10.1111/j.1540-5915.1999.tb00910.x</idno>
		<title level="m">The Conference Paper-Reviewer Assignment Problem*. Decision Sciences</title>
				<imprint>
			<date type="published" when="1999">1999</date>
			<biblScope unit="volume">30</biblScope>
			<biblScope unit="page" from="865" to="876" />
		</imprint>
	</monogr>
	<note type="raw_reference">David Hartvigsen, Jerry C. Wei, and Richard Czuch- lewski. 1999. The Conference Paper-Reviewer As- signment Problem*. Decision Sciences, 30(3):865- 876.</note>
</biblStruct>

<biblStruct xml:id="b17">
	<analytic>
		<title level="a" type="main">The use of pre-existing survey questions: Implications for data quality</title>
		<author>
			<persName><forename type="first">Laura</forename><surname>Hyman</surname></persName>
		</author>
		<author>
			<persName><forename type="first">Julie</forename><surname>Lamb</surname></persName>
		</author>
		<author>
			<persName><forename type="first">Martin</forename><surname>Bulmer</surname></persName>
		</author>
	</analytic>
	<monogr>
		<title level="m">Proceedings of the European Conference on Quality in Survey Statistics</title>
				<meeting>the European Conference on Quality in Survey Statistics<address><addrLine>Cardiff Wales, UK</addrLine></address></meeting>
		<imprint>
			<date type="published" when="2006">2006</date>
			<biblScope unit="page" from="1" to="8" />
		</imprint>
	</monogr>
	<note type="raw_reference">Laura Hyman, Julie Lamb, and Martin Bulmer. 2006. The use of pre-existing survey questions: Implica- tions for data quality. In Proceedings of the European Conference on Quality in Survey Statistics, pages 1-8. Cardiff Wales, UK.</note>
</biblStruct>

<biblStruct xml:id="b18">
	<analytic>
		<title level="a" type="main">Automatic Paper-to-reviewer Assignment, based on the Matching Degree of the Reviewers</title>
		<author>
			<persName><forename type="first">Xinlian</forename><surname>Li</surname></persName>
		</author>
		<author>
			<persName><forename type="first">Toyohide</forename><surname>Watanabe</surname></persName>
		</author>
		<idno type="DOI">10.1016/j.procs.2013.09.144</idno>
	</analytic>
	<monogr>
		<title level="j">Procedia Computer Science</title>
		<imprint>
			<biblScope unit="volume">22</biblScope>
			<biblScope unit="page" from="633" to="642" />
			<date type="published" when="2013">2013</date>
		</imprint>
	</monogr>
	<note type="raw_reference">Xinlian Li and Toyohide Watanabe. 2013. Automatic Paper-to-reviewer Assignment, based on the Match- ing Degree of the Reviewers. Procedia Computer Science, 22:633-642.</note>
</biblStruct>

<biblStruct xml:id="b19">
	<analytic>
		<title level="a" type="main">Collusion rings threaten the integrity of computer science research</title>
		<author>
			<persName><forename type="first">L</forename><surname>Michael</surname></persName>
		</author>
		<author>
			<persName><surname>Littman</surname></persName>
		</author>
		<idno type="DOI">10.1145/3429776</idno>
	</analytic>
	<monogr>
		<title level="m">Communications of the ACM</title>
				<imprint>
			<date type="published" when="2021">2021</date>
			<biblScope unit="volume">64</biblScope>
			<biblScope unit="page" from="43" to="44" />
		</imprint>
	</monogr>
	<note type="raw_reference">Michael L. Littman. 2021. Collusion rings threaten the integrity of computer science research. Communica- tions of the ACM, 64(6):43-44.</note>
</biblStruct>

<biblStruct xml:id="b20">
	<analytic>
		<title level="a" type="main">Trap questions in online surveys: Results from three web survey experiments</title>
		<author>
			<persName><forename type="first">Mingnan</forename><surname>Liu</surname></persName>
		</author>
		<author>
			<persName><forename type="first">Laura</forename><surname>Wronski</surname></persName>
		</author>
		<idno type="DOI">10.1177/1470785317744856</idno>
	</analytic>
	<monogr>
		<title level="j">International Journal of Market Research</title>
		<imprint>
			<biblScope unit="volume">60</biblScope>
			<biblScope unit="issue">1</biblScope>
			<biblScope unit="page" from="32" to="49" />
			<date type="published" when="2018">2018</date>
		</imprint>
	</monogr>
	<note type="raw_reference">Mingnan Liu and Laura Wronski. 2018. Trap questions in online surveys: Results from three web survey ex- periments. International Journal of Market Research, 60(1):32-49.</note>
</biblStruct>

<biblStruct xml:id="b21">
	<analytic>
		<title level="a" type="main">On Good and Fair Paper-Reviewer Assignment</title>
		<author>
			<persName><forename type="first">Cheng</forename><surname>Long</surname></persName>
		</author>
		<author>
			<persName><forename type="first">Raymond</forename></persName>
		</author>
		<author>
			<persName><forename type="first">Chi-Wing</forename><surname>Wong</surname></persName>
		</author>
		<author>
			<persName><forename type="first">Yu</forename><surname>Peng</surname></persName>
		</author>
		<author>
			<persName><forename type="first">Liangliang</forename><surname>Ye</surname></persName>
		</author>
		<idno type="DOI">10.1109/ICDM.2013.13</idno>
	</analytic>
	<monogr>
		<title level="m">2013 IEEE 13th International Conference on Data Mining</title>
				<imprint>
			<date type="published" when="2013">2013</date>
			<biblScope unit="page" from="1145" to="1150" />
		</imprint>
	</monogr>
	<note type="raw_reference">Cheng Long, Raymond Chi-Wing Wong, Yu Peng, and Liangliang Ye. 2013. On Good and Fair Paper- Reviewer Assignment. In 2013 IEEE 13th Inter- national Conference on Data Mining, pages 1145- 1150.</note>
</biblStruct>

<biblStruct xml:id="b22">
	<monogr>
		<author>
			<persName><forename type="first">Graham</forename><surname>Neubig</surname></persName>
		</author>
		<title level="m">ACL Rolling Review Proposal</title>
				<imprint>
			<date type="published" when="2020">2020</date>
		</imprint>
	</monogr>
	<note type="raw_reference">Graham Neubig. 2020. ACL Rolling Review Proposal.</note>
</biblStruct>

<biblStruct xml:id="b23">
	<monogr>
		<author>
			<persName><forename type="first">Graham</forename><surname>Neubig</surname></persName>
		</author>
		<author>
			<persName><forename type="first">John</forename><surname>Wieting</surname></persName>
		</author>
		<author>
			<persName><forename type="first">Arya</forename><surname>Mccarthy</surname></persName>
		</author>
		<author>
			<persName><forename type="first">Amanda</forename><surname>Stent</surname></persName>
		</author>
		<author>
			<persName><forename type="first">Natalie</forename><surname>Schluter</surname></persName>
		</author>
		<author>
			<persName><forename type="first">Trevor</forename><surname>Cohn</surname></persName>
		</author>
		<title level="m">ACL Reviewer Matching Code</title>
				<imprint>
			<publisher>Association for Computational Linguistics</publisher>
			<date type="published" when="2021">2021</date>
		</imprint>
	</monogr>
	<note type="raw_reference">Graham Neubig, John Wieting, Arya McCarthy, Amanda Stent, Natalie Schluter, and Trevor Cohn. 2021. ACL Reviewer Matching Code. Association for Computational Linguistics.</note>
</biblStruct>

<biblStruct xml:id="b24">
	<monogr>
		<title level="m" type="main">Paper-reviewer affinity modeling for OpenReview</title>
		<author>
			<persName><surname>Openreview</surname></persName>
		</author>
		<imprint>
			<date type="published" when="2021">2021</date>
		</imprint>
	</monogr>
	<note type="raw_reference">OpenReview. 2021. Paper-reviewer affinity modeling for OpenReview.</note>
</biblStruct>

<biblStruct xml:id="b25">
	<monogr>
		<author>
			<persName><forename type="first">Eric</forename><surname>Price</surname></persName>
		</author>
		<title level="m">The NIPS experiment</title>
				<imprint>
			<date type="published" when="2014">2014</date>
		</imprint>
	</monogr>
	<note type="raw_reference">Eric Price. 2014. The NIPS experiment.</note>
</biblStruct>

<biblStruct xml:id="b26">
	<monogr>
		<author>
			<persName><forename type="first">Priscilla</forename><surname>Rasmussen</surname></persName>
		</author>
		<title level="m">Acl membership report 2012-2021 summer statistics. ACL Admin Wiki</title>
				<imprint>
			<date type="published" when="2021">2021</date>
		</imprint>
	</monogr>
	<note type="raw_reference">Priscilla Rasmussen. 2021. Acl membership report 2012-2021 summer statistics. ACL Admin Wiki.</note>
</biblStruct>

<biblStruct xml:id="b27">
	<analytic>
		<title level="a" type="main">What Can We Do to Improve Peer Review in NLP?</title>
		<author>
			<persName><forename type="first">Anna</forename><surname>Rogers</surname></persName>
		</author>
		<author>
			<persName><forename type="first">Isabelle</forename><surname>Augenstein</surname></persName>
		</author>
	</analytic>
	<monogr>
		<title level="m">Findings of EMNLP</title>
				<imprint>
			<publisher>Online. Association for Computational Linguistics</publisher>
			<date type="published" when="2020">2020</date>
			<biblScope unit="page" from="1256" to="1262" />
		</imprint>
	</monogr>
	<note type="raw_reference">Anna Rogers and Isabelle Augenstein. 2020. What Can We Do to Improve Peer Review in NLP? In Findings of EMNLP, pages 1256-1262, Online. Association for Computational Linguistics.</note>
</biblStruct>

<biblStruct xml:id="b28">
	<analytic>
		<title level="a" type="main">An overview of challenges, experiments, and computational solutions in peer review (extended version)</title>
		<author>
			<persName><forename type="first">B</forename><surname>Nihar</surname></persName>
		</author>
		<author>
			<persName><surname>Shah</surname></persName>
		</author>
	</analytic>
	<monogr>
		<title level="j">Communications of the ACM</title>
		<imprint>
			<date type="published" when="2022">2022</date>
		</imprint>
	</monogr>
	<note type="raw_reference">Nihar B Shah. 2022. An overview of challenges, exper- iments, and computational solutions in peer review (extended version). Communications of the ACM.</note>
</biblStruct>

<biblStruct xml:id="b29">
	<analytic>
		<title level="a" type="main">Explainable Natural Language Processing</title>
		<author>
			<persName><forename type="first">Anders</forename><surname>Søgaard</surname></persName>
		</author>
		<idno type="DOI">10.2200/S01118ED1V01Y202107HLT051</idno>
	</analytic>
	<monogr>
		<title level="j">Synthesis Lectures on Human Language Technologies</title>
		<imprint>
			<biblScope unit="volume">14</biblScope>
			<biblScope unit="issue">3</biblScope>
			<biblScope unit="page" from="1" to="123" />
			<date type="published" when="2021">2021</date>
		</imprint>
	</monogr>
	<note type="raw_reference">Anders Søgaard. 2021. Explainable Natural Language Processing. Synthesis Lectures on Human Language Technologies, 14(3):1-123.</note>
</biblStruct>

<biblStruct xml:id="b30">
	<analytic>
		<title level="a" type="main">PeerReview4All: Fair and Accurate Reviewer Assignment in Peer Review</title>
		<author>
			<persName><forename type="first">Ivan</forename><surname>Stelmakh</surname></persName>
		</author>
		<author>
			<persName><forename type="first">B</forename><surname>Nihar</surname></persName>
		</author>
		<author>
			<persName><forename type="first">Aarti</forename><surname>Shah</surname></persName>
		</author>
		<author>
			<persName><surname>Singh</surname></persName>
		</author>
	</analytic>
	<monogr>
		<title level="m">Proceedings of the 30th International Conference on Algorithmic Learning Theory</title>
				<meeting>the 30th International Conference on Algorithmic Learning Theory</meeting>
		<imprint>
			<date type="published" when="2019">2019</date>
			<biblScope unit="page" from="828" to="856" />
		</imprint>
	</monogr>
	<note type="raw_reference">Ivan Stelmakh, Nihar B. Shah, and Aarti Singh. 2019. PeerReview4All: Fair and Accurate Reviewer As- signment in Peer Review. In Proceedings of the 30th International Conference on Algorithmic Learning Theory, pages 828-856.</note>
</biblStruct>

<biblStruct xml:id="b31">
	<analytic>
		<title level="a" type="main">Effects of time and memory factors on response in surveys</title>
		<author>
			<persName><forename type="first">Seymour</forename><surname>Sudman</surname></persName>
		</author>
		<author>
			<persName><forename type="first">Norman</forename><forename type="middle">M</forename><surname>Bradburn</surname></persName>
		</author>
	</analytic>
	<monogr>
		<title level="j">Journal of the American Statistical Association</title>
		<imprint>
			<biblScope unit="volume">68</biblScope>
			<biblScope unit="issue">344</biblScope>
			<biblScope unit="page" from="805" to="815" />
			<date type="published" when="1973">1973</date>
		</imprint>
	</monogr>
	<note type="raw_reference">Seymour Sudman and Norman M. Bradburn. 1973. Ef- fects of time and memory factors on response in sur- veys. Journal of the American Statistical Association, 68(344):805-815.</note>
</biblStruct>

<biblStruct xml:id="b32">
	<analytic>
		<title level="a" type="main">The framing of decisions and the psychology of choice</title>
		<author>
			<persName><forename type="first">A</forename><surname>Tversky</surname></persName>
		</author>
		<author>
			<persName><surname>Kahneman</surname></persName>
		</author>
	</analytic>
	<monogr>
		<title level="j">Science (American Association for the Advancement of Science)</title>
		<imprint>
			<biblScope unit="volume">211</biblScope>
			<biblScope unit="issue">4481</biblScope>
			<biblScope unit="page" from="453" to="458" />
			<date type="published" when="1981">1981</date>
		</imprint>
	</monogr>
	<note type="raw_reference">A Tversky and D Kahneman. 1981. The framing of decisions and the psychology of choice. Science (American Association for the Advancement of Sci- ence), 211(4481):453-458.</note>
</biblStruct>

<biblStruct xml:id="b33">
	<analytic>
		<title level="a" type="main">Judgment under uncertainty: Heuristics and biases</title>
		<author>
			<persName><forename type="first">Amos</forename><surname>Tversky</surname></persName>
		</author>
		<author>
			<persName><forename type="first">Daniel</forename><surname>Kahneman</surname></persName>
		</author>
	</analytic>
	<monogr>
		<title level="j">Science</title>
		<imprint>
			<biblScope unit="volume">185</biblScope>
			<biblScope unit="issue">4157</biblScope>
			<biblScope unit="page" from="1124" to="1131" />
			<date type="published" when="1974">1974</date>
		</imprint>
	</monogr>
	<note type="raw_reference">Amos Tversky and Daniel Kahneman. 1974. Judgment under uncertainty: Heuristics and biases. Science, 185(4157):1124-1131.</note>
</biblStruct>

<biblStruct xml:id="b34">
	<analytic>
		<title level="a" type="main">A comprehensive survey of the reviewer assignment problem</title>
		<author>
			<persName><forename type="first">Fan</forename><surname>Wang</surname></persName>
		</author>
		<author>
			<persName><forename type="first">Ning</forename><surname>Shi</surname></persName>
		</author>
		<author>
			<persName><forename type="first">Ben</forename><surname>Chen</surname></persName>
		</author>
		<idno type="DOI">10.1142/S0219622010003993</idno>
	</analytic>
	<monogr>
		<title level="j">International Journal of Information Technology &amp; Decision Making</title>
		<imprint>
			<biblScope unit="volume">09</biblScope>
			<biblScope unit="issue">04</biblScope>
			<biblScope unit="page" from="645" to="668" />
			<date type="published" when="2010">2010</date>
		</imprint>
	</monogr>
	<note type="raw_reference">Fan Wang, Ning Shi, and Ben Chen. 2010. A compre- hensive survey of the reviewer assignment problem. International Journal of Information Technology &amp; Decision Making, 09(04):645-668.</note>
</biblStruct>

<biblStruct xml:id="b35">
	<analytic>
		<title level="a" type="main">Simple and effective paraphrastic similarity from parallel translations</title>
		<author>
			<persName><forename type="first">John</forename><surname>Wieting</surname></persName>
		</author>
		<author>
			<persName><forename type="first">Kevin</forename><surname>Gimpel</surname></persName>
		</author>
		<author>
			<persName><forename type="first">Graham</forename><surname>Neubig</surname></persName>
		</author>
		<author>
			<persName><forename type="first">Taylor</forename><surname>Berg-Kirkpatrick</surname></persName>
		</author>
		<idno type="DOI">10.18653/v1/P19-1453</idno>
	</analytic>
	<monogr>
		<title level="m">Proceedings of the 57th Annual Meeting of the Association for Computational Linguistics</title>
				<meeting>the 57th Annual Meeting of the Association for Computational Linguistics<address><addrLine>Florence, Italy</addrLine></address></meeting>
		<imprint>
			<publisher>Association for Computational Linguistics</publisher>
			<date type="published" when="2019">2019</date>
			<biblScope unit="page" from="4602" to="4608" />
		</imprint>
	</monogr>
	<note type="raw_reference">John Wieting, Kevin Gimpel, Graham Neubig, and Tay- lor Berg-Kirkpatrick. 2019. Simple and effective paraphrastic similarity from parallel translations. In Proceedings of the 57th Annual Meeting of the Asso- ciation for Computational Linguistics, pages 4602- 4608, Florence, Italy. Association for Computational Linguistics.</note>
</biblStruct>

<biblStruct xml:id="b36">
	<monogr>
		<author>
			<persName><forename type="first">Fei</forename><surname>Xia</surname></persName>
		</author>
		<author>
			<persName><forename type="first">Wenjie</forename><surname>Li</surname></persName>
		</author>
		<author>
			<persName><forename type="first">Roberto</forename><surname>Navigli</surname></persName>
		</author>
		<title level="m">ACL-IJCNLP 2021 Program Chair Report</title>
				<imprint>
			<date type="published" when="2021">2021</date>
		</imprint>
	</monogr>
	<note type="raw_reference">Fei Xia, Wenjie Li, and Roberto Navigli. 2021. ACL- IJCNLP 2021 Program Chair Report.</note>
</biblStruct>

<biblStruct xml:id="b37">
	<monogr>
		<author>
			<persName><forename type="first">H</forename></persName>
		</author>
		<author>
			<persName><forename type="first">Öztas</forename><surname>Ayhan</surname></persName>
		</author>
		<author>
			<persName><forename type="first">Semih</forename><surname>Isiksal</surname></persName>
		</author>
		<title level="m">Memory recall errors in retrospective surveys: A reverse record check study. Quality and Quantity</title>
				<imprint>
			<publisher>Copyright -Kluwer Academic Publishers</publisher>
			<date type="published" when="2004">2005. 2004</date>
			<biblScope unit="volume">38</biblScope>
			<biblScope unit="page" from="475" to="493" />
		</imprint>
	</monogr>
	<note>Last updated -2021-09-09</note>
	<note type="raw_reference">H. Öztas Ayhan and Semih Isiksal. 2005. Memory re- call errors in retrospective surveys: A reverse record check study. Quality and Quantity, 38(5):475-493. Copyright -Kluwer Academic Publishers 2004; Last updated -2021-09-09.</note>
</biblStruct>

				</listBibl>
			</div>
		</back>
	</text>
</TEI>
