<?xml version="1.0" encoding="UTF-8"?>
<TEI xml:space="preserve" xmlns="http://www.tei-c.org/ns/1.0" 
xmlns:xsi="http://www.w3.org/2001/XMLSchema-instance" 
xsi:schemaLocation="http://www.tei-c.org/ns/1.0 https://raw.githubusercontent.com/kermitt2/grobid/master/grobid-home/schemas/xsd/Grobid.xsd"
 xmlns:xlink="http://www.w3.org/1999/xlink">
	<teiHeader xml:lang="en">
		<fileDesc>
			<titleStmt>
				<title level="a" type="main">HateVersarial: Adversarial Attack Against Hate Speech Detection Algorithms on Twitter</title>
			</titleStmt>
			<publicationStmt>
				<publisher>ACM</publisher>
				<availability status="unknown"><p>Copyright ACM</p>
				</availability>
				<date type="published" when="2022-07-04">2022-07-04</date>
			</publicationStmt>
			<sourceDesc>
				<biblStruct>
					<analytic>
						<author>
							<persName><forename type="first">Edita</forename><surname>Grolman</surname></persName>
						</author>
						<author>
							<persName><forename type="first">Hodaya</forename><surname>Binyamini</surname></persName>
							<email>hodayabi@post.bgu.ac.il</email>
						</author>
						<author>
							<persName><forename type="first">Asaf</forename><surname>Shabtai</surname></persName>
							<email>shabtaia@bgu.ac.il</email>
						</author>
						<author>
							<persName><forename type="first">Yuval</forename><surname>Elovici</surname></persName>
							<email>elovici@bgu.ac.il</email>
						</author>
						<author>
							<persName><forename type="first">Ikuya</forename><surname>Morikawa</surname></persName>
						</author>
						<author>
							<persName><forename type="first">Toshiya</forename><surname>Shimizu</surname></persName>
						</author>
						<author>
							<affiliation key="aff0">
								<orgName type="institution">Ben-Gurion University of the Negev Beer-Sheva</orgName>
								<address>
									<country key="IL">Israel</country>
								</address>
							</affiliation>
						</author>
						<author>
							<affiliation key="aff1">
								<orgName type="institution">Ikuya Morikawa</orgName>
								<address>
									<settlement>Toshiya Shimizu</settlement>
								</address>
							</affiliation>
						</author>
						<author>
							<affiliation key="aff2">
								<orgName type="institution">Fujitsu Limited Kawasaki</orgName>
								<address>
									<settlement>Kanagawa</settlement>
									<country key="JP">Japan</country>
								</address>
							</affiliation>
						</author>
						<title level="a" type="main">HateVersarial: Adversarial Attack Against Hate Speech Detection Algorithms on Twitter</title>
					</analytic>
					<monogr>
						<title level="m">Proceedings of the 30th ACM Conference on User Modeling, Adaptation and Personalization</title>
						<meeting>the 30th ACM Conference on User Modeling, Adaptation and Personalization						</meeting>
						<imprint>
							<publisher>ACM</publisher>
							<date type="published" when="2022-07-04" />
						</imprint>
					</monogr>
					<idno type="MD5">0D7D2F08BC436880B2BE272987B4EF5E</idno>
					<idno type="DOI">10.1145/3503252.3531309</idno>
				</biblStruct>
			</sourceDesc>
		</fileDesc>
		<encodingDesc>
			<appInfo>
				<application version="0.7.3-SNAPSHOT" ident="GROBID" when="2023-01-12T08:41+0000">
					<desc>GROBID - A machine learning software for extracting information from scholarly documents</desc>
					<ref target="https://github.com/kermitt2/grobid"/>
				</application>
			</appInfo>
		</encodingDesc>
		<profileDesc>
			<textClass>
				<keywords>
					<term>social media</term>
					<term>Twitter</term>
					<term>hate speech</term>
					<term>adversarial attack</term>
				</keywords>
			</textClass>
			<abstract>
<div xmlns="http://www.tei-c.org/ns/1.0"><p>Machine learning (ML) models are commonly used to detect hate speech, which is considered one of the main challenges of online social networks. However, ML models have been shown to be vulnerable to well-crafted input samples referred to as adversarial examples. In this paper, we present an adversarial attack against hate speech detection models and explore the attack's ability to:</p><p>(1) prevent the detection of a hateful user, which should result in termination of the user's account, and (2) classify normal users as hateful, which may lead to the termination of a legitimate user's account. The attack is targeted at ML models that are trained on tabular, heterogeneous datasets (such as the datasets used for hate speech detection) and attempts to determine the minimal number of the most influential mutable features that should be altered in order to create a successful adversarial example. To demonstrate and evaluate the attack, we used the open and publicly available "Hateful Users on Twitter" dataset. We show that under a black-box assumption (i.e., the attacker does not have any knowledge on the attacked model), the attack has a 75% success rate, whereas under a white-box assumption (i.e., the attacker has full knowledge on the attacked model), the attack has an 88% success rate.</p></div>
<div xmlns="http://www.tei-c.org/ns/1.0"><head>CCS CONCEPTS</head><p>• Security and privacy; • Computing methodologies → Machine learning; Neural networks; Classification and regression trees;</p></div>
			</abstract>
		</profileDesc>
	</teiHeader>
	<text xml:lang="en">
		<body>
<div xmlns="http://www.tei-c.org/ns/1.0"><head n="1">INTRODUCTION</head><p>Hate speech is considered one of the most challenging problems plaguing online social networks (OSNs) <ref type="bibr">[3, 9-11, 16, 17, 21-23, 26]</ref>. The steps taken by OSNs to mitigate this phenomenon include: <ref type="bibr" target="#b0">(1)</ref> allowing users to flag and identify abusive behavior <ref type="bibr" target="#b8">[9,</ref><ref type="bibr" target="#b15">16]</ref>, and (2) using machine learning (ML) based models to detect hate speech. The majority of hate speech detection methods utilize various natural language processing (NLP) techniques <ref type="bibr" target="#b9">[10,</ref><ref type="bibr" target="#b22">23,</ref><ref type="bibr" target="#b25">26]</ref>, however recent studies have shown that increased understanding of how users spread hateful content on OSNs is needed in order to detect them <ref type="bibr" target="#b16">[17,</ref><ref type="bibr" target="#b20">21,</ref><ref type="bibr" target="#b21">22]</ref>. Therefore, existing hate speech detection methods are based on the user's content, as well as on behavioral analysis of the user, examining features such as the number of statuses, followers, or hashtags, whether the user's neighbors are suspected of being hateful, etc. <ref type="bibr" target="#b20">[21,</ref><ref type="bibr" target="#b21">22]</ref>; generating tabular data of diverse features.</p><p>In recent years, ML models have been shown to be vulnerable to well-designed input samples called adversarial examples <ref type="bibr" target="#b29">[30]</ref>. Adversarial examples are formed by applying small intentional perturbations to the input samples that result in misclassification (with high confidence) of the samples by the ML model <ref type="bibr" target="#b11">[12,</ref><ref type="bibr" target="#b29">30]</ref>. Such adversarial attacks have already been demonstrated in various domains, including computer vision <ref type="bibr" target="#b30">[31]</ref>, speech recognition <ref type="bibr" target="#b3">[4]</ref>, text summation <ref type="bibr" target="#b7">[8]</ref>, user behavior analysis (UBA) <ref type="bibr" target="#b27">[28]</ref>, and cyber security <ref type="bibr" target="#b23">[24]</ref>. In this research, we attempt to understand whether ML-based hate speech detection models are vulnerable to adversarial attacks. Specifically, we present an algorithm that is designed to craft adversarial examples against hate speech detection models that are based on UBA.</p><p>In this study, an adversary can be a hateful user attempting to avoid detection by a hate speech detection model or an attacker that manipulates a legitimate user's account so that it will be classified as a hateful user, e.g., by breaking into a legitimate user's account with many followers and adding a few hateful users to the group of followers in order to change the value of the "does the user have suspected hateful neighbors" feature. In most cases, an attack in which a few hateful users are added as followers of a user who already has many followers is less noticeable than attacks which change the content of a user's tweets.</p><p>During our research, we faced the following challenges: (i) Tabular data often contains various heterogeneous features (e.g., nominal, ordinal, and numerical features) and thus when performing adversarial attacks it can be considered more challenging than unstructured data <ref type="bibr" target="#b17">[18]</ref>. (ii) When using tabular data, data scientists often use non-differential learning algorithms, such as tree-based models, which usually perform better on learning tasks with tabular data <ref type="bibr" target="#b0">[1,</ref><ref type="bibr" target="#b19">20,</ref><ref type="bibr" target="#b26">27]</ref> than neural network (NN) models; however, the majority of adversarial attacks are designed to attack NN models. (iii) Real-world cases have various restrictions like features that cannot be modified (e.g., user's age). In addition, when altering features to perform an adversarial attack, the range of features and relations between features must be maintained. (iv) Changing too many features during an attack may increase the chances that the attack will be detected. Therefore, in our attack, we aim to minimize the number of features altered by the algorithm. (v) Since in reallife situations we cannot assume that the attacker knows which hate speech detection model is used by the OSN or the model's parameters, we need to demonstrate that the attack is successful for both scenarios: white-box (the attacker has full knowledge on the attacked model) and black-box (the attacker does not have any knowledge on the attacked model).</p><p>To the best of our knowledge, there are only a few existing adversarial attacks that can be adapted for our use case: the attack proposed by Sarkar et al. <ref type="bibr" target="#b24">[25]</ref>, which used only continuous features; the attack suggested by Ballet et al. <ref type="bibr" target="#b1">[2]</ref>, where categorical features were treated as continuous, and nominal features were discarded; the attack proposed by Hashemi et al. <ref type="bibr" target="#b12">[13]</ref>, where each feature's change was chosen randomly from known values, making it impossible to control the direction of the change and know how the new value differs from the original value; and the white-box attack of Cartella et al. <ref type="bibr" target="#b4">[5]</ref>, where all of the features of each sample were changed at once, meaning that the attack does not reduce the number of altered features (l 0 norm).</p><p>Our proposed attack against hate speech detection models is an enhancement of the most recent state-of-the-art adversarial attack designed for tabular data presented by Mathov et al. <ref type="bibr" target="#b17">[18]</ref>, which focused on an adversary who aims to craft valid perturbations. Our attack determines the minimal number of features to alter in order to achieve a high attack success rate in both white-box and blackbox scenarios. We evaluated our proposed attack on a real-life and publicly available tabular dataset, the "Hateful Users on Twitter" dataset <ref type="bibr" target="#b20">[21]</ref>, which utilizes UBA to detect hate speech. Our results show that a well-crafted adversarial example can successfully attack the hate speech detection model by altering less than five features out of the 93 mutable features used by the model.</p><p>The main contributions of our paper can be summarized as follows: (1) Raising awareness regarding the lack of robustness (vulnerability) of hate speech detection methods to adversarial attacks.</p><p>(2) Presenting new and unique methods for choosing the features to alter when crafting adversarial examples. Prior research focused on altering features based on the gradient, whereas we show that other methods such as feature importance and correlation-based methods for this task outperform gradient-based decision-making.</p><p>(3) Showing that when crafting adversarial examples, it is better to push the limit and drive the crafted adversarial example further from the new class threshold to increase success in performing the attack.</p></div>
<div xmlns="http://www.tei-c.org/ns/1.0"><head n="2">DETECTION OF HATE SPEECH</head><p>The massive scale of diverse user-generated web content, particularly on OSNs, has resulted in the need for methods capable of the automatic detection of hate speech. Until recently, hate speech detection on various OSNs was based on content examination <ref type="bibr" target="#b9">[10,</ref><ref type="bibr" target="#b22">23,</ref><ref type="bibr" target="#b25">26]</ref>, however recent studies showed that focusing on UBA achieves better results <ref type="bibr" target="#b20">[21]</ref>. The shift from examining solely user content to performing comprehensive UBA as a means of hate speech detection on OSNs was due to the fact that hate speech is highly subjective <ref type="bibr" target="#b25">[26]</ref>. In addition, text is not always self-contained on OSNs, but rather it is filled with noise, informal language, spelling errors, special characters, abbreviations, and sarcasm <ref type="bibr" target="#b9">[10,</ref><ref type="bibr" target="#b22">23]</ref>, which makes hate speech detection based solely on content difficult <ref type="bibr" target="#b20">[21]</ref>. Ribeiro et al. <ref type="bibr" target="#b20">[21]</ref> examined how hateful users differ from legitimate ones in terms of their activity patterns, word use, and network structure <ref type="bibr" target="#b20">[21]</ref> and showed that an approach that exploited Twitter's network of connections and performed UBA outperformed various content-based approaches for hate speech detecting. Accordingly, we based our method on the approach of Ribeiro et al. <ref type="bibr" target="#b20">[21]</ref> and used their "Hateful Users on Twitter" dataset.</p></div>
<div xmlns="http://www.tei-c.org/ns/1.0"><head n="3">THE PROPOSED ATTACK</head><p>When presenting the attack, the following notations are used: X is the original dataset with real-world samples. x ∈ X is an original sample, and y is the correct label of x. The F set represents the features in the dataset. x * is the adversarial example that the attacker creates based on x. We assume that an original model M (there may be more than one) exists. The attacker tries to attack it, and M * is the substitute model that the attacker creates. L * * is the loss function of M * . L * is the adversarial objective function, which is based on an optimizer, and α is the optimizer's learning rate. λ is the maximum number of features that we allow the algorithm to change. I is the subset of immutable features, i.e., features which cannot be altered. When creating the adversarial example according to Algorithm 1 (described below), every feature from x * that is in I must maintain the same value as in the original sample x: ∀i ∈ I x * i = x i . In the hate speech detection use case, some of the features cannot be altered by an attacker (features extracted from the OSN's connection graph, etc.). The attack includes two main phases which are described in the subsections that follow.</p></div>
<div xmlns="http://www.tei-c.org/ns/1.0"><head n="3.1">Inducing a Substitute Model</head><p>Inducing a substitute model is a common technique used in adversarial attacks, particularly in black-box attacks <ref type="bibr" target="#b29">[30]</ref>. The substitute model is trained to solve the same task that the original model was induced to solve. According to the transferability principle <ref type="bibr" target="#b18">[19]</ref>, adversarial examples that are misclassified by the substitute model are likely to be misclassified by the original model. The attack induces a substitute model with two well-defined components: embedding and classification. The embedding layer is a neural network model that transforms the data from the input space to a latent space. The embedding task is an unsupervised task, for which we use the triplet-loss method <ref type="bibr" target="#b13">[14,</ref><ref type="bibr" target="#b28">29]</ref>. The substitute model is a concatenation of both the embedding component and the classification component. The input to the second component (the classification component) is the output of the first component, i.e., an embedding representation. We induce the substitute model for both white-box and black-box scenarios for the following reasons:</p><p>(1) In tabular datasets, tree-based models <ref type="bibr" target="#b0">[1,</ref><ref type="bibr" target="#b19">20,</ref><ref type="bibr" target="#b26">27]</ref>, which are non-differentiable, are commonly used learning algorithms for classification tasks. Therefore, a gradient does not exist to find the most influential mutable features (line 4 in Algorithm 1). ( <ref type="formula">2</ref>) The optimization procedure used to find adversarial perturbations must take categorical features into account. It is possible that changing a categorical feature value will benefit the attack more than changing a numeric feature value. Therefore, we transform various heterogeneous features into a different vector space using embedding techniques; doing so allows us to perform partial derivatives on all of the features. (3) We utilize the embedding phase to better represent the correlations between the different features; for example, given an employee with some numeric salary and a categorical feature that describes his/her rank, we cannot lower his/her salary to a value which is outside the range of his/her rank. (4) We train our embedding component using the triplet-loss function <ref type="bibr" target="#b13">[14,</ref><ref type="bibr" target="#b28">29]</ref>. In the embedding space, data points from the same class have a closer representation than data points from different classes.</p></div>
<div xmlns="http://www.tei-c.org/ns/1.0"><head n="3.2">Crafting Adversarial Examples</head><p>The process for crafting adversarial examples is presented in Algorithm 1 which describes the creation of one adversarial example x * based on an original example x ∈ X . In each iteration, the algorithm chooses which features to alter and then makes a small perturbation to the sample until the perturbed example successfully misleads the substitute model. Each line of the algorithm is described below. First, the algorithm initializes the adversarial sample x * with the original sample's values x and the feature set F s as an empty set (lines 1-2). F s represents a set of features that the attack attempts to alter when crafting the adversarial example. Lines 3-8 describe the iterative process for crafting the adversarial example. The iterative process continues until we have successfully crafted an adversarial example that meets the predefined conditions (line 3).</p><p>Conditions_Not_Met(M * , x * , y, L, L * , I, λ, α): Methods which define when Algorithm 1 has to continue its iterations to craft adversarial examples. Note that for all of the suggested condition mentioned below, the number of altered features cannot be greater than λ (an attack which alters too many features is not realistic); therefore | F s |&lt; λ. The suggested conditions:</p><p>• When (M * (x * ) = y and | F s |&lt; λ) -This is the basic method for stopping the algorithm once M * (x * ) y, i.e., once the adversarial example successfully misleads the substitute model. • While (M * (x * ) = y and | F s |&lt; λ and More_Iterations()) -After the algorithm has successfully changed the label assigned by the substitute model M * from the original label y, we continue the process by performing another iteration. The motivation is as follows: although M and M * are assumed to be trained on datasets from the same distribution, their decision boundaries might be different. Consequently, we want to ensure that the predicted label of x * will be different from the original label of x provided by M and not only by M * . By performing another iteration, we attempt to distance the crafted example further from the decision boundary.</p><p>• While (M * thr eshold (x * ) = y and | F s |&lt; λ) -In this method different thresholds are used to determine the label predicted by the substitute model M * . Given an input to M * , the output is the probability that the input belongs to each class (i.e., given the user's feature vector, it returns the likelihood of considering the user a hateful user). Our goal is to increase the distance between the crafted example and the threshold and therefore ensure that the substitute model is more confident in its prediction. For example, if the threshold for a binary ML task is 0.5, we craft adversarial examples whose prediction probability is either less than 0.4 or greater than 0.6.</p><formula xml:id="formula_0">Adversarial_Features_Filtering_Method(X , M * , L * * , I, F , F s ):</formula><p>In line 4, the algorithm chooses which feature(s) to alter by using one of the following methods. Note that the attacker cannot change features from I . Once a feature is inserted into F s , it cannot be chosen again, because as long as it is in F s , its value can be altered again, meaning that f ∈ F and f F s , I . We suggest the following methods for selecting which features to alter, i.e., the most influential mutable features:</p><p>• Gradient -The decision is based on the gradient of M * as commonly done. The attacker chooses the feature that has the most influence on M * 's classification by calculating the gradient on x * and selecting the feature with the maximum gradient value: arg max</p><formula xml:id="formula_1">f ∈F, f F s , I ∇L * * (M * (x * )).</formula><p>• Feature Importance -The selection is based on the feature importance method. Feature importance methods produce a score for each feature of the data. The higher the score, the more important or relevant the feature is to the output variable. In a white-box scenario, the attacker can use the method from M, whereas in a black-box scenario (information is unavailable), the attacker can instead build a model to determine this ranking. • Correlation -The attacker chooses the most influential mutable feature f according to one of the previous methods and then uses the Pearson correlation coefficient to choose the features that most correlate to f . The idea is to create a perturbation that alters features that are correlated to one another.</p><p>In lines 5-7, each of the selected features is altered. The change in those features is defined by a linear function д(η i ) which defines the perturbation for the i th feature based on η. To calculate the perturbation η for a sample x, we use the method Compute_Step(x * , L * , α, y), which is based on an optimizer with a learning rate α. The output of this method is the suggested step for the current iteration. The larger α, the greater the distance from x to x * . The optimizer receives y and tries to create η. This η aims to create x * that meets the conditions but is as far as possible from x. The computation of η is based on L * , which is the sum of L adv and L spat ial . L spat ial is the Euclidean distance between x and x * , defined as L spat ial = ∥x − x * ∥ 2 (in the embedding space) which allows us to determine x * which is as close to x as possible. L adv is a cross-entropy function targeted at the label the adversary is interested in. We compute one step of the η i value, however it is possible that the step will be too small and is therefore not ideal. Therefore, we suggest the following methods regarding д(η i ):</p><formula xml:id="formula_2">(1) д(η i ) = η i basic change, (2) д(η i ) = 2 × η i , and</formula><p>(3) change the η i until the algorithm converges: in every iteration, the algorithm changes η i until it creates an adversarial example or until η i cannot be changed further.</p><p>Clipping O f f settinд: A clipping technique is a process that maintains values within a well-defined range. In line 8, the O f f settinд(x * ) method ensures that the new values are in the proper range and of the right type. If the attacker receives a value that is not in the defined range when crafting an adversarial example, a clipping action is required. For example, if a categorical feature calculation produced a value of 2.5, it needs to be changed to two; another example is if a feature in the range of zero to three receives a value of four, the clipping process will assign it the value of three instead.</p><p>The attack according to Algorithm 1 can be conducted in two scenarios: (1) A white-box scenario, which assumes that the adversary knows everything related to the original models, including the training data, model architectures, and the model's parameters.</p><p>(2) A black-box scenario, which assumes that the adversary has no access to the targeted model. The adversary, acting as a standard user, only knows the model's output, label, or confidence scores, which are referred to as posterior output probabilities.</p></div>
<div xmlns="http://www.tei-c.org/ns/1.0"><head>Algorithm 1: Crafting Adversarial Examples Based on Tabular Data</head><p>Input:</p><p>x -an original sample; y -x 's true label; M * -the substitute model L * * -the substitute model's loss function; L * -the adversarial objective function; α -the learning rate of L * ; I -a group of immutable features λ -the maximum number of features that the algorithm can change</p></div>
<div xmlns="http://www.tei-c.org/ns/1.0"><head>Output:</head><p>x * -the adversarial sample that the algorithm creates </p><formula xml:id="formula_3">1 x * ← x 2 F s ← ∅ 3 while Conditions_Not_Met(M * , x * , y, L * * , L * , I, λ, α ) do 4 F s ← F s ∪ Adver sar ial _F eatur es_F il t er inд_Met hod (X, M * , L * * , I, F, F s ) 5 η ← Compute_Step(x * , L * , α, y) 6 foreach i ∈ F s do 7 x * i ← x * i + д(η i ) end 8 x * ← Offsetting(x * ) end Adversarial_Features_Filtering_Method(X, M * , L * * , I, F, F s ) • Gradient-Based Decision • Feature Importance-Based Decision • Correlation-Based Decision</formula></div>
<div xmlns="http://www.tei-c.org/ns/1.0"><head n="4">EVALUATION 4.1 Hateful Users on Twitter Dataset</head><p>For our evaluation, we used the "Hateful Users on Twitter" dataset <ref type="bibr" target="#b20">[21,</ref><ref type="bibr" target="#b21">22]</ref>. This dataset contains 4,972 records of Englishspeaking Twitter users that were manually annotated as hateful or non-hateful users. The dataset is unbalanced and includes only 544 records from hateful users. We categorized the features into three groups, as suggested in <ref type="bibr" target="#b14">[15]</ref>: (1) Account: features regarding this specific Twitter account and other attributes that provide useful information about the user's behavior; for example, "Statuses count, " "Followers count," and "Favorites count." (2) Content: features regarding the content of the user's tweets; for example, "Number of URLs, " "Number of hashtags, " and "Status sentiment. " (3) Relation: features containing information about the user's neighbors, such as whether the user has hateful neighbors, or features from the retweet graph.</p></div>
<div xmlns="http://www.tei-c.org/ns/1.0"><head n="4.2">Experimental Settings Preprocessing</head><p>• Since the dataset is unbalanced, we created a balanced dataset to train the models, however the test set remained imbalanced as in real-world situations. • We used the tree-based model proposed by Ribeiro et al. <ref type="bibr" target="#b20">[21,</ref><ref type="bibr" target="#b21">22]</ref> for feature ranking and selection. From the 1,000 features in the dataset, we selected the top 100 features with the highest score (the rank of the other features was close to zero). • Categorical features were encoded into numeric sequential integers so that they could be used as input to the neural network embedding model. We did not use the common one-hot encoding representation approach, because when using this representation, the adversarial attack might modify a categorical feature such as "does the user has hateful neighbors" (which cannot be assigned the value yes and no at the same time), inadvertently giving it an invalid value. • All features were normalized using the z-score normalization method. • We performed a manual expert-based process in order to define which features are mutable and which are not (immutable). Mutable features were defined as features which depend only on the current examined account, such as "followees count, " "favorites count," and "normal neighbors." In addition, mutable features are also features which depend only on the last tweets, such as empathy categories in the user's latest 200 tweets. Immutable features are defined as features that depend on other users' accounts (which we cannot change), such as "betweenness," "c betweenness, " "c eigenvector, " "c followers count, " "c number urls, " and "c out degree. " In addition, immutable features are also features that depend on all of the account history, such as: "c number urls, " "c time diff, " "created at, " "sentiment, " and "statuses count. " Using the process described above, we had seven immutable features (from the examples above) among the 100 features we obtained after performing the feature selection process. Note that determining whether a feature is mutable vs. immutable depends on the use case, e.g., according to the attacker's restrictions.  </p></div>
<div xmlns="http://www.tei-c.org/ns/1.0"><head>Attack Settings</head><p>• We evaluated the ability of the adversarial attack to: (1) prevent the detection of a hateful user, which should result in the termination of the user's account (false negative attack), and (2) classify normal users as hateful, which may lead to the termination of a legitimate user's account (false positive attack). • We induced the embedding phase model as a neural network with an input size of 100 (the number of features) and an output size of 12 (the embedding size). The other network layers are: a dense layer with 32 neurons and ReLU activation, batch normalization, a dense layer with 16 neurons and ReLU activation, and a dropout layer with a parameter of 0.4. We used the triplet-loss function <ref type="bibr" target="#b13">[14,</ref><ref type="bibr" target="#b28">29]</ref> and an Adam optimizer with a learning rate of 0.1.</p></div>
<div xmlns="http://www.tei-c.org/ns/1.0"><head>Comparison of Results</head><p>• We evaluated the performance of the attack by calculating the percentage of adversarial samples that successfully misled the attacked (original) model from the total number of adversarial samples that misled the substitute model (transferability).</p><p>Transferability has been used in many related studies <ref type="bibr" target="#b18">[19]</ref> when examining different attacked models. Note that only successful adversarial samples in which the model first (prior to the attack) predicted the correct label and then predicted an incorrect label after the attack occurred were taken into account in the results presented below.</p><p>• As a baseline, we compared our attack with the attack presented by Mathov et al. <ref type="bibr" target="#b17">[18]</ref>, using the following configuration:</p><p>-The condition for stopping the algorithm is when a successful adversarial example is created, meaning that the algorithm will continue as long as M * (x * ) = y and | F s |&lt; λ. -The α value is set to one and д(η i ) = η i . • In our attack, for the M * thr eshold (x * ) method an adversarial example is successfully created only if M * (x * ) is less than 0.3 or greater than 0.7.</p><p>• In our attack, in the combining enhancements experiment we combined the two best enhancements according to the results presented in Table <ref type="table" target="#tab_0">1</ref>: the "Correlation-based decision" method and the "M * thr eshold (x). " • The rest of the enhancements are as described in Section 3.</p></div>
<div xmlns="http://www.tei-c.org/ns/1.0"><head>White-Box Scenario Experimental Settings</head><p>In the white-box scenario, we split the dataset into three groups: 830 samples for training the original and substitute models (50% hateful, 50% legitimate), 500 samples for the test set (11% hateful, 89% legitimate), and 600 samples for creating the adversarial examples (11% hateful, 89% legitimate). We evaluated the attack on three types of original models: gradient boosting (GB), random forest (RF), and autoencoder (AE) models. The AE is an anomaly detection model that was trained on only legitimate users and can detect outliers that are hateful users. </p></div>
<div xmlns="http://www.tei-c.org/ns/1.0"><head>Black-Box Scenario Experimental Settings</head><p>In the black-box attack, the dataset was split into two main parts, one for the attacker and one for the original models. For the original models, we used 440 samples for training (50% hateful, 50% legitimate) and 600 samples for testing (11% hateful, 89% legitimate). For the attack, we used 600 samples for training the substitute model (34% hateful, 66% legitimate), 300 samples for testing (11% hateful, 89% legitimate), and 200 samples for creating the adversarial examples (11% hateful, 89% legitimate). We trained two original models for this scenario: gradient boosting (GB) and random forest (RF) models. In the black-box scenario, the attacker does not have access to the original models, therefore we trained dedicated tree-based models (RF and GB) for the attacker (based on the attacker's training set) to use their feature importance method: RF and GB feature importance-based decision in the Adversarial_Features_Filtering_Method(X ). We did not induce an AE model for the black-box scenario, since there was not enough data available after splitting the data for the original models and the attacker dataset. In addition, we note that the attack on the AE model obtained very poor results for the white-box scenario, as seen in Table <ref type="table" target="#tab_0">1</ref>, which affirms our decision not inducing an AE model for the black-box scenario.</p></div>
<div xmlns="http://www.tei-c.org/ns/1.0"><head n="4.3">Experimental Results and Discussion</head><p>Figure <ref type="figure" target="#fig_1">1</ref> presents the "Hateful Users on Twitter" dataset in three settings: the original, after applying the z-score normalization featurescaling method, and then after using the embedding technique. We observe that before using standardization (the image on the left of Figure <ref type="figure" target="#fig_1">1</ref>), the data points are separated according to different ranges, where each range appears in a different curved line. After standardization, the data records are grouped together, since they are now within the same range of values. The image on the right side of Figure <ref type="figure" target="#fig_1">1</ref> presents the dataset records after using the embedding technique, where it can be seen that the embedding phase allows better separation of the records according to their class, as the points from the same class are clustered tightly together.</p><p>Table <ref type="table" target="#tab_0">1</ref> presents the experiments results of the attack in both scenarios: white-box and black-box. The first row presents the three different methods used to select which features to alter during the attack: substitute model's gradient-based decision (Gradient), random forest feature importance-based decision (RF), and gradient boosting feature importance-based decision (GB). The second row presents the attacked (original) model: random forest (RF), gradient boosting (GB), and autoencoder (AE). We present the results for different attack scenarios (white-box and black-box attacks) and for different attack configurations (baseline and the various enhancements we proposed). Overall, we can see that an attack success rate of 88% was achieved in the white-box attack and 75% was achieved in the black-box attack. As expected, for the most part, the white-box attack results were superior to the black-box attack results, since in the white-box attack, the adversary has more information available, which is similar to the information that the original model uses.</p><p>Figure <ref type="figure" target="#fig_2">2</ref> is used to illustrate the motivation for all of the attack enhancements employed. Examining the distribution of the substitute model's predictions of the adversarial examples that were crafted using the baseline method (left graph) indicates that many examples are concentrated in the middle (close to the threshold of 0.5). This means that many adversarial examples could fail, although shifting them a little further from the threshold (right graph) might have resulted in a successful attack. Each of the enhancements is designed to distance the crafted example further from the threshold so that the substitute model will be more confident in its prediction.</p></div>
<div xmlns="http://www.tei-c.org/ns/1.0"><head>White-Box Attack Results and Discussion</head><p>To analyze the performance of the attack, we evaluated each of the experiments according to: (1) l 0 measurement -the number of altered features (Figures <ref type="figure" target="#fig_10">4-7</ref>); (2) distribution of the number of features altered in the adversarial examples that were successfully created (Figure <ref type="figure" target="#fig_4">3</ref>); and (3) transferability to each of the original models (Table <ref type="table" target="#tab_0">1</ref>).</p><p>When examining the results in Table <ref type="table" target="#tab_0">1</ref> for the More_Iterations() method, we note that running the algorithm for additional iterations after the model succeeded in generating adversarial example without a clear strategy added noise, which resulted in a decrease in all of the experiments' results. However, examining the chanдe_η_until_converдence and g(η i ) = 2×η i methods' results in    Table <ref type="table" target="#tab_0">1</ref> shows a small positive change in the transferability results for the GB feature importance-based decision method. This increase indicates that pushing the limit is a positive approach, however different techniques are required, which brings us to examining the correlation-based decision and M * t hr eshold (x) methods. Since both of these methods improved the results, we decided to combine them and explore this combination further.</p><p>Figure <ref type="figure" target="#fig_6">4</ref> presents the baseline experiment's results for the whitebox attack for the adversarial feature filtering techniques: gradientbased decision according to the substitute model and feature importance-based decision based on the tree-based models: random forest (RF) and gradient boosting (GB). For each feature filtering technique, the charts present the number of adversarial examples crafted (y-axis) as a function of the total number of features altered (x-axis). Overall, we successfully created all of the adversarial examples that we attempted to craft (100% success). These results were achieved while changing less than six features for each of the feature filtering methods, however for most of the adversarial examples it was sufficient to alter just one or two features. When comparing the l 0 measurement, we can see that by using the GB feature importance-based decision method (Figure <ref type="figure" target="#fig_6">4c</ref>), we obtained the lowest l 0 ; moreover, the maximum number of features that were altered by using the GB feature importance-based decision method is four, while both other methods required changing five features. We now provide an example of a possible perturbation that is able to change a hateful user to a legitimate user; in this case, the "Family Empathy" feature is altered. In one of the original samples examined, the value is 0.0008, i.e., 0.08% of the last 200 tweets contained terms about family. In the adversarial example crafted using the attack, if the hateful user uses terms about family in his/her last 200 tweets, the value will be changed to one (100%). As a result of this modification, the hateful user will be considered a non-hateful (legitimate) user by the hate speech detection method.</p><p>Figure <ref type="figure" target="#fig_4">3</ref> presents the most common features altered when using the adversarial feature filtering techniques (substitute model's gradient-based decision and feature importance-based decision) and the RF and GB models. For each feature filtering technique, the charts present the number of adversarial examples crafted (y-axis) for each of the most common features altered in our attack (x-axis). Note that only the RF feature importance-based decision method (Figure <ref type="figure" target="#fig_4">3b</ref>) altered the "Ridicule Empathy" feature, and even chose it as the most critical feature to alter, since most of the adversarial examples were created by altering this feature (more than 350). This can explain why the RF feature importance-based decision method achieved the best transferability results (Table <ref type="table" target="#tab_0">1</ref>), since in the other two adversarial feature filtering techniques, this feature was not the most influential one. Both RF and GB feature importance-based decision methods chose to alter the "Normal Neighbor" feature, which indicates whether the user is in a non-hateful neighborhood.   This shows us that the users who follow this user or the users that this user follows can be indicative about the examined user. Figure <ref type="figure" target="#fig_7">5</ref> presents the results of the combining enhancements experiment. Comparing these results to the results of the baseline experiment (see Figure <ref type="figure" target="#fig_6">4</ref>), we see that although the l 0 measurement increased for all of the feature filtering methods, this experiment achieves the best transferability of all the white-box experiments.</p><p>Since the RF and GB original models obtained the best results, we furthered examined the adversarial examples crafted in Table <ref type="table" target="#tab_1">2</ref>. This table summarizes the number of adversarial examples that (1) did not deceive either of the original models, (2) deceived one model (RF or GB), or (3) deceived both models (RF and GB) of the 600 adversarial examples crafted in each experiment. According to the information presented in Table <ref type="table" target="#tab_1">2</ref>, calculating the probability of being successfully deceived by at least one of the models, the GB feature importance-based decision and combining enhancements methods obtained the highest probability of 0.89.</p></div>
<div xmlns="http://www.tei-c.org/ns/1.0"><head>Black-Box Attack Results and Discussion</head><p>Figure <ref type="figure" target="#fig_9">6</ref> presents the baseline experiment's results for the blackbox attack scenario when using the adversarial feature filtering techniques: gradient-based decision according to the substitute model and feature importance-based decision according to the treebased models (RF and GB). Overall, we successfully created around 82% of the adversarial examples that we attempted to craft. These results were achieved while changing less than 16 features (in most cases less than nine features were changed) for each of the feature filtering methods. When comparing the l 0 measurement, we can see that by using GB feature importance-based decision (Figure <ref type="figure" target="#fig_9">6c</ref>), we obtained the lowest l 0 .</p><p>Figure <ref type="figure" target="#fig_10">7</ref> presents the main results of the combining enhancements experiment. Comparing these results to the results of the baseline experiment in Figure <ref type="figure" target="#fig_9">6</ref>, we see that the l 0 measurement increased for all of the feature filtering methods. However, this experiment achieves the best transferability of all of the black-box experiments.</p><p>Table <ref type="table" target="#tab_2">3</ref> presents the success rate results of two known attacks, the HopSkipJump <ref type="bibr" target="#b5">[6]</ref> and Zoo <ref type="bibr" target="#b6">[7]</ref> attacks, on both our gradient   boosting (GB) and random forest (RF) attacked (original) models, by using the available implementation in the ART Python library 1,  2 . We focused on a realistic black-box scenario (both black-box attacks). seen in Table <ref type="table" target="#tab_0">1</ref>, the results for a black-box scenario using Gradient are extremely low (success rates between 13-19% were obtained). We examine these results, since prior research focused on altering features based on the gradient, and therefore we expect the success rate results of other compared attacks (known attacks) to be accordingly. As seen in Table <ref type="table" target="#tab_2">3</ref>, the results for the two attacks are as expected (success rates between 10-12%). Note that these results would be much higher if the attacks could alter immutable features. These results highlight the strengths of our proposed method.</p></div>
<div xmlns="http://www.tei-c.org/ns/1.0"><head n="5">CONCLUSIONS AND FUTURE WORK</head><p>In this paper, we presented a novel algorithm for crafting adversarial examples against hate speech detection models in both white-box and black-box scenarios. Our attack was designed to handle tabular datasets' unique characteristics, such as immutable features and different feature types. The attack pushes the envelope when crafting the adversarial examples by: (1) tweaking the substitute model's threshold in the creation of the adversarial example, (2) increasing the perturbation by a linear function, (3) changing a minimal set of required features (correlation-based decision) in every iteration, and (4) performing more iterations of the algorithm to ensure its success. We showed that the best results can be obtained by combining different enhancements. The attack using the combining enhancements achieved almost 90% transferability, improving on the initial baseline attack's result of 52% transferability in a white-box attack. In the black-box attack, the attack using the combining enhancements achieved 75% transferability compared to the initial baseline attack's result of 60%. We showed that while most adversarial attacks focus on altering features based on the substitute model's gradient, an approach in which other ML methods (feature importance methods, correlation-based methods, etc.) are used outperformed the gradient-based decision method.</p><p>In addition, we showed that a successful adversarial attack can be performed by altering the user's behavior patterns rather than the content of his/her tweets. We hope that our work will contribute to the development of more robust hate speech detection models and prevent adversarial users from manipulating OSNs. Future work may include evaluation of the proposed method on various tabular datasets in different domains and on different OSNs, and examining additional configurations (i.e., various learning algorithms). In addition, it would be interesting to compare the results obtained by combining our different enhancements on the original datasets examined by Mathov et al. <ref type="bibr" target="#b17">[18]</ref>. Most importantly, future work should focus on defense against the attack presented in this paper.</p></div><figure xmlns="http://www.tei-c.org/ns/1.0" xml:id="fig_0"><head></head><label></label><figDesc>Conditions_Not_Met(M * , x, y, L * * , L * , I, λ, α ) • M * (x * ) = y and | F s |&lt; λ • M * (x * ) = y and | F s |&lt; λ and Mor e_I t er at ions() • M * t hr e shol d (x * ) = y and | F s |&lt; λ</figDesc></figure>
<figure xmlns="http://www.tei-c.org/ns/1.0" xml:id="fig_1"><head>Figure 1 :</head><label>1</label><figDesc>Figure 1: T-SNE (t-distributed Stochastic Neighbor Embedding) plot of the data points for the original data (left), normalized data (center), and data in the embedding space (right).</figDesc><graphic coords="5,64.83,79.82,482.35,144.35" type="bitmap" /></figure>
<figure xmlns="http://www.tei-c.org/ns/1.0" xml:id="fig_2"><head>Figure 2 :</head><label>2</label><figDesc>Figure 2: The distribution of the substitute model's predictions of the adversarial examples that were created using the baseline method.</figDesc><graphic coords="6,60.32,80.05,489.34,145.53" type="bitmap" /></figure>
<figure xmlns="http://www.tei-c.org/ns/1.0" xml:id="fig_3"><head></head><label></label><figDesc>(a) Substitute gradient-based decision. (b) RF, feature importance-based decision. (c) GB, feature importance-based decision.</figDesc></figure>
<figure xmlns="http://www.tei-c.org/ns/1.0" xml:id="fig_4"><head>Figure 3 :</head><label>3</label><figDesc>Figure 3: White-box attack: the distribution of the most common features altered when using the feature filtering method.</figDesc><graphic coords="7,53.80,93.54,141.23,124.32" type="bitmap" /></figure>
<figure xmlns="http://www.tei-c.org/ns/1.0" xml:id="fig_5"><head></head><label></label><figDesc>(a) Substitute gradient-based decision. (b) RF, feature importance-based decision. (c) GB, feature importance-based decision.</figDesc></figure>
<figure xmlns="http://www.tei-c.org/ns/1.0" xml:id="fig_6"><head>Figure 4 :</head><label>4</label><figDesc>Figure 4: White-box attack: number of features that were altered based on the feature filtering method used in the baseline experiment.</figDesc><graphic coords="8,396.79,274.36,161.41,136.67" type="bitmap" /></figure>
<figure xmlns="http://www.tei-c.org/ns/1.0" xml:id="fig_7"><head>Figure 5 :</head><label>5</label><figDesc>Figure 5: White-box attack: number of features altered based on the feature filtering method used in the combining enhancement experiment.</figDesc><graphic coords="8,53.80,276.07,161.42,134.95" type="bitmap" /></figure>
<figure xmlns="http://www.tei-c.org/ns/1.0" xml:id="fig_8"><head></head><label></label><figDesc>(a) Substitute gradient-based decision. (b) RF, feature importance-based decision. (c) GB, feature importance-based decision.</figDesc></figure>
<figure xmlns="http://www.tei-c.org/ns/1.0" xml:id="fig_9"><head>Figure 6 :</head><label>6</label><figDesc>Figure 6: Black-box attack: number of features that were altered based on feature filtering method used in the baseline experiment.</figDesc><graphic coords="9,396.79,272.37,161.42,135.37" type="bitmap" /></figure>
<figure xmlns="http://www.tei-c.org/ns/1.0" xml:id="fig_10"><head>Figure 7 :</head><label>7</label><figDesc>Figure 7: Black-box attack: number of features altered based on the feature filtering method used in the combining enhancement experiment.</figDesc><graphic coords="9,225.29,272.84,161.41,134.91" type="bitmap" /></figure>
<figure xmlns="http://www.tei-c.org/ns/1.0" type="table" xml:id="tab_0"><head>Table 1 :</head><label>1</label><figDesc>Attack success rate results.</figDesc><table><row><cell cols="2">Method for Selecting Features to Alter</cell><cell></cell><cell>Gradient</cell><cell></cell><cell></cell><cell>RF</cell><cell></cell><cell></cell><cell>GB</cell><cell></cell></row><row><cell cols="2">Attacked (Original) Model</cell><cell>RF</cell><cell>GB</cell><cell>AE</cell><cell>RF</cell><cell>GB</cell><cell>AE</cell><cell>RF</cell><cell>GB</cell><cell>AE</cell></row><row><cell></cell><cell>Baseline</cell><cell>0.29</cell><cell>0.25</cell><cell>0.15</cell><cell>0.56</cell><cell>0.52</cell><cell>0.16</cell><cell>0.37</cell><cell>0.45</cell><cell>0.16</cell></row><row><cell></cell><cell>Mor e_I t er at ions()</cell><cell>0.15</cell><cell>0.29</cell><cell>0.15</cell><cell>0.24</cell><cell>0.37</cell><cell>0.15</cell><cell>0.37</cell><cell>0.48</cell><cell>0.15</cell></row><row><cell>White-box Attack</cell><cell>Change η i till convergence д(η) = 2 × η Correlation-Based Decision</cell><cell>0.27 0.26 0.27</cell><cell>0.31 0.29 0.31</cell><cell>0.16 0.16 0.16</cell><cell>0.49 0.29 0.26</cell><cell>0.59 0.41 0.32</cell><cell>0.16 0.16 0.16</cell><cell>0.47 0.49 0.51</cell><cell>0.63 0.72 0.77</cell><cell>0.26 0.16 0.26</cell></row><row><cell></cell><cell>M  *  t hr e shol d (x ) Combining Enhancements</cell><cell>0.27 0.29</cell><cell>0.32 0.33</cell><cell>0.25 0.16</cell><cell>0.33 0.28</cell><cell>0.46 0.34</cell><cell>0.16 0.16</cell><cell>0.57 0.62</cell><cell>0.87 0.88</cell><cell>0.28 0.26</cell></row><row><cell>Black-box</cell><cell>Baseline</cell><cell>0.13</cell><cell>0.13</cell><cell>-</cell><cell>0.21</cell><cell>0.62</cell><cell>-</cell><cell>0.2</cell><cell>0.6</cell><cell>-</cell></row><row><cell>Attack</cell><cell>Combining Enhancements</cell><cell>0.17</cell><cell>0.19</cell><cell>-</cell><cell>0.31</cell><cell>0.75</cell><cell>-</cell><cell>0.28</cell><cell>0.74</cell><cell>-</cell></row></table></figure>
<figure xmlns="http://www.tei-c.org/ns/1.0" type="table" xml:id="tab_1"><head>Table 2 :</head><label>2</label><figDesc>Comparison of the number of adversarial examples that deceived each model in the white-box scenario for both the baseline (A) and combining enhancement (B) experiments (of the 600 adversarial examples crafted in each experiment).</figDesc><table><row><cell>Feature Filtering Method:</cell><cell cols="2">Gradient</cell><cell>GB</cell><cell></cell><cell>RF</cell><cell></cell></row><row><cell>Experiment:</cell><cell>A</cell><cell>B</cell><cell>A</cell><cell>B</cell><cell>A</cell><cell>B</cell></row><row><cell>Did not fool RF and GB</cell><cell>393</cell><cell>367</cell><cell>129</cell><cell>68</cell><cell>372</cell><cell>360</cell></row><row><cell>Fooled RF but did not fool GB</cell><cell>29</cell><cell>40</cell><cell>17</cell><cell>5</cell><cell>30</cell><cell>35</cell></row><row><cell>Fooled GB but did not fool RF</cell><cell>55</cell><cell>61</cell><cell>168</cell><cell>164</cell><cell>100</cell><cell>71</cell></row><row><cell>Fooled RF and GB</cell><cell>123</cell><cell>132</cell><cell>268</cell><cell>363</cell><cell>143</cell><cell>134</cell></row></table></figure>
<figure xmlns="http://www.tei-c.org/ns/1.0" type="table" xml:id="tab_2"><head>Table 3 :</head><label>3</label><figDesc>Success rate results of known attacks in the blackbox scenario on both our gradient boosting (GB) and random forest (RF) attacked (original) models.</figDesc><table><row><cell>Attacked (Original) Model</cell><cell>RF</cell><cell>GB</cell></row><row><cell>Using HopSkipJump [6] attack</cell><cell>0.10</cell><cell>0.11</cell></row><row><cell>Using Zoo [7] attack</cell><cell>0.11</cell><cell>0.12</cell></row></table></figure>
			<note xmlns="http://www.tei-c.org/ns/1.0" place="foot" n="1" xml:id="foot_0">https://github.com/Trusted-AI/adversarial-robustness-toolbox</note>
			<note xmlns="http://www.tei-c.org/ns/1.0" place="foot" n="2" xml:id="foot_1">https://adversarial-robustness-toolbox.readthedocs.io/en/latest/nt.</note>
		</body>
		<back>

			<div type="acknowledgement">
<div xmlns="http://www.tei-c.org/ns/1.0"><head>ACKNOWLEDGEMENT</head><p>The authors would like to thank Eden Levy and Yael Mathov for their support at various stages of this research.</p></div>
			</div>

			<div type="references">

				<listBibl>

<biblStruct xml:id="b0">
	<monogr>
		<author>
			<persName><forename type="first">O</forename><surname>Sercan</surname></persName>
		</author>
		<author>
			<persName><forename type="first">Tomas</forename><surname>Arik</surname></persName>
		</author>
		<author>
			<persName><surname>Pfister</surname></persName>
		</author>
		<idno type="arXiv">arXiv:1908.07442</idno>
		<title level="m">Tabnet: Attentive interpretable tabular learning</title>
				<imprint>
			<date type="published" when="2019">2019. 2019</date>
		</imprint>
	</monogr>
	<note type="report_type">arXiv preprint</note>
	<note type="raw_reference">Sercan O Arik and Tomas Pfister. 2019. Tabnet: Attentive interpretable tabular learning. arXiv preprint arXiv:1908.07442 (2019).</note>
</biblStruct>

<biblStruct xml:id="b1">
	<monogr>
		<author>
			<persName><forename type="first">Vincent</forename><surname>Ballet</surname></persName>
		</author>
		<author>
			<persName><forename type="first">Xavier</forename><surname>Renard</surname></persName>
		</author>
		<author>
			<persName><forename type="first">Jonathan</forename><surname>Aigrain</surname></persName>
		</author>
		<author>
			<persName><forename type="first">Thibault</forename><surname>Laugel</surname></persName>
		</author>
		<author>
			<persName><forename type="first">Pascal</forename><surname>Frossard</surname></persName>
		</author>
		<author>
			<persName><forename type="first">Marcin</forename><surname>Detyniecki</surname></persName>
		</author>
		<idno type="arXiv">arXiv:1911.03274</idno>
		<title level="m">Imperceptible Adversarial Attacks on Tabular Data</title>
				<imprint>
			<date type="published" when="2019">2019. 2019</date>
		</imprint>
	</monogr>
	<note type="report_type">arXiv preprint</note>
	<note type="raw_reference">Vincent Ballet, Xavier Renard, Jonathan Aigrain, Thibault Laugel, Pascal Frossard, and Marcin Detyniecki. 2019. Imperceptible Adversarial Attacks on Tabular Data. arXiv preprint arXiv:1911.03274 (2019).</note>
</biblStruct>

<biblStruct xml:id="b2">
	<analytic>
		<title level="a" type="main">Learning to detect online harassment on Twitter with the transformer</title>
		<author>
			<persName><forename type="first">Margarita</forename><surname>Bugueño</surname></persName>
		</author>
		<author>
			<persName><forename type="first">Marcelo</forename><surname>Mendoza</surname></persName>
		</author>
	</analytic>
	<monogr>
		<title level="m">Joint European Conference on Machine Learning and Knowledge Discovery in Databases</title>
				<imprint>
			<publisher>Springer</publisher>
			<date type="published" when="2019">2019</date>
			<biblScope unit="page" from="298" to="306" />
		</imprint>
	</monogr>
	<note type="raw_reference">Margarita Bugueño and Marcelo Mendoza. 2019. Learning to detect online harassment on Twitter with the transformer. In Joint European Conference on Machine Learning and Knowledge Discovery in Databases. Springer, 298-306.</note>
</biblStruct>

<biblStruct xml:id="b3">
	<analytic>
		<title level="a" type="main">Audio adversarial examples: Targeted attacks on speech-to-text</title>
		<author>
			<persName><forename type="first">Nicholas</forename><surname>Carlini</surname></persName>
		</author>
		<author>
			<persName><forename type="first">David</forename><surname>Wagner</surname></persName>
		</author>
	</analytic>
	<monogr>
		<title level="j">IEEE Security and Privacy Workshops (SPW). IEEE</title>
		<imprint>
			<biblScope unit="page" from="1" to="7" />
			<date type="published" when="2018">2018. 2018</date>
		</imprint>
	</monogr>
	<note type="raw_reference">Nicholas Carlini and David Wagner. 2018. Audio adversarial examples: Targeted attacks on speech-to-text. In 2018 IEEE Security and Privacy Workshops (SPW). IEEE, 1-7.</note>
</biblStruct>

<biblStruct xml:id="b4">
	<monogr>
		<author>
			<persName><forename type="first">Francesco</forename><surname>Cartella</surname></persName>
		</author>
		<author>
			<persName><forename type="first">Orlando</forename><surname>Anunciacao</surname></persName>
		</author>
		<author>
			<persName><forename type="first">Yuki</forename><surname>Funabiki</surname></persName>
		</author>
		<author>
			<persName><forename type="first">Daisuke</forename><surname>Yamaguchi</surname></persName>
		</author>
		<author>
			<persName><forename type="first">Toru</forename><surname>Akishita</surname></persName>
		</author>
		<author>
			<persName><forename type="first">Olivier</forename><surname>Elshocht</surname></persName>
		</author>
		<idno type="arXiv">arXiv:2101.08030</idno>
		<title level="m">Adversarial Attacks for Tabular Data: Application to Fraud Detection and Imbalanced Data</title>
				<imprint>
			<date type="published" when="2021">2021. 2021</date>
		</imprint>
	</monogr>
	<note type="report_type">arXiv preprint</note>
	<note type="raw_reference">Francesco Cartella, Orlando Anunciacao, Yuki Funabiki, Daisuke Yamaguchi, Toru Akishita, and Olivier Elshocht. 2021. Adversarial Attacks for Tabular Data: Appli- cation to Fraud Detection and Imbalanced Data. arXiv preprint arXiv:2101.08030 (2021).</note>
</biblStruct>

<biblStruct xml:id="b5">
	<analytic>
		<title level="a" type="main">Hopskipjumpattack: A query-efficient decision-based attack</title>
		<author>
			<persName><forename type="first">Jianbo</forename><surname>Chen</surname></persName>
		</author>
		<author>
			<persName><forename type="first">Michael</forename><forename type="middle">I</forename><surname>Jordan</surname></persName>
		</author>
		<author>
			<persName><forename type="first">Martin</forename><forename type="middle">J</forename><surname>Wainwright</surname></persName>
		</author>
	</analytic>
	<monogr>
		<title level="m">2020 ieee symposium on security and privacy (sp)</title>
				<imprint>
			<publisher>IEEE</publisher>
			<date type="published" when="2020">2020</date>
			<biblScope unit="page" from="1277" to="1294" />
		</imprint>
	</monogr>
	<note type="raw_reference">Jianbo Chen, Michael I Jordan, and Martin J Wainwright. 2020. Hopskipjumpat- tack: A query-efficient decision-based attack. In 2020 ieee symposium on security and privacy (sp). IEEE, 1277-1294.</note>
</biblStruct>

<biblStruct xml:id="b6">
	<analytic>
		<title level="a" type="main">Zoo: Zeroth order optimization based black-box attacks to deep neural networks without training substitute models</title>
		<author>
			<persName><forename type="first">Pin-Yu</forename><surname>Chen</surname></persName>
		</author>
		<author>
			<persName><forename type="first">Huan</forename><surname>Zhang</surname></persName>
		</author>
		<author>
			<persName><forename type="first">Yash</forename><surname>Sharma</surname></persName>
		</author>
		<author>
			<persName><forename type="first">Jinfeng</forename><surname>Yi</surname></persName>
		</author>
		<author>
			<persName><forename type="first">Cho-Jui</forename><surname>Hsieh</surname></persName>
		</author>
	</analytic>
	<monogr>
		<title level="m">Proceedings of the 10th ACM workshop on artificial intelligence and security</title>
				<meeting>the 10th ACM workshop on artificial intelligence and security</meeting>
		<imprint>
			<date type="published" when="2017">2017</date>
			<biblScope unit="page" from="15" to="26" />
		</imprint>
	</monogr>
	<note type="raw_reference">Pin-Yu Chen, Huan Zhang, Yash Sharma, Jinfeng Yi, and Cho-Jui Hsieh. 2017. Zoo: Zeroth order optimization based black-box attacks to deep neural networks without training substitute models. In Proceedings of the 10th ACM workshop on artificial intelligence and security. 15-26.</note>
</biblStruct>

<biblStruct xml:id="b7">
	<analytic>
		<title level="a" type="main">Seq2sick: Evaluating the robustness of sequence-to-sequence models with adversarial examples</title>
		<author>
			<persName><forename type="first">Minhao</forename><surname>Cheng</surname></persName>
		</author>
		<author>
			<persName><forename type="first">Jinfeng</forename><surname>Yi</surname></persName>
		</author>
		<author>
			<persName><forename type="first">Pin-Yu</forename><surname>Chen</surname></persName>
		</author>
		<author>
			<persName><forename type="first">Huan</forename><surname>Zhang</surname></persName>
		</author>
		<author>
			<persName><forename type="first">Cho-Jui</forename><surname>Hsieh</surname></persName>
		</author>
	</analytic>
	<monogr>
		<title level="m">Proceedings of the AAAI Conference on Artificial Intelligence</title>
				<meeting>the AAAI Conference on Artificial Intelligence</meeting>
		<imprint>
			<date type="published" when="2020">2020</date>
			<biblScope unit="volume">34</biblScope>
			<biblScope unit="page" from="3601" to="3608" />
		</imprint>
	</monogr>
	<note type="raw_reference">Minhao Cheng, Jinfeng Yi, Pin-Yu Chen, Huan Zhang, and Cho-Jui Hsieh. 2020. Seq2sick: Evaluating the robustness of sequence-to-sequence models with adver- sarial examples. In Proceedings of the AAAI Conference on Artificial Intelligence, Vol. 34. 3601-3608.</note>
</biblStruct>

<biblStruct xml:id="b8">
	<analytic>
		<title level="a" type="main">Automated hate speech detection and the problem of offensive language</title>
		<author>
			<persName><forename type="first">Thomas</forename><surname>Davidson</surname></persName>
		</author>
		<author>
			<persName><forename type="first">Dana</forename><surname>Warmsley</surname></persName>
		</author>
		<author>
			<persName><forename type="first">Michael</forename><surname>Macy</surname></persName>
		</author>
		<author>
			<persName><forename type="first">Ingmar</forename><surname>Weber</surname></persName>
		</author>
	</analytic>
	<monogr>
		<title level="m">Proceedings of the International AAAI Conference on Web and Social Media</title>
				<meeting>the International AAAI Conference on Web and Social Media</meeting>
		<imprint>
			<date type="published" when="2017">2017</date>
			<biblScope unit="volume">11</biblScope>
		</imprint>
	</monogr>
	<note type="raw_reference">Thomas Davidson, Dana Warmsley, Michael Macy, and Ingmar Weber. 2017. Automated hate speech detection and the problem of offensive language. In Proceedings of the International AAAI Conference on Web and Social Media, Vol. 11.</note>
</biblStruct>

<biblStruct xml:id="b9">
	<monogr>
		<author>
			<persName><forename type="first">Bhuwan</forename><surname>Dhingra</surname></persName>
		</author>
		<author>
			<persName><forename type="first">Zhong</forename><surname>Zhou</surname></persName>
		</author>
		<author>
			<persName><forename type="first">Dylan</forename><surname>Fitzpatrick</surname></persName>
		</author>
		<author>
			<persName><forename type="first">Michael</forename><surname>Muehl</surname></persName>
		</author>
		<author>
			<persName><forename type="first">William</forename><forename type="middle">W</forename><surname>Cohen</surname></persName>
		</author>
		<idno type="arXiv">arXiv:1605.03481</idno>
		<title level="m">Tweet2vec: Character-based distributed representations for social media</title>
				<imprint>
			<date type="published" when="2016">2016. 2016</date>
		</imprint>
	</monogr>
	<note type="report_type">arXiv preprint</note>
	<note type="raw_reference">Bhuwan Dhingra, Zhong Zhou, Dylan Fitzpatrick, Michael Muehl, and William W Cohen. 2016. Tweet2vec: Character-based distributed representations for social media. arXiv preprint arXiv:1605.03481 (2016).</note>
</biblStruct>

<biblStruct xml:id="b10">
	<analytic>
		<title level="a" type="main">Detection of harassment on twitter with deep learning techniques</title>
		<author>
			<persName><forename type="first">Ignacio</forename><surname>Espinoza</surname></persName>
		</author>
		<author>
			<persName><forename type="first">Fernanda</forename><surname>Weiss</surname></persName>
		</author>
	</analytic>
	<monogr>
		<title level="m">Joint European Conference on Machine Learning and Knowledge Discovery in Databases</title>
				<imprint>
			<publisher>Springer</publisher>
			<date type="published" when="2019">2019</date>
			<biblScope unit="page" from="307" to="313" />
		</imprint>
	</monogr>
	<note type="raw_reference">Ignacio Espinoza and Fernanda Weiss. 2019. Detection of harassment on twitter with deep learning techniques. In Joint European Conference on Machine Learning and Knowledge Discovery in Databases. Springer, 307-313.</note>
</biblStruct>

<biblStruct xml:id="b11">
	<monogr>
		<title level="m" type="main">Explaining and harnessing adversarial examples</title>
		<author>
			<persName><forename type="first">Ian</forename><forename type="middle">J</forename><surname>Goodfellow</surname></persName>
		</author>
		<author>
			<persName><forename type="first">Jonathon</forename><surname>Shlens</surname></persName>
		</author>
		<author>
			<persName><forename type="first">Christian</forename><surname>Szegedy</surname></persName>
		</author>
		<idno type="arXiv">arXiv:1412.6572</idno>
		<imprint>
			<date type="published" when="2014">2014. 2014</date>
		</imprint>
	</monogr>
	<note type="report_type">arXiv preprint</note>
	<note type="raw_reference">Ian J Goodfellow, Jonathon Shlens, and Christian Szegedy. 2014. Explaining and harnessing adversarial examples. arXiv preprint arXiv:1412.6572 (2014).</note>
</biblStruct>

<biblStruct xml:id="b12">
	<monogr>
		<author>
			<persName><forename type="first">Masoud</forename><surname>Hashemi</surname></persName>
		</author>
		<author>
			<persName><forename type="first">Ali</forename><surname>Fathi</surname></persName>
		</author>
		<idno type="arXiv">arXiv:2008.10138</idno>
		<title level="m">PermuteAttack: Counterfactual Explanation of Machine Learning Credit Scorecards</title>
				<imprint>
			<date type="published" when="2020">2020. 2020</date>
		</imprint>
	</monogr>
	<note type="report_type">arXiv preprint</note>
	<note type="raw_reference">Masoud Hashemi and Ali Fathi. 2020. PermuteAttack: Counterfactual Explanation of Machine Learning Credit Scorecards. arXiv preprint arXiv:2008.10138 (2020).</note>
</biblStruct>

<biblStruct xml:id="b13">
	<monogr>
		<author>
			<persName><forename type="first">Alexander</forename><surname>Hermans</surname></persName>
		</author>
		<author>
			<persName><forename type="first">Lucas</forename><surname>Beyer</surname></persName>
		</author>
		<author>
			<persName><forename type="first">Bastian</forename><surname>Leibe</surname></persName>
		</author>
		<idno type="arXiv">arXiv:1703.07737</idno>
		<title level="m">defense of the triplet loss for person re-identification</title>
				<imprint>
			<date type="published" when="2017">2017. 2017</date>
		</imprint>
	</monogr>
	<note type="report_type">arXiv preprint</note>
	<note type="raw_reference">Alexander Hermans, Lucas Beyer, and Bastian Leibe. 2017. In defense of the triplet loss for person re-identification. arXiv preprint arXiv:1703.07737 (2017).</note>
</biblStruct>

<biblStruct xml:id="b14">
	<analytic>
		<title level="a" type="main">A Survey of Attacks Against Twitter Spam Detectors in an</title>
		<author>
			<persName><forename type="first">H</forename><surname>Niddal</surname></persName>
		</author>
		<author>
			<persName><surname>Imam</surname></persName>
		</author>
		<author>
			<persName><forename type="first">G</forename><surname>Vassilios</surname></persName>
		</author>
		<author>
			<persName><surname>Vassilakis</surname></persName>
		</author>
	</analytic>
	<monogr>
		<title level="j">Adversarial Environment. Robotics</title>
		<imprint>
			<biblScope unit="volume">8</biblScope>
			<biblScope unit="page">50</biblScope>
			<date type="published" when="2019">2019. 2019</date>
		</imprint>
	</monogr>
	<note type="raw_reference">Niddal H Imam and Vassilios G Vassilakis. 2019. A Survey of Attacks Against Twitter Spam Detectors in an Adversarial Environment. Robotics 8, 3 (2019), 50.</note>
</biblStruct>

<biblStruct xml:id="b15">
	<analytic>
		<title level="a" type="main">Hate speech detection: Challenges and solutions</title>
		<author>
			<persName><forename type="first">Sean</forename><surname>Macavaney</surname></persName>
		</author>
		<author>
			<persName><surname>Hao-Ren</surname></persName>
		</author>
		<author>
			<persName><forename type="first">Eugene</forename><surname>Yao</surname></persName>
		</author>
		<author>
			<persName><forename type="first">Katina</forename><surname>Yang</surname></persName>
		</author>
		<author>
			<persName><forename type="first">Nazli</forename><surname>Russell</surname></persName>
		</author>
		<author>
			<persName><forename type="first">Ophir</forename><surname>Goharian</surname></persName>
		</author>
		<author>
			<persName><surname>Frieder</surname></persName>
		</author>
	</analytic>
	<monogr>
		<title level="j">PloS one</title>
		<imprint>
			<biblScope unit="volume">14</biblScope>
			<biblScope unit="page">e0221152</biblScope>
			<date type="published" when="2019">2019. 2019</date>
		</imprint>
	</monogr>
	<note type="raw_reference">Sean MacAvaney, Hao-Ren Yao, Eugene Yang, Katina Russell, Nazli Goharian, and Ophir Frieder. 2019. Hate speech detection: Challenges and solutions. PloS one 14, 8 (2019), e0221152.</note>
</biblStruct>

<biblStruct xml:id="b16">
	<analytic>
		<title level="a" type="main">Spread of hate speech in online social media</title>
		<author>
			<persName><forename type="first">Binny</forename><surname>Mathew</surname></persName>
		</author>
		<author>
			<persName><forename type="first">Ritam</forename><surname>Dutt</surname></persName>
		</author>
		<author>
			<persName><forename type="first">Pawan</forename><surname>Goyal</surname></persName>
		</author>
		<author>
			<persName><forename type="first">Animesh</forename><surname>Mukherjee</surname></persName>
		</author>
	</analytic>
	<monogr>
		<title level="m">Proceedings of the 10th ACM conference on web science</title>
				<meeting>the 10th ACM conference on web science</meeting>
		<imprint>
			<date type="published" when="2019">2019</date>
			<biblScope unit="page" from="173" to="182" />
		</imprint>
	</monogr>
	<note type="raw_reference">Binny Mathew, Ritam Dutt, Pawan Goyal, and Animesh Mukherjee. 2019. Spread of hate speech in online social media. In Proceedings of the 10th ACM conference on web science. 173-182.</note>
</biblStruct>

<biblStruct xml:id="b17">
	<analytic>
		<title level="a" type="main">Not all datasets are born equal: On heterogeneous tabular data and adversarial examples</title>
		<author>
			<persName><forename type="first">Yael</forename><surname>Mathov</surname></persName>
		</author>
		<author>
			<persName><forename type="first">Eden</forename><surname>Levy</surname></persName>
		</author>
		<author>
			<persName><forename type="first">Ziv</forename><surname>Katzir</surname></persName>
		</author>
		<author>
			<persName><forename type="first">Asaf</forename><surname>Shabtai</surname></persName>
		</author>
		<author>
			<persName><forename type="first">Yuval</forename><surname>Elovici</surname></persName>
		</author>
	</analytic>
	<monogr>
		<title level="j">Knowledge-Based Systems</title>
		<imprint>
			<biblScope unit="volume">242</biblScope>
			<biblScope unit="page">108377</biblScope>
			<date type="published" when="2022">2022. 2022</date>
		</imprint>
	</monogr>
	<note type="raw_reference">Yael Mathov, Eden Levy, Ziv Katzir, Asaf Shabtai, and Yuval Elovici. 2022. Not all datasets are born equal: On heterogeneous tabular data and adversarial examples. Knowledge-Based Systems 242 (2022), 108377.</note>
</biblStruct>

<biblStruct xml:id="b18">
	<monogr>
		<title level="m" type="main">Transferability in machine learning: from phenomena to black-box attacks using adversarial samples</title>
		<author>
			<persName><forename type="first">Nicolas</forename><surname>Papernot</surname></persName>
		</author>
		<author>
			<persName><forename type="first">Patrick</forename><surname>Mcdaniel</surname></persName>
		</author>
		<author>
			<persName><forename type="first">Ian</forename><surname>Goodfellow</surname></persName>
		</author>
		<idno type="arXiv">arXiv:1605.07277</idno>
		<imprint>
			<date type="published" when="2016">2016. 2016</date>
		</imprint>
	</monogr>
	<note type="report_type">arXiv preprint</note>
	<note type="raw_reference">Nicolas Papernot, Patrick McDaniel, and Ian Goodfellow. 2016. Transferability in machine learning: from phenomena to black-box attacks using adversarial samples. arXiv preprint arXiv:1605.07277 (2016).</note>
</biblStruct>

<biblStruct xml:id="b19">
	<monogr>
		<title level="m" type="main">Neural oblivious decision ensembles for deep learning on tabular data</title>
		<author>
			<persName><forename type="first">Sergei</forename><surname>Popov</surname></persName>
		</author>
		<author>
			<persName><forename type="first">Stanislav</forename><surname>Morozov</surname></persName>
		</author>
		<author>
			<persName><forename type="first">Artem</forename><surname>Babenko</surname></persName>
		</author>
		<idno type="arXiv">arXiv:1909.06312</idno>
		<imprint>
			<date type="published" when="2019">2019. 2019</date>
		</imprint>
	</monogr>
	<note type="report_type">arXiv preprint</note>
	<note type="raw_reference">Sergei Popov, Stanislav Morozov, and Artem Babenko. 2019. Neural oblivious deci- sion ensembles for deep learning on tabular data. arXiv preprint arXiv:1909.06312 (2019).</note>
</biblStruct>

<biblStruct xml:id="b20">
	<analytic>
		<title level="a" type="main">Characterizing and detecting hateful users on twitter</title>
		<author>
			<persName><forename type="first">Manoel</forename><surname>Ribeiro</surname></persName>
		</author>
		<author>
			<persName><forename type="first">Pedro</forename><surname>Calais</surname></persName>
		</author>
		<author>
			<persName><forename type="first">Yuri</forename><surname>Santos</surname></persName>
		</author>
		<author>
			<persName><forename type="first">Virgílio</forename><surname>Almeida</surname></persName>
		</author>
		<author>
			<persName><forename type="first">Wagner</forename><surname>Meira</surname><genName>Jr</genName></persName>
		</author>
	</analytic>
	<monogr>
		<title level="m">Proceedings of the International AAAI Conference on Web and Social Media</title>
				<meeting>the International AAAI Conference on Web and Social Media</meeting>
		<imprint>
			<date type="published" when="2018">2018</date>
			<biblScope unit="volume">12</biblScope>
		</imprint>
	</monogr>
	<note type="raw_reference">Manoel Ribeiro, Pedro Calais, Yuri Santos, Virgílio Almeida, and Wagner Meira Jr. 2018. Characterizing and detecting hateful users on twitter. In Proceedings of the International AAAI Conference on Web and Social Media, Vol. 12.</note>
</biblStruct>

<biblStruct xml:id="b21">
	<monogr>
		<author>
			<persName><forename type="first">Pedro</forename><forename type="middle">H</forename><surname>Manoel Horta Ribeiro</surname></persName>
		</author>
		<author>
			<persName><forename type="first">Yuri</forename><forename type="middle">A</forename><surname>Calais</surname></persName>
		</author>
		<author>
			<persName><surname>Santos</surname></persName>
		</author>
		<author>
			<persName><forename type="first">A</forename><forename type="middle">F</forename><surname>Virgílio</surname></persName>
		</author>
		<author>
			<persName><forename type="first">Wagner</forename><surname>Almeida</surname></persName>
		</author>
		<author>
			<persName><surname>Meira</surname><genName>Jr</genName></persName>
		</author>
		<idno type="arXiv">arXiv:1801.00317</idno>
		<title level="m">Like Sheep Among Wolves&quot;: Characterizing Hateful Users on Twitter</title>
				<imprint>
			<date type="published" when="2017">2017. 2017</date>
		</imprint>
	</monogr>
	<note type="report_type">arXiv preprint</note>
	<note type="raw_reference">Manoel Horta Ribeiro, Pedro H Calais, Yuri A Santos, Virgílio AF Almeida, and Wagner Meira Jr. 2017. &quot; Like Sheep Among Wolves&quot;: Characterizing Hateful Users on Twitter. arXiv preprint arXiv:1801.00317 (2017).</note>
</biblStruct>

<biblStruct xml:id="b22">
	<analytic>
		<title level="a" type="main">Sarcasm as contrast between a positive sentiment and negative situation</title>
		<author>
			<persName><forename type="first">Ellen</forename><surname>Riloff</surname></persName>
		</author>
		<author>
			<persName><forename type="first">Ashequl</forename><surname>Qadir</surname></persName>
		</author>
		<author>
			<persName><forename type="first">Prafulla</forename><surname>Surve</surname></persName>
		</author>
		<author>
			<persName><forename type="first">Lalindra</forename><forename type="middle">De</forename><surname>Silva</surname></persName>
		</author>
		<author>
			<persName><forename type="first">Nathan</forename><surname>Gilbert</surname></persName>
		</author>
		<author>
			<persName><forename type="first">Ruihong</forename><surname>Huang</surname></persName>
		</author>
	</analytic>
	<monogr>
		<title level="m">Proceedings of the 2013 conference on empirical methods in natural language processing</title>
				<meeting>the 2013 conference on empirical methods in natural language processing</meeting>
		<imprint>
			<date type="published" when="2013">2013</date>
			<biblScope unit="page" from="704" to="714" />
		</imprint>
	</monogr>
	<note type="raw_reference">Ellen Riloff, Ashequl Qadir, Prafulla Surve, Lalindra De Silva, Nathan Gilbert, and Ruihong Huang. 2013. Sarcasm as contrast between a positive sentiment and negative situation. In Proceedings of the 2013 conference on empirical methods in natural language processing. 704-714.</note>
</biblStruct>

<biblStruct xml:id="b23">
	<analytic>
		<title level="a" type="main">Queryefficient black-box attack against sequence-based malware classifiers</title>
		<author>
			<persName><forename type="first">Ishai</forename><surname>Rosenberg</surname></persName>
		</author>
		<author>
			<persName><forename type="first">Asaf</forename><surname>Shabtai</surname></persName>
		</author>
		<author>
			<persName><forename type="first">Yuval</forename><surname>Elovici</surname></persName>
		</author>
		<author>
			<persName><forename type="first">Lior</forename><surname>Rokach</surname></persName>
		</author>
	</analytic>
	<monogr>
		<title level="m">Annual Computer Security Applications Conference</title>
				<imprint>
			<date type="published" when="2020">2020</date>
			<biblScope unit="page" from="611" to="626" />
		</imprint>
	</monogr>
	<note type="raw_reference">Ishai Rosenberg, Asaf Shabtai, Yuval Elovici, and Lior Rokach. 2020. Query- efficient black-box attack against sequence-based malware classifiers. In Annual Computer Security Applications Conference. 611-626.</note>
</biblStruct>

<biblStruct xml:id="b24">
	<monogr>
		<author>
			<persName><forename type="first">Kojin</forename><surname>Suproteem K Sarkar</surname></persName>
		</author>
		<author>
			<persName><forename type="first">Daniel</forename><surname>Oshiba</surname></persName>
		</author>
		<author>
			<persName><forename type="first">Yaron</forename><surname>Giebisch</surname></persName>
		</author>
		<author>
			<persName><surname>Singer</surname></persName>
		</author>
		<idno type="arXiv">arXiv:1811.11079</idno>
		<title level="m">Robust Classification of Financial Risk</title>
				<imprint>
			<date type="published" when="2018">2018. 2018</date>
		</imprint>
	</monogr>
	<note type="report_type">arXiv preprint</note>
	<note type="raw_reference">Suproteem K Sarkar, Kojin Oshiba, Daniel Giebisch, and Yaron Singer. 2018. Robust Classification of Financial Risk. arXiv preprint arXiv:1811.11079 (2018).</note>
</biblStruct>

<biblStruct xml:id="b25">
	<analytic>
		<title level="a" type="main">A survey on hate speech detection using natural language processing</title>
		<author>
			<persName><forename type="first">Anna</forename><surname>Schmidt</surname></persName>
		</author>
		<author>
			<persName><forename type="first">Michael</forename><surname>Wiegand</surname></persName>
		</author>
	</analytic>
	<monogr>
		<title level="m">Proceedings of the Fifth International workshop on natural language processing for social media</title>
				<meeting>the Fifth International workshop on natural language processing for social media</meeting>
		<imprint>
			<date type="published" when="2017">2017</date>
			<biblScope unit="page" from="1" to="10" />
		</imprint>
	</monogr>
	<note type="raw_reference">Anna Schmidt and Michael Wiegand. 2017. A survey on hate speech detection us- ing natural language processing. In Proceedings of the Fifth International workshop on natural language processing for social media. 1-10.</note>
</biblStruct>

<biblStruct xml:id="b26">
	<monogr>
		<author>
			<persName><forename type="first">Ira</forename><surname>Shavitt</surname></persName>
		</author>
		<author>
			<persName><forename type="first">Eran</forename><surname>Segal</surname></persName>
		</author>
		<idno type="arXiv">arXiv:1805.06440</idno>
		<title level="m">Regularization learning networks: deep learning for tabular datasets</title>
				<imprint>
			<date type="published" when="2018">2018. 2018</date>
		</imprint>
	</monogr>
	<note type="report_type">arXiv preprint</note>
	<note type="raw_reference">Ira Shavitt and Eran Segal. 2018. Regularization learning networks: deep learning for tabular datasets. arXiv preprint arXiv:1805.06440 (2018).</note>
</biblStruct>

<biblStruct xml:id="b27">
	<analytic>
		<title level="a" type="main">Adversarial attacks on remote user authentication using behavioural mouse dynamics</title>
		<author>
			<persName><forename type="first">Yi</forename><surname>Xiang</surname></persName>
		</author>
		<author>
			<persName><forename type="first">Marcus</forename><surname>Tan</surname></persName>
		</author>
		<author>
			<persName><forename type="first">Alfonso</forename><surname>Iacovazzi</surname></persName>
		</author>
		<author>
			<persName><forename type="first">Ivan</forename><surname>Homoliak</surname></persName>
		</author>
		<author>
			<persName><forename type="first">Yuval</forename><surname>Elovici</surname></persName>
		</author>
		<author>
			<persName><forename type="first">Alexander</forename><surname>Binder</surname></persName>
		</author>
	</analytic>
	<monogr>
		<title level="m">2019 International Joint Conference on Neural Networks (IJCNN)</title>
				<imprint>
			<publisher>IEEE</publisher>
			<date type="published" when="2019">2019</date>
			<biblScope unit="page" from="1" to="10" />
		</imprint>
	</monogr>
	<note type="raw_reference">Yi Xiang Marcus Tan, Alfonso Iacovazzi, Ivan Homoliak, Yuval Elovici, and Alexander Binder. 2019. Adversarial attacks on remote user authentication using behavioural mouse dynamics. In 2019 International Joint Conference on Neural Networks (IJCNN). IEEE, 1-10.</note>
</biblStruct>

<biblStruct xml:id="b28">
	<analytic>
		<title level="a" type="main">Distance metric learning for large margin nearest neighbor classification</title>
		<author>
			<persName><forename type="first">Q</forename><surname>Kilian</surname></persName>
		</author>
		<author>
			<persName><forename type="first">Lawrence</forename><forename type="middle">K</forename><surname>Weinberger</surname></persName>
		</author>
		<author>
			<persName><surname>Saul</surname></persName>
		</author>
	</analytic>
	<monogr>
		<title level="j">Journal of machine learning research</title>
		<imprint>
			<biblScope unit="volume">10</biblScope>
			<biblScope unit="issue">2</biblScope>
			<date type="published" when="2009">2009. 2009</date>
		</imprint>
	</monogr>
	<note type="raw_reference">Kilian Q Weinberger and Lawrence K Saul. 2009. Distance metric learning for large margin nearest neighbor classification. Journal of machine learning research 10, 2 (2009).</note>
</biblStruct>

<biblStruct xml:id="b29">
	<analytic>
		<title level="a" type="main">Adversarial examples: Attacks and defenses for deep learning</title>
		<author>
			<persName><forename type="first">Xiaoyong</forename><surname>Yuan</surname></persName>
		</author>
		<author>
			<persName><forename type="first">Pan</forename><surname>He</surname></persName>
		</author>
		<author>
			<persName><forename type="first">Qile</forename><surname>Zhu</surname></persName>
		</author>
		<author>
			<persName><forename type="first">Xiaolin</forename><surname>Li</surname></persName>
		</author>
	</analytic>
	<monogr>
		<title level="j">IEEE transactions on neural networks and learning systems</title>
		<imprint>
			<biblScope unit="volume">30</biblScope>
			<biblScope unit="page" from="2805" to="2824" />
			<date type="published" when="2019">2019. 2019</date>
		</imprint>
	</monogr>
	<note type="raw_reference">Xiaoyong Yuan, Pan He, Qile Zhu, and Xiaolin Li. 2019. Adversarial examples: Attacks and defenses for deep learning. IEEE transactions on neural networks and learning systems 30, 9 (2019), 2805-2824.</note>
</biblStruct>

<biblStruct xml:id="b30">
	<monogr>
		<author>
			<persName><forename type="first">Alon</forename><surname>Zolfi</surname></persName>
		</author>
		<author>
			<persName><forename type="first">Moshe</forename><surname>Kravchik</surname></persName>
		</author>
		<author>
			<persName><forename type="first">Yuval</forename><surname>Elovici</surname></persName>
		</author>
		<author>
			<persName><forename type="first">Asaf</forename><surname>Shabtai</surname></persName>
		</author>
		<idno type="arXiv">arXiv:2012.12528</idno>
		<title level="m">The Translucent Patch: A Physical and Universal Attack on Object Detectors</title>
				<imprint>
			<date type="published" when="2020">2020. 2020</date>
		</imprint>
	</monogr>
	<note type="report_type">arXiv preprint</note>
	<note type="raw_reference">Alon Zolfi, Moshe Kravchik, Yuval Elovici, and Asaf Shabtai. 2020. The Translu- cent Patch: A Physical and Universal Attack on Object Detectors. arXiv preprint arXiv:2012.12528 (2020).</note>
</biblStruct>

				</listBibl>
			</div>
		</back>
	</text>
</TEI>
