<?xml version="1.0" encoding="UTF-8"?>
<TEI xml:space="preserve" xmlns="http://www.tei-c.org/ns/1.0" 
xmlns:xsi="http://www.w3.org/2001/XMLSchema-instance" 
xsi:schemaLocation="http://www.tei-c.org/ns/1.0 https://raw.githubusercontent.com/kermitt2/grobid/master/grobid-home/schemas/xsd/Grobid.xsd"
 xmlns:xlink="http://www.w3.org/1999/xlink">
	<teiHeader xml:lang="en">
		<fileDesc>
			<titleStmt>
				<title level="a" type="main">OpticE: A Coherence Theory-Based Model for Link Prediction</title>
			</titleStmt>
			<publicationStmt>
				<publisher/>
				<availability status="unknown"><licence/></availability>
			</publicationStmt>
			<sourceDesc>
				<biblStruct>
					<analytic>
						<author>
							<persName><forename type="first">Xiangyu</forename><surname>Gui</surname></persName>
						</author>
						<author role="corresp">
							<persName><forename type="first">Feng</forename><surname>Zhao</surname></persName>
							<email>zhaof@hust.edu.cn</email>
						</author>
						<author>
							<persName><forename type="first">Langjunqing</forename><surname>Jin</surname></persName>
						</author>
						<author>
							<persName><forename type="first">Hai</forename><surname>Jin</surname></persName>
						</author>
						<author>
							<affiliation key="aff0">
								<orgName type="department">National Engineering Research Center for Big Data Technology and System</orgName>
								<orgName type="laboratory">Services Computing Technology and System Lab, Cluster and Grid Computing Lab</orgName>
							</affiliation>
						</author>
						<author>
							<affiliation key="aff1">
								<orgName type="department">School of Computer Science and Technology</orgName>
								<orgName type="institution">Huazhong University of Science and Technology</orgName>
								<address>
									<country key="CN">China</country>
								</address>
							</affiliation>
						</author>
						<title level="a" type="main">OpticE: A Coherence Theory-Based Model for Link Prediction</title>
					</analytic>
					<monogr>
						<imprint>
							<date/>
						</imprint>
					</monogr>
					<idno type="MD5">10FFBAA2E1933CE70EA19514BB37CFC0</idno>
				</biblStruct>
			</sourceDesc>
		</fileDesc>
		<encodingDesc>
			<appInfo>
				<application version="0.7.3-SNAPSHOT" ident="GROBID" when="2023-01-12T08:58+0000">
					<desc>GROBID - A machine learning software for extracting information from scholarly documents</desc>
					<ref target="https://github.com/kermitt2/grobid"/>
				</application>
			</appInfo>
		</encodingDesc>
		<profileDesc>
			<abstract>
<div xmlns="http://www.tei-c.org/ns/1.0"><p>Knowledge representation learning is a key step required for link prediction tasks with knowledge graphs (KGs). During the learning process, the semantics of each entity are embedded by a vector or a point in a feature space. The distance between these points is a measure of semantic similarity. However, in a KG, while two entities may have similar semantics in some relations, they have different semantics in others. It is ambiguous to assign a fixed distance to depict the variant semantic similarity of entities. To alleviate the semantic ambiguity in KGs, we design a new embedding approach named OpticE, which is derived from the well-known physical phenomenon of optical interference. It is a lightweight and relation-adaptive model based on coherence theory, in which each entity's semantics vary automatically regarding different relations. In addition, a unique negative sampling method is proposed to combine the multimapping properties and self-adversarial learning during the training process. The experimental results obtained on practical KG benchmarks show that the OpticE model, with elegant structures, can compete with existing link prediction methods.</p></div>
			</abstract>
		</profileDesc>
	</teiHeader>
	<text xml:lang="en">
		<body>
<div xmlns="http://www.tei-c.org/ns/1.0"><head n="1">Introduction</head><p>Knowledge graphs (KGs) consist of sets of triplets that can represent real-world concepts, common sense information or facts. Each triplet (h, r, t) indicates a directional relation r from the head entity h to the tail entity t. WordNet <ref type="bibr" target="#b12">(Miller, 1995)</ref>, Freebase <ref type="bibr" target="#b0">(Bollacker et al., 2008)</ref> and Wikidata <ref type="bibr" target="#b20">(Vrandečić and Krötzsch, 2014)</ref> are the most wellknown KGs with tremendous numbers of entities and relations. These KGs play important roles in a range of areas, such as natural language processing tasks <ref type="bibr" target="#b3">(Cao et al., 2021)</ref>, question answering applications <ref type="bibr" target="#b2">(Bosselut et al., 2021)</ref> and recommendation systems <ref type="bibr" target="#b16">(Shao et al., 2021)</ref>. Research on KGs * Corresponding author is thriving in both academic and industrial communities.</p><p>Link prediction is a fundamental problem when addressing KGs. To learn the hidden patterns from the observed triplets, extensive investigations have been performed to embed entities and relations into a continuous semantic space; this is known as KG embedding learning <ref type="bibr" target="#b15">(Rossi et al., 2021)</ref>. Among these embedding models, from a mathematical perspective, TransE <ref type="bibr" target="#b1">(Bordes et al., 2013)</ref>, TransH <ref type="bibr" target="#b21">(Wang et al., 2014)</ref> and TransR <ref type="bibr" target="#b10">(Lin et al., 2015)</ref> are translation-based models that use translation transformations to characterize the existence of triplets. Other methods (e.g., RESCAL <ref type="bibr" target="#b14">(Nickel et al., 2011)</ref> and DistMult <ref type="bibr" target="#b22">(Yang et al., 2015)</ref>) tackle this problem with matrix or tensor multiplication. Recently, the embedding problem has been discussed in the complex domain (e.g., ComplEx <ref type="bibr" target="#b19">(Trouillon et al., 2016)</ref>, Ro-tatE <ref type="bibr" target="#b17">(Sun et al., 2019)</ref> and <ref type="bibr">HAKE (Zhang et al., 2020)</ref>). These methods have achieved great performance on related tasks. While our models are discussed in the complex domain, they are designed under an interference framework.</p><p>The semantic ambiguity caused by multimapping relations was ignored in most previous methods. As illustrated in Figure <ref type="figure" target="#fig_0">1</ref> (a), the semantics of New York and Washington D.C. are similar under the relation Located_in, while they are quite different under the relation Capital_of because New York is not a capital. Previous methods such as TransE and RotatE suffer from this ambiguity problem. As shown in Figure <ref type="figure" target="#fig_0">1</ref> (b), it is difficult to disambiguate New York from Washington D.C. for the relation Capital_of in RotatE. To alleviate this problem, TransH utilizes a hyperplane to project entities into independent semantic space. RatE <ref type="bibr" target="#b6">(Huang et al., 2020)</ref> integrates a semantic matching method with an extra relation-adaptive matrix. Instead of relying on extra settings, we tackle this problem by the intrinsic attribute of the rotational semantic space.</p><p>We are motivated by the optical interference phenomenon (bright or dark fringes appear after the superposition of two beams of light), because (i) it is intuitive to simulate positive cases and negative cases utilizing distinct dark and bright fringes; and (ii) since coherence theory in the complex field is sufficiently sophisticated, it can play a theoretical guiding role. As OpticE is one type of rotation-based model, it can be illustrated with the rotation transformation shown in Figure <ref type="figure" target="#fig_0">1</ref> (c). The entities New York and Washington D.C. are mapped into different relation-adaptive orbits with the same phase difference. The two entities are close to each other in the orbit of Located_in, while in the orbit of relation Capital_of they no longer overlap. By embedding entities into orbits with different semantic densities, OpticE can take control of the similarity of entities regarding specific relations. Generally, multimapping relations map entities into small-radius orbits in dense semantic space, while one-to-one relations rely on large-radius orbits in sparse semantic space to distinguish entities. This will be verified in our experiments.</p><p>To optimize OpticE effectively, we optimize self-adversarial sampling <ref type="bibr" target="#b17">(Sun et al., 2019)</ref> by integrating a Bernoulli filtering process. The proposed method can leverage the high efficiency of self-adversarial sampling and reduce the performance loss caused by false negative labels. Tested on WN18, FB15k, WN18RR and FB15k-237, the widely recognized benchmark datasets for link prediction, the lightweight OpticE model is comparable to the previous rotation-based models. Op-ticE's ability to adapt to multimapping relations is also verified in our experiments. Our contributions can be summarized as follows:</p><p>• Coherence theory is introduced into the KG reasoning task for the first time to make the embeddings of KGs in a complex field more intuitive and understandable.</p><p>• A relation-adaptive amplitude modulation technique, which is simple, effective and lightweight, is developed to alleviate the multimapping problem in KGs.</p><p>• A novel negative sampling method is provided to train our model precisely and effectively; this approach can be generally applied to other models.</p></div>
<div xmlns="http://www.tei-c.org/ns/1.0"><head n="2">Related Work</head><p>All the typical related works are listed in Table <ref type="table" target="#tab_0">1</ref> with their model realizations and complexities in terms of the number of utilized parameters. They are divided into two groups according to whether they are calculated in a real or complex number field.</p><p>Real number field models. The most important and influential model is TransE <ref type="bibr" target="#b1">(Bordes et al., 2013)</ref>, which takes relations as translation transformation by simply assuming that h + r = t. However, its expressiveness is limited, especially when representing a multimapping relation. TransH <ref type="bibr" target="#b21">(Wang et al., 2014)</ref> exploits an extra projection transformation and manages to eliminate the ambiguity in TransE. DistMult <ref type="bibr" target="#b22">(Yang et al., 2015)</ref> uses a semantic matching method while ignoring the directionality of the relations.</p><p>Complex field models. ComplEx <ref type="bibr" target="#b19">(Trouillon et al., 2016)</ref> utilizes complex numbers in KG embeddings and achieves great performance. It can be considered a complex version of DistMult, but it overcomes the shortcomings of DistMult via tail conjugation. RotatE <ref type="bibr" target="#b17">(Sun et al., 2019)</ref> surpasses all the previous models by rotation transformation; similar to TransE, the model assumes that h•r = t and suffers from the same ambiguity problem. Based on RotatE, RatE <ref type="bibr" target="#b6">(Huang et al., 2020)</ref> defines a relation-specific weight W r with an extra 8 parameters per relation to solve the ambiguity problem. HAKE <ref type="bibr" target="#b6">(Zhang et al., 2020)</ref> employs a hierarchical structure simulated by a modulus, but the model is complicated and difficult to train.</p><p>OpticE (ours) belongs to the category of complex field models and provides a novel way to solve the semantic ambiguity problem in RotatE. Like RatE and TransH, it has a relation-adaptive strategy that can retrieve each entity's different semantics. However, our strategy is much simpler due to the use of a relation-modulated amplitude. In the aspect of negative sampling, we adopt multiple negative sampling <ref type="bibr" target="#b19">(Trouillon et al., 2016)</ref> and self-adversarial strategy <ref type="bibr" target="#b17">(Sun et al., 2019)</ref> in our model, but optimize the process with a Bernoulli distribution <ref type="bibr" target="#b21">(Wang et al., 2014)</ref> according to the multimapping relations.</p></div>
<div xmlns="http://www.tei-c.org/ns/1.0"><head n="3">The Coherence Theory-Based Model</head><p>In this part, we briefly introduce coherence theory in §3.1. In §3.2, we provide three ways to modulate an interference model and demonstrate the ad-  </p><formula xml:id="formula_0">−||h + r − t|| 1/2 h, r, t ∈ R k O(Nek + Nrk) TransH −||(h − w ⊤ r hwr) + dr − (t − w ⊤ r twr)|| 2 2 h, t, dr, wr ∈ R k O(Nek + 2Nrk) DistMult h ⊤ diag(r)t h, r, t ∈ R k O(Nek + Nrk) ComplEx Re(h ⊤ diag(r)t) h, r, t ∈ C k O(2Nek + 2Nrk) RotatE −||h • r − t||1 h, r, t ∈ C k , |ri| = 1 O(2Nek + Nrk) RatE −||h ⊙ W ( r) • r − t||1 h, r, t ∈ C k , W ∈ R 2×4 O(2Nek + Nr(k + 8)) HAKE −||hm • rm − tm||2− hm, rm, tm, hp, rp, tp ∈ R k O(2Nek + 2Nrk) λ|| sin((hp + rp − tp)/2)||1 OpticE (ours) −||⟨Mr(h), M ′ r (t)⟩||1</formula><p>h and t are light sources, O(Nek + 3Nrk) M(•) is modulator vantage of the proposed OpticE. In §3.3, the model training process is introduced with the proposed Bernoulli self-adversarial sampling method.</p></div>
<div xmlns="http://www.tei-c.org/ns/1.0"><head n="3.1">Interference under Coherence Theory</head><p>Optical interference is a common phenomenon in physics that can be interpreted formally by the superposition of waves in coherence theory. We briefly introduce this theory. More details can be found in <ref type="bibr" target="#b5">(Hecht, 2016)</ref>.</p><p>Monochromatic harmonic light can be represented as a point in the complex field as</p><formula xml:id="formula_1">E = A exp [iφ],<label>(1)</label></formula><p>where φ is the phase and A is the amplitude (or modulus). The intensity of the light synthesized by E 1 and E 2 can be defined as</p><formula xml:id="formula_2">I = ⟨E 1 , E 2 ⟩ = A 2 1 + A 2 2 + 2A 1 A 2 cos (φ 1 − φ 2 ).</formula><p>(2)</p><p>If and only if A 1 = A 2 and phase difference is π, the intensity tends to be 0, which is called total destructive interference. In our models, we utilize this state to indicate positive triplets in KGs.</p></div>
<div xmlns="http://www.tei-c.org/ns/1.0"><head n="3.2">The Proposed Models</head><p>Based on the coherence theory, we take the entities as a series of light sources and the relations as a type of modulation performed on their phases and the amplitudes. Then, the existence of triplets can be indicated by the intensity of the lights after superposition.</p><p>To be more intuitive, we modify Equation (2) as</p><formula xml:id="formula_3">I = A 2 1 + A 2 2 − 2A 1 A 2 cos (φ 1 − φ 2 ).<label>(3)</label></formula><p>Then, the total destructive interference condition becomes A 1 = A 2 and φ 1 = φ 2 . Given a triplet (h, r, t) ∈ G, each entity consists of k (k is the dimension) light sources. By extending Equation ( <ref type="formula" target="#formula_1">1</ref>), the head entity can be represented as</p><formula xml:id="formula_4">h = [E 1 h , E 2 h , • • • , E k h ],</formula><p>and the tail entity is represented as</p><formula xml:id="formula_5">t = [E 1 t , E 2 t , • • • , E k t ]. The score function is f r (h, t) = −||⟨M r (h), M ′ r (t)⟩|| 1 ,</formula><p>where M r (•) is the modulation operates on the head or the tail, and ⟨M r (h), M ′ r (t)⟩ is a list of </p><formula xml:id="formula_6">i-th sample (h ′ i , r, t ′ i ) ∈ S, its weight p(h ′ i , r, t ′ i ) can be obtained from Equation (4).</formula><p>the synthesized intensities of each dimension calculated by Equation (3). The larger the score function value is, the more likely (h, t, r) is the positive case. When the total destructive interference condition is met, the score reaches its maximum 0.</p><p>In this paper, three ways are designed to modulate the entities. They are summarized as pOpticE, aOpticE and OpticE models.</p><p>(i) pOpticE with only phase modulation. The amplitudes of eahc light sources are fixed at 1. A relation only modulates the corresponding phase. Specifically, we have</p><formula xml:id="formula_7">M r (h) = exp [i(φ h + φ h r )] M ′ r (t) = exp [i(φ t + φ t r )].</formula><p>The modulator provides a phase delay φ h r to the head and φ t r to the tail; then, the score function is</p><formula xml:id="formula_8">f r (h, t) = ||2 − 2 cos(φ h + φ r − φ t )|| 1 , in which φ r = φ h r − φ t r</formula><p>is the phase difference added to the head's phase by relation r. Then, the phase modulation process can be simplified as</p><formula xml:id="formula_9">M r (h) = exp [i(φ h + φ r )] M ′ r (t) = exp [i(φ t )].</formula><p>Similar to other rotation-based models, our models can infer symmetric, anti-symmetric, inversion and composition relations because all these models rely on the modulated phase difference (φ h + φ r − φ t ).</p><p>(ii) aOpticE with additional entity-adaptive amplitudes. The amplitudes of the sources are determined by the specific entities themselves. Then, we obtain</p><formula xml:id="formula_10">M r (h) = A h exp [i(φ h + φ r )] M ′ r (t) = A t exp [i(φ t )].</formula><p>Similar to RotatE, the amplitudes of the entities in aOpticE remain unalterable under different relations.</p><p>(iii) OpticE with relation-adaptive amplitude modulation. The amplitudes of the sources are determined by the entities and relations, simultaneously. We have</p><formula xml:id="formula_11">M r (h) = A r,h exp [i(φ h + φ r )] M ′ r (t) = A r,t exp [i(φ t )],</formula><p>in which A r,h and A r,t are the amplitudes of the entities modulated by the relations. In this paper, we provide a specific format of A r,h and A r,t to map the entities into relation-adaptive rotational orbits with different semantic density:</p><formula xml:id="formula_12">A r,h = 1 + λ cos(φ h + ϕ r ) A r,t = 1 + λ cos(φ t + ϕ ′ r ),</formula><p>where λ ∈ (0, 1) is the coefficient. For OpticE, the amplitudes, which fluctuate between [1−λ, 1+ λ], are controlled by different relations through the extra parameters ϕ r and ϕ ′ r . OpticE is a lightweight model with high storage efficiency, as demonstrated in Table <ref type="table" target="#tab_0">1</ref>. By reusing phase parameters φ h and φ t in A r,h and A r,t , only 2N r * k (N r is the number of relations) extra parameters are needed. However, for other rotation-based models like aOpticE, we need N e * k (N e is the number of entities) parameters to represent the amplitudes. The number of parameters is reduced by (N e −2N r ) * k, where N r ≪ N e in KGs.</p></div>
<div xmlns="http://www.tei-c.org/ns/1.0"><head n="3.3">Training</head><p>Negative sampling is essential to train the models well. This approach is an effective method derived from word embedding <ref type="bibr" target="#b11">(Mikolov et al., 2013)</ref> and has been proven powerful for KG embedding  <ref type="bibr" target="#b6">(Huang et al., 2020;</ref><ref type="bibr" target="#b9">Krompaß et al., 2015;</ref><ref type="bibr" target="#b17">Sun et al., 2019)</ref>. Similar to <ref type="bibr" target="#b17">(Sun et al., 2019)</ref>, the selfadversarial sampling method is used:</p><formula xml:id="formula_13">L = − log σ(γ + f r (h, t)) − n ∑ i=1 p(h ′ i , r, t ′ i ) log σ(−f r (h ′ i , t ′ i ) − γ),</formula><p>where</p><formula xml:id="formula_14">(h ′ i , r, t ′ i )</formula><p>is the i-th negative sample of the true triplet (h, r, t), γ is a fixed margin and σ is the sigmoid function. In OpticE and pOpticE, f r (h, t) need to be reduced by a proper times to fit the value of γ. Furthermore,</p><formula xml:id="formula_15">p(h ′ i , r, t ′ i ) = exp αf r (h ′ i , t ′ i ) ∑ j exp αf r (h ′ j , t ′ j )<label>(4)</label></formula><p>is the weight of the i-th negative sample, where α is the adversarial temperature. According to Equation (4), negative samples with higher scores are assigned with higher weights during the training phase. This is an effective way to filter out highscoring negative samples and lower their scores efficiently. Apparently, this technique is better than assigning the same average weight to each sample. However, there are obvious defects in the selfadversarial sampling methods above. During the sampling process, those missing true triplets to be predicted will inevitably suffer from a severe penalty if they are sampled, which will undermine the prediction accuracy. Here, we take advantage of the Bernoulli sampling strategy described in <ref type="bibr" target="#b21">(Wang et al., 2014)</ref> to reduce the chance of sampling false negative samples. Instead of replacing the head and tail uniformly, we use a Bernoulli distribution to decide whether to corrupt the head or the tail. For example, given a triplet (Biden, nationality, the U.S.), since nationality is a many-toone relation, it is safer to change the entity the U.S. to obtain a negative sample than altering entity Biden. In Algorithm 1, the process of the Bernoulli self-adversarial sampling method is clarified.</p></div>
<div xmlns="http://www.tei-c.org/ns/1.0"><head n="4">Experiments</head><p>In this part, the experimental conditions are elaborated, and the performance of the proposed models is compared. Different negative sampling methods are tested. Finally, we examine the effects of the amplitude of OpticE. All the experiments are conducted on an NVIDIA-v100 GPU. The code for this paper is available on https://github.com/guixiangyu1/OpticE.</p></div>
<div xmlns="http://www.tei-c.org/ns/1.0"><head n="4.1">Experimental Settings</head><p>Four widely used datasets,FB15k <ref type="bibr" target="#b1">(Bordes et al., 2013)</ref>, WN18 <ref type="bibr" target="#b1">(Bordes et al., 2013)</ref>, FB15k-237 <ref type="bibr" target="#b18">(Toutanova and Chen, 2015)</ref> and WN18RR <ref type="bibr" target="#b4">(Dettmers et al., 2018)</ref>, are benchmark datasets in our experiments. All these datasets contain plenty of multimapping instances. The statistics of these datasets are presented in Table <ref type="table" target="#tab_2">2</ref>. The models are trained on the training set and tested on the test set.</p><p>• FB15k contains tremendous entities and multimapping relations from real-world settings and is extracted from Freebase <ref type="bibr" target="#b0">(Bollacker et al., 2008)</ref>.</p><p>• WN18 is extracted from WordNet <ref type="bibr" target="#b12">(Miller, 1995)</ref> and is designed to manipulate the semantic relations between words and phrases.</p><p>• FB15k-237 is a subset of FB15k. To avoid the data leakage problem in FB15k, duplicate triplets and direct links are removed in FB15k-237.</p><p>• WN18RR is a subset of WN18. WN18RR follows the same processes as FB15k-237.</p><p>Hyperparameters. During the training process, Adam (Kingma and Ba, 2014) is used to optimize OpticE. Grid search is used and the range of hyperparameters is set as follows: the batch size b ∈ <ref type="bibr">[512,</ref><ref type="bibr">1024,</ref><ref type="bibr">2048]</ref>, the number of embedding dimensions k ∈ [500, 1000, 1500, 2000], the temperature for Bernoulli self-adversarial sampling α ∈ [0.5, 1.0], the negative sample size n ∈ <ref type="bibr">[50,</ref><ref type="bibr">100,</ref><ref type="bibr">200,</ref><ref type="bibr">256]</ref> and the margin γ ∈ <ref type="bibr">[6,</ref><ref type="bibr">9,</ref><ref type="bibr">12,</ref><ref type="bibr">15]</ref>. All amplitudes and phases are initialized uniformly. The range of the phases is [0, 2π).</p><p>Evaluation. All the models are tested their link prediction performance with three standard evaluation metrics: the mean reciprocal rank (MRR), mean rank (MR) and hits at N (Hits@N). Given a true test triplet, its head entity or tail entity is Table <ref type="table">3</ref>: Link prediction results on FB15k and WN18. We take TransE results from <ref type="bibr" target="#b13">(Nickel et al., 2016)</ref>, and DistMult results from <ref type="bibr" target="#b7">(Kadlec et al., 2017)</ref>. Other results are extracted as benchmarks from the corresponding original papers.</p></div>
<div xmlns="http://www.tei-c.org/ns/1.0"><head>Method</head><p>FB15k WN18 MR MRR Hits@1 Hits@3 Hits@10 MR MRR Hits@1 Hits@3 Hits@10 TransE -.  <ref type="bibr" target="#b4">(Dettmers et al., 2018)</ref>. Other results are extracted as benchmarks from the corresponding original papers.</p></div>
<div xmlns="http://www.tei-c.org/ns/1.0"><head>Method</head><p>FB15k-237 WN18RR MR MRR Hits@1 Hits@3 Hits@10 MR MRR Hits@1 Hits@3 Hits@10 corrupted and we rank all the candidate triplets by their scores from f r (h ′ , t) or f r (h, t ′ ). These ranks are calculated by filtering out all the correct triplets except the one to be predicted. Higher MRR, Hits@N and lower MR suggest better performance.</p></div>
<div xmlns="http://www.tei-c.org/ns/1.0"><head n="4.2">Main Results</head><p>The existing state-of-the-art models are compared with ours in terms of link prediction. They are TransE <ref type="bibr" target="#b1">(Bordes et al., 2013)</ref>, DistMult <ref type="bibr" target="#b22">(Yang et al., 2015)</ref>, ComplEx <ref type="bibr" target="#b19">(Trouillon et al., 2016)</ref>, HolE <ref type="bibr" target="#b13">(Nickel et al., 2016)</ref>, ConvE <ref type="bibr" target="#b4">(Dettmers et al., 2018)</ref>, RotatE <ref type="bibr" target="#b17">(Sun et al., 2019)</ref>, <ref type="bibr">HAKE (Zhang et al., 2020)</ref> and RatE <ref type="bibr" target="#b6">(Huang et al., 2020)</ref>.</p><p>In Tables <ref type="table" target="#tab_3">3 and 4</ref>, the main results obtained on the link prediction task are listed. RotatE surpasses all the previous models by simultaneously modeling different kinds of relations in KGs, including symmetry, antisymmetry, inversion and composition <ref type="bibr" target="#b17">(Sun et al., 2019)</ref>. HAKE, RatE and our OpticE can be considered members of the RotatE family because they all employ the rotation transformation approach and are capable of representing the four types of relations described above. By optimizing the hierarchy and ambiguity aspects, HAKE and RatE outperform RotatE to a large extent. According to the results, by mapping entities into different relation-adaptive semantic spaces, OpticE is comparable to these two models and even exceeds them in terms of most evaluation metrics.</p><p>The performances of different modulation styles are also compared. pOpticE (with only phase modulation) can complete the link prediction task well to some extent. By assigning trainable amplitudes decided by entities, aOp-ticE optimizes the corresponding outcomes. Op-ticE, with relation-adaptive modulated amplitude, greatly surpasses aOpticE in four datasets, which verifies that it is beneficial to use relation-adaptive amplitude modulation rather than entity-adaptive amplitude modulation.</p></div>
<div xmlns="http://www.tei-c.org/ns/1.0"><head n="4.3">Performance for Different Relation Types</head><p>We further investigate the performance of OpticE when processing prediction tasks with different relation types. According to the general classification method given by <ref type="bibr" target="#b21">(Wang et al., 2014)</ref>, the relations are classified into one-to-one, one-to-many,  <ref type="bibr" target="#b17">(Sun et al., 2019)</ref> with their best configurations.</p></div>
<div xmlns="http://www.tei-c.org/ns/1.0"><head>Head Prediction (MRR)</head><p>Tail Prediction (MRR) Relation Type Table <ref type="table">6</ref>: Performance of RotatE and OpticE with different negative sampling methods. For FB15k-237, the negative sample size is set to 256. For WN18RR, the negative sample size is set to 100. Other conditions remain the same.</p><formula xml:id="formula_16">1-to-1 1-to-M M-to-1 M-to-M 1-to-1 1-to-M M-to-1 M-to</formula><p>FB15k-237 WN18RR MR MRR Hits@1 Hits@3 Hits@10 MR MRR Hits@1 Hits@3 Hits@10 RotatE(uni  many-to-one and many-to-many types. The results obtained by OpticE on the FB15k-237 dataset are given in Table <ref type="table" target="#tab_5">5</ref> and compared with those of TransE and RotatE.</p><p>We can see that OpticE achieves improvements for almost all types of relations, except the oneto-many tail prediction relations for which all the methods obtain low MRR scores. It is difficult to predict the 'many' parts of one-to-many and many-to-one relations. This is in line with the common sense notion that 'many' indicates more uncertainty. By employing relation-adaptive amplitudes, OpticE alleviates this problem to some extent.</p></div>
<div xmlns="http://www.tei-c.org/ns/1.0"><head n="4.4">Analysis of Negative Sampling Methods</head><p>We apply different negative sampling methods to OpticE and RotatE and record the results in Table <ref type="table">6</ref>. Uniform sampling (uni.), self-adversarial sampling (adv.) and Bernoulli self-adversarial sampling (badv.) are alternated in the models during the test. These methods are evaluated based on the results in Table <ref type="table">6</ref>. During the sampling phase, Bernoulli sampling can decrease the chance of sampling false negative samples. As indicated in the table, compared with adv. and uni. sampling, models with badv. sampling achieve the best result. From the perspective of models, Op-ticE outperforms RotatE with the same negative sampling method, which proves the excellent representation ability of OpticE.  (many-to-many) and Institution 2 (one-to-one), we take the average amplitude of their tails and calculate the corresponding relative frequency.</p></div>
<div xmlns="http://www.tei-c.org/ns/1.0"><head n="4.5">Analysis Regarding the Amplitude</head><p>To verify the effects of the amplitude, we monitor and visualize it in OpticE. we visualize the heads and tails on FB15k-237 with several relations, as shown in Figure <ref type="figure" target="#fig_1">2</ref>. In Figure <ref type="figure" target="#fig_2">3</ref>, we test the amplitude distribution of different kinds of relations.</p><p>Visualization of relation-adaptive amplitudes in OpticE. In Figure <ref type="figure" target="#fig_1">2</ref>, all the entities are mapped into a 2D space with the data of their first 500 dimensions, based on a complex coordinate system. To make the property of the amplitude more obvious, we take the logarithm operation on the amplitudes. Since the amplitudes and moduli are less than 1, the smaller radii in the figure will actually indicate larger amplitudes or moduli. The numbers in the parentheses are (hpt : tph) of the relations.</p><p>In Figure <ref type="figure" target="#fig_1">2</ref> ). The reason is that for multimapping relations, the semantics of entities overlap with each other. Then with smaller amplitudes in a dense semantic space, similar semantics are more convenient to express. For the one-to-one relations, entities are exclusive and there are semantic gaps between them. With larger amplitudes in a sparse semantic space, each entity can disambiguate with each other more easily. These attributes are also demonstrated in Figure <ref type="figure" target="#fig_1">2</ref>, showing that multimapping relations have smaller radii (red points) and one-to-one relations with larger ones (blue points).</p></div>
<div xmlns="http://www.tei-c.org/ns/1.0"><head n="5">Conclusion</head><p>We embed KGs with a novel optic interference perspective to tackle the link prediction problem. A More Details about Coherence Theory</p><p>Given E 1 = A 1 e iφ 1 and E 2 = A 2 e iφ 2 , after the superposition of the two light waves, the formed synthetic light is</p><formula xml:id="formula_17">E =A 1 e iφ 1 + A 2 e iφ 2 =A 1 cos φ 1 + A 2 cos φ 2 + i(A 1 sin φ 1 + A 2 sin φ 2 ).</formula><p>Then, we have</p><formula xml:id="formula_18">||E|| 2 =(A 1 cos φ 1 + A 2 cos φ 2 ) 2 + (A 1 sin φ 1 + A 2 sin φ 2 ) 2 =A 2 1 + A 2 2 + 2A 1 A 2 cos (φ 1 − φ 2 ).</formula><p>The final intensity is I = 1 2 ||E|| 2 . For convenience, the coefficient 1 2 is ignored. The synthetic light intensity of two coherent lights can be noted as</p><formula xml:id="formula_19">I = ⟨E 1 , E 2 ⟩ = A 2 1 + A 2 2 + 2A 1 A 2 cos (φ 1 − φ 2 ).</formula><p>To be more intuitive, we modify the intensity as</p><formula xml:id="formula_20">I = ||E 1 − E 2 || 2 = A 2 1 + A 2 2 − 2A 1 A 2 cos (φ 1 − φ 2 ).</formula><p>Then, the phase difference between φ 1 and φ 2 is important during the process (k ∈ Z):</p><formula xml:id="formula_21">I =        (A 1 + A 2 ) 2 , φ 1 − φ 2 = (2k + 1)π, A 2 1 + A 2 2 , φ 1 − φ 2 = ( 1 2 + k)π, (A 1 − A 2 ) 2 , φ 1 − φ 2 = 2kπ.</formula><p>When cos (φ 1 − φ 2 ) = 1, the intensity reaches its maximum as (A 1 + A 2 ) 2 . When cos (φ 1 − φ 2 ) = 0, the interference effect disappears, and intensity is the sum of the individual intensities as A 2 1 + A 2 2 . The extreme case is total destructive interference, in which the waves tend to cancel, and the intensity tends to be zero. This extreme case occurs only if A 1 = A 2 and φ 1 = φ 2 (suppose φ 1 , φ 2 ∈ (0, 2π]).  </p></div>
<div xmlns="http://www.tei-c.org/ns/1.0"><head>B Reasoning in Symmetric Relations</head><p>OpticE can infer symmetric, anti-symmetric, inversion and composition relations. We give the proof for symmetric relations here, and others are omitted in this paper.</p><p>For a symmetric relation r with two positive cases, (h, r, t) and (t, r, h), to satisfy the coherence condition of phase matching,</p><formula xml:id="formula_22">φ h + φ r − φ t = 2k 1 π φ t + φ r − φ h = 2k 2 π,</formula><p>where k 1 and k 2 ∈ Z. By adding the formulas above, we can obtain φ r = (k 1 + k 2 )π = kπ, in which k ∈ Z. Specifically, φ r = ±π and 0 in OpticE.</p><p>The phase properties inherited from the rotation models are tested. Compared with translation models, e.g., TransE, rotation transformation models are able to represent symmetric relations. For instance, when (h, r, t) and (t, r, h) are both positive cases, it is trivial for TransE to set r to 0. However, for OpticE, the period of the phase takes effect with a phase φ r = kπ. This is verified in Figure <ref type="figure" target="#fig_5">4</ref>, in which the phase of the symmetric relation _similar_to and spouse is distributed around ±π and 0.</p></div><figure xmlns="http://www.tei-c.org/ns/1.0" xml:id="fig_0"><head>Figure 1 :</head><label>1</label><figDesc>Figure 1: Illustration of OpticE. (a) A toy example is given. (b) RotatE is unable to disambiguate New York from Washington D.C. for the relation Capital_of. (c) The entities New York and Washington D.C. are mapped into different relation-adaptive orbits with the same phase difference.</figDesc></figure>
<figure xmlns="http://www.tei-c.org/ns/1.0" xml:id="fig_1"><head>Figure 2 :</head><label>2</label><figDesc>Figure 2: Visualization of several entities on FB15k-237. The Mid of h 1 and h 2 are /m/04ztj and /m/07tg4; the Mid of t 1 and t 2 are /m/08mbj5d and /m/0bwfn.</figDesc></figure>
<figure xmlns="http://www.tei-c.org/ns/1.0" xml:id="fig_2"><head>Figure 3 :</head><label>3</label><figDesc>Figure 3: Distribution histogram of the amplitudes. (a)For Student (many-to-one) and Campuses (one-to-one), we take the average amplitude of their heads and calculate the corresponding relative frequency. (b) For Institution 1 (many-to-many) and Institution 2 (one-to-one), we take the average amplitude of their tails and calculate the corresponding relative frequency.</figDesc></figure>
<figure xmlns="http://www.tei-c.org/ns/1.0" xml:id="fig_3"><head></head><label></label><figDesc>(a) and (b), (c) and (d), RotatE mixes entities in the same space while OpticE can distinguish them by different relations. The radii under one-to-one relations (Institution 2 and Campuses) are smaller in OpticE, which means the entities are mapped into sparse semantic space with larger amplitudes. In Figure 2(e) and Figure 2(f), although Yale is the head entity of both relations, entity Yale is mapped into sparse semantic space by relation Campuses (one-to-one) and dense semantic space by relation Student (manyto-one). A similar situation occurs with UMich on Institution 1 and Institution 2 . These visualizations prove that OpticE can tackle the semantic ambiguity problem with relation-adaptive amplitudes. Distribution of amplitudes of different rela-tions. The relation between the values of amplitudes and the multimapping properties of the relation is investigated. As illustrated in Figure 3, the amplitudes of injective (one-to-one) relations (Campuses and Institution 2 ) are larger than those of noninjective relations (Student and Institution 1</figDesc></figure>
<figure xmlns="http://www.tei-c.org/ns/1.0" xml:id="fig_5"><head>Figure 4 :</head><label>4</label><figDesc>Figure 4: Distribution histogram of the phases of _sim-ilar_to in WN18RR and spouse in FB15k-237.</figDesc></figure>
<figure xmlns="http://www.tei-c.org/ns/1.0" type="table" xml:id="tab_0"><head>Table 1 :</head><label>1</label><figDesc>KG embedding models and their storage complexities of parameters, where • denotes the Hadamard product, || • || 1/2 denotes the L1 or L2 norm, and ⊙ denotes a specific weighted product defined in RatE. k is the dimensionality. N e and N r are the numbers of entities and relations.</figDesc><table><row><cell>Model</cell><cell>Score function</cell><cell>Parameters</cell><cell>Complexity</cell></row><row><cell>TransE</cell><cell></cell><cell></cell><cell></cell></row></table></figure>
<figure xmlns="http://www.tei-c.org/ns/1.0" type="table" xml:id="tab_1"><head></head><label></label><figDesc>For each relation in KG, we first get the statistics about hpt and tph (hpt is the average number of head entities per tail entity; tph is the average number of tail entities per head entity).</figDesc><table><row><cell cols="2">Ensure: The negative sample set S and</cell></row><row><cell cols="2">p(h ′ i , r, t ′ i ). 1: p = hpt hpt+tph // probability to corrupt the tail</cell></row><row><cell cols="2">2: ϵ ← U (0, 1) // ϵ uniformly generated from</cell></row><row><cell></cell><cell>(0, 1]</cell></row><row><cell cols="2">3: if ϵ &lt; p then</cell></row><row><cell>4:</cell><cell>while |S| &lt; n do</cell></row><row><cell>5:</cell><cell>S ← S ∪ (h, r, t ′ ) // to corrupt the tail</cell></row><row><cell>6:</cell><cell>end while</cell></row><row><cell cols="2">7: else</cell></row><row><cell>8:</cell><cell>while |S| &lt; n do</cell></row><row><cell>9:</cell><cell>S ← S ∪ (h ′ , r, t) // to corrupt the head</cell></row><row><cell>10:</cell><cell>end while</cell></row><row><cell cols="2">11: end if</cell></row><row><cell cols="2">12: for the</cell></row></table><note>Algorithm 1 Bernoulli self-adversarial samplingRequire: A KG G, the given true triplet (h, r, t) ∈ G, the number of negative samples n.</note></figure>
<figure xmlns="http://www.tei-c.org/ns/1.0" type="table" xml:id="tab_2"><head>Table 2 :</head><label>2</label><figDesc>Statistics of the datasets. The last column is the number of the observed triplets in each test, validation and training set.</figDesc><table><row><cell>Dataset</cell><cell>Ne</cell><cell>Nr</cell><cell># Te./Val./Tr.</cell></row><row><cell>FB15k</cell><cell cols="3">14,951 1,345 59k / 50k / 483k</cell></row><row><cell>WN18</cell><cell>40,943</cell><cell>18</cell><cell>5k / 5k / 141k</cell></row><row><cell cols="2">FB15k-237 14,541</cell><cell>237</cell><cell>20k / 18k / 272k</cell></row><row><cell>WN18RR</cell><cell>40,943</cell><cell>11</cell><cell>3k / 3k / 87k</cell></row></table></figure>
<figure xmlns="http://www.tei-c.org/ns/1.0" type="table" xml:id="tab_3"><head>Table 4 :</head><label>4</label><figDesc>Link prediction results on FB15k-237 and WN18RR. The results of [♠] are taken from</figDesc><table><row><cell></cell><cell></cell><cell>.463</cell><cell>.297</cell><cell>.578</cell><cell>.749</cell><cell>-</cell><cell>.495</cell><cell>.113</cell><cell>.888</cell><cell>.943</cell></row><row><cell>DistMult</cell><cell>42</cell><cell>.798</cell><cell>-</cell><cell>-</cell><cell>.893</cell><cell>655</cell><cell>.797</cell><cell>-</cell><cell>-</cell><cell>.946</cell></row><row><cell>HolE</cell><cell>-</cell><cell>.524</cell><cell>.402</cell><cell>.613</cell><cell>.739</cell><cell>-</cell><cell>.938</cell><cell>.930</cell><cell>.945</cell><cell>.949</cell></row><row><cell>ComplEx</cell><cell>-</cell><cell>.692</cell><cell>.599</cell><cell>.759</cell><cell>.840</cell><cell>-</cell><cell>.941</cell><cell>.936</cell><cell>.945</cell><cell>.947</cell></row><row><cell>ConvE</cell><cell>51</cell><cell>.657</cell><cell>.558</cell><cell>.723</cell><cell>.831</cell><cell>374</cell><cell>.943</cell><cell>.935</cell><cell>.946</cell><cell>.956</cell></row><row><cell>RotatE</cell><cell>40</cell><cell>.797</cell><cell>.746</cell><cell>.830</cell><cell>.884</cell><cell>309</cell><cell>.949</cell><cell>.944</cell><cell>.952</cell><cell>.959</cell></row><row><cell>RatE</cell><cell>24</cell><cell>.810</cell><cell>.724</cell><cell>.859</cell><cell>.898</cell><cell>180</cell><cell>.950</cell><cell>.944</cell><cell>.953</cell><cell>.962</cell></row><row><cell>pOpticE</cell><cell>42</cell><cell>.792</cell><cell>.742</cell><cell>.823</cell><cell>.881</cell><cell>290</cell><cell>.948</cell><cell>.940</cell><cell>.952</cell><cell>.960</cell></row><row><cell>aOpticE</cell><cell>45</cell><cell>.788</cell><cell>.736</cell><cell>.822</cell><cell>.879</cell><cell>362</cell><cell>.946</cell><cell>.940</cell><cell>.952</cell><cell>.958</cell></row><row><cell>OpticE</cell><cell>39</cell><cell>.804</cell><cell>.756</cell><cell>.837</cell><cell>.889</cell><cell>261</cell><cell>.951</cell><cell>.946</cell><cell>.955</cell><cell>.961</cell></row></table></figure>
<figure xmlns="http://www.tei-c.org/ns/1.0" type="table" xml:id="tab_5"><head>Table 5 :</head><label>5</label><figDesc>Performance on FB15k-237 for different relation types. TransE and RotatE are trained according to the code released by</figDesc><table /></figure>
		</body>
		<back>

			<div type="acknowledgement">
<div xmlns="http://www.tei-c.org/ns/1.0"><head>Acknowledgement</head><p>This work was supported in part by National Natural Science Foundation of China under Grants No.62072203.</p></div>
			</div>

			<div type="references">

				<listBibl>

<biblStruct xml:id="b0">
	<analytic>
		<title level="a" type="main">Freebase: a collaboratively created graph database for structuring human knowledge</title>
		<author>
			<persName><forename type="first">Kurt</forename><surname>Bollacker</surname></persName>
		</author>
		<author>
			<persName><forename type="first">Colin</forename><surname>Evans</surname></persName>
		</author>
		<author>
			<persName><forename type="first">Praveen</forename><surname>Paritosh</surname></persName>
		</author>
		<author>
			<persName><forename type="first">Tim</forename><surname>Sturge</surname></persName>
		</author>
		<author>
			<persName><forename type="first">Jamie</forename><surname>Taylor</surname></persName>
		</author>
	</analytic>
	<monogr>
		<title level="m">Proceedings of the 2008 ACM SIGMOD international conference on Management of data</title>
				<meeting>the 2008 ACM SIGMOD international conference on Management of data</meeting>
		<imprint>
			<date type="published" when="2008">2008</date>
			<biblScope unit="page" from="1247" to="1250" />
		</imprint>
	</monogr>
	<note type="raw_reference">Kurt Bollacker, Colin Evans, Praveen Paritosh, Tim Sturge, and Jamie Taylor. 2008. Freebase: a collab- oratively created graph database for structuring hu- man knowledge. In Proceedings of the 2008 ACM SIGMOD international conference on Management of data, pages 1247-1250.</note>
</biblStruct>

<biblStruct xml:id="b1">
	<monogr>
		<title level="m" type="main">Translating embeddings for modeling multirelational data. Advances in neural information processing systems</title>
		<author>
			<persName><forename type="first">Antoine</forename><surname>Bordes</surname></persName>
		</author>
		<author>
			<persName><forename type="first">Nicolas</forename><surname>Usunier</surname></persName>
		</author>
		<author>
			<persName><forename type="first">Alberto</forename><surname>Garcia-Duran</surname></persName>
		</author>
		<author>
			<persName><forename type="first">Jason</forename><surname>Weston</surname></persName>
		</author>
		<author>
			<persName><forename type="first">Oksana</forename><surname>Yakhnenko</surname></persName>
		</author>
		<imprint>
			<date type="published" when="2013">2013</date>
			<biblScope unit="volume">26</biblScope>
			<biblScope unit="page" from="2787" to="2795" />
		</imprint>
	</monogr>
	<note type="raw_reference">Antoine Bordes, Nicolas Usunier, Alberto Garcia- Duran, Jason Weston, and Oksana Yakhnenko. 2013. Translating embeddings for modeling multi- relational data. Advances in neural information pro- cessing systems, 26:2787-2795.</note>
</biblStruct>

<biblStruct xml:id="b2">
	<analytic>
		<title level="a" type="main">Dynamic neuro-symbolic knowledge graph construction for zero-shot commonsense question answering</title>
		<author>
			<persName><forename type="first">Antoine</forename><surname>Bosselut</surname></persName>
		</author>
		<author>
			<persName><forename type="first">Ronan</forename><surname>Le Bras</surname></persName>
		</author>
		<author>
			<persName><forename type="first">Yejin</forename><surname>Choi</surname></persName>
		</author>
	</analytic>
	<monogr>
		<title level="m">Proceedings of the 35th AAAI Conference on Artificial Intelligence (AAAI)</title>
				<meeting>the 35th AAAI Conference on Artificial Intelligence (AAAI)</meeting>
		<imprint>
			<date type="published" when="2021">2021</date>
		</imprint>
	</monogr>
	<note type="raw_reference">Antoine Bosselut, Ronan Le Bras, and Yejin Choi. 2021. Dynamic neuro-symbolic knowledge graph construction for zero-shot commonsense question answering. In Proceedings of the 35th AAAI Con- ference on Artificial Intelligence (AAAI).</note>
</biblStruct>

<biblStruct xml:id="b3">
	<monogr>
		<author>
			<persName><forename type="first">Boxi</forename><surname>Cao</surname></persName>
		</author>
		<author>
			<persName><forename type="first">Hongyu</forename><surname>Lin</surname></persName>
		</author>
		<author>
			<persName><forename type="first">Xianpei</forename><surname>Han</surname></persName>
		</author>
		<author>
			<persName><forename type="first">Le</forename><surname>Sun</surname></persName>
		</author>
		<author>
			<persName><forename type="first">Lingyong</forename><surname>Yan</surname></persName>
		</author>
		<author>
			<persName><forename type="first">Meng</forename><surname>Liao</surname></persName>
		</author>
		<author>
			<persName><forename type="first">Tong</forename><surname>Xue</surname></persName>
		</author>
		<author>
			<persName><forename type="first">Jin</forename><surname>Xu</surname></persName>
		</author>
		<idno type="arXiv">arXiv:2106.09231</idno>
		<title level="m">Knowledgeable or educated guess? revisiting language models as knowledge bases</title>
				<imprint>
			<date type="published" when="2021">2021</date>
		</imprint>
	</monogr>
	<note type="report_type">arXiv preprint</note>
	<note type="raw_reference">Boxi Cao, Hongyu Lin, Xianpei Han, Le Sun, Lingy- ong Yan, Meng Liao, Tong Xue, and Jin Xu. 2021. Knowledgeable or educated guess? revisiting lan- guage models as knowledge bases. arXiv preprint arXiv:2106.09231.</note>
</biblStruct>

<biblStruct xml:id="b4">
	<analytic>
		<title level="a" type="main">Convolutional 2d knowledge graph embeddings</title>
		<author>
			<persName><forename type="first">Tim</forename><surname>Dettmers</surname></persName>
		</author>
		<author>
			<persName><forename type="first">Pasquale</forename><surname>Minervini</surname></persName>
		</author>
		<author>
			<persName><forename type="first">Pontus</forename><surname>Stenetorp</surname></persName>
		</author>
		<author>
			<persName><forename type="first">Sebastian</forename><surname>Riedel</surname></persName>
		</author>
	</analytic>
	<monogr>
		<title level="m">Thirty-second AAAI conference on artificial intelligence</title>
				<imprint>
			<date type="published" when="2018">2018</date>
		</imprint>
	</monogr>
	<note type="raw_reference">Tim Dettmers, Pasquale Minervini, Pontus Stenetorp, and Sebastian Riedel. 2018. Convolutional 2d knowledge graph embeddings. In Thirty-second AAAI conference on artificial intelligence.</note>
</biblStruct>

<biblStruct xml:id="b5">
	<monogr>
		<title level="m" type="main">Optics, Global Edition</title>
		<author>
			<persName><forename type="first">E</forename><surname>Hecht</surname></persName>
		</author>
		<imprint>
			<date type="published" when="2016">2016</date>
			<publisher>Pearson Education Limited</publisher>
		</imprint>
	</monogr>
	<note type="raw_reference">E. Hecht. 2016. Optics, Global Edition. Pearson Edu- cation Limited.</note>
</biblStruct>

<biblStruct xml:id="b6">
	<analytic>
		<title level="a" type="main">Rate: Relation-adaptive translating embedding for knowledge graph completion</title>
		<author>
			<persName><forename type="first">Hao</forename><surname>Huang</surname></persName>
		</author>
		<author>
			<persName><forename type="first">Guodong</forename><surname>Long</surname></persName>
		</author>
		<author>
			<persName><forename type="first">Tao</forename><surname>Shen</surname></persName>
		</author>
		<author>
			<persName><forename type="first">Jing</forename><surname>Jiang</surname></persName>
		</author>
		<author>
			<persName><forename type="first">Chengqi</forename><surname>Zhang</surname></persName>
		</author>
	</analytic>
	<monogr>
		<title level="m">Proceedings of the 28th International Conference on Computational Linguistics</title>
				<meeting>the 28th International Conference on Computational Linguistics</meeting>
		<imprint>
			<date type="published" when="2020">2020</date>
			<biblScope unit="page" from="556" to="567" />
		</imprint>
	</monogr>
	<note type="raw_reference">Hao Huang, Guodong Long, Tao Shen, Jing Jiang, and Chengqi Zhang. 2020. Rate: Relation-adaptive translating embedding for knowledge graph comple- tion. In Proceedings of the 28th International Con- ference on Computational Linguistics, pages 556- 567.</note>
</biblStruct>

<biblStruct xml:id="b7">
	<monogr>
		<title level="m" type="main">Knowledge base completion: Baselines strike back</title>
		<author>
			<persName><forename type="first">Rudolf</forename><surname>Kadlec</surname></persName>
		</author>
		<author>
			<persName><forename type="first">Ondrej</forename><surname>Bajgar</surname></persName>
		</author>
		<idno type="arXiv">arXiv:1705.10744</idno>
		<imprint>
			<date type="published" when="2017">Jan Kleindienst. 2017</date>
		</imprint>
	</monogr>
	<note type="report_type">arXiv preprint</note>
	<note type="raw_reference">Rudolf Kadlec, Ondrej Bajgar, and Jan Kleindienst. 2017. Knowledge base completion: Baselines strike back. arXiv preprint arXiv:1705.10744.</note>
</biblStruct>

<biblStruct xml:id="b8">
	<monogr>
		<author>
			<persName><forename type="first">P</forename><surname>Diederik</surname></persName>
		</author>
		<author>
			<persName><forename type="first">Jimmy</forename><surname>Kingma</surname></persName>
		</author>
		<author>
			<persName><surname>Ba</surname></persName>
		</author>
		<idno type="arXiv">arXiv:1412.6980</idno>
		<title level="m">Adam: A method for stochastic optimization</title>
				<imprint>
			<date type="published" when="2014">2014</date>
		</imprint>
	</monogr>
	<note type="report_type">arXiv preprint</note>
	<note type="raw_reference">Diederik P Kingma and Jimmy Ba. 2014. Adam: A method for stochastic optimization. arXiv preprint arXiv:1412.6980.</note>
</biblStruct>

<biblStruct xml:id="b9">
	<analytic>
		<title level="a" type="main">Type-constrained representation learning in knowledge graphs</title>
		<author>
			<persName><forename type="first">Denis</forename><surname>Krompaß</surname></persName>
		</author>
		<author>
			<persName><forename type="first">Stephan</forename><surname>Baier</surname></persName>
		</author>
		<author>
			<persName><surname>Volker Tresp</surname></persName>
		</author>
	</analytic>
	<monogr>
		<title level="m">International semantic web conference</title>
				<imprint>
			<publisher>Springer</publisher>
			<date type="published" when="2015">2015</date>
			<biblScope unit="page" from="640" to="655" />
		</imprint>
	</monogr>
	<note type="raw_reference">Denis Krompaß, Stephan Baier, and Volker Tresp. 2015. Type-constrained representation learning in knowledge graphs. In International semantic web conference, pages 640-655. Springer.</note>
</biblStruct>

<biblStruct xml:id="b10">
	<analytic>
		<title level="a" type="main">Learning entity and relation embeddings for knowledge graph completion</title>
		<author>
			<persName><forename type="first">Yankai</forename><surname>Lin</surname></persName>
		</author>
		<author>
			<persName><forename type="first">Zhiyuan</forename><surname>Liu</surname></persName>
		</author>
		<author>
			<persName><forename type="first">Maosong</forename><surname>Sun</surname></persName>
		</author>
		<author>
			<persName><forename type="first">Yang</forename><surname>Liu</surname></persName>
		</author>
		<author>
			<persName><forename type="first">Xuan</forename><surname>Zhu</surname></persName>
		</author>
	</analytic>
	<monogr>
		<title level="m">Proceedings of the Twenty-Ninth AAAI Conference on Artificial Intelligence</title>
				<meeting>the Twenty-Ninth AAAI Conference on Artificial Intelligence</meeting>
		<imprint>
			<date type="published" when="2015">2015</date>
			<biblScope unit="page" from="2181" to="2187" />
		</imprint>
	</monogr>
	<note type="raw_reference">Yankai Lin, Zhiyuan Liu, Maosong Sun, Yang Liu, and Xuan Zhu. 2015. Learning entity and relation em- beddings for knowledge graph completion. In Pro- ceedings of the Twenty-Ninth AAAI Conference on Artificial Intelligence, pages 2181-2187.</note>
</biblStruct>

<biblStruct xml:id="b11">
	<analytic>
		<title level="a" type="main">Distributed representations of words and phrases and their compositionality</title>
		<author>
			<persName><forename type="first">Tomas</forename><surname>Mikolov</surname></persName>
		</author>
		<author>
			<persName><forename type="first">Ilya</forename><surname>Sutskever</surname></persName>
		</author>
		<author>
			<persName><forename type="first">Kai</forename><surname>Chen</surname></persName>
		</author>
		<author>
			<persName><forename type="first">Greg</forename><forename type="middle">S</forename><surname>Corrado</surname></persName>
		</author>
		<author>
			<persName><forename type="first">Jeff</forename><surname>Dean</surname></persName>
		</author>
	</analytic>
	<monogr>
		<title level="m">Advances in neural information processing systems</title>
				<imprint>
			<date type="published" when="2013">2013</date>
			<biblScope unit="page" from="3111" to="3119" />
		</imprint>
	</monogr>
	<note type="raw_reference">Tomas Mikolov, Ilya Sutskever, Kai Chen, Greg S Cor- rado, and Jeff Dean. 2013. Distributed representa- tions of words and phrases and their compositional- ity. In Advances in neural information processing systems, pages 3111-3119.</note>
</biblStruct>

<biblStruct xml:id="b12">
	<analytic>
		<title level="a" type="main">Wordnet: a lexical database for english</title>
		<author>
			<persName><forename type="first">George</forename><forename type="middle">A</forename><surname>Miller</surname></persName>
		</author>
	</analytic>
	<monogr>
		<title level="j">Communications of the ACM</title>
		<imprint>
			<biblScope unit="volume">38</biblScope>
			<biblScope unit="issue">11</biblScope>
			<biblScope unit="page" from="39" to="41" />
			<date type="published" when="1995">1995</date>
		</imprint>
	</monogr>
	<note type="raw_reference">George A Miller. 1995. Wordnet: a lexical database for english. Communications of the ACM, 38(11):39- 41.</note>
</biblStruct>

<biblStruct xml:id="b13">
	<analytic>
		<title level="a" type="main">Holographic embeddings of knowledge graphs</title>
		<author>
			<persName><forename type="first">Maximilian</forename><surname>Nickel</surname></persName>
		</author>
		<author>
			<persName><forename type="first">Lorenzo</forename><surname>Rosasco</surname></persName>
		</author>
		<author>
			<persName><forename type="first">Tomaso</forename><surname>Poggio</surname></persName>
		</author>
	</analytic>
	<monogr>
		<title level="m">Proceedings of the AAAI Conference on Artificial Intelligence</title>
				<meeting>the AAAI Conference on Artificial Intelligence</meeting>
		<imprint>
			<date type="published" when="2016">2016</date>
			<biblScope unit="volume">30</biblScope>
		</imprint>
	</monogr>
	<note type="raw_reference">Maximilian Nickel, Lorenzo Rosasco, and Tomaso Poggio. 2016. Holographic embeddings of knowl- edge graphs. In Proceedings of the AAAI Confer- ence on Artificial Intelligence, volume 30.</note>
</biblStruct>

<biblStruct xml:id="b14">
	<analytic>
		<title level="a" type="main">A three-way model for collective learning on multi-relational data</title>
		<author>
			<persName><forename type="first">Maximilian</forename><surname>Nickel</surname></persName>
		</author>
		<author>
			<persName><forename type="first">Hans-Peter</forename><surname>Volker Tresp</surname></persName>
		</author>
		<author>
			<persName><surname>Kriegel</surname></persName>
		</author>
	</analytic>
	<monogr>
		<title level="m">Icml</title>
				<imprint>
			<date type="published" when="2011">2011</date>
			<biblScope unit="volume">11</biblScope>
			<biblScope unit="page" from="809" to="816" />
		</imprint>
	</monogr>
	<note type="raw_reference">Maximilian Nickel, Volker Tresp, and Hans-Peter Kriegel. 2011. A three-way model for collective learning on multi-relational data. In Icml, vol- ume 11, pages 809-816.</note>
</biblStruct>

<biblStruct xml:id="b15">
	<analytic>
		<title level="a" type="main">Knowledge graph embedding for link prediction: A comparative analysis</title>
		<author>
			<persName><forename type="first">Andrea</forename><surname>Rossi</surname></persName>
		</author>
		<author>
			<persName><forename type="first">Denilson</forename><surname>Barbosa</surname></persName>
		</author>
		<author>
			<persName><forename type="first">Donatella</forename><surname>Firmani</surname></persName>
		</author>
		<author>
			<persName><forename type="first">Antonio</forename><surname>Matinata</surname></persName>
		</author>
		<author>
			<persName><forename type="first">Paolo</forename><surname>Merialdo</surname></persName>
		</author>
	</analytic>
	<monogr>
		<title level="j">ACM Transactions on Knowledge Discovery from Data (TKDD)</title>
		<imprint>
			<biblScope unit="volume">15</biblScope>
			<biblScope unit="issue">2</biblScope>
			<biblScope unit="page" from="1" to="49" />
			<date type="published" when="2021">2021</date>
		</imprint>
	</monogr>
	<note type="raw_reference">Andrea Rossi, Denilson Barbosa, Donatella Fir- mani, Antonio Matinata, and Paolo Merialdo. 2021. Knowledge graph embedding for link prediction: A comparative analysis. ACM Transactions on Knowl- edge Discovery from Data (TKDD), 15(2):1-49.</note>
</biblStruct>

<biblStruct xml:id="b16">
	<analytic>
		<title level="a" type="main">A survey of research hotspots and frontier trends of recommendation systems from the perspective of knowledge graph</title>
		<author>
			<persName><forename type="first">Bilin</forename><surname>Shao</surname></persName>
		</author>
		<author>
			<persName><forename type="first">Xiaojun</forename><surname>Li</surname></persName>
		</author>
		<author>
			<persName><forename type="first">Genqing</forename><surname>Bian</surname></persName>
		</author>
	</analytic>
	<monogr>
		<title level="j">Expert Systems with Applications</title>
		<imprint>
			<biblScope unit="volume">165</biblScope>
			<biblScope unit="page">113764</biblScope>
			<date type="published" when="2021">2021</date>
		</imprint>
	</monogr>
	<note type="raw_reference">Bilin Shao, Xiaojun Li, and Genqing Bian. 2021. A survey of research hotspots and frontier trends of recommendation systems from the perspective of knowledge graph. Expert Systems with Applications, 165:113764.</note>
</biblStruct>

<biblStruct xml:id="b17">
	<monogr>
		<title level="m" type="main">Rotate: Knowledge graph embedding by relational rotation in complex space</title>
		<author>
			<persName><forename type="first">Zhiqing</forename><surname>Sun</surname></persName>
		</author>
		<author>
			<persName><forename type="first">Zhi-Hong</forename><surname>Deng</surname></persName>
		</author>
		<author>
			<persName><forename type="first">Jian-Yun</forename><surname>Nie</surname></persName>
		</author>
		<author>
			<persName><forename type="first">Jian</forename><surname>Tang</surname></persName>
		</author>
		<idno type="arXiv">arXiv:1902.10197</idno>
		<imprint>
			<date type="published" when="2019">2019</date>
		</imprint>
	</monogr>
	<note type="report_type">arXiv preprint</note>
	<note type="raw_reference">Zhiqing Sun, Zhi-Hong Deng, Jian-Yun Nie, and Jian Tang. 2019. Rotate: Knowledge graph embed- ding by relational rotation in complex space. arXiv preprint arXiv:1902.10197.</note>
</biblStruct>

<biblStruct xml:id="b18">
	<analytic>
		<title level="a" type="main">Observed versus latent features for knowledge base and text inference</title>
		<author>
			<persName><forename type="first">Kristina</forename><surname>Toutanova</surname></persName>
		</author>
		<author>
			<persName><forename type="first">Danqi</forename><surname>Chen</surname></persName>
		</author>
	</analytic>
	<monogr>
		<title level="m">Proceedings of the 3rd workshop on continuous vector space models and their compositionality</title>
				<meeting>the 3rd workshop on continuous vector space models and their compositionality</meeting>
		<imprint>
			<date type="published" when="2015">2015</date>
			<biblScope unit="page" from="57" to="66" />
		</imprint>
	</monogr>
	<note type="raw_reference">Kristina Toutanova and Danqi Chen. 2015. Observed versus latent features for knowledge base and text inference. In Proceedings of the 3rd workshop on continuous vector space models and their composi- tionality, pages 57-66.</note>
</biblStruct>

<biblStruct xml:id="b19">
	<analytic>
		<title level="a" type="main">Complex embeddings for simple link prediction</title>
		<author>
			<persName><forename type="first">Théo</forename><surname>Trouillon</surname></persName>
		</author>
		<author>
			<persName><forename type="first">Johannes</forename><surname>Welbl</surname></persName>
		</author>
		<author>
			<persName><forename type="first">Sebastian</forename><surname>Riedel</surname></persName>
		</author>
		<author>
			<persName><forename type="first">Éric</forename><surname>Gaussier</surname></persName>
		</author>
		<author>
			<persName><forename type="first">Guillaume</forename><surname>Bouchard</surname></persName>
		</author>
	</analytic>
	<monogr>
		<title level="m">International conference on machine learning</title>
				<imprint>
			<publisher>PMLR</publisher>
			<date type="published" when="2016">2016</date>
			<biblScope unit="page" from="2071" to="2080" />
		</imprint>
	</monogr>
	<note type="raw_reference">Théo Trouillon, Johannes Welbl, Sebastian Riedel, Éric Gaussier, and Guillaume Bouchard. 2016. Complex embeddings for simple link prediction. In Interna- tional conference on machine learning, pages 2071- 2080. PMLR.</note>
</biblStruct>

<biblStruct xml:id="b20">
	<analytic>
		<title level="a" type="main">Wikidata: a free collaborative knowledgebase</title>
		<author>
			<persName><forename type="first">Denny</forename><surname>Vrandečić</surname></persName>
		</author>
		<author>
			<persName><forename type="first">Markus</forename><surname>Krötzsch</surname></persName>
		</author>
	</analytic>
	<monogr>
		<title level="m">Communications of the ACM</title>
				<imprint>
			<date type="published" when="2014">2014</date>
			<biblScope unit="volume">57</biblScope>
			<biblScope unit="page" from="78" to="85" />
		</imprint>
	</monogr>
	<note type="raw_reference">Denny Vrandečić and Markus Krötzsch. 2014. Wiki- data: a free collaborative knowledgebase. Commu- nications of the ACM, 57(10):78-85.</note>
</biblStruct>

<biblStruct xml:id="b21">
	<analytic>
		<title level="a" type="main">Knowledge graph embedding by translating on hyperplanes</title>
		<author>
			<persName><forename type="first">Zhen</forename><surname>Wang</surname></persName>
		</author>
		<author>
			<persName><forename type="first">Jianwen</forename><surname>Zhang</surname></persName>
		</author>
		<author>
			<persName><forename type="first">Jianlin</forename><surname>Feng</surname></persName>
		</author>
		<author>
			<persName><forename type="first">Zheng</forename><surname>Chen</surname></persName>
		</author>
	</analytic>
	<monogr>
		<title level="m">AAAI</title>
				<imprint>
			<publisher>Citeseer</publisher>
			<date type="published" when="2014">2014</date>
			<biblScope unit="volume">14</biblScope>
			<biblScope unit="page" from="1112" to="1119" />
		</imprint>
	</monogr>
	<note type="raw_reference">Zhen Wang, Jianwen Zhang, Jianlin Feng, and Zheng Chen. 2014. Knowledge graph embedding by trans- lating on hyperplanes. In AAAI, volume 14, pages 1112-1119. Citeseer.</note>
</biblStruct>

<biblStruct xml:id="b22">
	<analytic>
		<title level="a" type="main">Embedding entities and relations for learning and inference in knowledge bases</title>
		<author>
			<persName><forename type="first">Bishan</forename><surname>Yang</surname></persName>
		</author>
		<author>
			<persName><forename type="first">Scott</forename></persName>
		</author>
		<author>
			<persName><forename type="first">Wen-Tau</forename><surname>Yih</surname></persName>
		</author>
		<author>
			<persName><forename type="first">Xiaodong</forename><surname>He</surname></persName>
		</author>
		<author>
			<persName><forename type="first">Jianfeng</forename><surname>Gao</surname></persName>
		</author>
		<author>
			<persName><forename type="first">Li</forename><surname>Deng</surname></persName>
		</author>
	</analytic>
	<monogr>
		<title level="m">Proceedings of the International Conference on Learning Representations (ICLR)</title>
				<meeting>the International Conference on Learning Representations (ICLR)</meeting>
		<imprint>
			<date type="published" when="2015">2015. 2015</date>
		</imprint>
	</monogr>
	<note type="raw_reference">Bishan Yang, Scott Wen-tau Yih, Xiaodong He, Jian- feng Gao, and Li Deng. 2015. Embedding entities and relations for learning and inference in knowl- edge bases. In Proceedings of the International Con- ference on Learning Representations (ICLR) 2015.</note>
</biblStruct>

				</listBibl>
			</div>
		</back>
	</text>
</TEI>
