<?xml version="1.0" encoding="UTF-8"?>
<TEI xml:space="preserve" xmlns="http://www.tei-c.org/ns/1.0" 
xmlns:xsi="http://www.w3.org/2001/XMLSchema-instance" 
xsi:schemaLocation="http://www.tei-c.org/ns/1.0 https://raw.githubusercontent.com/kermitt2/grobid/master/grobid-home/schemas/xsd/Grobid.xsd"
 xmlns:xlink="http://www.w3.org/1999/xlink">
	<teiHeader xml:lang="en">
		<fileDesc>
			<titleStmt>
				<title level="a" type="main">On the Locality of Attention in Direct Speech Translation</title>
			</titleStmt>
			<publicationStmt>
				<publisher/>
				<availability status="unknown"><licence/></availability>
			</publicationStmt>
			<sourceDesc>
				<biblStruct>
					<analytic>
						<author role="corresp">
							<persName><forename type="first">Belen</forename><surname>Alastruey</surname></persName>
							<email>belen.alastruey@upc.edu</email>
							<affiliation key="aff0">
								<orgName type="institution" key="instit1">TALP Research Center</orgName>
								<orgName type="institution" key="instit2">Universitat Politècnica de Catalunya</orgName>
								<address>
									<settlement>Barcelona</settlement>
								</address>
							</affiliation>
						</author>
						<author>
							<persName><forename type="first">Javier</forename><surname>Ferrando</surname></persName>
							<affiliation key="aff0">
								<orgName type="institution" key="instit1">TALP Research Center</orgName>
								<orgName type="institution" key="instit2">Universitat Politècnica de Catalunya</orgName>
								<address>
									<settlement>Barcelona</settlement>
								</address>
							</affiliation>
						</author>
						<author>
							<persName><forename type="first">Gerard</forename><forename type="middle">I</forename><surname>Gállego</surname></persName>
							<affiliation key="aff0">
								<orgName type="institution" key="instit1">TALP Research Center</orgName>
								<orgName type="institution" key="instit2">Universitat Politècnica de Catalunya</orgName>
								<address>
									<settlement>Barcelona</settlement>
								</address>
							</affiliation>
						</author>
						<author>
							<persName><forename type="first">Marta</forename><forename type="middle">R</forename><surname>Costa-Jussà</surname></persName>
							<affiliation key="aff0">
								<orgName type="institution" key="instit1">TALP Research Center</orgName>
								<orgName type="institution" key="instit2">Universitat Politècnica de Catalunya</orgName>
								<address>
									<settlement>Barcelona</settlement>
								</address>
							</affiliation>
						</author>
						<title level="a" type="main">On the Locality of Attention in Direct Speech Translation</title>
					</analytic>
					<monogr>
						<imprint>
							<date/>
						</imprint>
					</monogr>
					<idno type="MD5">A6D8A35226E6AA916B61F5944E0BD050</idno>
				</biblStruct>
			</sourceDesc>
		</fileDesc>
		<encodingDesc>
			<appInfo>
				<application version="0.7.3-SNAPSHOT" ident="GROBID" when="2023-01-12T09:22+0000">
					<desc>GROBID - A machine learning software for extracting information from scholarly documents</desc>
					<ref target="https://github.com/kermitt2/grobid"/>
				</application>
			</appInfo>
		</encodingDesc>
		<profileDesc>
			<abstract>
<div xmlns="http://www.tei-c.org/ns/1.0"><p>Transformers have achieved state-of-the-art results across multiple NLP tasks. However, the self-attention mechanism complexity scales quadratically with the sequence length, creating an obstacle for tasks involving long sequences, like in the speech domain. In this paper, we discuss the usefulness of self-attention for Direct Speech Translation. First, we analyze the layerwise token contributions in the self-attention of the encoder, unveiling local diagonal patterns. To prove that some attention weights are avoidable, we propose to substitute the standard self-attention with a local efficient one, setting the amount of context used based on the results of the analysis. With this approach, our model matches the baseline performance, and improves the efficiency by skipping the computation of those weights that standard attention discards.</p></div>
			</abstract>
		</profileDesc>
	</teiHeader>
	<text xml:lang="en">
		<body>
<div xmlns="http://www.tei-c.org/ns/1.0"><head n="1">Introduction</head><p>Recently, Transformer-based models have gained popularity and have revolutionized Natural Language Processing (NLP) <ref type="bibr" target="#b17">(Vaswani et al., 2017;</ref><ref type="bibr" target="#b4">Devlin et al., 2019;</ref><ref type="bibr" target="#b1">Brown et al., 2020)</ref>. In the speechto-text setting, the Transformer works with audio features like the mel-spectrogram <ref type="bibr" target="#b6">(Dong et al., 2018;</ref><ref type="bibr" target="#b5">Di Gangi et al., 2019)</ref>. These features provide longer input sequences compared to their raw text counterparts. This can be a problem when regarding complexity, since the Transformer's attention matrix computational cost is O(n 2 ), where n is the sequence length. In speech, a common approach used to overcome this issue and reduce the input sequence length is to employ convolutional layers with stride before the Transformer encoder. However, even with the addition of convolutional layers, time and memory complexity is still an issue. An active area of research has investigated ways to make the Transformer more efficient in tasks involving long documents, that exhibit the same problem as speech tasks <ref type="bibr" target="#b16">(Tay et al., 2020)</ref>. These models explore different techniques on how to avoid the computation of some attention weights, hence reducing the complexity of the self-attention layer. Some of these models, such as the Reformer <ref type="bibr" target="#b8">(Kitaev et al., 2020)</ref> or the Routing Transformer <ref type="bibr" target="#b13">(Roy et al., 2021)</ref>, only compute attention weights on those queries and keys that are more related according to different clustering techniques. The authors of the Linformer <ref type="bibr" target="#b19">(Wang et al., 2020b)</ref> state that the attention matrix is low-rank, so they project keys and values to reduce the size of the attention matrix. The Synthesizer <ref type="bibr" target="#b15">(Tay et al., 2021)</ref> directly avoids computing token-to-token interac-tions by learning synthetic attention weights. The Longformer <ref type="bibr" target="#b0">(Beltagy et al., 2020)</ref> and the Big Bird <ref type="bibr" target="#b20">(Zaheer et al., 2020)</ref> modify the attention matrix with patterns such as local or random attentions. In this paper, we focus on local attention by using a sliding window centered on the diagonal of the attention matrix.</p><p>We build upon recent advances in the explainability of the Transformer to analyze the amount of context used by self-attention when dealing with speech features. Recent interpretability works have moved beyond raw attention weights as a measure of layer-wise input attributions and have integrated other modules in the self-attention, such as the norm of the vectors multiplying the attention weights <ref type="bibr" target="#b9">(Kobayashi et al., 2020)</ref>, the layer normalization, and the residual connection <ref type="bibr" target="#b10">(Kobayashi et al., 2021)</ref>. In the Automatic Speech Recognition (ASR) domain, the usefulness of the self-attention has been argued <ref type="bibr" target="#b21">(Zhang et al., 2021;</ref><ref type="bibr" target="#b14">Shim et al., 2022)</ref>, showing that its exposure to the full context might not be necessary, especially in the top layers. We carry out this analysis for Direct Speech Translation (ST) systems, which are capable of translating between languages from speech to text with a single model. The encoder of these systems needs to jointly perform acoustic and semantic modeling, while in ASR the latter is not that relevant <ref type="bibr" target="#b11">(Liu et al., 2020)</ref>. To the best of our knowledge, this is the first work that uses interpretability methods to understand how the Transformer's self-attention behaves in the Direct ST task.</p><p>In this work, we use the layer-wise contributions proposed by <ref type="bibr" target="#b10">Kobayashi et al. (2021)</ref> to analyze the patterns of self-attention in Direct ST in En-De, En-Es and En-It tasks, unveiling their strong local nature. Consequently, using self-attention might not be entirely useful, but it is computationally costly. To verify this hypothesis, based on our analysis, we propose a new architecture designed to maximize the efficiency of the model while minimizing the information loss, and demonstrate no hinder in the model's performance in any of the three directions. We achieve this by substituting regular self-attention with local attention in those layers where the contributions are placed around the diagonal. Finally, we analyze the performance of the proposed model.</p></div>
<div xmlns="http://www.tei-c.org/ns/1.0"><head n="2">Speech-to-text Transformer</head><p>Recent works have attempted to adapt the Transformer to speech tasks <ref type="bibr" target="#b5">(Di Gangi et al., 2019;</ref><ref type="bibr" target="#b7">Gulati et al., 2020)</ref>. In the Direct ST domain, a usual approach is adding two convolutional layers with a stride of 2 before the Transformer <ref type="bibr" target="#b18">(Wang et al., 2020a)</ref>. By doing this, the sequence length is reduced to a fourth of the initial one. After the two convolutional layers, the speech-to-text Transformer (S2T Transformer) consists of a regular Transformer model, composed of 12 encoder layers and 6 decoder layers.</p><p>The main component of the Transformer is the multi-head attention mechanism, in particular, the self-attention is in charge of mixing contextual information. Given a sequence of token repre-</p><formula xml:id="formula_0">sentations {x 1 , • • • , x N }, each of the H heads projects these vectors to queries Q h ∈ R N ×d h , keys K h ∈ R N ×d h and values V h ∈ R N ×d h , with head dimension d h = d/H</formula><p>, where d is the model embedding dimensionality. The self-attention attention (SA) computes:</p><formula xml:id="formula_1">SA(Q h , K h , V h ) = H h A h V h W h O + b O (1)</formula><p>Where</p><formula xml:id="formula_2">W h O ∈ R d h ×d and b O ∈ R d are</formula></div>
<div xmlns="http://www.tei-c.org/ns/1.0"><head>learnable parameters, and</head><formula xml:id="formula_3">A h = softmax Q h (K h ) T √ d h (2)</formula><p>Training details. We reproduce the S2T Transformer training with FAIRSEQ <ref type="bibr" target="#b12">(Ott et al., 2019;</ref><ref type="bibr" target="#b18">Wang et al., 2020a)</ref>. The training procedure consists of two phases. First, we pre-train the model in the ASR setting <ref type="bibr" target="#b2">(Bérard et al., 2018)</ref>. Then, we substitute the decoder with a randomly initialized one, and both are finally trained in the ST task (see Appendix C for more details on the hyperparameters).</p><p>For the trainings, we use the MUST-C English-German, English-Spanish and English-Italian subsets <ref type="bibr" target="#b3">(Cattoni et al., 2021)</ref>.</p></div>
<div xmlns="http://www.tei-c.org/ns/1.0"><head n="3">Model Analysis</head><p>In this section, we present the analysis of the encoder self-attention in the S2T Transformer.</p><p>Interpretability method. <ref type="bibr" target="#b10">Kobayashi et al. (2021)</ref> propose an interpretability method that measures the impact of each layer input, i.e token representations (x j ), to the output of the layer, considering also the layer normalization and the residual connection. They provide the formulation for the attention block of the original Transformer architecture, which has layer normalization on top of the self-attention module. In this work, we give an adaptation to the group of models that normalize before the multi-head attention (Pre-LN), such as the S2T Transformer. The complete chain of computations in the Pre-LN attention block can be reformulated as a simple expression of the layer inputs:</p><formula xml:id="formula_4">xi = N j H h A h i,j LN(x j )W h V W h O +b O +x i (3)</formula><p>We can now express the attention block output as a sum of transformed input vectors (F i (x j )):</p><formula xml:id="formula_5">xi = N j F i (x j ) + b O (4)</formula><p>Where F i (x j ) is defined as: <ref type="bibr" target="#b10">Kobayashi et al. (2021)</ref> measure the contribution C i,j of each input vector x j to the layer output xi with the Euclidean norm of the transformed vector: Layer-wise analysis. We analyze the contribution scores obtained with Eq. 5 from the encoder layers in both ASR (pre-training) and ST tasks.</p><formula xml:id="formula_6">F i (x j ) = H h A h i,j LN(x j )W h V W h O if j ̸ = i H h A h i,j LN(x j )W h V W h O + x i if j = i</formula><formula xml:id="formula_7">C i,j = ∥F i (x j )∥<label>(5)</label></formula><p>From the results shown in Figure <ref type="figure" target="#fig_3">4</ref> (see also Appendix E) we observe that most layers' contributions are dense around the diagonal. To measure the degree of diagonality in the contribution matrices at each layer l, we build upon the attention diagonality proposed by <ref type="bibr" target="#b14">Shim et al. (2022)</ref>, originally defined with attention weights and proportions of the sequence length. We reformulate it with the obtained contributions, and token ranges w (see Appendix A for more details on the differences):</p><formula xml:id="formula_8">D(w, l) = 1 N i j C l i,j<label>(6)</label></formula><p>where j ∈ [max(1, i − ⌊ 1 2 w⌋), min(N, i + ⌊ 1 2 w⌋], i ∈ [1, N ]. D(w, l) computes the average of the contributions restricted by the diagonal window range w. In order to measure how fast the contribution density increases over the window length, we calculate the cumulative contribution diagonality (CCD), that corresponds to the area under the curve of the accumulated D(w, l) within the range<ref type="foot" target="#foot_1">2</ref> w ∈ [1, 2N ]. That is, we approximate the integral of D(l, d) along the distance d, but for the discrete variable w (Figure <ref type="figure" target="#fig_1">2</ref>).</p><p>In Figure <ref type="figure" target="#fig_2">3</ref> we show the CCD results for ASR and ST across layers, where we can observe a strong diagonal pattern. We can see that, surprisingly, CCD is very similar in both tasks. This contradicts the belief that, because of the need for deeper semantic processing when translating, ST needs more context than ASR. Furthermore, we see different behaviors along the encoder, and a trend towards uniformly distributed contributions in the first layers.</p><p>Moreover, in Figure <ref type="figure" target="#fig_3">4</ref>, we can see differences between those layers that show local patterns. Layers 4, 5 and 6 attend to close context. Instead, those layers at the end of the encoder, as 11 or 12, need larger context, and we can see how the contributions create patterns corresponding to words in the spectrogram, enabling us to see interactions between them (Figure <ref type="figure" target="#fig_0">1</ref>). Additionally, we see that contribution matrices reveal silences in the speech sequence. However, we believe that further research is needed to fully understand the meaning of these patterns.</p></div>
<div xmlns="http://www.tei-c.org/ns/1.0"><head n="4">Efficient Speech-to-text Transformer</head><p>From the previous analysis, we hypothesize that suitable local attention patterns may potentially avoid the computation of unused attention scores. Note that if a token does not contribute to the output of a layer, its attention score can be canceled. Our objective is to maximize the efficiency of the model while minimizing the performance drop.</p><p>Window size selection. CCD could serve as a starting point to obtain optimal window lengths. However, it requires predefining the amount of total contribution required inside the window, which makes it fragile to properly detect local patterns. On one hand, it can be too sensitive to a strong main diagonal. On the other, it may overestimate random distant contributions. We propose an al- C l : contribution matrix, N : number of tokens, t: min diagonal contribution threshold Output:</p><formula xml:id="formula_9">w l : optimal window size counter ← 0 w l ← 0 while counter &lt; (N/10) do for i ← 0, N do if mean(C l diag [i]) &gt; t or mean(C l diag [−i]) &gt; t then w l ← 2i + 1 counter ← 0 else counter ← counter + 1</formula><p>ternative based on the average contribution of every sub/superdiagonal (Alg. 1). Starting from the main diagonal C diag [0], it keeps adding tokens to the window length until it finds N • 10% consecutive sub/superdiagonals below the t threshold<ref type="foot" target="#foot_3">4</ref> . We repeat this procedure with a random set of 400 sentences, and we compute each layer's window length mean (µ l ) and standard deviation (σ l ). To ensure that most significant contributions are considered, we define as the optimal window size (w l ) the result of the operation<ref type="foot" target="#foot_4">5</ref> w l = ⌈µ l + σ l ⌉. The results obtained are similar in every language pair (Table <ref type="table" target="#tab_0">1</ref> and Appendix D). In Figure <ref type="figure" target="#fig_3">4</ref> Contribution loss. We can now calculate the percentage of the total contributions that are left outside the window. This allows us to discover the amount of contribution that is lost because of the use of local attention. To do so, we employ Eq. 6, but since we are interested in the contributions outside each window w l , we define CL(l, w l ) = 1 − D(l, w l ).</p><p>Proposed architecture. From the previous results, we see that the first three layers are the ones with the weakest local pattern (See Figure <ref type="figure" target="#fig_3">4</ref>). In these layers, CL(l, w l ) is large, and CCD (Figure <ref type="figure" target="#fig_1">2</ref>) shows smaller areas. For these reasons, we believe that using the entire self-attention in the first three layers is necessary. In the following layers, we use local attention with window size w l . Our proposed architecture is an efficient adaptation of the S2T Transformer, and therefore it is exactly equal with exception of the self-attention layers (detailed architectures in Section 2 and Appendix B).</p><p>Experiments. Finally, we train our model under the same specifications and dataset as the baseline (see Section 2 for details on the dataset, and Appendix C for the training hyperparameters).</p><p>As we see in Table <ref type="table" target="#tab_1">2</ref>, our model matches the performance of the S2T Transformer in every analyzed language pair. However, we achieve it while reducing the complexity in most layers from O(n 2 ) to O(n • w l ). This difference can be highly significant, considering the usual length of speech sequences and the size of the windows used. In particular, w l goes from 5 to 25 tokens between the different languages. However, the average length of an input sequence in studied splits of the MUST-C dataset after the two convolutional layers used in the S2T Transformer, is 166 tokens, even reaching a maximum of 1052.</p></div>
<div xmlns="http://www.tei-c.org/ns/1.0"><head n="5">Conclusions</head><p>Transformer-based models are the current stateof-the-art in many different fields. However, the quadratic complexity of the self-attention module usually hinders the usefulness of the model in real-life applications. This problem worsens when working with long sequences, as is the case with speech. In this paper, we have questioned the need of computing all attention weights in ST. We have analyzed the contribution matrices, and we have seen that, in many layers, the relevant scores are placed in a diagonal pattern. Therefore, we have hypothesized that these weights do not need to be calculated. To verify our hypothesis, we have trained a model that substitutes regular self-attention with local attention, with a suitable window size for each layer. We have seen that as we expected, the results are almost equal to the ones obtained with the baseline model, but the complexity has been lowered significantly.</p><p>Regarding interpretability, we have found how the Transformer establishes connections between words in speech sequences. Furthermore, we have seen that, in contrast to what was expected, diagonality scores are similar in both ST and ASR tasks, meaning that they use the same amount of context.</p></div>
<div xmlns="http://www.tei-c.org/ns/1.0"><head n="6">Acknowledgments</head><p>This work was partially funded by the project ADAVOICE, PID2019-107579RB-I00 / AEI / 10.13039/501100011033, and the UPC INIREC scholarship nº3522. We would like to thank Ioannis Tsiamas and Carlos Escolano for their support and advice, and the anonymous reviewers for their useful comments.</p></div>
<div xmlns="http://www.tei-c.org/ns/1.0"><head n="7">Ethical Considerations</head><p>This work analyzes the inner workings of a particular architecture in Direct Speech Translation. Based on the analysis, we propose a more efficient model, that maintains the baseline performance.</p><p>Our proposed solution can help reduce the ecological footprint of Speech Translation systems based on the Transformer architecture. We believe this work has no direct negative social influences. However, we should underline that the dataset used in this paper consists of high-resource languages such as English, German, Spanish, and Italian. Although the interpretability method does not depend on specific languages, there may be differences in the degree of efficiency that can be achieved when experimenting with other languages.</p></div>
<div xmlns="http://www.tei-c.org/ns/1.0"><head>C Training Hyperparameters</head><p>To ensure a reliable comparison, we performed all ASR and ST experiments under the same conditions and hyperparameters. In ASR training we fixed a maximum of 40000 tokens per batch. We used Adam optimizer and a learning rate of 1•10 −3 with an inverse square root scheduler. We applied a warm-up for the first 10000 updates. We clipped the gradient to 10 to avoid exploding gradients. We used label smoothed cross-entropy as a loss function, with a smoothing factor of 0.1. We used an update frequency of 8 on a single GPU. We set a maximum of 50000 updates for every training. In ST training, we use the same hyperparameters as for ASR, but we use a learning rate of 2 • 10 −3 . We conducted the training of all our experiments using NVIDIA GeForce RTX 2080 Ti GPU.</p></div>
<div xmlns="http://www.tei-c.org/ns/1.0"><head>D Optimal window analysis in En-Es and</head><p>En-It ST   </p></div>
<div xmlns="http://www.tei-c.org/ns/1.0"><head>E Contribution Matrices</head><p>Below, we show more examples of contribution matrices for the different languages that have been studied. Note that, although in some cases a diagonal a pattern appears in the first three layers, the diagonality score is still low. Local diagonal patterns are not strictly related to high diagonality, since contributions outside the pattern might be uniformly distributed, and thus difficult to observe in the heatmap. For this reason, contribution matrices can be misleading, and we focus on the use of CL scores to determine which layers should use full attention.      </p></div><figure xmlns="http://www.tei-c.org/ns/1.0" xml:id="fig_0"><head>Figure 1 :</head><label>1</label><figDesc>Figure 1: Spectrogram and contributions matrix 1 in Layer 11, after training for En-De ST. Tokens attend locally, creating a diagonal pattern. Highlighted is shown our proposed adaptive local attention window.</figDesc><graphic coords="1,306.14,212.60,218.27,212.86" type="bitmap" /></figure>
<figure xmlns="http://www.tei-c.org/ns/1.0" xml:id="fig_1"><head>Figure 2 :</head><label>2</label><figDesc>Figure 2: Contribution diagonality D(w, l) after ST training, for a single En-De example. The greater the area under the curve (CCD), the higher the diagonality.</figDesc><graphic coords="3,92.68,70.84,174.62,167.15" type="bitmap" /></figure>
<figure xmlns="http://www.tei-c.org/ns/1.0" xml:id="fig_2"><head>Figure 3 :</head><label>3</label><figDesc>Figure 3: Average cumulative contribution diagonality (CCD) score across layers, over 100 samples. Results shown for models trained in ASR (dashed line) and ST (solid line).</figDesc><graphic coords="3,308.33,70.85,213.91,131.08" type="bitmap" /></figure>
<figure xmlns="http://www.tei-c.org/ns/1.0" xml:id="fig_3"><head>Figure 4 :</head><label>4</label><figDesc>Figure 4: Contribution matrices 3 of encoder layers on a sample after training for En-De ST. Windows used in the efficient architecture highlighted.</figDesc><graphic coords="4,75.39,70.84,444.49,149.49" type="bitmap" /></figure>
<figure xmlns="http://www.tei-c.org/ns/1.0" xml:id="fig_4"><head>Algorithm 1 :</head><label>1</label><figDesc>Window size selectionInput:</figDesc></figure>
<figure xmlns="http://www.tei-c.org/ns/1.0" xml:id="fig_5"><head>Figure 5 :</head><label>5</label><figDesc>Figure 5: Contribution matrices for a sample after En-De ST training.</figDesc><graphic coords="9,75.39,71.44,444.48,323.00" type="bitmap" /></figure>
<figure xmlns="http://www.tei-c.org/ns/1.0" xml:id="fig_6"><head>Figure 6 :</head><label>6</label><figDesc>Figure 6: Contribution matrices for a sample after En-De ST training.</figDesc><graphic coords="9,75.39,425.53,444.48,323.00" type="bitmap" /></figure>
<figure xmlns="http://www.tei-c.org/ns/1.0" xml:id="fig_7"><head>Figure 7 :</head><label>7</label><figDesc>Figure 7: Contribution matrices for a sample after En-It ST training.</figDesc><graphic coords="10,75.39,71.44,444.48,323.00" type="bitmap" /></figure>
<figure xmlns="http://www.tei-c.org/ns/1.0" xml:id="fig_8"><head>Figure 8 :</head><label>8</label><figDesc>Figure 8: Contribution matrices for a sample after En-It ST training.</figDesc><graphic coords="10,75.39,425.53,444.48,323.00" type="bitmap" /></figure>
<figure xmlns="http://www.tei-c.org/ns/1.0" xml:id="fig_9"><head>Figure 9 :</head><label>9</label><figDesc>Figure 9: Contribution matrices for a sample after En-Es ST training.</figDesc><graphic coords="11,75.39,71.44,444.48,323.00" type="bitmap" /></figure>
<figure xmlns="http://www.tei-c.org/ns/1.0" xml:id="fig_10"><head>Figure 10 :</head><label>10</label><figDesc>Figure 10: Contribution matrices for a sample after En-Es ST training.</figDesc><graphic coords="11,75.39,425.53,444.48,323.00" type="bitmap" /></figure>
<figure xmlns="http://www.tei-c.org/ns/1.0" type="table" xml:id="tab_0"><head>Table 1 :</head><label>1</label><figDesc>, we can see how w contains most of the relevant contributions for En-De ST (see more examples in Appendix E). Optimal window size study in En-De ST. (*) For the first three layers, we use standard self-attention.</figDesc><table><row><cell>Layer 1 * 2 * 3 * 4 5 6 7 8 9 10 11 12</cell><cell cols="3">w 3.41 ± 13.15 17 0.35 ± 0.07 CL µ ± σ 1.18 ± 3.45 5 0.32 ± 0.04 0.51 ± 1.56 3 0.30 ± 0.04 2.25 ± 1.30 5 0.23 ± 0.04 4.03 ± 0.28 5 0.17 ± 0.03 7.03 ± 1.03 9 0.23 ± 0.04 11.37 ± 1.13 13 0.18 ± 0.04 7.94 ± 1.16 11 0.18 ± 0.04 12.56 ± 1.85 15 0.19 ± 0.05 16.47 ± 2.40 19 0.13 ± 0.05 13.28 ± 1.90 17 0.13 ± 0.04 16.28 ± 3.86 21 0.16 ± 0.05</cell></row><row><cell></cell><cell>En-De</cell><cell>En-Es</cell><cell>En-It</cell></row><row><cell cols="4">Baseline 22.53 ± 0.15 27.49 ± 0.22 22.98 ± 0.15 Ours 22.49 ± 0.11 27.46 ± 0.12 22.97 ± 0.27</cell></row></table></figure>
<figure xmlns="http://www.tei-c.org/ns/1.0" type="table" xml:id="tab_1"><head>Table 2 :</head><label>2</label><figDesc>BLEU obtained on the Speech Translation task (mean ± std after training with 5 different seeds).</figDesc><table /></figure>
<figure xmlns="http://www.tei-c.org/ns/1.0" type="table" xml:id="tab_3"><head>Table 3 :</head><label>3</label><figDesc>Optimal window size study in En-Es ST. (*) For the first three layers, we use standard self-attention.</figDesc><table><row><cell>Layer 1 * 2 * 3 * 4 5 6 7 8 9 10 11 12</cell><cell>w 6.16 ± 17.57 25 0.34 ± 0.09 CL µ ± σ 2.56 ± 7.47 11 0.29 ± 0.05 2.44 ± 2.84 7 0.27 ± 0.05 4.08 ± 0.65 5 0.19 ± 0.03 14.05 ± 2.08 17 0.15 ± 0.03 10.82 ± 1.31 13 0.18 ± 0.04 7.37 ± 4.54 13 0.23 ± 0.05 8.62 ± 2.18 11 0.22 ± 0.04 12.49 ± 1.65 15 0.09 ± 0.03 16.06 ± 3.80 21 0.17 ± 0.04 18.15 ± 3.20 23 0.11 ± 0.05 17.34 ± 4.83 23 0.15 ± 0.05</cell></row></table></figure>
<figure xmlns="http://www.tei-c.org/ns/1.0" type="table" xml:id="tab_4"><head>Table 4 :</head><label>4</label><figDesc>Optimal window size study in En-It ST. (*) For the first three layers, we use standard self-attention.</figDesc><table /></figure>
			<note xmlns="http://www.tei-c.org/ns/1.0" place="foot" n="1" xml:id="foot_0">The main diagonal, which accounts for 65% of the total contributions, is hidden for visualization purposes.</note>
			<note xmlns="http://www.tei-c.org/ns/1.0" place="foot" n="2" xml:id="foot_1">Note that a window of size w contains ⌊ 1 2 w⌋ tokens on each side of the main diagonal, so w = 1 represents the main diagonal and w = 2N every possible diagonal.</note>
			<note xmlns="http://www.tei-c.org/ns/1.0" place="foot" n="3" xml:id="foot_2">The main diagonal, which accounts for around 65% of the total contributions in each layer, is hidden for visualization purposes.</note>
			<note xmlns="http://www.tei-c.org/ns/1.0" place="foot" n="4" xml:id="foot_3">Hyperparameter that defines the minimum average value of the sub/superdiagonals to be considered. We choose 0.01 after empirical study.</note>
			<note xmlns="http://www.tei-c.org/ns/1.0" place="foot" n="5" xml:id="foot_4">If w l is even, we set w l = w l + 1 so that it is odd and hence the window can be centered around the diagonal.</note>
		</body>
		<back>
			<div type="annex">
<div xmlns="http://www.tei-c.org/ns/1.0"><p>A Cumulative Attention Diagonality (CAD) <ref type="bibr" target="#b14">Shim et al. (2022)</ref> propose the cumulative attention diagonality (CAD) as the integral of the attention diagonality D(r, l) along the variable r, which defines the window length as a proportion of the sequence length:</p><p>where D(r, l) is defined over the attention weight matrix A l :</p><p>To approximate the result of the integral, <ref type="bibr" target="#b14">Shim et al. (2022)</ref> use the Trapezoidal Rule with the discretized variable r ≈ r.</p><p>For each step in the summation, the window range around the diagonal increases 2r(N − 1), which may lead to different increments based on the sentence length. For instance, for a sentence with N = 11, in a 0.1 increase of r, the window size range increases by 2. However, with N = 101 we get an increment of 20. For this reason, we redefine the diagonality measures with token-wise increments.</p></div>
<div xmlns="http://www.tei-c.org/ns/1.0"><head>B Architecture Details</head><p>Both our efficient model and the S2T Transformer <ref type="bibr" target="#b18">(Wang et al., 2020a)</ref> share the same architecture, with the exception of the self-attention modules. The models consist 12 encoder layers and 6 decoder layers with sinusoidal positional encodings. In the encoder and decoder we use 4 attention heads, an embedding dimension of 256, and of 2048 in the FFN layers. We use a dropout probability of 0.1 in both the attention weights and FFN activations. We use ReLU as the activation function.</p><p>Regarding the convolutional layer applied to reduce sequence length, it consists of a 1D convolutional layer, with a kernel of size 5, a stride of 2, and with the same number of output channels than input channels.</p></div>			</div>
			<div type="references">

				<listBibl>

<biblStruct xml:id="b0">
	<monogr>
		<title level="m" type="main">Longformer: The long-document transformer</title>
		<author>
			<persName><forename type="first">Iz</forename><surname>Beltagy</surname></persName>
		</author>
		<author>
			<persName><forename type="first">Matthew</forename><forename type="middle">E</forename><surname>Peters</surname></persName>
		</author>
		<author>
			<persName><forename type="first">Arman</forename><surname>Cohan</surname></persName>
		</author>
		<idno>ArXiv, abs/2004.05150</idno>
		<imprint>
			<date type="published" when="2020">2020</date>
		</imprint>
	</monogr>
	<note type="raw_reference">Iz Beltagy, Matthew E. Peters, and Arman Cohan. 2020. Longformer: The long-document transformer. ArXiv, abs/2004.05150.</note>
</biblStruct>

<biblStruct xml:id="b1">
	<analytic>
		<title level="a" type="main">Alec Radford, Ilya Sutskever, and Dario Amodei</title>
		<author>
			<persName><forename type="first">Tom</forename><surname>Brown</surname></persName>
		</author>
		<author>
			<persName><forename type="first">Benjamin</forename><surname>Mann</surname></persName>
		</author>
		<author>
			<persName><forename type="first">Nick</forename><surname>Ryder</surname></persName>
		</author>
		<author>
			<persName><forename type="first">Melanie</forename><surname>Subbiah</surname></persName>
		</author>
		<author>
			<persName><forename type="first">Jared</forename><forename type="middle">D</forename><surname>Kaplan</surname></persName>
		</author>
		<author>
			<persName><forename type="first">Prafulla</forename><surname>Dhariwal</surname></persName>
		</author>
		<author>
			<persName><forename type="first">Arvind</forename><surname>Neelakantan</surname></persName>
		</author>
		<author>
			<persName><forename type="first">Pranav</forename><surname>Shyam</surname></persName>
		</author>
		<author>
			<persName><forename type="first">Girish</forename><surname>Sastry</surname></persName>
		</author>
		<author>
			<persName><forename type="first">Amanda</forename><surname>Askell</surname></persName>
		</author>
		<author>
			<persName><forename type="first">Sandhini</forename><surname>Agarwal</surname></persName>
		</author>
		<author>
			<persName><forename type="first">Ariel</forename><surname>Herbert-Voss</surname></persName>
		</author>
		<author>
			<persName><forename type="first">Gretchen</forename><surname>Krueger</surname></persName>
		</author>
		<author>
			<persName><forename type="first">Tom</forename><surname>Henighan</surname></persName>
		</author>
		<author>
			<persName><forename type="first">Rewon</forename><surname>Child</surname></persName>
		</author>
		<author>
			<persName><forename type="first">Aditya</forename><surname>Ramesh</surname></persName>
		</author>
		<author>
			<persName><forename type="first">Daniel</forename><surname>Ziegler</surname></persName>
		</author>
		<author>
			<persName><forename type="first">Jeffrey</forename><surname>Wu</surname></persName>
		</author>
		<author>
			<persName><forename type="first">Clemens</forename><surname>Winter</surname></persName>
		</author>
		<author>
			<persName><forename type="first">Chris</forename><surname>Hesse</surname></persName>
		</author>
		<author>
			<persName><forename type="first">Mark</forename><surname>Chen</surname></persName>
		</author>
		<author>
			<persName><forename type="first">Eric</forename><surname>Sigler</surname></persName>
		</author>
		<author>
			<persName><forename type="first">Mateusz</forename><surname>Litwin</surname></persName>
		</author>
	</analytic>
	<monogr>
		<title level="m">Advances in Neural Information Processing Systems</title>
				<meeting><address><addrLine>Scott Gray, Benjamin Chess, Jack Clark, Christopher Berner, Sam McCandlish</addrLine></address></meeting>
		<imprint>
			<publisher>Curran Associates, Inc</publisher>
			<date type="published" when="2020">2020</date>
			<biblScope unit="volume">33</biblScope>
			<biblScope unit="page" from="1877" to="1901" />
		</imprint>
	</monogr>
	<note>Language models are few-shot learners</note>
	<note type="raw_reference">Tom Brown, Benjamin Mann, Nick Ryder, Melanie Subbiah, Jared D Kaplan, Prafulla Dhariwal, Arvind Neelakantan, Pranav Shyam, Girish Sastry, Amanda Askell, Sandhini Agarwal, Ariel Herbert-Voss, Gretchen Krueger, Tom Henighan, Rewon Child, Aditya Ramesh, Daniel Ziegler, Jeffrey Wu, Clemens Winter, Chris Hesse, Mark Chen, Eric Sigler, Ma- teusz Litwin, Scott Gray, Benjamin Chess, Jack Clark, Christopher Berner, Sam McCandlish, Alec Radford, Ilya Sutskever, and Dario Amodei. 2020. Language models are few-shot learners. In Ad- vances in Neural Information Processing Systems, volume 33, pages 1877-1901. Curran Associates, Inc.</note>
</biblStruct>

<biblStruct xml:id="b2">
	<analytic>
		<title level="a" type="main">End-to-end automatic speech translation of audiobooks</title>
		<author>
			<persName><forename type="first">Alexandre</forename><surname>Bérard</surname></persName>
		</author>
		<author>
			<persName><forename type="first">Laurent</forename><surname>Besacier</surname></persName>
		</author>
		<author>
			<persName><forename type="first">Ali</forename><forename type="middle">Can</forename><surname>Kocabiyikoglu</surname></persName>
		</author>
		<author>
			<persName><forename type="first">Olivier</forename><surname>Pietquin</surname></persName>
		</author>
		<idno type="DOI">10.1109/ICASSP.2018.8461690</idno>
	</analytic>
	<monogr>
		<title level="m">2018 IEEE International Conference on Acoustics, Speech and Signal Processing (ICASSP)</title>
				<imprint>
			<date type="published" when="2018">2018</date>
			<biblScope unit="page" from="6224" to="6228" />
		</imprint>
	</monogr>
	<note type="raw_reference">Alexandre Bérard, Laurent Besacier, Ali Can Ko- cabiyikoglu, and Olivier Pietquin. 2018. End-to-end automatic speech translation of audiobooks. In 2018 IEEE International Conference on Acoustics, Speech and Signal Processing (ICASSP), pages 6224-6228.</note>
</biblStruct>

<biblStruct xml:id="b3">
	<analytic>
		<title level="a" type="main">Mustc: A multilingual corpus for end-to-end speech translation</title>
		<author>
			<persName><forename type="first">Roldano</forename><surname>Cattoni</surname></persName>
		</author>
		<author>
			<persName><forename type="first">Antonino</forename><forename type="middle">Di</forename><surname>Mattia</surname></persName>
		</author>
		<author>
			<persName><forename type="first">Luisa</forename><surname>Gangi</surname></persName>
		</author>
		<author>
			<persName><forename type="first">Matteo</forename><surname>Bentivogli</surname></persName>
		</author>
		<author>
			<persName><forename type="first">Marco</forename><surname>Negri</surname></persName>
		</author>
		<author>
			<persName><surname>Turchi</surname></persName>
		</author>
		<idno type="DOI">10.1016/j.csl.2020.101155</idno>
	</analytic>
	<monogr>
		<title level="j">Computer Speech &amp; Language</title>
		<imprint>
			<biblScope unit="volume">66</biblScope>
			<biblScope unit="page">101155</biblScope>
			<date type="published" when="2021">2021</date>
		</imprint>
	</monogr>
	<note type="raw_reference">Roldano Cattoni, Mattia Antonino Di Gangi, Luisa Ben- tivogli, Matteo Negri, and Marco Turchi. 2021. Must- c: A multilingual corpus for end-to-end speech trans- lation. Computer Speech &amp; Language, 66:101155.</note>
</biblStruct>

<biblStruct xml:id="b4">
	<analytic>
		<title level="a" type="main">BERT: Pre-training of deep bidirectional transformers for language understanding</title>
		<author>
			<persName><forename type="first">Jacob</forename><surname>Devlin</surname></persName>
		</author>
		<author>
			<persName><forename type="first">Ming-Wei</forename><surname>Chang</surname></persName>
		</author>
		<author>
			<persName><forename type="first">Kenton</forename><surname>Lee</surname></persName>
		</author>
		<author>
			<persName><forename type="first">Kristina</forename><surname>Toutanova</surname></persName>
		</author>
		<idno type="DOI">10.18653/v1/N19-1423</idno>
	</analytic>
	<monogr>
		<title level="m">Proceedings of the 2019 Conference of the North American Chapter of the Association for Computational Linguistics: Human Language Technologies</title>
		<title level="s">Long and Short Papers</title>
		<meeting>the 2019 Conference of the North American Chapter of the Association for Computational Linguistics: Human Language Technologies<address><addrLine>Minneapolis, Minnesota</addrLine></address></meeting>
		<imprint>
			<publisher>Association for Computational Linguistics</publisher>
			<date type="published" when="2019">2019</date>
			<biblScope unit="volume">1</biblScope>
			<biblScope unit="page" from="4171" to="4186" />
		</imprint>
	</monogr>
	<note type="raw_reference">Jacob Devlin, Ming-Wei Chang, Kenton Lee, and Kristina Toutanova. 2019. BERT: Pre-training of deep bidirectional transformers for language under- standing. In Proceedings of the 2019 Conference of the North American Chapter of the Association for Computational Linguistics: Human Language Tech- nologies, Volume 1 (Long and Short Papers), pages 4171-4186, Minneapolis, Minnesota. Association for Computational Linguistics.</note>
</biblStruct>

<biblStruct xml:id="b5">
	<analytic>
		<title level="a" type="main">Adapting Transformer to End-to-End Spoken Language Translation</title>
		<author>
			<persName><forename type="first">Mattia</forename><surname>Antonino</surname></persName>
		</author>
		<author>
			<persName><forename type="first">Di</forename><surname>Gangi</surname></persName>
		</author>
		<author>
			<persName><forename type="first">Matteo</forename><surname>Negri</surname></persName>
		</author>
		<author>
			<persName><forename type="first">Marco</forename><surname>Turchi</surname></persName>
		</author>
		<idno type="DOI">10.21437/Interspeech.2019-3045</idno>
	</analytic>
	<monogr>
		<title level="m">Proc. Interspeech</title>
				<meeting>Interspeech</meeting>
		<imprint>
			<date type="published" when="2019">2019. 2019</date>
			<biblScope unit="page" from="1133" to="1137" />
		</imprint>
	</monogr>
	<note type="raw_reference">Mattia Antonino Di Gangi, Matteo Negri, and Marco Turchi. 2019. Adapting Transformer to End-to-End Spoken Language Translation. In Proc. Interspeech 2019, pages 1133-1137.</note>
</biblStruct>

<biblStruct xml:id="b6">
	<analytic>
		<title level="a" type="main">Speechtransformer: A no-recurrence sequence-to-sequence model for speech recognition</title>
		<author>
			<persName><forename type="first">Linhao</forename><surname>Dong</surname></persName>
		</author>
		<author>
			<persName><forename type="first">Shuang</forename><surname>Xu</surname></persName>
		</author>
		<author>
			<persName><forename type="first">Bo</forename><surname>Xu</surname></persName>
		</author>
	</analytic>
	<monogr>
		<title level="m">IEEE International Conference on Acoustics, Speech and Signal Processing (ICASSP)</title>
				<imprint>
			<date type="published" when="2018">2018. 2018</date>
			<biblScope unit="page" from="5884" to="5888" />
		</imprint>
	</monogr>
	<note type="raw_reference">Linhao Dong, Shuang Xu, and Bo Xu. 2018. Speech- transformer: A no-recurrence sequence-to-sequence model for speech recognition. 2018 IEEE Interna- tional Conference on Acoustics, Speech and Signal Processing (ICASSP), pages 5884-5888.</note>
</biblStruct>

<biblStruct xml:id="b7">
	<analytic>
		<title level="a" type="main">Conformer: Convolution-augmented Transformer for Speech Recognition</title>
		<author>
			<persName><forename type="first">Anmol</forename><surname>Gulati</surname></persName>
		</author>
		<author>
			<persName><forename type="first">James</forename><surname>Qin</surname></persName>
		</author>
		<author>
			<persName><forename type="first">Chung-Cheng</forename><surname>Chiu</surname></persName>
		</author>
		<author>
			<persName><forename type="first">Niki</forename><surname>Parmar</surname></persName>
		</author>
		<author>
			<persName><forename type="first">Yu</forename><surname>Zhang</surname></persName>
		</author>
		<author>
			<persName><forename type="first">Jiahui</forename><surname>Yu</surname></persName>
		</author>
		<author>
			<persName><forename type="first">Wei</forename><surname>Han</surname></persName>
		</author>
		<author>
			<persName><forename type="first">Shibo</forename><surname>Wang</surname></persName>
		</author>
		<author>
			<persName><forename type="first">Zhengdong</forename><surname>Zhang</surname></persName>
		</author>
		<author>
			<persName><forename type="first">Yonghui</forename><surname>Wu</surname></persName>
		</author>
		<author>
			<persName><forename type="first">Ruoming</forename><surname>Pang</surname></persName>
		</author>
		<idno type="DOI">10.21437/Interspeech.2020-3015</idno>
	</analytic>
	<monogr>
		<title level="m">Proc. Interspeech</title>
				<meeting>Interspeech</meeting>
		<imprint>
			<date type="published" when="2020">2020. 2020</date>
			<biblScope unit="page" from="5036" to="5040" />
		</imprint>
	</monogr>
	<note type="raw_reference">Anmol Gulati, James Qin, Chung-Cheng Chiu, Niki Parmar, Yu Zhang, Jiahui Yu, Wei Han, Shibo Wang, Zhengdong Zhang, Yonghui Wu, and Ruoming Pang. 2020. Conformer: Convolution-augmented Trans- former for Speech Recognition. In Proc. Interspeech 2020, pages 5036-5040.</note>
</biblStruct>

<biblStruct xml:id="b8">
	<analytic>
		<title level="a" type="main">Reformer: The efficient transformer</title>
		<author>
			<persName><forename type="first">Nikita</forename><surname>Kitaev</surname></persName>
		</author>
		<author>
			<persName><forename type="first">Łukasz</forename><surname>Kaiser</surname></persName>
		</author>
		<author>
			<persName><forename type="first">Anselm</forename><surname>Levskaya</surname></persName>
		</author>
	</analytic>
	<monogr>
		<title level="m">International Conference on Learning Representations</title>
				<imprint>
			<date type="published" when="2020">2020</date>
		</imprint>
	</monogr>
	<note type="raw_reference">Nikita Kitaev, Łukasz Kaiser, and Anselm Levskaya. 2020. Reformer: The efficient transformer. In Inter- national Conference on Learning Representations.</note>
</biblStruct>

<biblStruct xml:id="b9">
	<analytic>
		<title level="a" type="main">Attention is not only a weight: Analyzing transformers with vector norms</title>
		<author>
			<persName><forename type="first">Goro</forename><surname>Kobayashi</surname></persName>
		</author>
		<author>
			<persName><forename type="first">Tatsuki</forename><surname>Kuribayashi</surname></persName>
		</author>
		<author>
			<persName><forename type="first">Sho</forename><surname>Yokoi</surname></persName>
		</author>
		<author>
			<persName><forename type="first">Kentaro</forename><surname>Inui</surname></persName>
		</author>
		<idno type="DOI">10.18653/v1/2020.emnlp-main.574</idno>
	</analytic>
	<monogr>
		<title level="m">Proceedings of the 2020 Conference on Empirical Methods in Natural Language Processing (EMNLP)</title>
				<meeting>the 2020 Conference on Empirical Methods in Natural Language Processing (EMNLP)</meeting>
		<imprint>
			<publisher>Online. Association for Computational Linguistics</publisher>
			<date type="published" when="2020">2020</date>
			<biblScope unit="page" from="7057" to="7075" />
		</imprint>
	</monogr>
	<note type="raw_reference">Goro Kobayashi, Tatsuki Kuribayashi, Sho Yokoi, and Kentaro Inui. 2020. Attention is not only a weight: Analyzing transformers with vector norms. In Proceedings of the 2020 Conference on Empirical Methods in Natural Language Processing (EMNLP), pages 7057-7075, Online. Association for Computa- tional Linguistics.</note>
</biblStruct>

<biblStruct xml:id="b10">
	<analytic>
		<title level="a" type="main">Incorporating Residual and Normalization Layers into Analysis of Masked Language Models</title>
		<author>
			<persName><forename type="first">Goro</forename><surname>Kobayashi</surname></persName>
		</author>
		<author>
			<persName><forename type="first">Tatsuki</forename><surname>Kuribayashi</surname></persName>
		</author>
		<author>
			<persName><forename type="first">Sho</forename><surname>Yokoi</surname></persName>
		</author>
		<author>
			<persName><forename type="first">Kentaro</forename><surname>Inui</surname></persName>
		</author>
		<idno type="DOI">10.18653/v1/2021.emnlp-main.373</idno>
	</analytic>
	<monogr>
		<title level="m">Proceedings of the 2021 Conference on Empirical Methods in Natural Language Processing</title>
				<meeting>the 2021 Conference on Empirical Methods in Natural Language Processing</meeting>
		<imprint>
			<publisher>Dominican Republic. Association for Computational Linguistics</publisher>
			<date type="published" when="2021">2021</date>
			<biblScope unit="page" from="4547" to="4568" />
		</imprint>
		<respStmt>
			<orgName>Online and Punta Cana</orgName>
		</respStmt>
	</monogr>
	<note type="raw_reference">Goro Kobayashi, Tatsuki Kuribayashi, Sho Yokoi, and Kentaro Inui. 2021. Incorporating Residual and Nor- malization Layers into Analysis of Masked Language Models. In Proceedings of the 2021 Conference on Empirical Methods in Natural Language Processing, pages 4547-4568, Online and Punta Cana, Domini- can Republic. Association for Computational Lin- guistics.</note>
</biblStruct>

<biblStruct xml:id="b11">
	<monogr>
		<title level="m" type="main">Bridging the modality gap for speechto-text translation</title>
		<author>
			<persName><forename type="first">Yuchen</forename><surname>Liu</surname></persName>
		</author>
		<author>
			<persName><forename type="first">Junnan</forename><surname>Zhu</surname></persName>
		</author>
		<author>
			<persName><forename type="first">Jiajun</forename><surname>Zhang</surname></persName>
		</author>
		<author>
			<persName><forename type="first">Chengqing</forename><surname>Zong</surname></persName>
		</author>
		<idno>ArXiv, abs/2010.14920</idno>
		<imprint>
			<date type="published" when="2020">2020</date>
		</imprint>
	</monogr>
	<note type="raw_reference">Yuchen Liu, Junnan Zhu, Jiajun Zhang, and Chengqing Zong. 2020. Bridging the modality gap for speech- to-text translation. ArXiv, abs/2010.14920.</note>
</biblStruct>

<biblStruct xml:id="b12">
	<analytic>
		<title level="a" type="main">fairseq: A fast, extensible toolkit for sequence modeling</title>
		<author>
			<persName><forename type="first">Myle</forename><surname>Ott</surname></persName>
		</author>
		<author>
			<persName><forename type="first">Sergey</forename><surname>Edunov</surname></persName>
		</author>
		<author>
			<persName><forename type="first">Alexei</forename><surname>Baevski</surname></persName>
		</author>
		<author>
			<persName><forename type="first">Angela</forename><surname>Fan</surname></persName>
		</author>
		<author>
			<persName><forename type="first">Sam</forename><surname>Gross</surname></persName>
		</author>
		<author>
			<persName><forename type="first">Nathan</forename><surname>Ng</surname></persName>
		</author>
		<author>
			<persName><forename type="first">David</forename><surname>Grangier</surname></persName>
		</author>
		<author>
			<persName><forename type="first">Michael</forename><surname>Auli</surname></persName>
		</author>
		<idno type="DOI">10.18653/v1/N19-4009</idno>
	</analytic>
	<monogr>
		<title level="m">Proceedings of the 2019 Conference of the North American Chapter of the Association for Computational Linguistics (Demonstrations)</title>
				<meeting>the 2019 Conference of the North American Chapter of the Association for Computational Linguistics (Demonstrations)<address><addrLine>Minneapolis, Minnesota</addrLine></address></meeting>
		<imprint>
			<publisher>Association for Computational Linguistics</publisher>
			<date type="published" when="2019">2019</date>
			<biblScope unit="page" from="48" to="53" />
		</imprint>
	</monogr>
	<note type="raw_reference">Myle Ott, Sergey Edunov, Alexei Baevski, Angela Fan, Sam Gross, Nathan Ng, David Grangier, and Michael Auli. 2019. fairseq: A fast, extensible toolkit for sequence modeling. In Proceedings of the 2019 Con- ference of the North American Chapter of the Associa- tion for Computational Linguistics (Demonstrations), pages 48-53, Minneapolis, Minnesota. Association for Computational Linguistics.</note>
</biblStruct>

<biblStruct xml:id="b13">
	<analytic>
		<title level="a" type="main">Efficient content-based sparse attention with routing transformers</title>
		<author>
			<persName><forename type="first">Aurko</forename><surname>Roy</surname></persName>
		</author>
		<author>
			<persName><forename type="first">Mohammad</forename><surname>Saffar</surname></persName>
		</author>
		<author>
			<persName><forename type="first">Ashish</forename><surname>Vaswani</surname></persName>
		</author>
		<author>
			<persName><forename type="first">David</forename><surname>Grangier</surname></persName>
		</author>
	</analytic>
	<monogr>
		<title level="j">Transactions of the Association for Computational Linguistics</title>
		<imprint>
			<biblScope unit="volume">9</biblScope>
			<biblScope unit="page" from="53" to="68" />
			<date type="published" when="2021">2021</date>
		</imprint>
	</monogr>
	<note type="raw_reference">Aurko Roy, Mohammad Saffar, Ashish Vaswani, and David Grangier. 2021. Efficient content-based sparse attention with routing transformers. Transactions of the Association for Computational Linguistics, 9:53- 68.</note>
</biblStruct>

<biblStruct xml:id="b14">
	<analytic>
		<title level="a" type="main">Understanding the role of self attention for efficient speech recognition</title>
		<author>
			<persName><forename type="first">Kyuhong</forename><surname>Shim</surname></persName>
		</author>
		<author>
			<persName><forename type="first">Jungwook</forename><surname>Choi</surname></persName>
		</author>
		<author>
			<persName><forename type="first">Wonyong</forename><surname>Sung</surname></persName>
		</author>
	</analytic>
	<monogr>
		<title level="m">International Conference on Learning Representations</title>
				<imprint>
			<date type="published" when="2022">2022</date>
		</imprint>
	</monogr>
	<note type="raw_reference">Kyuhong Shim, Jungwook Choi, and Wonyong Sung. 2022. Understanding the role of self attention for efficient speech recognition. In International Confer- ence on Learning Representations.</note>
</biblStruct>

<biblStruct xml:id="b15">
	<analytic>
		<title level="a" type="main">Synthesizer: Rethinking self-attention in transformer models</title>
		<author>
			<persName><forename type="first">Yi</forename><surname>Tay</surname></persName>
		</author>
		<author>
			<persName><forename type="first">Dara</forename><surname>Bahri</surname></persName>
		</author>
		<author>
			<persName><forename type="first">Donald</forename><surname>Metzler</surname></persName>
		</author>
		<author>
			<persName><forename type="first">Da-Cheng</forename><surname>Juan</surname></persName>
		</author>
		<author>
			<persName><forename type="first">Zhe</forename><surname>Zhao</surname></persName>
		</author>
		<author>
			<persName><forename type="first">Che</forename><surname>Zheng</surname></persName>
		</author>
	</analytic>
	<monogr>
		<title level="m">International Conference on Machine Learning</title>
				<imprint>
			<publisher>PMLR</publisher>
			<date type="published" when="2021">2021</date>
		</imprint>
	</monogr>
	<note type="raw_reference">Yi Tay, Dara Bahri, Donald Metzler, Da-Cheng Juan, Zhe Zhao, and Che Zheng. 2021. Synthesizer: Rethinking self-attention in transformer models. In International Conference on Machine Learning. PMLR.</note>
</biblStruct>

<biblStruct xml:id="b16">
	<monogr>
		<title level="m" type="main">Efficient transformers: A survey</title>
		<author>
			<persName><forename type="first">Yi</forename><surname>Tay</surname></persName>
		</author>
		<author>
			<persName><forename type="first">Mostafa</forename><surname>Dehghani</surname></persName>
		</author>
		<author>
			<persName><forename type="first">Dara</forename><surname>Bahri</surname></persName>
		</author>
		<author>
			<persName><forename type="first">Donald</forename><surname>Metzler</surname></persName>
		</author>
		<idno>ArXiv, abs/2009.06732</idno>
		<imprint>
			<date type="published" when="2020">2020</date>
		</imprint>
	</monogr>
	<note type="raw_reference">Yi Tay, Mostafa Dehghani, Dara Bahri, and Donald Met- zler. 2020. Efficient transformers: A survey. ArXiv, abs/2009.06732.</note>
</biblStruct>

<biblStruct xml:id="b17">
	<analytic>
		<title level="a" type="main">Attention is all you need</title>
		<author>
			<persName><forename type="first">Ashish</forename><surname>Vaswani</surname></persName>
		</author>
		<author>
			<persName><forename type="first">Noam</forename><surname>Shazeer</surname></persName>
		</author>
		<author>
			<persName><forename type="first">Niki</forename><surname>Parmar</surname></persName>
		</author>
		<author>
			<persName><forename type="first">Jakob</forename><surname>Uszkoreit</surname></persName>
		</author>
		<author>
			<persName><forename type="first">Llion</forename><surname>Jones</surname></persName>
		</author>
		<author>
			<persName><forename type="first">Aidan</forename><forename type="middle">N</forename><surname>Gomez</surname></persName>
		</author>
		<author>
			<persName><forename type="first">Ł</forename><surname>Kaiser</surname></persName>
		</author>
		<author>
			<persName><forename type="first">Illia</forename><surname>Polosukhin</surname></persName>
		</author>
	</analytic>
	<monogr>
		<title level="m">Advances in Neural Information Processing Systems</title>
				<imprint>
			<publisher>Curran Associates, Inc</publisher>
			<date type="published" when="2017">2017</date>
			<biblScope unit="volume">30</biblScope>
		</imprint>
	</monogr>
	<note type="raw_reference">Ashish Vaswani, Noam Shazeer, Niki Parmar, Jakob Uszkoreit, Llion Jones, Aidan N Gomez, Ł ukasz Kaiser, and Illia Polosukhin. 2017. Attention is all you need. In Advances in Neural Information Pro- cessing Systems, volume 30. Curran Associates, Inc.</note>
</biblStruct>

<biblStruct xml:id="b18">
	<analytic>
		<title level="a" type="main">Fairseq S2T: Fast speech-to-text modeling with fairseq</title>
		<author>
			<persName><forename type="first">Changhan</forename><surname>Wang</surname></persName>
		</author>
		<author>
			<persName><forename type="first">Yun</forename><surname>Tang</surname></persName>
		</author>
		<author>
			<persName><forename type="first">Xutai</forename><surname>Ma</surname></persName>
		</author>
		<author>
			<persName><forename type="first">Anne</forename><surname>Wu</surname></persName>
		</author>
		<author>
			<persName><forename type="first">Dmytro</forename><surname>Okhonko</surname></persName>
		</author>
		<author>
			<persName><forename type="first">Juan</forename><surname>Pino</surname></persName>
		</author>
	</analytic>
	<monogr>
		<title level="m">Proceedings of the 1st Conference of the Asia-Pacific Chapter of the Association for Computational Linguistics and the 10th International Joint Conference on Natural Language Processing: System Demonstrations</title>
				<meeting>the 1st Conference of the Asia-Pacific Chapter of the Association for Computational Linguistics and the 10th International Joint Conference on Natural Language Processing: System Demonstrations<address><addrLine>Suzhou, China</addrLine></address></meeting>
		<imprint>
			<publisher>Association for Computational Linguistics</publisher>
			<date type="published" when="2020">2020a</date>
			<biblScope unit="page" from="33" to="39" />
		</imprint>
	</monogr>
	<note type="raw_reference">Changhan Wang, Yun Tang, Xutai Ma, Anne Wu, Dmytro Okhonko, and Juan Pino. 2020a. Fairseq S2T: Fast speech-to-text modeling with fairseq. In Proceedings of the 1st Conference of the Asia-Pacific Chapter of the Association for Computational Lin- guistics and the 10th International Joint Conference on Natural Language Processing: System Demon- strations, pages 33-39, Suzhou, China. Association for Computational Linguistics.</note>
</biblStruct>

<biblStruct xml:id="b19">
	<monogr>
		<title level="m" type="main">Linformer: Self-attention with linear complexity</title>
		<author>
			<persName><forename type="first">Sinong</forename><surname>Wang</surname></persName>
		</author>
		<author>
			<persName><forename type="first">Belinda</forename><forename type="middle">Z</forename><surname>Li</surname></persName>
		</author>
		<author>
			<persName><forename type="first">Madian</forename><surname>Khabsa</surname></persName>
		</author>
		<author>
			<persName><forename type="first">Han</forename><surname>Fang</surname></persName>
		</author>
		<author>
			<persName><forename type="first">Hao</forename><surname>Ma</surname></persName>
		</author>
		<idno>ArXiv, abs/2006.04768</idno>
		<imprint>
			<date type="published" when="2020">2020b</date>
		</imprint>
	</monogr>
	<note type="raw_reference">Sinong Wang, Belinda Z. Li, Madian Khabsa, Han Fang, and Hao Ma. 2020b. Linformer: Self-attention with linear complexity. ArXiv, abs/2006.04768.</note>
</biblStruct>

<biblStruct xml:id="b20">
	<analytic>
		<title level="a" type="main">Big bird: Transformers for longer sequences</title>
		<author>
			<persName><forename type="first">Manzil</forename><surname>Zaheer</surname></persName>
		</author>
		<author>
			<persName><forename type="first">Guru</forename><surname>Guruganesh</surname></persName>
		</author>
		<author>
			<persName><forename type="first">Avinava</forename><surname>Kumar</surname></persName>
		</author>
		<author>
			<persName><forename type="first">Joshua</forename><surname>Dubey</surname></persName>
		</author>
		<author>
			<persName><forename type="first">Chris</forename><surname>Ainslie</surname></persName>
		</author>
		<author>
			<persName><forename type="first">Santiago</forename><surname>Alberti</surname></persName>
		</author>
		<author>
			<persName><forename type="first">Philip</forename><surname>Ontanon</surname></persName>
		</author>
		<author>
			<persName><forename type="first">Anirudh</forename><surname>Pham</surname></persName>
		</author>
		<author>
			<persName><forename type="first">Qifan</forename><surname>Ravula</surname></persName>
		</author>
		<author>
			<persName><forename type="first">Li</forename><surname>Wang</surname></persName>
		</author>
		<author>
			<persName><forename type="first">Amr</forename><surname>Yang</surname></persName>
		</author>
		<author>
			<persName><surname>Ahmed</surname></persName>
		</author>
	</analytic>
	<monogr>
		<title level="m">Advances in Neural Information Processing Systems</title>
				<imprint>
			<publisher>Curran Associates, Inc</publisher>
			<date type="published" when="2020">2020</date>
			<biblScope unit="volume">33</biblScope>
			<biblScope unit="page" from="17283" to="17297" />
		</imprint>
	</monogr>
	<note type="raw_reference">Manzil Zaheer, Guru Guruganesh, Kumar Avinava Dubey, Joshua Ainslie, Chris Alberti, Santiago On- tanon, Philip Pham, Anirudh Ravula, Qifan Wang, Li Yang, and Amr Ahmed. 2020. Big bird: Trans- formers for longer sequences. In Advances in Neural Information Processing Systems, volume 33, pages 17283-17297. Curran Associates, Inc.</note>
</biblStruct>

<biblStruct xml:id="b21">
	<analytic>
		<title level="a" type="main">On the usefulness of self-attention for automatic speech recognition with transformers</title>
		<author>
			<persName><forename type="first">Shucong</forename><surname>Zhang</surname></persName>
		</author>
		<author>
			<persName><forename type="first">Erfan</forename><surname>Loweimi</surname></persName>
		</author>
		<author>
			<persName><forename type="first">Peter</forename><surname>Bell</surname></persName>
		</author>
		<author>
			<persName><forename type="first">Steve</forename><surname>Renals</surname></persName>
		</author>
		<idno type="DOI">10.1109/SLT48900.2021.9383521</idno>
	</analytic>
	<monogr>
		<title level="m">2021 IEEE Spoken Language Technology Workshop (SLT)</title>
				<imprint>
			<date type="published" when="2021">2021</date>
			<biblScope unit="page" from="89" to="96" />
		</imprint>
	</monogr>
	<note type="raw_reference">Shucong Zhang, Erfan Loweimi, Peter Bell, and Steve Renals. 2021. On the usefulness of self-attention for automatic speech recognition with transformers. In 2021 IEEE Spoken Language Technology Workshop (SLT), pages 89-96.</note>
</biblStruct>

				</listBibl>
			</div>
		</back>
	</text>
</TEI>
