<?xml version="1.0" encoding="UTF-8"?>
<TEI xml:space="preserve" xmlns="http://www.tei-c.org/ns/1.0" 
xmlns:xsi="http://www.w3.org/2001/XMLSchema-instance" 
xsi:schemaLocation="http://www.tei-c.org/ns/1.0 https://raw.githubusercontent.com/kermitt2/grobid/master/grobid-home/schemas/xsd/Grobid.xsd"
 xmlns:xlink="http://www.w3.org/1999/xlink">
	<teiHeader xml:lang="en">
		<fileDesc>
			<titleStmt>
				<title level="a" type="main">DISAPERE: A Dataset for Discourse Structure in Peer Review Discussions</title>
			</titleStmt>
			<publicationStmt>
				<publisher/>
				<availability status="unknown"><licence/></availability>
			</publicationStmt>
			<sourceDesc>
				<biblStruct>
					<analytic>
						<author>
							<persName><forename type="first">Neha</forename><forename type="middle">Nayak</forename><surname>Kennard</surname></persName>
							<email>kennard@cs.umass.edu</email>
							<affiliation key="aff0">
								<orgName type="institution">University of Massachusetts Amherst</orgName>
							</affiliation>
						</author>
						<author>
							<persName><forename type="first">Tim</forename><surname>O'</surname></persName>
							<affiliation key="aff0">
								<orgName type="institution">University of Massachusetts Amherst</orgName>
							</affiliation>
						</author>
						<author>
							<persName><forename type="first">Gorman</forename><surname>Rajarshi</surname></persName>
							<email>rajarshi@cs.umass.edu</email>
							<affiliation key="aff0">
								<orgName type="institution">University of Massachusetts Amherst</orgName>
							</affiliation>
						</author>
						<author>
							<persName><forename type="first">Das</forename><surname>Akshay</surname></persName>
							<email>akshaysharma@cs.umass.edu</email>
							<affiliation key="aff0">
								<orgName type="institution">University of Massachusetts Amherst</orgName>
							</affiliation>
						</author>
						<author>
							<persName><forename type="first">Sharma</forename><surname>Chhandak</surname></persName>
							<affiliation key="aff0">
								<orgName type="institution">University of Massachusetts Amherst</orgName>
							</affiliation>
						</author>
						<author>
							<persName><forename type="first">Bagchi</forename><surname>Matthew</surname></persName>
							<affiliation key="aff0">
								<orgName type="institution">University of Massachusetts Amherst</orgName>
							</affiliation>
						</author>
						<author>
							<persName><forename type="first">Clinton</forename><surname>Pranay</surname></persName>
							<affiliation key="aff0">
								<orgName type="institution">University of Massachusetts Amherst</orgName>
							</affiliation>
						</author>
						<author>
							<persName><forename type="first">Kumar</forename><surname>Yelugam</surname></persName>
							<email>pyelugam@cs.umass.edu</email>
							<affiliation key="aff0">
								<orgName type="institution">University of Massachusetts Amherst</orgName>
							</affiliation>
						</author>
						<author>
							<persName><forename type="first">Hamed</forename><surname>Zamani</surname></persName>
							<email>zamani@cs.umass.edu</email>
							<affiliation key="aff0">
								<orgName type="institution">University of Massachusetts Amherst</orgName>
							</affiliation>
						</author>
						<author>
							<persName><forename type="first">Andrew</forename><surname>Mccallum</surname></persName>
							<email>mccallum@cs.umass.edu</email>
							<affiliation key="aff0">
								<orgName type="institution">University of Massachusetts Amherst</orgName>
							</affiliation>
						</author>
						<title level="a" type="main">DISAPERE: A Dataset for Discourse Structure in Peer Review Discussions</title>
					</analytic>
					<monogr>
						<imprint>
							<date/>
						</imprint>
					</monogr>
					<idno type="MD5">13A346F45A92A828AB0FA71D6F5F2421</idno>
				</biblStruct>
			</sourceDesc>
		</fileDesc>
		<encodingDesc>
			<appInfo>
				<application version="0.7.3-SNAPSHOT" ident="GROBID" when="2023-01-12T09:15+0000">
					<desc>GROBID - A machine learning software for extracting information from scholarly documents</desc>
					<ref target="https://github.com/kermitt2/grobid"/>
				</application>
			</appInfo>
		</encodingDesc>
		<profileDesc>
			<abstract>
<div xmlns="http://www.tei-c.org/ns/1.0"><p>At the foundation of scientific evaluation is the labor-intensive process of peer review. This critical task requires participants to consume vast amounts of highly technical text. Prior work has annotated different aspects of review argumentation, but discourse relations between reviews and rebuttals have yet to be examined.</p><p>We present DISAPERE, a labeled dataset of 20k sentences contained in 506 review-rebuttal pairs in English, annotated by experts. DIS-APERE synthesizes label sets from prior work and extends them to include fine-grained annotation of the rebuttal sentences, characterizing their context in the review and the authors' stance towards review arguments. Further, we annotate every review and rebuttal sentence.</p><p>We show that discourse cues from rebuttals can shed light on the quality and interpretation of reviews. Further, an understanding of the argumentative strategies employed by the reviewers and authors provides useful signal for area chairs and other decision makers.</p></div>
			</abstract>
		</profileDesc>
	</teiHeader>
	<text xml:lang="en">
		<body>
<div xmlns="http://www.tei-c.org/ns/1.0"><head n="1">Introduction</head><p>Peer review performs the essential role of quality control in the dissemination of scientific knowledge. The recent rapid increase in academic output places an immense burden on decision makers such as area chairs and editors, as their decisions must take into account not only extensive manuscripts, but enormous additional amounts of technical text including reviews, rebuttals, and other discussions.</p><p>One long term goal of research in peer review is to support decision makers in managing their workload by providing tools to help them efficiently absorb the discussions they must read. While machine learning should not be used to produce condensed accounts of the peer review text due to the risk of amplifying biases <ref type="bibr" target="#b19">(Zhao et al., 2017)</ref>, ML tools could nevertheless help manage information overload by identifying patterns in the data, such as argumentative strategies, goals, and intentions.</p><p>Any such research requires an extensive labeled dataset. While the OpenReview platform <ref type="bibr" target="#b15">(Soergel et al., 2013)</ref> has made it easy to obtain unlabeled public peer review text, labeling this data for supervised NLP requires highly qualified annotators. Correct interpretation of the discourse structure of the text requires an understanding of the technical content, precluding the use of standard crowdsourcing techniques. Prior work on discourse in peer review has focused this qualified labor force on labeling arguments extracted from the text, which enables the complete annotation of more examples, at the expense of research on non-argumentative behaviors in peer review. While there has been extensive research and deep analysis of different aspects of peer review, the taxonomies used to describe review argumentation are disparate and not directly compatible. Finally, there has been limited research into understanding the discourse relations between rebuttals and reviews <ref type="bibr" target="#b3">(Cheng et al., 2020;</ref><ref type="bibr" target="#b1">Bao et al., 2021)</ref>, and none so far into the discourse structure of rebuttals.</p><p>This paper presents DISAPERE (DIscourse Structure in Academic PEer REview), a dataset focusing on the interaction between reviewer and author 1 . We give reviews and rebuttals equal importance, and emphasize the relations between them. To enable the study of behaviors beyond the core arguments, we also annotate every sentence of both the review and rebuttal, and provide fine-grained labels for non-argumentative types. We annotate at the sentence level not only for completeness but also to avoid the propagation of errors from argument detection. We annotate four properties (REVIEW-ACTION, FINE-REVIEW-ACTION, ASPECT, POLARITY) of each review sentence, where the set of properties and their values were developed by synthesizing taxonomies from Figure <ref type="figure">1</ref>: A depiction of our annotation scheme on a minimal, fictional review-rebuttal pair. A: REVIEW-ACTION , including Structuring, Request, Evaluation; B: FINE-REVIEW-ACTION , fine-grained categorization of Structuring and Request sentences; C: ASPECT , indicating the qualities of the manuscript being commented upon D: POLARITY indicating whether these comments are positive or negative in nature. E: Each sentence in the rebuttal is mapped to zero or more sentences in the review, which constitute its context. This is a many-to-many relation. F: The sentences in the rebuttal are labeled with domain-specific discourse acts (REBUTTAL-ACTION ); each discourse act may be categorized according to whether it concurs with (✓) or disputes (×) the premise of the context it is responding to.</p><p>prior work. We also annotate each sentence of a rebuttal with a fine-grained label indicating the author's intentions and commitment, and a link to the set of review sentences that form its context. Figure <ref type="figure">1</ref> shows the DISAPERE annotation scheme on a minimal, fictional example review-rebuttal pair.</p><p>DISAPERE is intended as a comprehensive and high-quality test collection, along with training data to fine-tune models. Our annotations are carried out by graduate students in computer science who have undergone training and calibration, amounting to over 850 person-hours of annotation work. Much of the test data is double-annotated, and we report inter-annotator agreement on all aspects of the annotation. We describe the performance of state of the art models on the tasks of predicting labels and contexts, showing that interesting ambiguities in the data provide the NLP community with research challenges. We also show an example that demonstrates how decision makers could use models like these to understand trends and inform policies for future conferences ( § 5).</p><p>The contributions of this paper are as follows: (1) a new labeled training dataset of 506 reviewrebuttal pairs (over 20k sentences) of peer review discussion text in English, where review sentences are annotated with four properties, and rebuttal sentences are annotated with context and labels from a novel scheme to describe discourse structure; (2) a taxonomy of discourse labels synthesizing prior work on discourse in peer review and extending it to add useful subcategories; (3) a summary of the performance of baseline models on the dataset ( § 6); ( <ref type="formula">4</ref>) examples of analyses on the dataset that could benefit peer review decision makers ( § § 4 and 5), and (5) extensive annotation guidelines and software to support future labeling efforts.</p></div>
<div xmlns="http://www.tei-c.org/ns/1.0"><head n="2">Related work</head><p>The design of this dataset draws upon extensive, but disparate prior work on this topic. Many works, some addressed below, have taken advantage of the availability of review text hosted on OpenReview.</p><p>Argument-level review labeling Prior work has developed label sets that address different phenomena. <ref type="bibr" target="#b11">Hua et al. (2019)</ref> introduced the study of discourse structure in peer review by annotating argumentative propositions in the AMPERE dataset with a set of labels tailored to the peer review domain (EVALUATION, REQUEST, FACT, REFERENCE, and QUOTE). Similarly, <ref type="bibr" target="#b7">Fromm et al. (2020)</ref>'s AMSR dataset frames the problem as an argumentation process, in which the stance of each argument towards the paper's acceptance or rejection is of paramount importance. Both view peer review as argumentation, using argument mining techniques to highlight spans of interest.</p><p>While its goal is not to examine discourse structure per se, <ref type="bibr" target="#b18">Yuan et al. (2021)</ref>  </p></div>
<div xmlns="http://www.tei-c.org/ns/1.0"><head>Review-rebuttal interactions</head><p>We also expand on work by <ref type="bibr" target="#b3">Cheng et al. (2020)</ref>, who first annotated discourse relations between sentences in reviews and rebuttals. While <ref type="bibr" target="#b3">Cheng et al. (2020</ref><ref type="bibr" target="#b4">Cheng et al. ( , 2021) )</ref> present new deep learning architectures, in this paper we focus on the creation and comprehensive annotation of a new dataset, illustrated with results from some less specialized baseline models.</p><p>Other research into rebuttals includes <ref type="bibr" target="#b8">Gao et al. (2019)</ref>. Besides their main finding that reviewers rarely change their rating in response to rebuttals, they find that more specific, convincing and explicit responses are more likely to elicit a score change. Observations from this paper are formalized into rebuttal action labels in DISAPERE.</p></div>
<div xmlns="http://www.tei-c.org/ns/1.0"><head>Comparison of datasets</head><p>In DISAPERE we attempted to unify these schemas to form a single hierarchical schema for review discourse structure. We then expanded this hierarchical schema to introduce fine-grained classes for implicit and explicit requests made by the reviewers. The details of the correspondence between DISAPERE labels and those from prior work are summarized in Appendix A. In contrast to prior work, DISAPERE labels discourse phenomena at the sentence level rather than the argument level. This enables more thorough coverage of the text while avoiding the propagation of errors from machine learning models earlier in the annotation pipeline. While using manually defined discourse units (above or below the sentence level) may more precisely capture some discourse information, a separate pass of discourse segmentation can hinder the use of discourse datasets, as achieving consistent and replicable annotation of argument units is known to be highly challenging <ref type="bibr" target="#b17">(Trautmann et al., 2020)</ref>, and also because few works actually tackle unit segmentation <ref type="bibr" target="#b0">(Ajjour et al., 2017</ref>).</p></div>
<div xmlns="http://www.tei-c.org/ns/1.0"><head n="3">Dataset</head><p>Each example in DISAPERE consists of a pair of texts: a review and a rebuttal. Labels for reviews and rebuttal sentences are described below. Review sentence labels are summarized in Request to fix a typo in the manuscript 1.98%</p><p>Table <ref type="table" target="#tab_1">2</ref>: A list of the review sentence labels, their descriptions, and the percentage of review sentences they apply to. Labels from all categories besides REVIEW-ACTION are optional, and thus may not add up to 100%.</p><p>requests for an explanation (e.g. of motivations or claims), requests for edits, and identification of minor typos.</p></div>
<div xmlns="http://www.tei-c.org/ns/1.0"><head n="3.1.3">Aspect and polarity</head><p>ASPECT annotations follow the ACL review form <ref type="bibr" target="#b2">(Chakraborty et al., 2020;</ref><ref type="bibr" target="#b18">Yuan et al., 2021)</ref>. These distinguish clarity, originality, soundness/correctness, replicability, substance, impact/motivation, and meaningful comparison. Following <ref type="bibr" target="#b18">Yuan et al. (2021)</ref>, arguments with an ASPECT are also annotated for POLARITY. We label positive and negative polarities. ASPECT and POLARITY are applied to sentences whose REVIEW-ACTION value is evaluative or request.</p></div>
<div xmlns="http://www.tei-c.org/ns/1.0"><head n="3.2">Rebuttal sentence labels</head><p>We annotate two properties of each rebuttal sentence: a REBUTTAL-ACTION label characterizing its intent, and its CONTEXT in the review in the form of a subset of review sentences.</p></div>
<div xmlns="http://www.tei-c.org/ns/1.0"><head n="3.2.1">Rebuttal actions</head><p>The 14 rebuttal actions (Table <ref type="table">3</ref>) are divided into three REBUTTAL-STANCE categories (concur, dis-pute, non-arg) based on the author's stance towards the reviewer's comments.</p><p>(1) concur: The author concurs with the premise of the context. This includes answering a question or discussing a requested change that has been made to the manuscript, conceding a criticism in an evaluative sentence. (2) dispute: The author disputes the premise of the context. The rebuttal sentence may reject a criticism or request, disagree with an underlying fact or assertion, or mitigate criticism (accepting a criticism while, e.g., arguing it to be offset by other properties). (3) non-arg: Encompasses rebuttal actions including social actions (such as thanking reviewers), and structuring labels, for sentences that organize the review.</p><p>Responses to requests are further annotated: if the author concurs, we record whether the task has been completed by the time of the rebuttal, or promised by the camera ready deadline; if the author disputes, we record whether the task was deemed to be out of scope for the manuscript.</p></div>
<div xmlns="http://www.tei-c.org/ns/1.0"><head n="3.2.2">Rebuttal context</head><p>We refer to the set of sentences which a rebuttal sentence is responding to as the context of that 1237 Table <ref type="table">3</ref>: A list of the rebuttal sentence labels, their descriptions, and the percentage of rebuttal sentences they apply to. The "Reply to" column shows the REVIEW-ACTION types that a particular rebuttal type would canonically reply to. Each rebuttal sentence has exactly one REBUTTAL-ACTION label, so these percentages add up to 100%.</p><p>sentence, with special labels for when referring to the entire review (global context) or the empty set (no context). By not mandating a fixed discourse chunking, these annotations may handle situations when some rebuttal sentences respond to large sections of text, and other rebuttal sentences respond to specific sentences within those sections.</p></div>
<div xmlns="http://www.tei-c.org/ns/1.0"><head n="3.3">Data Source and Annotation</head><p>DISAPERE uses English text from scientific discussions on OpenReview <ref type="bibr" target="#b15">(Soergel et al., 2013)</ref>, which makes peer review reports available for research purposes. We draw review-rebuttal pairs from the International Conference on Learning Representations (ICLR) in 2019 and 2020, resulting in text within the domain of machine learning research. Review-rebuttal pairs are split into train, development and test sets in a 3:1:2 ratio such that all texts associated with any manuscript occur in the same subset. Overall statistics for the dataset are summarized in Table <ref type="table" target="#tab_4">4</ref>.</p><p>Authors are able to respond to each ICLR review by adding a comment. Although rebuttals are not formally named, we consider direct replies by the author to the initial review comment to constitute a rebuttal. While multi-turn interactions are possible, we focus on reviews and initial responses, and leave study of extended discussion for future work. The text is separated into sentences using the spaCy <ref type="bibr" target="#b10">(Honnibal and Montani, 2017)</ref>   All test set pairs are double-annotated. While the original sentence boundaries were maintained, tokenization within sentences was carried out using Stanza <ref type="bibr" target="#b13">(Qi et al., 2020)</ref>.</p><p>annotation tool designed for this task, which is available as part of the code release accompanying DISAPERE. The tool is described in detail in Appendix B. Annotators annotate each sentence of a review, then examine the rebuttal sentences in order, selecting sets of review sentences to form their context. While this linking between sentences does not explicitly align multi-sentence chunks as in pipelined approaches to discourse alignment <ref type="bibr" target="#b3">(Cheng et al., 2020)</ref>, we note that since multiple sentences may be aligned to the same set of sen-1238 tences in the review, some discourse structure is nevertheless latently implied.</p></div>
<div xmlns="http://www.tei-c.org/ns/1.0"><head n="3.4">Agreement</head><p>We report Cohen's κ <ref type="bibr" target="#b5">(Cohen, 1960)</ref> on the IAA of labeling both review and rebuttals, treating each sentence as a labeling unit (Table <ref type="table">5</ref>). The annotators for each example are selected randomly from the pool of 10 annotators. Cohen's κ is calculated for sentences annotated at least twice. Where more than two annotations were produced, we calculate κ between all pairs and normalize by the number of possible pairs. The results show between moderate and substantial chance-corrected agreement between annotators, for both REBUTTAL-ACTION and REBUTTAL-STANCE labels (Appendix D provides details about agreement on context sentences). While these IAA scores do illustrate the noise of the task, note that this is not highly unusual for discourse labeling tasks -e.g. <ref type="bibr" target="#b9">Habernal and Gurevych (2017)</ref> and <ref type="bibr" target="#b12">Miller et al. (2019)</ref> both report α u between 0.4 and 0.5. </p></div>
<div xmlns="http://www.tei-c.org/ns/1.0"><head n="4">Analysis</head></div>
<div xmlns="http://www.tei-c.org/ns/1.0"><head n="4.1">Context types</head><p>We separate the different types of rebuttal contexts in terms of the number and relative position of selected review sentences in Table <ref type="table">6</ref>, along with the four cases in which the context cannot be described as a subset of review sentences. Notably, 84.81% of sentences are linked to some review context. A small number of sentences refer to other sentences within the rebuttal, rather than any review context, posing a challenge for future work. </p></div>
<div xmlns="http://www.tei-c.org/ns/1.0"><head n="4.2">Alignment</head><p>One might reasonably hypothesize that the task of alignment between rebuttal and review sentences would be trivial, since authors are likely to respond to each point in the review in order. We can show that this is not the case. In Figure <ref type="figure" target="#fig_1">2</ref>, we calculate Spearman's ρ between rebuttal sentence indices and their aligned review sentence indices. Rebuttals responding to each point in order would achieve ρ = 1.0; this case is rare. Many examples with positive ρ &lt; 1.0 indicate that authors do respond to points approximately in order, but a simple mapping based on order alone would not capture the correct alignment. Thus, while linear inductive bias may be beneficial to alignment models, the task of determining rebuttal sentences' contexts is not trivial.   The canonical REVIEW-ACTION is marked by cross hatching. Note that authors sometimes interpret requests as criticisms ("Concede criticism"); often respond to evaluative sentences as if they are questions ("Answer"), and sometimes treat criticisms in the form of evaluative sentences as requests which they then carry out. ("Task has been done")</p></div>
<div xmlns="http://www.tei-c.org/ns/1.0"><head n="4.3">Author interpretations of criticism</head><p>In our taxonomy, each argumentative REBUTTAL-ACTION corresponds to a particular REVIEW-ACTION, which we refer to as its canonical REVIEW-ACTION (listed in 'Reply to' column of Table <ref type="table">3</ref>). For example, answers are generally responses to requests, while conceding criticism is usually a response to an evaluative statement. Annotations revealed that authors often interpreted review sentences as if they embodied REVIEW-ACTIONs besides the canonical one, in a way that furthered the author's argumentative goal. For example, authors often responded to evaluative statements as if they were requests, perhaps in order to appease a reviewer, although no action was explicitly requested. Figure <ref type="figure" target="#fig_2">3</ref> shows the distribution of contexts for three different REBUTTAL-ACTIONs.</p></div>
<div xmlns="http://www.tei-c.org/ns/1.0"><head n="4.4">Relating discourse features to rating</head><p>Figure <ref type="figure" target="#fig_3">4</ref> shows one possible analysis taking into account the rating of the review. We show the distribution of FINE-REVIEW-ACTION labels of requests 5 Application: Agreeability <ref type="bibr" target="#b8">Gao et al. (2019)</ref> showed that reviewers do not appear to act upon the rebuttals responding their reviews. It is possible that this is due to paucity of time on the reviewers' part. It is also common practice for area chairs to use review variance across a manuscript's reviews as a practical heuristic to decide which manuscripts need their attention. We propose that discourse information such as that described by DISAPERE can be used to provide heuristics that are data-driven, yet interpretable, and leverage information from the content of reviews rather than just numerical scores, resulting in better decision making.</p><p>One such measure is agreeability, which we define as the ratio of CONCUR sentences to argumentative sentences in a rebuttal, i.e.: agreeability = nconcur nconcur +n dispute . We argue that low agreeability can indicate problematic reviews even in cases where the variance in scores does not reveal an issue, as illustrated in Figure <ref type="figure" target="#fig_4">5</ref>. Agreeability is only weakly correlated with rating, with Pearson's r = 0.347. In Figure <ref type="figure" target="#fig_4">5</ref>, 18% (28/159) of manuscripts would not meet the bar for high variance scores (top quartile), although their low agreeability (bottom quartile) indicates that they may merit closer attention from area chairs<ref type="foot" target="#foot_1">3</ref> . </p></div>
<div xmlns="http://www.tei-c.org/ns/1.0"><head n="6">Baselines</head><p>Two types of machine learning tasks can be defined in DISAPERE. First, a sentence-level classification task for each of the four review labels and the two levels of rebuttal labels. Second, an alignment task in which, given a rebuttal sentence, the set of review sentences that form its context are to be predicted. The models described below are not intended to introduce innovations in discourse modeling, rather, we intend to show the off-the-shelf performance of state-of-the-art models, and indicate through error analysis the phenomena that are yet to be captured.</p></div>
<div xmlns="http://www.tei-c.org/ns/1.0"><head n="6.1">Sentence classification</head><p>For the six classification tasks, we use bert-base <ref type="bibr" target="#b6">(Devlin et al., 2019)</ref> to produce sentence embeddings for each sentence, then classify the representation of the [CLS] token using a feedforward network.</p><p>We report macro-averaged F1 scores, shown in Table <ref type="table" target="#tab_7">7</ref>. In general, F1 is lower for tasks with larger label spaces. While the performance is reasonable in most cases, there is still room for improvement. While ASPECT achieves a particularly low F1 score, its κ is within the bounds of moderate agreement; thus, this must be accounted for by the inherent difficulty of the task rather than a deficit in data quality. As one might expect, errors in the classification results largely mirror disagreements in the annotations, which in turn reflect particularly ambiguous utterances. One example is the occurrence of rhetorical questions, such as (1) in Table <ref type="table" target="#tab_8">8</ref>, incorrectly labeled as request instead of evaluative. In fact, for sentences such as (1), additional context would disambiguate its type: the reviewer answers the question in the next sentence, and hence both sentences were labeled evaluative. Similarly, (2) was labeled fact, but since it is an integral part of a reviewer's argument against the soundness of the paper, should have been labeled evaluative. Certain reviewers also use conventions that do not fit the general schema we observed when developing DIS-APERE. For example, (3), an opinionated heading, could be considered both structuring and evaluative. Finally, certain lexical cues a model may pick up on can be quite subtle. For example, though they share a prefix, sentences (4) and ( <ref type="formula">5</ref>) are clearly evaluative and request respectively.</p></div>
<div xmlns="http://www.tei-c.org/ns/1.0"><head n="6.2">Rebuttal context alignment</head><p>We model rebuttal context alignment as a ranking task. Ideally, a model should rank all relevant review sentences higher than non-relevant review sentences. As a baseline, we use an information retrieval (IR) model based on BM25 that, given a rebuttal sentence ranks all the corresponding review sentences. We also report results from a neural sentence alignment model based on a twotower Siamese-BERT (S-BERT) model <ref type="bibr" target="#b14">(Reimers and Gurevych, 2019)</ref>. We add a NO_MATCH sentence to the review, to which rebuttal sentences without context sets in the review are aligned. Then, each review and rebuttal sentence is encoded independently using a S-BERT encoder and the similarity between two sentences is computed using cosine Surprisingly, the BM25 model outperforms a neural model <ref type="bibr" target="#b16">(Thakur et al., 2021)</ref>. While this shows that lexical information is a useful signal, both models have significant scope for improvement, and lexical overlap is clearly not sufficient for this task. Importantly, neither of these models account for the context of the rebuttal sentence, and predict each sentence's context independently. Incorporating this information is likely to lead to performance gains; however, we leave this investigation to future work.</p></div>
<div xmlns="http://www.tei-c.org/ns/1.0"><head n="7">Conclusion</head><p>As the burden of academic peer reviewing grows, it is important for program chairs and editors to act upon data-driven insights rather than heuristics, to make the best possible use of participants' scarce time. Models trained on data like DISAPERE will allow decision makers to glean deep insights on the interactions occurring during peer review.</p><p>Almost all publicly available peer review data is from the domain of artificial intelligence, limiting the scope of DISAPERE and any similar project. While this means that models trained on DISAPERE won't necessarily generalize to all new domains, we hope that with the detailed annotation guidelines and seamless data collection using the software provided with this paper support, users</p></div>
<div xmlns="http://www.tei-c.org/ns/1.0"><head n="8">Ethics</head><p>The outcomes of peer review can have outsize effects on the careers of participating scholars. As machine learning models are known to amplify biases, we strongly recommend against using the outputs of any machine learning system to make decisions about individual cases. A dataset like DISAPERE is best used to survey participants' behavior. Any interventions based on this information should be subjected to studies in order to ensure that they do not introduce or exacerbate bias. corpus-level constraints. In Proceedings of the 2017 Conference on Empirical Methods in Natural Language Processing, pages 2979-2989, Copenhagen, Denmark. Association for Computational Linguistics.</p></div>
<div xmlns="http://www.tei-c.org/ns/1.0"><head>A Rationale for taxonomy construction</head><p>Our label sets leverage ideas from and commonalities between existing work in this domain, including AMPERE <ref type="bibr" target="#b11">(Hua et al., 2019)</ref>, AMSR <ref type="bibr" target="#b7">(Fromm et al., 2020</ref>) ASAP-Review <ref type="bibr" target="#b18">(Yuan et al., 2021)</ref> • summary is an exception among ASAP-Review's aspects, behaving similarly to AM-PERE's quote. We thus include both of these under a structuring category.</p><p>• Further, in order to gauge the extent to which authors acquiesced to reviewers' requests, we introduce a fine-grained categorization of the types of requests.</p><p>• <ref type="bibr" target="#b8">Gao et al. (2019)</ref> enumerates some features of rebuttals, including expressing gratitude, promising revisions, and disagreeing with criticisms. We formalize these observations into our rebuttal label taxonomy.</p></div>
<div xmlns="http://www.tei-c.org/ns/1.0"><head>B Annotation tool</head><p>Two modes of annotation are possible. First, annotators can apply labels on a sentence-by-sentence basis. Multiple labeling schemas can be annotated simulatenously, with the option of adding constraints so that certain values govern possible values for other properties. This annotation mode is shown in Figure <ref type="figure" target="#fig_5">6</ref>.</p><p>The second annotation mode can build on the output of the first annotation mode. Here, sentences of a focus text (the rebuttal) are presented in sequence, and annotators are permitted to select one or more of the sentences in the reference text (the review) which form the context of the sentence of the focus text. Further, a label can be applied to the alignment. This annotation mode is shown in Figure <ref type="figure" target="#fig_6">7</ref> and Figure <ref type="figure" target="#fig_7">8</ref>. </p></div>
<div xmlns="http://www.tei-c.org/ns/1.0"><head>D Context overlap analysis</head><p>As a proxy for agreement of rebuttal spans, we show the types of overlap between spans on rebuttal sentences from 81 examples annotated by two annotators in Table <ref type="table" target="#tab_12">10</ref>.  </p></div>
<div xmlns="http://www.tei-c.org/ns/1.0"><head>E Additional Agreement Analysis</head><p>While some of the IAA scores on annotation are low, we note that the labels used in this task attempt to characterize relatively complex relationships in text. To give more insight into such disagreements, Figure <ref type="figure">10</ref> provides a confusion matrix regarding the REBUTTAL-ACTION labels. Recognizing that there are often situations in which users of a dataset will hope to reduce a label set, we provide some guidance as to which such merges may be acceptable and which are not. Many disagreements come from three labels which might be said to exist upon a continuum -ANSWER, MITIGATE CRITICISM and REJECT CRIT-ICISM. We suggest that in the situation of needing to minimize IAA disagreement, one might consider first merging mitigate criticism into reject criticism. The kind of disagreements seen between the two are understandable but nuanced: the difference between saying that the reviewer has a point (but that they disagree on the relevance of that point) and disagreeing with the point itself. Out-of-context rebuttal sentences illustrating this are provided below as examples of this kind of ambiguous situation:  • We note that such rules are indeed limited to some extent, but they still capture a rather expressive fragment of answer set programs with restricted forms of external computations.</p><p>• The use of C val p for hyperparameter tuning was incidental and not a central point of our paper.</p><p>• We agree that the measure theoretic approach is not always necessary (indeed for angular actions, it is not needed), but it is necessary for a very common scenario -clipped actions.</p><p>Furthermore, we note that (as illustrated in the confusion matrix) a wide range of disagreements are hard to distinguish from "answer" labels, as authors often attempt to frame disagreements as simple answers to questions.</p></div><figure xmlns="http://www.tei-c.org/ns/1.0" xml:id="fig_1"><head>Figure 2 :</head><label>2</label><figDesc>Figure 2: Spearman's ρ between rebuttal sentence indices and aligned review sentence indices. The dashed line indicates the median ρ value, which falls at 0.794.</figDesc></figure>
<figure xmlns="http://www.tei-c.org/ns/1.0" xml:id="fig_2"><head>Figure 3 :</head><label>3</label><figDesc>Figure3: Distribution over REVIEW-ACTION for the context sentences of three REBUTTAL-ACTIONs. The canonical REVIEW-ACTION is marked by cross hatching. Note that authors sometimes interpret requests as criticisms ("Concede criticism"); often respond to evaluative sentences as if they are questions ("Answer"), and sometimes treat criticisms in the form of evaluative sentences as requests which they then carry out. ("Task has been done")</figDesc></figure>
<figure xmlns="http://www.tei-c.org/ns/1.0" xml:id="fig_3"><head>Figure 4 :</head><label>4</label><figDesc>Figure 4: Distribution of REVIEW-ACTION labels, separated by rating</figDesc><graphic coords="7,306.14,70.85,218.26,116.17" type="bitmap" /></figure>
<figure xmlns="http://www.tei-c.org/ns/1.0" xml:id="fig_4"><head>Figure 5 :</head><label>5</label><figDesc>Figure5: Mean agreeability for a manuscript's reviews v/s reviewer variance. Manuscripts above the dotted line are in the top quartile of rating variance, and are more likely to be reviewed by area chairs. Manuscripts to the left of the dashed line are in the bottom quartile of mean agreeability, in which authors take issue with the premises of reviewers' comments. The color of the dots indicates the mean of the reviewers' ratings.</figDesc></figure>
<figure xmlns="http://www.tei-c.org/ns/1.0" xml:id="fig_5"><head>Figure 6 :</head><label>6</label><figDesc>Figure 6: Review annotation interface. Annotators select label values from dropdown menus for each review sentence in turn. [1] Title of the manuscript whose review is being annotated [2] Reviewer identifier [3] Annotator identifier (removed for anonymity) [4] Link to original forum, in case it is needed for context [5] Individual review sentence [6] Option to report sentence splitting error (sentence splitting generally suffered from false positives) [7] Dropdown for REVIEW-ACTION [8] Follow-up dropdownfor FINE-REVIEW-ACTION populated based on value in (7) [9] Button to add second REVIEW-ACTION if necessary (this was seldom used)</figDesc><graphic coords="12,70.86,70.85,453.56,260.93" type="bitmap" /></figure>
<figure xmlns="http://www.tei-c.org/ns/1.0" xml:id="fig_6"><head>Figure 7 :</head><label>7</label><figDesc>Figure 7: Rebuttal annotation interface. Annotators examine each rebuttal sentence in turn, selecting sentences as context and specifying REBUTTAL-ACTION. [1] Title of the manuscript whose review is being annotated [2] Buttons to navigate between rebuttal sentences. Each page refers to a single rebuttal sentence (See (9)) [3] Reviewer identifier [4] Annotator identifier (removed for anonymity) [5] Link to original forum, in case it is needed for context [6] Link to open pop-up window with full rebuttal text, in case it is needed for context [7] Full review text. When a review sentence is clicked, it is highlighted and its details appear in (11) [8] Option to report sentence splitting error (false positive) [9] Rebuttal sentence being annotated [10] Button to copy REBUTTAL-ACTION label and context from previous rebuttal sentence [11] Table showing details of selected context sentences from the review, with the labels the annotator provided The screenshot is continued in Figure 8.</figDesc><graphic coords="13,70.86,235.71,453.57,252.88" type="bitmap" /></figure>
<figure xmlns="http://www.tei-c.org/ns/1.0" xml:id="fig_7"><head>Figure 8 :</head><label>8</label><figDesc>Figure 8: Rebuttal annotation interface (continued from Figure 7). Annotators examine each rebuttal sentence in turn, selecting sentences as context specifying REBUTTAL-ACTION. [1] Full review text, continued from (7) in Figure 7. [2] Dropdown to select context type, in case context cannot be defined as a subset of review sentences. [3] Dropdown to select REBUTTAL-ACTION (keyboard navigation possible) [4] Buttons to select REBUTTAL-ACTION (in case mouse navigation is preferred) [5] Option to report egregious sentence splitting errors.</figDesc><graphic coords="14,70.86,70.84,453.56,258.37" type="bitmap" /></figure>
<figure xmlns="http://www.tei-c.org/ns/1.0"><head></head><label></label><figDesc></figDesc><graphic coords="2,70.86,70.85,453.55,126.27" type="bitmap" /></figure>
<figure xmlns="http://www.tei-c.org/ns/1.0" type="table" xml:id="tab_0"><head></head><label></label><figDesc>uses polarity labels to indicate each argument's support or attack of the authors' bid for acceptance. Besides polarity, these examples follow Chakraborty et al. (2020) by annotating each argument with the aspect of the paper it comments on. 2 In contrast to Yuan et al. (2021), we do not attempt or recommend generat-</figDesc><table><row><cell>ing peer review text, instead focusing on analyzing</cell></row><row><cell>human-generated text in peer review.</cell></row><row><cell>2 Aspects are based on the ACL 2018 rubric.</cell></row><row><cell>1235</cell></row></table></figure>
<figure xmlns="http://www.tei-c.org/ns/1.0" type="table" xml:id="tab_1"><head>Table 2</head><label>2</label><figDesc></figDesc><table><row><cell>, and</cell></row></table><note>tors label each sentence with one of six coarsegrained sentence types including evaluative and fact sentences, request sentences (including questions, which are requests for information), as well as non-argument types: social, and structuring for organization of the text.3.1.2 Fine-grained review actionsWe also extend two of these review actions with subtypes: structuring sentences include headers, quotations, or summarization sentences, and request sentences are subdivided by the nature of the request, distinguishing between clarification of factual information, requests for new experiments,</note></figure>
<figure xmlns="http://www.tei-c.org/ns/1.0" type="table" xml:id="tab_4"><head>Table 4 :</head><label>4</label><figDesc>Statistics for the dataset. Where possible, multiple reviews for the same manuscript were annotated. All reviews for any particular manuscript fall within the same train/dev/test split. Adjudicated pairs are those that were annotated by multiple annotators, and had disagreements resolved by an experienced annotator.</figDesc><table /></figure>
<figure xmlns="http://www.tei-c.org/ns/1.0" type="table" xml:id="tab_7"><head>Table 7 :</head><label>7</label><figDesc>Sentence classification results. Top: review labels; Bottom: rebuttal labels.</figDesc><table><row><cell>Classification task</cell><cell>Macro F1 (test)</cell><cell>Cohen's κ</cell><cell>Num. labels</cell></row><row><cell>REVIEW-ACTION FINE-REVIEW-ACTION ASPECT POLARITY</cell><cell>60.42% 44.83% 38.28% 70.88%</cell><cell>0.605 0.583 0.447 0.561</cell><cell>7 10 9 3</cell></row><row><cell>REBUTTAL-STANCE REBUTTAL-ACTION</cell><cell>43.36% 31.23%</cell><cell>0.513 0.479</cell><cell>4 17</cell></row></table></figure>
<figure xmlns="http://www.tei-c.org/ns/1.0" type="table" xml:id="tab_8"><head>Table 8 :</head><label>8</label><figDesc>Can the proposed[...]  function represent all function the authors used in the paper? Yes. also wondering if the comparison with the baselines is fair. E 5 I wonder if the authors ever looked at how much [...] determines the performance of the system? R Example sentences including errors and challenging cases. E, R, F stand for evaluative, request and fact respectively. Letters in parentheses show the incorrect label from the model. Sentence (3) functions both as evaluative and structuring. Sentences (4) and (5) share a prefix but have different REVIEW-ACTIONs.</figDesc><table><row><cell>Label (Pred.)</cell></row></table></figure>
<figure xmlns="http://www.tei-c.org/ns/1.0" type="table" xml:id="tab_9"><head>Table 9 :</head><label>9</label><figDesc>Rebuttal context alignment results. The results of both models indicate significant scope for improvement.</figDesc><table /></figure>
<figure xmlns="http://www.tei-c.org/ns/1.0" type="table" xml:id="tab_12"><head>Table 10 :</head><label>10</label><figDesc>Types of context overlap. Full agreement is achieved in the top rows (exact match and 'Agree none', where both annotators agree that there is no appropriate subset of review sentences forming the context. in 'Disagree none', one annotator marks a subset of review sentences, while the other does not.</figDesc><table /></figure>
			<note xmlns="http://www.tei-c.org/ns/1.0" place="foot" n="1" xml:id="foot_0">The dataset, along with its accompanying code and documentation, is available at http://www.github.com/ nnkennard/DISAPERE/.</note>
			<note xmlns="http://www.tei-c.org/ns/1.0" place="foot" n="3" xml:id="foot_1">Two such examples included in DISAPERE: https: //openreview.net/forum?id=r1e74a4twH and https://openreview.net/forum?id= HyMRUiC9YX.</note>
			<note xmlns="http://www.tei-c.org/ns/1.0" place="foot" n="4" xml:id="foot_2">We initialize from a sentence-transformers/all-MiniLM-L6-v2 model can build on our work, and ensure that their insights are robust to differences over time and across fields.</note>
		</body>
		<back>

			<div type="acknowledgement">
<div xmlns="http://www.tei-c.org/ns/1.0"><head>Acknowledgments</head><p>This material is based upon work supported in part by the National Science Foundation under Grant Numbers IIS-1763618, IIS-1922090, and  IIS-1955567, in  part by the Defense Advanced Research Projects Agency (DARPA) via Contract No. FA8750-17-C-0106 under Subaward No. 89341790 from the University of Southern California, in part by the Office of Naval Research (ONR) via Contract No. N660011924032 under Subaward No. 123875727 from the University of Southern California, in part by IBM Research AI through the AI Horizons Network, in part by the Chan Zuckerberg Initiative under the project Scientific Knowledge Base Construction, and in part by the Center for Intelligent Information Retrieval. Any opinions, findings and conclusions or recommendations expressed in this material are those of the authors and do not necessarily reflect those of the sponsors.</p></div>
			</div>

			<div type="annex">
<div xmlns="http://www.tei-c.org/ns/1.0"><p>{ "metadata": { "forum_id": "ryGWhJBtDB", "review_id": "BJgmhEfTcH", "rebuttal_id": "rye3zaZ7or", "title": "Hyperparameter Tuning and Implicit Regularization in Minibatch SGD", "reviewer": "AnonReviewer3", "rating": 3, "conference": "ICLR2020", "permalink": "https://openreview.net/forum?id=ryGWhJBtDB&amp;noteId=rye3zaZ7or", "annotator": "anno10" }, "review_sentences": [ { "review_id": "BJgmhEfTcH", "sentence_index": 0, "text": "This paper is an empirical contribution regarding SGD arguing that it presents two different behaviors which the authors name a noise dominated regimen, and a curvature dominated regime.", "suffix": "", "review_action": "arg_structuring", "fine_review_action": "arg-structuring_summary", "aspect": "none", "polarity": "none" }, ... { "review_id": "BJgmhEfTcH", "sentence_index": 4, "text": "I find the observations interesting, but the contribution is empirical and not entirely new. It would be nice if there were some theoretical results to back up the observations.", "suffix": "", "review_action": "arg_evaluative", "fine_review_action": "none", "aspect": "asp_originality", "polarity": "pol_negative" } ], "rebuttal_sentences": [ { "review_id": "BJgmhEfTcH", "rebuttal_id": "rye3zaZ7or", "sentence_index": 0, "text": "We thank the reviewer for their comments.", "suffix": "\n\n", "rebuttal_stance": "nonarg", "rebuttal_action": "rebuttal_social", "alignment": [ "context_global", null] }, { "review_id": "BJgmhEfTcH", "rebuttal_id": "rye3zaZ7or", "sentence_index": 1, "text": "Although our primary contributions are empirical, we also provided a detailed theoretical discussion in section 2, where we give a clear and simple account of why the two regimes arise.", "suffix": "", "rebuttal_stance": "dispute", "rebuttal_action": "rebuttal_reject-criticism ", "alignment": ["context_sentences",  Task will be done Label from Annotator 1 53 0 13 8 0 0 5 0 0 0 0 1 1 1 7 1 10 6 1 1 0 0 0 0 0 0 2 0 13 0 1 0 0 766 55 30 0 81 4 12 26 173 32 13 128 300 87 13 56 0 0 15 0 0 0 13 0 13 9 16 11 14 2 0 5 0 0 1 39 0 0 0 7 3 0 9 1 0 1 1 5 0 1 2 3 1 0 12 0 1 5 95 4 1 6 27 14 0 0 2 0 0 0 0 8 0 0 0 48 0 3 0 7 41 8 5 0 4 17 3 0 3 10 8 0 155 9 0 15 62 14 1 10 1 0 3 5 0 </p></div>			</div>
			<div type="references">

				<listBibl>

<biblStruct xml:id="b0">
	<analytic>
		<title level="a" type="main">Unit segmentation of argumentative texts</title>
		<author>
			<persName><forename type="first">Yamen</forename><surname>Ajjour</surname></persName>
		</author>
		<author>
			<persName><forename type="first">Wei-Fan</forename><surname>Chen</surname></persName>
		</author>
		<author>
			<persName><forename type="first">Johannes</forename><surname>Kiesel</surname></persName>
		</author>
		<author>
			<persName><forename type="first">Henning</forename><surname>Wachsmuth</surname></persName>
		</author>
		<author>
			<persName><forename type="first">Benno</forename><surname>Stein</surname></persName>
		</author>
		<idno type="DOI">10.18653/v1/W17-5115</idno>
	</analytic>
	<monogr>
		<title level="m">Proceedings of the 4th Workshop on Argument Mining</title>
				<meeting>the 4th Workshop on Argument Mining<address><addrLine>Copenhagen, Denmark</addrLine></address></meeting>
		<imprint>
			<publisher>Association for Computational Linguistics</publisher>
			<date type="published" when="2017">2017</date>
			<biblScope unit="page" from="118" to="128" />
		</imprint>
	</monogr>
	<note type="raw_reference">Yamen Ajjour, Wei-Fan Chen, Johannes Kiesel, Hen- ning Wachsmuth, and Benno Stein. 2017. Unit seg- mentation of argumentative texts. In Proceedings of the 4th Workshop on Argument Mining, pages 118- 128, Copenhagen, Denmark. Association for Compu- tational Linguistics.</note>
</biblStruct>

<biblStruct xml:id="b1">
	<analytic>
		<title level="a" type="main">Argument pair extraction with mutual guidance and inter-sentence relation graph</title>
		<author>
			<persName><forename type="first">Jianzhu</forename><surname>Bao</surname></persName>
		</author>
		<author>
			<persName><forename type="first">Bin</forename><surname>Liang</surname></persName>
		</author>
		<author>
			<persName><forename type="first">Jingyi</forename><surname>Sun</surname></persName>
		</author>
		<author>
			<persName><forename type="first">Yice</forename><surname>Zhang</surname></persName>
		</author>
		<author>
			<persName><forename type="first">Min</forename><surname>Yang</surname></persName>
		</author>
		<author>
			<persName><forename type="first">Ruifeng</forename><surname>Xu</surname></persName>
		</author>
	</analytic>
	<monogr>
		<title level="m">Proceedings of the 2021 Conference on Empirical Methods in Natural Language Processing</title>
				<meeting>the 2021 Conference on Empirical Methods in Natural Language Processing</meeting>
		<imprint>
			<publisher>Dominican Republic. Association for Computational Linguistics</publisher>
			<date type="published" when="2021">2021</date>
			<biblScope unit="page" from="3923" to="3934" />
		</imprint>
		<respStmt>
			<orgName>Online and Punta Cana</orgName>
		</respStmt>
	</monogr>
	<note type="raw_reference">Jianzhu Bao, Bin Liang, Jingyi Sun, Yice Zhang, Min Yang, and Ruifeng Xu. 2021. Argument pair extrac- tion with mutual guidance and inter-sentence relation graph. In Proceedings of the 2021 Conference on Empirical Methods in Natural Language Processing, pages 3923-3934, Online and Punta Cana, Domini- can Republic. Association for Computational Lin- guistics.</note>
</biblStruct>

<biblStruct xml:id="b2">
	<analytic>
		<title level="a" type="main">Aspect-based sentiment analysis of scientific reviews</title>
		<author>
			<persName><forename type="first">Souvic</forename><surname>Chakraborty</surname></persName>
		</author>
		<author>
			<persName><forename type="first">Pawan</forename><surname>Goyal</surname></persName>
		</author>
		<author>
			<persName><forename type="first">Animesh</forename><surname>Mukherjee</surname></persName>
		</author>
		<idno type="DOI">10.1145/3383583.3398541</idno>
	</analytic>
	<monogr>
		<title level="m">Proceedings of the ACM/IEEE Joint Conference on Digital Libraries in 2020</title>
				<meeting>the ACM/IEEE Joint Conference on Digital Libraries in 2020</meeting>
		<imprint>
			<date type="published" when="2020">2020</date>
		</imprint>
	</monogr>
	<note type="raw_reference">Souvic Chakraborty, Pawan Goyal, and Animesh Mukherjee. 2020. Aspect-based sentiment analysis of scientific reviews. Proceedings of the ACM/IEEE Joint Conference on Digital Libraries in 2020.</note>
</biblStruct>

<biblStruct xml:id="b3">
	<analytic>
		<title level="a" type="main">APE: Argument pair extraction from peer review and rebuttal via multi-task learning</title>
		<author>
			<persName><forename type="first">Liying</forename><surname>Cheng</surname></persName>
		</author>
		<author>
			<persName><forename type="first">Lidong</forename><surname>Bing</surname></persName>
		</author>
		<author>
			<persName><forename type="first">Qian</forename><surname>Yu</surname></persName>
		</author>
		<author>
			<persName><forename type="first">Wei</forename><surname>Lu</surname></persName>
		</author>
		<author>
			<persName><forename type="first">Luo</forename><surname>Si</surname></persName>
		</author>
		<idno type="DOI">10.18653/v1/2020.emnlp-main.569</idno>
	</analytic>
	<monogr>
		<title level="m">Proceedings of the 2020 Conference on Empirical Methods in Natural Language Processing (EMNLP)</title>
				<meeting>the 2020 Conference on Empirical Methods in Natural Language Processing (EMNLP)</meeting>
		<imprint>
			<publisher>Online. Association for Computational Linguistics</publisher>
			<date type="published" when="2020">2020</date>
			<biblScope unit="page" from="7000" to="7011" />
		</imprint>
	</monogr>
	<note type="raw_reference">Liying Cheng, Lidong Bing, Qian Yu, Wei Lu, and Luo Si. 2020. APE: Argument pair extraction from peer review and rebuttal via multi-task learning. In Proceedings of the 2020 Conference on Empirical Methods in Natural Language Processing (EMNLP), pages 7000-7011, Online. Association for Computa- tional Linguistics.</note>
</biblStruct>

<biblStruct xml:id="b4">
	<analytic>
		<title level="a" type="main">Argument pair extraction via attention-guided multi-layer multi-cross encoding</title>
		<author>
			<persName><forename type="first">Liying</forename><surname>Cheng</surname></persName>
		</author>
		<author>
			<persName><forename type="first">Tianyu</forename><surname>Wu</surname></persName>
		</author>
		<author>
			<persName><forename type="first">Lidong</forename><surname>Bing</surname></persName>
		</author>
		<author>
			<persName><forename type="first">Luo</forename><surname>Si</surname></persName>
		</author>
		<idno type="DOI">10.18653/v1/2021.acl-long.496</idno>
	</analytic>
	<monogr>
		<title level="m">Proceedings of the 59th Annual Meeting of the Association for Computational Linguistics and the 11th International Joint Conference on Natural Language Processing</title>
		<title level="s">Long Papers</title>
		<meeting>the 59th Annual Meeting of the Association for Computational Linguistics and the 11th International Joint Conference on Natural Language Processing</meeting>
		<imprint>
			<publisher>Online. Association for Computational Linguistics</publisher>
			<date type="published" when="2021">2021</date>
			<biblScope unit="volume">1</biblScope>
			<biblScope unit="page" from="6341" to="6353" />
		</imprint>
	</monogr>
	<note type="raw_reference">Liying Cheng, Tianyu Wu, Lidong Bing, and Luo Si. 2021. Argument pair extraction via attention-guided multi-layer multi-cross encoding. In Proceedings of the 59th Annual Meeting of the Association for Computational Linguistics and the 11th International Joint Conference on Natural Language Processing (Volume 1: Long Papers), pages 6341-6353, Online. Association for Computational Linguistics.</note>
</biblStruct>

<biblStruct xml:id="b5">
	<monogr>
		<title level="m" type="main">A coefficient of agreement for nominal scales. Educational and psychological measurement</title>
		<author>
			<persName><forename type="first">Jacob</forename><surname>Cohen</surname></persName>
		</author>
		<imprint>
			<date type="published" when="1960">1960</date>
			<biblScope unit="volume">20</biblScope>
			<biblScope unit="page" from="37" to="46" />
		</imprint>
	</monogr>
	<note type="raw_reference">Jacob Cohen. 1960. A coefficient of agreement for nominal scales. Educational and psychological mea- surement, 20(1):37-46.</note>
</biblStruct>

<biblStruct xml:id="b6">
	<analytic>
		<title level="a" type="main">BERT: Pre-training of deep bidirectional transformers for language understanding</title>
		<author>
			<persName><forename type="first">Jacob</forename><surname>Devlin</surname></persName>
		</author>
		<author>
			<persName><forename type="first">Ming-Wei</forename><surname>Chang</surname></persName>
		</author>
		<author>
			<persName><forename type="first">Kenton</forename><surname>Lee</surname></persName>
		</author>
		<author>
			<persName><forename type="first">Kristina</forename><surname>Toutanova</surname></persName>
		</author>
		<idno type="DOI">10.18653/v1/N19-1423</idno>
	</analytic>
	<monogr>
		<title level="m">Proceedings of the 2019 Conference of the North American Chapter of the Association for Computational Linguistics: Human Language Technologies</title>
		<title level="s">Long and Short Papers</title>
		<meeting>the 2019 Conference of the North American Chapter of the Association for Computational Linguistics: Human Language Technologies<address><addrLine>Minneapolis, Minnesota</addrLine></address></meeting>
		<imprint>
			<publisher>Association for Computational Linguistics</publisher>
			<date type="published" when="2019">2019</date>
			<biblScope unit="volume">1</biblScope>
			<biblScope unit="page" from="4171" to="4186" />
		</imprint>
	</monogr>
	<note type="raw_reference">Jacob Devlin, Ming-Wei Chang, Kenton Lee, and Kristina Toutanova. 2019. BERT: Pre-training of deep bidirectional transformers for language under- standing. In Proceedings of the 2019 Conference of the North American Chapter of the Association for Computational Linguistics: Human Language Tech- nologies, Volume 1 (Long and Short Papers), pages 4171-4186, Minneapolis, Minnesota. Association for Computational Linguistics.</note>
</biblStruct>

<biblStruct xml:id="b7">
	<monogr>
		<author>
			<persName><forename type="first">Michael</forename><surname>Fromm</surname></persName>
		</author>
		<author>
			<persName><forename type="first">Evgeniy</forename><surname>Faerman</surname></persName>
		</author>
		<author>
			<persName><forename type="first">Max</forename><surname>Berrendorf</surname></persName>
		</author>
		<author>
			<persName><forename type="first">Siddharth</forename><surname>Bhargava</surname></persName>
		</author>
		<author>
			<persName><forename type="first">Ruoxia</forename><surname>Qi</surname></persName>
		</author>
		<author>
			<persName><forename type="first">Yao</forename><surname>Zhang</surname></persName>
		</author>
		<author>
			<persName><forename type="first">Lukas</forename><surname>Dennert</surname></persName>
		</author>
		<author>
			<persName><forename type="first">Sophia</forename><surname>Selle</surname></persName>
		</author>
		<author>
			<persName><forename type="first">Yang</forename><surname>Mao</surname></persName>
		</author>
		<author>
			<persName><forename type="first">Thomas</forename><surname>Seidl</surname></persName>
		</author>
		<idno type="arXiv">arXiv:2012.07743</idno>
		<title level="m">Argument mining driven analysis of peerreviews</title>
				<imprint>
			<date type="published" when="2020">2020</date>
		</imprint>
	</monogr>
	<note type="report_type">arXiv preprint</note>
	<note type="raw_reference">Michael Fromm, Evgeniy Faerman, Max Berrendorf, Siddharth Bhargava, Ruoxia Qi, Yao Zhang, Lukas Dennert, Sophia Selle, Yang Mao, and Thomas Seidl. 2020. Argument mining driven analysis of peer- reviews. arXiv preprint arXiv:2012.07743.</note>
</biblStruct>

<biblStruct xml:id="b8">
	<analytic>
		<title level="a" type="main">Does my rebuttal matter? insights from a major NLP conference</title>
		<author>
			<persName><forename type="first">Yang</forename><surname>Gao</surname></persName>
		</author>
		<author>
			<persName><forename type="first">Steffen</forename><surname>Eger</surname></persName>
		</author>
		<author>
			<persName><forename type="first">Ilia</forename><surname>Kuznetsov</surname></persName>
		</author>
		<author>
			<persName><forename type="first">Iryna</forename><surname>Gurevych</surname></persName>
		</author>
		<author>
			<persName><forename type="first">Yusuke</forename><surname>Miyao</surname></persName>
		</author>
		<idno type="DOI">10.18653/v1/N19-1129</idno>
	</analytic>
	<monogr>
		<title level="m">Proceedings of the 2019 Conference of the North American Chapter of the Association for Computational Linguistics: Human Language Technologies</title>
		<title level="s">Long and Short Papers</title>
		<meeting>the 2019 Conference of the North American Chapter of the Association for Computational Linguistics: Human Language Technologies<address><addrLine>Minnesota</addrLine></address></meeting>
		<imprint>
			<publisher>Association for Computational Linguistics</publisher>
			<date type="published" when="2019">2019</date>
			<biblScope unit="volume">1</biblScope>
			<biblScope unit="page" from="1274" to="1290" />
		</imprint>
	</monogr>
	<note>Minneapolis</note>
	<note type="raw_reference">Yang Gao, Steffen Eger, Ilia Kuznetsov, Iryna Gurevych, and Yusuke Miyao. 2019. Does my rebuttal matter? insights from a major NLP conference. In Proceed- ings of the 2019 Conference of the North American Chapter of the Association for Computational Lin- guistics: Human Language Technologies, Volume 1 (Long and Short Papers), pages 1274-1290, Min- neapolis, Minnesota. Association for Computational Linguistics.</note>
</biblStruct>

<biblStruct xml:id="b9">
	<analytic>
		<title level="a" type="main">Argumentation mining in user-generated web discourse</title>
		<author>
			<persName><forename type="first">Ivan</forename><surname>Habernal</surname></persName>
		</author>
		<author>
			<persName><forename type="first">Iryna</forename><surname>Gurevych</surname></persName>
		</author>
		<idno type="DOI">10.1162/COLI_a_00276</idno>
	</analytic>
	<monogr>
		<title level="j">Computational Linguistics</title>
		<imprint>
			<biblScope unit="volume">43</biblScope>
			<biblScope unit="issue">1</biblScope>
			<biblScope unit="page" from="125" to="179" />
			<date type="published" when="2017">2017</date>
		</imprint>
	</monogr>
	<note type="raw_reference">Ivan Habernal and Iryna Gurevych. 2017. Argumenta- tion mining in user-generated web discourse. Com- putational Linguistics, 43(1):125-179.</note>
</biblStruct>

<biblStruct xml:id="b10">
	<monogr>
		<title level="m" type="main">spaCy 2: Natural language understanding with Bloom embeddings, convolutional neural networks and incremental parsing</title>
		<author>
			<persName><forename type="first">Matthew</forename><surname>Honnibal</surname></persName>
		</author>
		<author>
			<persName><forename type="first">Ines</forename><surname>Montani</surname></persName>
		</author>
		<imprint>
			<date type="published" when="2017">2017</date>
		</imprint>
	</monogr>
	<note>To appear</note>
	<note type="raw_reference">Matthew Honnibal and Ines Montani. 2017. spaCy 2: Natural language understanding with Bloom embed- dings, convolutional neural networks and incremental parsing. To appear.</note>
</biblStruct>

<biblStruct xml:id="b11">
	<analytic>
		<title level="a" type="main">Argument mining for understanding peer reviews</title>
		<author>
			<persName><forename type="first">Xinyu</forename><surname>Hua</surname></persName>
		</author>
		<author>
			<persName><forename type="first">Mitko</forename><surname>Nikolov</surname></persName>
		</author>
		<author>
			<persName><forename type="first">Nikhil</forename><surname>Badugu</surname></persName>
		</author>
		<author>
			<persName><forename type="first">Lu</forename><surname>Wang</surname></persName>
		</author>
		<idno type="DOI">10.18653/v1/N19-1219</idno>
	</analytic>
	<monogr>
		<title level="m">Proceedings of the 2019 Conference of the North American Chapter of the Association for Computational Linguistics: Human Language Technologies</title>
		<title level="s">Long and Short Papers</title>
		<meeting>the 2019 Conference of the North American Chapter of the Association for Computational Linguistics: Human Language Technologies<address><addrLine>Minneapolis, Minnesota</addrLine></address></meeting>
		<imprint>
			<publisher>Association for Computational Linguistics</publisher>
			<date type="published" when="2019">2019</date>
			<biblScope unit="volume">1</biblScope>
			<biblScope unit="page" from="2131" to="2137" />
		</imprint>
	</monogr>
	<note type="raw_reference">Xinyu Hua, Mitko Nikolov, Nikhil Badugu, and Lu Wang. 2019. Argument mining for understanding peer reviews. In Proceedings of the 2019 Conference of the North American Chapter of the Association for Computational Linguistics: Human Language Tech- nologies, Volume 1 (Long and Short Papers), pages 2131-2137, Minneapolis, Minnesota. Association for Computational Linguistics.</note>
</biblStruct>

<biblStruct xml:id="b12">
	<analytic>
		<title level="a" type="main">A streamlined method for sourcing discourselevel argumentation annotations from the crowd</title>
		<author>
			<persName><forename type="first">Tristan</forename><surname>Miller</surname></persName>
		</author>
		<author>
			<persName><forename type="first">Maria</forename><surname>Sukhareva</surname></persName>
		</author>
		<author>
			<persName><forename type="first">Iryna</forename><surname>Gurevych</surname></persName>
		</author>
		<idno type="DOI">10.18653/v1/N19-1177</idno>
	</analytic>
	<monogr>
		<title level="m">Proceedings of the 2019 Conference of the North American Chapter of the Association for Computational Linguistics: Human Language Technologies</title>
		<title level="s">Long and Short Papers</title>
		<meeting>the 2019 Conference of the North American Chapter of the Association for Computational Linguistics: Human Language Technologies<address><addrLine>Minneapolis, Minnesota</addrLine></address></meeting>
		<imprint>
			<publisher>Association for Computational Linguistics</publisher>
			<date type="published" when="2019">2019</date>
			<biblScope unit="volume">1</biblScope>
			<biblScope unit="page" from="1790" to="1796" />
		</imprint>
	</monogr>
	<note type="raw_reference">Tristan Miller, Maria Sukhareva, and Iryna Gurevych. 2019. A streamlined method for sourcing discourse- level argumentation annotations from the crowd. In Proceedings of the 2019 Conference of the North American Chapter of the Association for Computa- tional Linguistics: Human Language Technologies, Volume 1 (Long and Short Papers), pages 1790-1796, Minneapolis, Minnesota. Association for Computa- tional Linguistics.</note>
</biblStruct>

<biblStruct xml:id="b13">
	<analytic>
		<title level="a" type="main">Stanza: A python natural language processing toolkit for many human languages</title>
		<author>
			<persName><forename type="first">Peng</forename><surname>Qi</surname></persName>
		</author>
		<author>
			<persName><forename type="first">Yuhao</forename><surname>Zhang</surname></persName>
		</author>
		<author>
			<persName><forename type="first">Yuhui</forename><surname>Zhang</surname></persName>
		</author>
		<author>
			<persName><forename type="first">Jason</forename><surname>Bolton</surname></persName>
		</author>
		<author>
			<persName><forename type="first">Christopher</forename><forename type="middle">D</forename><surname>Manning</surname></persName>
		</author>
		<idno type="DOI">10.18653/v1/2020.acl-demos.14</idno>
	</analytic>
	<monogr>
		<title level="m">Proceedings of the 58th Annual Meeting of the Association for Computational Linguistics: System Demonstrations</title>
				<meeting>the 58th Annual Meeting of the Association for Computational Linguistics: System Demonstrations</meeting>
		<imprint>
			<publisher>Online. Association for Computational Linguistics</publisher>
			<date type="published" when="2020">2020</date>
			<biblScope unit="page" from="101" to="108" />
		</imprint>
	</monogr>
	<note type="raw_reference">Peng Qi, Yuhao Zhang, Yuhui Zhang, Jason Bolton, and Christopher D. Manning. 2020. Stanza: A python natural language processing toolkit for many human languages. In Proceedings of the 58th Annual Meet- ing of the Association for Computational Linguistics: System Demonstrations, pages 101-108, Online. As- sociation for Computational Linguistics.</note>
</biblStruct>

<biblStruct xml:id="b14">
	<analytic>
		<title level="a" type="main">Sentence-BERT: Sentence embeddings using Siamese BERTnetworks</title>
		<author>
			<persName><forename type="first">Nils</forename><surname>Reimers</surname></persName>
		</author>
		<author>
			<persName><forename type="first">Iryna</forename><surname>Gurevych</surname></persName>
		</author>
		<idno type="DOI">10.18653/v1/D19-1410</idno>
	</analytic>
	<monogr>
		<title level="m">Proceedings of the 2019 Conference on Empirical Methods in Natural Language Processing and the 9th International Joint Conference on Natural Language Processing (EMNLP-IJCNLP)</title>
				<meeting>the 2019 Conference on Empirical Methods in Natural Language Processing and the 9th International Joint Conference on Natural Language Processing (EMNLP-IJCNLP)<address><addrLine>Hong Kong, China</addrLine></address></meeting>
		<imprint>
			<publisher>Association for Computational Linguistics</publisher>
			<date type="published" when="2019">2019</date>
			<biblScope unit="page" from="3982" to="3992" />
		</imprint>
	</monogr>
	<note type="raw_reference">Nils Reimers and Iryna Gurevych. 2019. Sentence- BERT: Sentence embeddings using Siamese BERT- networks. In Proceedings of the 2019 Conference on Empirical Methods in Natural Language Processing and the 9th International Joint Conference on Natu- ral Language Processing (EMNLP-IJCNLP), pages 3982-3992, Hong Kong, China. Association for Com- putational Linguistics.</note>
</biblStruct>

<biblStruct xml:id="b15">
	<monogr>
		<title level="m" type="main">Open scholarship and peer review: a time for experimentation</title>
		<author>
			<persName><forename type="first">David</forename><surname>Soergel</surname></persName>
		</author>
		<author>
			<persName><forename type="first">Adam</forename><surname>Saunders</surname></persName>
		</author>
		<author>
			<persName><forename type="first">Andrew</forename><surname>Mccallum</surname></persName>
		</author>
		<imprint>
			<date type="published" when="2013">2013</date>
		</imprint>
	</monogr>
	<note type="raw_reference">David Soergel, Adam Saunders, and Andrew McCallum. 2013. Open scholarship and peer review: a time for experimentation.</note>
</biblStruct>

<biblStruct xml:id="b16">
	<monogr>
		<title level="m" type="main">Beir: A heterogenous benchmark for zero-shot evaluation of information retrieval models</title>
		<author>
			<persName><forename type="first">Nandan</forename><surname>Thakur</surname></persName>
		</author>
		<author>
			<persName><forename type="first">Nils</forename><surname>Reimers</surname></persName>
		</author>
		<author>
			<persName><forename type="first">Andreas</forename><surname>Rücklé</surname></persName>
		</author>
		<idno type="DOI">10.48550/ARXIV.2104.08663</idno>
		<imprint>
			<date type="published" when="2021">2021</date>
		</imprint>
	</monogr>
	<note>Abhishek Srivastava, and Iryna Gurevych</note>
	<note type="raw_reference">Nandan Thakur, Nils Reimers, Andreas Rücklé, Ab- hishek Srivastava, and Iryna Gurevych. 2021. Beir: A heterogenous benchmark for zero-shot evaluation of information retrieval models.</note>
</biblStruct>

<biblStruct xml:id="b17">
	<analytic>
		<title level="a" type="main">Fine-grained argument unit recognition and classification</title>
		<author>
			<persName><forename type="first">Dietrich</forename><surname>Trautmann</surname></persName>
		</author>
		<author>
			<persName><forename type="first">Johannes</forename><surname>Daxenberger</surname></persName>
		</author>
		<author>
			<persName><forename type="first">Christian</forename><surname>Stab</surname></persName>
		</author>
	</analytic>
	<monogr>
		<title level="m">Proceedings of the AAAI Conference on Artificial Intelligence</title>
				<meeting>the AAAI Conference on Artificial Intelligence</meeting>
		<imprint>
			<date type="published" when="2020">2020</date>
			<biblScope unit="volume">34</biblScope>
			<biblScope unit="page" from="9048" to="9056" />
		</imprint>
	</monogr>
	<note>Hinrich Schütze, and Iryna Gurevych</note>
	<note type="raw_reference">Dietrich Trautmann, Johannes Daxenberger, Christian Stab, Hinrich Schütze, and Iryna Gurevych. 2020. Fine-grained argument unit recognition and classifi- cation. In Proceedings of the AAAI Conference on Artificial Intelligence, volume 34, pages 9048-9056.</note>
</biblStruct>

<biblStruct xml:id="b18">
	<monogr>
		<title level="m" type="main">Can we automate scientific reviewing?</title>
		<author>
			<persName><forename type="first">Weizhe</forename><surname>Yuan</surname></persName>
		</author>
		<author>
			<persName><forename type="first">Pengfei</forename><surname>Liu</surname></persName>
		</author>
		<author>
			<persName><forename type="first">Graham</forename><surname>Neubig</surname></persName>
		</author>
		<imprint>
			<date type="published" when="2021">2021</date>
		</imprint>
	</monogr>
	<note type="raw_reference">Weizhe Yuan, Pengfei Liu, and Graham Neubig. 2021. Can we automate scientific reviewing?</note>
</biblStruct>

<biblStruct xml:id="b19">
	<monogr>
		<title level="m" type="main">Men also like shopping: Reducing gender bias amplification using</title>
		<author>
			<persName><forename type="first">Jieyu</forename><surname>Zhao</surname></persName>
		</author>
		<author>
			<persName><forename type="first">Tianlu</forename><surname>Wang</surname></persName>
		</author>
		<author>
			<persName><forename type="first">Mark</forename><surname>Yatskar</surname></persName>
		</author>
		<author>
			<persName><forename type="first">Vicente</forename><surname>Ordonez</surname></persName>
		</author>
		<author>
			<persName><forename type="first">Kai-Wei</forename><surname>Chang</surname></persName>
		</author>
		<idno type="DOI">10.18653/v1/D17-1323</idno>
		<imprint>
			<date type="published" when="2017">2017</date>
		</imprint>
	</monogr>
	<note type="raw_reference">Jieyu Zhao, Tianlu Wang, Mark Yatskar, Vicente Or- donez, and Kai-Wei Chang. 2017. Men also like shopping: Reducing gender bias amplification using</note>
</biblStruct>

				</listBibl>
			</div>
		</back>
	</text>
</TEI>
