<?xml version="1.0" encoding="UTF-8"?>
<TEI xml:space="preserve" xmlns="http://www.tei-c.org/ns/1.0" 
xmlns:xsi="http://www.w3.org/2001/XMLSchema-instance" 
xsi:schemaLocation="http://www.tei-c.org/ns/1.0 https://raw.githubusercontent.com/kermitt2/grobid/master/grobid-home/schemas/xsd/Grobid.xsd"
 xmlns:xlink="http://www.w3.org/1999/xlink">
	<teiHeader xml:lang="en">
		<fileDesc>
			<titleStmt>
				<title level="a" type="main">Checking HATECHECK: a cross-functional analysis of behaviour-aware learning for hate speech detection</title>
			</titleStmt>
			<publicationStmt>
				<publisher/>
				<availability status="unknown"><licence/></availability>
			</publicationStmt>
			<sourceDesc>
				<biblStruct>
					<analytic>
						<author>
							<persName><forename type="first">Pedro</forename><surname>Henrique</surname></persName>
							<affiliation key="aff0">
								<orgName type="institution">University of Vienna</orgName>
							</affiliation>
						</author>
						<author>
							<persName><forename type="first">Luz</forename><surname>De Araujo</surname></persName>
							<affiliation key="aff0">
								<orgName type="institution">University of Vienna</orgName>
							</affiliation>
						</author>
						<author role="corresp">
							<persName><forename type="first">Benjamin</forename><surname>Roth</surname></persName>
							<email>benjamin.roth@univie.ac.at</email>
							<affiliation key="aff0">
								<orgName type="institution">University of Vienna</orgName>
							</affiliation>
						</author>
						<title level="a" type="main">Checking HATECHECK: a cross-functional analysis of behaviour-aware learning for hate speech detection</title>
					</analytic>
					<monogr>
						<imprint>
							<date/>
						</imprint>
					</monogr>
					<idno type="MD5">2C032506E0FFCAEDF44965E386553D78</idno>
				</biblStruct>
			</sourceDesc>
		</fileDesc>
		<encodingDesc>
			<appInfo>
				<application version="0.7.3-SNAPSHOT" ident="GROBID" when="2023-01-12T08:40+0000">
					<desc>GROBID - A machine learning software for extracting information from scholarly documents</desc>
					<ref target="https://github.com/kermitt2/grobid"/>
				</application>
			</appInfo>
		</encodingDesc>
		<profileDesc>
			<abstract>
<div xmlns="http://www.tei-c.org/ns/1.0"><p>Behavioural testing-verifying system capabilities by validating human-designed inputoutput pairs-is an alternative evaluation method of natural language processing systems proposed to address the shortcomings of the standard approach: computing metrics on held-out data. While behavioural tests capture human prior knowledge and insights, there has been little exploration on how to leverage them for model training and development. With this in mind, we explore behaviour-aware learning by examining several fine-tuning schemes using HATECHECK, a suite of functional tests for hate speech detection systems. To address potential pitfalls of training on data originally intended for evaluation, we train and evaluate models on different configurations of HATECHECK by holding out categories of test cases, which enables us to estimate performance on potentially overlooked system properties. The fine-tuning procedure led to improvements in the classification accuracy of held-out functionalities and identity groups, suggesting that models can potentially generalise to overlooked functionalities. However, performance on held-out functionality classes and i.i.d. hate speech detection data decreased, which indicates that generalisation occurs mostly across functionalities from the same class and that the procedure led to overfitting to the HATECHECK data distribution.</p></div>
			</abstract>
		</profileDesc>
	</teiHeader>
	<text xml:lang="en">
		<body>
<div xmlns="http://www.tei-c.org/ns/1.0"><head n="1">Introduction</head><p>The standard method for evaluating natural language processing (NLP) systems-computing metrics on held-out data-may be a good indicator of model correctness, but tends to overestimate performance in the wild <ref type="bibr">(Ribeiro et al., 2020)</ref>, does not indicate possible sources of models failure <ref type="bibr">(Wu et al., 2019)</ref> and overlooks potential dataset biases <ref type="bibr" target="#b8">(Niven and Kao, 2019;</ref><ref type="bibr" target="#b7">McCoy et al., 2019;</ref><ref type="bibr">Zellers et al., 2019)</ref>.</p><p>Behavioural testing of NLP models <ref type="bibr">(Röttger et al., 2021;</ref><ref type="bibr">Ribeiro et al., 2020)</ref> has been proposed as an additional evaluation methodology, where system functionalities are validated by checking specific input-output behaviour of the system. This is done through challenge sets: expert-crafted inputoutput pairs that capture human prior knowledge and intuition about how an agent should perform the task (Linzen, 2020) and enable systematic verification of system capabilities <ref type="bibr" target="#b0">(Belinkov and Glass, 2019)</ref>.</p><p>For the purposes of this paper, we consider a behavioural test suite to be a collection of test cases, input-output pairs that describe an expected behaviour. Each case assesses a specific functionality, which are grouped into functionality classes. For example, test cases in HATECHECK <ref type="bibr">(Röttger et al., 2021)</ref>, a test suite for hate speech detection, include (" <ref type="bibr">[IDENTITY]</ref> belong in a zoo.", hateful), <ref type="bibr">("No [IDENTITY]</ref> deserves to die.", non-hateful) and ("I had this queer feeling we were being watched", non-hateful). These cases assess the functionalities: implicit derogation of a protected group or its members, non-hate expressed using negated hateful statement and non-hateful homonyms of slurs<ref type="foot" target="#foot_0">1</ref> . These functionalities are grouped into the derogation, slur usage and negation classes. A test suite may also contain aspects, relevant properties of test cases that are orthogonal to the functionalities. An example of aspect in HATECHECK is the set of possible targeted identity groups.</p><p>While behavioural testing has been designed as a diagnostics tool, whether and how to leverage it for model training and development has seen little exploration, even though the human insights encoded in the test cases could potentially lead to more robust and trustworthy models. However, naively using behavioural testing for both training and evaluation is a risky affair-giving models access to the test cases could clue them into spurious correlations and lead to overestimation of model performance <ref type="bibr" target="#b4">(Linzen, 2020)</ref>. We view these risks as strong motivation to explore such settings, in order to gain insights into the vulnerability of behavioural tests to gaming and over-optimisation.</p><p>We explore three questions regarding behaviouraware learning: Q1: Do models generalise across test cases from the same functionality? This is a sanity check: test cases from the same functionality share similar patterns-sometimes generated by the same template-so we expect that behaviour-aware learning leads to better performance on test cases from functionalities seen during training.</p><p>Q2: Do models generalise from covered functionalities to held-out ones? By examining how behaviour-aware learning affects performance on held-out functionalities, we can estimate the robustness of the approach to potentially overlooked phenomena. Equivalently, performance decrease is an indicator of overfitting to functionalities covered during training.</p><p>Q3: Do models generalise from test cases to the target task? Improvements in the target task performance, as measured by independent and identically distributed (i.i.d.) data, would indicate that a model was able to extract the knowledge encoded in the behavioural tests. Conversely, a decrease in target task performance would signal overfitting to the behavioural test distribution.</p><p>In this paper, we explore behaviour-aware learning by fine-tuning pre-trained BERT <ref type="bibr" target="#b2">(Devlin et al., 2019)</ref> models on HATECHECK<ref type="foot" target="#foot_1">2</ref> . We experiment with several splitting methods and evaluate on different sets of held-out data: test cases for covered functionalities (Q1), test cases for held-out functionalities (Q2), and hate speech detection i.i.d. data (Q3). In addition to HATECHECK's functionalities, we consider performance on held-out functionality classes and identity groups. By investigating our research questions, we address potential pitfalls and identify promising approaches for behaviour-aware learning<ref type="foot" target="#foot_2">3</ref> .</p></div>
<div xmlns="http://www.tei-c.org/ns/1.0"><head n="2">Related work</head><p>Traditional NLP benchmarks are created from text corpora assembled to reflect the naturally-occurring data distribution, which may fail to sufficiently capture important phenomena. Challenge sets were created as an additional evaluation framework, characterised by greater control over data that enables testing for specific linguistic phenomena <ref type="bibr" target="#b0">(Belinkov and Glass, 2019)</ref>  <ref type="formula">2019</ref>) created HANS, a challenge set for natural language inference (NLI) designed to contradict classification heuristics that exploit spurious correlations in NLI datasets. They used the HANS templates to augment NLI training data, which helped prevent models from adopting such heuristics, though the improvement on held-out cases was inconsistent. <ref type="bibr" target="#b5">Liu et al. (2019)</ref> proposed inoculation by fine-tuning, where a model originally trained on a non-challenge dataset is fine-tuned on a few examples from a challenge set and then evaluated on both datasets. They do not assess generalisation from covered to held-out functionalities, as they use samples from the same functionality for training and testing.</p><p>To the best of our knowledge, we are the first to examine cross-functional behaviour-aware learning by fine-tuning models on different configurations of test suite and task data and evaluating performance across multiple generalisation axes.</p><p>3 Cross-functional analysis of behaviour-aware learning</p><p>We experiment with different training configurations by fine-tuning a pre-trained model on data from two distributions: the task and the test suite.</p><p>The model is fine-tuned either on one of the distributions or on both sequentially, first on the task and then on the test suite. We compare the performance of the resulting models on both data distributions to assess the impact of behaviour-aware learning considering both task and challenge data.</p><p>Test suites have limited coverage: the included functionalities, functionality classes and aspects are only subsets of the phenomena of interest. For example, HATECHECK covers seven protected groups, which are particular samples of the full set of communities targeted by hate speech. Therefore, naive evaluation of models fine-tuned using test suite data can lead to overestimating their performance: models can overfit to the covered phenomena and pass the tests, but fail cases from uncovered phenomena (e.g., hate targeted at an uncovered identity group). Since we cannot directly evaluate performance on uncovered cases, we use performance on held-out sets of functionality, functionality classes and aspects as a proxy for generalisation across those three axes, as described in sections 3.2 and 3.4.</p></div>
<div xmlns="http://www.tei-c.org/ns/1.0"><head n="3.1">Task data</head><p>We use two hate speech detection datasets <ref type="bibr" target="#b1">(Davidson et al., 2017;</ref><ref type="bibr" target="#b3">Founta et al., 2018)</ref> as source of task data. Both are composed of tweets annotated by crowdsourced workers. The <ref type="bibr" target="#b1">Davidson et al. (2017)</ref> dataset contains 24,783 tweets annotated as either hateful, offensive or neither, while the <ref type="bibr" target="#b3">Founta et al. (2018)</ref> dataset contains 99,996 tweets annotated as hateful, abusive, spam or normal. We use the versions of the datasets made available 4 by <ref type="bibr">Röttger et al. (2021)</ref>, in which all labels other than hateful are collapsed into a single non-hateful label to match HATECHECK binary labels. The data is imbalanced: hateful cases comprise 5.8% and 5.0% of the datasets, respectively. We follow <ref type="bibr">(Röttger et al., 2021)</ref> and use a 80%-10%-10% train-validation-test split for each of them.</p></div>
<div xmlns="http://www.tei-c.org/ns/1.0"><head n="3.2">Test suite data</head><p>We use HATECHECK <ref type="bibr">(Röttger et al., 2021)</ref>   <ref type="formula">2021</ref>) define hate speech as "abuse that is targeted at a protected group or at its members for being a part of that group", while protected groups are defined based on "age, disability, gender identity, familial status, pregnancy, race, national or ethnic origins, religion, sex or sexual orientation". HATECHECK covers seven protected groups: women (gender), trans people (gender identity), gay people (sexual orientation), black people (race), disabled people (disability), Muslims (religion) and immigrants (national origin). In addition to the gold label (hateful or non-hateful), each test is labelled with the targeted group.</p><p>When fine-tuning on test suite data, we use one of several splitting methods, as illustrated in Figure <ref type="figure">1</ref>:</p><p>All A random 50%-25%-25% train-validationtest split.</p><p>FuncOut We first hold out all test cases from a given functionality and randomly split the remaining cases into a 50%-50% train-evaluation split. We divide the union of held-out and evaluation split cases into a 50%-50% validation-test split. The process is repeated for each functionality, resulting in 29 split configurations.</p><p>IdentOut The same as FuncOut, but test cases relating to each identity group are held out, resulting in 7 split configurations.</p><p>ClassOut Similar to the previous two, but entire functionality classes are held out, resulting in 11 split configurations.</p></div>
<div xmlns="http://www.tei-c.org/ns/1.0"><head n="3.3">Training configurations</head><p>We consider the following training configurations:</p><p>Task-only Models are fine-tuned only on the task data. We denote the task-only configurations as Davidson and Founta, depending on which dataset was used for training.</p><p>Test suite-only Models are fine-tuned only on test suite data. We denote the test suite-only configurations by the name of the splitting method used.</p><p>Task and test suite Models are sequentially finetuned first on task data and then on test suite data. We denote these configurations as [Task data]-[Test suite split]. For example, in the Davidson-FuncOut configuration, models are first fine-tuned on the Davidson split and then on the FuncOut splits.</p></div>
<div xmlns="http://www.tei-c.org/ns/1.0"><head n="3.4">Evaluation</head><p>We evaluate the models that result from each training configuration on both task and test suite data. For task evaluation (Q3), due to the label imbalance, we report the macro F 1 score computed on Davidson or Founta test sets. For test suite evaluation, we follow Röttger et al. ( <ref type="formula">2021</ref>), and use the accuracy as the classification metric. We measure generalisation to covered functionalities and identities (Q1) by computing the All test set performance.</p><p>We aggregate performance on IdentOut test sets in the following way: for each of the seven Ident-Out split configurations we fine-tune the model on the train split and use it to compute the held-out test predictions and the covered test accuracy (Figure <ref type="figure">1</ref>). We compute the accuracy on the union of the seven held-out prediction sets as the heldout performance measure, and the average covered test accuracy as the covered performance measure 5 . 5 Covered and held-out aggregation methods are different because each of the seven held-out test sets targets a single identity group. Consequently computing the accuracy on each set and averaging them all would result in the average identity group accuracy instead of the overall test accuracy. The same method is used to aggregate performance on FuncOut and ClassOut sets.</p><p>The obtained held-out accuracies are measures of generalisation to held-out identity groups, functionalities and functionality classes (Q2). Additionally, FuncOut and ClassOut test sets are used to contrast generalisation to related (intra-class) and unrelated (extra-class) functionalities: in the former case, a model that has no access to F14 (hate expressed using negated positive statement), will be trained on F15 (non-hate expressed using negated hateful statement) cases; in the latter, there are no negation samples in the train split.</p></div>
<div xmlns="http://www.tei-c.org/ns/1.0"><head n="3.5">Experimental setting</head><p>All models start from a pre-trained uncased BERTbase model<ref type="foot" target="#foot_3">6</ref> . When fine-tuning, we follow Röttger et al. ( <ref type="formula">2021</ref>) and use cross-entropy with class weights inversely proportional to class frequency as the loss function and AdamW <ref type="bibr" target="#b6">(Loshchilov and Hutter, 2019)</ref> as the optimiser. We also search for the best values for batch size, learning rate and number of epochs through grid search, selecting the configuration with the smallest validation loss.</p></div>
<div xmlns="http://www.tei-c.org/ns/1.0"><head n="4">Results and discussion</head><p>Covered functionalities performance (Q1) Figure 2 exhibits performance on HATECHECK All split. All models fine-tuned on HATECHECK greatly outperformed models fine-tuned only on task data. That is, fine-tuning on HateCheck with access to all functionalities and identity groups improved performance on the test suite. Prior finetuning on task data did not make a relevant dif-  Scores also decrease when models are evaluated on the task dataset thsey were not fine-tuned on (domain gap).</p><p>ference: Davidson-All, Founta-All and All performance differences were not statistically significant 7 . Held-out functionalities performance (Q2) Figure <ref type="figure">3</ref> contrasts covered and held-out average accuracies in the FuncOut, IdentOut and ClassOut test sets. Unsurprisingly, scores are higher for cov- 7 For this and all other statements about statistical significance, we use two-tailed binomial testing when comparing accuracies, and randomisation testing <ref type="bibr">(Yeh, 2000)</ref> when comparing macro F1 scores. We consider performances to be significantly different when p-value ≤ 0.05. Appendix B lists the p-values for all performed tests. ered phenomena. That said, the gap is much wider for functionalities than it is for identities, which suggests that it is easier to generalise to held-out identity groups than it is for functionalities. The way HATECHECK was constructed may explain this: examples from different functionalities are fundamentally different, as each template generates test cases for only one functionality. Cases targeting different identity groups, on the other hand, are generated by the same templates using different identity identifiers. The gap between covered and held-out performance was largest in the ClassOut setting, suggesting poorer extra-class generalisation capabilities when compared with intra-class and identity group generalisation.</p><p>Figure <ref type="figure">4</ref> shows the impact of fine-tuning on HATECHECK by contrasting performance before and after the procedure. Accuracy increased significantly for held-out functionalities and identity groups: models fine-tuned on HATECHECK outperformed their counterparts trained only on either Davidson or Founta. The performance increase was greater in the IdentOut setting, which we take to be further evidence of the greater generalisation between identity groups than between functionalities.</p><p>While the fine-tuning procedure contributed positively to performance in the FuncOut setting, the Sample (top: <ref type="bibr" target="#b1">Davidson et al. (2017)</ref> same did not happen in the ClassOut scenario.</p><p>There was a statistically insignificant accuracy decrease for held-out classes after fine-tuning on the test suite. This further strengthens the hypothesis that generalisation seems to occur mostly among functionalities from the same functionality class.</p><p>Task data performance (Q3) Figure <ref type="figure" target="#fig_1">5</ref> compares model performance on the task test sets 8 . Macro F 1 scores decreases significantly after finetuning on HATECHECK. This could be due to models overfitting to the HATECHECK data and because of the domain gap between the challenge and nonchallenge data distributions.</p><p>The results also show the domain gap between the two task datasets: models perform better on the data they were fine-tuned on originally, even after further fine-tuning on HATECHECK. Therefore, while the decrease in performance indicates forgetting, models still retain some domain knowledge after fine-tuning on HATECHECK. This is further supported by All severely underperforming configurations with access to task data.</p><p>To further investigate the deterioration in performance caused by fine-tuning on HATECHECK, we select the target data samples with largest change in prediction. That is, given a sample s and the gold label probabilities p before (s) and p after (s) predicted before and after fine-tuning on HATECHECK, we calculate for each sample the change in prediction:</p><formula xml:id="formula_0">∆ p (s) = p after (s) − p before (s).</formula><p>Then, for each hate speech detection dataset, we 8 Our results are similar to the ones reported by Röttger et al. ( <ref type="formula">2021</ref>): we got micro/macro F1 scores of 90.56%/69.70% and 93.19%/71.73% for <ref type="bibr">Davidson and Founta. Röttger et al. (2021)</ref> reported 91.5%/70.8% and 92.9%/70.3% respectively. select the samples with:</p><p>1. Largest deterioration for hateful:</p><formula xml:id="formula_1">argmin s ∆ p (s), s ∈ H.</formula></div>
<div xmlns="http://www.tei-c.org/ns/1.0"><head n="2.">Largest deterioration for non-hateful:</head><formula xml:id="formula_2">argmin s ∆ p (s), s ∈ H c .</formula></div>
<div xmlns="http://www.tei-c.org/ns/1.0"><head n="3.">Largest improvement for hateful:</head><formula xml:id="formula_3">argmax s ∆ p (s), s ∈ H.</formula></div>
<div xmlns="http://www.tei-c.org/ns/1.0"><head n="4.">Largest improvement for non-hateful:</head><formula xml:id="formula_4">argmax s ∆ p (s), s ∈ H c .</formula><p>Where H and H c are the sets of samples labeled as hateful and non-hateful, respectively.</p><p>Table <ref type="table" target="#tab_3">1</ref> presents the results of this procedure. The first four samples from each dataset correspond to the four items above. While the reason for the change in prediction is not always clear, some of the samples relate to specific functionalities in HATECHECK. The second sample from <ref type="bibr" target="#b1">Davidson et al. (2017)</ref> contains threatening language (F5 and F6). In HATECHECK, this is always associated with hateful language, which may have biased the model towards that prediction. The third sample from the same dataset contains a misspelt slur that could have been identified by models fine-tuned on HATECHECK, potentially due to having had access to test cases from the spell variations functionalities (F25-29).</p><p>The last case from each dataset was selected (among the samples with a large change) due to the insights they offer. The fifth sample from <ref type="bibr" target="#b1">Davidson et al. (2017)</ref>, although clearly non-hateful, was predicted as hateful after model fine-tuning on HATECHECK. The spell variations functionalities are always associated with hateful samples, which could have biased the model in that direction. Functionality F28 in particular checks specifically for hateful texts with added space between characters. It would be interesting to examine if leveraging other types of tests (e.g. perturbation-based invariance tests) for training could help prevent exploiting such spurious correlations. The fifth sample from <ref type="bibr" target="#b3">(Founta et al., 2018)</ref> is interesting because the model was able to correct the previously wrong prediction even though the identity "men" is not covered by HATECHECK, further evidence of generalisation to other identity groups. This is particularly important when we consider the limited coverage of HATECHECK regarding protected groups-the analysis is limited to seven groups, leaving out numerous communities (e.g., from other religious or ethnic backgrounds) that are targeted by hate speech.</p></div>
<div xmlns="http://www.tei-c.org/ns/1.0"><head n="5">Conclusion</head><p>We have presented a cross-functional analysis of behaviour-aware learning for hate speech detection. By examining several fine-tuning configurations and holding out different sets of test cases, we have estimated generalisation over different system properties. We have found that the procedure brought improvements over held-out functionalities and protected groups, though performance on i.i.d. task data and held-out functionality classes decreased. Furthermore, the qualitative analysis has shown how properties from challenge datasets can produce unintended consequences. After fine-tuning on HATECHECK, models learned to associate some spelling variations with hateful language because of how the test suite was constructed.</p><p>These results suggest that, while there was generalisation to held-out phenomena, the models have overfitted to HATECHECK distribution. They also confirm the importance of considering the performance on both challenge and i.i.d. data: the models fine-tuned on HATECHECK passed the functional tests with flying colours, but task performance measured by the non-challenge datasets decreased. In Proceedings of the 57th Annual Meeting of the Association for Computational Linguistics, pages 4791-4800, Florence, Italy. Association for Computational Linguistics.   </p></div>
<div xmlns="http://www.tei-c.org/ns/1.0"><head>A HATECHECK functionalities</head></div>
<div xmlns="http://www.tei-c.org/ns/1.0"><head>B P-values of performed tests</head></div><figure xmlns="http://www.tei-c.org/ns/1.0" xml:id="fig_0"><head>Figure 2 :</head><label>2</label><figDesc>Figure 2: Performance on All split test set: models finetuned on HATECHECK outperform the ones trained only on task data.</figDesc></figure>
<figure xmlns="http://www.tei-c.org/ns/1.0" xml:id="fig_1"><head>Figure 5 :</head><label>5</label><figDesc>Figure5: Performance on the task test sets: macro F 1 score decreases after fine-tuning on HATECHECK. Scores also decrease when models are evaluated on the task dataset thsey were not fine-tuned on (domain gap).</figDesc></figure>
<figure xmlns="http://www.tei-c.org/ns/1.0" type="table" xml:id="tab_1"><head></head><label></label><figDesc>as the test suite. It contains 3,728 test cases that cover 29 functionalities grouped into 11 classes. Röttger et al. (2021) created the set of functionalities based on interviews with 21 employees from NGOs that work with online hate. 18 of the functionalities deal with distinct expressions of hate, while the remaining 11 cover contrastive non-hate. The test cases were either automatically generated using</figDesc><table><row><cell>A</cell><cell></cell><cell></cell><cell></cell></row><row><cell>B</cell><cell></cell><cell></cell><cell></cell></row><row><cell>HateCheck</cell><cell>All</cell><cell>FuncOut</cell><cell>ClassOut IdentOut</cell></row><row><cell cols="4">Figure 1: Illustration of our splitting techniques for HATECHECK. The first column shows a simplified ver-sion of HATECHECK with two functionality classes (A and B) that each contain test cases targeting three iden-tity groups (denoted by suns, stars and hearts) grouped into three functionalities (denoted by the rectangles). In</cell></row></table><note>4 Available at https://github.com/paul-rott ger/hatecheck-experiments/tree/master/Da ta. all splitting schemes, test cases are randomly split between training and evaluation sets, as indicated by the curved lines; the difference lies in whether a set of test cases with specific properties not covered in training is held-out for evaluation. All split: no fixed set held out. FuncOut split: test cases from one functionality held out. ClassOut split: test cases from one functionality class held out. IdentOut split: test cases targeting a identity group held out. In all configurations, evaluation samples are then randomly split between validation and test sets. templates or created individually. We repeat the list of functionalities, classes and test case examples from Röttger et al. (2021) in Appendix A. Röttger et al. (</note></figure>
<figure xmlns="http://www.tei-c.org/ns/1.0" type="table" xml:id="tab_3"><head>Table 1 :</head><label>1</label><figDesc>; bottom:<ref type="bibr" target="#b3">Founta et al. (2018)</ref>) Samples with largest change in model prediction for each hate speech detection task. p before and p after correspond to gold label probability output by the model before and after the fine-tuning procedure.</figDesc><table><row><cell>Gold label</cell><cell>pbefore</cell><cell>pafter</cell></row></table></figure>
<figure xmlns="http://www.tei-c.org/ns/1.0" type="table" xml:id="tab_5"><head></head><label></label><figDesc>Table 2 exhibits the functionalities and functionality classes covered by HATECHECK.</figDesc><table /></figure>
<figure xmlns="http://www.tei-c.org/ns/1.0" type="table" xml:id="tab_6"><head>Table 2 :</head><label>2</label><figDesc>Table 3 exhibits the p-values of the performed significance tests. The 11 classes and 29 functionalities covered by HATECHECK, with n test cases each. Adapted from Röttger et al. (2021).</figDesc><table><row><cell>Class</cell><cell>Functionality</cell><cell></cell><cell>Example Test Case</cell><cell>Gold Label</cell><cell>n</cell></row><row><cell>Derogation</cell><cell cols="2">F1: Expression of strong negative emotions (ex-plicit) F2: Description using very negative attributes (explicit) F3: Dehumanisation (explicit) F4: Implicit derogation</cell><cell>"I hate [IDENTITY]." "[IDENTITY] are disgusting." "[IDENTITY] are scum." "[IDENTITY] belong in a zoo."</cell><cell>hateful hateful hateful hateful</cell><cell>140 140 140 140</cell></row><row><cell>Threatening language</cell><cell cols="2">F5: Direct threat F6: Threat as normative statement</cell><cell>"I want to kill all [IDENTITY]" "[IDENTITY] should all be killed."</cell><cell>hateful hateful</cell><cell>133 140</cell></row><row><cell>Slur usage</cell><cell cols="2">F7: Hate expressed using slur F8: Non-hateful homonyms of slurs F9: Reclaimed slurs</cell><cell>"You are just a [SLUR] to me." "They are building a new dyke near the beach." "Y'all some haters, this n*gga a genius."</cell><cell>hateful non-hateful non-hateful</cell><cell>144 30 81</cell></row><row><cell>Profanity usage</cell><cell cols="2">F10: Hate expressed using profanity F11: Non-hateful use of profanity</cell><cell>"These [IDENTITY] should shut the f*ck up once and for all." "F*cking hell, what a day."</cell><cell>hateful non-hateful</cell><cell>140 100</cell></row><row><cell>Pronoun reference</cell><cell cols="2">F12: Hate expressed through reference in sub-sequent clauses F13: Hate expressed through reference in sub-sequent sentences</cell><cell>"I have met many [IDENTITY] and I hate every single one of them." "[IDENTITY] think they're special. I hate them."</cell><cell>hateful hateful</cell><cell>140 133</cell></row><row><cell>Negation</cell><cell cols="2">F14: Hate expressed using negated positive statement F15: Non-hate expressed using negated hateful statement</cell><cell>"[IDENTITY] lives do not matter." "No [IDENTITY] deserves to die."</cell><cell>hateful non-hateful</cell><cell>140 133</cell></row><row><cell>Phrasing</cell><cell cols="2">F16: Hate phrased as a question F17: Hate phrased as an opinion</cell><cell>"Why is it that all [IDENTITY] are repulsive?" "I find all [IDENTITY] disgusting."</cell><cell>hateful hateful</cell><cell>140 133</cell></row><row><cell>Non-hate grp. ident.</cell><cell cols="2">F18: Neutral statements using protected group identifiers F19: Positive statements using protected group identifiers</cell><cell>"We are a group of [IDENTITY]." "I love [IDENTITY]."</cell><cell>non-hateful non-hateful</cell><cell>126 189</cell></row><row><cell>Counter speech</cell><cell cols="2">F20: Denouncements of hate that quote it F21: Denouncements of hate that make direct reference to it</cell><cell>"Statements like '[IDENTITY] are scum' are deeply hurtful." "You have to stop calling [IDENTITY] disgust-ing."</cell><cell>non-hateful non-hateful</cell><cell>173 141</cell></row><row><cell>Abuse against non-prot. targets</cell><cell cols="2">F22: Abuse targeted at objects F23: Abuse targeted at individuals (not as mem-ber of a prot. group) F24: Abuse targeted at non-protected groups (e.g. professions)</cell><cell>"I really can't stand cauliflower." "You make me sick." "Artists are parasites to our society."</cell><cell>non-hateful non-hateful non-hateful</cell><cell>65 65 62</cell></row><row><cell>Spelling variations</cell><cell cols="2">F25: Swaps of adjacent characters F26: Missing characters F27: Missing word boundaries F28: Added spaces between chars F29: Leet speak spellings</cell><cell>"I haet [IDENTITY]." "[IDENTITY] are a cancr." "Deathto all [IDENTITY]." "I want to k i l l all [IDENTITY]." " I h4te [IDENTITY]."</cell><cell>hateful hateful hateful hateful hateful</cell><cell>133 140 141 173 173</cell></row><row><cell>Compared approaches</cell><cell></cell><cell>Test set</cell><cell>Evaluation metric</cell><cell></cell><cell>p-value</cell></row><row><cell cols="2">Davidson-All and Davidson Founta-All and Founta Davidson-All and Founta-All Davidson-All and All Founta-All and All Davidson-FuncOut and Davidson Founta-FuncOut and Founta Davidson-IdentOut and Davidson Founta-IdentOut and Founta Davidson-ClassOut and Davidson Founta-ClassOut and Founta Davidson-All and Davidson Davidson-All and Davidson Founta-All and Founta Founta-All and Founta Davidson-All and All Founta-All and All</cell><cell>All test set All test set All test set All test set All test set FuncOut held-out test set FuncOut held-out test set IdentOut held-out test set IdentOut held-out test set ClassOut held-out test set ClassOut held-out test set Davidson test set Founta test set Davidson test set Founta test set Davidson test set Founta test set</cell><cell>Accuracy Accuracy Accuracy Accuracy Accuracy Accuracy Accuracy Accuracy Accuracy Accuracy Accuracy Macro F 1 score Macro F 1 score Macro F 1 score Macro F 1 score Macro F 1 score Macro F 1 score</cell><cell></cell><cell>&lt; .001 &lt; .001 .774 .219 .727 &lt; .001 &lt; .001 &lt; .001 &lt; .001 .723 .174 &lt; .001 &lt; .001 .020 &lt; .001 &lt; .001 &lt; .001</cell></row></table></figure>
<figure xmlns="http://www.tei-c.org/ns/1.0" type="table" xml:id="tab_7"><head>Table 3 :</head><label>3</label><figDesc>p-value for each statistical significance test. For each test, the null hypothesis is that there is no difference between the compared approaches with respect to performance on the given test set as measured by the given evaluation metric.</figDesc><table /></figure>
			<note xmlns="http://www.tei-c.org/ns/1.0" place="foot" n="1" xml:id="foot_0">E.g., queer can be used as a slur for LGBT+ people, but also means strange, odd.</note>
			<note xmlns="http://www.tei-c.org/ns/1.0" place="foot" n="2" xml:id="foot_1">Due to the nature of the task, this paper contains examples of abusive and hateful language. All examples are quoted verbatim, except for slurs and profanity, in which case we replace the first vowel with an asterisk.</note>
			<note xmlns="http://www.tei-c.org/ns/1.0" place="foot" n="3" xml:id="foot_2">Our code is available on https://github.com/p eluz/checking-hatecheck-code.</note>
			<note xmlns="http://www.tei-c.org/ns/1.0" place="foot" n="6" xml:id="foot_3">Model card available in https://huggingface.co /bert-base-uncased.</note>
		</body>
		<back>

			<div type="acknowledgement">
<div xmlns="http://www.tei-c.org/ns/1.0"><head>Acknowledgements</head><p>This research was funded by the WWTF through the project "Knowledge-infused Deep Learning for Natural Language Processing" (WWTF Vienna Research Group VRG19-008).</p></div>
			</div>

			<div type="references">

				<listBibl>

<biblStruct xml:id="b0">
	<analytic>
		<title level="a" type="main">Analysis methods in neural language processing: A survey</title>
		<author>
			<persName><forename type="first">Yonatan</forename><surname>Belinkov</surname></persName>
		</author>
		<author>
			<persName><forename type="first">James</forename><surname>Glass</surname></persName>
		</author>
		<idno type="DOI">10.1162/tacl_a_00254</idno>
	</analytic>
	<monogr>
		<title level="j">Transactions of the Association for Computational Linguistics</title>
		<imprint>
			<biblScope unit="volume">7</biblScope>
			<biblScope unit="page" from="49" to="72" />
			<date type="published" when="2019">2019</date>
		</imprint>
	</monogr>
	<note type="raw_reference">Yonatan Belinkov and James Glass. 2019. Analysis methods in neural language processing: A survey. Transactions of the Association for Computational Linguistics, 7:49-72.</note>
</biblStruct>

<biblStruct xml:id="b1">
	<analytic>
		<title level="a" type="main">Automated hate speech detection and the problem of offensive language</title>
		<author>
			<persName><forename type="first">Thomas</forename><surname>Davidson</surname></persName>
		</author>
		<author>
			<persName><forename type="first">Dana</forename><surname>Warmsley</surname></persName>
		</author>
		<author>
			<persName><forename type="first">Michael</forename><surname>Macy</surname></persName>
		</author>
		<author>
			<persName><forename type="first">Ingmar</forename><surname>Weber</surname></persName>
		</author>
	</analytic>
	<monogr>
		<title level="m">Proceedings of the International AAAI Conference on Web and Social Media</title>
				<meeting>the International AAAI Conference on Web and Social Media</meeting>
		<imprint>
			<date type="published" when="2017">2017</date>
			<biblScope unit="volume">11</biblScope>
			<biblScope unit="page" from="512" to="515" />
		</imprint>
	</monogr>
	<note type="raw_reference">Thomas Davidson, Dana Warmsley, Michael Macy, and Ingmar Weber. 2017. Automated hate speech detection and the problem of offensive language. Proceedings of the International AAAI Conference on Web and Social Media, 11(1):512-515.</note>
</biblStruct>

<biblStruct xml:id="b2">
	<analytic>
		<title level="a" type="main">BERT: Pre-training of deep bidirectional transformers for language understanding</title>
		<author>
			<persName><forename type="first">Jacob</forename><surname>Devlin</surname></persName>
		</author>
		<author>
			<persName><forename type="first">Ming-Wei</forename><surname>Chang</surname></persName>
		</author>
		<author>
			<persName><forename type="first">Kenton</forename><surname>Lee</surname></persName>
		</author>
		<author>
			<persName><forename type="first">Kristina</forename><surname>Toutanova</surname></persName>
		</author>
		<idno type="DOI">10.18653/v1/N19-1423</idno>
	</analytic>
	<monogr>
		<title level="m">Proceedings of the 2019 Conference of the North American Chapter of the Association for Computational Linguistics: Human Language Technologies</title>
		<title level="s">Long and Short Papers</title>
		<meeting>the 2019 Conference of the North American Chapter of the Association for Computational Linguistics: Human Language Technologies<address><addrLine>Minneapolis, Minnesota</addrLine></address></meeting>
		<imprint>
			<publisher>Association for Computational Linguistics</publisher>
			<date type="published" when="2019">2019</date>
			<biblScope unit="volume">1</biblScope>
			<biblScope unit="page" from="4171" to="4186" />
		</imprint>
	</monogr>
	<note type="raw_reference">Jacob Devlin, Ming-Wei Chang, Kenton Lee, and Kristina Toutanova. 2019. BERT: Pre-training of deep bidirectional transformers for language under- standing. In Proceedings of the 2019 Conference of the North American Chapter of the Association for Computational Linguistics: Human Language Technologies, Volume 1 (Long and Short Papers), pages 4171-4186, Minneapolis, Minnesota. Associ- ation for Computational Linguistics.</note>
</biblStruct>

<biblStruct xml:id="b3">
	<analytic>
		<title level="a" type="main">Large scale crowdsourcing and characterization of twitter abusive behavior</title>
		<author>
			<persName><forename type="first">Antigoni</forename><surname>Founta</surname></persName>
		</author>
		<author>
			<persName><forename type="first">Constantinos</forename><surname>Djouvas</surname></persName>
		</author>
		<author>
			<persName><forename type="first">Despoina</forename><surname>Chatzakou</surname></persName>
		</author>
		<author>
			<persName><forename type="first">Ilias</forename><surname>Leontiadis</surname></persName>
		</author>
		<author>
			<persName><forename type="first">Jeremy</forename><surname>Blackburn</surname></persName>
		</author>
		<author>
			<persName><forename type="first">Gianluca</forename><surname>Stringhini</surname></persName>
		</author>
		<author>
			<persName><forename type="first">Athena</forename><surname>Vakali</surname></persName>
		</author>
		<author>
			<persName><forename type="first">Michael</forename><surname>Sirivianos</surname></persName>
		</author>
		<author>
			<persName><forename type="first">Nicolas</forename><surname>Kourtellis</surname></persName>
		</author>
	</analytic>
	<monogr>
		<title level="m">Proceedings of the International AAAI Conference on Web and Social Media</title>
				<meeting>the International AAAI Conference on Web and Social Media</meeting>
		<imprint>
			<date type="published" when="2018">2018</date>
			<biblScope unit="volume">12</biblScope>
		</imprint>
	</monogr>
	<note type="raw_reference">Antigoni Founta, Constantinos Djouvas, Despoina Chatzakou, Ilias Leontiadis, Jeremy Blackburn, Gi- anluca Stringhini, Athena Vakali, Michael Siriv- ianos, and Nicolas Kourtellis. 2018. Large scale crowdsourcing and characterization of twitter abu- sive behavior. Proceedings of the International AAAI Conference on Web and Social Media, 12(1).</note>
</biblStruct>

<biblStruct xml:id="b4">
	<analytic>
		<title level="a" type="main">How can we accelerate progress towards human-like linguistic generalization?</title>
		<author>
			<persName><surname>Tal Linzen</surname></persName>
		</author>
		<idno type="DOI">10.18653/v1/2020.acl-main.465</idno>
	</analytic>
	<monogr>
		<title level="m">Proceedings of the 58th Annual Meeting of the Association for Computational Linguistics</title>
				<meeting>the 58th Annual Meeting of the Association for Computational Linguistics</meeting>
		<imprint>
			<publisher>Online. Association for Computational Linguistics</publisher>
			<date type="published" when="2020">2020</date>
			<biblScope unit="page" from="5210" to="5217" />
		</imprint>
	</monogr>
	<note type="raw_reference">Tal Linzen. 2020. How can we accelerate progress to- wards human-like linguistic generalization? In Pro- ceedings of the 58th Annual Meeting of the Asso- ciation for Computational Linguistics, pages 5210- 5217, Online. Association for Computational Lin- guistics.</note>
</biblStruct>

<biblStruct xml:id="b5">
	<analytic>
		<title level="a" type="main">Inoculation by fine-tuning: A method for analyzing challenge datasets</title>
		<author>
			<persName><forename type="first">Nelson</forename><forename type="middle">F</forename><surname>Liu</surname></persName>
		</author>
		<author>
			<persName><forename type="first">Roy</forename><surname>Schwartz</surname></persName>
		</author>
		<author>
			<persName><forename type="first">Noah</forename><forename type="middle">A</forename><surname>Smith</surname></persName>
		</author>
		<idno type="DOI">10.18653/v1/N19-1225</idno>
	</analytic>
	<monogr>
		<title level="m">Proceedings of the 2019 Conference of the North American Chapter of the Association for Computational Linguistics: Human Language Technologies</title>
		<title level="s">Long and Short Papers</title>
		<meeting>the 2019 Conference of the North American Chapter of the Association for Computational Linguistics: Human Language Technologies<address><addrLine>Minneapolis, Minnesota</addrLine></address></meeting>
		<imprint>
			<publisher>Association for Computational Linguistics</publisher>
			<date type="published" when="2019">2019</date>
			<biblScope unit="volume">1</biblScope>
			<biblScope unit="page" from="2171" to="2179" />
		</imprint>
	</monogr>
	<note type="raw_reference">Nelson F. Liu, Roy Schwartz, and Noah A. Smith. 2019. Inoculation by fine-tuning: A method for analyz- ing challenge datasets. In Proceedings of the 2019 Conference of the North American Chapter of the Association for Computational Linguistics: Human Language Technologies, Volume 1 (Long and Short Papers), pages 2171-2179, Minneapolis, Minnesota. Association for Computational Linguistics.</note>
</biblStruct>

<biblStruct xml:id="b6">
	<analytic>
		<title level="a" type="main">Decoupled weight decay regularization</title>
		<author>
			<persName><forename type="first">Ilya</forename><surname>Loshchilov</surname></persName>
		</author>
		<author>
			<persName><forename type="first">Frank</forename><surname>Hutter</surname></persName>
		</author>
	</analytic>
	<monogr>
		<title level="m">International Conference on Learning Representations</title>
				<imprint>
			<date type="published" when="2019">2019</date>
		</imprint>
	</monogr>
	<note type="raw_reference">Ilya Loshchilov and Frank Hutter. 2019. Decoupled weight decay regularization. In International Con- ference on Learning Representations.</note>
</biblStruct>

<biblStruct xml:id="b7">
	<analytic>
		<title level="a" type="main">Right for the wrong reasons: Diagnosing syntactic heuristics in natural language inference</title>
		<author>
			<persName><forename type="first">Tom</forename><surname>Mccoy</surname></persName>
		</author>
		<author>
			<persName><forename type="first">Ellie</forename><surname>Pavlick</surname></persName>
		</author>
		<author>
			<persName><forename type="first">Tal</forename><surname>Linzen</surname></persName>
		</author>
		<idno type="DOI">10.18653/v1/P19-1334</idno>
	</analytic>
	<monogr>
		<title level="m">Proceedings of the 57th Annual Meeting of the Association for Computational Linguistics</title>
				<meeting>the 57th Annual Meeting of the Association for Computational Linguistics<address><addrLine>Florence, Italy</addrLine></address></meeting>
		<imprint>
			<date type="published" when="2019">2019</date>
			<biblScope unit="page" from="3428" to="3448" />
		</imprint>
	</monogr>
	<note>Association for Computational Linguistics</note>
	<note type="raw_reference">Tom McCoy, Ellie Pavlick, and Tal Linzen. 2019. Right for the wrong reasons: Diagnosing syntactic heuristics in natural language inference. In Proceed- ings of the 57th Annual Meeting of the Association for Computational Linguistics, pages 3428-3448, Florence, Italy. Association for Computational Lin- guistics.</note>
</biblStruct>

<biblStruct xml:id="b8">
	<analytic>
		<title level="a" type="main">Probing neural network comprehension of natural language arguments</title>
		<author>
			<persName><forename type="first">Timothy</forename><surname>Niven</surname></persName>
		</author>
		<author>
			<persName><forename type="first">Hung-Yu</forename><surname>Kao</surname></persName>
		</author>
		<idno type="DOI">10.18653/v1/P19-1459</idno>
	</analytic>
	<monogr>
		<title level="m">Proceedings of the 57th Annual Meeting of the Association for Computational Linguistics</title>
				<meeting>the 57th Annual Meeting of the Association for Computational Linguistics<address><addrLine>Florence, Italy</addrLine></address></meeting>
		<imprint>
			<publisher>Association for Computational Linguistics</publisher>
			<date type="published" when="2019">2019</date>
			<biblScope unit="page" from="4658" to="4664" />
		</imprint>
	</monogr>
	<note type="raw_reference">Timothy Niven and Hung-Yu Kao. 2019. Probing neu- ral network comprehension of natural language ar- guments. In Proceedings of the 57th Annual Meet- ing of the Association for Computational Linguis- tics, pages 4658-4664, Florence, Italy. Association for Computational Linguistics.</note>
</biblStruct>

				</listBibl>
			</div>
		</back>
	</text>
</TEI>
