<?xml version="1.0" encoding="UTF-8"?>
<TEI xml:space="preserve" xmlns="http://www.tei-c.org/ns/1.0" 
xmlns:xsi="http://www.w3.org/2001/XMLSchema-instance" 
xsi:schemaLocation="http://www.tei-c.org/ns/1.0 https://raw.githubusercontent.com/kermitt2/grobid/master/grobid-home/schemas/xsd/Grobid.xsd"
 xmlns:xlink="http://www.w3.org/1999/xlink">
	<teiHeader xml:lang="en">
		<fileDesc>
			<titleStmt>
				<title level="a" type="main">RED v2: Enhancing RED Dataset for Multi-Label Emotion Detection</title>
			</titleStmt>
			<publicationStmt>
				<publisher/>
				<availability status="unknown"><licence/></availability>
			</publicationStmt>
			<sourceDesc>
				<biblStruct>
					<analytic>
						<author>
							<persName><forename type="first">Alexandra</forename><surname>Ciobotaru</surname></persName>
							<email>alexandra.ciobotaru@unibuc.ro</email>
						</author>
						<author>
							<persName><forename type="first">Mihai</forename><forename type="middle">V</forename><surname>Constantinescu</surname></persName>
							<affiliation key="aff1">
								<address>
									<settlement>Adobe</settlement>
								</address>
							</affiliation>
						</author>
						<author>
							<persName><forename type="first">Liviu</forename><forename type="middle">P</forename><surname>Dinu</surname></persName>
							<email>ldinu@fmi.unibuc.ro</email>
						</author>
						<author>
							<persName><forename type="first">Stefan</forename><forename type="middle">Daniel</forename><surname>Dumitrescu</surname></persName>
							<affiliation key="aff2">
								<address>
									<settlement>Bucharest</settlement>
									<country key="RO">Romania</country>
								</address>
							</affiliation>
						</author>
						<author>
							<affiliation key="aff0">
								<orgName type="department">Faculty of Mathematics and Computer Science 1</orgName>
								<orgName type="institution">University of Bucharest</orgName>
								<address>
									<country>Independent Researcher</country>
								</address>
							</affiliation>
						</author>
						<title level="a" type="main">RED v2: Enhancing RED Dataset for Multi-Label Emotion Detection</title>
					</analytic>
					<monogr>
						<imprint>
							<date/>
						</imprint>
					</monogr>
					<idno type="MD5">8F4C1CD8FE1CFF92C6B2FE0F2BAD2015</idno>
				</biblStruct>
			</sourceDesc>
		</fileDesc>
		<encodingDesc>
			<appInfo>
				<application version="0.7.3-SNAPSHOT" ident="GROBID" when="2023-01-12T07:37+0000">
					<desc>GROBID - A machine learning software for extracting information from scholarly documents</desc>
					<ref target="https://github.com/kermitt2/grobid"/>
				</application>
			</appInfo>
		</encodingDesc>
		<profileDesc>
			<textClass>
				<keywords>
					<term>emotion detection</term>
					<term>multi-label classification</term>
					<term>text regression</term>
					<term>Romanian tweets</term>
				</keywords>
			</textClass>
			<abstract>
<div xmlns="http://www.tei-c.org/ns/1.0"><head>RED (Romanian Emotion Dataset</head><p>) is a machine learning-based resource developed for the automatic detection of emotions in Romanian texts, containing single-label annotated tweets with one of the following emotions: joy, fear, sadness, anger and neutral. In this work, we propose REDv2, an open-source extension of RED by adding two more emotions, trust and surprise, and by widening the annotation schema so that the resulted novel dataset is multi-label. We show the overall reliability of our dataset by computing inter-annotator agreements per tweet using a formula suitable for our annotation setup and we aggregate all annotators' opinions into two variants of ground truth, one suitable for multi-label classification and the other suitable for text regression. We propose strong baselines with two transformer models, the Romanian BERT and the multilingual XLM-Roberta model, in both categorical and regression settings.</p></div>
			</abstract>
		</profileDesc>
	</teiHeader>
	<text xml:lang="en">
		<body>
<div xmlns="http://www.tei-c.org/ns/1.0"><head n="1.">Introduction</head><p>Interpreting correctly one's own emotions, as well as other people's emotional states, is a central aspect of emotional intelligence. Today, people can automate the process of emotion detection by creating machine learning models, provided by the fact that the model training was done on qualitative and sufficient data. With the constant increase of social media usage there is also an increase in online public data, freely available for model creation. Thus, analyzing emotions in online content naturally has became more and more of a topic of interest in the recent years. Sentiment analysis, along with emotion analysis, are key technologies used to gain insights from social media networks, the opinion mining field reaching a level of maturity, sufficient enough to be used in practical applications <ref type="bibr" target="#b9">(Iglesias and Moreno, 2019)</ref>. There are many definitions to emotions <ref type="bibr" target="#b18">(Peng et al., 2021)</ref>, but as defined in <ref type="bibr" target="#b12">(Liu, 2015)</ref>, an emotion is "a mental state that arises spontaneously rather than through a conscious effort; it is also often accompanied by physiological changes.". Many psychologists tried to create a taxonomy of emotions, but probably one of the most agreed upon taxonomy is Robert Plutchick's wheel of emotions <ref type="bibr" target="#b19">(Plutchik, 1973)</ref>. He identified eight primary emotions: happiness, trust, fear, surprise, sadness, disgust, anger and anticipation. Having a model that automatically detects emotions in text has a wide range of applications, from computing the overall opinion of clients and/or potential customers in the field of brand management <ref type="bibr" target="#b10">(Istrati and Ciobotaru, 2022)</ref>, to automatic adaptation of chatbot answers in respect to the user's emotional state.</p><p>The first dataset of single labeled texts for detecting emotions from Romanian content is REDv1 (Romanian Emotion Dataset) <ref type="bibr" target="#b0">(Ciobotaru and Dinu, 2021)</ref>, a dataset containing roughly 4000 tweets annotated for the following emotions: fear, anger, happiness, sadness and neutral. Starting from this work, we expand REv1 by adding two more classes of emotions, surprise and trust, and also by increasing the overall number of texts and by widening the annotation schema to multi-label.</p><p>In Table <ref type="table" target="#tab_0">1</ref> we present a sample of our novel dataset, along with English translations, to aid the non-Romanian readers of this article. The main contributions of this work are:</p><p>1. Expanded REDv1 <ref type="bibr" target="#b0">(Ciobotaru and Dinu, 2021)</ref> by increasing the size of the dataset, by thoroughly cleaning it (see inter-annotator considerations), and by expanding it from single to a multi-label annotation schema. Thus REDv2 represents the largest Twitter emotion dataset for the Romanian language.</p><p>2. We provide baselines and validate the dataset with strong transformer-based models.</p><p>3. The dataset, models and evaluation scripts are open-source, freely available at https://github.com/Alegzandra/ RED-Romanian-Emotions-Dataset/ tree/main/REDv2</p></div>
<div xmlns="http://www.tei-c.org/ns/1.0"><head n="2.">Recent Works</head><p>There are mainly two approaches that tackle the problem of emotion detection -the lexicon based approach and the machine learning approach (Canales In English, there exist many datasets for emotion detection annotated using single labels, like ISEAR <ref type="bibr" target="#b21">(Scherer and Wallbotth, 1994)</ref>, WASSA <ref type="bibr" target="#b14">(Mohammad and Bravo-Marquez, 2017)</ref> (this dataset also takes into account emotion intensity), just to name a few. But naturally a text can contain more that one emotion, as one can express his/hers ideas in many different ways, the problem on emotion detection (ED) can be extrapolated to creating ED models trained on multilabel ED datasets. SemEval-2018 task 1 <ref type="bibr">(Mohammad et al., 2018)</ref> targeted detecting emotions in tweets using a multi-label dataset: Affect in Tweets Dataset <ref type="bibr">(Mohammad and Kiritchenko, 2018)</ref>. On this dataset <ref type="bibr" target="#b11">(Jabreel and Moreno, 2019)</ref> obtains state-of-the-art results by using a method to convert the multiple emotions into a binary classification problem. <ref type="bibr" target="#b8">(Huang et al., 2019)</ref>   <ref type="bibr">(Briciu and Lupea, 2017)</ref>. They created the first lexicon for Romanian emotion detection, and further expanded the lexicon through formal concept analysis <ref type="bibr" target="#b13">(Lupea and Briciu, 2019)</ref> where they create comparisons with another important lexical resource for Romanian, RoWordNet <ref type="bibr" target="#b5">(Dumitrescu et al., 2018)</ref>. <ref type="bibr" target="#b3">(Dinu et al., 2021)</ref> release a lexicon containing 770 Romanian pejorative words among three other pejorative lexicons for English, Spanish and Italian. Further, they release two datasets of annotated tweets containing pejorative words in English and Spanish tweets. LaRoSeDa (A Large Romanian Sentiment Data Set) <ref type="bibr" target="#b25">(Tache et al., 2021)</ref> is another important resource tangent to the field of emotion detection, comprised of 15,000 reviews in Romanian, annotated into positive and negative. Regarding sentiment analysis, <ref type="bibr" target="#b10">(Istrati and Ciobotaru, 2022)</ref> explain in detail how they created a dataset of annotated Romanian tweets into positive and negative and create a baseline for sentiment detection in Romanian.</p><p>As far as we know, besides REDv1 <ref type="bibr" target="#b0">(Ciobotaru and Dinu, 2021)</ref> there aren't any datasets for emotion detection in Romanian content. In this work we have improved REDv1 and we present it at its second version, with an enhanced number of labelled texts, two additional emotions and suitable for multi-label classification.</p></div>
<div xmlns="http://www.tei-c.org/ns/1.0"><head n="3.">Dataset</head><p>Our dataset consists of 5449 tweets, labelled for one or more of the following emotions: sadness, surprise, fear, anger, trust, happiness, or neutral.</p></div>
<div xmlns="http://www.tei-c.org/ns/1.0"><head n="3.1.">Scraping Process</head><p>Starting with <ref type="bibr" target="#b0">(Ciobotaru and Dinu, 2021)</ref>, we considered the work of <ref type="bibr" target="#b14">(Mohammad and Bravo-Marquez, 2017)</ref> when creating the first annotated dataset in Romanian for detecting fear, anger, happiness and sadness in short texts, and added a neutral class, as it has been previously shown by <ref type="bibr">(Al-Rubaiee et al., 2016)</ref> the importance of having a neutral class when classifying sentiments or emotions.</p><p>In this work, we took into consideration two more classes of emotions: trust and surprise, bringing the total number of labels per tweet to 7. Looking at the original <ref type="bibr" target="#b0">(Ciobotaru and Dinu, 2021)</ref>, the authors created lists of query words correspondent to each of the following classes: fear, anger, happiness, sadness and neutral. They scrapped tweets based on these words, manually annotated them (one label per tweet), leading to the creation of the first annotated dataset for emotion detection in Romanian short texts. In this work, we added query words from RoEmoLex, a lexicon of words developed for emotion analysis of Romanian texts, by <ref type="bibr">(Briciu and Lupea, 2017)</ref>. In Table 2 we present the total number of query words used for scrapping tweets for our improved dataset, REDv2, versus the number of tweets for the initial dataset, REDv1.</p><p>We scrapped tweets using the extra query words in order to improve the dataset by increasing the number of tweets per class, and creating two more classes: trust and sadness. Scraping was done using Snscrape 1 python library, in the time-frame: 1 st of February 2020 -1 st of February 2021. All tweets were checked for Romanian using langdetect 2 python library.</p></div>
<div xmlns="http://www.tei-c.org/ns/1.0"><head n="3.2.">Annotation Methods</head></div>
<div xmlns="http://www.tei-c.org/ns/1.0"><head n="3.2.1.">First Annotation Step</head><p>The first annotation process involved 11 annotators, psychology students whose primary language is Romanian. They checked the scrapped tweets for each extra query word and kept a maximum of 50 tweets per query word. After the checking process was done, a number of 3973 new annotated tweets resulted. While REDv1 dataset contained 4047 annotated tweets, we concatenated it with the newly annotated tweets and it resulted a new dataset, containing 7947 annotated tweets, with the labels: sadness, happiness, fear, anger, surprise, trust and neutral.</p><p>The final number of tweets after the first step of the annotation process is detailed in Table <ref type="table">3</ref>. All tweets were gathered from public accounts and, in order to protect confidentiality of Twitter users, we removed usernames and proper nouns from the final public dataset.</p></div>
<div xmlns="http://www.tei-c.org/ns/1.0"><head n="3.2.2.">Second Annotation Step</head><p>The second annotation process involved 66 annotators, psychology students whose primary language is Romanian, including the 11 annotators from the first annotation step. They were each given sections consisting of 360 to 370 tweets. In order to facilitate the annotation process, we used the Doccano tool (Nakayama  <ref type="bibr">, 2018)</ref> where each annotator had access only to his dataset and every tweet could receive one or more labels or be marked as invalid. The annotators were instructed to select the Invalid label for the tweets they weren't sure about, or for the tweets that didn't make any more sense after removing usernames and proper nouns. Each of the 7947 unique tweets in the second batch was assigned to and annotated by 3 annotators.</p></div>
<div xmlns="http://www.tei-c.org/ns/1.0"><head n="3.3.">Dataset preprocessing</head><p>From the resulted dataset we removed the tweets that received the Invalid label by at least one annotator, and also those tweets that had full mismatch between annotators, resulting a dataset containing 5449 tweets. Each annotation a tweet received was represented by a 3x7 matrix, which we will further call annotation matrix, with binary elements, 1 meaning that the text received a label for the emotion corresponding to the vector's index, and 0 otherwise. First line in matrix represents labels from Annotator 1, second line in matrix represents labels from Annotator 2 and the third line represents labels from Annotator 3. An exemplification of annotation matrix is shown in Figure <ref type="figure" target="#fig_0">1</ref>. In order to protect the anonymity of tweets authors as well as of the persons and institution discussed in texts and other sensitive data, we replaced the following text entities: proper nouns with ◁PROPN▷ (be it name or institution) using spacy ro core news lg model<ref type="foot" target="#foot_0">3</ref> (Dumitrescu and Avram, 2019), email addresses with ◁EMAIL▷, telephone numbers with ◁TEL▷, usernames with ◁USERNAME▷ and links with ◁URL▷, using regex methods.</p><p>Further, we removed artefacts resulted from the scraping process: &amp;amp, &amp;gt, &amp;lt, and also deleted the next line carrier symbol.</p></div>
<div xmlns="http://www.tei-c.org/ns/1.0"><head n="3.4.">Dataset split</head><p>We provide train, validation and test splits of the dataset for future model training &amp; evaluation. However, the multi-label nature of the dataset posed problems in balancing the splits so they contain an overall even distribution of labels. As shown in <ref type="bibr">(Szymański and Kajdanowicz, 2017)</ref>, traditional single-label approaches to stratifying data fail to provide balanced datasets. An imbalanced train/validation/test dataset might include large differences of certain labels(emotions) between splits, leading to poor classifier performance. To overcome this problem we used the implementation of iterative stratification from <ref type="bibr">(Szymański and Kajdanowicz, 2017)</ref> which managed to provide a very balanced label count for each emotion, with overall differences of less than 5% per label between splits.</p><p>The train split contains 75% of tweets, validation 10% and the test split containing the remaining 15%.</p></div>
<div xmlns="http://www.tei-c.org/ns/1.0"><head n="4.">Dataset Analysis</head></div>
<div xmlns="http://www.tei-c.org/ns/1.0"><head n="4.1.">Inter Agreement Score</head><p>Classical methods for computing the Inter Agreement Score such as Cohen's kappa <ref type="bibr" target="#b20">(Rosenberg and Binkowski, 2004)</ref>, or Krippendorff's alpha (krippendorff, 2011), were not suitable either due to the fact that they were not designed for multi-labeled data or because the condition that every annotator should rate the entire dataset was not met in our case.</p><p>For this reason, we computed a different score in order to determine the agreement of annotators per tweet, and we also show the results of this score on a simulated dataset with a uniform distribution of labels on 5449 texts.</p><p>The initial hypothesis for computing the IAA score is that all annotators have the same level of expertise. We will further call them experts.</p><p>We have to classify N texts into K classes, with labels c 1 , c 2 , ..., c K . Expert 1 thinks that the text x would fit into class c J1 (x), where J 1 ⊂ 1, 2...K is a set of indices. Second expert thinks that the text x would rather fit into class c J2 (x), where J 2 ⊂ 1, 2...K, and so on, up to expert m who thinks that the same text x would rather fit into class c Jm (x), where J 3 ⊂ 1, 2...K.</p><p>We take into consideration the agreement between experts on both the case when they select the same label per tweet, and the case when they both decide not to select a particular label. The IAA score per tweet will be computed by counting the number of agreed upon labels by annotator J i and annotator J j in annotation matrix (both annotators agreed on either selecting or not selecting a particular label), using the following formula:</p><formula xml:id="formula_0">β(J 1 , ...J m ) = 1 − 2 K * m(m − 1) 1≤i≤j≤m |J i ∆J j | (1)</formula><p>where m is the number of experts deciding upon the text, K is the number of labels, and |J i ∆J j | is the number of elements in the symmetrical difference between set J i and set J j , and is computed with the following formula:</p><formula xml:id="formula_1">|J i ∆J j | = |J i − J j ∪ J j − J i | (2)</formula><p>We use the notation |A| to express the number of elements in set A.</p><p>In our annotation setup we have 3 experts and 7 labels (Sadness, Surprise, Fear, Anger, Neutral, Trust, Happiness). Thus, in our case, Equation 1 becomes:</p><formula xml:id="formula_2">β(J 1 , J 2 , J 3 ) = 1 − |J 1 ∆J 2 | + |J 1 ∆J 3 | + |J 2 ∆J 3 | 3K</formula><p>(3) Based on Equation <ref type="formula">2</ref>, we compute inter-agreement scores for each text. The resulted mean is 0.84, and the median is 0.8. The histogram is shown in figure <ref type="figure" target="#fig_1">2</ref>. Figure <ref type="figure" target="#fig_2">3</ref> shows the histogram of a simulated dataset with a uniform distribution of labels, where we compute the β score on each tweet. Also, in our case, with m=3, m being the number of annotators, the minimum value of β is 1/3. In Figure <ref type="figure" target="#fig_1">2</ref> the minimum value of β is 0.4 because of the fact that prior to computing IAA scores on the dataset we eliminated the tweets having not even a partial agreement on the labels by at least two annotators out of three. In Table <ref type="table" target="#tab_4">4</ref> we show the statistical summary on the results of β IAA score on both REDv2 and the simulated dataset. Considering the random distribution of labels case where the mean IAA score computed with Equation 3 is 0.5, our result of 0.84 would mean that the dataset is annotated with good confidence. This statement is also reinforced by the fact that we can see in the histogram of the random generated dataset (Figure <ref type="figure" target="#fig_2">3</ref>) that there are no texts with perfect agreement of 1, in contrast to the histogram of REDv2 (Figure <ref type="figure" target="#fig_1">2</ref>) where we can see that more than 1000 texts have perfect agreement. </p></div>
<div xmlns="http://www.tei-c.org/ns/1.0"><head>Mean Median</head></div>
<div xmlns="http://www.tei-c.org/ns/1.0"><head n="4.2.">Setting the Ground Truth</head><p>The next step was to set the ground truth of the texts by combining the annotations coming from the three annotators. The dataset comes with two settings of the annotators' agreement per each tweet: the classification setting, and the regression setting.</p></div>
<div xmlns="http://www.tei-c.org/ns/1.0"><head n="4.2.1.">The classification setting</head><p>This particular way to settle the different annotations for each tweet was created by setting a label only if at least 2 annotators agreed on it. For example, if only one annotator of the three felt that a tweet was sad, the label Sad was not set. </p></div>
<div xmlns="http://www.tei-c.org/ns/1.0"><head n="4.2.2.">The regression setting</head><p>The task of creating an emotion detection model can also be viewed as a regression problem, by taking into consideration all labels received by a tweet, with their corresponding degree of appearance in the annotation matrix.</p><p>First, we summed the lines in the annotation matrix so that each tweet received as labels the sum of the labels put by all the three annotators, according to the formula:</p><formula xml:id="formula_3">L t = (L t,A1 + L t,A2 + L t,A3 )/3 (4)</formula><p>where L t is the set containing the labels for tweet t and L t,Ax is the set of labels given by annotator A x . Thus, each tweet receives as final label a vector that can contain one or more of the following values: 0, 0.33, 0.66 or 1, where 0 means that none of the annotators agreed on the label corresponding to the first position in vector, 0.33 means that one annotator out of three selected the label, 0.66 means that two annotators out of three selected the label, and 1 means that all three annotators agreed on the label. In this setting, if we eliminate duplicate labels per tweet, 31.9% of tweets are single-label, 39.66% of tweets have two labels, 22.92% three labels, and the rest of the tweets, 5.6%, have 4 labels or more. The detailed number of tweets and their corresponding number of labels are shown in Table <ref type="table">6</ref>.</p><p>No In figure <ref type="figure">4</ref> we show the correlation of emotions for the regression setting using the corrplot R package 4 . We can see that we have the most positive correlations between Happiness and Trust, Sadness and Anger, Fear and Sadness, while the most negative correlations are between Sadness and Happiness, Anger and Happiness, as well as Fear and Happiness. The results are in correspondence with common sense.</p><p>Figure <ref type="figure">4</ref>: Correlation of emotions by common appearances</p></div>
<div xmlns="http://www.tei-c.org/ns/1.0"><head n="5.">Experiments and Results</head><p>In this section we set a baseline for the REDv2 dataset using transformer models.</p><p>As previously specified, given the fact that the dataset has 3 annotators per tweet, we can formulate the problem of emotion detection either as the task of multilabel classification per tweet using the agreement labels, or as the task of regression on the mean values of the 3 annotators' labels. Whereas in the first setting we will obtain a True/False prediction per emotion given a tweet, in the second setting we will obtain a percentage of how likely each emotion is reflected in the respective tweet.</p><p>The dataset is evaluated using two models, the monolingual Romanian BERT <ref type="bibr" target="#b6">(Dumitrescu et al., 2020)</ref> and the multilingual XLM-Roberta <ref type="bibr" target="#b1">(Conneau et al., 2019)</ref>, in both problem settings.</p></div>
<div xmlns="http://www.tei-c.org/ns/1.0"><head n="5.1.">Model architecture</head><p>The model itself is straight-forward:</p><p>1. The input of the model is the tokenized tweet, going directly in the transformer which outputs a sequence of token embeddings 2. The embeddings are averaged and a fixed 0.1 dropout is applied to the resulting vector 3. The vector goes into a dense layer that outputs 7 neurons, corresponding to the 7 labels, followed by a sigmoid non-linearity. We note that every tweet on which the model trains contains both the categorical labels and the mean annotator scores. Thus, when the model outputs the 7 logits passed through the sigmoid, we use this value for the regression setting, and the thresholded value at 0.5 for the categorical setting. Thus, in both settings we can compute the MSE loss as well as the Hamming loss, accuracy and F1 scores.</p></div>
<div xmlns="http://www.tei-c.org/ns/1.0"><head n="5.2.">Evaluation</head><p>Training is performed on the train dataset, with early stopping on the validation set. Results are reported on the test set. Both categorical and regression settings are ran with the same hyperparameters: patience = 5, batch size = 16 and learning rate = 2e −5 . The models smoothly converge within a few epochs. Before discussing results, for our multi-labeling problem, we choose the Hamming loss <ref type="bibr" target="#b26">(Wiki, 2022a)</ref> as the most representative metric, as it is commonly used in such settings and it also accounts for label imbalance. The Hamming loss is the fraction of wrong labels to the total number of labels; it penalizes only the individual labels. We also report the accuracy score which is simply how many times has the model predicted all emotions correctly. The F1 score is actually the micro-F1, computed by counting the total true positives, false negatives and false positives. The Hamming, accuracy and F1 scores are computed on the predicted binary labels, while the MSE is computed on the logits directly after applying the sigmoid non-linearity to bring them to the [0-1] value interval.</p><p>Table <ref type="table">7</ref> shows the summary of the baselines, while table 8 shows a breakdown of the best performing model results per label.</p><p>Looking at the results of table 7, our intuition is validated: the Romanian BERT, while less than half the size of the XLM-Roberta (124M parameters vs 278M) performs overall better. This performance also correlates with the Word Fertility Rate computed on the dataset: BERT uses, on average, 1.39 tokens to encode each word in the tweets, while XML-Roberta uses 1.67 tokens per word. </p></div>
<div xmlns="http://www.tei-c.org/ns/1.0"><head n="6.">Conclusions and Future Works</head><p>This article presents REDv2, an enhanced emotion detection dataset containing 5449 tweets multi-labeled with 7 emotions: anger, fear, happiness, sadness, trust, surprise and neutral. The dataset creation procedure has been described and analyzed. Given our annotating constraints, we propose a new IAA score, that, to our knowledge has not been used in the literature so far. We document this score in detail and demonstrate its validity, as well as the dataset's reliability, by comparing statistical summaries and histograms on both our dataset, and on a similar but randomly created dataset, using a normal distribution of labels. The results show an overall reliability of REDv2 of 0.82, versus 0.52 obtained on the random dataset. We provide train/validation/test splits of the dataset, created with an iterative stratification strategy to provide an overall balanced label distribution between the splits. Furthermore, building upon the fact that we have 3 annotators per tweet, we provide 2 types of final annotations: a categorical one, created by keeping an emotion only if at least 2 of the 3 annotators agreed upon it (thus labeling a tweet with 7 binary values for the 7 emotions), and a regression one, created by averaging the 3 annotations for each emotion (labeling the same tweet with a 7-valued array of numbers between 0 and 1). Finally, we propose strong baselines with two transformer models. We compare a monolingual Romanian BERT model versus a multilingual Roberta model, showing that even if Roberta is twice the size, it still obtains slightly worse results than the Romanian BERT. The two models were tested in both categorical and regression settings, with the regression setting obtaining the best performance, and we discuss around the findings. We also note per-emotion accuracy, showing that some emotions are more easily recognizable than others.</p><p>For a proposed REDv3 we plan to further increase the size of the dataset, to add disgust and anticipation classes and to manually check the invalid labeled texts to increase confidence in the annotated tweets, leading to a direct increase of the emotion detection models' performance.</p></div>
<div xmlns="http://www.tei-c.org/ns/1.0"><head n="7.">Acknoledgements</head><p>We would like to thank the students from Cognitive Science, Faculty of Psychology and Educational Sciences, University of Bucharest, for their work done annotating the texts, as well as Nicu Ciobotaru, Gheorghit , ȃ Zbȃganu and Ana-Sabina Uban for insightful conversations that led to the final form of this article. </p></div>
<div xmlns="http://www.tei-c.org/ns/1.0"><head n="8.">Bibliographical References</head></div><figure xmlns="http://www.tei-c.org/ns/1.0" xml:id="fig_0"><head>Figure 1 :</head><label>1</label><figDesc>Figure 1: Annotation matrix with two labels: Surprise and Happiness.</figDesc><graphic coords="3,310.29,502.52,212.25,68.63" type="bitmap" /></figure>
<figure xmlns="http://www.tei-c.org/ns/1.0" xml:id="fig_1"><head>Figure 2 :</head><label>2</label><figDesc>Figure 2: Histogram of REDv2 tweets using β IAA score.</figDesc><graphic coords="4,307.28,358.44,244.88,244.88" type="bitmap" /></figure>
<figure xmlns="http://www.tei-c.org/ns/1.0" xml:id="fig_2"><head>Figure 3 :</head><label>3</label><figDesc>Figure 3: Histogram of random labelled tweets using β IAA score.</figDesc><graphic coords="5,72.00,63.80,244.88,214.13" type="bitmap" /></figure>
<figure xmlns="http://www.tei-c.org/ns/1.0" xml:id="fig_3"><head></head><label></label><figDesc>1 0.121 0.504 0.619 18.41 Ro-BERT 2 0.097 0.542 0.670 10.06 XLM-Roberta 2 0.104 0.522 0.649 9.56 Table 7: Romanian BERT and XML-Roberta in the classification setting ( 1 ) and regression setting ( 2 ). Ham represents the Hamming loss 4. Depending on the type of training desired, two loss functions are present: the Binary Cross Entropy loss for the multi-label problem formulation, and the Mean Squared Error -MSE (Wiki, 2022b) loss for the regression problem formulation</figDesc></figure>
<figure xmlns="http://www.tei-c.org/ns/1.0" type="table" xml:id="tab_0"><head>Table 1 :</head><label>1</label><figDesc>Like every bad thing, it starts monday Sadness Mult , umim frumos, sunt mândrȃ de tine! S , i noi vȃ iubim Încredere, Bucurie Thank you very much, I am proud of you! We love you too Trust, Happiness ◁PROPN▷, s , ocatȃ de cazul de dopaj de la ◁PROPN▷ Surprizȃ ◁PROPN▷, shocked about the doping case at ◁PROPN▷ Surprise Sample annotated texts from our dataset, with English translations</figDesc><table><row><cell>Text</cell></row></table></figure>
<figure xmlns="http://www.tei-c.org/ns/1.0" type="table" xml:id="tab_2"><head>Table 2 :</head><label>2</label><figDesc>Number of query words per class in REDv1 and in REDv2</figDesc><table><row><cell cols="3">Class name REDv1 QW REDv2 QW</cell></row><row><cell>Anger</cell><cell>35</cell><cell>45</cell></row><row><cell>Fear</cell><cell>25</cell><cell>43</cell></row><row><cell>Happiness</cell><cell>32</cell><cell>39</cell></row><row><cell>Sadness</cell><cell>29</cell><cell>43</cell></row><row><cell>Surprise</cell><cell>0</cell><cell>28</cell></row><row><cell>Trust</cell><cell>0</cell><cell>26</cell></row><row><cell>Neutral</cell><cell>24</cell><cell>34</cell></row></table></figure>
<figure xmlns="http://www.tei-c.org/ns/1.0" type="table" xml:id="tab_4"><head>Table 4 :</head><label>4</label><figDesc>Summary of β applied on the simulated dataset with random labels vs on REDv2.</figDesc><table><row><cell cols="2">Random Simulation 0.4951 0.5238</cell></row><row><cell>REDv2</cell><cell>0.8440 0.8095</cell></row></table></figure>
<figure xmlns="http://www.tei-c.org/ns/1.0" type="table" xml:id="tab_5"><head>Table 5 :</head><label>5</label><figDesc>Percentage of tweets by number of labels for categorical setting</figDesc><table><row><cell cols="3">No. of labels No. of tweets Percentage</cell></row><row><cell>1</cell><cell>4754</cell><cell>87.25</cell></row><row><cell>2</cell><cell>671</cell><cell>12.31</cell></row><row><cell>3</cell><cell>23</cell><cell>0.42</cell></row><row><cell>4</cell><cell>1</cell><cell>0.02</cell></row></table><note>The resulting label distribution is shown in table5, where 87.25% of tweets from the dataset have been la-belled with one agreed emotion, 12.31% of tweets with two emotions and the rest labelled with 3 or 4.</note></figure>
<figure xmlns="http://www.tei-c.org/ns/1.0" type="table" xml:id="tab_7"><head></head><label></label><figDesc>More tokens per word leads to longer</figDesc><table><row><cell></cell><cell>Acc</cell><cell>F1</cell><cell>P</cell><cell>R</cell></row><row><cell>Anger</cell><cell cols="4">0.88 0.69 0.62 0.77</cell></row><row><cell>Fear</cell><cell cols="4">0.92 0.63 0.59 0.66</cell></row><row><cell cols="5">Happiness 0.92 0.65 0.56 0.77</cell></row><row><cell>Sadness</cell><cell cols="4">0.91 0.75 0.74 0.76</cell></row><row><cell>Surprise</cell><cell cols="4">0.81 0.59 0.53 0.67</cell></row><row><cell>Trust</cell><cell cols="4">0.91 0.54 0.45 0.68</cell></row><row><cell>Neutral</cell><cell cols="4">0.93 0.78 0.73 0.83</cell></row><row><cell cols="5">Table 8: Breakdown of Romanian BERT per-label met-</cell></row><row><cell cols="2">rics in the regression setting</cell><cell></cell><cell></cell></row><row><cell cols="5">sequences that yield less distinct values after averaging</cell></row><row><cell cols="2">all the tokens' embeddings.</cell><cell></cell><cell></cell></row><row><cell cols="5">Another interesting result is why did optimizing the</cell></row><row><cell cols="5">MSE objective led to slightly better results than the Bi-</cell></row><row><cell cols="5">nary Cross Entropy which is the standard loss in multi-</cell></row><row><cell cols="5">labeling problems? One answer could be that mod-</cell></row><row><cell cols="5">eling the mean annotators' values rather than just the</cell></row><row><cell cols="5">most agreed-upon labels actually models the predicted</cell></row><row><cell cols="5">probability distribution of the labels closer to the true</cell></row><row><cell cols="5">distribution; there is less information loss in the mean</cell></row><row><cell cols="5">values than in the thresholded values. However, results</cell></row><row><cell cols="5">are very close in both settings. Finally, while XLM-</cell></row><row><cell cols="5">Roberta did obtain the lowest MSE error, it did not ob-</cell></row><row><cell cols="4">tain the best Hamming loss nor accuracy.</cell></row><row><cell cols="5">Looking at the breakdown per label, accuracy is gen-</cell></row><row><cell cols="5">erally high due to the number of zeros in the dataset,</cell></row><row><cell cols="5">as accuracy computes the true positives (TP) and true</cell></row><row><cell cols="5">negatives (TN) divided by the number of instances. F1</cell></row><row><cell cols="5">is lower as it is a function of precision (TP/TP+FP)</cell></row><row><cell cols="5">and recall (TP/TP+FN). We generally see higher recall</cell></row><row><cell>than precision.</cell><cell></cell><cell></cell><cell></cell></row><row><cell cols="5">Table 8 also shows that emotions Trust and Happiness</cell></row><row><cell cols="5">are generally easier to predict than the others.</cell></row><row><cell cols="5">Overall, we can draw a few conclusions: (1) looking</cell></row><row><cell cols="5">at the individual emotions' detection rate, accuracy is</cell></row><row><cell cols="5">generally high, thus validating this dataset as usable in</cell></row><row><cell cols="5">industry; (2) there is sufficient room for improvement</cell></row><row><cell cols="5">as shown by the overall micro-F1, thus this dataset</cell></row><row><cell cols="5">will not be saturated by near-human level accuracy of</cell></row><row><cell cols="5">stronger models in the near-future, lending to much</cell></row><row><cell cols="5">needed research and development in this area for the</cell></row><row><cell>Romanian language.</cell><cell></cell><cell></cell><cell></cell></row></table></figure>
<figure xmlns="http://www.tei-c.org/ns/1.0" type="table" xml:id="tab_8"><head></head><label></label><figDesc>Al-Rubaiee, H.,Qiu, R., and Li, D. (2016). The importance of neutral class in sentiment analysis of arabic tweets. International Journal of Computer Science and Information Technology, 8:17-31, 04. Briciu, A. and Lupea, M. (2017). Roemolex -a romanian emotion lexicon. Studia Universitatis Babes , -Bolyai Informatica, 62:45-56, 12. Canales, L. and Martínez-Barco, P. (2014). Emotion detection from text: A survey. In Proceedings of the Workshop on Natural Language Processing in the 5th Information Systems Research Working Days (JISIC), pages 37-43, Quito, Ecuador, October. Association for Computational Linguistics.</figDesc><table /></figure>
			<note xmlns="http://www.tei-c.org/ns/1.0" place="foot" n="3" xml:id="foot_0">https://spacy.io/models/ro</note>
			<note xmlns="http://www.tei-c.org/ns/1.0" place="foot" n="4" xml:id="foot_1">https://cran.r-project.org/ web/packages/corrplot/vignettes/ corrplot-intro.html</note>
		</body>
		<back>
			<div type="references">

				<listBibl>

<biblStruct xml:id="b0">
	<analytic>
		<title level="a" type="main">Red: A novel dataset for romanian emotion detection from tweets</title>
		<author>
			<persName><forename type="first">A</forename><surname>Ciobotaru</surname></persName>
		</author>
		<author>
			<persName><forename type="first">L</forename><forename type="middle">P</forename><surname>Dinu</surname></persName>
		</author>
	</analytic>
	<monogr>
		<title level="m">Proceedings of the International Conference on Recent Advances in Natural Language Processing (RANLP 2021)</title>
				<meeting>the International Conference on Recent Advances in Natural Language Processing (RANLP 2021)<address><addrLine>Varna, Bulgaria</addrLine></address></meeting>
		<imprint>
			<publisher>INCOMA Ltd</publisher>
			<date type="published" when="2021-09">2021. September</date>
			<biblScope unit="page" from="296" to="305" />
		</imprint>
	</monogr>
	<note type="raw_reference">Ciobotaru, A. and Dinu, L. P. (2021). Red: A novel dataset for romanian emotion detection from tweets. In Proceedings of the International Conference on Recent Advances in Natural Language Processing (RANLP 2021), pages 296-305, Varna, Bulgaria, September. INCOMA Ltd.</note>
</biblStruct>

<biblStruct xml:id="b1">
	<monogr>
		<title level="m" type="main">Unsupervised cross-lingual representation learning at scale</title>
		<author>
			<persName><forename type="first">A</forename><surname>Conneau</surname></persName>
		</author>
		<author>
			<persName><forename type="first">K</forename><surname>Khandelwal</surname></persName>
		</author>
		<author>
			<persName><forename type="first">N</forename><surname>Goyal</surname></persName>
		</author>
		<author>
			<persName><forename type="first">V</forename><surname>Chaudhary</surname></persName>
		</author>
		<author>
			<persName><forename type="first">G</forename><surname>Wenzek</surname></persName>
		</author>
		<author>
			<persName><forename type="first">F</forename><surname>Guzmán</surname></persName>
		</author>
		<author>
			<persName><forename type="first">E</forename><surname>Grave</surname></persName>
		</author>
		<author>
			<persName><forename type="first">M</forename><surname>Ott</surname></persName>
		</author>
		<author>
			<persName><forename type="first">L</forename><surname>Zettlemoyer</surname></persName>
		</author>
		<author>
			<persName><forename type="first">V</forename><surname>Stoyanov</surname></persName>
		</author>
		<idno>CoRR, abs/1911.02116</idno>
		<imprint>
			<date type="published" when="2019">2019</date>
		</imprint>
	</monogr>
	<note type="raw_reference">Conneau, A., Khandelwal, K., Goyal, N., Chaudhary, V., Wenzek, G., Guzmán, F., Grave, E., Ott, M., Zettlemoyer, L., and Stoyanov, V. (2019). Unsuper- vised cross-lingual representation learning at scale. CoRR, abs/1911.02116.</note>
</biblStruct>

<biblStruct xml:id="b2">
	<monogr>
		<title level="m" type="main">Goemotions: A dataset of fine-grained emotions</title>
		<author>
			<persName><forename type="first">D</forename><surname>Demszky</surname></persName>
		</author>
		<author>
			<persName><forename type="first">D</forename><surname>Movshovitz-Attias</surname></persName>
		</author>
		<author>
			<persName><forename type="first">J</forename><surname>Ko</surname></persName>
		</author>
		<author>
			<persName><forename type="first">A</forename><surname>Cowen</surname></persName>
		</author>
		<author>
			<persName><forename type="first">G</forename><surname>Nemade</surname></persName>
		</author>
		<author>
			<persName><forename type="first">S</forename><surname>Ravi</surname></persName>
		</author>
		<imprint>
			<date type="published" when="2020">2020</date>
			<biblScope unit="page">1</biblScope>
		</imprint>
	</monogr>
	<note type="raw_reference">Demszky, D., Movshovitz-Attias, D., Ko, J., Cowen, A., Nemade, G., and Ravi, S. (2020). Goemotions: A dataset of fine-grained emotions. pages 4040- 4054, 01.</note>
</biblStruct>

<biblStruct xml:id="b3">
	<analytic>
		<title level="a" type="main">A computational exploration of pejorative language in social media</title>
		<author>
			<persName><forename type="first">L</forename><forename type="middle">P</forename><surname>Dinu</surname></persName>
		</author>
		<author>
			<persName><forename type="first">I.-B</forename><surname>Iordache</surname></persName>
		</author>
		<author>
			<persName><forename type="first">A</forename><forename type="middle">S</forename><surname>Uban</surname></persName>
		</author>
		<author>
			<persName><forename type="first">M</forename><surname>Zampieri</surname></persName>
		</author>
	</analytic>
	<monogr>
		<title level="m">Findings of the Association for Computational Linguistics: EMNLP 2021</title>
				<meeting><address><addrLine>Punta Cana, Dominican Republic</addrLine></address></meeting>
		<imprint>
			<publisher>Association for Computational Linguistics</publisher>
			<date type="published" when="2021-11">2021. November</date>
			<biblScope unit="page" from="3493" to="3498" />
		</imprint>
	</monogr>
	<note type="raw_reference">Dinu, L. P., Iordache, I.-B., Uban, A. S., and Zampieri, M. (2021). A computational exploration of pejo- rative language in social media. In Findings of the Association for Computational Linguistics: EMNLP 2021, pages 3493-3498, Punta Cana, Dominican Republic, November. Association for Computational Linguistics.</note>
</biblStruct>

<biblStruct xml:id="b4">
	<monogr>
		<author>
			<persName><forename type="first">S</forename><forename type="middle">D</forename><surname>Dumitrescu</surname></persName>
		</author>
		<author>
			<persName><forename type="first">A.-M</forename><surname>Avram</surname></persName>
		</author>
		<idno type="arXiv">arXiv:1909.01247</idno>
		<title level="m">Introducing ronec-the romanian named entity corpus</title>
				<imprint>
			<date type="published" when="2019">2019</date>
		</imprint>
	</monogr>
	<note type="report_type">arXiv preprint</note>
	<note type="raw_reference">Dumitrescu, S. D. and Avram, A.-M. (2019). Introduc- ing ronec-the romanian named entity corpus. arXiv preprint arXiv:1909.01247.</note>
</biblStruct>

<biblStruct xml:id="b5">
	<analytic>
		<title level="a" type="main">Rowordnet -a python api for the romanian wordnet</title>
		<author>
			<persName><forename type="first">S</forename><forename type="middle">D</forename><surname>Dumitrescu</surname></persName>
		</author>
		<author>
			<persName><forename type="first">A</forename><forename type="middle">M</forename><surname>Avram</surname></persName>
		</author>
		<author>
			<persName><forename type="first">L</forename><surname>Morogan</surname></persName>
		</author>
		<author>
			<persName><forename type="first">S.-A</forename><surname>Toma</surname></persName>
		</author>
	</analytic>
	<monogr>
		<title level="m">2018 10th International Conference on Electronics, Computers and Artificial Intelligence (ECAI)</title>
				<imprint>
			<date type="published" when="2018">2018</date>
			<biblScope unit="page" from="1" to="6" />
		</imprint>
	</monogr>
	<note type="raw_reference">Dumitrescu, S. D., Avram, A. M., Morogan, L., and Toma, S.-A. (2018). Rowordnet -a python api for the romanian wordnet. In 2018 10th International Conference on Electronics, Computers and Artificial Intelligence (ECAI), pages 1-6.</note>
</biblStruct>

<biblStruct xml:id="b6">
	<monogr>
		<author>
			<persName><forename type="first">S</forename><forename type="middle">D</forename><surname>Dumitrescu</surname></persName>
		</author>
		<author>
			<persName><forename type="first">A</forename><surname>Avram</surname></persName>
		</author>
		<author>
			<persName><forename type="first">S</forename><surname>Pyysalo</surname></persName>
		</author>
		<idno>CoRR, abs/2009.08712</idno>
		<title level="m">The birth of romanian BERT</title>
				<imprint>
			<date type="published" when="2020">2020</date>
		</imprint>
	</monogr>
	<note type="raw_reference">Dumitrescu, S. D., Avram, A., and Pyysalo, S. (2020). The birth of romanian BERT. CoRR, abs/2009.08712.</note>
</biblStruct>

<biblStruct xml:id="b7">
	<analytic>
		<title level="a" type="main">A hybrid approach for emotion detection in support of affective interaction</title>
		<author>
			<persName><forename type="first">S</forename><surname>Gievska</surname></persName>
		</author>
		<author>
			<persName><forename type="first">K</forename><surname>Koroveshovski</surname></persName>
		</author>
		<author>
			<persName><forename type="first">T</forename><surname>Chavdarova</surname></persName>
		</author>
	</analytic>
	<monogr>
		<title level="m">IEEE International Conference on Data Mining Workshops, ICDMW</title>
				<imprint>
			<date type="published" when="2015">2015. 2015</date>
			<biblScope unit="page">1</biblScope>
		</imprint>
	</monogr>
	<note type="raw_reference">Gievska, S., Koroveshovski, K., and Chavdarova, T. (2015). A hybrid approach for emotion detection in support of affective interaction. IEEE International Conference on Data Mining Workshops, ICDMW, 2015:352-359, 01.</note>
</biblStruct>

<biblStruct xml:id="b8">
	<monogr>
		<title level="m" type="main">Seq2emo for multi-label emotion classification based on latent variable chains transformation</title>
		<author>
			<persName><forename type="first">C</forename><surname>Huang</surname></persName>
		</author>
		<author>
			<persName><forename type="first">A</forename><surname>Trabelsi</surname></persName>
		</author>
		<author>
			<persName><forename type="first">O</forename><surname>Zaïane</surname></persName>
		</author>
		<imprint>
			<date type="published" when="2019">2019</date>
			<biblScope unit="page">11</biblScope>
		</imprint>
	</monogr>
	<note type="raw_reference">Huang, C., Trabelsi, A., and Zaïane, O. (2019). Seq2emo for multi-label emotion classification based on latent variable chains transformation, 11.</note>
</biblStruct>

<biblStruct xml:id="b9">
	<analytic>
		<title level="a" type="main">Sentiment analysis for social media</title>
		<author>
			<persName><forename type="first">C</forename><surname>Iglesias</surname></persName>
		</author>
		<author>
			<persName><forename type="first">A</forename><surname>Moreno</surname></persName>
		</author>
	</analytic>
	<monogr>
		<title level="j">Applied Sciences</title>
		<imprint>
			<biblScope unit="volume">9</biblScope>
			<biblScope unit="page">11</biblScope>
			<date type="published" when="2019">2019</date>
		</imprint>
	</monogr>
	<note type="raw_reference">Iglesias, C. and Moreno, A. (2019). Sentiment analy- sis for social media. Applied Sciences, 9:5037, 11.</note>
</biblStruct>

<biblStruct xml:id="b10">
	<monogr>
		<title level="m" type="main">Automatic Monitoring and Analysis of Brands Using Data Extracted from Twitter in Romanian</title>
		<author>
			<persName><forename type="first">L</forename><surname>Istrati</surname></persName>
		</author>
		<author>
			<persName><forename type="first">A</forename><surname>Ciobotaru</surname></persName>
		</author>
		<imprint>
			<date type="published" when="2022">2022</date>
			<biblScope unit="page">1</biblScope>
		</imprint>
	</monogr>
	<note type="raw_reference">Istrati, L. and Ciobotaru, A., (2022). Automatic Moni- toring and Analysis of Brands Using Data Extracted from Twitter in Romanian, pages 55-75. 01.</note>
</biblStruct>

<biblStruct xml:id="b11">
	<monogr>
		<title level="m" type="main">A deep learningbased approach for multi-label emotion classification in tweets</title>
		<author>
			<persName><forename type="first">M</forename><surname>Jabreel</surname></persName>
		</author>
		<author>
			<persName><forename type="first">A</forename><surname>Moreno</surname></persName>
		</author>
		<imprint>
			<date type="published" when="2011">2019. 2011</date>
		</imprint>
	</monogr>
	<note>Applied Sciences, 9:1123, 03. krippendorff, k.. Computing krippendorff&apos;s alpha-reliability. 01</note>
	<note type="raw_reference">Jabreel, M. and Moreno, A. (2019). A deep learning- based approach for multi-label emotion classifica- tion in tweets. Applied Sciences, 9:1123, 03. krippendorff, k. (2011). Computing krippendorff&apos;s alpha-reliability. 01.</note>
</biblStruct>

<biblStruct xml:id="b12">
	<monogr>
		<title level="m" type="main">Sentiment analysis: Mining opinions, sentiments, and emotions</title>
		<author>
			<persName><forename type="first">B</forename><surname>Liu</surname></persName>
		</author>
		<imprint>
			<date type="published" when="2015">2015</date>
			<biblScope unit="page">1</biblScope>
		</imprint>
	</monogr>
	<note type="raw_reference">Liu, B. (2015). Sentiment analysis: Mining opinions, sentiments, and emotions. 01.</note>
</biblStruct>

<biblStruct xml:id="b13">
	<analytic>
		<title level="a" type="main">Studying emotions in romanian words using formal concept analysis</title>
		<author>
			<persName><forename type="first">M</forename><surname>Lupea</surname></persName>
		</author>
		<author>
			<persName><forename type="first">A</forename><surname>Briciu</surname></persName>
		</author>
	</analytic>
	<monogr>
		<title level="j">Computer Speech Language</title>
		<imprint>
			<biblScope unit="volume">57</biblScope>
			<biblScope unit="page">3</biblScope>
			<date type="published" when="2019">2019</date>
		</imprint>
	</monogr>
	<note type="raw_reference">Lupea, M. and Briciu, A. (2019). Studying emotions in romanian words using formal concept analysis. Computer Speech Language, 57, 03.</note>
</biblStruct>

<biblStruct xml:id="b14">
	<monogr>
		<title level="m" type="main">Emotion intensities in tweets</title>
		<author>
			<persName><forename type="first">S</forename><surname>Mohammad</surname></persName>
		</author>
		<author>
			<persName><forename type="first">F</forename><surname>Bravo-Marquez</surname></persName>
		</author>
		<imprint>
			<date type="published" when="2017">2017</date>
			<biblScope unit="page">1</biblScope>
		</imprint>
	</monogr>
	<note type="raw_reference">Mohammad, S. and Bravo-Marquez, F. (2017). Emo- tion intensities in tweets. pages 65-77, 01.</note>
</biblStruct>

<biblStruct xml:id="b15">
	<analytic>
		<title level="a" type="main">Understanding emotions: A dataset of tweets to study interactions between affect categories</title>
		<author>
			<persName><forename type="first">S</forename><surname>Mohammad</surname></persName>
		</author>
		<author>
			<persName><forename type="first">S</forename><surname>Kiritchenko</surname></persName>
		</author>
	</analytic>
	<monogr>
		<title level="m">Proceedings of the Eleventh International Conference on Language Resources and Evaluation (LREC 2018)</title>
				<meeting>the Eleventh International Conference on Language Resources and Evaluation (LREC 2018)<address><addrLine>Miyazaki, Japan</addrLine></address></meeting>
		<imprint>
			<date type="published" when="2018-05">2018. May</date>
		</imprint>
	</monogr>
	<note>European Language Resources Association (ELRA</note>
	<note type="raw_reference">Mohammad, S. and Kiritchenko, S. (2018). Under- standing emotions: A dataset of tweets to study interactions between affect categories. In Proceed- ings of the Eleventh International Conference on Language Resources and Evaluation (LREC 2018), Miyazaki, Japan, May. European Language Re- sources Association (ELRA).</note>
</biblStruct>

<biblStruct xml:id="b16">
	<analytic>
		<title level="a" type="main">SemEval-2018 task 1: Affect in tweets</title>
		<author>
			<persName><forename type="first">S</forename><surname>Mohammad</surname></persName>
		</author>
		<author>
			<persName><forename type="first">F</forename><surname>Bravo-Marquez</surname></persName>
		</author>
		<author>
			<persName><forename type="first">M</forename><surname>Salameh</surname></persName>
		</author>
		<author>
			<persName><forename type="first">S</forename><surname>Kiritchenko</surname></persName>
		</author>
	</analytic>
	<monogr>
		<title level="m">Proceedings of The 12th International Workshop on Semantic Evaluation</title>
				<meeting>The 12th International Workshop on Semantic Evaluation<address><addrLine>New Orleans, Louisiana</addrLine></address></meeting>
		<imprint>
			<publisher>Association for Computational Linguistics</publisher>
			<date type="published" when="2018-06">2018. June</date>
			<biblScope unit="page" from="1" to="17" />
		</imprint>
	</monogr>
	<note type="raw_reference">Mohammad, S., Bravo-Marquez, F., Salameh, M., and Kiritchenko, S. (2018). SemEval-2018 task 1: Af- fect in tweets. In Proceedings of The 12th Interna- tional Workshop on Semantic Evaluation, pages 1- 17, New Orleans, Louisiana, June. Association for Computational Linguistics.</note>
</biblStruct>

<biblStruct xml:id="b17">
	<monogr>
		<title level="m" type="main">doccano: Text annotation tool for human</title>
		<author>
			<persName><forename type="first">H</forename><surname>Nakayama</surname></persName>
		</author>
		<author>
			<persName><forename type="first">T</forename><surname>Kubo</surname></persName>
		</author>
		<author>
			<persName><forename type="first">J</forename><surname>Kamura</surname></persName>
		</author>
		<author>
			<persName><forename type="first">Y</forename><surname>Taniguchi</surname></persName>
		</author>
		<author>
			<persName><forename type="first">X</forename><surname>Liang</surname></persName>
		</author>
		<ptr target="https://github.com/doccano/doccano" />
		<imprint>
			<date type="published" when="2018">2018</date>
		</imprint>
	</monogr>
	<note type="raw_reference">Nakayama, H., Kubo, T., Kamura, J., Taniguchi, Y., and Liang, X. (2018). doccano: Text an- notation tool for human. Software available from https://github.com/doccano/doccano.</note>
</biblStruct>

<biblStruct xml:id="b18">
	<monogr>
		<title level="m" type="main">A survey on deep learning for textual emotion analysis in social networks</title>
		<author>
			<persName><forename type="first">S</forename><surname>Peng</surname></persName>
		</author>
		<author>
			<persName><forename type="first">L</forename><surname>Cao</surname></persName>
		</author>
		<author>
			<persName><forename type="first">Y</forename><surname>Zhou</surname></persName>
		</author>
		<author>
			<persName><forename type="first">Z</forename><surname>Ouyang</surname></persName>
		</author>
		<author>
			<persName><forename type="first">A</forename><surname>Yang</surname></persName>
		</author>
		<author>
			<persName><forename type="first">X</forename><surname>Li</surname></persName>
		</author>
		<author>
			<persName><forename type="first">W</forename><surname>Jia</surname></persName>
		</author>
		<author>
			<persName><forename type="first">S</forename><surname>Yu</surname></persName>
		</author>
		<imprint>
			<date type="published" when="2021">2021</date>
			<publisher>Digital Communications and Networks</publisher>
			<biblScope unit="page">10</biblScope>
		</imprint>
	</monogr>
	<note type="raw_reference">Peng, S., Cao, L., Zhou, Y., Ouyang, Z., Yang, A., Li, X., Jia, W., and Yu, S. (2021). A survey on deep learning for textual emotion analysis in social net- works. Digital Communications and Networks, 10.</note>
</biblStruct>

<biblStruct xml:id="b19">
	<monogr>
		<title level="m" type="main">The nature of emotions</title>
		<author>
			<persName><forename type="first">R</forename><surname>Plutchik</surname></persName>
		</author>
		<imprint>
			<date type="published" when="1973">1973</date>
			<biblScope unit="page">1</biblScope>
		</imprint>
	</monogr>
	<note type="raw_reference">Plutchik, R. (1973). The nature of emotions. pages 810-817, 01.</note>
</biblStruct>

<biblStruct xml:id="b20">
	<monogr>
		<title level="m" type="main">Augmenting the kappa statistic to determine interannotator reliability for multiply labeled data points</title>
		<author>
			<persName><forename type="first">A</forename><surname>Rosenberg</surname></persName>
		</author>
		<author>
			<persName><forename type="first">E</forename><surname>Binkowski</surname></persName>
		</author>
		<imprint>
			<date type="published" when="2004">2004</date>
			<biblScope unit="page">1</biblScope>
		</imprint>
	</monogr>
	<note type="raw_reference">Rosenberg, A. and Binkowski, E. (2004). Augmenting the kappa statistic to determine interannotator relia- bility for multiply labeled data points. 01.</note>
</biblStruct>

<biblStruct xml:id="b21">
	<analytic>
		<title level="a" type="main">Evidence for universality and cultural variation of differential emotion response patterning</title>
		<author>
			<persName><forename type="first">K</forename><surname>Scherer</surname></persName>
		</author>
		<author>
			<persName><forename type="first">G</forename><surname>Wallbotth</surname></persName>
		</author>
	</analytic>
	<monogr>
		<title level="j">Journal of Personality and Social Psychology</title>
		<imprint>
			<biblScope unit="volume">66</biblScope>
			<biblScope unit="page" from="310" to="328" />
			<date type="published" when="1994">1994</date>
		</imprint>
	</monogr>
	<note type="raw_reference">Scherer, K. and Wallbotth, G. (1994). Evidence for universality and cultural variation of differential emotion response patterning. Journal of Personality and Social Psychology, 66:310-328.</note>
</biblStruct>

<biblStruct xml:id="b22">
	<analytic>
		<title level="a" type="main">SemEval-2007 task 14: Affective text</title>
		<author>
			<persName><forename type="first">C</forename><surname>Strapparava</surname></persName>
		</author>
		<author>
			<persName><forename type="first">R</forename><surname>Mihalcea</surname></persName>
		</author>
	</analytic>
	<monogr>
		<title level="m">Proceedings of the Fourth International Workshop on Semantic Evaluations (SemEval-2007)</title>
				<meeting>the Fourth International Workshop on Semantic Evaluations (SemEval-2007)<address><addrLine>Prague, Czech Republic</addrLine></address></meeting>
		<imprint>
			<date type="published" when="2007-06">2007. June</date>
			<biblScope unit="page" from="70" to="74" />
		</imprint>
	</monogr>
	<note>Association for Computational Linguistics</note>
	<note type="raw_reference">Strapparava, C. and Mihalcea, R. (2007). SemEval- 2007 task 14: Affective text. In Proceedings of the Fourth International Workshop on Semantic Evalua- tions (SemEval-2007), pages 70-74, Prague, Czech Republic, June. Association for Computational Lin- guistics.</note>
</biblStruct>

<biblStruct xml:id="b23">
	<monogr>
		<title level="m" type="main">A scikitbased Python environment for performing multilabel classification</title>
		<author>
			<persName><forename type="first">P</forename><surname>Szymański</surname></persName>
		</author>
		<author>
			<persName><forename type="first">T</forename><surname>Kajdanowicz</surname></persName>
		</author>
		<imprint>
			<date type="published" when="2017-02">2017. February</date>
		</imprint>
	</monogr>
	<note>ArXiv e-prints</note>
	<note type="raw_reference">Szymański, P. and Kajdanowicz, T. (2017). A scikit- based Python environment for performing multi- label classification. ArXiv e-prints, February.</note>
</biblStruct>

<biblStruct xml:id="b24">
	<analytic>
		<title level="a" type="main">A network perspective on stratification of multi-label data</title>
		<author>
			<persName><forename type="first">P</forename><surname>Szymański</surname></persName>
		</author>
		<author>
			<persName><forename type="first">T</forename><surname>Kajdanowicz</surname></persName>
		</author>
	</analytic>
	<monogr>
		<title level="m">Proceedings of the First International Workshop on Learning with Imbalanced Domains: Theory and Applications</title>
				<editor>
			<persName><forename type="first">Paula</forename><surname>Branco</surname></persName>
		</editor>
		<editor>
			<persName><forename type="first">Luís</forename><surname>Torgo</surname></persName>
		</editor>
		<meeting>the First International Workshop on Learning with Imbalanced Domains: Theory and Applications</meeting>
		<imprint>
			<publisher>PMLR</publisher>
			<date type="published" when="2017-09-22">2017. 22 Sep</date>
			<biblScope unit="volume">74</biblScope>
			<biblScope unit="page" from="22" to="35" />
		</imprint>
	</monogr>
	<note>of Proceedings of Machine Learning Research</note>
	<note type="raw_reference">Szymański, P. and Kajdanowicz, T. (2017). A network perspective on stratification of multi-label data. In Paula Branco Luís Torgo et al., editors, Proceed- ings of the First International Workshop on Learn- ing with Imbalanced Domains: Theory and Applica- tions, volume 74 of Proceedings of Machine Learn- ing Research, pages 22-35. PMLR, 22 Sep.</note>
</biblStruct>

<biblStruct xml:id="b25">
	<monogr>
		<title level="m" type="main">Clustering word embeddings with self-organizing maps. application on laroseda -a large romanian sentiment data set</title>
		<author>
			<persName><forename type="first">A</forename><surname>Tache</surname></persName>
		</author>
		<author>
			<persName><forename type="first">M</forename><surname>Gaman</surname></persName>
		</author>
		<author>
			<persName><forename type="first">R</forename><forename type="middle">T</forename><surname>Ionescu</surname></persName>
		</author>
		<imprint>
			<date type="published" when="2021">2021</date>
			<biblScope unit="page">1</biblScope>
		</imprint>
	</monogr>
	<note type="raw_reference">Tache, A., Gaman, M., and Ionescu, R. T. (2021). Clustering word embeddings with self-organizing maps. application on laroseda -a large romanian sentiment data set. 01.</note>
</biblStruct>

<biblStruct xml:id="b26">
	<monogr>
		<title level="m" type="main">Mean squared error</title>
		<author>
			<persName><surname>Wiki</surname></persName>
		</author>
		<imprint>
			<date type="published" when="2022-04">2022a. Apr. Wiki. (2022b. Apr</date>
		</imprint>
	</monogr>
	<note>Hamming distance</note>
	<note type="raw_reference">Wiki. (2022a). Hamming distance, Apr. Wiki. (2022b). Mean squared error, Apr.</note>
</biblStruct>

<biblStruct xml:id="b27">
	<monogr>
		<title level="m" type="main">Language Resource References Alexandra Ciobotaru and Liviu P. Dinu</title>
		<idno>ISLRN 582- 943-832-281-0</idno>
		<imprint>
			<date type="published" when="2021">2021</date>
		</imprint>
	</monogr>
	<note>Romanian Emotion Detection Dataset</note>
	<note type="raw_reference">Language Resource References Alexandra Ciobotaru and Liviu P. Dinu. (2021). Ro- manian Emotion Detection Dataset. ISLRN 582- 943-832-281-0.</note>
</biblStruct>

				</listBibl>
			</div>
		</back>
	</text>
</TEI>
