<?xml version="1.0" encoding="UTF-8"?>
<TEI xml:space="preserve" xmlns="http://www.tei-c.org/ns/1.0" 
xmlns:xsi="http://www.w3.org/2001/XMLSchema-instance" 
xsi:schemaLocation="http://www.tei-c.org/ns/1.0 https://raw.githubusercontent.com/kermitt2/grobid/master/grobid-home/schemas/xsd/Grobid.xsd"
 xmlns:xlink="http://www.w3.org/1999/xlink">
	<teiHeader xml:lang="en">
		<fileDesc>
			<titleStmt>
				<title level="a" type="main">Extracting Space Situational Awareness Events from News Text</title>
			</titleStmt>
			<publicationStmt>
				<publisher/>
				<availability status="unknown"><licence/></availability>
			</publicationStmt>
			<sourceDesc>
				<biblStruct>
					<analytic>
						<author>
							<persName><forename type="first">Zhengnan</forename><surname>Xie</surname></persName>
							<affiliation key="aff0">
								<orgName type="institution">University of Arizona</orgName>
								<address>
									<country key="US">USA</country>
								</address>
							</affiliation>
						</author>
						<author>
							<persName><forename type="first">Alice</forename><surname>Saebom Kwak</surname></persName>
							<affiliation key="aff0">
								<orgName type="institution">University of Arizona</orgName>
								<address>
									<country key="US">USA</country>
								</address>
							</affiliation>
						</author>
						<author>
							<persName><forename type="first">Enfa</forename><surname>George</surname></persName>
							<affiliation key="aff0">
								<orgName type="institution">University of Arizona</orgName>
								<address>
									<country key="US">USA</country>
								</address>
							</affiliation>
						</author>
						<author>
							<persName><forename type="first">Laura</forename><forename type="middle">W</forename><surname>Dozal</surname></persName>
							<affiliation key="aff0">
								<orgName type="institution">University of Arizona</orgName>
								<address>
									<country key="US">USA</country>
								</address>
							</affiliation>
						</author>
						<author>
							<persName><forename type="first">Hoang</forename><surname>Van</surname></persName>
							<affiliation key="aff0">
								<orgName type="institution">University of Arizona</orgName>
								<address>
									<country key="US">USA</country>
								</address>
							</affiliation>
						</author>
						<author>
							<persName><forename type="first">Moriba</forename><surname>Jah</surname></persName>
							<affiliation key="aff1">
								<orgName type="institution">University of Texas at Austin</orgName>
								<address>
									<country key="US">USA</country>
								</address>
							</affiliation>
						</author>
						<author>
							<persName><forename type="first">Roberto</forename><surname>Furfaro</surname></persName>
							<affiliation key="aff0">
								<orgName type="institution">University of Arizona</orgName>
								<address>
									<country key="US">USA</country>
								</address>
							</affiliation>
						</author>
						<author role="corresp">
							<persName><forename type="first">Peter</forename><surname>Jansen</surname></persName>
							<email>pajansen@arizona.edu</email>
							<affiliation key="aff0">
								<orgName type="institution">University of Arizona</orgName>
								<address>
									<country key="US">USA</country>
								</address>
							</affiliation>
						</author>
						<title level="a" type="main">Extracting Space Situational Awareness Events from News Text</title>
					</analytic>
					<monogr>
						<imprint>
							<date/>
						</imprint>
					</monogr>
					<idno type="MD5">873857EA80E14B41D027D4196A6FB0FE</idno>
				</biblStruct>
			</sourceDesc>
		</fileDesc>
		<encodingDesc>
			<appInfo>
				<application version="0.7.3-SNAPSHOT" ident="GROBID" when="2023-01-12T08:36+0000">
					<desc>GROBID - A machine learning software for extracting information from scholarly documents</desc>
					<ref target="https://github.com/kermitt2/grobid"/>
				</application>
			</appInfo>
		</encodingDesc>
		<profileDesc>
			<textClass>
				<keywords>
					<term>information extraction</term>
					<term>corpus</term>
					<term>space</term>
				</keywords>
			</textClass>
			<abstract>
<div xmlns="http://www.tei-c.org/ns/1.0"><p>Space situational awareness typically makes use of physical measurements from radar, telescopes, and other assets to monitor satellites and other spacecraft for operational, navigational, and defense purposes. In this work we explore using textual input for the space situational awareness task. We construct a corpus of 48.5k news articles spanning all known active satellites between 2009 and 2020. Using a dependency-rule-based extraction system designed to target three high-impact events -spacecraft launches, failures, and decommissionings, we identify 1,787 space-event sentences that are then annotated by humans with 15.9k labels for event slots. We empirically demonstrate a state-of-the-art neural extraction system achieves an overall F1 between 53 and 91 per slot for event extraction in this low-resource, high-impact domain.</p></div>
			</abstract>
		</profileDesc>
	</teiHeader>
	<text xml:lang="en">
		<body>
<div xmlns="http://www.tei-c.org/ns/1.0"><head n="1.">Introduction</head><p>Space Situational Awareness (SSA) is the decisionmaking knowledge required to predict, avoid, operate through, or recover from the loss, disruption, or degradation of space services, capabilities, or activities <ref type="bibr" target="#b0">(Cai et al., 2020)</ref>. Most governments approach SSA as a physical measurement problem, using global arrays of optical telescopes, radar facilities, radio listening posts, and other assets to directly measure spacecraft properties, orbits, or communications. In addition to being costly, this approach has several known limitations, chief among them that physical measurements (such as that a spacecraft is spinning) alone cannot fully capture causal information (e.g. a spacecraft suffered a gyro failure) that can be critical when interpreting and responding to events within the space object population <ref type="bibr" target="#b14">(Walls et al., 2016)</ref>.</p><p>In this work we explore extracting space-domain events from non-physical measurements, namely textual input from press releases and news articles. SSA is frequently accomplished by collecting and fusing multi-modal data <ref type="bibr" target="#b2">(Esteva et al., 2020;</ref><ref type="bibr" target="#b6">Le May et al., 2020)</ref>, where text is a comparatively inexpensive knowledge resource. We hypothesize that text can supply information complementary to physics-based measurements, such as the published causes of spacecraft failures, whether spacecraft operators have planned astronavigation maneuvers, or whether a spacecraft has been safely decommissioned according to United Nations guidelines.</p><p>Information extraction (IE) is often reported in high-resource domains where favorable performance is possible using pre-trained models. In contrast, there exist high-importance domains (e.g. nuclear, defense, etc.) that remain under-explored due to low resource availability, and low task transfer from near-domains. Space-domain information extraction poses these challenges in abundance -comparatively few spacecraft  </p></div>
<div xmlns="http://www.tei-c.org/ns/1.0"><head>2.8M Sentences 1,787 Sentences</head><p>Figure <ref type="figure">1</ref>: An overview of the proposed system. A corpus of 48.5k space-domain news articles collected from the web serves as input to a sentence-level dependencybased information extraction system, ODINSON, that isolates a shortlist of sentences for human annotation. These are then used to train and evaluate a languagemodel based event extraction system, which extracts spacecraft launch, failure, and decommissioning events from text.</p><p>have ever existed, and they are meticulously engineered, making launches, failures, and other SSArelevant events infrequent but highly impactful. By automatically monitoring and extracting this information Starting with a trigger phrase (here, launched), our system traverses specific syntactic dependencies most likely to contain information to fill specific event slots. Both a space-domain (blue) and generic CoreNLP (orange) NER system assist in identifying slot fillers in high-confidence rules, while low-confidence rules fill slots by extracting chunks from likely dependencies. from sources available on the web, SSA users can augment existing physical measurements with behavioral information, or provide targets of interest for physical monitoring based on information gathered from text.</p><p>In this work we construct the first space-domain event corpus and extraction system, targeted at three demonstrative high-impact SSA events: spacecraft launches, failures, and decommissionings. The contributions of this work are:</p><p>1. We collect a large-scale multi-year corpus of 48.5k news articles (containing 2.8M sentences) covering all 4,157 known satellites existing between 2009 through 2020. We pair this with a dependency-rule based extractor that identifies 1,787 sentences with valid launch, failure, or decommissioning events, that we manually annotate with 15.9k labeled tokens representing event slots in each sentence.</p><p>2. We empirically demonstrate that in this lowresource high-impact domain, a state-of-the-art language-model-based extraction tool achieves F1 scores between 53 through 91 for extracting different event slots. We highlight common causes of failure, including the large number of distractors in this corpus, in an error analysis.</p><p>3. We release our space-domain event corpus and extraction system as open source 1 .</p></div>
<div xmlns="http://www.tei-c.org/ns/1.0"><head n="2.">Approach</head><p>An overview of our approach is shown in Figure <ref type="figure">1</ref>. We approach this SSA task as a multi-slot information extraction problem. Though event information may exist across sentences or entire documents, in this work we focus on events contained within single sentences. First, we assemble a large corpus of spacedomain news articles. We then use a dependency-based extraction framework to identify a shortlist of sentences that contain valid events, then manually annotate their 1 Available at: https://github.com/ cognitiveailab/ssa-corpus event slots as spans in each sentence. Finally, we evaluate the performance of a language-model-based extraction system at identifying these event spans.</p></div>
<div xmlns="http://www.tei-c.org/ns/1.0"><head n="2.1.">Multi-Slot Event Schema</head><p>We focus on extracting three high-impact and comparatively frequent events in the corpus -spacecraft launches, spacecraft failures, and spacecraft decommissionings. While IE is often framed as a triple extraction task <ref type="bibr" target="#b3">(Etzioni et al., 2008)</ref>, here each event schema has between 3 and 6 optional slots to populate with event-relevant information. For example, the LAUNCH event is used to describe the launch of a specific satellite, and may include additional information such as the launch vehicle used (e.g. an Atlas V), the launch site (e.g. Cape Canaveral), the target orbit (e.g. geosynchronous), an organization the launch is on behalf of, and the date the launch occurred. A complete list of the event slots in each schema is included in Table <ref type="table">2</ref>.</p></div>
<div xmlns="http://www.tei-c.org/ns/1.0"><head n="3.">Corpus and Annotation</head></div>
<div xmlns="http://www.tei-c.org/ns/1.0"><head n="3.1.">Space Domain News Article Corpus</head><p>We assembled a list of all known unclassified satellites active at any time between 2009 through 2020 using archived versions of the publicly available UCS satellite database<ref type="foot" target="#foot_0">2</ref> , finding a total of 4,157 satellites over this 11 year period. We collected a corpus of space-domain news articles by querying the Microsoft Bing News<ref type="foot" target="#foot_1">3</ref> and GNews<ref type="foot" target="#foot_2">4</ref> APIs for each satellite name (and any alternate names listed by USC), and retrieving the top 100 news articles for each name. As news APIs regularly restrict results to a short temporal period (typically 30 days), and satellite events happen infrequently, collection took place over several years. In total, collection returned 49,908 articles, which were post-processed with Boilerpipe <ref type="bibr" target="#b5">(Kohlschütter et al., 2010)</ref>  </p></div>
<div xmlns="http://www.tei-c.org/ns/1.0"><head n="3.2.">Identifying Sentences for Human Labelling with Dependency Rules</head><p>The space-domain news article corpus contains 2.8M sentences across 48.5k documents. To identify a shortlist of candidate sentences for human labeling that describe space events of interest (launches, failures, and decommissionings), we constructed a set of high-recall dependency-based extraction rules using the ODINSON Information Extraction language <ref type="bibr" target="#b13">(Valenzuela-Escárcega et al., 2020)</ref>. ODINSON allows expressing extraction rules as a combination of syntactic dependencies, named entities, part-of-speech tags, and surface forms, and processes documents approximately 5 orders of magnitude faster than comparable approaches <ref type="bibr" target="#b15">(Wang et al., 2018;</ref><ref type="bibr" target="#b12">Valenzuela-Escárcega et al., 2016)</ref>, scanning and extracting sentences in our nearly 50k document corpus in approximately 4 minutes on inexpensive desktop hardware. Articles were indexed using the ODINSON indexer, where Stanford CoreNLP <ref type="bibr" target="#b9">(Manning et al., 2014)</ref> supplied tagging, lemmatization, and dependency parsing.</p></div>
<div xmlns="http://www.tei-c.org/ns/1.0"><head n="3.2.1.">Named Entity Recognition</head><p>To support rule-based extraction with ODINSON, we constructed a named entity recognition system for domain-specific slot fillers, including SPACECRAFT (such as Hubble Space Telescope), LAUNCHVEHI-CLES (such as Falcon 9), and LAUNCHSITES (such as Baikonur Cosmodrome). For open-domain entities, we use CoreNLP entities directly (e.g. DATE), or a combination of both CoreNLP and our space-domain NER system (e.g. ORGANIZATION).</p></div>
<div xmlns="http://www.tei-c.org/ns/1.0"><head n="3.2.2.">Rule Authoring</head><p>Rules were constructed through an iterative process of querying the training set for high-frequency n-grams that might serve as ODINSON trigger phrases associated with each of the 3 events (e.g. launched, failure, or decommissioned), then authoring slot-extraction rule components based on traversing key syntactic dependencies attached to the trigger phrase. An example dependency tree and associated event is shown in Figure 2. To balance precision and robustness, we constructed 35 high-confidence rules that required NER matches for all slots, while 32 lower-confidence backoff rules allow matching unknown entities or generic NP-chunks for one or more slots, increasing recall for (for example) newer or unknown spacecraft at the expense of precision. In total, 67 rules were authored across all 3 events.</p></div>
<div xmlns="http://www.tei-c.org/ns/1.0"><head n="3.2.3.">Manual Filtering</head><p>The rule-based system identified 4346 launch, 824 failure, and 218 decommissioning candidate sentences from the corpus of 2.8M sentences. Manual inspection showed that 91% of launch sentences and 53% of both failure and decommisioning sentences contained a valid event, while others contained unrelated information (e.g. the launch of a new product) and were filtered out. Due to the large number of events, the launch set was randomly subsampled to 30% of its original size for human labeling. A total of 1,787 sentences progressed through this stage, for subsequent labeling by human annotators.</p></div>
<div xmlns="http://www.tei-c.org/ns/1.0"><head n="3.3.">Annotating Space Events</head><p>Annotation took the form of a span-labelling task, where for a given sentence an annotator would highlight relevant spans of text (e.g. "Hubble Space Telescope"), and select an appropriate event slot label (e.g. SPACECRAFT). A single sentence can mention more than one event (for example, two satellites being launched), and in these cases all relevant slot fillers are annotated for both events. <ref type="foot" target="#foot_3">5</ref>  Table <ref type="table">2</ref>: Overall performance for the language model-based extraction system over the three event schema (spacecraft launches, failures, and decommissionings), broken down by event slot. Generic slots can optionally occur across all three event schema, and their performance is reported as the micro-average across all events. N for events represents the number of sentences a given set (development, test) for that event, while for slots N represents to the number of tagged spans across all sentences in a given set. Sentences occasionally contain more than one event, and as such the number of slots (e.g. SatelliteName) can exceed the number of sentences. <ref type="bibr" target="#b10">(Perry, 2021)</ref> for annotation and calculating interannotator agreement statistics. Four annotators completed the labeling task, with each sentence being independently labelled by three annotators. After this labelling, the annotators then used the review functionality of LightTag to discuss and resolve disagreements. Individual agreement relative to this final consensus ranged between 80% to 90% precision and 78% to 87% recall across the four annotators.</p><p>Summary statistics of the labelled sets are shown in Table <ref type="table" target="#tab_1">1</ref>. The final corpus contains a total of 73.6k tokens across 1,787 sentences, with 15.9k tokens (22%) containing an event slot label.</p></div>
<div xmlns="http://www.tei-c.org/ns/1.0"><head n="4.">Modelling</head></div>
<div xmlns="http://www.tei-c.org/ns/1.0"><head n="4.1.">Multi-slot Model</head><p>Recently a number of off-the-shelf methods for state-of-the-art triple extraction have emerged <ref type="bibr" target="#b4">(Han et al., 2019)</ref>, but few of these systems work in multislot scenarios. Several groups <ref type="bibr" target="#b16">(Zhang et al., 2020;</ref><ref type="bibr" target="#b7">Liu et al., 2019)</ref> demonstrate multi-slot extraction using pre-trained embedding models such as BERT <ref type="bibr" target="#b1">(Devlin et al., 2019)</ref>, but their systems are not publicly available. We recreate a similar system by framing the multi-slot extraction problem as a sequence labeling task where entity spans are labeled with a given slot name (e.g. SATELLITENAME, LAUNCHVEHICLE, etc.), and adapt an off-the-shelf BERT-based sequence labeling system 7 to this task, which achieves near state-7 https://github.com/kamalkraj/BERT-NER of-the-art performance on entity labeling tasks <ref type="bibr" target="#b11">(Smith et al., 2020)</ref>.</p></div>
<div xmlns="http://www.tei-c.org/ns/1.0"><head n="4.2.">Results</head><p>Each of the three events was trained and evaluated separately. We made use of the BERT-Base-cased (110M parameter) model. Performance was tuned on the development set, where we observed that performance peaked at 60 training epochs. We report performance using the standard definitions of precision, recall, and F1 <ref type="bibr">(Manning and Schutze, 1999, inter alia)</ref>.</p><p>Overall extraction performance for each SSA event is shown in Table <ref type="table">2</ref>. Overall performance per slot ranges from 47 to 91 F1, with higher-frequency slots that tend to follow regular patterns tending to perform better than low-frequency categories with less regular patterns. SATELLITENAME, LAUNCHVEHICLE, and LAUNCHSITE were generally able to achieve fair to excellent performance (peaking near 90 F1 for the Launch event), while slots with comparatively less training data and higher variation in their presentation in sentences (e.g. TARGETORBIT and FAILURETYPE) achieved modest performance approaching 74 and 56 F1 on the test set, respectively. FAILURETYPE is the lowestperforming slot, highlighting the challenge of identifying spans of text that describe failures when they may present as either relatively frequent high-level causes (e.g. "launch failure" or "power failure"), or morespecific descriptions less-frequently observed during training (e.g. "fuel leak", or "problems with antenna") that more precisely convey critical issues.</p><p>Prop. Error 43% Mention not relevant to event 21% Span errors (too long or short) 8%</p><p>Inferred label is possibly relevant 7% Gold label is incorrect 5%</p><p>Abbreviations mistaken as satellite name Table <ref type="table">3</ref>: Common categories of errors on a crosssection of 100 randomly selected errors on the test set. Proportions do not sum to 100% as less frequent error classes are omitted.</p></div>
<div xmlns="http://www.tei-c.org/ns/1.0"><head n="4.3.">Error Analysis</head><p>To better understand the challenges this dataset poses to extraction systems, we analyzed 100 randomly-selected extraction errors on the test set and identified five major classes of error, outlined in Table 3, and described below:</p><p>Mention Not Relevant (43%): Sentences containing space events are frequently long and contain historical or other contextual information that serve as distractors for the events being extracted. For example, in the FAILURE sentence "AMC-14 was delayed to February due to the failure of a Proton [LaunchVehicle] rocket in September [Date]", the model populates the SATEL-LITENAME slot with AMC-14 even though it is not involved in the failure event.</p><p>Span Errors (21%): Span errors are when the model captures part of a mention, but does not overlap completely with the gold information -typically from ending too early, starting too late, or missing tags in the middle of a span (for example, missing "of" in "United States of America".</p><p>Possibly Relevant (8%): While not identical to gold spans, in 8% of cases, the spans chosen by the model could also be considered valid by manual judgement. For example, in one error, the model broke the gold TARGETORBIT span "highly elliptical and highly inclined orbit" into two separate mentions "highly elliptical" and "highly inclined orbit", that are both valid.</p><p>Errors in gold labels (7%): In 7% of errors, the gold annotation had technical errors. For example, sentences automatically extracted from news articles occasionally contain extraneous out-of-sentence information (such as part of the headline, or captions from photographs) that might contain the same entities as those in the event, and our annotation protocol specifies these extraneous spans not to be annotated -but sometimes the borders are difficult to determine. With the overall micro-precision of the model at 80% across test set events, and 7% of model errors due to annotation errors, we estimate the total accuracy of this annotation after the review procedure to be approximately 98%. <ref type="foot" target="#foot_5">8</ref>Abbreviations as Satellites (5%): Abbreviations in text (e.g. "AFP", a press organization) are occasionally mistaken as SATELLITENAME slots due to the model learning that satellite names are frequently capitalized.</p></div>
<div xmlns="http://www.tei-c.org/ns/1.0"><head n="5.">Conclusion</head><p>We present the first Space Situational Awareness event corpus and extraction system that can monitor news articles and extract three high-impact events: spacecraft launches, failures, and decommissionings. The corpus contains 1,787 labelled sentences with 15.9k manually labelled tokens, drawn from a corpus of nearly 48.5k news articles spanning all 4,157 known satellites active between 2009 and 2020. Our analysis shows that baseline model performance (F1) ranges between 53 and 91 per event slot, highlighting the challenges associated with this low-resource domain. The corpus and extraction system are open source, available at: https://github.com/cognitiveailab/ ssa-corpus .</p></div><figure xmlns="http://www.tei-c.org/ns/1.0" xml:id="fig_1"><head>Figure 2 :</head><label>2</label><figDesc>Figure 2: An example of constructing a dependency rule to find candidate launch events for manual annotation.Starting with a trigger phrase (here, launched), our system traverses specific syntactic dependencies most likely to contain information to fill specific event slots. Both a space-domain (blue) and generic CoreNLP (orange) NER system assist in identifying slot fillers in high-confidence rules, while low-confidence rules fill slots by extracting chunks from likely dependencies.</figDesc><graphic coords="2,69.18,-103.05,469.20,216.60" type="bitmap" /></figure>
<figure xmlns="http://www.tei-c.org/ns/1.0" type="table" xml:id="tab_0"><head>Sentence Identi cation Using Dependency Rules Space Situational Awareness News Corpus Bing / GNews Launch Event Failure Event Decommissioning Event Spacecraft Launch Vehicle Launch Site Date Organization Target Orbit Failure Type Spacecraft Launch Vehicle Date Organization Spacecraft Date Organization Extracted Events Starlink Falcon 9 Kennedy Space Center Low Earth Orbit (LEO) Sept 3 2020 SpaceX (US) Communications Hitomi Telescope - Mar 27 2016 JAXA (Japan) Tiangong-1 Space Station - China Human Annotated Events 48.5k News Articles</head><label></label><figDesc></figDesc><table /></figure>
<figure xmlns="http://www.tei-c.org/ns/1.0" type="table" xml:id="tab_1"><head>Table 1 :</head><label>1</label><figDesc>to extract article content while removing advertisements and other extraneous information. News or-Overall statistics for the space situational awareness event corpus across the three events. Sentences represents the number of sentences within a given set. Tagged tokens represents the number of BIO-tagged tokens that have a either a Beginning (B) or Inside (I) tag.ganizations regularly publish syndicated duplicate articles, or republish updated articles months or years later. To prevent leakage between training and unseen sets, any articles whose unigram cosine similarities exceed a threshold of 0.90 were pooled into the same set. The corpus was divided into training (28.7k document), and unseen(19.8k document) sets, with the most-recently collected articles and newest spacecraft present in the unseen set. The unseen set was evenly split into development and test sets after additional manual filtering described below.</figDesc><table><row><cell></cell><cell></cell><cell>Training</cell><cell></cell><cell></cell><cell cols="2">Development</cell><cell></cell><cell>Test</cell><cell></cell></row><row><cell></cell><cell></cell><cell cols="2">Tokens Tokens</cell><cell></cell><cell cols="2">Tokens Tokens</cell><cell></cell><cell cols="2">Tokens Tokens</cell></row><row><cell>SSA Event</cell><cell cols="2">Sents. (w/tag)</cell><cell>(total)</cell><cell cols="2">Sents. (w/tag)</cell><cell>(total)</cell><cell cols="2">Sents. (w/tag)</cell><cell>(total)</cell></row><row><cell>Launch</cell><cell>537</cell><cell>5,646</cell><cell>25,855</cell><cell>350</cell><cell>2,890</cell><cell>13,357</cell><cell>350</cell><cell>3,059</cell><cell>12,747</cell></row><row><cell>Failure</cell><cell>310</cell><cell>2,748</cell><cell>12,905</cell><cell>63</cell><cell>580</cell><cell>2,656</cell><cell>63</cell><cell>449</cell><cell>2,043</cell></row><row><cell>Decommissioning</cell><cell>81</cell><cell>396</cell><cell>3,064</cell><cell>17</cell><cell>75</cell><cell>487</cell><cell>17</cell><cell>68</cell><cell>504</cell></row></table></figure>
<figure xmlns="http://www.tei-c.org/ns/1.0" type="table" xml:id="tab_2"><head></head><label></label><figDesc>We used LightTag6  </figDesc><table><row><cell></cell><cell>Development</cell><cell></cell><cell>Test</cell><cell></cell><cell></cell></row><row><cell>Event and Slot</cell><cell>Pr Re F1</cell><cell>N</cell><cell>Pr Re F1</cell><cell>N</cell><cell>Example</cell></row><row><cell>Launch Event</cell><cell></cell><cell>350</cell><cell></cell><cell>349</cell><cell></cell></row><row><cell>SatelliteName</cell><cell cols="2">83 89 86 540</cell><cell cols="2">85 89 87 528</cell><cell>Hubble Space Telescope</cell></row><row><cell>LaunchVehicle</cell><cell cols="2">89 89 89 141</cell><cell cols="2">86 92 89 170</cell><cell>Space Shuttle STS-32</cell></row><row><cell>LaunchSite</cell><cell>86 97 91</cell><cell>88</cell><cell cols="2">89 88 88 137</cell><cell>Cape Canaveral</cell></row><row><cell>TargetOrbit</cell><cell>62 84 71</cell><cell>25</cell><cell>89 82 74</cell><cell>38</cell><cell>Low-Earth Orbit</cell></row><row><cell>Failure Event</cell><cell></cell><cell>63</cell><cell></cell><cell>63</cell><cell></cell></row><row><cell>SatelliteName</cell><cell>76 87 81</cell><cell>70</cell><cell>69 87 77</cell><cell>53</cell><cell>Telkom-3</cell></row><row><cell>LaunchVehicle</cell><cell>80 84 82</cell><cell>38</cell><cell>88 94 91</cell><cell>31</cell><cell>Proton-M</cell></row><row><cell>FailureType</cell><cell>41 55 47</cell><cell>65</cell><cell>48 66 56</cell><cell>50</cell><cell>Launch or power failure</cell></row><row><cell>Decommissioning Event</cell><cell></cell><cell>17</cell><cell></cell><cell>17</cell><cell></cell></row><row><cell>SatelliteName</cell><cell>61 85 71</cell><cell>20</cell><cell>44 67 53</cell><cell>18</cell><cell>NOAA-19</cell></row><row><cell cols="2">Generic Slots Across Events</cell><cell></cell><cell></cell><cell></cell><cell></cell></row><row><cell>Organization</cell><cell cols="2">66 81 73 349</cell><cell cols="2">71 82 76 375</cell><cell>NASA</cell></row><row><cell>Date</cell><cell cols="2">83 91 87 434</cell><cell cols="2">84 88 86 390</cell><cell>April 4, 1990</cell></row></table></figure>
			<note xmlns="http://www.tei-c.org/ns/1.0" place="foot" n="2" xml:id="foot_0">https://www.ucsusa.org/resources/ satellite-database</note>
			<note xmlns="http://www.tei-c.org/ns/1.0" place="foot" n="3" xml:id="foot_1">http://azure.microsoft.com</note>
			<note xmlns="http://www.tei-c.org/ns/1.0" place="foot" n="4" xml:id="foot_2">http://gnews.io</note>
			<note xmlns="http://www.tei-c.org/ns/1.0" place="foot" n="5" xml:id="foot_3">Sentences without mention of a specific SPACECRAFT (for launches and decommissionings) or a specific SPACE-CRAFT or LAUNCHVEHICLE (for failures) were removed from consideration during the manual filtering step.</note>
			<note xmlns="http://www.tei-c.org/ns/1.0" place="foot" n="6" xml:id="foot_4"><ref type="bibr" target="#b0">6</ref> www.lighttag.io</note>
			<note xmlns="http://www.tei-c.org/ns/1.0" place="foot" n="8" xml:id="foot_5">Approximately 20% of tags predicted by the model were errorful on the test set. With a manually estimated 7% er-</note>
		</body>
		<back>
			<div type="references">

				<listBibl>

<biblStruct xml:id="b0">
	<analytic>
		<title level="a" type="main">Possibilistic admissible region using outer probability measure theory</title>
		<author>
			<persName><surname>Bibliographical References</surname></persName>
		</author>
		<author>
			<persName><forename type="first">H</forename><surname>Cai</surname></persName>
		</author>
		<author>
			<persName><forename type="first">I</forename><surname>Hussein</surname></persName>
		</author>
		<author>
			<persName><forename type="first">M</forename><surname>Jah</surname></persName>
		</author>
	</analytic>
	<monogr>
		<title level="j">Acta Astronautica</title>
		<imprint>
			<biblScope unit="volume">177</biblScope>
			<biblScope unit="page" from="246" to="257" />
			<date type="published" when="2020">2020</date>
		</imprint>
	</monogr>
	<note type="raw_reference">Bibliographical References Cai, H., Hussein, I., and Jah, M. (2020). Possibilis- tic admissible region using outer probability measure theory. Acta Astronautica, 177:246-257.</note>
</biblStruct>

<biblStruct xml:id="b1">
	<analytic>
		<title level="a" type="main">Bert: Pre-training of deep bidirectional transformers for language understanding</title>
		<author>
			<persName><forename type="first">J</forename><surname>Devlin</surname></persName>
		</author>
		<author>
			<persName><forename type="first">M.-W</forename><surname>Chang</surname></persName>
		</author>
		<author>
			<persName><forename type="first">K</forename><surname>Lee</surname></persName>
		</author>
		<author>
			<persName><forename type="first">K</forename><surname>Toutanova</surname></persName>
		</author>
	</analytic>
	<monogr>
		<title level="m">Proceedings of the 2019 Conference of the North American Chapter</title>
		<title level="s">Long and Short Papers</title>
		<meeting>the 2019 Conference of the North American Chapter</meeting>
		<imprint>
			<publisher>the Association for Computational Linguistics</publisher>
			<date type="published" when="2019">2019</date>
			<biblScope unit="page" from="4171" to="4186" />
		</imprint>
	</monogr>
	<note type="raw_reference">Devlin, J., Chang, M.-W., Lee, K., and Toutanova, K. (2019). Bert: Pre-training of deep bidirectional transformers for language understanding. In Pro- ceedings of the 2019 Conference of the North Amer- ican Chapter of the Association for Computational Linguistics: Human Language Technologies, Vol- ume 1 (Long and Short Papers), pages 4171-4186.</note>
</biblStruct>

<biblStruct xml:id="b2">
	<analytic>
		<title level="a" type="main">Modeling data curation to scientific inquiry: A case study for multimodal data integration</title>
		<author>
			<persName><forename type="first">M</forename><surname>Esteva</surname></persName>
		</author>
		<author>
			<persName><forename type="first">W</forename><surname>Xu</surname></persName>
		</author>
		<author>
			<persName><forename type="first">N</forename><surname>Simone</surname></persName>
		</author>
		<author>
			<persName><forename type="first">A</forename><surname>Gupta</surname></persName>
		</author>
		<author>
			<persName><forename type="first">M</forename><surname>Jah</surname></persName>
		</author>
	</analytic>
	<monogr>
		<title level="m">Proceedings of the ACM/IEEE Joint Conference on Digital Libraries in 2020</title>
				<meeting>the ACM/IEEE Joint Conference on Digital Libraries in 2020</meeting>
		<imprint>
			<date type="published" when="2020">2020</date>
			<biblScope unit="page" from="235" to="242" />
		</imprint>
	</monogr>
	<note type="raw_reference">Esteva, M., Xu, W., Simone, N., Gupta, A., and Jah, M. (2020). Modeling data curation to scientific in- quiry: A case study for multimodal data integration. In Proceedings of the ACM/IEEE Joint Conference on Digital Libraries in 2020, pages 235-242.</note>
</biblStruct>

<biblStruct xml:id="b3">
	<analytic>
		<title level="a" type="main">Open information extraction from the web</title>
		<author>
			<persName><forename type="first">O</forename><surname>Etzioni</surname></persName>
		</author>
		<author>
			<persName><forename type="first">M</forename><surname>Banko</surname></persName>
		</author>
		<author>
			<persName><forename type="first">S</forename><surname>Soderland</surname></persName>
		</author>
		<author>
			<persName><forename type="first">D</forename><forename type="middle">S</forename><surname>Weld</surname></persName>
		</author>
	</analytic>
	<monogr>
		<title level="j">Communications of the ACM</title>
		<imprint>
			<biblScope unit="volume">51</biblScope>
			<biblScope unit="issue">12</biblScope>
			<biblScope unit="page" from="68" to="74" />
			<date type="published" when="2008">2008</date>
		</imprint>
	</monogr>
	<note type="raw_reference">Etzioni, O., Banko, M., Soderland, S., and Weld, D. S. (2008). Open information extraction from the web. Communications of the ACM, 51(12):68-74.</note>
</biblStruct>

<biblStruct xml:id="b4">
	<analytic>
		<title level="a" type="main">OpenNRE: An open and extensible toolkit for neural relation extraction</title>
		<author>
			<persName><forename type="first">X</forename><surname>Han</surname></persName>
		</author>
		<author>
			<persName><forename type="first">T</forename><surname>Gao</surname></persName>
		</author>
		<author>
			<persName><forename type="first">Y</forename><surname>Yao</surname></persName>
		</author>
		<author>
			<persName><forename type="first">D</forename><surname>Ye</surname></persName>
		</author>
		<author>
			<persName><forename type="first">Z</forename><surname>Liu</surname></persName>
		</author>
		<author>
			<persName><forename type="first">M</forename><surname>Sun</surname></persName>
		</author>
	</analytic>
	<monogr>
		<title level="m">Proceedings of EMNLP-IJCNLP: System Demonstrations</title>
				<meeting>EMNLP-IJCNLP: System Demonstrations</meeting>
		<imprint>
			<date type="published" when="2019">2019</date>
			<biblScope unit="page" from="169" to="174" />
		</imprint>
	</monogr>
	<note type="raw_reference">Han, X., Gao, T., Yao, Y., Ye, D., Liu, Z., and Sun, M. (2019). OpenNRE: An open and extensible toolkit for neural relation extraction. In Proceedings of EMNLP-IJCNLP: System Demonstrations, pages 169-174.</note>
</biblStruct>

<biblStruct xml:id="b5">
	<analytic>
		<title level="a" type="main">Boilerplate detection using shallow text features</title>
		<author>
			<persName><forename type="first">C</forename><surname>Kohlschütter</surname></persName>
		</author>
		<author>
			<persName><forename type="first">P</forename><surname>Fankhauser</surname></persName>
		</author>
		<author>
			<persName><forename type="first">W</forename><surname>Nejdl</surname></persName>
		</author>
	</analytic>
	<monogr>
		<title level="m">Proceedings of the third ACM international conference on Web search and data mining</title>
				<meeting>the third ACM international conference on Web search and data mining</meeting>
		<imprint>
			<date type="published" when="2010">2010</date>
			<biblScope unit="page" from="441" to="450" />
		</imprint>
	</monogr>
	<note type="raw_reference">Kohlschütter, C., Fankhauser, P., and Nejdl, W. (2010). Boilerplate detection using shallow text features. In Proceedings of the third ACM international confer- ence on Web search and data mining, pages 441- 450.</note>
</biblStruct>

<biblStruct xml:id="b6">
	<monogr>
		<title level="m" type="main">Representing and querying space object ror rate in gold labels on these errors, and assuming correctly predicted gold labels are correct labels, we estimate the overall error rate in annotating gold labels to be approximately 2%. registration data using graph databases</title>
		<author>
			<persName><forename type="first">Le</forename><surname>May</surname></persName>
		</author>
		<author>
			<persName><forename type="first">S</forename><surname>Carter</surname></persName>
		</author>
		<author>
			<persName><forename type="first">B</forename><surname>Gehly</surname></persName>
		</author>
		<author>
			<persName><forename type="first">S</forename><surname>Flegel</surname></persName>
		</author>
		<author>
			<persName><forename type="first">S</forename><surname>Jah</surname></persName>
		</author>
		<author>
			<persName><forename type="first">M</forename></persName>
		</author>
		<imprint>
			<date type="published" when="2020">2020</date>
			<publisher>Acta Astronautica</publisher>
		</imprint>
	</monogr>
	<note type="raw_reference">Le May, S., Carter, B., Gehly, S., Flegel, S., and Jah, M. (2020). Representing and querying space object ror rate in gold labels on these errors, and assuming correctly predicted gold labels are correct labels, we estimate the over- all error rate in annotating gold labels to be approximately 2%. registration data using graph databases. Acta Astro- nautica.</note>
</biblStruct>

<biblStruct xml:id="b7">
	<analytic>
		<title level="a" type="main">Open domain event extraction using neural latent variable models</title>
		<author>
			<persName><forename type="first">X</forename><surname>Liu</surname></persName>
		</author>
		<author>
			<persName><forename type="first">H.-Y</forename><surname>Huang</surname></persName>
		</author>
		<author>
			<persName><forename type="first">Y</forename><surname>Zhang</surname></persName>
		</author>
	</analytic>
	<monogr>
		<title level="m">Proceedings of the 57th Annual Meeting of the Association for Computational Linguistics</title>
				<meeting>the 57th Annual Meeting of the Association for Computational Linguistics</meeting>
		<imprint>
			<date type="published" when="2019">2019</date>
			<biblScope unit="page" from="2860" to="2871" />
		</imprint>
	</monogr>
	<note type="raw_reference">Liu, X., Huang, H.-Y., and Zhang, Y. (2019). Open domain event extraction using neural latent variable models. In Proceedings of the 57th Annual Meet- ing of the Association for Computational Linguistics, pages 2860-2871.</note>
</biblStruct>

<biblStruct xml:id="b8">
	<monogr>
		<title level="m" type="main">Foundations of statistical natural language processing</title>
		<author>
			<persName><forename type="first">C</forename><surname>Manning</surname></persName>
		</author>
		<author>
			<persName><forename type="first">H</forename><surname>Schutze</surname></persName>
		</author>
		<imprint>
			<date type="published" when="1999">1999</date>
			<publisher>MIT press</publisher>
		</imprint>
	</monogr>
	<note type="raw_reference">Manning, C. and Schutze, H. (1999). Foundations of statistical natural language processing. MIT press.</note>
</biblStruct>

<biblStruct xml:id="b9">
	<analytic>
		<title level="a" type="main">The stanford corenlp natural language processing toolkit</title>
		<author>
			<persName><forename type="first">C</forename><forename type="middle">D</forename><surname>Manning</surname></persName>
		</author>
		<author>
			<persName><forename type="first">M</forename><surname>Surdeanu</surname></persName>
		</author>
		<author>
			<persName><forename type="first">J</forename><surname>Bauer</surname></persName>
		</author>
		<author>
			<persName><forename type="first">J</forename><forename type="middle">R</forename><surname>Finkel</surname></persName>
		</author>
		<author>
			<persName><forename type="first">S</forename><surname>Bethard</surname></persName>
		</author>
		<author>
			<persName><forename type="first">D</forename><surname>Mcclosky</surname></persName>
		</author>
	</analytic>
	<monogr>
		<title level="m">Proceedings of 52nd annual meeting of the association for computational linguistics: system demonstrations</title>
				<meeting>52nd annual meeting of the association for computational linguistics: system demonstrations</meeting>
		<imprint>
			<date type="published" when="2014">2014</date>
			<biblScope unit="page" from="55" to="60" />
		</imprint>
	</monogr>
	<note type="raw_reference">Manning, C. D., Surdeanu, M., Bauer, J., Finkel, J. R., Bethard, S., and McClosky, D. (2014). The stan- ford corenlp natural language processing toolkit. In Proceedings of 52nd annual meeting of the associ- ation for computational linguistics: system demon- strations, pages 55-60.</note>
</biblStruct>

<biblStruct xml:id="b10">
	<analytic>
		<title level="a" type="main">LightTag: Text annotation platform</title>
		<author>
			<persName><forename type="first">T</forename><surname>Perry</surname></persName>
		</author>
	</analytic>
	<monogr>
		<title level="m">Proceedings of the 2021 Conference on Empirical Methods in Natural Language Processing: System Demonstrations</title>
				<meeting>the 2021 Conference on Empirical Methods in Natural Language Processing: System Demonstrations<address><addrLine>Dominican Republic</addrLine></address></meeting>
		<imprint>
			<publisher>Association for Computational Linguistics</publisher>
			<date type="published" when="2021-11">2021. November</date>
			<biblScope unit="page" from="20" to="27" />
		</imprint>
		<respStmt>
			<orgName>Online and Punta Cana</orgName>
		</respStmt>
	</monogr>
	<note type="raw_reference">Perry, T. (2021). LightTag: Text annotation platform. In Proceedings of the 2021 Conference on Empiri- cal Methods in Natural Language Processing: Sys- tem Demonstrations, pages 20-27, Online and Punta Cana, Dominican Republic, November. Association for Computational Linguistics.</note>
</biblStruct>

<biblStruct xml:id="b11">
	<analytic>
		<title level="a" type="main">Scienceexamcer: A high-density finegrained science-domain corpus for common entity recognition</title>
		<author>
			<persName><forename type="first">H</forename><surname>Smith</surname></persName>
		</author>
		<author>
			<persName><forename type="first">Z</forename><surname>Zhang</surname></persName>
		</author>
		<author>
			<persName><forename type="first">J</forename><surname>Culnan</surname></persName>
		</author>
		<author>
			<persName><forename type="first">P</forename><surname>Jansen</surname></persName>
		</author>
	</analytic>
	<monogr>
		<title level="m">Proceedings of The 12th Language Resources and Evaluation Conference</title>
				<meeting>The 12th Language Resources and Evaluation Conference</meeting>
		<imprint>
			<date type="published" when="2020">2020</date>
			<biblScope unit="page" from="4529" to="4546" />
		</imprint>
	</monogr>
	<note type="raw_reference">Smith, H., Zhang, Z., Culnan, J., and Jansen, P. (2020). Scienceexamcer: A high-density fine- grained science-domain corpus for common entity recognition. In Proceedings of The 12th Language Resources and Evaluation Conference, pages 4529- 4546.</note>
</biblStruct>

<biblStruct xml:id="b12">
	<analytic>
		<title level="a" type="main">Odin&apos;s runes: A rule language for information extraction</title>
		<author>
			<persName><forename type="first">M</forename><forename type="middle">A</forename><surname>Valenzuela-Escárcega</surname></persName>
		</author>
		<author>
			<persName><forename type="first">G</forename><surname>Hahn-Powell</surname></persName>
		</author>
		<author>
			<persName><forename type="first">M</forename><surname>Surdeanu</surname></persName>
		</author>
	</analytic>
	<monogr>
		<title level="m">Proceedings of the Tenth International Conference on Language Resources and Evaluation (LREC&apos;16)</title>
				<meeting>the Tenth International Conference on Language Resources and Evaluation (LREC&apos;16)</meeting>
		<imprint>
			<date type="published" when="2016">2016</date>
			<biblScope unit="page" from="322" to="329" />
		</imprint>
	</monogr>
	<note type="raw_reference">Valenzuela-Escárcega, M. A., Hahn-Powell, G., and Surdeanu, M. (2016). Odin&apos;s runes: A rule lan- guage for information extraction. In Proceedings of the Tenth International Conference on Language Re- sources and Evaluation (LREC&apos;16), pages 322-329.</note>
</biblStruct>

<biblStruct xml:id="b13">
	<analytic>
		<title level="a" type="main">Odinson: A fast rule-based information extraction framework</title>
		<author>
			<persName><forename type="first">M</forename><forename type="middle">A</forename><surname>Valenzuela-Escárcega</surname></persName>
		</author>
		<author>
			<persName><forename type="first">G</forename><surname>Hahn-Powell</surname></persName>
		</author>
		<author>
			<persName><forename type="first">D</forename><surname>Bell</surname></persName>
		</author>
	</analytic>
	<monogr>
		<title level="m">Proceedings of The 12th Language Resources and Evaluation Conference</title>
				<meeting>The 12th Language Resources and Evaluation Conference</meeting>
		<imprint>
			<date type="published" when="2020">2020</date>
			<biblScope unit="page" from="2183" to="2191" />
		</imprint>
	</monogr>
	<note type="raw_reference">Valenzuela-Escárcega, M. A., Hahn-Powell, G., and Bell, D. (2020). Odinson: A fast rule-based infor- mation extraction framework. In Proceedings of The 12th Language Resources and Evaluation Confer- ence, pages 2183-2191.</note>
</biblStruct>

<biblStruct xml:id="b14">
	<analytic>
		<title level="a" type="main">Assessing the iadc space debris mitigation guidelines: A case for ontology-based data management</title>
		<author>
			<persName><forename type="first">R</forename><surname>Walls</surname></persName>
		</author>
		<author>
			<persName><forename type="first">D</forename><surname>Gaylor</surname></persName>
		</author>
		<author>
			<persName><forename type="first">V</forename><surname>Reddy</surname></persName>
		</author>
		<author>
			<persName><forename type="first">R</forename><surname>Furfaro</surname></persName>
		</author>
		<author>
			<persName><forename type="first">M</forename><surname>Jah</surname></persName>
		</author>
	</analytic>
	<monogr>
		<title level="m">Proceedings of the Advanced Maui Optical and Space Surveillance Technologies Conference (AMOS)</title>
				<meeting>the Advanced Maui Optical and Space Surveillance Technologies Conference (AMOS)</meeting>
		<imprint>
			<date type="published" when="2016">2016</date>
		</imprint>
	</monogr>
	<note type="raw_reference">Walls, R., Gaylor, D., Reddy, V., Furfaro, R., and Jah, M. (2016). Assessing the iadc space debris miti- gation guidelines: A case for ontology-based data management. In Proceedings of the Advanced Maui Optical and Space Surveillance Technologies Con- ference (AMOS).</note>
</biblStruct>

<biblStruct xml:id="b15">
	<analytic>
		<title level="a" type="main">Scalable semantic querying of text</title>
		<author>
			<persName><forename type="first">X</forename><surname>Wang</surname></persName>
		</author>
		<author>
			<persName><forename type="first">A</forename><surname>Feng</surname></persName>
		</author>
		<author>
			<persName><forename type="first">B</forename><surname>Golshan</surname></persName>
		</author>
		<author>
			<persName><forename type="first">A</forename><surname>Halevy</surname></persName>
		</author>
		<author>
			<persName><forename type="first">G</forename><surname>Mihaila</surname></persName>
		</author>
		<author>
			<persName><forename type="first">H</forename><surname>Oiwa</surname></persName>
		</author>
		<author>
			<persName><forename type="first">W.-C</forename><surname>Tan</surname></persName>
		</author>
	</analytic>
	<monogr>
		<title level="m">Proceedings of the VLDB Endowment</title>
				<meeting>the VLDB Endowment</meeting>
		<imprint>
			<date type="published" when="2018">2018</date>
			<biblScope unit="volume">11</biblScope>
			<biblScope unit="page" from="961" to="974" />
		</imprint>
	</monogr>
	<note type="raw_reference">Wang, X., Feng, A., Golshan, B., Halevy, A., Mihaila, G., Oiwa, H., and Tan, W.-C. (2018). Scalable se- mantic querying of text. Proceedings of the VLDB Endowment, 11(9):961-974.</note>
</biblStruct>

<biblStruct xml:id="b16">
	<monogr>
		<title level="m" type="main">Rapid adaptation of bert for information extraction on domain-specific business documents</title>
		<author>
			<persName><forename type="first">R</forename><surname>Zhang</surname></persName>
		</author>
		<author>
			<persName><forename type="first">W</forename><surname>Yang</surname></persName>
		</author>
		<author>
			<persName><forename type="first">L</forename><surname>Lin</surname></persName>
		</author>
		<author>
			<persName><forename type="first">Z</forename><surname>Tu</surname></persName>
		</author>
		<author>
			<persName><forename type="first">Y</forename><surname>Xie</surname></persName>
		</author>
		<author>
			<persName><forename type="first">Z</forename><surname>Fu</surname></persName>
		</author>
		<author>
			<persName><forename type="first">Y</forename><surname>Xie</surname></persName>
		</author>
		<author>
			<persName><forename type="first">L</forename><surname>Tan</surname></persName>
		</author>
		<author>
			<persName><forename type="first">K</forename><surname>Xiong</surname></persName>
		</author>
		<author>
			<persName><forename type="first">J</forename><surname>Lin</surname></persName>
		</author>
		<idno type="arXiv">arXiv:2002.01861</idno>
		<imprint>
			<date type="published" when="2020">2020</date>
		</imprint>
	</monogr>
	<note type="report_type">arXiv preprint</note>
	<note type="raw_reference">Zhang, R., Yang, W., Lin, L., Tu, Z., Xie, Y., Fu, Z., Xie, Y., Tan, L., Xiong, K., and Lin, J. (2020). Rapid adaptation of bert for information extrac- tion on domain-specific business documents. arXiv preprint arXiv:2002.01861.</note>
</biblStruct>

				</listBibl>
			</div>
		</back>
	</text>
</TEI>
