<?xml version="1.0" encoding="UTF-8"?>
<TEI xml:space="preserve" xmlns="http://www.tei-c.org/ns/1.0" 
xmlns:xsi="http://www.w3.org/2001/XMLSchema-instance" 
xsi:schemaLocation="http://www.tei-c.org/ns/1.0 https://raw.githubusercontent.com/kermitt2/grobid/master/grobid-home/schemas/xsd/Grobid.xsd"
 xmlns:xlink="http://www.w3.org/1999/xlink">
	<teiHeader xml:lang="en">
		<fileDesc>
			<titleStmt>
				<title level="a" type="main">Multi-task Learning for Paraphrase Generation With Keyword and Part-of-Speech Reconstruction</title>
			</titleStmt>
			<publicationStmt>
				<publisher/>
				<availability status="unknown"><licence/></availability>
			</publicationStmt>
			<sourceDesc>
				<biblStruct>
					<analytic>
						<author>
							<persName><forename type="first">Xuhang</forename><surname>Xie</surname></persName>
							<email>xhxie@stu</email>
							<affiliation key="aff0">
								<orgName type="department">School of Data Science and Engineering East</orgName>
								<orgName type="institution">China Normal University</orgName>
							</affiliation>
						</author>
						<author>
							<persName><forename type="first">Xuesong</forename><surname>Lu</surname></persName>
							<email>xslu@dase</email>
							<affiliation key="aff0">
								<orgName type="department">School of Data Science and Engineering East</orgName>
								<orgName type="institution">China Normal University</orgName>
							</affiliation>
							<affiliation key="aff0">
								<orgName type="department">School of Data Science and Engineering East</orgName>
								<orgName type="institution">China Normal University</orgName>
							</affiliation>
						</author>
						<author>
							<persName><forename type="first">Bei</forename><surname>Chen</surname></persName>
							<email>beichen@stu.ecnu.edu.cn</email>
							<affiliation key="aff0">
								<orgName type="department">School of Data Science and Engineering East</orgName>
								<orgName type="institution">China Normal University</orgName>
							</affiliation>
						</author>
						<title level="a" type="main">Multi-task Learning for Paraphrase Generation With Keyword and Part-of-Speech Reconstruction</title>
					</analytic>
					<monogr>
						<imprint>
							<date/>
						</imprint>
					</monogr>
					<idno type="MD5">7D0A2E4E2CCF38918D1B3F35D01A6ED9</idno>
				</biblStruct>
			</sourceDesc>
		</fileDesc>
		<encodingDesc>
			<appInfo>
				<application version="0.7.3-SNAPSHOT" ident="GROBID" when="2023-01-12T09:12+0000">
					<desc>GROBID - A machine learning software for extracting information from scholarly documents</desc>
					<ref target="https://github.com/kermitt2/grobid"/>
				</application>
			</appInfo>
		</encodingDesc>
		<profileDesc>
			<abstract>
<div xmlns="http://www.tei-c.org/ns/1.0"><p>Paraphrase generation using deep learning has been a research hotspot of natural language processing in the past few years. While previous studies tackle the problem from different aspects, the essence of paraphrase generation is to retain the key semantics of the source sentence and rewrite the rest of the content. Inspired by this observation, we propose a novel two-stage model, PGKPR, for paraphrase generation with keyword and partof-speech reconstruction. The rationale is to capture simultaneously the possible keywords of a source sentence and the relations between them to facilitate the rewriting. In the first stage, we identify the possible keywords using a prediction attribution technique, where the words obtaining higher attribution scores are more likely to be the keywords. In the second stage, we train a transformer-based model via multitask learning for paraphrase generation. The novel learning task is the reconstruction of the keywords and part-of-speech tags, respectively, from a perturbed sequence of the source sentence. The learned encodings are then decoded to generate the paraphrase. We conduct the experiments on two commonly-used datasets, and demonstrate the superior performance of PGKPR over comparative models on multiple evaluation metrics.</p></div>
			</abstract>
		</profileDesc>
	</teiHeader>
	<text xml:lang="en">
		<body>
<div xmlns="http://www.tei-c.org/ns/1.0"><head n="1">Introduction</head><p>The task of paraphrase generation is to rephrase a given sentence by preserving its key semantics. While the problem was solved using rulebased approaches <ref type="bibr" target="#b32">(McKeown, 1979;</ref><ref type="bibr" target="#b33">Meteer and Shaked, 1988)</ref> and traditional machine learning techniques <ref type="bibr">(Quirk et al., 2004;</ref><ref type="bibr" target="#b41">Wubben et al., 2010)</ref>, recent attentions have been shifted to devising effective deep neural networks <ref type="bibr" target="#b36">(Prakash et al., 2016;</ref><ref type="bibr" target="#b24">Gupta et al., 2018;</ref><ref type="bibr" target="#b29">Li et al., 2018)</ref>, which generally adopt the encoder-decoder framework. More recently, controllable paraphrase generation has been extensively investigated and offers the mechanisms to guide the generation process by providing a reference such as a syntactic template <ref type="bibr" target="#b26">(Iyyer et al., 2018;</ref><ref type="bibr" target="#b23">Goyal and Durrett, 2020;</ref><ref type="bibr" target="#b25">Huang and Chang, 2021)</ref>, a sentential exemplar <ref type="bibr" target="#b20">(Chen et al., 2019;</ref><ref type="bibr" target="#b38">Su et al., 2021)</ref>  Although the problem has been studied from different aspects, the fundamental goal of paraphrase generation is to preserve the key semantics of a source sentence and rewrite the rest of the content. Taking the paraphrase pair in Table <ref type="table">1</ref> as a running example, the key semantics are entailed by the words "good workouts", "lose belly fat" and "best way" in the source (SRC) and target (TGT) sentence, respectively. The rest of the content can be considered as auxiliary words that express the relations between the keywords. Inspired by the observation, we propose to enhance the representativeness of the encodings of a source sentence by learning simultaneously the possible keywords and the relations between them, before the encodings are fed into the decoder for text generation. To this end, we use a prediction attribution technique <ref type="bibr" target="#b27">(Li et al., 2016a)</ref> to identify the possible keywords and use the part-of-speech (POS) tags to label the rest of the words, which represent the relations between the keywords. Table <ref type="table">1</ref> shows the predicted keywords (in red) and the POS tags of the other words in the source sentence. Finally, the sentence generated (GNT) by our model successfully preserves both the semantics of the keywords using synonyms (in blue) and the relations between the keywords using the auxiliary words with similar POS tags. Specifically, we propose a novel two-stage model, PGKPR, for paraphrase generation with keyword and part-of-speech reconstruction. In the first stage (Section 3), we fine-tune a BERT model to identify the keywords in a source sentence. The identification is based on a prediction attribution technique <ref type="bibr" target="#b27">(Li et al., 2016a</ref>) that computes the gradient vector of each input word. We compute as the attribution score of each input word the L2norm of the corresponding gradient vector, where the words with higher scores are more likely to be the keywords. In the second stage(Section 4), we adopt Transformer <ref type="bibr" target="#b40">(Vaswani et al., 2017)</ref> and devise a multi-task learning model for paraphrase generation. Given a pair of paraphrase sentences, the learning tasks include 1) reconstructing the keywords and the POS tags of all words in the source sentence, 2) distinguishing the latent features of the pair from the features of non-paraphrase pairs, and 3) generating the paraphrase sentence. Finally, the objective function is the combination of the loss function in each learning task. In the experiments, we show that PGKPR outperforms the comparative models by a notable margin on both BLEU and ROUGE scores. The ablation study shows the effectiveness of each learning task, and the case study and user study show that PGKPR could produce paraphrases with higher quality.</p><p>A similar study was conducted by <ref type="bibr" target="#b38">(Su et al., 2021)</ref>, where they proposed a novel identification algorithm, PSI, to identify the primary and secondary content in a source sentence. Our work differs from theirs at least on the following three aspects. First, our strategy for keyword identification is purely data-driven, whereas the PSI algorithm uses a rule-based method and is sensitive to the similarity measurement used in the algorithm. Second, the PGKPR model is trained with multiple learning tasks, whereas the IANet model proposed in <ref type="bibr" target="#b38">(Su et al., 2021)</ref> only has the learning task of predicting the target sentence. Third, PGKPR determines the keywords in a source sentence with the probability transformed from the attribution scores, which gives the model a more flexible way to separate the keywords and the other content, whereas the IANet model deterministically separates the primary and secondary content using a manually-tuned threshold based on the PSI scores.</p></div>
<div xmlns="http://www.tei-c.org/ns/1.0"><head n="2">Related Work</head></div>
<div xmlns="http://www.tei-c.org/ns/1.0"><head n="2.1">Paraphrase Generation</head><p>Recent studies have extensively applied various deep learning techniques for paraphrase generation. Representative studies have devised stacked residual LSTM networks <ref type="bibr" target="#b36">(Prakash et al., 2016)</ref>, copy mechanisms <ref type="bibr" target="#b19">(Cao et al., 2017)</ref>, reinforcement learning algorithms <ref type="bibr" target="#b29">(Li et al., 2018)</ref>, and unsupervised training methods <ref type="bibr" target="#b37">(Roy and Grangier, 2019)</ref>, etc. While performing much better than rule-based methods, these models do not offer user-defined mechanisms to control the paraphrase generation process. As such, <ref type="bibr" target="#b26">(Iyyer et al., 2018)</ref> propose to generate paraphrases conditioned on a user-provided syntax template. <ref type="bibr" target="#b20">(Chen et al., 2019)</ref> propose to extract the syntax exemplar from a given sentence instead of using a syntax template. <ref type="bibr" target="#b23">(Goyal and Durrett, 2020)</ref> propose to perturb the preorder of the syntax structure of a source sentence for paraphrase generation. Two studies are related to our work. <ref type="bibr" target="#b38">(Su et al., 2021)</ref> propose a Primary/Secondary Identification algorithm to separate the primary and secondary content of a source sentence. <ref type="bibr" target="#b22">(Fu et al., 2019)</ref> propose to sample a latent bag of words from the encoder, which is an implicit way of extracting the keywords of a source sentence.</p></div>
<div xmlns="http://www.tei-c.org/ns/1.0"><head n="2.2">Prediction Attribution Techniques</head><p>Given a trained model, a prediction attribution technique calculates the attribution (i.e., contribution) of each input unit to a model prediction, which explains the faithfulness or reasoning process of the model <ref type="bibr" target="#b17">(Bastings and Filippova, 2020)</ref>. Representative techniques include gradient-based methods <ref type="bibr" target="#b16">(Baehrens et al., 2010;</ref><ref type="bibr" target="#b27">Li et al., 2016a;</ref><ref type="bibr" target="#b39">Sundararajan et al., 2017)</ref>, propagation-based methods <ref type="bibr" target="#b15">(Bach et al., 2015;</ref><ref type="bibr" target="#b14">Arras et al., 2017;</ref><ref type="bibr" target="#b18">Binder et al., 2016)</ref> and occlusion-based methods <ref type="bibr" target="#b43">(Zeiler and Fergus, 2014;</ref><ref type="bibr" target="#b28">Li et al., 2016b)</ref>. The method used in the current work is the first-derivative saliency (i.e., the gradient) <ref type="bibr" target="#b27">(Li et al., 2016a)</ref>, which belongs to the first category. Take NLP models for example, an input unit in NLP tasks is usually the embedding of a word. Given a model's output, the method computes the gradient vector of the output with respect to the input embedding, and takes the L2-norm of the gradient vector as the contribution of the input to the output.</p></div>
<div xmlns="http://www.tei-c.org/ns/1.0"><head n="3">Stage One: Keyword Prediction</head><p>In the first stage, we train a BERT model to predict the keywords in a source sentence. The prediction is based on an attribution technique that computes the gradients of the input elements <ref type="bibr" target="#b27">(Li et al., 2016a)</ref>. In particular, given a binary classification model f and an input sequence X = {x 1 , x 2 , . . . , x l }, where l is the number of input elements (i.e., the sequence length), the gradient vector</p><formula xml:id="formula_0">g i of x i (1 ≤ i ≤ l) is computed as, g i = ∇ x i f (X ),<label>(1)</label></formula><p>which represents how much the element x i is responsible for the prediction f (X ). In practice, one can compute the L2-norm of g i and normalize over all the L2-norms of the input sequence to obtain a score p i ∈ [0, 1], which represents the contribution (attribution) of x i to a positive prediction for X .</p><p>Based on the technique, we devise the following training task for keyword prediction. Denote by N the number of paraphrase pairs in the training set, and (s i , t i ) the source sentence and the target sentence of the i th pair, respectively, 1 ≤ i ≤ N . We first construct N positive data points (i.e., each data point corresponds to a paraphrase pair) where the i th data point consists of s i , the special token [SEP] and t i , sequentially, i.e., (s i , [SEP], t i ).</p><p>Because during inference the target sentence is unknown, we construct another N positive data points (s i , [SEP], s i ) for training. Then for each s i , we randomly select two different target sentences t i 1 and t i 2 , such that i 1 ̸ = i and i 2 ̸ = i, and form two negative data points (s i , [SEP], t i 1 ) and (s i , [SEP], t i 2 ). As such there are in total 2N positive and 2N negative data points. Then we finetune a BERT model using the 4N data points to predict whether each data point is a paraphrase pair. After fine-tuning, given a new data point consisting of a source sentence and its paraphrase (the source sentence itself during inference), we first compute the output in the forward pass, and then compute the attribution scores of all the input words in the backward pass. Since the attribution score reflect how much each word contributes to the paraphrase prediction, the words with higher scores are more likely to be the keywords that capture the common semantics of the two sentences. For keyword prediction, we just use the attribution scores of the words in the source sentence. Figure <ref type="figure" target="#fig_0">1</ref> shows the inference process for predicting the keywords of the source sentence in the running example. We observe the five words "good", "workouts", "lose", "belly" and "fat" are more likely to be the keywords. The model is trained simultaneously with three tasks: reconstruction of keywords and POS tags, contrastive learning for distinguishing paraphrase pairs from others, and paraphrase generation.</p></div>
<div xmlns="http://www.tei-c.org/ns/1.0"><head n="4.1">Task 1: Reconstruction of Keywords and POS Tags</head><p>Given a source sentence s i , the task is learning to reconstruct the keywords of s i and the POS tags of all the words, so that both the key semantics of s i and the relations between the keywords are captured in the latent feature. After obtaining the attribution scores of s i in the first stage, we consider each score as the probability that the corresponding word is a keyword. Then we flip a coin for each word with the probability and identify the final keywords of s i . In this way, we flexibly set the keywords in each sentence and avoid overfitting the training set to some extent. On the left part of Figure <ref type="figure" target="#fig_1">2</ref>, we observe that the five words in red are computed as the keywords based on the probabilities. Then we form an input token sequence T S s i as a two-part representation based on the perturbation to s i , which contains the POS-tag information of s i while also distinguishing the keywords from the non-keywords, as follows. The first part of T S s i is a perturbation of s i , where the keywords are preserved in the sequence and the non-keywords are replaced by their corresponding POS tags. The second part is another perturbation of s i in the other way round, where the non-keywords are preserved and the keywords are replaced by their corresponding POS tags. There is a special token [SEP] connecting the two parts. The idea is to use the first part to emphasize the keywords and their relations (via POS tags), and use the second part to emphasize the POS information of the keywords and the content information of non-keywords. The process to form T S s i for the running example is depicted in the left part of Figure <ref type="figure" target="#fig_1">2</ref>.</p><p>Then we feed T S s i into the Transformer's encoder. Essentially, we want to produce the encodings that preserve the POS and semantic feature of keywords, and only preserve the POS feature of non-keywords 1 of s i . We devise the following task to achieve the goal, which attempts to reconstruct the keywords and POS tags of s i . For each encoding in the first part of T S s i , we train it to predict the POS tag of the corresponding word in s i . As such the output encodings could learn the syntactic feature of s i and particularly the relations between the keywords. The encoding of the special token [SEP] learns to reconstruct itself, so that it still separates the output encodings into two groups with different emphasis. For each encoding in the second part of T S s i , if it corresponds to the POS tag of a keyword, we use it to reconstruct the keyword so that the encoding learns the semantic of the keyword; otherwise, it corresponds to a non-keyword and we use it to predict a special token [NOK] (representing "non-keyword"), which forces the encoding to downplay the semantic feature of the non-keyword and learn more the position feature. The task is depicted in the middle part of Figure <ref type="figure" target="#fig_1">2</ref>. Denote by y i j the target token of the j th token of T S s i and by p(y i j ) the predicted probability, the reconstruction loss function L i rec 1 The semantic feature of non-keywords is captured in the generation task.</p><p>for s i is computed using cross-entropy:</p><formula xml:id="formula_1">L i rec = − 1 2l s + 1 2ls+1 j=1 p(y i j ) log(p(y i j )),<label>(2)</label></formula><p>where l s and 2l s + 1 are the length of s i and T S s i .</p></div>
<div xmlns="http://www.tei-c.org/ns/1.0"><head n="4.2">Task 2: Contrastive Learning for Distinguishing Paraphrase Pairs from Others</head><p>Inspired by <ref type="bibr" target="#b42">(Yang et al., 2021;</ref><ref type="bibr" target="#b34">Pan et al., 2021)</ref>, we devise a contrastive learning task to distinguish the syntactic and semantic features of paraphrase pairs from non-paraphrase pairs, so that the learned encodings of a source sentence are more discriminative. The general principle of contrastive learning <ref type="bibr" target="#b21">(Chen et al., 2020)</ref> is to minimize the distances between the data point and the positive counterparts while maximizing the distances between the data point with the negative counterparts, in the latent space.</p><p>In our task, for each s i , we use the corresponding target sentence t i as the positive counterpart and use all other sentences in the same batch as the negative counterparts. We denote the negative counterparts by {neg i ∈ B|neg i ̸ ∈ {s i , t i }}, where B is a minibatch containing (s i , t i ). For each counterpart, we form an input token sequence by concatenating the original sentence, [SEP] and the POS tag sequence of the sentence. By doing this, we can not only make the input length of the counterparts conform with T S s i , but also keep both the syntactic and semantic information of the counterpart sentences. As such, the encoding of s i could learn more discriminative features pertaining to the keywords and their relations. The token sequences of t i and neg i are denoted by T S t i and T S neg i , respectively, as depicted in the middle part of Figure 2. We apply average pooling over the token encodings and obtain the encoded T S s i , T S t i and T S neg i . Note that we don't perform perturbation to the counterpart sentences because the average pooling layer would eliminate the effect of perturbation. Denote by e s i , e t i and e neg i the corresponding encodings, the contrastive loss function L i con for s i is computed as follows,</p><formula xml:id="formula_2">L i con = − log exp( es i •e t i τ</formula><p>) exp(</p><formula xml:id="formula_3">es i •e t i τ ) + neg i ̸ ∈{s i ,t i } neg i ∈B exp( es i •eneg i τ ) ,<label>(3)</label></formula><p>where • denotes the dot product and τ is the temperature parameter.</p></div>
<div xmlns="http://www.tei-c.org/ns/1.0"><head n="4.3">Task 3: Paraphrase Generation</head><p>The last learning task is to generate the paraphrase sentence on the decoder side, which is depicted on the right part of Figure <ref type="figure" target="#fig_1">2</ref>. All the token encodings output by the encoder participate into the computation of the encoder-decoder attention layer, so that the decoder can retrieve the information pertaining to both the key semantics of the source sentence via the encodings of the keywords and the relations between the keywords via the encodings of the POS tags. Denote by t i j the j th word in the target sentence t i , the generation loss function L i gen for s i is computed using the sum of negative log-likelihood as follows,</p><formula xml:id="formula_4">L i gen = − lt j=1 log p(t i j | s i , {t i 0 , t i 1 , . . . , t i j−1 }),<label>(4</label></formula><p>) where l t is the length of the target sentence.</p></div>
<div xmlns="http://www.tei-c.org/ns/1.0"><head n="4.4">The Objective Function</head><p>The final objective function of PGKPR is the linear combination of the loss functions in the three learning tasks, which is computed as follows,</p><formula xml:id="formula_5">L i = λ 1 L i rec + λ 2 L i con + L i gen ,<label>(5)</label></formula><p>where λ 1 and λ 2 are the two hyperparameters.</p></div>
<div xmlns="http://www.tei-c.org/ns/1.0"><head n="5">Performance Evaluation</head><p>We implement all the models using Pytorch 1.4 and run all experiments on a Centos machine installed with Tesla V100.</p></div>
<div xmlns="http://www.tei-c.org/ns/1.0"><head n="5.1">The DataSets and Evaluation Metrics</head><p>We conduct the experiments on two benchmark datasets for paraphrase generation, which are Quora<ref type="foot" target="#foot_0">2</ref> and MSCOCO <ref type="bibr" target="#b31">(Lin et al., 2014)</ref>. The Quora dataset contains duplicated questions raised by real users, in which each data point consists of a source question and a target question with the similar meaning. The MSCOCO dataset contains images and the corresponding captions annotated by humans. Since each image has five captions, we randomly choose one of them as the source sentence and use the other four as the targets. As such each image brings four pairs of paraphrases. Following <ref type="bibr" target="#b24">(Gupta et al., 2018;</ref><ref type="bibr" target="#b22">Fu et al., 2019)</ref>, we split the pre-processed datasets into the training and testing set. For the Quora dataset, there are 100K training paraphrase pairs and 20K testing pairs. The sentences are truncated or zero-padded to the same length 17 to facilitate batch training. For the MSCOCO dataset, there are 93K training pairs and 20K testing pairs. The sentence length is set to 16.</p><p>For the main results, we use the commonlyadopted metrics BLEU <ref type="bibr" target="#b35">(Papineni et al., 2002)</ref> and ROUGE <ref type="bibr" target="#b30">(Lin, 2004)</ref> to evaluate the models, as they are proved to correlate with human judgement well <ref type="bibr" target="#b29">(Li et al., 2018;</ref><ref type="bibr" target="#b22">Fu et al., 2019)</ref>. We report the metrics of 1-4 grams in BLEU, 1-2 grams in ROUGE and ROUGE-L.</p></div>
<div xmlns="http://www.tei-c.org/ns/1.0"><head n="5.2">The Comparative Models</head><p>Although paragraph generation draws lots of attention, few studies have tried to explicitly preserve the keywords as well as their relations in the source sentence. Among the existing studies, we identified two models that are closely related to ours.</p><p>The first model is IANet <ref type="bibr" target="#b38">(Su et al., 2021)</ref>, which proposes the Primary/Secondary Identification (PSI) algorithm to separate the primary and secondary content of a source sentence. We implemented the two variants mentioned in the paper<ref type="foot" target="#foot_1">3</ref> , IANet+X and IANet+S, which use the rule-based method and the pre-training method to identify the primary content. Both variants rely on a manuallydetermined threshold to separate the primary and secondary content.</p><p>The second model is LBOW <ref type="bibr" target="#b22">(Fu et al., 2019)</ref>, which samples a latent bag of words from the en- coder to assist the paraphrase generation. The words in the latent bag could be considered to have similar semantics with the keywords in the source sentence, and therefore the model is related to ours. We obtained the code released by the authors<ref type="foot" target="#foot_2">4</ref> and evaluate the two variants LBOW-Topk and LBOW-Gumbel. The former directly chooses the most k probable words from the encoder, and the latter samples randomly from the BOW distribution with gumbel reparameterization.</p><p>We include another two models as baselines. The first model is Residual-LSTM <ref type="bibr" target="#b36">(Prakash et al., 2016)</ref>, which is the very first study that applies deep learning to paraphrase generation. The second model is the original Transformer <ref type="bibr" target="#b40">(Vaswani et al., 2017)</ref>. We train it directly with the paraphrase pairs in the simple sequence-to-sequence manner.</p></div>
<div xmlns="http://www.tei-c.org/ns/1.0"><head n="5.3">The Hyperparameters</head><p>Both the encoder and decoder of PGKPR have 6 layers and each layer uses 8 attention heads. The embedding size is set to 512. When training, we set dropout rate to 0.1, learning rate to 0.0001, and use Adam for optimization. The batch size is set to 128. After tuning, we set λ 1 and λ 2 in the objective function to 1 and 0.1 for the Quora dataset, and set to 1 and 1 for the MSCOCO dataset, respectively.</p></div>
<div xmlns="http://www.tei-c.org/ns/1.0"><head n="5.4">Main Results</head><p>The main results are reported in Table <ref type="table" target="#tab_1">2</ref>. We observe that our PGKPR model outperforms all the comparative models by a notable margin on both datasets.</p><p>To further justify the effectiveness of PGKPR, we implemented two additional variants of the model. The first variant is PGKPR-ref, which uses the true paraphrase pairs to identify the keywords in the first stage during inference. Remember that in PGKPR we concatenate a source sentence with itself during inference, since the target sentence is unknown. However, the upper bound of the performance should be achieved when the target sentence is disclosed, i.e., using the true pair of a source sentence and a target sentence to predict the keywords. In Table <ref type="table" target="#tab_1">2</ref> we observe that PGKPR-ref does not always outperform PGKPR and the overall performance of PGKPR is very close to PGKPR-ref.</p><p>The reason is that we add the pairs of two source sentences in the training set (see the second paragraph of Section 3), so that PGKPR generalizes well at inference time when the target sentence is unknown.</p><p>The second variant is PGKPR-PSI, which uses the PSI algorithm in IANet to identify the keywords. Following <ref type="bibr" target="#b38">(Su et al., 2021)</ref>, we imple- mented PGKPR-PSI+X and PGKPR-PSI+S, which are the counterparts of IANet+X and IANet+S. In Table <ref type="table" target="#tab_1">2</ref> we observe two points. First, the PGKPR-PSI variants perform worse than the original PGKPR. Since the only difference between them is the mechanism for keyword identification, we may conclude that our model-based identification strategy is more suitable for extracting keywords from a source sentence. Second, the PGKPR-PSI variants perform better than the IANet counterparts on almost all metrics. Since both models use PSI to identify the keywords, the results show the effectiveness of multi-task learning in the PGKPR model.</p></div>
<div xmlns="http://www.tei-c.org/ns/1.0"><head n="5.5">Ablation Study</head><p>We conduct an ablation study to show the effect of the reconstruction loss and the contrastive loss in the multi-task learning. In particular, we remove from the original PGKPR model only the contrastive loss, only the reconstruction loss and both losses, respectively, which results in three ablation models PGKPR w/o L con , PGKPR w/o L rec and PGKPR w/o L con and L rec . The results are reported in Table <ref type="table" target="#tab_2">3</ref>. We observe a significant performance drop after removing the losses. Specifically, removing the reconstruction loss results in a larger performance drop than removing the contrastive loss. This justifies the motivation of the current study, i.e., capturing the key semantics and the relations between the keywords in the source sentence should benefit paraphrase generation.</p></div>
<div xmlns="http://www.tei-c.org/ns/1.0"><head n="5.6">Comparing with the PSI Algorithm</head><p>Only our PGKPR model and the IANet model <ref type="bibr" target="#b38">(Su et al., 2021)</ref> explicitly identify the keywords from a source sentence. While IANet uses a rule-based algorithm PSI to identify the keywords, PGKPR adopts the purely data-driven approach based on  a prediction attribution technique that computes the gradients. It is thus interesting to compare the keywords identified by the two methods.</p><p>To this end, we first extract the keywords from the dataset using the two methods, respectively, and then plot the frequency distribution of the POS tags pertaining to the keywords. For PSI, we set the threshold of the PSI score to separate the primary and secondary content when the IANet-S model achieves the best performance on the testing set. For PGKPR, the keywords are selected with the probabilities calculated from the L2-norms of their gradients (see the first paragraph of Section 4.1).  The results are shown in Figure <ref type="figure" target="#fig_3">3 and 4</ref>, which are the plots on Quora and MSCOCO, respectively. On the X-axis, we use five POS tags, namely, NN, JJ, PRP, RB and VB, which correspond to nouns, adjectives or numerals, pronouns, adverbs and verbs, respectively. It is of the common sense that the words of these POS tags preserve the key semantics of a sentence, and thus we refer to them as the key POS tags. The Y -axis shows the number of each POS tag extracted by the two methods. We observe that on both datasets our gradient-based method extracts more key POS tags than the PSI algorithm does. The results may explain why the original PGKPR model performs better than the PGKPR-PSI variants in Table <ref type="table" target="#tab_1">2</ref>.</p></div>
<div xmlns="http://www.tei-c.org/ns/1.0"><head n="5.7">Case Study</head><p>In Table <ref type="table" target="#tab_4">4</ref>, we show the generated paraphrases of the five models for two source sentences in the Quora and MSCOCO dataset, respectively. On the left part, we see PGKPR captures the keywords "good workouts" and "lose belly fat", and uses the synonyms "exercises" and "get rid of" in the paraphrase. Other models are generally good, but the paraphrases are not as accuracy and diverse as ours. The sentence produced by IANet+S fails to capture the keyword "belly". On the right part, PGKPR not only captures the key semantics of the source sentence, but also changes the syntax structure. All other models either fail to capture the key semantics or produce a paraphrase syntactically similar to the source sentence. The sentence produced by IANet+S simply repeats the source sentence.</p></div>
<div xmlns="http://www.tei-c.org/ns/1.0"><head n="5.8">User Study</head><p>We conduct a user study on the quality of the paraphrases generated by the compared models. For LBOW and IANet, we choose the variants with overall better performance in  LBOW-Topk and IANet+S. As such there are five models for this study. The evaluated metrics are Fluency, Accuracy, and Diversity. Fluency measures whether a sentence is grammatically correct. Accuracy measures whether the semantics of a generated sentence comply with that of the corresponding source sentence. Diversity measures whether a generated sentence differs from the corresponding source sentence in terms of syntax structure. We invite ten Master's students to rate the generated paraphrases. We randomly choose 100 source sentences from the testing sets (50 for Quora and 50 for MSCOCO) and generate the paraphrases for each sentence using the five models. We replicate three times each source sentence and its five paraphrases and obtain 1,500 pairs of paraphrases. We randomly assign the paraphrases to the 10 students, so that each student is assigned with 150 different pairs. We ask the students to rate each generated paraphrase on the three metrics on a scale between 0 to 2, where a higher score means better quality. Then we compute the average scores for each model and the statistical significance between PGKPR and other models. The results are reported in Table <ref type="table" target="#tab_6">5</ref>, where "Target" means the target sentence. We observe that PGKPR performs the best on the three metrics among the models and the difference between PGKPR and each model is statistically significant (p-value &lt; 0.05), verified using a 2-tailed Student's t-test. The results justify the effect of learning simultaneously the keywords and the relations between them and the design of the multiple learning tasks in PGKPR.</p></div>
<div xmlns="http://www.tei-c.org/ns/1.0"><head n="6">Conclusion</head><p>We propose a new model with multi-task learning for paraphrase generation. The motivation is to simultaneously capture the key semantics of a source sentence and the relations between the keywords. The proposed model, PGKPR, has two stages. In the first stage, PGKPR leverages a datadriven technique to identify the possible keywords in the source sentence. In the second stage, PGKPR adopts the Transformer model and devises three learning tasks, including 1) reconstructing the keywords and the POS tags of all words in the source sentence, 2) contrastive learning for distinguishing the latent features of the paraphrase pair from others, and 3) generating the paraphrase sentence. We conduct extensive experiments to show the superior performance of PGKPR over comparative models, as well as the effect of the keyword identification strategy and the multiple learning tasks. Our future research would focus on how to apply the model in the current study to controllable paraphrase generation and produce more diverse sentences.</p></div><figure xmlns="http://www.tei-c.org/ns/1.0" xml:id="fig_0"><head>Figure 1 :</head><label>1</label><figDesc>Figure 1: Stage One of PGKPR.</figDesc><graphic coords="3,313.23,119.65,204.10,88.43" type="bitmap" /></figure>
<figure xmlns="http://www.tei-c.org/ns/1.0" xml:id="fig_1"><head>Figure 2 :</head><label>2</label><figDesc>Figure 2: Stage Two of PGKPR: the Transformer-based model with three learning tasks for paraphrase generation.</figDesc><graphic coords="4,82.20,70.84,430.89,178.28" type="bitmap" /></figure>
<figure xmlns="http://www.tei-c.org/ns/1.0" xml:id="fig_2"><head>Figure 3 :</head><label>3</label><figDesc>Figure 3: The frequency distribution of the POS tags on Quora.</figDesc><graphic coords="7,324.57,246.40,181.42,119.74" type="bitmap" /></figure>
<figure xmlns="http://www.tei-c.org/ns/1.0" xml:id="fig_3"><head>Figure 4 :</head><label>4</label><figDesc>Figure 4: The frequency distribution of the POS tags on MSCOCO.</figDesc><graphic coords="7,324.57,416.76,181.42,119.74" type="bitmap" /></figure>
<figure xmlns="http://www.tei-c.org/ns/1.0" type="table" xml:id="tab_0"><head></head><label></label><figDesc>and so on.</figDesc><table><row><cell>SRC</cell><cell cols="3">what are good workouts to lose belly fat ?</cell></row><row><cell>POS</cell><cell>[WDT] [VBP]</cell><cell>[TO]</cell><cell>[.]</cell></row><row><cell>TGT</cell><cell cols="3">what is the best way to lose belly fat ?</cell></row><row><cell>POS</cell><cell>[WP] [VBZ] [DT]</cell><cell>[TO]</cell><cell>[.]</cell></row></table><note>GNTwhat are some good exercises to get rid of belly fat ?POS [WDT] [VBP] [DT] [TO] [.]Table1: A running example.</note></figure>
<figure xmlns="http://www.tei-c.org/ns/1.0" type="table" xml:id="tab_1"><head>Table 2 :</head><label>2</label><figDesc>The main results on Quora and MSCOCO. All the numbers are obtained from either implementing the corresponding models, if the source code is not available, or from running the source code released by the authors.</figDesc><table /></figure>
<figure xmlns="http://www.tei-c.org/ns/1.0" type="table" xml:id="tab_2"><head>Table 3 :</head><label>3</label><figDesc>Ablation Study.</figDesc><table /></figure>
<figure xmlns="http://www.tei-c.org/ns/1.0" type="table" xml:id="tab_4"><head>Table 4 :</head><label>4</label><figDesc>Case Study.</figDesc><table /></figure>
<figure xmlns="http://www.tei-c.org/ns/1.0" type="table" xml:id="tab_5"><head>Table 2 ,</head><label>2</label><figDesc>namely,</figDesc><table><row><cell>Models</cell><cell cols="3">Fluency Accuracy Diversity</cell></row><row><cell cols="2">Residual-LSTM 1.49</cell><cell>1.14</cell><cell>0.8</cell></row><row><cell>Transformer</cell><cell>1.7</cell><cell>1.33</cell><cell>1.11</cell></row><row><cell>LBOW-Topk</cell><cell>1.55</cell><cell>1.21</cell><cell>0.85</cell></row><row><cell>IANet+S</cell><cell>1.68</cell><cell>1.37</cell><cell>0.97</cell></row><row><cell>PGKPR</cell><cell>1.79</cell><cell>1.5</cell><cell>1.29</cell></row><row><cell>Target</cell><cell>1.85</cell><cell>1.59</cell><cell>1.47</cell></row></table></figure>
<figure xmlns="http://www.tei-c.org/ns/1.0" type="table" xml:id="tab_6"><head>Table 5 :</head><label>5</label><figDesc>The results of human evaluation. Statistical significance between PGKPR and others is computed with a 2-tailed Student's t-test; p-value &lt; 0.05.</figDesc><table /></figure>
			<note xmlns="http://www.tei-c.org/ns/1.0" place="foot" n="2" xml:id="foot_0">https://www.kaggle.com/c/ quora-question-pairs</note>
			<note xmlns="http://www.tei-c.org/ns/1.0" place="foot" n="3" xml:id="foot_1">The authors have not released the source code.</note>
			<note xmlns="http://www.tei-c.org/ns/1.0" place="foot" n="4" xml:id="foot_2">https://github.com/FranxYao/dgm_ latent_bow</note>
		</body>
		<back>

			<div type="acknowledgement">
<div xmlns="http://www.tei-c.org/ns/1.0"><head>Acknowledgement</head><p>This work is supported by the grant from the National Natural Science Foundation of China (Grant No. 61977026).</p></div>
			</div>

			<div type="references">

				<listBibl>

<biblStruct xml:id="b0">
	<monogr>
		<title/>
		<author>
			<persName><surname>Prakash</surname></persName>
		</author>
		<idno>55.06 40.73 31.41 25.06 56.92 32.70 54.37</idno>
		<editor>Quora Models B-1 B-2 B-3 B-4 R-1 R-2 R-L Residual-LSTM</editor>
		<imprint>
			<date type="published" when="2016">2016</date>
		</imprint>
	</monogr>
	<note type="raw_reference">Quora Models B-1 B-2 B-3 B-4 R-1 R-2 R-L Residual-LSTM (Prakash et al., 2016) 55.06 40.73 31.41 25.06 56.92 32.70 54.37</note>
</biblStruct>

<biblStruct xml:id="b1">
	<monogr>
		<title/>
		<author>
			<persName><forename type="first">(</forename><surname>Transformer</surname></persName>
		</author>
		<author>
			<persName><surname>Vaswani</surname></persName>
		</author>
		<idno>57.26 43.44 34.20 27.79 58.89 34.92 56.16</idno>
		<imprint>
			<date type="published" when="2017">2017</date>
		</imprint>
	</monogr>
	<note type="raw_reference">Transformer (Vaswani et al., 2017) 57.26 43.44 34.20 27.79 58.89 34.92 56.16</note>
</biblStruct>

<biblStruct xml:id="b2">
	<monogr>
		<title/>
		<author>
			<persName><forename type="first">Lbow-Topk (</forename><surname>Fu</surname></persName>
		</author>
		<idno>55.94 42.02 32.64 26.10 58.60 34.33 56.17</idno>
		<imprint>
			<date type="published" when="2019">2019</date>
		</imprint>
	</monogr>
	<note type="raw_reference">LBOW-Topk (Fu et al., 2019) 55.94 42.02 32.64 26.10 58.60 34.33 56.17</note>
</biblStruct>

<biblStruct xml:id="b3">
	<monogr>
		<title/>
		<author>
			<persName><forename type="first">Lbow-Gumbel (</forename><surname>Fu</surname></persName>
		</author>
		<idno>55.82 41.82 32.48 25.96 58.09 33.88 55.59</idno>
		<imprint>
			<date type="published" when="2019">2019</date>
		</imprint>
	</monogr>
	<note type="raw_reference">LBOW-gumbel (Fu et al., 2019) 55.82 41.82 32.48 25.96 58.09 33.88 55.59</note>
</biblStruct>

<biblStruct xml:id="b4">
	<monogr>
		<title/>
		<author>
			<persName><forename type="first">(</forename><surname>Ianet+x</surname></persName>
		</author>
		<author>
			<persName><surname>Su</surname></persName>
		</author>
		<idno>57.69 43.78 34.30 27.70 59.00 35.15 56.43</idno>
		<imprint>
			<date type="published" when="2021">2021</date>
		</imprint>
	</monogr>
	<note type="raw_reference">IANet+X (Su et al., 2021) 57.69 43.78 34.30 27.70 59.00 35.15 56.43</note>
</biblStruct>

<biblStruct xml:id="b5">
	<monogr>
		<title/>
		<author>
			<persName><forename type="first">(</forename><surname>Ianet+s</surname></persName>
		</author>
		<author>
			<persName><surname>Su</surname></persName>
		</author>
		<idno>57.72 43.74 34.24 27.65 59.03 35.10 56.41</idno>
		<imprint>
			<date type="published" when="2021">2021</date>
		</imprint>
	</monogr>
	<note type="raw_reference">IANet+S (Su et al., 2021) 57.72 43.74 34.24 27.65 59.03 35.10 56.41</note>
</biblStruct>

<biblStruct xml:id="b6">
	<monogr>
		<title level="m" type="main">MSCOCO Models B-1 B-2 B-3 B-4 R-1 R-2 R-L Residual-LSTM</title>
		<author>
			<persName><surname>Prakash</surname></persName>
		</author>
		<idno>71.67 49.88 34.57 24.50 41.85 15.74 37.76</idno>
		<imprint>
			<date type="published" when="2016">2016</date>
		</imprint>
	</monogr>
	<note type="raw_reference">PGKPR-PSI+S 58.46 44.22 34.77 28.27 59.44 35.09 56.39 MSCOCO Models B-1 B-2 B-3 B-4 R-1 R-2 R-L Residual-LSTM (Prakash et al., 2016) 71.67 49.88 34.57 24.50 41.85 15.74 37.76</note>
</biblStruct>

<biblStruct xml:id="b7">
	<monogr>
		<title/>
		<author>
			<persName><forename type="first">(</forename><surname>Transformer</surname></persName>
		</author>
		<author>
			<persName><surname>Vaswani</surname></persName>
		</author>
		<idno>71.41 50.86 35.42 25.14 41.60 15.52 37.46</idno>
		<imprint>
			<date type="published" when="2017">2017</date>
		</imprint>
	</monogr>
	<note type="raw_reference">Transformer (Vaswani et al., 2017) 71.41 50.86 35.42 25.14 41.60 15.52 37.46</note>
</biblStruct>

<biblStruct xml:id="b8">
	<monogr>
		<title/>
		<author>
			<persName><forename type="first">Lbow-Topk (</forename><surname>Fu</surname></persName>
		</author>
		<idno>72.62 51.00 35.53 25.30 42.16 16.09 38.20</idno>
		<imprint>
			<date type="published" when="2019">2019</date>
		</imprint>
	</monogr>
	<note type="raw_reference">LBOW-Topk (Fu et al., 2019) 72.62 51.00 35.53 25.30 42.16 16.09 38.20</note>
</biblStruct>

<biblStruct xml:id="b9">
	<monogr>
		<title/>
		<author>
			<persName><forename type="first">Lbow-Gumbel (</forename><surname>Fu</surname></persName>
		</author>
		<idno>72.41 51.85 35.51 25.16 42.20 16.05 38.15</idno>
		<imprint>
			<date type="published" when="2019">2019</date>
		</imprint>
	</monogr>
	<note type="raw_reference">LBOW-gumbel (Fu et al., 2019) 72.41 51.85 35.51 25.16 42.20 16.05 38.15</note>
</biblStruct>

<biblStruct xml:id="b10">
	<monogr>
		<title/>
		<author>
			<persName><forename type="first">(</forename><surname>Ianet+x</surname></persName>
		</author>
		<author>
			<persName><surname>Su</surname></persName>
		</author>
		<idno>70.43 49.50 34.09 23.95 40.76 14.80 36.78</idno>
		<imprint>
			<date type="published" when="2021">2021</date>
		</imprint>
	</monogr>
	<note type="raw_reference">IANet+X (Su et al., 2021) 70.43 49.50 34.09 23.95 40.76 14.80 36.78</note>
</biblStruct>

<biblStruct xml:id="b11">
	<monogr>
		<title/>
		<author>
			<persName><forename type="first">(</forename><surname>Ianet+s</surname></persName>
		</author>
		<author>
			<persName><surname>Su</surname></persName>
		</author>
		<idno>50.93 35.29 24.80 41.37 15.36 37.40</idno>
		<imprint>
			<date type="published" when="2021">2021</date>
			<biblScope unit="volume">46</biblScope>
			<biblScope unit="page">71</biblScope>
		</imprint>
	</monogr>
	<note type="raw_reference">IANet+S (Su et al., 2021) 71.46 50.93 35.29 24.80 41.37 15.36 37.40</note>
</biblStruct>

<biblStruct xml:id="b12">
	<monogr>
		<title level="m" type="main">Quora Models B-1 B-2 B-3 B-4 R-1 R-2 R-L</title>
		<idno>PGKPR 58.89 45.08 35.69 29.23 60.94 36.69 58.16</idno>
		<imprint/>
	</monogr>
	<note type="raw_reference">Quora Models B-1 B-2 B-3 B-4 R-1 R-2 R-L PGKPR 58.89 45.08 35.69 29.23 60.94 36.69 58.16</note>
</biblStruct>

<biblStruct xml:id="b13">
	<monogr>
		<title level="m" type="main">MSCOCO Models B-1 B-2 B-3 B-4 R-1 R-2 R-L</title>
		<idno>PGKPR 72.67 52.55 37.22 26.70 42.49 16.31 38.25</idno>
		<imprint/>
	</monogr>
	<note type="raw_reference">PGKPR w/o Lcon and Lrec 58.1 43.89 34.42 27.91 58.90 35.35 56.84 MSCOCO Models B-1 B-2 B-3 B-4 R-1 R-2 R-L PGKPR 72.67 52.55 37.22 26.70 42.49 16.31 38.25</note>
</biblStruct>

<biblStruct xml:id="b14">
	<analytic>
		<title level="a" type="main">Explaining recurrent neural network predictions in sentiment analysis</title>
		<author>
			<persName><forename type="first">Leila</forename><surname>References</surname></persName>
		</author>
		<author>
			<persName><forename type="first">Grégoire</forename><surname>Arras</surname></persName>
		</author>
		<author>
			<persName><forename type="first">Klaus-Robert</forename><surname>Montavon</surname></persName>
		</author>
		<author>
			<persName><forename type="first">Wojciech</forename><surname>Müller</surname></persName>
		</author>
		<author>
			<persName><surname>Samek</surname></persName>
		</author>
	</analytic>
	<monogr>
		<title level="m">Proceedings of the 8th Workshop on Computational Approaches to Subjectivity, Sentiment and Social Media Analysis</title>
				<meeting>the 8th Workshop on Computational Approaches to Subjectivity, Sentiment and Social Media Analysis</meeting>
		<imprint>
			<date type="published" when="2017">2017</date>
			<biblScope unit="page" from="159" to="168" />
		</imprint>
	</monogr>
	<note type="raw_reference">References Leila Arras, Grégoire Montavon, Klaus-Robert Müller, and Wojciech Samek. 2017. Explaining recurrent neural network predictions in sentiment analysis. In Proceedings of the 8th Workshop on Computational Approaches to Subjectivity, Sentiment and Social Me- dia Analysis, pages 159-168.</note>
</biblStruct>

<biblStruct xml:id="b15">
	<analytic>
		<title level="a" type="main">On pixel-wise explanations for non-linear classifier decisions by layer-wise relevance propagation</title>
		<author>
			<persName><surname>Bach</surname></persName>
		</author>
		<author>
			<persName><surname>Binder</surname></persName>
		</author>
		<author>
			<persName><surname>Montavon</surname></persName>
		</author>
		<author>
			<persName><surname>Klauschen</surname></persName>
		</author>
		<author>
			<persName><surname>Müller</surname></persName>
		</author>
		<author>
			<persName><surname>Samek</surname></persName>
		</author>
	</analytic>
	<monogr>
		<title level="j">PLoS ONE</title>
		<imprint>
			<biblScope unit="volume">10</biblScope>
			<biblScope unit="issue">7</biblScope>
			<biblScope unit="page">e0130140</biblScope>
			<date type="published" when="2015">2015</date>
		</imprint>
	</monogr>
	<note type="raw_reference">S Bach, A Binder, G Montavon, F Klauschen, KR Müller, and W Samek. 2015. On pixel-wise explanations for non-linear classifier decisions by layer-wise relevance propagation. PLoS ONE, 10(7):e0130140.</note>
</biblStruct>

<biblStruct xml:id="b16">
	<analytic>
		<title level="a" type="main">How to explain individual classification decisions</title>
		<author>
			<persName><forename type="first">David</forename><surname>Baehrens</surname></persName>
		</author>
		<author>
			<persName><forename type="first">Timon</forename><surname>Schroeter</surname></persName>
		</author>
		<author>
			<persName><forename type="first">Stefan</forename><surname>Harmeling</surname></persName>
		</author>
		<author>
			<persName><forename type="first">Motoaki</forename><surname>Kawanabe</surname></persName>
		</author>
		<author>
			<persName><forename type="first">Katja</forename><surname>Hansen</surname></persName>
		</author>
		<author>
			<persName><forename type="first">Klaus-Robert</forename><surname>Müller</surname></persName>
		</author>
	</analytic>
	<monogr>
		<title level="j">The Journal of Machine Learning Research</title>
		<imprint>
			<biblScope unit="volume">11</biblScope>
			<biblScope unit="page" from="1803" to="1831" />
			<date type="published" when="2010">2010</date>
		</imprint>
	</monogr>
	<note type="raw_reference">David Baehrens, Timon Schroeter, Stefan Harmeling, Motoaki Kawanabe, Katja Hansen, and Klaus-Robert Müller. 2010. How to explain individual classifica- tion decisions. The Journal of Machine Learning Research, 11:1803-1831.</note>
</biblStruct>

<biblStruct xml:id="b17">
	<analytic>
		<title level="a" type="main">The elephant in the interpretability room: Why use attention as explanation when we have saliency methods?</title>
		<author>
			<persName><forename type="first">Jasmijn</forename><surname>Bastings</surname></persName>
		</author>
		<author>
			<persName><forename type="first">Katja</forename><surname>Filippova</surname></persName>
		</author>
	</analytic>
	<monogr>
		<title level="m">Proceedings of the Third BlackboxNLP Workshop on Analyzing and Interpreting Neural Networks for NLP</title>
				<meeting>the Third BlackboxNLP Workshop on Analyzing and Interpreting Neural Networks for NLP</meeting>
		<imprint>
			<date type="published" when="2020">2020</date>
			<biblScope unit="page" from="149" to="155" />
		</imprint>
	</monogr>
	<note type="raw_reference">Jasmijn Bastings and Katja Filippova. 2020. The ele- phant in the interpretability room: Why use attention as explanation when we have saliency methods? In Proceedings of the Third BlackboxNLP Workshop on Analyzing and Interpreting Neural Networks for NLP, pages 149-155.</note>
</biblStruct>

<biblStruct xml:id="b18">
	<analytic>
		<title level="a" type="main">Layer-wise relevance propagation for neural networks with local renormalization layers</title>
		<author>
			<persName><forename type="first">Alexander</forename><surname>Binder</surname></persName>
		</author>
		<author>
			<persName><forename type="first">Grégoire</forename><surname>Montavon</surname></persName>
		</author>
		<author>
			<persName><forename type="first">Sebastian</forename><surname>Lapuschkin</surname></persName>
		</author>
		<author>
			<persName><forename type="first">Klaus-Robert</forename><surname>Müller</surname></persName>
		</author>
		<author>
			<persName><forename type="first">Wojciech</forename><surname>Samek</surname></persName>
		</author>
	</analytic>
	<monogr>
		<title level="m">International Conference on Artificial Neural Networks</title>
				<imprint>
			<publisher>Springer</publisher>
			<date type="published" when="2016">2016</date>
			<biblScope unit="page" from="63" to="71" />
		</imprint>
	</monogr>
	<note type="raw_reference">Alexander Binder, Grégoire Montavon, Sebastian La- puschkin, Klaus-Robert Müller, and Wojciech Samek. 2016. Layer-wise relevance propagation for neural networks with local renormalization layers. In Inter- national Conference on Artificial Neural Networks, pages 63-71. Springer.</note>
</biblStruct>

<biblStruct xml:id="b19">
	<analytic>
		<title level="a" type="main">Joint copying and restricted generation for paraphrase</title>
		<author>
			<persName><forename type="first">Ziqiang</forename><surname>Cao</surname></persName>
		</author>
		<author>
			<persName><forename type="first">Chuwei</forename><surname>Luo</surname></persName>
		</author>
		<author>
			<persName><forename type="first">Wenjie</forename><surname>Li</surname></persName>
		</author>
		<author>
			<persName><forename type="first">Sujian</forename><surname>Li</surname></persName>
		</author>
	</analytic>
	<monogr>
		<title level="m">Proceedings of the AAAI Conference on Artificial Intelligence</title>
				<meeting>the AAAI Conference on Artificial Intelligence</meeting>
		<imprint>
			<date type="published" when="2017">2017</date>
			<biblScope unit="volume">31</biblScope>
		</imprint>
	</monogr>
	<note type="raw_reference">Ziqiang Cao, Chuwei Luo, Wenjie Li, and Sujian Li. 2017. Joint copying and restricted generation for paraphrase. In Proceedings of the AAAI Conference on Artificial Intelligence, volume 31.</note>
</biblStruct>

<biblStruct xml:id="b20">
	<analytic>
		<title level="a" type="main">Controllable paraphrase generation with a syntactic exemplar</title>
		<author>
			<persName><forename type="first">Mingda</forename><surname>Chen</surname></persName>
		</author>
		<author>
			<persName><forename type="first">Qingming</forename><surname>Tang</surname></persName>
		</author>
		<author>
			<persName><forename type="first">Sam</forename><surname>Wiseman</surname></persName>
		</author>
		<author>
			<persName><forename type="first">Kevin</forename><surname>Gimpel</surname></persName>
		</author>
	</analytic>
	<monogr>
		<title level="m">Proceedings of the 57th Annual Meeting of the Association for Computational Linguistics</title>
				<meeting>the 57th Annual Meeting of the Association for Computational Linguistics</meeting>
		<imprint>
			<date type="published" when="2019">2019</date>
			<biblScope unit="page" from="5972" to="5984" />
		</imprint>
	</monogr>
	<note type="raw_reference">Mingda Chen, Qingming Tang, Sam Wiseman, and Kevin Gimpel. 2019. Controllable paraphrase gen- eration with a syntactic exemplar. In Proceedings of the 57th Annual Meeting of the Association for Computational Linguistics, pages 5972-5984.</note>
</biblStruct>

<biblStruct xml:id="b21">
	<analytic>
		<title level="a" type="main">A simple framework for contrastive learning of visual representations</title>
		<author>
			<persName><forename type="first">Ting</forename><surname>Chen</surname></persName>
		</author>
		<author>
			<persName><forename type="first">Simon</forename><surname>Kornblith</surname></persName>
		</author>
		<author>
			<persName><forename type="first">Mohammad</forename><surname>Norouzi</surname></persName>
		</author>
		<author>
			<persName><forename type="first">Geoffrey</forename><surname>Hinton</surname></persName>
		</author>
	</analytic>
	<monogr>
		<title level="m">International conference on machine learning</title>
				<imprint>
			<publisher>PMLR</publisher>
			<date type="published" when="2020">2020</date>
			<biblScope unit="page" from="1597" to="1607" />
		</imprint>
	</monogr>
	<note type="raw_reference">Ting Chen, Simon Kornblith, Mohammad Norouzi, and Geoffrey Hinton. 2020. A simple framework for contrastive learning of visual representations. In In- ternational conference on machine learning, pages 1597-1607. PMLR.</note>
</biblStruct>

<biblStruct xml:id="b22">
	<analytic>
		<title level="a" type="main">Paraphrase generation with latent bag of words</title>
		<author>
			<persName><forename type="first">Yao</forename><surname>Fu</surname></persName>
		</author>
		<author>
			<persName><forename type="first">Yansong</forename><surname>Feng</surname></persName>
		</author>
		<author>
			<persName><forename type="first">John</forename><forename type="middle">P</forename><surname>Cunningham</surname></persName>
		</author>
	</analytic>
	<monogr>
		<title level="m">Advances in Neural Information Processing Systems</title>
				<imprint>
			<date type="published" when="2019">2019</date>
			<biblScope unit="volume">32</biblScope>
			<biblScope unit="page" from="13645" to="13656" />
		</imprint>
	</monogr>
	<note type="raw_reference">Yao Fu, Yansong Feng, and John P Cunningham. 2019. Paraphrase generation with latent bag of words. Ad- vances in Neural Information Processing Systems, 32:13645-13656.</note>
</biblStruct>

<biblStruct xml:id="b23">
	<analytic>
		<title level="a" type="main">Neural syntactic preordering for controlled paraphrase generation</title>
		<author>
			<persName><forename type="first">Tanya</forename><surname>Goyal</surname></persName>
		</author>
		<author>
			<persName><forename type="first">Greg</forename><surname>Durrett</surname></persName>
		</author>
	</analytic>
	<monogr>
		<title level="m">Proceedings of the 58th Annual Meeting of the Association for Computational Linguistics</title>
				<meeting>the 58th Annual Meeting of the Association for Computational Linguistics</meeting>
		<imprint>
			<date type="published" when="2020">2020</date>
			<biblScope unit="page" from="238" to="252" />
		</imprint>
	</monogr>
	<note type="raw_reference">Tanya Goyal and Greg Durrett. 2020. Neural syntactic preordering for controlled paraphrase generation. In Proceedings of the 58th Annual Meeting of the Associ- ation for Computational Linguistics, pages 238-252.</note>
</biblStruct>

<biblStruct xml:id="b24">
	<analytic>
		<title level="a" type="main">A deep generative framework for paraphrase generation</title>
		<author>
			<persName><forename type="first">Ankush</forename><surname>Gupta</surname></persName>
		</author>
		<author>
			<persName><forename type="first">Arvind</forename><surname>Agarwal</surname></persName>
		</author>
		<author>
			<persName><forename type="first">Prawaan</forename><surname>Singh</surname></persName>
		</author>
		<author>
			<persName><forename type="first">Piyush</forename><surname>Rai</surname></persName>
		</author>
	</analytic>
	<monogr>
		<title level="m">Proceedings of the AAAI Conference on Artificial Intelligence</title>
				<meeting>the AAAI Conference on Artificial Intelligence</meeting>
		<imprint>
			<date type="published" when="2018">2018</date>
			<biblScope unit="volume">32</biblScope>
		</imprint>
	</monogr>
	<note type="raw_reference">Ankush Gupta, Arvind Agarwal, Prawaan Singh, and Piyush Rai. 2018. A deep generative framework for paraphrase generation. In Proceedings of the AAAI Conference on Artificial Intelligence, volume 32.</note>
</biblStruct>

<biblStruct xml:id="b25">
	<analytic>
		<title level="a" type="main">Generating syntactically controlled paraphrases without using annotated parallel pairs</title>
		<author>
			<persName><forename type="first">Kuan-Hao</forename><surname>Huang</surname></persName>
		</author>
		<author>
			<persName><forename type="first">Kai-Wei</forename><surname>Chang</surname></persName>
		</author>
	</analytic>
	<monogr>
		<title level="m">Proceedings of the 16th Conference of the European Chapter of the Association for Computational Linguistics: Main Volume</title>
				<meeting>the 16th Conference of the European Chapter of the Association for Computational Linguistics: Main Volume</meeting>
		<imprint>
			<date type="published" when="2021">2021</date>
			<biblScope unit="page" from="1022" to="1033" />
		</imprint>
	</monogr>
	<note type="raw_reference">Kuan-Hao Huang and Kai-Wei Chang. 2021. Gener- ating syntactically controlled paraphrases without using annotated parallel pairs. In Proceedings of the 16th Conference of the European Chapter of the Asso- ciation for Computational Linguistics: Main Volume, pages 1022-1033.</note>
</biblStruct>

<biblStruct xml:id="b26">
	<analytic>
		<title level="a" type="main">Adversarial example generation with syntactically controlled paraphrase networks</title>
		<author>
			<persName><forename type="first">Mohit</forename><surname>Iyyer</surname></persName>
		</author>
		<author>
			<persName><forename type="first">John</forename><surname>Wieting</surname></persName>
		</author>
		<author>
			<persName><forename type="first">Kevin</forename><surname>Gimpel</surname></persName>
		</author>
		<author>
			<persName><forename type="first">Luke</forename><surname>Zettlemoyer</surname></persName>
		</author>
	</analytic>
	<monogr>
		<title level="m">Proceedings of the 2018 Conference of the North American Chapter of the Association for Computational Linguistics: Human Language Technologies</title>
		<title level="s">Long Papers</title>
		<meeting>the 2018 Conference of the North American Chapter of the Association for Computational Linguistics: Human Language Technologies</meeting>
		<imprint>
			<date type="published" when="2018">2018</date>
			<biblScope unit="volume">1</biblScope>
			<biblScope unit="page" from="1875" to="1885" />
		</imprint>
	</monogr>
	<note type="raw_reference">Mohit Iyyer, John Wieting, Kevin Gimpel, and Luke Zettlemoyer. 2018. Adversarial example generation with syntactically controlled paraphrase networks. In Proceedings of the 2018 Conference of the North American Chapter of the Association for Computa- tional Linguistics: Human Language Technologies, Volume 1 (Long Papers), pages 1875-1885.</note>
</biblStruct>

<biblStruct xml:id="b27">
	<analytic>
		<title level="a" type="main">Visualizing and understanding neural models in nlp</title>
		<author>
			<persName><forename type="first">Jiwei</forename><surname>Li</surname></persName>
		</author>
		<author>
			<persName><forename type="first">Xinlei</forename><surname>Chen</surname></persName>
		</author>
		<author>
			<persName><forename type="first">Eduard</forename><surname>Hovy</surname></persName>
		</author>
		<author>
			<persName><forename type="first">Dan</forename><surname>Jurafsky</surname></persName>
		</author>
	</analytic>
	<monogr>
		<title level="m">Proceedings of the 2016 Conference of the North American Chapter</title>
				<meeting>the 2016 Conference of the North American Chapter</meeting>
		<imprint>
			<publisher>Human Language Technologies</publisher>
			<date type="published" when="2016">2016a</date>
			<biblScope unit="page" from="681" to="691" />
		</imprint>
	</monogr>
	<note type="raw_reference">Jiwei Li, Xinlei Chen, Eduard Hovy, and Dan Jurafsky. 2016a. Visualizing and understanding neural mod- els in nlp. In Proceedings of the 2016 Conference of the North American Chapter of the Association for Computational Linguistics: Human Language Technologies, pages 681-691.</note>
</biblStruct>

<biblStruct xml:id="b28">
	<monogr>
		<author>
			<persName><forename type="first">Jiwei</forename><surname>Li</surname></persName>
		</author>
		<author>
			<persName><forename type="first">Will</forename><surname>Monroe</surname></persName>
		</author>
		<author>
			<persName><forename type="first">Dan</forename><surname>Jurafsky</surname></persName>
		</author>
		<idno type="arXiv">arXiv:1612.08220</idno>
		<title level="m">Understanding neural networks through representation erasure</title>
				<imprint>
			<date type="published" when="2016">2016b</date>
		</imprint>
	</monogr>
	<note type="report_type">arXiv preprint</note>
	<note type="raw_reference">Jiwei Li, Will Monroe, and Dan Jurafsky. 2016b. Un- derstanding neural networks through representation erasure. arXiv preprint arXiv:1612.08220.</note>
</biblStruct>

<biblStruct xml:id="b29">
	<analytic>
		<title level="a" type="main">Paraphrase generation with deep reinforcement learning</title>
		<author>
			<persName><forename type="first">Zichao</forename><surname>Li</surname></persName>
		</author>
		<author>
			<persName><forename type="first">Xin</forename><surname>Jiang</surname></persName>
		</author>
		<author>
			<persName><forename type="first">Lifeng</forename><surname>Shang</surname></persName>
		</author>
		<author>
			<persName><forename type="first">Hang</forename><surname>Li</surname></persName>
		</author>
	</analytic>
	<monogr>
		<title level="m">Proceedings of the 2018 Conference on Empirical Methods in Natural Language Processing</title>
				<meeting>the 2018 Conference on Empirical Methods in Natural Language Processing</meeting>
		<imprint>
			<date type="published" when="2018">2018</date>
			<biblScope unit="page" from="3865" to="3878" />
		</imprint>
	</monogr>
	<note type="raw_reference">Zichao Li, Xin Jiang, Lifeng Shang, and Hang Li. 2018. Paraphrase generation with deep reinforcement learn- ing. In Proceedings of the 2018 Conference on Em- pirical Methods in Natural Language Processing, pages 3865-3878.</note>
</biblStruct>

<biblStruct xml:id="b30">
	<analytic>
		<title level="a" type="main">Rouge: A package for automatic evaluation of summaries</title>
		<author>
			<persName><forename type="first">Chin-Yew</forename><surname>Lin</surname></persName>
		</author>
	</analytic>
	<monogr>
		<title level="m">Text summarization branches out</title>
				<imprint>
			<date type="published" when="2004">2004</date>
			<biblScope unit="page" from="74" to="81" />
		</imprint>
	</monogr>
	<note type="raw_reference">Chin-Yew Lin. 2004. Rouge: A package for automatic evaluation of summaries. In Text summarization branches out, pages 74-81.</note>
</biblStruct>

<biblStruct xml:id="b31">
	<analytic>
		<title level="a" type="main">Microsoft coco: Common objects in context</title>
		<author>
			<persName><forename type="first">Tsung-Yi</forename><surname>Lin</surname></persName>
		</author>
		<author>
			<persName><forename type="first">Michael</forename><surname>Maire</surname></persName>
		</author>
		<author>
			<persName><forename type="first">Serge</forename><surname>Belongie</surname></persName>
		</author>
		<author>
			<persName><forename type="first">James</forename><surname>Hays</surname></persName>
		</author>
		<author>
			<persName><forename type="first">Pietro</forename><surname>Perona</surname></persName>
		</author>
		<author>
			<persName><forename type="first">Deva</forename><surname>Ramanan</surname></persName>
		</author>
		<author>
			<persName><forename type="first">Piotr</forename><surname>Dollár</surname></persName>
		</author>
		<author>
			<persName><forename type="first">Lawrence</forename><surname>Zitnick</surname></persName>
		</author>
	</analytic>
	<monogr>
		<title level="m">European conference on computer vision</title>
				<imprint>
			<publisher>Springer</publisher>
			<date type="published" when="2014">2014</date>
			<biblScope unit="page" from="740" to="755" />
		</imprint>
	</monogr>
	<note type="raw_reference">Tsung-Yi Lin, Michael Maire, Serge Belongie, James Hays, Pietro Perona, Deva Ramanan, Piotr Dollár, and C Lawrence Zitnick. 2014. Microsoft coco: Common objects in context. In European confer- ence on computer vision, pages 740-755. Springer.</note>
</biblStruct>

<biblStruct xml:id="b32">
	<analytic>
		<title level="a" type="main">Paraphrasing using given and new information in a question-answer system</title>
		<author>
			<persName><forename type="first">Kathleen</forename><surname>Mckeown</surname></persName>
		</author>
	</analytic>
	<monogr>
		<title level="m">17th Annual Meeting of the Association for Computational Linguistics</title>
				<imprint>
			<date type="published" when="1979">1979</date>
			<biblScope unit="page" from="67" to="72" />
		</imprint>
	</monogr>
	<note type="raw_reference">Kathleen McKeown. 1979. Paraphrasing using given and new information in a question-answer system. In 17th Annual Meeting of the Association for Compu- tational Linguistics, pages 67-72.</note>
</biblStruct>

<biblStruct xml:id="b33">
	<analytic>
		<title level="a" type="main">Strategies for effective paraphrasing</title>
		<author>
			<persName><forename type="first">Marie</forename><surname>Meteer</surname></persName>
		</author>
		<author>
			<persName><forename type="first">Varda</forename><surname>Shaked</surname></persName>
		</author>
	</analytic>
	<monogr>
		<title level="m">International Conference on Computational Linguistics</title>
				<imprint>
			<date type="published" when="1988">1988. 1988</date>
		</imprint>
	</monogr>
	<note>Coling Budapest</note>
	<note type="raw_reference">Marie Meteer and Varda Shaked. 1988. Strategies for effective paraphrasing. In Coling Budapest 1988 Vol- ume 2: International Conference on Computational Linguistics.</note>
</biblStruct>

<biblStruct xml:id="b34">
	<analytic>
		<title level="a" type="main">Contrastive learning for many-to-many multilingual neural machine translation</title>
		<author>
			<persName><forename type="first">Xiao</forename><surname>Pan</surname></persName>
		</author>
		<author>
			<persName><forename type="first">Mingxuan</forename><surname>Wang</surname></persName>
		</author>
		<author>
			<persName><forename type="first">Liwei</forename><surname>Wu</surname></persName>
		</author>
		<author>
			<persName><forename type="first">Lei</forename><surname>Li</surname></persName>
		</author>
	</analytic>
	<monogr>
		<title level="m">Proceedings of the 59th Annual Meeting of the Association for Computational Linguistics</title>
				<meeting>the 59th Annual Meeting of the Association for Computational Linguistics</meeting>
		<imprint>
			<date type="published" when="2021">2021</date>
			<biblScope unit="page" from="244" to="258" />
		</imprint>
	</monogr>
	<note type="raw_reference">Xiao Pan, Mingxuan Wang, Liwei Wu, and Lei Li. 2021. Contrastive learning for many-to-many multilingual neural machine translation. In Proceedings of the 59th Annual Meeting of the Association for Compu- tational Linguistics, pages 244-258.</note>
</biblStruct>

<biblStruct xml:id="b35">
	<analytic>
		<title level="a" type="main">Bleu: a method for automatic evaluation of machine translation</title>
		<author>
			<persName><forename type="first">Kishore</forename><surname>Papineni</surname></persName>
		</author>
		<author>
			<persName><forename type="first">Salim</forename><surname>Roukos</surname></persName>
		</author>
		<author>
			<persName><forename type="first">Todd</forename><surname>Ward</surname></persName>
		</author>
		<author>
			<persName><forename type="first">Wei-Jing</forename><surname>Zhu</surname></persName>
		</author>
	</analytic>
	<monogr>
		<title level="m">Proceedings of the 40th annual meeting of the Association for Computational Linguistics</title>
				<meeting>the 40th annual meeting of the Association for Computational Linguistics</meeting>
		<imprint>
			<date type="published" when="2002">2002</date>
			<biblScope unit="page" from="311" to="318" />
		</imprint>
	</monogr>
	<note type="raw_reference">Kishore Papineni, Salim Roukos, Todd Ward, and Wei- Jing Zhu. 2002. Bleu: a method for automatic evalu- ation of machine translation. In Proceedings of the 40th annual meeting of the Association for Computa- tional Linguistics, pages 311-318.</note>
</biblStruct>

<biblStruct xml:id="b36">
	<analytic>
		<title level="a" type="main">Neural paraphrase generation with stacked residual lstm networks</title>
		<author>
			<persName><forename type="first">Aaditya</forename><surname>Prakash</surname></persName>
		</author>
		<author>
			<persName><forename type="first">Sadid</forename><forename type="middle">A</forename><surname>Hasan</surname></persName>
		</author>
		<author>
			<persName><forename type="first">Kathy</forename><surname>Lee</surname></persName>
		</author>
		<author>
			<persName><forename type="first">Vivek</forename><surname>Datla</surname></persName>
		</author>
		<author>
			<persName><forename type="first">Ashequl</forename><surname>Qadir</surname></persName>
		</author>
		<author>
			<persName><forename type="first">Joey</forename><surname>Liu</surname></persName>
		</author>
		<author>
			<persName><forename type="first">Oladimeji</forename><surname>Farri</surname></persName>
		</author>
		<author>
			<persName><forename type="first">;</forename></persName>
		</author>
		<author>
			<persName><forename type="first">William</forename><forename type="middle">B</forename><surname>Dolan</surname></persName>
		</author>
	</analytic>
	<monogr>
		<title level="m">Proceedings of COLING 2016, the 26th International Conference on Computational Linguistics: Technical Papers</title>
				<meeting>COLING 2016, the 26th International Conference on Computational Linguistics: Technical Papers</meeting>
		<imprint>
			<date type="published" when="2004">2016. 2004</date>
			<biblScope unit="page" from="142" to="149" />
		</imprint>
	</monogr>
	<note>Proceedings of the 2004 conference on empirical methods in natural language processing</note>
	<note type="raw_reference">Aaditya Prakash, Sadid A Hasan, Kathy Lee, Vivek Datla, Ashequl Qadir, Joey Liu, and Oladimeji Farri. 2016. Neural paraphrase generation with stacked residual lstm networks. In Proceedings of COLING 2016, the 26th International Conference on Compu- tational Linguistics: Technical Papers, pages 2923- 2934. Chris Quirk, Chris Brockett, and William B Dolan. 2004. Monolingual machine translation for paraphrase gen- eration. In Proceedings of the 2004 conference on empirical methods in natural language processing, pages 142-149.</note>
</biblStruct>

<biblStruct xml:id="b37">
	<analytic>
		<title level="a" type="main">Unsupervised paraphrasing without translation</title>
		<author>
			<persName><forename type="first">Aurko</forename><surname>Roy</surname></persName>
		</author>
		<author>
			<persName><forename type="first">David</forename><surname>Grangier</surname></persName>
		</author>
	</analytic>
	<monogr>
		<title level="m">Proceedings of the 57th Annual Meeting of the Association for Computational Linguistics</title>
				<meeting>the 57th Annual Meeting of the Association for Computational Linguistics</meeting>
		<imprint>
			<date type="published" when="2019">2019</date>
			<biblScope unit="page" from="6033" to="6039" />
		</imprint>
	</monogr>
	<note type="raw_reference">Aurko Roy and David Grangier. 2019. Unsupervised paraphrasing without translation. In Proceedings of the 57th Annual Meeting of the Association for Computational Linguistics, pages 6033-6039.</note>
</biblStruct>

<biblStruct xml:id="b38">
	<analytic>
		<title level="a" type="main">Keep the primary, rewrite the secondary: A two-stage approach for paraphrase generation</title>
		<author>
			<persName><forename type="first">Yixuan</forename><surname>Su</surname></persName>
		</author>
		<author>
			<persName><forename type="first">David</forename><surname>Vandyke</surname></persName>
		</author>
		<author>
			<persName><forename type="first">Simon</forename><surname>Baker</surname></persName>
		</author>
		<author>
			<persName><forename type="first">Yan</forename><surname>Wang</surname></persName>
		</author>
		<author>
			<persName><forename type="first">Nigel</forename><surname>Collier</surname></persName>
		</author>
	</analytic>
	<monogr>
		<title level="m">Findings of the Association for Computational Linguistics: ACL-IJCNLP 2021</title>
				<imprint>
			<date type="published" when="2021">2021</date>
			<biblScope unit="page" from="560" to="569" />
		</imprint>
	</monogr>
	<note type="raw_reference">Yixuan Su, David Vandyke, Simon Baker, Yan Wang, and Nigel Collier. 2021. Keep the primary, rewrite the secondary: A two-stage approach for paraphrase generation. In Findings of the Association for Com- putational Linguistics: ACL-IJCNLP 2021, pages 560-569.</note>
</biblStruct>

<biblStruct xml:id="b39">
	<analytic>
		<title level="a" type="main">Axiomatic attribution for deep networks</title>
		<author>
			<persName><forename type="first">Mukund</forename><surname>Sundararajan</surname></persName>
		</author>
		<author>
			<persName><forename type="first">Ankur</forename><surname>Taly</surname></persName>
		</author>
		<author>
			<persName><forename type="first">Qiqi</forename><surname>Yan</surname></persName>
		</author>
	</analytic>
	<monogr>
		<title level="m">International Conference on Machine Learning</title>
				<imprint>
			<publisher>PMLR</publisher>
			<date type="published" when="2017">2017</date>
			<biblScope unit="page" from="3319" to="3328" />
		</imprint>
	</monogr>
	<note type="raw_reference">Mukund Sundararajan, Ankur Taly, and Qiqi Yan. 2017. Axiomatic attribution for deep networks. In Inter- national Conference on Machine Learning, pages 3319-3328. PMLR.</note>
</biblStruct>

<biblStruct xml:id="b40">
	<analytic>
		<title level="a" type="main">Attention is all you need</title>
		<author>
			<persName><forename type="first">Ashish</forename><surname>Vaswani</surname></persName>
		</author>
		<author>
			<persName><forename type="first">Noam</forename><surname>Shazeer</surname></persName>
		</author>
		<author>
			<persName><forename type="first">Niki</forename><surname>Parmar</surname></persName>
		</author>
		<author>
			<persName><forename type="first">Jakob</forename><surname>Uszkoreit</surname></persName>
		</author>
		<author>
			<persName><forename type="first">Llion</forename><surname>Jones</surname></persName>
		</author>
		<author>
			<persName><forename type="first">Aidan</forename><forename type="middle">N</forename><surname>Gomez</surname></persName>
		</author>
		<author>
			<persName><forename type="first">Łukasz</forename><surname>Kaiser</surname></persName>
		</author>
		<author>
			<persName><forename type="first">Illia</forename><surname>Polosukhin</surname></persName>
		</author>
	</analytic>
	<monogr>
		<title level="m">Advances in neural information processing systems</title>
				<imprint>
			<date type="published" when="2017">2017</date>
			<biblScope unit="page" from="5998" to="6008" />
		</imprint>
	</monogr>
	<note type="raw_reference">Ashish Vaswani, Noam Shazeer, Niki Parmar, Jakob Uszkoreit, Llion Jones, Aidan N Gomez, Łukasz Kaiser, and Illia Polosukhin. 2017. Attention is all you need. In Advances in neural information pro- cessing systems, pages 5998-6008.</note>
</biblStruct>

<biblStruct xml:id="b41">
	<analytic>
		<title level="a" type="main">Paraphrase generation as monolingual translation: Data and evaluation</title>
		<author>
			<persName><forename type="first">Sander</forename><surname>Wubben</surname></persName>
		</author>
	</analytic>
	<monogr>
		<title level="m">Proceedings of the 6th International Natural Language Generation Conference</title>
				<meeting>the 6th International Natural Language Generation Conference</meeting>
		<imprint>
			<date type="published" when="2010">2010</date>
		</imprint>
	</monogr>
	<note>Antal Van Den Bosch, and Emiel Krahmer</note>
	<note type="raw_reference">Sander Wubben, Antal Van Den Bosch, and Emiel Krah- mer. 2010. Paraphrase generation as monolingual translation: Data and evaluation. In Proceedings of the 6th International Natural Language Generation Conference.</note>
</biblStruct>

<biblStruct xml:id="b42">
	<analytic>
		<title level="a" type="main">Contrastive representation learning for exemplar-guided paraphrase generation</title>
		<author>
			<persName><forename type="first">Haoran</forename><surname>Yang</surname></persName>
		</author>
		<author>
			<persName><forename type="first">Wai</forename><surname>Lam</surname></persName>
		</author>
		<author>
			<persName><forename type="first">Piji</forename><surname>Li</surname></persName>
		</author>
	</analytic>
	<monogr>
		<title level="m">Findings of the Association for Computational Linguistics: EMNLP 2021</title>
				<imprint>
			<date type="published" when="2021">2021</date>
			<biblScope unit="page" from="4754" to="4761" />
		</imprint>
	</monogr>
	<note type="raw_reference">Haoran Yang, Wai Lam, and Piji Li. 2021. Contrastive representation learning for exemplar-guided para- phrase generation. In Findings of the Association for Computational Linguistics: EMNLP 2021, pages 4754-4761.</note>
</biblStruct>

<biblStruct xml:id="b43">
	<analytic>
		<title level="a" type="main">Visualizing and understanding convolutional networks</title>
		<author>
			<persName><forename type="first">D</forename><surname>Matthew</surname></persName>
		</author>
		<author>
			<persName><forename type="first">Rob</forename><surname>Zeiler</surname></persName>
		</author>
		<author>
			<persName><surname>Fergus</surname></persName>
		</author>
	</analytic>
	<monogr>
		<title level="m">European conference on computer vision</title>
				<imprint>
			<publisher>Springer</publisher>
			<date type="published" when="2014">2014</date>
			<biblScope unit="page" from="818" to="833" />
		</imprint>
	</monogr>
	<note type="raw_reference">Matthew D Zeiler and Rob Fergus. 2014. Visualizing and understanding convolutional networks. In Euro- pean conference on computer vision, pages 818-833. Springer.</note>
</biblStruct>

				</listBibl>
			</div>
		</back>
	</text>
</TEI>
