<?xml version="1.0" encoding="UTF-8"?>
<TEI xml:space="preserve" xmlns="http://www.tei-c.org/ns/1.0" 
xmlns:xsi="http://www.w3.org/2001/XMLSchema-instance" 
xsi:schemaLocation="http://www.tei-c.org/ns/1.0 https://raw.githubusercontent.com/kermitt2/grobid/master/grobid-home/schemas/xsd/Grobid.xsd"
 xmlns:xlink="http://www.w3.org/1999/xlink">
	<teiHeader xml:lang="en">
		<fileDesc>
			<titleStmt>
				<title level="a" type="main">Principled Paraphrase Generation with Parallel Corpora</title>
			</titleStmt>
			<publicationStmt>
				<publisher/>
				<availability status="unknown"><licence/></availability>
			</publicationStmt>
			<sourceDesc>
				<biblStruct>
					<analytic>
						<author>
							<persName><forename type="first">Aitor</forename><surname>Ormazabal</surname></persName>
							<email>aitor.ormazabal@ehu.eus</email>
							<affiliation key="aff0">
								<orgName type="department">HiTZ Center</orgName>
								<orgName type="institution">University of the Basque Country (UPV/EHU</orgName>
							</affiliation>
						</author>
						<author>
							<persName><forename type="first">Mikel</forename><surname>Artetxe</surname></persName>
							<email>artetxe@fb.com</email>
							<affiliation key="aff1">
								<address>
									<settlement>Meta</settlement>
									<region>AI</region>
								</address>
							</affiliation>
						</author>
						<author>
							<persName><forename type="first">Aitor</forename><surname>Soroa</surname></persName>
							<email>a.soroa@ehu.eus</email>
							<affiliation key="aff0">
								<orgName type="department">HiTZ Center</orgName>
								<orgName type="institution">University of the Basque Country (UPV/EHU</orgName>
							</affiliation>
						</author>
						<author>
							<persName><forename type="first">Gorka</forename><surname>Labaka</surname></persName>
							<email>gorka.labaka@ehu.eus</email>
							<affiliation key="aff0">
								<orgName type="department">HiTZ Center</orgName>
								<orgName type="institution">University of the Basque Country (UPV/EHU</orgName>
							</affiliation>
						</author>
						<author>
							<persName><forename type="first">Eneko</forename><surname>Agirre</surname></persName>
							<email>e.agirre@ehu.eus</email>
							<affiliation key="aff0">
								<orgName type="department">HiTZ Center</orgName>
								<orgName type="institution">University of the Basque Country (UPV/EHU</orgName>
							</affiliation>
						</author>
						<title level="a" type="main">Principled Paraphrase Generation with Parallel Corpora</title>
					</analytic>
					<monogr>
						<imprint>
							<date/>
						</imprint>
					</monogr>
					<idno type="MD5">42AC8E06ABB0A33076F671A90924355E</idno>
				</biblStruct>
			</sourceDesc>
		</fileDesc>
		<encodingDesc>
			<appInfo>
				<application version="0.7.3-SNAPSHOT" ident="GROBID" when="2023-01-12T09:13+0000">
					<desc>GROBID - A machine learning software for extracting information from scholarly documents</desc>
					<ref target="https://github.com/kermitt2/grobid"/>
				</application>
			</appInfo>
		</encodingDesc>
		<profileDesc>
			<abstract>
<div xmlns="http://www.tei-c.org/ns/1.0"><p>Round-trip Machine Translation (MT) is a popular choice for paraphrase generation, which leverages readily available parallel corpora for supervision. In this paper, we formalize the implicit similarity function induced by this approach, and show that it is susceptible to nonparaphrase pairs sharing a single ambiguous translation. Based on these insights, we design an alternative similarity metric that mitigates this issue by requiring the entire translation distribution to match, and implement a relaxation of it through the Information Bottleneck method. Our approach incorporates an adversarial term into MT training in order to learn representations that encode as much information about the reference translation as possible, while keeping as little information about the input as possible. Paraphrases can be generated by decoding back to the source from this representation, without having to generate pivot translations. In addition to being more principled and efficient than round-trip MT, our approach offers an adjustable parameter to control the fidelity-diversity trade-off, and obtains better results in our experiments.</p></div>
			</abstract>
		</profileDesc>
	</teiHeader>
	<text xml:lang="en">
		<body>
<div xmlns="http://www.tei-c.org/ns/1.0"><head n="1">Introduction</head><p>Paraphrase generation aims to generate alternative surface forms expressing the same semantic content as the original text <ref type="bibr" target="#b21">(Madnani and Dorr, 2010)</ref>, with applications in language understanding and data augmentation <ref type="bibr" target="#b28">(Zhou and Bhat, 2021)</ref>. One popular approach is to use an MT system to translate the input text into a pivot language and back <ref type="bibr" target="#b26">(Wieting and Gimpel, 2018;</ref><ref type="bibr" target="#b22">Mallinson et al., 2017;</ref><ref type="bibr" target="#b24">Roy and Grangier, 2019)</ref>. While it intuitively makes sense that translating to another language and back should keep the meaning of a sentence intact while changing its surface form, it is not clear what exactly would be considered a paraphrase by such a system.</p><p>In this work, we show that the probability of a paraphrase x p given a source sentence x s under a Given the input x s , we aim to learn a representation T (x s ) that encodes as much information as possible about it's reference translation y (ensuring that the meaning is preserved), and as little information as possible about x s itself (ensuring that surface information is removed). We achieve this through adversarial learning, where the encoder minimizes λL M T − (1 − λ)L adv and the two decoders minimize L M T and L adv . At inference time, we couple the English encoder and decoder to generate a paraphrase x p which, being conditioned on T (x), will preserve the meaning of x s but use a different surface form.</p><p>round-trip MT system can be naturally decomposed as P (x p |x s ) = P (x p )S(x p , x s ), where S is a symmetric similarity metric over the paraphrase space and P (x p ) the probability of x p . We argue that this similarity function is not appropriate in the general case, as it can assign a high score to sentence pairs that share an ambiguous translation despite not being paraphrases of each other. This phenomenon is illustrated in Figure <ref type="figure">2</ref>, where x s and x p share a confounding translation without gender marker.</p><p>So as to address this issue, we design an alternative similarity function that requires the entire translation distribution to match, and develop a relaxation of it through the Information Bottleneck (IB) method. We implement this approach using an adversarial learning system depicted in Figure <ref type="figure" target="#fig_0">1</ref>.</p></div>
<div xmlns="http://www.tei-c.org/ns/1.0"><head>He will go to school</head><p>Él irá a la escuela x s y j y i He will go to school x s x p She will go to school Irá a la escuela Figure <ref type="figure">2</ref>: Confounding translation problem in round-trip MT. "Irá a la escuela" does not mark the gender of the subject due to ellipsis, and it is thus a valid translation of both "He will go to school" and "She will go to school". As a consequence, round-trip MT could generate "She will go to school" as a paraphrase of "He will go to school". Our approach mitigates this issue by requiring the full translation distribution to match.</p><p>Our model combines an encoder that, for a given sentence, removes the information that is not relevant to predict its translation, and a decoder that reconstructs a paraphrase from this encoding. In addition to being more principled, our approach is more efficient than round-trip MT at inference, can be tuned to favor fidelity or diversity, and achieves a better trade-off between the two. Our code is freely available<ref type="foot" target="#foot_0">1</ref> .</p></div>
<div xmlns="http://www.tei-c.org/ns/1.0"><head n="2">Related Work</head><p>We next review the paraphrase generation literature ( §2.1), and describe the information bottleneck method ( §2.2), which is the basis of our proposal.</p></div>
<div xmlns="http://www.tei-c.org/ns/1.0"><head n="2.1">Paraphrase generation</head><p>Early work on paraphrasing focused on retrieval methods, either extracting plausible sentences from large corpora for generation <ref type="bibr" target="#b2">(Barzilay and McKeown, 2001;</ref><ref type="bibr" target="#b1">Bannard and Callison-Burch, 2005)</ref>, or identifying paraphrase pairs from weakly aligned corpora to create paraphrase datasets <ref type="bibr" target="#b8">(Coster and Kauchak, 2011;</ref><ref type="bibr" target="#b9">Dolan et al., 2004)</ref>. More recently, neural approaches for paraphrase generation have dominated the field. We classify these methods according to the type of supervision they use.</p><p>Monolingual corpora. These systems are trained in an unsupervised fashion using unlabeled monolingual corpora. They usually employ an information bottleneck, with the goal of encoding semantic information in the latent space. Approaches include Variational Autoencoders (VAE) <ref type="bibr" target="#b4">(Bowman et al., 2016)</ref>, VAEs with Vector Quantization <ref type="bibr" target="#b24">(Roy and Grangier, 2019)</ref>, and latent bag-of-words models <ref type="bibr" target="#b10">(Fu et al., 2019)</ref>. <ref type="bibr" target="#b14">Huang and Chang (2021)</ref> disentangle semantic and syntactic content in the latent space through a bag of words Parallel corpora. These systems are trained on pairs of parallel sentences in two languages. Most of these methods are based on round-trip MT, where a sentence is translated to a pivot language and back in order to obtain a paraphrase. <ref type="bibr" target="#b13">Hu et al. (2019)</ref> add lexical constraints to the MT decoding procedure to obtain better paraphrases. <ref type="bibr" target="#b22">Mallinson et al. (2017)</ref> generate not one but multiple pivot sentences and use a fusion-in-decoder strategy.</p><p>Paraphrase corpora. These systems are trained in a supervised manner over pairs or clusters of paraphrases. When such data is available, training a regular sequence-to-sequence model is a strong baseline (Egonmwan and Chali, 2019). <ref type="bibr" target="#b19">Kumar et al. (2019)</ref> add submodular optimization to improve paraphrase diversity. Some VAE-based methods also leverage paraphrase clusters to learn a latent representation that disentangles meaning and form <ref type="bibr" target="#b16">(Iyyer et al., 2018;</ref><ref type="bibr" target="#b18">Kumar et al., 2020;</ref><ref type="bibr" target="#b12">Hosking and Lapata, 2021;</ref><ref type="bibr" target="#b6">Chen et al., 2019)</ref>. Most of these methods require a syntactic exemplar for generation, and assume that all surface forms are valid for all sentences. Hosking and Lapata (2021) do away with this assumption in the context of question paraphrasing, predicting a valid syntactic embedding from a discrete set at test time.</p><p>While it is paraphrase corpora that offers the strongest supervision, such data is hard to obtain and usually restricted to narrow domains like Quora Question Pairs, WikiAnswers and Twitter <ref type="bibr" target="#b12">(Hosking and Lapata, 2021;</ref><ref type="bibr" target="#b19">Kumar et al., 2019;</ref><ref type="bibr">Egonmwan and Chali, 2019)</ref>. In contrast, parallel corpora is widely available, while offering a stronger training signal than monolingual corpora. For that reason, round-trip MT is a common choice when paraphrases are needed for downstream tasks <ref type="bibr" target="#b27">(Xie et al., 2020;</ref><ref type="bibr" target="#b0">Artetxe et al., 2020)</ref>, as well as a common baseline in the paraphrasing literature <ref type="bibr" target="#b12">(Hosking and Lapata, 2021;</ref><ref type="bibr" target="#b24">Roy and Grangier, 2019)</ref>. 2 Our work focuses on this class of systems, identifying the limitations of round-trip MT and proposing a more principled alternative.</p></div>
<div xmlns="http://www.tei-c.org/ns/1.0"><head n="2.2">The Information Bottleneck Method</head><p>Given two random variables X, Y , the Information Bottleneck (IB) method <ref type="bibr" target="#b25">(Tishby et al., 1999)</ref> seeks to learn a representation T (X) that minimizes the Mutual Information (MI) between T and X, while preserving a minimum MI between T and Y . That is, the objective I(X, T ) s.t. I(T, Y ) ≥ γ is minimized. Since the MI is usually impossible to calculate exactly for neural representations, a common approach is to use variational methods, that turn the estimation problem into an optimization one. This can be done by adding a neural decoder on top of the representation, and training the entire system end-to-end <ref type="bibr" target="#b23">(Poole et al., 2019)</ref>. This is the approach we follow in this work.</p></div>
<div xmlns="http://www.tei-c.org/ns/1.0"><head n="3">Characterizing Round-trip MT</head><p>Let X be a random variable representing a sequence in the source language, and Y be a random variable representing its translation into a pivot language. 3 Given an input sequence x s ∈ X, we can use round-trip MT to generate a paraphrase x p ∈ X by translating x s into the pivot language and back, according to the forward and backward translation models P (y|x s ) and P (x p |y). As such, we can formulate the probability of round-trip MT generating a particular paraphrase x p by marginalizing over the set of possible pivot translations:</p><formula xml:id="formula_0">P (x p |x s ) = y∈Y P (y|x s )P (x p |y)<label>(1)</label></formula><p>In what follows, we will characterize the paraphrases produced by this approach, i.e. the properties that x p needs to meet in relation to x s for P (x p |x s ) to be high. 4</p><p>2 Round-trip MT has also been used to generate synthetic paraphrase corpora <ref type="bibr" target="#b26">(Wieting and Gimpel, 2018)</ref>.</p><p>3 For convenience, we will also use X and Y to refer to the set of source and target language sequences, and abbreviate probabilities of the form P (X = x) as P (x).</p><p>4 Some round-trip MT systems do not consider all possible translations into the pivot language, but only a subset of them <ref type="bibr" target="#b22">(Mallinson et al., 2017)</ref>. In that case, the sum in Eq. 1 goes over y ∈ {y1, ..., yK }, and we need to introduce a partition Z = y∈{y 1 ,...,y K } P (y|xs) to normalize the probabilities. However, the fundamental analysis in this section still applies. Refer to Appendix A for more details.</p><p>By applying Bayes' rule, we can rewrite Eq. 1 as follows:</p><formula xml:id="formula_1">P (x p |x s ) = P (x p ) y∈Y P (y|x s )P (y|x p ) P (y) S M T (xp,xs)<label>(2)</label></formula><p>The sum on the right hand side can be interpreted as a symmetric similarity function, S M T (x p , x s ) = S M T (x s , x p ) = y P (y|xs)P (y|xp) P (y)</p><p>, which measures the likelihood of two sentences to be actual paraphrases. The probability of x p given x s then becomes P (x p |x s ) = P (x p )S M T (x p , x s ), which is the similarity between x s and x p , weighted by the marginal probability of x p .</p><p>But when are x s and x p considered similar according to the above definition of S M T (x s , x p )? Intuitively, S M T is a measure of the overlap between the conditional distributions that x s and x p induce over Y . This will be highest when P (y|x s )P (y|x p ) is as large as possible for as many y as possible. At the same time, P (y|x s )P (y|x p ) will be high when both P (y|x s ) and P (y|x p ) are high, that is, when y is a probable translation of both x s and x p . This captures the intuition that two sentences are similar when they can be translated into the same text in the pivot language.</p><p>But what if x s and x p have one particular highprobability translation y j in common, but differ in the rest? As illustrated in Figure <ref type="figure">2</ref>, this can happen when y j is ambiguous in the target language and can mean both x s and x p , even if x s and x p are not equivalent (e.g., when x s uses the masculine form, x p the feminine form, and y j does not mark the gender). In this case, the sum y P (y|xs)P (y|xp) P (y) will be dominated by P (y j |xs)P (y j |xp) P (y j )</p><p>, which will be high when both P (y j |x s ) and P (y j |x p ) are high.</p><p>We can thus conclude that the implicit similarity function underlying round-trip MT is flawed, as it assigns a high score to a pair of sequences (x s , x p ) that have an ambiguous translation in common. As a consequence, round-trip MT will generate x p as a paraphrase of x s with a high probability, even if the two sequences have a different meaning.</p></div>
<div xmlns="http://www.tei-c.org/ns/1.0"><head n="4">Principled Paraphrasing</head><p>As shown in the previous section, the implicit similarity function induced by round-trip MT is not adequate in the general case, as it assigns a high score to pairs of sequences that share a single translation, despite differing in the rest. So as to address this, we can define an alternative similarity function that requires the entire translation distribution to match: S(x p , x s ) = 1 P (y|x p ) = P (y|x s )∀y ∈ Y 0 otherwise (3) and use it to replace S M T in Eq. 2 so that P (x p |x s ) ∝ P (x p )S(x p , x s ). However, this definition is too strict, as it is virtually impossible that P (y|x p ) and P (y|x s ) are exactly the same for all y ∈ Y . <ref type="foot" target="#foot_1">5</ref> In 4.1, we define a relaxation of it through the IB method, which introduces an adjustable parameter β to control how much we deviate from it. In 4.2, we characterize the paraphrases generated by this approach, showing that they are less susceptible to the problem of confounding translations described in the previous section.</p></div>
<div xmlns="http://www.tei-c.org/ns/1.0"><head n="4.1">IB-based relaxation</head><p>So as to implement the similarity function in Eq. 3, we will use the IB method to learn an encoding T for X such that the following holds:</p><formula xml:id="formula_2">S(x p , x s ) = P (x p |T (x s )) P (x p )Z(x s )<label>(4)</label></formula><p>where Z(x s ) is a normalizer that does not depend on the paraphrase candidate x p .</p><p>As seen in §2.2, given a source variable X and a target variable Y , the IB method seeks to find an encoding T (X) that minimizes the MI with X (maximizing compression), while preserving a certain amount of information about Y :</p><formula xml:id="formula_3">min T I(X, T ) s.t I(T, Y ) ≥ γ.</formula><p>(5)</p><p>This constrained minimization is achieved by introducing a Lagrange multiplier β and minimizing</p><formula xml:id="formula_4">min T I(X, T ) − βI(T, Y ).<label>(6)</label></formula><p>As β → ∞, all the information about Y is preserved and the IB method learns a minimal sufficient statistic T , that is, an encoding that satisfies I(T, Y ) = I(X, Y ) while achieving the lowest I(T, X) possible. The following theorem states that such a minimal sufficient statistic T induces the similarity function in Eq. 3 (proof in Appendix C):</p><p>Theorem 1. Suppose the random variable X represents a sentence in the source language, Y represents its translation, and T is a minimal sufficient statistic of X with respect to Y. Let x p and x s be a pair of sentences in the source language. Then,</p><formula xml:id="formula_5">P (x p |T (x s )) = P (x p ) S(xp,xs) Z(xs)</formula><p>, where S is given by Equation 3, and Z is a normalizing factor that does not depend on x p . Thus, as β → ∞ the IB method approximates the similarity metric S. In practice, when β is set to a fixed finite number, losing some information about the target variable is allowed, and a relaxation of the metric S is learned instead.</p></div>
<div xmlns="http://www.tei-c.org/ns/1.0"><head n="4.2">Characterizing IB-based paraphrasing</head><p>We will next analyze the relaxation of S induced by the IB method. We will characterize what kind of sentences are considered paraphrases by it, showing that it is less susceptible to the problem of confounding translations found in round-trip MT ( §3). Derivations for the results in this section, as well as alternative bounds and broader discussion can be found in Appendix B.</p><p>As seen in §4.1, we define paraphrase probabilities given an encoding T as P (x p |T (x s )) = P (X = x p |T (X) = T (x s )), which can only be non-zero if T (x p ) = T (x s ). This means that the encoding T will partition the source space into a collection of paraphrase clusters according to its value. Mathematically, given the equivalence relation x 1 ∼ x 2 ⇐⇒ T (x 1 ) = T (x 2 ), only sentence pairs within the same equivalence class will have non-zero paraphrase probabilities. We then have the following theorem:</p><formula xml:id="formula_6">Theorem 2. Suppose T is a solution of the IB opti- mization problem min T I(X, T ) s.t I(T, Y ) ≥ γ, and ϵ = I(X, Y ) − γ. If A is the partition on X induced by T , we have: A∈A max x 1 ,x 2 ∈A P (x 1 )P (x 2 ) 2(P (x 1 ) + P (x 2 )) •D 1 (P Y |x 1 , P Y |x 2 ) 2 ≤ ϵ, (7)</formula><p>where D 1 is the L 1 norm distance.</p><p>It is easy to see that, when ϵ = 0, corresponding to γ = I(X, Y ) and β → ∞, this forces all distances to be zero. In that case, only sentences with identical translation distributions are considered paraphrases, in accordance with Theorem 1.</p><p>In the general case, Theorem 2 states that the L 1 distance between the translation distributions of sentences that are considered paraphrases cannot be high, as it will be bounded by a function of ϵ. While the S M T metric in §3 can be dominated by a highprobability term and effectively ignore differences in probability for the less likely translations, the L 1 norm gives equal importance to differences in probability for every translation candidate. Thanks to this, the resulting system will be less susceptible to the problem of confounding translations.</p></div>
<div xmlns="http://www.tei-c.org/ns/1.0"><head n="5">Proposed System</head><p>In this section, we describe a practical implementation of the IB-based paraphrasing approach defined theoretically in §4.</p><p>As illustrated in Figure <ref type="figure" target="#fig_0">1</ref>, our system can be seen as an extension of a regular encoder-decoder MT architecture with an additional adversarial decoder, which is trained with an auto-encoding objective to reconstruct the original sentence x s from the encoder representation T (x s ). The encoder is trained to minimize the cross-entropy loss of the MT decoder, while maximizing the loss of the adversarial decoder. This way, the encoder is encouraged to remove as much information about x s as possible, while retaining the information that is necessary to predict its reference translation y. Thanks to this, T (x s ) should capture the semantic content of x s (which is relevant to predict y), without storing additional surface information (which is not relevant to predict y). Once the model is trained, the adversarial decoder can be used to generate paraphrases of x s from this representation T (x s ).</p><p>This adversarial architecture can be interpreted as an implementation of the IB method as follows. Following <ref type="bibr" target="#b23">Poole et al. (2019)</ref>, we start by adding a decoder q(y|t) on top of the encoder T (x), and rewrite the I(T, Y ) term as:</p><formula xml:id="formula_7">I(T, Y ) = E P (y,t) log q(y|t) P (y) + E P (t) [KL(P (y|t)||q(y|t))] ≥ E P (y,t) log q(y|t) + h(Y ),<label>(8)</label></formula><p>where equality will hold if q is the true conditional distribution q(y|t) = P (y|t), and h is the differential entropy. If we parametrize T and q by a neural network encoder-decoder architecture the E P (y,t) log q(y|t) term in Eq. 8, can be rewritten as E P (y,x) log q(y|T (x)) , which is precisely the log likelihood of the data distribution of X, Y given by P . In other words, by training the encoderdecoder to maximize Eq. 8, we are implicitly maximizing the mutual information I(T, Y ).</p><p>Similarly, one can approximate</p><formula xml:id="formula_8">I(X, T ) ≥ E P (x,t) log q(x|t) + h(X) = E P (x) log q(x|T (x)) + h(X),<label>(9)</label></formula><p>where equality will hold when q is the true conditional distribution and q(x|T (x)) = P (x|T (x)). Thus, given an ideal decoder q that perfectly approximates the conditional distributions q(x|T (x)) and q(y|T (x)), the IB minimization problem is equivalent to minimizing</p><formula xml:id="formula_9">E p(x) log q(x|T (x)) − βE P (y,t) log q(y|t) = E P (x,y) log q(x|T (x)) − β log q(y|T (x)) .<label>(10)</label></formula><p>In practice, we parametrize both the encoder T and the decoder q with transformer neural networks, and learn them from a parallel corpus. Since log q(y|T (x)) is a lower bound of I(T, Y ) − h(Y ), maximizing this term is theoretically sound. Minimizing E P (x) log q(x|T (x)) , on the other hand, amounts to minimizing a lower bound, which, while not as theoretically solid, is common practice in the variational optimization literature <ref type="bibr" target="#b7">(Chen et al., 2018;</ref><ref type="bibr" target="#b17">Kim and Mnih, 2018)</ref>. Finally, we reparametrize Eq. 10 by setting λ = β 1+β to obtain the equivalent minimization objective</p><formula xml:id="formula_10">L(T, q) = E P (x,y) [−λ log q(y|T (x)) +(1 − λ) log q(x|T (x))] = λL M T (T, q) − (1 − λ)L Adv (T ),<label>(11)</label></formula><p>where L M T is the regular MT loss of cross-entropy with the translation target, and L Adv is the crossentropy with the source sentence (see Figure <ref type="figure" target="#fig_0">1</ref>). <ref type="foot" target="#foot_2">6</ref>We thus observe that the proposed adversarial training architecture approximates the IB method. The setting β → ∞ corresponds to λ → 1, where the optimal solution is a minimal sufficient statistic.</p><p>During training, the expectation in Eq. 11 is approximated by sampling batches from the training data. Care must be taken when optimizing the loss, as we do not want to propagate gradients of the adversarial loss to the adversarial decoder. If we did, a trivial way to minimize (1 − λ) log q(x|T (x)) would be to make the decoder bad at recovering x, which would not encourage T (x) to encode as little information as possible. To prevent this, we use a percentage K of the batches to learn the adversarial decoder log q(x|T (x)), where the encoder is kept frozen. The rest of the batches are used to optimize the full term −λ log q(y|T (x)) + (1 − λ) log q(x|T (x)), but the gradients for the second term are only propagated to the encoder.</p></div>
<div xmlns="http://www.tei-c.org/ns/1.0"><head n="6">Experimental Design</head><p>We experiment with the following systems:</p><p>• Proposed. Our system described in §5. We share the weights between the MT decoder and the adversarial decoder, indicating the language that should be decoded through a special language ID token. Unless otherwise indicated, we use λ = 0.73 and K = 0.7, which performed best in the development set.<ref type="foot" target="#foot_3">7</ref> </p><p>• Round-trip MT. A baseline that uses two separate MT models to translate into a pivot language and back (see §3).</p><p>• Copy. A baseline that copies the input text.</p><p>We use mBART <ref type="bibr" target="#b20">(Liu et al., 2020)</ref> to initialize both our proposed system and round-trip MT, and train them using the same hyper-parameters as in the original work. <ref type="foot" target="#foot_4">8</ref> In both cases, we use the English-French WMT14 dataset <ref type="bibr" target="#b3">(Bojar et al., 2014)</ref> as our parallel corpus for training. <ref type="foot" target="#foot_5">9</ref> We report results for two decoding strategies: beam search with a beam size of 5, and top-10 sampling with a temperature of 0.9 (optimized in the development set). We consider two axes when evaluating paraphrases: fidelity (the extent to which the meaning of the input text is preserved) and diversity (the extent to which the surface form is changed). Following common practice, we use a corpus of gold paraphrases to automatically measure these. More concretely, given the source sentence s, the reference paraphrase r and the candidate paraphrase c, we use BLEU(c, r) as a measure of fidelity, and BLEU(c, s)-known as self-BLEU-as a measure of diversity. An ideal paraphrase system would give us a high BLEU, with as low a self-BLEU as possible. Given that there is generally a tradeoff between the two, we also report iBLEU = α BLEU −(1−α) self-BLEU, which combines both metrics into a single score <ref type="bibr" target="#b22">(Mallinson et al., 2017)</ref>. Following Hosking and Lapata (2021), we set α = 0.7.</p><p>For development, we extracted 156 paraphrase pairs from the STS Benchmark dataset <ref type="bibr" target="#b5">(Cer et al., 2017)</ref>, taking sentence pairs with a similarity score above 4.5. For our final evaluation, we used the Multiple Translations Chinese (MTC) corpus <ref type="bibr" target="#b15">(Huang et al., 2002)</ref>, which comprises three sources of Chinese journalistic text translated into English by multiple translation agencies. We extract the translations of the first two agencies to obtain an test set of 993 paraphrase pairs, where one is the source and the other the reference paraphrase. The third sentence if kept as an additional paraphrase for estimating human performance.</p></div>
<div xmlns="http://www.tei-c.org/ns/1.0"><head n="7">Results</head><p>We next report our main results ( §7.1), followed by a qualitative analysis ( §7.2).</p></div>
<div xmlns="http://www.tei-c.org/ns/1.0"><head n="7.1">Main results</head><p>We report our main results in Table <ref type="table" target="#tab_0">1</ref>. As it can be seen, our proposed system outperforms all baselines in terms of iBLEU, indicating that it achieves a better trade-off between diversity and fidelity. This advantage comes from a large improvement in diversity as measured by self-BLEU, at a cost of a small drop in fidelity as measured by BLEU. Both for round-trip MT and our proposed system, beam search does better than sampling in terms of fidelity, at the cost of sacrificing in diversity. Finally, the human reference scores show ample room for improvement in both axes.</p><p>While our proposed system achieves the best combined score, our results also show that different approaches behave differently in terms of diversity and fidelity. In practice, it would be desirable to have a knob to control the trade-off between the two, as one may want to favor diversity or fidelity depending on the application. One additional advantage of our approach over round-trip MT is that it offers an adjustable parameter λ to control the trade-off between these two axes. So as to understand the effect of this parameter, we tried different values of it in the development set, and report the resulting curve in Figure <ref type="figure" target="#fig_1">3</ref> together with the MT baselines. BLEU and Self-BLEU scores of the best checkpoints for each λ (0.7,0.73,0.8) and plot the results together with the MT baselines for our systems in Figure <ref type="figure" target="#fig_1">3</ref>.</p><p>As expected, higher values of λ yield systems that tend to copy more, being more faithful but less diverse. Consistent with our test results, we find that, for a given value of λ, beam search does better than sampling in terms of fidelity, but worse in terms of diversity, yet both decoding strategies can be adjusted to achieve a similar trade-off. More importantly, we observe that both curves are above round-trip MT, the gap being largest for the sampling variant. We can thus conclude that our proposed approach does better than round-trip MT for a comparable trade-off between diversity and fidelity, while offering a knob to adjust this trade-off as desired.</p></div>
<div xmlns="http://www.tei-c.org/ns/1.0"><head n="7.2">Qualitative analysis</head><p>So as to better understand the behavior of our approach in comparison with round-trip MT, we carried out a human evaluation through Amazon Mechanical Turk. Following the setup of <ref type="bibr" target="#b12">Hosking and Lapata (2021)</ref>, we sample 200 sentences from the MTC corpus and generate a pair of paraphrases for each of them, randomly choosing two systems to generate them. We then ask human evaluators to compare the two sentences according to three criteria: diversity, fidelity and fluency. More details about the judging criteria can be found in Appendix D. Figure <ref type="figure" target="#fig_2">4</ref> reports the percentage of head-to-head comparisons that each system has won. The results that we obtain are consistent with the trends observed in §7.1. More concretely, we observe that the beam search variant of round-trip MT achieves the best results in terms of fluency and fidelity, but does worst in diversity, indicating a tendency to copy. Our method with beam search does slightly better than the sampling MT variant in terms of diversity and slightly worse in terms of fidelity -indicating a tendency to favor diversity over fidelity-while also being more fluent. Finally, the sampling variant of our method achieves the best diversity, but has the worst fidelity and fluency.</p><p>So as to further contrast these results, we manu-Original MT (beam) MT (sampling) Ours (beam) Ours (sampling) The index would fall 3.9% if the sales of vehicles were not included.</p><p>The index would fall by 3.9 per cent if vehicle sales were not included.</p><p>The Index would fall 3.9% if the vehicle sales were not included, or 3.9% if the vehicle sales were excluded.</p><p>The index would decline by 3.9% if the vehicle sales were not included.</p><p>The index would decline by 3.9% if vehicles were not included in sales. Some people worry that this will affect the business of largesized Canadian enterprises.</p><p>There are concerns that this may affect the operations of large Canadian companies.</p><p>There is concern that this may affect what large Canadian firms have in their business. Some may be concerned that this will affect the major Canadian enterprises. Some people worry that this will impact on the great enterprises in Canada.  ally analyzed some paraphrases,<ref type="foot" target="#foot_7">11</ref> and report some examples in Table <ref type="table" target="#tab_2">2</ref>. Just in line with our previous results, we observe that the beam search variant of round-trip MT tends to deviate the least from the original sentence, while the sampling variant of our method generates the most diverse paraphrases (e.g., changing "sales of vehicles were not included" to "vehicles were not included in sales"). At the same time, we observe that this tendency to improve diversity can cause artifacts like paraphrasing named entities (e.g., changing "National Youth League" to "National League of Youth"), which can partly explain the drop in fidelity.</p></div>
<div xmlns="http://www.tei-c.org/ns/1.0"><head n="8">Conclusions</head><p>In this work, we have shown that the implicit similarity function present in round-trip MT is not appropriate in the general case, as it considers sentence pairs that share a single ambiguous translation to be paraphrases. We address this issue by designing an alternative similarity function that requires the entire translation distribution to match, and develop a relaxation of it through the IB method, which we prove to be less susceptible to the problem of confounding translations. We implement this approach through adversarial learning, training an encoder to preserve as much information as possible about the reference translation, while encoding as little as possible about the source. Not only is our approach more principled than round-trip MT, but it is also more efficient at inference, as it does not need to generate an intermediate translation. In addition, it offers a knob to adjust the fidelity-diversity trade-off through the λ parameter, and obtains strong results in our experiments, outperforming round-trip MT.</p></div>
<div xmlns="http://www.tei-c.org/ns/1.0"><head>A Round-trip MT with restricted sampling</head><p>Our formulation in Section 3 considers all possible translations into the pivot language. In practice, some round-trip MT systems use restricted sampling, considering only a subset of Y . For example, ParaNET <ref type="bibr" target="#b22">(Mallinson et al., 2017)</ref> takes the K highest probability translations given by beam search.</p><p>As we show next, the fundamental analysis in Section 3 still holds in that case, and the problem of confounding translations can even be exacerbated by it. More concretely, using this pivot selection strategy yields the following adjusted paraphrase probability:</p><formula xml:id="formula_11">P (x p |x s ) = P (x p ) y∈{y 1 ,...,y K } P (y|x s )P (y|x p ) ZP (y) ,<label>(12)</label></formula><p>where {y 1 , ..., y K } are the top translation candidates and Z = y∈{y 1 ,...,y K } P (y|x s ). In general, if a subset S(x s ) ∈ Y of the translation space is considered as pivots, the paraphrase probability will be</p><formula xml:id="formula_12">P (x p |x s ) = P (x p ) y∈S(xs) P (y|x s )P (y|x p ) Z(x s )P (y) = P (x p ) Z(x s ) S ′ M T (x p , x s ),<label>(13)</label></formula><p>where Z(x s ) = y∈S(xs) P (y|x s ) is a normalizing factor that doesn't depend on the paraphrase x p , and S ′ M T (x p , x s ), is the same similarity function as S M T , with the sum over y restricted to S(x s ).</p><p>Using restricted pivot selection strategies such as beam search, top-K sampling, or nucleus sampling <ref type="bibr" target="#b11">(Holtzman et al., 2020)</ref> will yield different pivot subsets S(x p ), which will lead to paraphrase probabilities being assigned based on a limited subset of the entire translation distribution. This can exacerbate the issues outlined in Section 3, where the similarity metric can be dominated by a single shared high-probability translation. For example, in the case of translating from a gendered to a genderless language, while the highest probability translation will be genderless, a lower probability candidate might identify the gender, so skipping this translation sampling would increase the similarity of sentences that differ only in gender.</p></div>
<div xmlns="http://www.tei-c.org/ns/1.0"><head>B Characterizing the encoding learned through the IB method</head><p>Since we will not learn a perfect minimal sufficient statistic in practice, it is desirable to characterize what the relaxation of S implemented by the IB method can learn.</p><p>To that end, we will characterize the kind of encoding T that is allowed by a given γ. Since T is a function of X, we know that I(X, Y ) ≥ I(T, Y ), and thus the condition I(T, Y ) ≥ γ can be rewritten as I(X, Y ) − I(T, Y ) ≤ ϵ, where ϵ ≥ 0, which is the form we use throughout this section. Now, for matters of conditional translation probabilities P (y|T (x)), the encoding T can be fully characterized by the equivalence relation it defines on X, where x 1 ∼ x 2 iff T (x 1 ) = T (x 2 ). Two sentences will induce the same conditional translation distribution P (y|T (x)) when they are clustered into the same equivalence class by T .</p><p>Theorem 3. Let S denote the partition of X induced by the encoding T . We denote the elements of a cluster S ∈ S by S = {x S 1 , ..., x S m S }. Then, the information loss I(X, Y ) − I(T, Y ) is given by:</p><formula xml:id="formula_13">I(X, Y ) − I(T, Y ) = S∈S P (x S 1 )KL(P Y |x S 1 ||P Y |S ) +... + P (x S m S )KL(P Y |x S m S ||P Y |S ),<label>(14)</label></formula><p>and the translation probabilities conditioned on a cluster are given by the mixture distribution P (y|T (x)) = P (y|x ∈ S) = α 1 P (y|x S 1 ) + ... + α m S P (y|x S m S ), where α i = P (x S i ) P (x S 1 )+...+P (x S m S ) .</p><p>The proof can be found in Section C.2. This theorem expresses the information loss of an encoding T , I(X, Y ) − I(T, Y ), in terms of the KL divergences between the translation distributions of source sentences P (y|x) and the translation distributions given their encodings P (y|T (x)) = P (y|x ∈ S). Intuitively, if T clusters together two sentences x 1 and x 2 (i.e. T (x 1 ) = T (x 2 ) holds), such that P Y |x 1 and P Y |x 2 are very different, then the mixture distribution P Y |S will be different from both, and thus the information loss will be large.</p><p>We will now obtain more intuitive bounds for the information loss. As seen before, the translation distribution given a cluster P (y|x ∈ S) can be expressed as a mixture of the individual translation distributions for sentences in the cluster: (</p><formula xml:id="formula_14">P (y|x ∈ S) = P (x S</formula><formula xml:id="formula_15">)<label>15</label></formula><p>We can also define mixtures of all the distributions P (y|x S i ) except one, with the same weights as in P (y|x ∈ S), except for a re-normalization constant. Explicitly, we define:</p><formula xml:id="formula_16">P S j (y) = m S i=1,i̸ =j P (x S i )P (y|x S i ) P (x S 1 ) + ... + P (x S j ) + ... + P (x S m S ) , (<label>16</label></formula><formula xml:id="formula_17">)</formula><p>where the hat indicates that that element is skipped. Then, we have the following theorem: Theorem 4. Let S be the partition imposed by the encoding function T on X. We denote the elements of a cluster S ∈ S by S = {x S 1 , ..., x S m S }. We define the partial mixtures P S j (y) as above. Then, if the information loss satisfies</p><formula xml:id="formula_18">I(X, Y ) − I(T, Y ) ≤ ϵ, we have S∈S m S i=1 P (x S i )(β S i ) 2 2 D 1 (P Y |x S i , P S i ) 2 ≤ ϵ,<label>(17)</label></formula><p>where β S j = P (x S 1 )+...+ P (x S j )+...+P (x S m S ) P (x S 1 )+...+P (x S m S )</p><p>and D 1 is the L 1 norm distance.</p><p>The proof can be found in Section C.3. Intuitively, this states that, if the encoding T clusters a set of sentences x 1 , ..., x n ∈ S together, then the translation distribution for an element x i ∈ S, P Y |x i , cannot be too far from the mixture of the rest of the distributions P Y |x j , with j ̸ = i.</p><p>In the scenario where there are only two sentences in a cluster, m S = 2, we have</p><formula xml:id="formula_19">P 1 = P Y |x S 2 and P 2 = P Y |x S 1</formula><p>, and the inner sum reduces as follows (the derivation is shown in Section C.4):</p><formula xml:id="formula_20">m S i=1 P (x S i )(β S i ) 2 2 D 1 (P Y |x S i , P S i ) 2 = P (x S 1 )P (x S 2 ) 2(P (x S 1 ) + P (x S 2 )) D 1 (P Y |x S 1 , P Y |x S 2 ) 2 (18)</formula><p>Since clustering all the elements of a set S leads to a bigger information loss than only clustering any two elements x 1 , x 2 ∈ S, combining Equation <ref type="formula">18</ref>and Theorem 4 we obtain Theorem 2 from §4.2 as a corollary: Theorem 2. Suppose T is a solution of the IB optimization problem min T I(X, T ) s.t I(T, Y ) ≥ γ, and ϵ = I(X, Y ) − γ. If S is the partition on X induced by T , we have:</p><formula xml:id="formula_21">S∈S max x 1 ,x 2 ∈S P (x 1 )P (x 2 ) 2(P (x 1 ) + P (x 2 )) D 1 (P Y |x 1 , P Y |x 2 ) 2 ≤ ϵ, (<label>19</label></formula><formula xml:id="formula_22">)</formula><p>where</p><formula xml:id="formula_23">D 1 is the L 1 norm distance.</formula><p>This bound is the easiest to interpret intuitively, as it bounds the pairwise distances between the translation distributions of any two sentences that are considered paraphrases by the encoding T . To sum up the results from this section, the information loss allowance when learning with the IB method bounds the L 1 norm distance between the translation distributions of paraphrases. Thus the entire translation distribution is considered when learning paraphrases, potentially alleviating the problems discussed in Section 3</p></div>
<div xmlns="http://www.tei-c.org/ns/1.0"><head>C Proofs</head></div>
<div xmlns="http://www.tei-c.org/ns/1.0"><head>C.1 Proof of Theorem 1</head><p>We know that T is a minimal sufficient statistic of Y if and only if the following condition is satisfied:</p><formula xml:id="formula_24">P (x|y) P (x ′ |y) independent of y ⇐⇒ T (x) = T (x ′ ) ∀x, x ′ ∈ X<label>(20)</label></formula><p>Rewriting P (x|y) = P (y|x)P (x)</p><formula xml:id="formula_25">P (y)</formula><p>and cancelling terms, the LHS becomes:</p><formula xml:id="formula_26">P y (x) P y (x ′ ) = P (y|x) P (y|x ′ ) P (x) P (x ′ ) .<label>(21)</label></formula><p>Since P (x) P (x ′ ) does not depend on y, the entire term will not depend on y if and only if P (y|x)</p><formula xml:id="formula_27">P (y|x ′ )</formula><p>is independent of y. It is easy to see that the ratio of two distributions of y will be independent of y if and only if they are the exact same distribution, and thus we can conclude that if T is a minimal sufficient statistic of Y then T (x) = T (x ′ ) ⇐⇒ P (y|x) = P (y|x ′ )∀y ∈ Y , or, equivalently, T (x) = T (x ′ ) ⇐⇒ S(x, x ′ ) = 1.</p><p>Thus, we have</p><formula xml:id="formula_28">P (x p |T (x s ) = P (X = x p |T (X) = T (x s )) = P (X = x p |S(X, x s ) = 1) = P (X = x p , S(X, x s ) = 1) P (S(X, x s ) = 1) = P (X = x p )P (S(X, x s ) = 1)|X = x p ) P (S(X, x s ) = 1) = P (x p )S(x p , x s ) Z ,<label>(22)</label></formula><p>where Z = P (S(X, x s ) = 1) is the normalizer that does not depend on x p , as we wanted to prove.</p></div>
<div xmlns="http://www.tei-c.org/ns/1.0"><head>C.2 Proof of Theorem 3</head><p>We first expand the information loss:</p><formula xml:id="formula_29">I(X,Y ) − I(T, Y ) = E X KL(P Y |X ||P Y ) − E T KL(P Y |T ||P Y ) = x P (x) y P (y|x)log(P (y|x)) − P (y|x)log(P (y)) − x P (x) y P (y|T (x))log(P (y|T (x))) − P (y|T (x))log(P (y)) (23)</formula><p>Now, for matters of conditional translation probabilities P (y|T (x)), the encoding T can be fully characterized by the equivalence class it defines on X, where x 1 ∼ x 2 iff T (x 1 ) = T (x 2 ). We let S denote the partition on X induced by this equivalence class. Then, we can rewrite:</p><formula xml:id="formula_30">1 ||P Y |S ) + ... + P (x S m S )KL(P Y |x S m S ||P Y |S ) ≥ S∈S m S i=1 P (x S i )(β S i ) 2 2 D 1 (P Y |x S i , P S i ) 2<label>(29)</label></formula><p>For that, it is enough to show that</p><formula xml:id="formula_31">P (x S i )KL(P Y |x S i ||P Y |S ) ≥ P (x S i )(β S i ) 2 2 D 1 (P Y |x S i , P S i ) 2<label>(30)</label></formula><p>for every i. Now, by Pinsker's inequality, for a given i, we have that Original MT (beam) MT (sampling) Ours (beam) Ours (sampling) As of August 30th, the city had allocated a labor force of 158,300 per day in the project, with the aggregate labor contribution amounting to 936,500, and had completed 730,000 cubic meters of earth and stone.</p><p>As at 30 August, the city had allocated 158,300 persons per day to the project, with an overall contribution of 936,500 persons, and had completed the construction of 730,000 cubic metres of land and stone.</p><p>It had assigned 158,300 employees per day to the project as of 30 August, with a total staff contribution of 936,500, and it had concluded the construction of 730,000 cubic metres of earth and rock.</p><p>As of 30 August, the city had employed 158,300 persons per day for the project, a total of 936,500 of whom had been allocated for the construction of 230,000 square meters of earth and stone.</p><p>On 30 August, the City had a staff of 158,300 people per day in the project, a total of 936,500 of whom had been provided for the construction of 330,000 square foot of earth andstone work. Chernomyrdin also pointed out that there were also many problems in Russia last year, such as the poor performance of taxation, investment plans yet to be completed, reduced surplus in foreign trade, and ineffective fiscal and financial measures taken by the government.</p><p>Chernomyrdin also pointed out that there were also many problems in Russia last year, such as poor fiscal performance, investment plans that had not yet been completed, the reduction of the foreign trade surplus and ineffective fiscal and financial measures taken by the government.</p><p>Chernomyrdin also stressed that, in Russia, last year, there were many problems too. These included a deteriorating fiscal performance, investment plans that have yet to be completed, the reduction of foreign trade surpluses, and inefficient fiscal and financial measures taken by the Government, etc. Chernomyrdin also noted that there were many problems in Russia last year, such as poor taxation performance, plans for investment still to be completed, the reduction in foreign trade surplus, and inadequate fiscal and financial measures taken by the Government.</p><p>Chernomyrdin further noted that there were many further problems in Russia last year, such as weak taxation performance, plans for further investment still to be completed, the reduction in foreign trade surplus, and ineffective fiscal and financial measures taken by the Government.</p><p>Based on the plan, the GDP in Russia next year is to increase by 2%, and the inflation rate is to go down to 5% to 8%.</p><p>According to the plan, Russia's GDP will rise by 2 per cent next year and the inflation rate will rise from 5 per cent to 8 per cent.</p><p>According to the plan, Russian GDP will rise 2 per cent next year and the rate of inflation will be reduced from 5 per cent to 8 per cent.</p><p>According to this plan, GDP in Russia will increase by 2% next year and the inflation rate will drop from 5% to 8%.</p><p>Under the plan, the GDP in Russia will increase 2 per cent next year and the uninflation rate increase from 5% to 8%. The index would fall by 3.9 per cent if vehicle sales were not included.</p><p>The Index would fall 3.9% if the vehicle sales were not included, or 3.9% if the vehicle sales were excluded.</p><p>The index would decline by 3.9% if the vehicle sales were not included.</p><p>The index would decline by 3.9% if vehicles were not included in sales.</p><p>According to the company, in the coming five years, the company will make an additional investment of US$90 million, with an anticipated annual output value of US$300 million.</p><p>According to the company, over the next five years, it will make an additional investment of US$90 million, with a projected annual production value of US$300 million.</p><p>According to the company, it will make an additional $90 million US over the next five years with a planned annual productivity value of $300 million US.</p><p>According to the company, over the next five years it will invest an additional $90 million in the U.S., its expected annual output of $300 million.</p><p>According to the company, it will invest $90 million in the next five years, with its expected annual output of approximately $300 million. Some people worry that this will affect the business of largesized Canadian enterprises.</p><p>There are concerns that this may affect the operations of large Canadian companies.</p><p>There is concern that this may affect what large Canadian firms have in their business. Some may be concerned that this will affect the major Canadian enterprises. Some people worry that this will impact on the great enterprises in Canada. He said that the 83year-old woman had been hospitalized for overheating.</p><p>He said that the 83year-old woman had been hospitalized for overheat.</p><p>He stated that a 83year-old woman had been hospitalized for a headache. The US killed hundreds of Iraqi civilians in an air strike, and a reporter in the UK said the target was essentially nonmilitary.</p><p>Several hundred dead of Iraqi civilians in air strikes; a UK reporter said that its specific goal is, essentially, non-military.</p><p>During the Eighth Five-Year Plan Period (from 1991 to 1995), township enterprises in Fujian Province contributed an aggregate total of RMB18.56 billion in tax, and achieved a total of RMB105.5 billion worth of export commodities.</p><p>During the eighth period of the five-year plan <ref type="bibr">(1991)</ref><ref type="bibr">(1992)</ref><ref type="bibr">(1993)</ref><ref type="bibr">(1994)</ref><ref type="bibr">(1995)</ref>, municipal enterprises in Fujian Province paid taxes totalling RMB 18.56 billion and exported products totalling RMB 105.5 billion.</p><p>During the eighth period of the Five-Year Plan (from 1991 to 1995), Fujian Provincial Municipal Enterprises had paid taxes totalling RMB 18.56 billion and exported revenues totalling RMB 105.5 billion.</p><p>During the eighth fiveyear plan (from 1991 to 1995), businesses in the townships of Fujian Province contributed a total of $18.56 billion in tax contributions, $105.5 billion in commodities for export.</p><p>During the eighth five-year plan (from 1991 to 1995), businesses in the townships of Fujian Province contributed tax contributions totalling $118.56 billion in 1991-95, as well as $1005.5 billion in commodities for export. In May this year, Dole admitted using Viagra on a trial basis, and gave high remarks to the drug after use, describing it as "a magic drug."</p><p>In May of this year, Dole admitted to using Viagra on an experimental basis and commented very positively on the drug after its use, describing it as "a magical drug."</p><p>In May this year, Dole admitted that he uses Viagra as an experimental patient and provided very positive feedback on the drug after its use describing it "a magical medicine".</p><p>In May of this year, Dole accepted the use of marijuana for trials and reported strong post-treatment remarks, describing it as a magical drug.</p><p>In May of this year, Dole recognized the use of pesticide in trials and had reported very good after-treatment, describing it as the " magical drug".  </p></div><figure xmlns="http://www.tei-c.org/ns/1.0" xml:id="fig_0"><head>Figure 1 :</head><label>1</label><figDesc>Figure 1: Proposed system. Given the input x s , we aim to learn a representation T (x s ) that encodes as much information as possible about it's reference translation y (ensuring that the meaning is preserved), and as little information as possible about x s itself (ensuring that surface information is removed). We achieve this through adversarial learning, where the encoder minimizes λL M T − (1 − λ)L adv and the two decoders minimize L M T and L adv . At inference time, we couple the English encoder and decoder to generate a paraphrase x p which, being conditioned on T (x), will preserve the meaning of x s but use a different surface form.</figDesc></figure>
<figure xmlns="http://www.tei-c.org/ns/1.0" xml:id="fig_1"><head>Figure 3 :</head><label>3</label><figDesc>Figure 3: Effect of varying the λ parameter on the development set. BLEU in the vertical axis. The horizontal self-BLEU axis is mirrored, so systems toward the top right have the best trade-off between diversity and fidelity.</figDesc></figure>
<figure xmlns="http://www.tei-c.org/ns/1.0" xml:id="fig_2"><head>Figure 4 :</head><label>4</label><figDesc>Figure4: Human evaluation results (larger is better). Refer to §7.2 for more details.</figDesc></figure>
<figure xmlns="http://www.tei-c.org/ns/1.0" type="table" xml:id="tab_0"><head>Table 1 :</head><label>1</label><figDesc>Results on the MTC dataset for three baselines (top rows), our two systems, and human performance. ↓ smaller is better, ↑ larger is better.</figDesc><table><row><cell>10</cell></row></table></figure>
<figure xmlns="http://www.tei-c.org/ns/1.0" type="table" xml:id="tab_2"><head>Table 2 :</head><label>2</label><figDesc>Sample paraphrases generated by the different methods.</figDesc><table /></figure>
<figure xmlns="http://www.tei-c.org/ns/1.0" type="table" xml:id="tab_8"><head>Table 3 :</head><label>3</label><figDesc>Sample paraphrases generated by the different methods.</figDesc><table /></figure>
			<note xmlns="http://www.tei-c.org/ns/1.0" place="foot" n="1" xml:id="foot_0">https://github.com/aitorormazabal/ paraphrasing-from-parallel representation, which allows for syntactically controllable generation.</note>
			<note xmlns="http://www.tei-c.org/ns/1.0" place="foot" n="5" xml:id="foot_1">One reason is that we use empirical estimates of P (y|xp) and P (y|xs), which will deviate from the ground truth.</note>
			<note xmlns="http://www.tei-c.org/ns/1.0" place="foot" n="6" xml:id="foot_2">We make the adversarial term a function of T only in the minimization objective, as the gradient from the adversarial term is only propagated to the encoder. The adversarial decoder is independently trained to predict the source from the encoded representation.</note>
			<note xmlns="http://www.tei-c.org/ns/1.0" place="foot" n="7" xml:id="foot_3">We performed a grid search, where λ ∈ {0.7, 0.73, 0.8} and K ∈ {0.7, 0.8}, and chose the checkpoint with best iBLEU with α = 0.7.</note>
			<note xmlns="http://www.tei-c.org/ns/1.0" place="foot" n="8" xml:id="foot_4">0.3 dropout, 0.2 label smoothing, 2500 warm-up steps, 3e − 5 maximum learning rate, and 100K total steps.</note>
			<note xmlns="http://www.tei-c.org/ns/1.0" place="foot" n="9" xml:id="foot_5">We filter the dataset by removing sentence pairs with a source/target length ratio that exceeds 1.5 or are longer than 250 words.</note>
			<note xmlns="http://www.tei-c.org/ns/1.0" place="foot" n="10" xml:id="foot_6">In the case of round-trip MT, we always use beam search to generate the pivot translation, and compare the two approaches to generate paraphrases from it.</note>
			<note xmlns="http://www.tei-c.org/ns/1.0" place="foot" n="11" xml:id="foot_7">We randomly sampled 20 sentences from MTC and chose four illustrative examples for Table2. The 20 random examples are shown in Appendix E.</note>
		</body>
		<back>

			<div type="acknowledgement">
<div xmlns="http://www.tei-c.org/ns/1.0"><head>Acknowledgments</head><p>Aitor Ormazabal, Gorka Labaka, Aitor Soroa and Eneko Agirre were supported by the Basque Government (excellence research group IT1343-19 and DeepText project KK-2020/00088) and the Spanish MINECO (project DOMINO PGC2018-102041-B-I00 MCIU/AEI/FEDER, UE). Aitor Ormazabal was supported by a doctoral grant from the Spanish MECD. Computing infrastructure funded by UPV/EHU and Gipuzkoako Foru Aldundia.</p></div>
			</div>

			<div type="annex">
<div xmlns="http://www.tei-c.org/ns/1.0"><p>For a certain S ∈ S, we denote its elements by S = {x S 1 , ..., x S m S }. Then, we have</p><p>where</p><p>) . We also define β S = P (x S 1 ) + ... + P (x S m S ). Now, we can rewrite the first expression of the RHS in Equation <ref type="formula">24</ref>: y P (y|x S 1 )log(P (y|x S 1 )) + ...</p><p>And now we rewrite the second term in the RHS of Equation <ref type="formula">24</ref>: </p><p>where we have used Equation <ref type="formula">25</ref>in the last equality.</p><p>Substituting ( <ref type="formula">26</ref>) and ( <ref type="formula">27</ref>) into (24), we get: </p><p>where the hat represents that element of the sum being skipped, as we wanted to show.</p></div>
<div xmlns="http://www.tei-c.org/ns/1.0"><head>C.4 Derivation of Equation 18</head></div>
<div xmlns="http://www.tei-c.org/ns/1.0"><head>D Human evaluation judging criteria</head><p>We ask human evaluators to compare systems on three different dimensions, according to the follow-ing instructions: Meaning. Which of the paraphrases better preserves the meaning of the original, without adding or losing information?</p><p>Surface similarity. Which of the paraphrases is more similar compared to the original, using more similar phrasing or words? You should chose the text using more similar words or phrasing, regardless of meaning.</p><p>Fluency. Which text is a more fluent English sentence? You should choose the sentence that contains the least grammatical mistakes, and sounds more natural.</p></div>
<div xmlns="http://www.tei-c.org/ns/1.0"><head>E Full paraphrase sample</head><p>We present the full list of 20 sampled paraphrases in Table <ref type="table">3</ref>.</p></div>			</div>
			<div type="references">

				<listBibl>

<biblStruct xml:id="b0">
	<analytic>
		<title level="a" type="main">Translation artifacts in cross-lingual transfer learning</title>
		<author>
			<persName><forename type="first">Mikel</forename><surname>Artetxe</surname></persName>
		</author>
		<author>
			<persName><forename type="first">Gorka</forename><surname>Labaka</surname></persName>
		</author>
		<author>
			<persName><forename type="first">Eneko</forename><surname>Agirre</surname></persName>
		</author>
		<idno type="DOI">10.18653/v1/2020.emnlp-main.618</idno>
	</analytic>
	<monogr>
		<title level="m">Proceedings of the 2020 Conference on Empirical Methods in Natural Language Processing (EMNLP)</title>
				<meeting>the 2020 Conference on Empirical Methods in Natural Language Processing (EMNLP)</meeting>
		<imprint>
			<publisher>Online. Association for Computational Linguistics</publisher>
			<date type="published" when="2020">2020</date>
			<biblScope unit="page" from="7674" to="7684" />
		</imprint>
	</monogr>
	<note type="raw_reference">Mikel Artetxe, Gorka Labaka, and Eneko Agirre. 2020. Translation artifacts in cross-lingual transfer learning. In Proceedings of the 2020 Conference on Empirical Methods in Natural Language Processing (EMNLP), pages 7674-7684, Online. Association for Computa- tional Linguistics.</note>
</biblStruct>

<biblStruct xml:id="b1">
	<analytic>
		<title level="a" type="main">Paraphrasing with bilingual parallel corpora</title>
		<author>
			<persName><forename type="first">Colin</forename><surname>Bannard</surname></persName>
		</author>
		<author>
			<persName><forename type="first">Chris</forename><surname>Callison-Burch</surname></persName>
		</author>
		<idno type="DOI">10.3115/1219840.1219914</idno>
	</analytic>
	<monogr>
		<title level="m">Proceedings of the 43rd Annual Meeting on Association for Computational Linguistics, ACL &apos;05</title>
				<meeting>the 43rd Annual Meeting on Association for Computational Linguistics, ACL &apos;05</meeting>
		<imprint>
			<publisher>USA. Association for Computational Linguistics</publisher>
			<date type="published" when="2005">2005</date>
			<biblScope unit="page" from="597" to="604" />
		</imprint>
	</monogr>
	<note type="raw_reference">Colin Bannard and Chris Callison-Burch. 2005. Para- phrasing with bilingual parallel corpora. In Proceed- ings of the 43rd Annual Meeting on Association for Computational Linguistics, ACL &apos;05, page 597-604, USA. Association for Computational Linguistics.</note>
</biblStruct>

<biblStruct xml:id="b2">
	<analytic>
		<title level="a" type="main">Extracting paraphrases from a parallel corpus</title>
		<author>
			<persName><forename type="first">Regina</forename><surname>Barzilay</surname></persName>
		</author>
		<author>
			<persName><forename type="first">Kathleen</forename><forename type="middle">R</forename><surname>Mckeown</surname></persName>
		</author>
		<idno type="DOI">10.3115/1073012.1073020</idno>
	</analytic>
	<monogr>
		<title level="m">Proceedings of the 39th Annual Meeting on Association for Computational Linguistics, ACL &apos;01</title>
				<meeting>the 39th Annual Meeting on Association for Computational Linguistics, ACL &apos;01</meeting>
		<imprint>
			<publisher>USA. Association for Computational Linguistics</publisher>
			<date type="published" when="2001">2001</date>
			<biblScope unit="page" from="50" to="57" />
		</imprint>
	</monogr>
	<note type="raw_reference">Regina Barzilay and Kathleen R. McKeown. 2001. Ex- tracting paraphrases from a parallel corpus. In Pro- ceedings of the 39th Annual Meeting on Association for Computational Linguistics, ACL &apos;01, page 50-57, USA. Association for Computational Linguistics.</note>
</biblStruct>

<biblStruct xml:id="b3">
	<analytic>
		<title level="a" type="main">Findings of the 2014 workshop on statistical machine translation</title>
		<author>
			<persName><forename type="first">Ondřej</forename><surname>Bojar</surname></persName>
		</author>
		<author>
			<persName><forename type="first">Christian</forename><surname>Buck</surname></persName>
		</author>
		<author>
			<persName><forename type="first">Christian</forename><surname>Federmann</surname></persName>
		</author>
		<author>
			<persName><forename type="first">Barry</forename><surname>Haddow</surname></persName>
		</author>
		<author>
			<persName><forename type="first">Philipp</forename><surname>Koehn</surname></persName>
		</author>
		<author>
			<persName><forename type="first">Johannes</forename><surname>Leveling</surname></persName>
		</author>
		<author>
			<persName><forename type="first">Christof</forename><surname>Monz</surname></persName>
		</author>
		<author>
			<persName><forename type="first">Pavel</forename><surname>Pecina</surname></persName>
		</author>
		<author>
			<persName><forename type="first">Matt</forename><surname>Post</surname></persName>
		</author>
		<author>
			<persName><forename type="first">Herve</forename><surname>Saint-Amand</surname></persName>
		</author>
	</analytic>
	<monogr>
		<title level="m">Proceedings of the ninth workshop on statistical machine translation</title>
				<meeting>the ninth workshop on statistical machine translation</meeting>
		<imprint>
			<date type="published" when="2014">2014</date>
			<biblScope unit="page" from="12" to="58" />
		</imprint>
	</monogr>
	<note type="raw_reference">Ondřej Bojar, Christian Buck, Christian Federmann, Barry Haddow, Philipp Koehn, Johannes Leveling, Christof Monz, Pavel Pecina, Matt Post, Herve Saint- Amand, et al. 2014. Findings of the 2014 workshop on statistical machine translation. In Proceedings of the ninth workshop on statistical machine translation, pages 12-58.</note>
</biblStruct>

<biblStruct xml:id="b4">
	<analytic>
		<title level="a" type="main">Generating sentences from a continuous space</title>
		<author>
			<persName><forename type="first">R</forename><surname>Samuel</surname></persName>
		</author>
		<author>
			<persName><forename type="first">Luke</forename><surname>Bowman</surname></persName>
		</author>
		<author>
			<persName><forename type="first">Oriol</forename><surname>Vilnis</surname></persName>
		</author>
		<author>
			<persName><forename type="first">Andrew</forename><surname>Vinyals</surname></persName>
		</author>
		<author>
			<persName><forename type="first">Rafal</forename><surname>Dai</surname></persName>
		</author>
		<author>
			<persName><forename type="first">Samy</forename><surname>Jozefowicz</surname></persName>
		</author>
		<author>
			<persName><surname>Bengio</surname></persName>
		</author>
		<idno type="DOI">10.18653/v1/K16-1002</idno>
	</analytic>
	<monogr>
		<title level="m">Proceedings of The 20th SIGNLL Conference on Computational Natural Language Learning</title>
				<meeting>The 20th SIGNLL Conference on Computational Natural Language Learning<address><addrLine>Berlin, Germany</addrLine></address></meeting>
		<imprint>
			<publisher>Association for Computational Linguistics</publisher>
			<date type="published" when="2016">2016</date>
			<biblScope unit="page" from="10" to="21" />
		</imprint>
	</monogr>
	<note type="raw_reference">Samuel R. Bowman, Luke Vilnis, Oriol Vinyals, An- drew Dai, Rafal Jozefowicz, and Samy Bengio. 2016. Generating sentences from a continuous space. In Proceedings of The 20th SIGNLL Conference on Computational Natural Language Learning, pages 10-21, Berlin, Germany. Association for Computa- tional Linguistics.</note>
</biblStruct>

<biblStruct xml:id="b5">
	<analytic>
		<title level="a" type="main">SemEval-2017 task 1: Semantic textual similarity multilingual and crosslingual focused evaluation</title>
		<author>
			<persName><forename type="first">Daniel</forename><surname>Cer</surname></persName>
		</author>
		<author>
			<persName><forename type="first">Mona</forename><surname>Diab</surname></persName>
		</author>
		<author>
			<persName><forename type="first">Eneko</forename><surname>Agirre</surname></persName>
		</author>
		<author>
			<persName><forename type="first">Iñigo</forename><surname>Lopez-Gazpio</surname></persName>
		</author>
		<author>
			<persName><forename type="first">Lucia</forename><surname>Specia</surname></persName>
		</author>
		<idno type="DOI">10.18653/v1/S17-2001</idno>
	</analytic>
	<monogr>
		<title level="m">Proceedings of the 11th International Workshop on Semantic Evaluation (SemEval-2017)</title>
				<meeting>the 11th International Workshop on Semantic Evaluation (SemEval-2017)<address><addrLine>Vancouver, Canada</addrLine></address></meeting>
		<imprint>
			<publisher>Association for Computational Linguistics</publisher>
			<date type="published" when="2017">2017</date>
			<biblScope unit="page" from="1" to="14" />
		</imprint>
	</monogr>
	<note type="raw_reference">Daniel Cer, Mona Diab, Eneko Agirre, Iñigo Lopez- Gazpio, and Lucia Specia. 2017. SemEval-2017 task 1: Semantic textual similarity multilingual and crosslingual focused evaluation. In Proceedings of the 11th International Workshop on Semantic Evaluation (SemEval-2017), pages 1-14, Vancouver, Canada. Association for Computational Linguistics.</note>
</biblStruct>

<biblStruct xml:id="b6">
	<analytic>
		<title level="a" type="main">Controllable paraphrase generation with a syntactic exemplar</title>
		<author>
			<persName><forename type="first">Mingda</forename><surname>Chen</surname></persName>
		</author>
		<author>
			<persName><forename type="first">Qingming</forename><surname>Tang</surname></persName>
		</author>
		<author>
			<persName><forename type="first">Sam</forename><surname>Wiseman</surname></persName>
		</author>
		<author>
			<persName><forename type="first">Kevin</forename><surname>Gimpel</surname></persName>
		</author>
		<idno type="DOI">10.18653/v1/P19-1599</idno>
	</analytic>
	<monogr>
		<title level="m">Proceedings of the 57th Annual Meeting of the Association for Computational Linguistics</title>
				<meeting>the 57th Annual Meeting of the Association for Computational Linguistics<address><addrLine>Florence, Italy</addrLine></address></meeting>
		<imprint>
			<publisher>Association for Computational Linguistics</publisher>
			<date type="published" when="2019">2019</date>
			<biblScope unit="page" from="5972" to="5984" />
		</imprint>
	</monogr>
	<note type="raw_reference">Mingda Chen, Qingming Tang, Sam Wiseman, and Kevin Gimpel. 2019. Controllable paraphrase gener- ation with a syntactic exemplar. In Proceedings of the 57th Annual Meeting of the Association for Com- putational Linguistics, pages 5972-5984, Florence, Italy. Association for Computational Linguistics.</note>
</biblStruct>

<biblStruct xml:id="b7">
	<analytic>
		<title level="a" type="main">Isolating sources of disentanglement in variational autoencoders</title>
		<author>
			<persName><forename type="first">T</forename><forename type="middle">Q</forename><surname>Ricky</surname></persName>
		</author>
		<author>
			<persName><forename type="first">Xuechen</forename><surname>Chen</surname></persName>
		</author>
		<author>
			<persName><forename type="first">Roger</forename><forename type="middle">B</forename><surname>Li</surname></persName>
		</author>
		<author>
			<persName><forename type="first">David</forename><forename type="middle">K</forename><surname>Grosse</surname></persName>
		</author>
		<author>
			<persName><surname>Duvenaud</surname></persName>
		</author>
	</analytic>
	<monogr>
		<title level="m">Advances in Neural Information Processing Systems</title>
				<imprint>
			<publisher>Curran Associates, Inc</publisher>
			<date type="published" when="2018">2018</date>
			<biblScope unit="volume">31</biblScope>
		</imprint>
	</monogr>
	<note type="raw_reference">Ricky T. Q. Chen, Xuechen Li, Roger B Grosse, and David K Duvenaud. 2018. Isolating sources of dis- entanglement in variational autoencoders. In Ad- vances in Neural Information Processing Systems, volume 31. Curran Associates, Inc.</note>
</biblStruct>

<biblStruct xml:id="b8">
	<analytic>
		<title level="a" type="main">Simple English Wikipedia: A new text simplification task</title>
		<author>
			<persName><forename type="first">William</forename><surname>Coster</surname></persName>
		</author>
		<author>
			<persName><forename type="first">David</forename><surname>Kauchak</surname></persName>
		</author>
	</analytic>
	<monogr>
		<title level="m">Proceedings of the 49th Annual Meeting of the Association for Computational Linguistics: Human Language Technologies</title>
				<meeting>the 49th Annual Meeting of the Association for Computational Linguistics: Human Language Technologies<address><addrLine>Portland, Oregon, USA</addrLine></address></meeting>
		<imprint>
			<date type="published" when="2011">2011</date>
			<biblScope unit="page" from="665" to="669" />
		</imprint>
	</monogr>
	<note>Association for Computational Linguistics</note>
	<note type="raw_reference">William Coster and David Kauchak. 2011. Simple En- glish Wikipedia: A new text simplification task. In Proceedings of the 49th Annual Meeting of the Asso- ciation for Computational Linguistics: Human Lan- guage Technologies, pages 665-669, Portland, Ore- gon, USA. Association for Computational Linguis- tics.</note>
</biblStruct>

<biblStruct xml:id="b9">
	<analytic>
		<title level="a" type="main">Unsupervised construction of large paraphrase corpora: Exploiting massively parallel news sources</title>
		<author>
			<persName><forename type="first">Bill</forename><surname>Dolan</surname></persName>
		</author>
		<author>
			<persName><forename type="first">Chris</forename><surname>Quirk</surname></persName>
		</author>
		<author>
			<persName><forename type="first">Chris</forename><surname>Brockett</surname></persName>
		</author>
		<idno type="DOI">10.18653/v1/D19-5627</idno>
	</analytic>
	<monogr>
		<title level="m">COL-ING 2004: Proceedings of the 20th International Conference on Computational Linguistics</title>
				<meeting><address><addrLine>Geneva, Switzerland; Hong Kong</addrLine></address></meeting>
		<imprint>
			<publisher>Association for Computational Linguistics</publisher>
			<date type="published" when="2004">2004. 2019</date>
			<biblScope unit="page" from="249" to="255" />
		</imprint>
	</monogr>
	<note>Proceedings of the 3rd Workshop on Neural Generation and Translation</note>
	<note type="raw_reference">Bill Dolan, Chris Quirk, and Chris Brockett. 2004. Un- supervised construction of large paraphrase corpora: Exploiting massively parallel news sources. In COL- ING 2004: Proceedings of the 20th International Conference on Computational Linguistics, pages 350- 356, Geneva, Switzerland. COLING. Elozino Egonmwan and Yllias Chali. 2019. Trans- former and seq2seq model for paraphrase generation. In Proceedings of the 3rd Workshop on Neural Gen- eration and Translation, pages 249-255, Hong Kong. Association for Computational Linguistics.</note>
</biblStruct>

<biblStruct xml:id="b10">
	<analytic>
		<title level="a" type="main">Paraphrase generation with latent bag of words</title>
		<author>
			<persName><forename type="first">Yao</forename><surname>Fu</surname></persName>
		</author>
		<author>
			<persName><forename type="first">Yansong</forename><surname>Feng</surname></persName>
		</author>
		<author>
			<persName><forename type="first">John</forename><forename type="middle">P</forename><surname>Cunningham</surname></persName>
		</author>
	</analytic>
	<monogr>
		<title level="m">Advances in Neural Information Processing Systems</title>
				<imprint>
			<publisher>Curran Associates, Inc</publisher>
			<date type="published" when="2019">2019</date>
			<biblScope unit="volume">32</biblScope>
		</imprint>
	</monogr>
	<note type="raw_reference">Yao Fu, Yansong Feng, and John P Cunningham. 2019. Paraphrase generation with latent bag of words. In Advances in Neural Information Processing Systems, volume 32. Curran Associates, Inc.</note>
</biblStruct>

<biblStruct xml:id="b11">
	<analytic>
		<title level="a" type="main">The curious case of neural text degeneration</title>
		<author>
			<persName><forename type="first">Ari</forename><surname>Holtzman</surname></persName>
		</author>
		<author>
			<persName><forename type="first">Jan</forename><surname>Buys</surname></persName>
		</author>
		<author>
			<persName><forename type="first">Li</forename><surname>Du</surname></persName>
		</author>
		<author>
			<persName><forename type="first">Maxwell</forename><surname>Forbes</surname></persName>
		</author>
		<author>
			<persName><forename type="first">Yejin</forename><surname>Choi</surname></persName>
		</author>
	</analytic>
	<monogr>
		<title level="m">International Conference on Learning Representations</title>
				<imprint>
			<date type="published" when="2020">2020</date>
		</imprint>
	</monogr>
	<note type="raw_reference">Ari Holtzman, Jan Buys, Li Du, Maxwell Forbes, and Yejin Choi. 2020. The curious case of neural text de- generation. In International Conference on Learning Representations.</note>
</biblStruct>

<biblStruct xml:id="b12">
	<monogr>
		<title level="m" type="main">Factorising meaning and form for intent-preserving paraphrasing</title>
		<author>
			<persName><forename type="first">Tom</forename><surname>Hosking</surname></persName>
		</author>
		<author>
			<persName><forename type="first">Mirella</forename><surname>Lapata</surname></persName>
		</author>
		<imprint>
			<date type="published" when="2021">2021</date>
		</imprint>
	</monogr>
	<note type="raw_reference">Tom Hosking and Mirella Lapata. 2021. Factorising meaning and form for intent-preserving paraphrasing.</note>
</biblStruct>

<biblStruct xml:id="b13">
	<monogr>
		<title level="m" type="main">Parabank: Monolingual bitext generation and sentential paraphrasing via lexically-constrained neural machine translation</title>
		<author>
			<persName><forename type="first">J</forename><forename type="middle">Edward</forename><surname>Hu</surname></persName>
		</author>
		<author>
			<persName><forename type="first">Rachel</forename><surname>Rudinger</surname></persName>
		</author>
		<author>
			<persName><forename type="first">Matt</forename><surname>Post</surname></persName>
		</author>
		<author>
			<persName><forename type="first">Benjamin</forename><surname>Van Durme</surname></persName>
		</author>
		<idno>CoRR, abs/1901.03644</idno>
		<imprint>
			<date type="published" when="2019">2019</date>
		</imprint>
	</monogr>
	<note type="raw_reference">J. Edward Hu, Rachel Rudinger, Matt Post, and Ben- jamin Van Durme. 2019. Parabank: Monolin- gual bitext generation and sentential paraphrasing via lexically-constrained neural machine translation. CoRR, abs/1901.03644.</note>
</biblStruct>

<biblStruct xml:id="b14">
	<analytic>
		<title level="a" type="main">Generating syntactically controlled paraphrases without using annotated parallel pairs</title>
		<author>
			<persName><forename type="first">Kuan-Hao</forename><surname>Huang</surname></persName>
		</author>
		<author>
			<persName><forename type="first">Kai-Wei</forename><surname>Chang</surname></persName>
		</author>
	</analytic>
	<monogr>
		<title level="m">Proceedings of the 16th Conference of the European Chapter of the Association for Computational Linguistics: Main Volume</title>
				<meeting>the 16th Conference of the European Chapter of the Association for Computational Linguistics: Main Volume</meeting>
		<imprint>
			<publisher>Online. Association for Computational Linguistics</publisher>
			<date type="published" when="2021">2021</date>
			<biblScope unit="page" from="1022" to="1033" />
		</imprint>
	</monogr>
	<note type="raw_reference">Kuan-Hao Huang and Kai-Wei Chang. 2021. Gener- ating syntactically controlled paraphrases without using annotated parallel pairs. In Proceedings of the 16th Conference of the European Chapter of the Asso- ciation for Computational Linguistics: Main Volume, pages 1022-1033, Online. Association for Computa- tional Linguistics.</note>
</biblStruct>

<biblStruct xml:id="b15">
	<monogr>
		<title level="m" type="main">Multiple-translation chinese corpus</title>
		<author>
			<persName><forename type="first">Shudong</forename><surname>Huang</surname></persName>
		</author>
		<author>
			<persName><forename type="first">David</forename><surname>Graff</surname></persName>
		</author>
		<author>
			<persName><forename type="first">George</forename><forename type="middle">R</forename></persName>
		</author>
		<imprint>
			<date type="published" when="2002">2002</date>
		</imprint>
	</monogr>
	<note>Doddington</note>
	<note type="raw_reference">Shudong Huang, David Graff, and George R. Dodding- ton. 2002. Multiple-translation chinese corpus.</note>
</biblStruct>

<biblStruct xml:id="b16">
	<analytic>
		<title level="a" type="main">Adversarial example generation with syntactically controlled paraphrase networks</title>
		<author>
			<persName><forename type="first">Mohit</forename><surname>Iyyer</surname></persName>
		</author>
		<author>
			<persName><forename type="first">John</forename><surname>Wieting</surname></persName>
		</author>
		<author>
			<persName><forename type="first">Kevin</forename><surname>Gimpel</surname></persName>
		</author>
		<author>
			<persName><forename type="first">Luke</forename><surname>Zettlemoyer</surname></persName>
		</author>
		<idno type="DOI">10.18653/v1/N18-1170</idno>
	</analytic>
	<monogr>
		<title level="m">Proceedings of the 2018 Conference of the North American Chapter of the Association for Computational Linguistics: Human Language Technologies</title>
		<title level="s">Long Papers</title>
		<meeting>the 2018 Conference of the North American Chapter of the Association for Computational Linguistics: Human Language Technologies<address><addrLine>Louisiana</addrLine></address></meeting>
		<imprint>
			<publisher>New Orleans</publisher>
			<date type="published" when="2018">2018</date>
			<biblScope unit="volume">1</biblScope>
			<biblScope unit="page" from="1875" to="1885" />
		</imprint>
	</monogr>
	<note>Association for Computational Linguistics</note>
	<note type="raw_reference">Mohit Iyyer, John Wieting, Kevin Gimpel, and Luke Zettlemoyer. 2018. Adversarial example generation with syntactically controlled paraphrase networks. In Proceedings of the 2018 Conference of the North American Chapter of the Association for Computa- tional Linguistics: Human Language Technologies, Volume 1 (Long Papers), pages 1875-1885, New Or- leans, Louisiana. Association for Computational Lin- guistics.</note>
</biblStruct>

<biblStruct xml:id="b17">
	<analytic>
		<title level="a" type="main">Disentangling by factorising</title>
		<author>
			<persName><forename type="first">Hyunjik</forename><surname>Kim</surname></persName>
		</author>
		<author>
			<persName><forename type="first">Andriy</forename><surname>Mnih</surname></persName>
		</author>
	</analytic>
	<monogr>
		<title level="m">Proceedings of the 35th International Conference on Machine Learning</title>
				<meeting>the 35th International Conference on Machine Learning</meeting>
		<imprint>
			<publisher>PMLR</publisher>
			<date type="published" when="2018">2018</date>
			<biblScope unit="volume">80</biblScope>
			<biblScope unit="page" from="2649" to="2658" />
		</imprint>
	</monogr>
	<note type="raw_reference">Hyunjik Kim and Andriy Mnih. 2018. Disentangling by factorising. In Proceedings of the 35th Interna- tional Conference on Machine Learning, volume 80 of Proceedings of Machine Learning Research, pages 2649-2658. PMLR.</note>
</biblStruct>

<biblStruct xml:id="b18">
	<analytic>
		<title level="a" type="main">Syntax-Guided Controlled Generation of Paraphrases</title>
		<author>
			<persName><forename type="first">Ashutosh</forename><surname>Kumar</surname></persName>
		</author>
		<author>
			<persName><forename type="first">Kabir</forename><surname>Ahuja</surname></persName>
		</author>
		<author>
			<persName><forename type="first">Raghuram</forename><surname>Vadapalli</surname></persName>
		</author>
		<author>
			<persName><forename type="first">Partha</forename><surname>Talukdar</surname></persName>
		</author>
		<idno type="DOI">10.1162/tacl_a_00318</idno>
	</analytic>
	<monogr>
		<title level="j">Transactions of the Association for Computational Linguistics</title>
		<imprint>
			<biblScope unit="volume">8</biblScope>
			<biblScope unit="page" from="330" to="345" />
			<date type="published" when="2020">2020</date>
		</imprint>
	</monogr>
	<note type="raw_reference">Ashutosh Kumar, Kabir Ahuja, Raghuram Vadapalli, and Partha Talukdar. 2020. Syntax-Guided Con- trolled Generation of Paraphrases. Transactions of the Association for Computational Linguistics, 8:330- 345.</note>
</biblStruct>

<biblStruct xml:id="b19">
	<analytic>
		<title level="a" type="main">Submodular optimization-based diverse paraphrasing and its effectiveness in data augmentation</title>
		<author>
			<persName><forename type="first">Ashutosh</forename><surname>Kumar</surname></persName>
		</author>
		<author>
			<persName><forename type="first">Satwik</forename><surname>Bhattamishra</surname></persName>
		</author>
		<author>
			<persName><forename type="first">Manik</forename><surname>Bhandari</surname></persName>
		</author>
		<author>
			<persName><forename type="first">Partha</forename><surname>Talukdar</surname></persName>
		</author>
		<idno type="DOI">10.18653/v1/N19-1363</idno>
	</analytic>
	<monogr>
		<title level="m">Proceedings of the 2019 Conference of the North American Chapter of the Association for Computational Linguistics: Human Language Technologies</title>
		<title level="s">Long and Short Papers</title>
		<meeting>the 2019 Conference of the North American Chapter of the Association for Computational Linguistics: Human Language Technologies<address><addrLine>Minneapolis</addrLine></address></meeting>
		<imprint>
			<publisher>Association for Computational Linguistics</publisher>
			<date type="published" when="2019">2019</date>
			<biblScope unit="volume">1</biblScope>
			<biblScope unit="page" from="3609" to="3619" />
		</imprint>
	</monogr>
	<note type="raw_reference">Ashutosh Kumar, Satwik Bhattamishra, Manik Bhan- dari, and Partha Talukdar. 2019. Submodular optimization-based diverse paraphrasing and its ef- fectiveness in data augmentation. In Proceedings of the 2019 Conference of the North American Chap- ter of the Association for Computational Linguistics: Human Language Technologies, Volume 1 (Long and Short Papers), pages 3609-3619, Minneapolis, Min- nesota. Association for Computational Linguistics.</note>
</biblStruct>

<biblStruct xml:id="b20">
	<monogr>
		<title level="m" type="main">Multilingual denoising pretraining for neural machine translation</title>
		<author>
			<persName><forename type="first">Yinhan</forename><surname>Liu</surname></persName>
		</author>
		<author>
			<persName><forename type="first">Jiatao</forename><surname>Gu</surname></persName>
		</author>
		<author>
			<persName><forename type="first">Naman</forename><surname>Goyal</surname></persName>
		</author>
		<author>
			<persName><forename type="first">Xian</forename><surname>Li</surname></persName>
		</author>
		<author>
			<persName><forename type="first">Sergey</forename><surname>Edunov</surname></persName>
		</author>
		<author>
			<persName><forename type="first">Marjan</forename><surname>Ghazvininejad</surname></persName>
		</author>
		<author>
			<persName><forename type="first">Mike</forename><surname>Lewis</surname></persName>
		</author>
		<author>
			<persName><forename type="first">Luke</forename><surname>Zettlemoyer</surname></persName>
		</author>
		<imprint>
			<date type="published" when="2020">2020</date>
		</imprint>
	</monogr>
	<note type="raw_reference">Yinhan Liu, Jiatao Gu, Naman Goyal, Xian Li, Sergey Edunov, Marjan Ghazvininejad, Mike Lewis, and Luke Zettlemoyer. 2020. Multilingual denoising pre- training for neural machine translation.</note>
</biblStruct>

<biblStruct xml:id="b21">
	<analytic>
		<title level="a" type="main">Generating phrasal and sentential paraphrases: A survey of data-driven methods</title>
		<author>
			<persName><forename type="first">Nitin</forename><surname>Madnani</surname></persName>
		</author>
		<author>
			<persName><forename type="first">Bonnie</forename><forename type="middle">J</forename><surname>Dorr</surname></persName>
		</author>
	</analytic>
	<monogr>
		<title level="j">Computational Linguistics</title>
		<imprint>
			<biblScope unit="volume">36</biblScope>
			<biblScope unit="issue">3</biblScope>
			<biblScope unit="page" from="341" to="387" />
			<date type="published" when="2010">2010</date>
		</imprint>
	</monogr>
	<note type="raw_reference">Nitin Madnani and Bonnie J Dorr. 2010. Generat- ing phrasal and sentential paraphrases: A survey of data-driven methods. Computational Linguistics, 36(3):341-387.</note>
</biblStruct>

<biblStruct xml:id="b22">
	<analytic>
		<title level="a" type="main">Paraphrasing revisited with neural machine translation</title>
		<author>
			<persName><forename type="first">Jonathan</forename><surname>Mallinson</surname></persName>
		</author>
		<author>
			<persName><forename type="first">Rico</forename><surname>Sennrich</surname></persName>
		</author>
		<author>
			<persName><forename type="first">Mirella</forename><surname>Lapata</surname></persName>
		</author>
	</analytic>
	<monogr>
		<title level="m">Proceedings of the 15th Conference of the European Chapter</title>
		<title level="s">the Association for Computational Linguistics</title>
		<meeting>the 15th Conference of the European Chapter<address><addrLine>Valencia, Spain</addrLine></address></meeting>
		<imprint>
			<publisher>Association for Computational Linguistics</publisher>
			<date type="published" when="2017">2017</date>
			<biblScope unit="volume">1</biblScope>
			<biblScope unit="page" from="881" to="893" />
		</imprint>
	</monogr>
	<note>Long Papers</note>
	<note type="raw_reference">Jonathan Mallinson, Rico Sennrich, and Mirella Lapata. 2017. Paraphrasing revisited with neural machine translation. In Proceedings of the 15th Conference of the European Chapter of the Association for Compu- tational Linguistics: Volume 1, Long Papers, pages 881-893, Valencia, Spain. Association for Computa- tional Linguistics.</note>
</biblStruct>

<biblStruct xml:id="b23">
	<analytic>
		<title level="a" type="main">On variational bounds of mutual information</title>
		<author>
			<persName><forename type="first">Ben</forename><surname>Poole</surname></persName>
		</author>
		<author>
			<persName><forename type="first">Sherjil</forename><surname>Ozair</surname></persName>
		</author>
		<author>
			<persName><forename type="first">Aaron</forename><surname>Van Den</surname></persName>
		</author>
		<author>
			<persName><forename type="first">Alex</forename><surname>Oord</surname></persName>
		</author>
		<author>
			<persName><forename type="first">George</forename><surname>Alemi</surname></persName>
		</author>
		<author>
			<persName><surname>Tucker</surname></persName>
		</author>
	</analytic>
	<monogr>
		<title level="m">Proceedings of the 36th International Conference on Machine Learning</title>
				<meeting>the 36th International Conference on Machine Learning</meeting>
		<imprint>
			<publisher>PMLR</publisher>
			<date type="published" when="2019">2019</date>
			<biblScope unit="volume">97</biblScope>
			<biblScope unit="page" from="5171" to="5180" />
		</imprint>
	</monogr>
	<note>of Proceedings of Machine Learning Research</note>
	<note type="raw_reference">Ben Poole, Sherjil Ozair, Aaron Van Den Oord, Alex Alemi, and George Tucker. 2019. On variational bounds of mutual information. In Proceedings of the 36th International Conference on Machine Learn- ing, volume 97 of Proceedings of Machine Learning Research, pages 5171-5180. PMLR.</note>
</biblStruct>

<biblStruct xml:id="b24">
	<analytic>
		<title level="a" type="main">Unsupervised paraphrasing without translation</title>
		<author>
			<persName><forename type="first">Aurko</forename><surname>Roy</surname></persName>
		</author>
		<author>
			<persName><forename type="first">David</forename><surname>Grangier</surname></persName>
		</author>
		<idno type="DOI">10.18653/v1/P19-1605</idno>
	</analytic>
	<monogr>
		<title level="m">Proceedings of the 57th Annual Meeting of the Association for Computational Linguistics</title>
				<meeting>the 57th Annual Meeting of the Association for Computational Linguistics<address><addrLine>Florence, Italy</addrLine></address></meeting>
		<imprint>
			<publisher>Association for Computational Linguistics</publisher>
			<date type="published" when="2019">2019</date>
			<biblScope unit="page" from="6033" to="6039" />
		</imprint>
	</monogr>
	<note type="raw_reference">Aurko Roy and David Grangier. 2019. Unsupervised paraphrasing without translation. In Proceedings of the 57th Annual Meeting of the Association for Com- putational Linguistics, pages 6033-6039, Florence, Italy. Association for Computational Linguistics.</note>
</biblStruct>

<biblStruct xml:id="b25">
	<monogr>
		<author>
			<persName><forename type="first">Naftali</forename><surname>Tishby</surname></persName>
		</author>
		<author>
			<persName><forename type="first">Fernando</forename><forename type="middle">C</forename><surname>Pereira</surname></persName>
		</author>
		<author>
			<persName><forename type="first">William</forename><surname>Bialek</surname></persName>
		</author>
		<title level="m">The information bottleneck method</title>
				<imprint>
			<date type="published" when="1999">1999</date>
			<biblScope unit="page" from="368" to="377" />
		</imprint>
	</monogr>
	<note type="raw_reference">Naftali Tishby, Fernando C. Pereira, and William Bialek. 1999. The information bottleneck method. pages 368-377.</note>
</biblStruct>

<biblStruct xml:id="b26">
	<analytic>
		<title level="a" type="main">ParaNMT-50M: Pushing the limits of paraphrastic sentence embeddings with millions of machine translations</title>
		<author>
			<persName><forename type="first">John</forename><surname>Wieting</surname></persName>
		</author>
		<author>
			<persName><forename type="first">Kevin</forename><surname>Gimpel</surname></persName>
		</author>
		<idno type="DOI">10.18653/v1/P18-1042</idno>
	</analytic>
	<monogr>
		<title level="m">Proceedings of the 56th Annual Meeting of the Association for Computational Linguistics</title>
		<title level="s">Long Papers</title>
		<meeting>the 56th Annual Meeting of the Association for Computational Linguistics<address><addrLine>Melbourne, Australia</addrLine></address></meeting>
		<imprint>
			<publisher>Association for Computational Linguistics</publisher>
			<date type="published" when="2018">2018</date>
			<biblScope unit="volume">1</biblScope>
			<biblScope unit="page" from="451" to="462" />
		</imprint>
	</monogr>
	<note type="raw_reference">John Wieting and Kevin Gimpel. 2018. ParaNMT-50M: Pushing the limits of paraphrastic sentence embed- dings with millions of machine translations. In Pro- ceedings of the 56th Annual Meeting of the Associa- tion for Computational Linguistics (Volume 1: Long Papers), pages 451-462, Melbourne, Australia. As- sociation for Computational Linguistics.</note>
</biblStruct>

<biblStruct xml:id="b27">
	<analytic>
		<title level="a" type="main">Unsupervised data augmentation for consistency training</title>
		<author>
			<persName><forename type="first">Qizhe</forename><surname>Xie</surname></persName>
		</author>
		<author>
			<persName><forename type="first">Zihang</forename><surname>Dai</surname></persName>
		</author>
		<author>
			<persName><forename type="first">Eduard</forename><surname>Hovy</surname></persName>
		</author>
		<author>
			<persName><forename type="first">Thang</forename><surname>Luong</surname></persName>
		</author>
		<author>
			<persName><forename type="first">Quoc</forename><surname>Le</surname></persName>
		</author>
	</analytic>
	<monogr>
		<title level="m">Advances in Neural Information Processing Systems</title>
				<imprint>
			<publisher>Curran Associates, Inc</publisher>
			<date type="published" when="2020">2020</date>
			<biblScope unit="volume">33</biblScope>
			<biblScope unit="page" from="6256" to="6268" />
		</imprint>
	</monogr>
	<note type="raw_reference">Qizhe Xie, Zihang Dai, Eduard Hovy, Thang Luong, and Quoc Le. 2020. Unsupervised data augmenta- tion for consistency training. In Advances in Neural Information Processing Systems, volume 33, pages 6256-6268. Curran Associates, Inc.</note>
</biblStruct>

<biblStruct xml:id="b28">
	<analytic>
		<title level="a" type="main">Paraphrase generation: A survey of the state of the art</title>
		<author>
			<persName><forename type="first">Jianing</forename><surname>Zhou</surname></persName>
		</author>
		<author>
			<persName><forename type="first">Suma</forename><surname>Bhat</surname></persName>
		</author>
	</analytic>
	<monogr>
		<title level="m">Proceedings of the 2021 Conference on Empirical Methods in Natural Language Processing</title>
				<meeting>the 2021 Conference on Empirical Methods in Natural Language Processing</meeting>
		<imprint>
			<publisher>Dominican Republic. Association for Computational Linguistics</publisher>
			<date type="published" when="2021">2021</date>
			<biblScope unit="page" from="5075" to="5086" />
		</imprint>
		<respStmt>
			<orgName>Online and Punta Cana</orgName>
		</respStmt>
	</monogr>
	<note type="raw_reference">Jianing Zhou and Suma Bhat. 2021. Paraphrase genera- tion: A survey of the state of the art. In Proceedings of the 2021 Conference on Empirical Methods in Nat- ural Language Processing, pages 5075-5086, Online and Punta Cana, Dominican Republic. Association for Computational Linguistics.</note>
</biblStruct>

				</listBibl>
			</div>
		</back>
	</text>
</TEI>
