<?xml version="1.0" encoding="UTF-8"?>
<TEI xml:space="preserve" xmlns="http://www.tei-c.org/ns/1.0" 
xmlns:xsi="http://www.w3.org/2001/XMLSchema-instance" 
xsi:schemaLocation="http://www.tei-c.org/ns/1.0 https://raw.githubusercontent.com/kermitt2/grobid/master/grobid-home/schemas/xsd/Grobid.xsd"
 xmlns:xlink="http://www.w3.org/1999/xlink">
	<teiHeader xml:lang="en">
		<fileDesc>
			<titleStmt>
				<title level="a" type="main">Personalizing Weekly Diet Reports</title>
			</titleStmt>
			<publicationStmt>
				<publisher/>
				<availability status="unknown"><licence/></availability>
			</publicationStmt>
			<sourceDesc>
				<biblStruct>
					<analytic>
						<author>
							<persName><forename type="first">Elena</forename><surname>Monfroglio</surname></persName>
							<email>elena.monfroglio@edu.unito.it</email>
							<affiliation key="aff0">
								<orgName type="department">Dipartimento di Informatica</orgName>
								<orgName type="institution">Università di Torino</orgName>
							</affiliation>
						</author>
						<author>
							<persName><forename type="first">Luca</forename><surname>Anselma</surname></persName>
							<email>luca.anselma@unito.it</email>
							<affiliation key="aff0">
								<orgName type="department">Dipartimento di Informatica</orgName>
								<orgName type="institution">Università di Torino</orgName>
							</affiliation>
						</author>
						<author>
							<persName><forename type="first">Alessandro</forename><surname>Mazzei</surname></persName>
							<email>alessandro.mazzei@unito.it</email>
							<affiliation key="aff0">
								<orgName type="department">Dipartimento di Informatica</orgName>
								<orgName type="institution">Università di Torino</orgName>
							</affiliation>
						</author>
						<title level="a" type="main">Personalizing Weekly Diet Reports</title>
					</analytic>
					<monogr>
						<imprint>
							<date/>
						</imprint>
					</monogr>
					<idno type="MD5">7D24852124D5C66C70F6F78F7E8DA565</idno>
				</biblStruct>
			</sourceDesc>
		</fileDesc>
		<encodingDesc>
			<appInfo>
				<application version="0.7.3-SNAPSHOT" ident="GROBID" when="2023-01-12T08:45+0000">
					<desc>GROBID - A machine learning software for extracting information from scholarly documents</desc>
					<ref target="https://github.com/kermitt2/grobid"/>
				</application>
			</appInfo>
		</encodingDesc>
		<profileDesc>
			<abstract>
<div xmlns="http://www.tei-c.org/ns/1.0"><p>In this paper we present the main components of a weekly diet report generator (DRG) in natural language. The idea is to produce a text that contains information on the adherence of the dishes eaten during a week to the Mediterranean diet. The system is based on a user model, a database of the dishes eaten during the week and on the automatic computation of the Mediterranean Diet Score. All these sources of information are exploited to produce a highly personalized text. The system has two main goals, related to two different kinds of users: on the one hand, when used by dietitians, the main goal is to highlight the most salient medical information of the patient diet and, on the other hand, when used by end users, the main goal is to educate them toward a Mediterranean style of eating.</p></div>
			</abstract>
		</profileDesc>
	</teiHeader>
	<text xml:lang="en">
		<body>
<div xmlns="http://www.tei-c.org/ns/1.0"><head n="1">Introduction</head><p>The diet has a huge impact on the health of people, and a number of studies have tried to apply artificial intelligence techniques to this domain. On the one hand, there is a growing interest in applying computational techniques in all the aspects of food production, monitoring, consumption <ref type="bibr" target="#b15">(Min et al., 2019)</ref>. On the other hand, diet is one of the main factors influencing human health and it has been studied in the field of health informatics <ref type="bibr" target="#b14">(Mazzei et al., 2020;</ref><ref type="bibr" target="#b4">Balloccu et al., 2020)</ref>.</p><p>In the domain of health, it has been shown that one of the main risk factors in the onset of chronic diseases lies in the adoption of an unhealthy diet <ref type="bibr" target="#b10">(Jayedi et al., 2020)</ref>. Specifically, following a Mediterranean diet provides many health benefits <ref type="bibr" target="#b9">(Godos et al., 2019;</ref><ref type="bibr" target="#b19">Schwingshackl et al., 2017;</ref><ref type="bibr" target="#b7">Galbete et al., 2018)</ref>. However, following a diet is often difficult both for the specific complexity of the domain, and for the human tendency to transgress on eating behaviors <ref type="bibr" target="#b3">(Anselma et al., 2017)</ref>. A diet can be seen as a set of quantitative or qualitative rules and constraints, and technological tools could support users both in keeping track of the historical data and of the user progress, and obtaining motivation by means of their educational and persuasive roles. A virtual dietitian that reasons about eaten meals and that communicates through natural language suggesting corrective actions can be helpful in this task. The Multimedia Application for Diet Management <ref type="bibr" target="#b0">(Anselma and Mazzei, 2015</ref><ref type="bibr">, 2018</ref><ref type="bibr">, 2020</ref>) (MADiMan<ref type="foot" target="#foot_0">1</ref> ) was born in 2015 in order to build a virtual dietitian that is able to: (i) let the user choose the meal to eat through a mobile application, (ii) analyze the ingredients of the recipe and their quantity through the NLU module, (iii) evaluate the compatibility of the chosen meal with the principles of a diet through the Reasoner module, (iv) determine what the consequences of eating a particular dish are, (v) show these consequences to the user through natural language with messages for educational and informational purposes and motivating users to pursue their goals.</p><p>A recent development of MADiMan <ref type="bibr" target="#b14">(Mazzei et al., 2020)</ref> concerns the integration of the Mediterranean diet score (Med Score henceforth) originally proposed in <ref type="bibr">(Stefanadis, 2006)</ref>. By using a food ontology, MADiMan is able to reason both (i) on macronutrient-based constraints typical of medical diets (e.g., eat 0.8 g of proteins per kilogram of body weight per day), and (ii) on food-based constraints typical of Mediterranean diet (e.g., use daily olive oil in cooking). The Med Score (0-55) is based on the specific scores (0-5) obtained over the consumption of 11 food categories during a week. Some categories prescribe to eat no more than a limit (e.g., no more than 2 portions of red meat per week), and others not less than a limit (e.g., not less than 5 portions of fish per week).</p><p>The MADiMan system includes modules that accompany the user in real-time in the contingent choices of individual meals, but a drawback is the absence of a summary that allows the user to consolidate the results obtained at the end of the week. Furthermore, the implementation design lacks a proper personalization of the messages, since the NLG module does not take into account any personal data/preferences or the emotional state of the users.</p><p>This work has the intent to fulfill this limitation by producing a longer weekly report that educates the user. This automatic report is built with a higher degree of personalization, by formalizing different user models, in order to support different types of users who can access the platform and to implement the related communication strategies. Consequently, the information flow analyzed so far is enriched with a long report, which is sent to the user in the form of an e-mail on a weekly basis, in order to represent the habits held in the past week and to suggest which behaviors to encourage for the future and which ones to avoid.</p><p>The main research goal of this paper is to evaluate the impact of personalization on the quality of automatically generated weekly diet reports. With this aim, we first describe the main design choices in the DRG system and then we give the results of a preliminary evaluation of the system.</p><p>The paper is structured as follows: in Section 2 the concept of user model is introduced and its implementation is described. In Section 3, we describe DRG, a multilingual (Italian/English) generator that follows the typical modules of an automatic NLG system, in relation to the persuasiveness and the educational impact of the generated messages. In Section 4, we provide the results of an initial evaluation of the system and, finally, in Section 5 we conclude the paper describing some ongoing developments.</p></div>
<div xmlns="http://www.tei-c.org/ns/1.0"><head n="2">The User Models</head><p>In the domain of e-Health, personalization can play a role for achieving some form of engagement <ref type="bibr">(Di-Marco et al., 2007)</ref>, and user models play a key role in personalizing automatically generated messages. For the diet domain, a user model contains both personal information about the health status (e.g. weight) as well as user's preferences on specific topics. In particular, DRG has been designed by considering two specific categories of users, that are the patients and the dietitians. The personalization of the messages is based on the different goals that these two kinds of users have. Note that in the first case the personalization needs to consider just the patient user model, but in the second case the personalization needs to consider both the dietitian (the message addressee) and the patient (the message topic).</p><p>On the one hand, the messages generated by DRG for patients have to be informative, motivational and educational. The final goal of the system is to educate the patients toward a better understanding of the Mediterranean diet principles using an emotional engaging language based on some psychological heuristics. On the other hand, the messages generated by DRG for dietitians, that are medical specialists on nutrition (in some cases physicians), should be as short as possible, should contain information just on bad behavior of the patient, and should use a technical lexicon without emotional content. Note that we decided to not communicate information on the good behavior to the dietitians since we think that in a support system for an expert is more important to produce a summary of the problems. However, if a dietitian prefers otherwise, it is possible to adopt a different policy by changing the DRG configuration.</p><p>On the basis of these differences, the patient user model contains: (1) numerical personal/medical information on the user, storing sex, age, weight, height, and BMI (Body Mass Index); (2) a 1-to-4 point scale for representing the stress level based on the DASS-21 questionnaire <ref type="bibr" target="#b11">(Lovibond and Lovibond, 1995)</ref>; (3) a Boolean variable representing the interest of the user for food sustainability, that is a sort of sensitivity to environmental issues. Using this source of information we can produce a specific personalization for the specific patient. In contrast, with the aim to produce a technical message, all the dietitians, for a specific patient, will read the same message. Following <ref type="bibr" target="#b17">(Reiter, 2007)</ref>, we divided the generation process into three macro-phases implementing the specific generation tasks. The text planning phase implements the selection of information units to communicate (content determination) and the order in which they appear (text structuring). The creation of these information units follows the idea to aggregate together semantically equivalent information. The different categories of food are aggregated based on their scores over four different possible values: very good, good, bad and very bad. Text structuring decides in which order the information should be presented: following the socalled sandwich technique, we communicate the units following the very good, bad, good, very bad order, that is alternating a positive and a negative communication. In Figure <ref type="figure" target="#fig_1">2</ref> we report an example of text plan. Note that the text plan contains the Med Score value, computed by the reasoner, rather than the frequency of consumption of each food category.</p><p>{"language":"English", "user name":"Giulia", "user age":44, "user gender":"F", "user stress":0, "domain knowledge":0, "Med score":31, "last Med score":26, "very good":[{"name":"cer","score":5}, {"name":"veg","score":5}, {"name":"fish","score":5}, {"name":"oil","score":5}], "good":[{"name":"pot","score":3}, {"name":"leg","score":3}, {"name":"poul","score":3}], "bad":[{"name":"fru","score":2}], "very bad":[{"name":"rmeat","score":0}, {"name":"dairy","score":0}], "best dish":206, "worst dish":288, "total environment score":1000.82, "bad category environment":"rmeat"} The sentence planning phase is responsible for building the syntactic structures of the messages. So, starting from the sequence of information unit produced in the text planning, a rule-based sentence planner decides both the syntax and the lexical items of the sentences. We defined a fixed schema based on a sequence of ten elements: (a) greetings, (b) Med Score, (c) encouragement, (d) very good score, (e) bad score, (f) good score, (g) very bad score, (h) best and worst dish of the week, (i) environmental impact, (j) educational notion on the Mediterranean diet. For each element (a-j), the sentence planner will use a specific quasi-tree, that is a sort of unordered and unlexicalized dependency tree <ref type="bibr" target="#b2">(Anselma and Mazzei, 2020)</ref>. The quasi-tree will be instantiated, producing a complete structure ready for realization, considering both the text plan and the user model. For instance, greetings (a) depend on the age, whilst the best/worst dishes (h), as well as the environmental impact (i), are not provided for dietitians. Moreover, for patients with a high level of stress the system does not provide information on the "very bad" category in order to not exacerbate their stress. For instance, in Figure <ref type="figure" target="#fig_2">3</ref> a sentence plan generated for dietitians is presented. The final process of the pipeline is the realization phase that accounts for function words insertion and inflection. Following the previous implementation of MADiMAn and, in order to build a bilingual Italian/English generator, for this phase we used the Italian porting <ref type="bibr" target="#b13">(Mazzei et al., 2016)</ref> of the Sim-pleNLG realizer <ref type="bibr" target="#b8">(Gatt and Reiter, 2009)</ref>.</p><p>In Section 3.1, we give some details on the lexicalization that personalizes the sentences on the basis of some emotions.</p></div>
<div xmlns="http://www.tei-c.org/ns/1.0"><head n="3.1">Using SenticNet for lexicalization</head><p>In the field of NLG a number of works consider the use of affective strategies for the realization of an emotionally engaging text (de Rosis and Grasso, 2000; <ref type="bibr" target="#b12">Mahamood and Reiter, 2011)</ref>.</p><p>To give different emotional nuances to the final messages, we decided to use an emotional lexicon. SenticNet is a multilingual knowledge base designed for text sentiment analysis and provides a list of 150 000 lemmata, each one with different types of information, including primary and secondary emotions. Crucially, we used SenticNet for associating the stress level contained in the user model with emotion types. In SenticNet the lemmata are associated with emotions via type and polarity as described in the Hourglass of Emotions <ref type="bibr" target="#b21">(Susanto et al., 2020)</ref> model. Specifically, the emotions are classified in four categories (introspection, temper, attitude and sensitivity), each one with six different polarity levels. Our idea is to associate with each stress level a specific type of emotion to mitigate the stress. We stipulate that, in correspondence to the stress levels, the types of emotions will be selected in this specific ascending order: sensitivity, introspection, attitude and temper. In the case of more lemmata with a same type of emotion, the SenticNetManager algorithm will prefer the lemma with highest polarity. In this way, we constrain DRG to select the least negative term. Thus, we built a DRG emotional lexicon for English and Italian by intersecting the original SimpleNLG lexicon with the SenticNet lexicon. Moreover, for each leaf of the quasi-trees, we defined a specific synset of words belonging to the DRG emotional lexicon. In this way, the SenticNetManager will choose among the words in the synset the best one in correspondence to a specific user stress level. For instance, let us suppose that a synset of a quasi-tree contains three lemmas: choice, idea or decision. On the one hand, in SenticNet choice and idea correspond both to the same emotion type, that is temper, that will be selected by SenticNetManager in the case of high stress; since choice has a higher polarity value will be preferred over idea. On the other hand, decision is related to introspection and it will be selected in case the stress is medium-low.</p></div>
<div xmlns="http://www.tei-c.org/ns/1.0"><head n="4">Initial Evaluation of DRG</head><p>We are aware that message personalization does not always correspond to an effective improvement for the end user <ref type="bibr" target="#b16">(Reiter et al., 2003)</ref>. So, in order to evaluate DRG, we performed two different evaluations. A first preliminary evaluation consisted in submitting a number of Italian and English texts generated by DRG to an adjunct professor of dietistic (henceforth, the expert). The evaluation was set up by generating ten different reports simulating the diet of ten patients. These simulations consist in randomly selected dishes from a database of recipes recovered from well-known web sites (e.g. BBC Food). For eight simulations, DRG generated a report personalized for the patient, and for two simulations DRG generated a report personalized for dietitians. By considering the specific user for which the text is generated, the expert had to evaluate a report in terms of: (i) readability, that consists in the linguistic quality of the report, (ii) accuracy or content quality and (iii) usefulness, that is the effective educational support that the system could provide to the patient. The general feedback of this first evaluation was positive, with a good level for all the three measurements. However, the expert suggested to improve the system in three directions: (i) to integrate the Med Score with information about macro/micronutrients (i.e. cholesterol, proteins, etc.); (ii) to provide more details about the ingredients; (iii) to enhance the personalization considering the patient's BMI.</p><p>A second preliminary and still ongoing evaluation was performed only for Italian language to have the patients' feedback. Similarly to the first evaluation, DRG generated four texts for four different patients, on the basis of a simulation consisting of randomly selected dishes. Moreover, we built a baseline text by simply listing all the information contained in the text plan (cf. Figure <ref type="figure" target="#fig_1">2</ref>). In Table <ref type="table">1</ref> we report an example of text generated by DRG and the corresponding baseline text.</p><p>The evaluation was set up in the form of an online form with the testing hypothesis that the users would prefer highly personalized report over the -Med Score: 23 su 50 -Carne rossa, latticini e carne bianca: 0 su 5 -Legumi e frutta: 1 su 5 -Pesce: 3 su 5 -Olio e patate: 4 su 5 -Cereali e verdura: 5 su 5 -Migliore piatto: King Ranch Chicken Casserole -Peggior piatto: Creamy Au Gratin Potatoes This week you obtained the following scores:</p><p>-Med Score: 23 out of 50 -Red meat, diary and poultry: 0 out of 5 -Legumes e fruit: 1 out of 5 -Fish: 3 out of 5 -Oil and potatoes: 4 out of 5 -Cereal and vegetables: 5 out of 5 -Best dish: King Ranch Chicken Casserole -Worst dish: Creamy Au Gratin Potatoes Table <ref type="table">1</ref>: The text generated by DRG and the corresponding baseline text used for the evaluation. The Italian version is on the left and the English version, not used for evaluation, is on the right.</p><p>baseline. The form presents a user description, the baseline text and the DRG text (using a Latin square arrangement), and asks to evaluate the readability, the accuracy and the usefulness of each text by means of a 7-point Likert scale. Four pairs of reports along with a user description are shown. The four different cases were constructed by varying both the weekly dishes (randomly extracted) and the type of user for whom the report is generated. Currently, only five testers participated to the second evaluation, as reported in Table <ref type="table" target="#tab_1">2</ref>. We are aware that the small number of testers cannot guarantee statistically significant results. However, we can speculate that the readability score confirms the appealing of personalization in the linguistic quality of the text.</p></div>
<div xmlns="http://www.tei-c.org/ns/1.0"><head n="5">Conclusions and Ongoing Work</head><p>In this short paper we presented the main properties of DRG, that is a symbolic natural language generation system for building weekly report on Mediterranean diet. We are still evaluating our sys- tem by using the procedures described. Moreover, in order to have a more realistic and significant feedback on DRG, we are going to involve some students in dietistic in a form-based evaluation. As a future work, we intend to design a more complete comparative evaluation based on an ablation strategy. We intend to generate different versions of the report by excluding/exploiting the various components of DRG. In particular, we want to evaluate the contribution of the emotional lexicon in a A/B test.</p></div><figure xmlns="http://www.tei-c.org/ns/1.0" xml:id="fig_0"><head>Figure 1 :</head><label>1</label><figDesc>Figure 1: The DRG architecture.</figDesc><graphic coords="3,138.89,70.85,317.49,102.96" type="bitmap" /></figure>
<figure xmlns="http://www.tei-c.org/ns/1.0" xml:id="fig_1"><head>Figure 2 :</head><label>2</label><figDesc>Figure 2: An example of text plan.</figDesc></figure>
<figure xmlns="http://www.tei-c.org/ns/1.0" xml:id="fig_2"><head>Figure 3 :</head><label>3</label><figDesc>Figure 3: A sentence plan for the sentence "This week he has got a Med Score of 30 out of 55 and it seems to have gotten worse since last week." (translation from Italian).</figDesc><graphic coords="3,306.14,595.66,218.27,117.59" type="bitmap" /></figure>
<figure xmlns="http://www.tei-c.org/ns/1.0" type="table" xml:id="tab_0"><head></head><label></label><figDesc>Hi Davide. This week you got a Med Score of 23 out of 50 and, furthermore, you have not improved since last week. Do not give up! The amount of potatoes, fish and oil was almost excellent. Furthermore, you've done a fantastic job with cereal and vegetables. Friday's snack was an excellent choice because the King Ranch Chicken Casserole dish has a good amount of grains and vegetables. Experts would advise against the Creamy Au Gratin Potatoes dish you ate for breakfast last Monday because the amount of milk and derivatives is not good. Remember: a bad diet kills more than smoking. Baseline Questa settimana hai ottenuto i seguenti punteggi:</figDesc><table><row><cell>DRG</cell><cell>Italian version Ciao, Davide. Questa settimana hai ottenuto un Med Score pari a 23 su 50 e, inoltre, sei peggiorato dalla scorsa settimana. Non mollare! La quantità di patate, pesce ed olio era quasi eccellente. E inoltre hai fatto un lavoro fantastico con cereali e verdura. La merenda di venerdì era una scelta eccellente perché il piatto King Ranch Chicken Casserole ha una buona quantità di cereali e verdura. Gli esperti sconsiglierebbero il piatto Creamy Au Gratin Potatoes che hai mangiato il lunedì scorso a colazione perché la quantità di latte e derivati non è buona. Ricorda: una pessima dieta uccide più del fumo.</cell><cell>English version</cell></row></table></figure>
<figure xmlns="http://www.tei-c.org/ns/1.0" type="table" xml:id="tab_1"><head>Table 2 :</head><label>2</label><figDesc>Preliminary evaluation results (average over 7-point Likert scale).</figDesc><table><row><cell></cell><cell cols="3">Readability Accuracy Usefulness</cell></row><row><cell>DRG</cell><cell>5.65</cell><cell>5.3</cell><cell>5.45</cell></row><row><cell>Baseline</cell><cell>5.45</cell><cell>5.75</cell><cell>5.55</cell></row></table></figure>
			<note xmlns="http://www.tei-c.org/ns/1.0" place="foot" n="1" xml:id="foot_0">http://di.unito.it/madiman</note>
			<note xmlns="http://www.tei-c.org/ns/1.0" place="foot" n="3" xml:id="foot_1">The DRG ArchitectureThe DRG Architecture (Figure1) follows the standard modular architecture of symbolic NLG<ref type="bibr" target="#b18">(Reiter and Dale, 2000;</ref><ref type="bibr" target="#b17">Reiter, 2007)</ref>. The generation flow starts from numerical data representing the weekly diet of a patient. The diet reasoner, a module of the MADiMan system, produces and stores in a relational database the information regarding the dishes eaten during a week, their recipes, their nutritional values and their Med Scores. Also the user model information of the various users are stored, in the same relational database.</note>
		</body>
		<back>
			<div type="references">

				<listBibl>

<biblStruct xml:id="b0">
	<analytic>
		<title level="a" type="main">Towards diet management with automatic reasoning and persuasive natural language generation</title>
		<author>
			<persName><forename type="first">Luca</forename><surname>Anselma</surname></persName>
		</author>
		<author>
			<persName><forename type="first">Alessandro</forename><surname>Mazzei</surname></persName>
		</author>
	</analytic>
	<monogr>
		<title level="m">Progress in Artificial Intelligence -17th Portuguese Conference on Artificial Intelligence, EPIA 2015, Coimbra, Portugal</title>
				<imprint>
			<publisher>Springer</publisher>
			<date type="published" when="2015-09-08">2015. September 8-11, 2015</date>
			<biblScope unit="page" from="79" to="90" />
		</imprint>
	</monogr>
	<note>Proceedings, number 9273 in Lecture Notes in Computer Science</note>
	<note type="raw_reference">Luca Anselma and Alessandro Mazzei. 2015. Towards diet management with automatic reasoning and per- suasive natural language generation. In Progress in Artificial Intelligence -17th Portuguese Conference on Artificial Intelligence, EPIA 2015, Coimbra, Por- tugal, September 8-11, 2015. Proceedings, number 9273 in Lecture Notes in Computer Science, pages 79-90. Springer. ISBN 978-3-319-23484-7.</note>
</biblStruct>

<biblStruct xml:id="b1">
	<analytic>
		<title level="a" type="main">Designing and testing the messages produced by a virtual dietitian</title>
		<author>
			<persName><forename type="first">Luca</forename><surname>Anselma</surname></persName>
		</author>
		<author>
			<persName><forename type="first">Alessandro</forename><surname>Mazzei</surname></persName>
		</author>
	</analytic>
	<monogr>
		<title level="m">Proc. of 11th International Conference on Natural Language Generation (INLG 2018)</title>
				<meeting>of 11th International Conference on Natural Language Generation (INLG 2018)</meeting>
		<imprint>
			<publisher>ACL</publisher>
			<date type="published" when="2018">2018</date>
			<biblScope unit="page" from="244" to="253" />
		</imprint>
	</monogr>
	<note type="raw_reference">Luca Anselma and Alessandro Mazzei. 2018. Design- ing and testing the messages produced by a virtual di- etitian. In Proc. of 11th International Conference on Natural Language Generation (INLG 2018), pages 244-253. ACL.</note>
</biblStruct>

<biblStruct xml:id="b2">
	<analytic>
		<title level="a" type="main">Building a Persuasive Virtual Dietitian</title>
		<author>
			<persName><forename type="first">Luca</forename><surname>Anselma</surname></persName>
		</author>
		<author>
			<persName><forename type="first">Alessandro</forename><surname>Mazzei</surname></persName>
		</author>
	</analytic>
	<monogr>
		<title level="j">INFORMATICS</title>
		<imprint>
			<biblScope unit="volume">7</biblScope>
			<biblScope unit="issue">3</biblScope>
			<biblScope unit="page" from="1" to="27" />
			<date type="published" when="2020">2020</date>
		</imprint>
	</monogr>
	<note type="raw_reference">Luca Anselma and Alessandro Mazzei. 2020. Build- ing a Persuasive Virtual Dietitian. INFORMATICS, 7(3):1-27.</note>
</biblStruct>

<biblStruct xml:id="b3">
	<analytic>
		<title level="a" type="main">An artificial intelligence framework for compensating transgressions and its application to diet management</title>
		<author>
			<persName><forename type="first">Luca</forename><surname>Anselma</surname></persName>
		</author>
		<author>
			<persName><forename type="first">Alessandro</forename><surname>Mazzei</surname></persName>
		</author>
		<author>
			<persName><forename type="first">Franco</forename><surname>De</surname></persName>
		</author>
		<author>
			<persName><forename type="first">Michieli</forename></persName>
		</author>
	</analytic>
	<monogr>
		<title level="j">Journal of Biomedical Informatics</title>
		<imprint>
			<biblScope unit="volume">68</biblScope>
			<biblScope unit="page" from="58" to="70" />
			<date type="published" when="2017">2017</date>
		</imprint>
	</monogr>
	<note type="raw_reference">Luca Anselma, Alessandro Mazzei, and Franco De Michieli. 2017. An artificial intelligence frame- work for compensating transgressions and its appli- cation to diet management. Journal of Biomedical Informatics, 68:58-70.</note>
</biblStruct>

<biblStruct xml:id="b4">
	<analytic>
		<title level="a" type="main">A NLG framework for user tailoring and profiling in healthcare</title>
		<author>
			<persName><forename type="first">Simone</forename><surname>Balloccu</surname></persName>
		</author>
		<author>
			<persName><forename type="first">Steffen</forename><surname>Pauws</surname></persName>
		</author>
		<author>
			<persName><forename type="first">Ehud</forename><surname>Reiter</surname></persName>
		</author>
	</analytic>
	<monogr>
		<title level="m">Proceedings of the First Workshop on Smart Personal Health Interfaces co-located with 25th International Conference on Intelligent User Interfaces (IUI 2020)</title>
				<meeting>the First Workshop on Smart Personal Health Interfaces co-located with 25th International Conference on Intelligent User Interfaces (IUI 2020)</meeting>
		<imprint>
			<publisher>CEUR-WS</publisher>
			<date type="published" when="2020">2020</date>
			<biblScope unit="volume">2596</biblScope>
			<biblScope unit="page" from="13" to="32" />
		</imprint>
	</monogr>
	<note type="raw_reference">Simone Balloccu, Steffen Pauws, and Ehud Reiter. 2020. A NLG framework for user tailoring and profiling in healthcare. In Proceedings of the First Workshop on Smart Personal Health Interfaces co-located with 25th International Conference on Intelligent User Interfaces (IUI 2020), volume 2596, pages 13 -32. CEUR-WS.</note>
</biblStruct>

<biblStruct xml:id="b5">
	<monogr>
		<title level="m" type="main">Affective Natural Language Generation</title>
		<author>
			<persName><forename type="first">Fiorella</forename><surname>De</surname></persName>
		</author>
		<author>
			<persName><forename type="first">Rosis</forename></persName>
		</author>
		<author>
			<persName><forename type="first">Floriana</forename><surname>Grasso</surname></persName>
		</author>
		<idno type="DOI">10.1007/10720296_15</idno>
		<imprint>
			<date type="published" when="2000">2000</date>
			<biblScope unit="page" from="204" to="218" />
		</imprint>
	</monogr>
	<note type="raw_reference">Fiorella de Rosis and Floriana Grasso. 2000. Affec- tive Natural Language Generation, pages 204-218.</note>
</biblStruct>

<biblStruct xml:id="b6">
	<analytic>
		<title level="a" type="main">The development of a natural language generation system for personalized ehealth information</title>
		<author>
			<persName><forename type="first">Chrysanne</forename><surname>Dimarco</surname></persName>
		</author>
		<author>
			<persName><forename type="first">H</forename><forename type="middle">D</forename><surname>Covvey</surname></persName>
		</author>
		<author>
			<persName><forename type="first">Peter</forename><surname>Bray</surname></persName>
		</author>
		<author>
			<persName><forename type="first">Donald</forename><surname>Cowan</surname></persName>
		</author>
		<author>
			<persName><forename type="first">Vic</forename><surname>Diciccio</surname></persName>
		</author>
		<author>
			<persName><forename type="first">Eduard</forename><surname>Hovy</surname></persName>
		</author>
		<author>
			<persName><forename type="first">Joan</forename><surname>Lipa</surname></persName>
		</author>
		<author>
			<persName><forename type="first">Doug</forename><surname>Mulholland</surname></persName>
		</author>
	</analytic>
	<monogr>
		<title level="m">Proceedings of the 12th World Congress on Health</title>
				<meeting>the 12th World Congress on Health</meeting>
		<imprint>
			<publisher>IOS Press</publisher>
			<date type="published" when="2007">2007</date>
			<biblScope unit="volume">129</biblScope>
			<biblScope unit="page" from="2339" to="2340" />
		</imprint>
	</monogr>
	<note type="raw_reference">Chrysanne DiMarco, H. D. Covvey, Peter Bray, Donald Cowan, Vic DiCiccio, Eduard Hovy, Joan Lipa, and Doug Mulholland. 2007. The development of a nat- ural language generation system for personalized e- health information. In Proceedings of the 12th World Congress on Health (Medical) Informatics, volume 129, pages 2339-2340. IOS Press.</note>
</biblStruct>

<biblStruct xml:id="b7">
	<analytic>
		<title level="a" type="main">Evaluating Mediterranean diet and risk of chronic disease in cohort studies: an umbrella review of meta-analyses</title>
		<author>
			<persName><forename type="first">Cecilia</forename><surname>Galbete</surname></persName>
		</author>
		<author>
			<persName><forename type="first">Lukas</forename><surname>Schwingshackl</surname></persName>
		</author>
		<author>
			<persName><forename type="first">Carolina</forename><surname>Schwedhelm</surname></persName>
		</author>
		<author>
			<persName><forename type="first">Heiner</forename><surname>Boeing</surname></persName>
		</author>
		<author>
			<persName><forename type="first">Matthias</forename><forename type="middle">B</forename><surname>Schulze</surname></persName>
		</author>
	</analytic>
	<monogr>
		<title level="j">European journal of epidemiology</title>
		<imprint>
			<biblScope unit="volume">33</biblScope>
			<biblScope unit="issue">10</biblScope>
			<biblScope unit="page" from="909" to="931" />
			<date type="published" when="2018">2018</date>
		</imprint>
	</monogr>
	<note type="raw_reference">Cecilia Galbete, Lukas Schwingshackl, Carolina Schwedhelm, Heiner Boeing, and Matthias B Schulze. 2018. Evaluating Mediterranean diet and risk of chronic disease in cohort studies: an umbrella review of meta-analyses. European journal of epi- demiology, 33(10):909-931.</note>
</biblStruct>

<biblStruct xml:id="b8">
	<analytic>
		<title level="a" type="main">SimpleNLG: A Realisation Engine for Practical Applications</title>
		<author>
			<persName><forename type="first">Albert</forename><surname>Gatt</surname></persName>
		</author>
		<author>
			<persName><forename type="first">Ehud</forename><surname>Reiter</surname></persName>
		</author>
	</analytic>
	<monogr>
		<title level="m">Proceedings of the 12th European Workshop on Natural Language Generation, ENLG &apos;09</title>
				<meeting>the 12th European Workshop on Natural Language Generation, ENLG &apos;09<address><addrLine>Stroudsburg, PA, USA</addrLine></address></meeting>
		<imprint>
			<publisher>Association for Computational Linguistics</publisher>
			<date type="published" when="2009">2009</date>
			<biblScope unit="page" from="90" to="93" />
		</imprint>
	</monogr>
	<note type="raw_reference">Albert Gatt and Ehud Reiter. 2009. SimpleNLG: A Realisation Engine for Practical Applications. In Proceedings of the 12th European Workshop on Nat- ural Language Generation, ENLG &apos;09, pages 90-93, Stroudsburg, PA, USA. Association for Computa- tional Linguistics.</note>
</biblStruct>

<biblStruct xml:id="b9">
	<analytic>
		<title level="a" type="main">Adherence to the Mediterranean diet is associated with better sleep quality in italian adults</title>
		<author>
			<persName><forename type="first">Justyna</forename><surname>Godos</surname></persName>
		</author>
		<author>
			<persName><forename type="first">Raffaele</forename><surname>Ferri</surname></persName>
		</author>
		<author>
			<persName><forename type="first">Filippo</forename><surname>Caraci</surname></persName>
		</author>
		<author>
			<persName><forename type="first">Filomena</forename></persName>
		</author>
		<author>
			<persName><forename type="first">Irene</forename><forename type="middle">Ilaria</forename><surname>Cosentino</surname></persName>
		</author>
		<author>
			<persName><forename type="first">Sabrina</forename><surname>Castellano</surname></persName>
		</author>
		<author>
			<persName><forename type="first">Fabio</forename><surname>Galvano</surname></persName>
		</author>
		<author>
			<persName><forename type="first">Giuseppe</forename><surname>Grosso</surname></persName>
		</author>
	</analytic>
	<monogr>
		<title level="j">Nutrients</title>
		<imprint>
			<biblScope unit="volume">11</biblScope>
			<biblScope unit="issue">5</biblScope>
			<biblScope unit="page">976</biblScope>
			<date type="published" when="2019">2019</date>
		</imprint>
	</monogr>
	<note type="raw_reference">Justyna Godos, Raffaele Ferri, Filippo Caraci, Filom- ena Irene Ilaria Cosentino, Sabrina Castellano, Fabio Galvano, and Giuseppe Grosso. 2019. Adherence to the Mediterranean diet is associated with better sleep quality in italian adults. Nutrients, 11(5):976.</note>
</biblStruct>

<biblStruct xml:id="b10">
	<analytic>
		<title level="a" type="main">Healthy and unhealthy dietary patterns and the risk of chronic disease: an umbrella review of meta-analyses of prospective cohort studies</title>
		<author>
			<persName><forename type="first">Ahmad</forename><surname>Jayedi</surname></persName>
		</author>
		<author>
			<persName><forename type="first">Sepideh</forename><surname>Soltani</surname></persName>
		</author>
		<author>
			<persName><forename type="first">Anna</forename><surname>Abdolshahi</surname></persName>
		</author>
		<author>
			<persName><forename type="first">Sakineh</forename><surname>Shab-Bidar</surname></persName>
		</author>
	</analytic>
	<monogr>
		<title level="j">British Journal of Nutrition</title>
		<imprint>
			<biblScope unit="volume">124</biblScope>
			<biblScope unit="issue">11</biblScope>
			<biblScope unit="page" from="1133" to="1144" />
			<date type="published" when="2020">2020</date>
		</imprint>
	</monogr>
	<note type="raw_reference">Ahmad Jayedi, Sepideh Soltani, Anna Abdolshahi, and Sakineh Shab-Bidar. 2020. Healthy and unhealthy di- etary patterns and the risk of chronic disease: an um- brella review of meta-analyses of prospective cohort studies. British Journal of Nutrition, 124(11):1133- 1144.</note>
</biblStruct>

<biblStruct xml:id="b11">
	<analytic>
		<title level="a" type="main">The structure of negative emotional states: Comparison of the depression anxiety stress scales (DASS) with the Beck depression and anxiety inventories</title>
		<author>
			<persName><forename type="first">P</forename><forename type="middle">F</forename><surname>Lovibond</surname></persName>
		</author>
		<author>
			<persName><forename type="first">S</forename><forename type="middle">H</forename><surname>Lovibond</surname></persName>
		</author>
	</analytic>
	<monogr>
		<title level="j">Behaviour Research and Therapy</title>
		<imprint>
			<biblScope unit="volume">33</biblScope>
			<biblScope unit="issue">3</biblScope>
			<biblScope unit="page" from="335" to="343" />
			<date type="published" when="1995">1995</date>
		</imprint>
	</monogr>
	<note type="raw_reference">P.F. Lovibond and S.H. Lovibond. 1995. The structure of negative emotional states: Comparison of the de- pression anxiety stress scales (DASS) with the Beck depression and anxiety inventories. Behaviour Re- search and Therapy, 33(3):335-343.</note>
</biblStruct>

<biblStruct xml:id="b12">
	<analytic>
		<title level="a" type="main">Generating affective natural language for parents of neonatal infants</title>
		<author>
			<persName><forename type="first">Saad</forename><surname>Mahamood</surname></persName>
		</author>
		<author>
			<persName><forename type="first">Ehud</forename><surname>Reiter</surname></persName>
		</author>
	</analytic>
	<monogr>
		<title level="m">Proceedings of the 13th European Workshop on Natural Language Generation</title>
				<meeting>the 13th European Workshop on Natural Language Generation</meeting>
		<imprint>
			<date type="published" when="2011">2011</date>
			<biblScope unit="page" from="12" to="21" />
		</imprint>
	</monogr>
	<note type="raw_reference">Saad Mahamood and Ehud Reiter. 2011. Generating affective natural language for parents of neonatal in- fants. In Proceedings of the 13th European Workshop on Natural Language Generation, pages 12-21.</note>
</biblStruct>

<biblStruct xml:id="b13">
	<analytic>
		<title level="a" type="main">SimpleNLG-IT: adapting SimpleNLG to Italian</title>
		<author>
			<persName><forename type="first">Alessandro</forename><surname>Mazzei</surname></persName>
		</author>
		<author>
			<persName><forename type="first">Cristina</forename><surname>Battaglino</surname></persName>
		</author>
		<author>
			<persName><forename type="first">Cristina</forename><surname>Bosco</surname></persName>
		</author>
	</analytic>
	<monogr>
		<title level="m">Proceedings of the 9th International Natural Language Generation conference</title>
				<meeting>the 9th International Natural Language Generation conference<address><addrLine>Edinburgh, UK</addrLine></address></meeting>
		<imprint>
			<publisher>Association for Computational Linguistics</publisher>
			<date type="published" when="2016">2016</date>
			<biblScope unit="page" from="184" to="192" />
		</imprint>
	</monogr>
	<note type="raw_reference">Alessandro Mazzei, Cristina Battaglino, and Cristina Bosco. 2016. SimpleNLG-IT: adapting SimpleNLG to Italian. In Proceedings of the 9th International Natural Language Generation conference, pages 184- 192, Edinburgh, UK. Association for Computational Linguistics.</note>
</biblStruct>

<biblStruct xml:id="b14">
	<analytic>
		<title level="a" type="main">Adopting the mediterranean diet score in a diet management system</title>
		<author>
			<persName><forename type="first">Alessandro</forename><surname>Mazzei</surname></persName>
		</author>
		<author>
			<persName><forename type="first">Antonio</forename><surname>Lieto</surname></persName>
		</author>
		<author>
			<persName><forename type="first">Mirko</forename><surname>Di Lascio</surname></persName>
		</author>
		<author>
			<persName><forename type="first">Luca</forename><surname>Anselma</surname></persName>
		</author>
	</analytic>
	<monogr>
		<title level="m">13th International Joint Conference on Biomedical Engineering Systems and Technologies-HEALTHINF</title>
				<imprint>
			<publisher>SCITEPress</publisher>
			<date type="published" when="2020">2020</date>
			<biblScope unit="page" from="670" to="676" />
		</imprint>
	</monogr>
	<note type="raw_reference">Alessandro Mazzei, Antonio Lieto, Mirko Di Lascio, and Luca Anselma. 2020. Adopting the mediter- ranean diet score in a diet management system. In 13th International Joint Conference on Biomedical Engineering Systems and Technologies-HEALTHINF, pages 670-676. SCITEPress.</note>
</biblStruct>

<biblStruct xml:id="b15">
	<analytic>
		<title level="a" type="main">A survey on food computing</title>
		<author>
			<persName><forename type="first">Weiqing</forename><surname>Min</surname></persName>
		</author>
		<author>
			<persName><forename type="first">Shuqiang</forename><surname>Jiang</surname></persName>
		</author>
		<author>
			<persName><forename type="first">Linhu</forename><surname>Liu</surname></persName>
		</author>
		<author>
			<persName><forename type="first">Yong</forename><surname>Rui</surname></persName>
		</author>
		<author>
			<persName><forename type="first">Ramesh</forename><surname>Jain</surname></persName>
		</author>
		<idno type="DOI">10.1145/3329168</idno>
	</analytic>
	<monogr>
		<title level="j">ACM Comput. Surv</title>
		<imprint>
			<biblScope unit="issue">5</biblScope>
			<biblScope unit="page">52</biblScope>
			<date type="published" when="2019">2019</date>
		</imprint>
	</monogr>
	<note type="raw_reference">Weiqing Min, Shuqiang Jiang, Linhu Liu, Yong Rui, and Ramesh Jain. 2019. A survey on food computing. ACM Comput. Surv., 52(5).</note>
</biblStruct>

<biblStruct xml:id="b16">
	<analytic>
		<title level="a" type="main">Lessons from a Failure: Generating Tailored Smoking Cessation Letters</title>
		<author>
			<persName><forename type="first">E</forename><surname>Reiter</surname></persName>
		</author>
		<author>
			<persName><forename type="first">R</forename><surname>Robertson</surname></persName>
		</author>
		<author>
			<persName><forename type="first">L</forename><surname>Osman</surname></persName>
		</author>
	</analytic>
	<monogr>
		<title level="j">Artificial Intelligence</title>
		<imprint>
			<biblScope unit="volume">144</biblScope>
			<biblScope unit="page" from="41" to="58" />
			<date type="published" when="2003">2003</date>
		</imprint>
	</monogr>
	<note type="raw_reference">E. Reiter, R. Robertson, and L. Osman. 2003. Lessons from a Failure: Generating Tailored Smoking Cessa- tion Letters. Artificial Intelligence, 144:41-58.</note>
</biblStruct>

<biblStruct xml:id="b17">
	<analytic>
		<title level="a" type="main">An architecture for data-to-text systems</title>
		<author>
			<persName><forename type="first">Ehud</forename><surname>Reiter</surname></persName>
		</author>
	</analytic>
	<monogr>
		<title level="m">Proc. of the 11th European Workshop on Natural Language Generation, ENLG &apos;07</title>
				<meeting>of the 11th European Workshop on Natural Language Generation, ENLG &apos;07<address><addrLine>Stroudsburg, PA, USA</addrLine></address></meeting>
		<imprint>
			<publisher>Association for Computational Linguistics</publisher>
			<date type="published" when="2007">2007</date>
			<biblScope unit="page" from="97" to="104" />
		</imprint>
	</monogr>
	<note type="raw_reference">Ehud Reiter. 2007. An architecture for data-to-text sys- tems. In Proc. of the 11th European Workshop on Natural Language Generation, ENLG &apos;07, pages 97- 104, Stroudsburg, PA, USA. Association for Compu- tational Linguistics.</note>
</biblStruct>

<biblStruct xml:id="b18">
	<monogr>
		<title level="m" type="main">Building Natural Language Generation Systems</title>
		<author>
			<persName><forename type="first">Ehud</forename><surname>Reiter</surname></persName>
		</author>
		<author>
			<persName><forename type="first">Robert</forename><surname>Dale</surname></persName>
		</author>
		<imprint>
			<date type="published" when="2000">2000</date>
			<publisher>Cambridge University Press</publisher>
			<pubPlace>New York, NY, USA</pubPlace>
		</imprint>
	</monogr>
	<note type="raw_reference">Ehud Reiter and Robert Dale. 2000. Building Natural Language Generation Systems. Cambridge Univer- sity Press, New York, NY, USA.</note>
</biblStruct>

<biblStruct xml:id="b19">
	<analytic>
		<title level="a" type="main">Adherence to mediterranean diet and risk of cancer: an updated systematic review and meta-analysis</title>
		<author>
			<persName><forename type="first">Lukas</forename><surname>Schwingshackl</surname></persName>
		</author>
		<author>
			<persName><forename type="first">Carolina</forename><surname>Schwedhelm</surname></persName>
		</author>
		<author>
			<persName><forename type="first">Cecilia</forename><surname>Galbete</surname></persName>
		</author>
		<author>
			<persName><forename type="first">Georg</forename><surname>Hoffmann</surname></persName>
		</author>
	</analytic>
	<monogr>
		<title level="j">Nutrients</title>
		<imprint>
			<biblScope unit="volume">9</biblScope>
			<biblScope unit="issue">10</biblScope>
			<biblScope unit="page">1063</biblScope>
			<date type="published" when="2017">2017</date>
		</imprint>
	</monogr>
	<note type="raw_reference">Lukas Schwingshackl, Carolina Schwedhelm, Cecilia Galbete, and Georg Hoffmann. 2017. Adherence to mediterranean diet and risk of cancer: an up- dated systematic review and meta-analysis. Nutri- ents, 9(10):1063.</note>
</biblStruct>

<biblStruct xml:id="b20">
	<analytic>
		<title level="a" type="main">Dietary patterns: A Mediterranean diet score and its relation to clinical and biological markers of cardiovascular disease risk</title>
		<author>
			<persName><forename type="first">B</forename><surname>Demosthenes</surname></persName>
		</author>
		<author>
			<persName><surname>Panagiotakos</surname></persName>
		</author>
	</analytic>
	<monogr>
		<title level="j">Nutrition, Metabolism and Cardiovascular Diseases</title>
		<imprint>
			<biblScope unit="volume">16</biblScope>
			<biblScope unit="issue">8</biblScope>
			<biblScope unit="page" from="559" to="568" />
			<date type="published" when="2006">2006</date>
		</imprint>
	</monogr>
	<note>Christos Pitsavos, Christodoulos Stefanadis</note>
	<note type="raw_reference">Demosthenes B. Panagiotakos, Christos Pit- savos, Christodoulos Stefanadis. 2006. Dietary patterns: A Mediterranean diet score and its relation to clinical and biological markers of cardiovas- cular disease risk. Nutrition, Metabolism and Cardiovascular Diseases, 16(8):559-568.</note>
</biblStruct>

<biblStruct xml:id="b21">
	<analytic>
		<title level="a" type="main">The hourglass model revisited</title>
		<author>
			<persName><forename type="first">Yosephine</forename><surname>Susanto</surname></persName>
		</author>
		<author>
			<persName><forename type="first">Andrew</forename><forename type="middle">G</forename><surname>Livingstone</surname></persName>
		</author>
		<author>
			<persName><forename type="first">Bee</forename><forename type="middle">Chin</forename><surname>Ng</surname></persName>
		</author>
		<author>
			<persName><forename type="first">Erik</forename><surname>Cambria</surname></persName>
		</author>
	</analytic>
	<monogr>
		<title level="j">IEEE Intelligent Systems</title>
		<imprint>
			<biblScope unit="volume">35</biblScope>
			<biblScope unit="issue">5</biblScope>
			<biblScope unit="page" from="96" to="102" />
			<date type="published" when="2020">2020</date>
		</imprint>
	</monogr>
	<note type="raw_reference">Yosephine Susanto, Andrew G Livingstone, Bee Chin Ng, and Erik Cambria. 2020. The hourglass model revisited. IEEE Intelligent Systems, 35(5):96-102.</note>
</biblStruct>

				</listBibl>
			</div>
		</back>
	</text>
</TEI>
