<?xml version="1.0" encoding="UTF-8"?>
<TEI xml:space="preserve" xmlns="http://www.tei-c.org/ns/1.0" 
xmlns:xsi="http://www.w3.org/2001/XMLSchema-instance" 
xsi:schemaLocation="http://www.tei-c.org/ns/1.0 https://raw.githubusercontent.com/kermitt2/grobid/master/grobid-home/schemas/xsd/Grobid.xsd"
 xmlns:xlink="http://www.w3.org/1999/xlink">
	<teiHeader xml:lang="en">
		<fileDesc>
			<titleStmt>
				<title level="a" type="main">The lack of theory is painful: Modeling Harshness in Peer Review Comments</title>
			</titleStmt>
			<publicationStmt>
				<publisher/>
				<availability status="unknown"><licence/></availability>
			</publicationStmt>
			<sourceDesc>
				<biblStruct>
					<analytic>
						<author>
							<persName><forename type="first">Rajeev</forename><surname>Verma</surname></persName>
						</author>
						<author>
							<persName><forename type="first">Rajarshi</forename><surname>Roychowdhury</surname></persName>
							<email>rroychoudhury2@gmail.com</email>
							<affiliation key="aff0">
								<orgName type="institution">Jadavpur University</orgName>
								<address>
									<country key="IN">India</country>
								</address>
							</affiliation>
						</author>
						<author>
							<persName><forename type="first">Tirthankar</forename><surname>Ghosal</surname></persName>
							<email>ghosal@ufal.mff.cuni.cz</email>
							<affiliation key="aff1">
								<orgName type="department">Faculty of Mathematics and Physics</orgName>
								<orgName type="institution">Charles University</orgName>
							</affiliation>
							<affiliation key="aff2">
								<orgName type="department">Institute of Formal and Applied Linguistics</orgName>
								<address>
									<country key="CZ">Czech Republic</country>
								</address>
							</affiliation>
						</author>
						<author>
							<persName><forename type="first">Independent</forename><surname>Researcher</surname></persName>
						</author>
						<title level="a" type="main">The lack of theory is painful: Modeling Harshness in Peer Review Comments</title>
					</analytic>
					<monogr>
						<imprint>
							<date/>
						</imprint>
					</monogr>
					<idno type="MD5">A13012154F40A011E74685D9AAF3771F</idno>
				</biblStruct>
			</sourceDesc>
		</fileDesc>
		<encodingDesc>
			<appInfo>
				<application version="0.7.3-SNAPSHOT" ident="GROBID" when="2023-01-12T09:15+0000">
					<desc>GROBID - A machine learning software for extracting information from scholarly documents</desc>
					<ref target="https://github.com/kermitt2/grobid"/>
				</application>
			</appInfo>
		</encodingDesc>
		<profileDesc>
			<abstract>
<div xmlns="http://www.tei-c.org/ns/1.0"><p>The peer-review system has primarily remained the central process of all science communications. However, research has shown that the process manifests a power-imbalance scenario where the reviewer enjoys a position where their comments can be overly critical and wilfully obtuse without being held accountable. This brings into question the sanctity of the peer-review process, turning it into a fraught and traumatic experience for authors. A little more effort to still remain critical but be constructive in the feedback would help foster a progressive outcome from the peer-review process. In this paper, we argue to intervene at the step where this power imbalance actually begins in the system. To this end, we develop the first dataset of peer-review comments with their real-valued harshness scores. We build our dataset by using the popular Best-Worst-Scaling mechanism. We show the utility of our dataset for text moderation in peer reviews to make review reports less hurtful and more welcoming. We release our dataset and associated codes in https://github.com/Tirthankar-Ghosal/ moderating-peer-review-harshness. Our research is one step towards helping create constructive peer-review reports.</p></div>
			</abstract>
		</profileDesc>
	</teiHeader>
	<text xml:lang="en">
		<body>
<div xmlns="http://www.tei-c.org/ns/1.0"><head n="1">Introduction</head><p>The peer-review system has largely remained the central and universal quality control system in all scientific fields. <ref type="bibr">Hyland and Jiang (2020)</ref> argues that the peer-review system embodies Universalism and Organized skepticism where the former means "an adherence to objectivity rather than selfinterest," and the latter calls to the spirit that "no theory is accepted merely on the authority of the proponent." Both these goals are crucial to the success of this science scrutiny system that has been the de-facto method for scientific validation for ages. Nonetheless, the past few years have put this system to stress test with ever-increasing research submissions <ref type="bibr" target="#b13">(Ghosal et al., 2019a)</ref>, a dearth of experienced reviewers, and criticisms like exclusionary, arbitrary, inconsistent, etc. being leveled at this fundamental process of science evaluation <ref type="bibr" target="#b11">(Ghosal, 2022)</ref>. These challenges have the potential to turn this central process into a fraught, and traumatic experience, especially for young authors when the reviewers are overly critical or wilfully obtuse <ref type="bibr" target="#b38">(Wilcox, 2019)</ref>. In an ever-increasing competition in the academic job market, where the career of researchers depends on the impact and prestige of where their work is published, this leads to a natural disdain among the authors for the peerreview process, which is laden with these critical issues. While the peer-review process is by definition a process to evaluate the research under submission -a litmus test to separate the sweet from the sour<ref type="foot" target="#foot_0">1</ref> , sometimes what hurt the most to the enthusiastic prospective author is the way reviewers express themselves in the reviews. <ref type="bibr">Hyland and Jiang (2020)</ref> notes that "review comments can be blunt, perhaps because of reviewer anonymity, a hurried report, personal style, or even a lack of pragmatic experience." They also express that the peer-review process exhibits a power imbalance:</p><p>"The very act of evaluating another's work is a thinly disguised instructional relationship of authority; an inherently unequal interaction because the power to criticise is non-reciprocal and lies exclusively with the reviewer. This is perhaps made more threatening by the fact that reviewers are "mysterious and intimidating figures" <ref type="bibr" target="#b35">(Tardy, 2018)</ref>, masked by anonymity, with the power to influence our professional lives. Clearly, reviewers' reports can be demoralizing, and while anonymity might help prevent personal bias, it can make reviewers less accountable."</p><p>Towards the overarching goal of improving the review quality standards and making the peerreviewing process more inclusive, an interesting direction would be to intervene at the very step where this power imbalance actually begins. Present-day scientific progress is critically dependent on the peer-review process. Hence an inclusive and constructive environment is critical to foster a progressive scientific temperament. Here in this work, we intend to make the review reports more welcoming so that they do not seem hurtful and actually focus on their intended objective, i.e., to provide helpful feedback to the authors on their submitted manuscript. Given the scale of the peer-review process, an automatic system for this intervention would be of high value. Here, we model the various facets of how review comments can be perceived as hurtful, a quality we henceforth call as harshness.</p><p>We build upon the reviewer guidelines in major Artificial Intelligence (AI) conferences to categorize how this harshness is expressed in the peer-review reports. We use a comparative annotation scheme, called Best-Worst-Scaling, to map review sentences into real-valued harshness scores and make this dataset publicly available. We envision that our research and accompanying dataset will be helpful in automatic peer-review text moderation.</p><p>Let us study a recent example from a metareview in NeurIPS 2021, which was rather harsh and unnecessary<ref type="foot" target="#foot_1">2</ref> :</p><p>"I do have experience with social science research, and this paper lacks insightfulness or originality from that perspective, so I recommend rejection," and "This paper will eventually be published somewhere, but it won't have great impact."</p><p>On gaining visibility and criticism in social media on these open access reviews<ref type="foot" target="#foot_2">3</ref> , these comments were later manually moderated. Thus previous research and evidence such as the above example show that unkind review comments are common. Due to the confidential nature of the reviewing process, reviewers do not disclose their identity and hence cannot be held accountable for their unprofessional and unnecessary hard comments. Hence this phenomenon has the potential to silently make the whole publishing process a traumatic experience for researchers.</p><p>Our dataset can be used to filter out review sentences based on different thresholds to detect im-polite review comments. A system to predict a harshness score of review sentences would help (senior) area chairs or editors to not allow such comments to go out in public or to the authors. Similarly, a reviewer-assistant tool could use such a predictor to flag/alert reviewers when they write such harsh comments (or are repeated offenders). We understand that the peer-review process and harshness is inherently a subjective phenomenon. However, we should strive to make the peer-review process more welcoming so that the fundamental process of scrutinizing science remains objective. Our current work is a step in that direction.</p></div>
<div xmlns="http://www.tei-c.org/ns/1.0"><head n="2">Related Work</head><p>There is a growing body of literature on Natural Language Processing (NLP) for peer reviews and scientific literature in general. For example, datasets like PeerRead <ref type="bibr" target="#b19">(Kang et al., 2018)</ref>, CiteTracked <ref type="bibr" target="#b27">(Plank and van Dalen, 2019)</ref>, ASAP-Review <ref type="bibr" target="#b41">(Yuan et al., 2021)</ref>, Peer-Review-Analyze <ref type="bibr">(Ghosal et al., 2022)</ref> are proposed in the literature to support NLP research on few downstream problems in peer-reviews. <ref type="bibr">Recently, Bharti et al. (2022a)</ref> proposed a binary-class dataset to determine if a peer-review statement is constructive or not. Among the computational approaches, <ref type="bibr" target="#b15">Ghosal et al. (2019b)</ref>; <ref type="bibr" target="#b22">Kumar et al. (2022)</ref> use sentiment information in peer-review comments to predict the reviewer recommendation score and the acceptance/rejection decision of a manuscript. <ref type="bibr" target="#b36">Wang and Wan (2018)</ref>; <ref type="bibr" target="#b23">Kumar et al. (2021)</ref> proposed deep neural methods for sentiment analysis on peer reviews. Our work is different from their works as we model the harshness of a review comment, which is a much richer signal than sentiment label or intensity. In essence, our work is closer to hate speech, and offensive language detection research in NLP <ref type="bibr" target="#b33">(Schmidt and Wiegand, 2017;</ref><ref type="bibr" target="#b37">Waseem and Hovy, 2016;</ref><ref type="bibr" target="#b5">Davidson et al., 2017;</ref><ref type="bibr" target="#b9">Founta et al., 2018a;</ref><ref type="bibr" target="#b32">Sap et al., 2020;</ref><ref type="bibr" target="#b3">Breitfeller et al., 2019)</ref>. However, we assert that our investigation on hurtfulness or offensiveness in peer-review texts differs from the regular toxicity and abusiveness studied in these works. Here we are working on scientific peer-review texts where these notions of harshness are usually very subtle due to the formal academic style of writing. Secondly, much of the hate speech research in NLP is focused on some targeted groups depending on factors like race, gender, ethnicity, etc. Some aspect of our work resem-bles <ref type="bibr" target="#b40">Wulczyn et al. (2017)</ref>. They study aggression, personal attacks, and toxicity in Wikipedia Talk pages, where aggression and personal attacks also manifest the harshness that we model in this paper. However, their work is not directly applicable to us due to the different domains (Wikipedia vs. peer-reviews). Our methodology to map review comments to a real-valued score is similar to <ref type="bibr" target="#b16">Hada et al. (2021)</ref>, who also uses Best-Worst-Scaling (BWS) to map Reddit comments to real-valued offensiveness scores. To our knowledge, this is the first work towards developing resources and computational approaches for text moderation in the peer-review domain.</p></div>
<div xmlns="http://www.tei-c.org/ns/1.0"><head n="3">Definition of Review Harshness</head><p>We define review harshness as a metric encompassing two orthogonal dimensions. The first dimension concerns the evaluative focus of the comment, and the second dimension deals with the comment's critical stance.</p></div>
<div xmlns="http://www.tei-c.org/ns/1.0"><head n="3.1">Critical Stance</head><p>Peer reviews evaluate the submitted research work across several criteria, such as novelty, correctness/soundness, impact, appropriateness, etc. As such, review texts can be (and are expected to be) critical in their expression. By harshness in review texts, we not only mean the presence of criticality or the negative sentiment in them but how these attributes are expressed. <ref type="bibr">Hyland and Jiang (2020)</ref> studies critical stance in purported harsh peer-review comments as "features which refer to the ways writers present themselves and convey their judgements, opinions, and commitments...", and identify evidentiality, effect, and presence as the key markers of such expression. Evidentiality deals with the use of hedges and boosters <ref type="bibr">(Ghosal et al., 2022)</ref> to signal the certainty of a statement. Presence means using first-person pronouns and possessive determiners to express authority. Affect concerns the use of attitude markers to express the attitude of the reviewers emphatically. Furthermore, Boosters (Evidentiality) and Self-mention (Presence) make up the most frequently occurring markers signaling the reviewer's conviction in their judgment, eliminating all doubts about their opinions in an authoritative manner. Hyland and Jiang (2020) mention a clear downplay of power imbalance here where harsh review comments are served without dressing or varnish. Interestingly, our ex-ample peer review comment (in Section 1) from NeurIPS 2021 contains two of these markers: evidentiality -"it won't have great impact," and presence -"I do have experience."</p></div>
<div xmlns="http://www.tei-c.org/ns/1.0"><head n="3.2">Evaluative Focus</head><p>This dimension deals with the actual content of the review comments. Building upon the reviewer guidelines for the IEEE Conference on Computer Vision and Pattern Recognition (IEEE CVPR), we identify several facets of review texts that are unwelcoming and demonstrate bad reviewing practices. Some of these practices are also mentioned in <ref type="bibr" target="#b31">Rogers and Augenstein (2020)</ref>. These include:</p><p>1. Blank Assertions and Pure Opinions These are ungrounded statements with no evidence to support the reasoning. Peer reviews are supposed to be the objective evaluation of the submitted work and should provide actionable comments to the authors. These ungrounded statements can sometimes take a very disparaging tone and blatantly attack authors, and the overall research <ref type="bibr">(Hyland and Jiang, 2020)</ref>.</p></div>
<div xmlns="http://www.tei-c.org/ns/1.0"><head n="2.">Intellectual Laziness and Novelty Fallacy</head><p>Intellectual Laziness refers to narrow-minded reviewing practices. Instead of focusing on a comprehensive evaluation of the submitted research, reviewers can sometimes choose to overemphasize certain factors. For example, if the paper surpassed the state-of-theart (SOTA) results, <ref type="bibr" target="#b29">(Rogers, 2020a)</ref>, minor issues like writing and presentation style, minor issues that can be easily fixed, etc. Similarly, reviewers penalize simple methods, nonmainstream research <ref type="bibr" target="#b31">(Rogers and Augenstein, 2020)</ref>, etc. Novelty Fallacy refers to the rigid fixation to the novelty criteria, and not focusing on whether the concerned research advances scientific knowledge even if it is not significantly novel.</p><p>3. Policy Entrepreneurism stands for reviewers imposing their own policies in review comments which are against sound scientific reviewing practices. For example, sometimes reviewers ask the authors to compare with a recent arXiv preprint (not peer-reviewed or a contemporaneous article), reviewers in some venues show bias against resource papers <ref type="bibr" target="#b30">(Rogers, 2020b;</ref><ref type="bibr" target="#b31">Rogers and Augenstein, 2020)</ref>, some reviewers show bias against empirical research and demands theorems and theoretical results<ref type="foot" target="#foot_3">4</ref> , etc.</p><p>We note that the boundaries across the above categories are ill-defined, making the categorical annotation challenging. We further assert that both the dimensions of our definition are orthogonal to each other, and the harshness score is a monotonically increasing function of both these two dimensions.</p></div>
<div xmlns="http://www.tei-c.org/ns/1.0"><head n="4">Dataset Source and Curation</head><p>Access to peer reviews is still restricted since much of the peer-review system operates behind closed doors. Fortunately, many venues in Artificial Intelligence research have adopted an open-access peer review platform called OpenReview<ref type="foot" target="#foot_4">5</ref> to manage the reviewing procedure. For our study, we make use of the Peer-Review-Analyze dataset <ref type="bibr">(Ghosal et al., 2022)</ref>. Peer-Review-Analyze contains 1199 reviews (∼ 17K review sentences) from the 2018 edition of the International Conference on Learning Representations (ICLR). The ICLR reviewing process operates in the OpenReview platform. Each review sentence in this dataset is annotated for review-paper section correspondence, review-paper aspect category, review-statement purpose, and review-statement significance, along with their associated sentiment label (POS, NEG, NEU). Please refer to the original paper <ref type="bibr">(Ghosal et al., 2022)</ref> for full details on the dataset. Our goal in this study is to model harshness in peer-review sentences. However, annotating each of the 17K sentences individually is expensive. As indicated in the paper, most of these review sentences are neutral in sentiment due to the inherent academic style in writing reviews. We, therefore, use an Active Learning technique to efficiently create a smaller collection of potentially harsh sentences. Active Learning assumes access to a small seed dataset for its operationalization. Active Learning aims to select the most informative samples for labeling according to some uncertainty or diversity measures. We refer the reader to <ref type="bibr" target="#b28">Ren et al. (2021)</ref> for an exhaustive survey on active learning techniques in deep learning.</p><p>As a seed dataset, we crawl 1093 review sentences using the Twitter API<ref type="foot" target="#foot_5">6</ref> from the public Twit-ter handle ShitMyReviewersSay<ref type="foot" target="#foot_6">7</ref> . The Twitter handle ShitMyReviewersSay is a dedicated public platform where authors can anonymously post their review sentences that they find unwelcoming, disparaging, scathing, or discouraging. It tweets selfexplanatory review sentences from diverse scientific backgrounds, which authors share to vent their frustrations. Since authors made the efforts to share these review comments on a public forum, we consider them to be a gold standard of the harshness we aim to model. However, these sentences are also extreme in their tone and are not representative of subtle/intrinsic harshness in most academic reviews. Therefore, we use both the samples from ICLR and ShitMyReviewersSay in our final annotations to model a more generic harshness scale.</p></div>
<div xmlns="http://www.tei-c.org/ns/1.0"><head n="4.1">Active Learning</head><p>In this work, we use the Cartography Active Learning (CAL) algorithm (Zhang and Plank, 2021) for sampling. CAL is a model-agnostic active learning sampling procedure based on datamaps <ref type="bibr" target="#b34">(Swayamdipta et al., 2020)</ref>. Specifically, it considers the training statistics of a model on a seed dataset to select informative samples. <ref type="bibr" target="#b34">Swayamdipta et al. (2020)</ref>  Our goal in this paper is to sample the subtle/implicit cases of harsh comments from the aca-929 demic peer-review texts. We reason such comments lie in between the two extremes of rather explicitly harsh comments from ShitMyReviewersSay (class 1) and the more academically factual comments in ICLR (class 2). Furthermore, we hypothesize that such comments would be ambiguous for a classifier trained to predict whether a sentence belongs to class 1 or class 2. Thus, we can create L by picking examples from both the classes and running CAL to sample ambiguous samples. However, it marks a majority of valid negative sentiment sentences (and not harsh) as ambiguous. Here, we would like to note that the Peer-Review-Analyze dataset contains the sentiment (POS-NEG-NEU) associated with the review comment as well. We found boosting class 2 with positive and valid negative sentences works better. We, therefore, create our seed dataset L by randomly picking 250 examples from the ShitMyReviewersSay set and 750 examples from Peer Review Analyze dataset split equally across all the three sentiments (POS, NEG, NEU) classes. For our pooled unlabelled dataset U, we consider all the remaining NEG sentiment sentences from the Peer Review Analyze dataset. We run CAL based on the defined L and U, and create a smaller set of 391 potentially harsh review comments. To maximize the diversity of the dataset for final annotation, we inflate this set to 500 samples by randomly including NEG sentiment sentences from the Peer Review Analyze dataset.</p></div>
<div xmlns="http://www.tei-c.org/ns/1.0"><head n="5">Annotation Process</head><p>As stated before, we aim to model review comment harshness on a real-valued scale. Our choice is motivated by the fact that a review text can be hurtful/harsh to a varying degree and by the downstream application of more fine-grained review text moderation. Contrary to the categorical annotation of marking whether a review comment is hurtful or not <ref type="bibr" target="#b1">(Bharti et al., 2022a)</ref>, we employ the comparative annotation mechanism. We argue that eliciting categories for review comment harshness is challenging due to the inherent subjective perceptual nature of the task. Additionally, such an annotation procedure is not reliable and could lead to ambiguities and inconsistencies <ref type="bibr">(Founta et al., 2018b)</ref>. We argue that these issues can manifest to a greater degree due to the academic nature of our data. All these problems can be mitigated using a comparative annotation setup <ref type="bibr" target="#b0">(Asaadi et al., 2019;</ref><ref type="bibr">Kir-itchenko and Mohammad, 2017)</ref>. The comparative annotation works by asking the annotator which one among the two samples demonstrates the desired quality to a greater extent. This is more suited for our academic data, as comparing two review comments to see which one is more hurtful is an easier task. We use the Best-Worst-Scaling (BWS) <ref type="bibr" target="#b24">(Louviere, 1991;</ref><ref type="bibr" target="#b24">Louviere et al., 2015;</ref><ref type="bibr">Kiritchenko and</ref><ref type="bibr">Mohammad, 2016, 2017)</ref> setup for our annotation.</p></div>
<div xmlns="http://www.tei-c.org/ns/1.0"><head n="5.1">Best Worst Scaling (BWS)</head><p>For N samples, a naive comparative annotation mechanism would need to compare N 2 pairs. This is obviously expensive in practice. BWS is an efficient comparative annotation mechanism where we need only 2N comparisons. However, instead of comparing in a pair, we ask our annotators to mark a Best Item and a Worst Item according to some quality of interest in a set of four comments (4-tuple). We follow <ref type="bibr" target="#b21">Kiritchenko and Mohammad (2016)</ref> to obtain 4-tuples according to a generation procedure called random-maximum-diversityselection (RMDS). RMDS aims to maximize the diversity (according to the quality of interest) in a tuple by maximizing the number of items that each item co-occurs with. This way, 2N distinct 4-tuples are generated, such that each comment is seen in 8 different 4-tuples, and no 2 4-tuples have more than 2 items in common. This process aims to cover the entire range of the quality of interest in each tuple. We then convert the Best Item, and Worst Item annotations from BWS to the realvalued scores using a simple counting procedure <ref type="bibr" target="#b26">(Orme., 2009;</ref><ref type="bibr" target="#b8">Flynn and Marley, 2014)</ref>, associating with each sample a real-valued score according to the quality of interest. For each example, this score is the proportion of times the given example is chosen as the Best Item minus the times the concerned example is chosen as the Worst Item.</p></div>
<div xmlns="http://www.tei-c.org/ns/1.0"><head n="5.2">Annotation Tool and Annotators</head><p>For our task, Best Item stands for the most harsh review comment, and Worst Item means the least harsh comment. In simple terms, our annotation task refers to showing each annotator a 4-tuple of review comments and asking them to select which is the most harsh comment and which is the least harsh comment. Since harshness is a subjective perceptual quality, crowdsourcing annotations would have been ideal. However, we are working with specific scientific data which requires As can be seen, the distribution of the sample scores is moderately left-skewed and has "thinner" tails.</p><p>some training to get acquainted with. Therefore, we deliberately hire annotators from diverse academic backgrounds. We hire six annotators; four hold graduate degrees in Linguistic and English Literature, one holds a bachelor's degree in Computer Science and Engineering (CSE), and another is an undergraduate student in CSE. The annotators are duly paid according to the annotation payment standards in India. Each annotator underwent an exposition and training session about the Evaluative Focus dimension in our definition of harshness.</p><p>We asked each annotator to read <ref type="bibr">Hyland and Jiang (2020)</ref> paper to understand the Critical stance dimension. Additionally, we had each annotator take a challenge annotator test to check their readiness for the task. During the annotation period, we held weekly meetings to discuss their doubts and resolve their concerns. However, we strictly asked annotators to not discuss specific comments with each other, and with the authors. We developed a simple easy-to-use annotation tool as an in-house web application hosted on Amazon Web Services (AWS) for the purpose. We carried out the data annotation for a month.</p></div>
<div xmlns="http://www.tei-c.org/ns/1.0"><head n="5.3">Data Annotation</head><p>In order to cover the entire range of harshness scale, we use 500 samples randomly selected from the ShitMyReviewersSay set, and 500 samples as procured from the process described in section 4.1. Thus, we have N = 1000, resulting in 2000 tuples for BWS. We have six annotators, and since each review comment is seen in eight different 4-tuples, we get 48 judgments per review comment.</p></div>
<div xmlns="http://www.tei-c.org/ns/1.0"><head n="5.4">Reliability of Annotations</head><p>To calculate the reliability of our annotations obtained through BWS, we use split-half-reliability (SHR) values over 10 trials. SHR is a commonly used metric to calculate internal consistency, a desirable quantity for the annotations to be reliable. We follow the methodology in <ref type="bibr" target="#b16">Hada et al. (2021)</ref> and compute the SHR values by splitting the annotations for 4-tuples in our dataset in two halves to determine the two sets of rankings. We then measure the correlation between these two rankings; a higher correlation means higher consistency. We repeat this procedure for 10 trials and calculate the final average correlation across these trials to be 0.73, indicating good annotation reliability. We found that 10 trials were sufficient to converge to the final correlation value, and further increasing the number of trials does not significantly affect the average correlation value.</p></div>
<div xmlns="http://www.tei-c.org/ns/1.0"><head n="6">Data Analysis</head><p>Our final dataset contains 1000 review sentences annotated for their harshness value on a scale of −1.0 (most harsh) to 1.0 (least harsh). In this section, we study the distribution of the harshness score and qualitatively examine the samples on varying positions in the harshness scale.</p></div>
<div xmlns="http://www.tei-c.org/ns/1.0"><head>Distribution of Harshness Scores</head><p>We visualize the histogram of the harshness scores in our sample dataset in Figure <ref type="figure" target="#fig_1">1</ref>. We can see that the distribution of the scores in our sample is moderately left-skewed (skewness metric = −0.368). We further infer the population harshness scores using the widely known statistical test for skewness <ref type="bibr" target="#b7">(Duncan, 1997)</ref>. We calculate the test statistic t = skewness/SES, where SES means the standard error of skewness defined as SES = 6N (N −1)</p><formula xml:id="formula_0">(N −2)(N +1)(N +3</formula><p>) . The calculated test statistic for our test is t = −4.699, which suggests that the population harshness scores are skewed negatively with high confidence. This observation is not surprising, as most of the academic writing is formal, and very harsh (overly sentimental/caustic, etc.) texts are a rare class in an academic context. However, this observation also asserts the challenges in modeling the harshness of peer-review comments. Our methodology of using Active Learning and comparative annotations through BWS efficiently circumvents these issues and closely models a statistic of harshness scores in peer-review Bin Review comment Score 1 a). An article like this is just a waste of peer-reviewing resources.</p><p>-0.708 b). This paper reads like a woman's diary, not like a scientific piece of work.</p><p>-0.625 c). The manuscript is a collection of fragmented and disconnected descriptive observations.</p><p>-0.667 d). What were you thinking? -0.625 2 a). The lack of theory is painful at times. -0.521 b). The author should abandon the premise that his work can be considered research.</p><p>-0.583 c). A failing course paper written by an undergrad.</p><p>-0.438 d). Overall, I think this manuscript is a waste of time.</p><p>-0.562 3 a). I don't see much science in this manuscript.</p><p>-0.333 b). Many questions on the text, for example, cause embarrassment in understanding the text.</p><p>-0.250 c). Most part of methodology is useless, most of the paragraphs are irrelevant to the main topics.</p><p>-0.333 d). The authors use a log transformation, which is statistical machination, intended to deceive.</p><p>-0.396 4 a). None of these results beat state-of-the-art deep NNs.</p><p>-0.188 b). Your proposed method should be compared with another method that introduced in a prestigious paper. -0.001 c). That can hardly be true (if it is, then it puts the entire paper into question! If trivial uncertainty is almost as good as this method, isn't the method trivial, too?).</p><p>-0.021 d). I don't believe in simulations.</p><p>-0.188 5 a). They do not really provide any substantial theoretical justification why these heuristics work in practice even though they observe it empirically.</p><p>0.083 b). The results look like a smorgasbord of data 0.021 c). Unfortunately, in your Figure <ref type="figure">2</ref>, this is not as obvious and not real since it is using simulated delays. 0.042 d). Furthermore, the paper lacks in novelty aspect, as it is uses mostly well-known techniques.</p><p>0.083 6 a). Since the adaptions to DTP are rather small, the work does not contain much novelty. 0.208 b). RBMs are not state-of-the-art in topic modeling, therefore it's difficult to assess whether this is helpful. 0.375 c). there is not much innovation in the model architecture.</p><p>0.208 d). From a novelty standpoint though, the paper is not especially strong given that it represents a fairly straightforward application of <ref type="bibr">(Andrychowicz et al., 2016)</ref>. Table <ref type="table">1</ref>: Representative sample comments and their scores across 8 bins on the harshness scale.</p><p>comments. We list representative samples from each bin along with the associated score in Table <ref type="table">1</ref>. We can see that as the harshness score increases from one end to another, the review comments go from extremely disparaging (Bin 1) to standard review comments (Bin 8). Furthermore, review comments across bins also manifest specific qualities according to our definition of harshness, denoting that the modeled continuous harshness scale capture these properties. For example, comments from Bin 4 exhibit "intellectual laziness" (4a. fixation on SOTA), "policy entrepreneurism" (4b. comparison to a prestigious paper), "personal opinions" (4c. not believing in simulations). Similarly, some comments from Bin 5 and Bin 6 show "novelty fallacy". However, comments in Bin 7 and Bin 8 are standard review comments. These observations also show that one can easily employ a threshold on the scale to filter out harsh review comments based on some criteria.</p></div>
<div xmlns="http://www.tei-c.org/ns/1.0"><head>Qualitative Analysis</head></div>
<div xmlns="http://www.tei-c.org/ns/1.0"><head n="7">Baseline Prediction Models</head><p>In this section, we use common computational models to predict the harshness scores for review comments. Our problem is a regression task; for each review sentence s, predict the real-valued score.</p><p>Since we have a relatively smaller size dataset, we use 5-fold cross-validation to evaluate the predictive models. Furthermore, to account for outliers in the dataset, we use smooth L1-loss instead of the regular mean squared error (MSE) loss for the regression task. Besides the regression task, we We construct the review comment representation using the average of the word embeddings. We use 300 dimensional GoogleNews word2vec vectors for this and pass the sentence representation to the feedforward linear layers for prediction.</p></div>
<div xmlns="http://www.tei-c.org/ns/1.0"><head n="7.1.2">Bidirectional LSTM</head><p>We use the LSTM (Hochreiter and Schmidhuber, 1997) networks using word2vec word vectors <ref type="bibr" target="#b25">(Mikolov et al., 2013)</ref>. Specifically, we use 300 dimensional GoogleNews word vectors and use the representations from a 2-layered BiLSTM model to predict the harshness score.</p></div>
<div xmlns="http://www.tei-c.org/ns/1.0"><head n="7.1.3">BERT</head><p>We finetune the pre-trained BERT model <ref type="bibr" target="#b6">(Devlin et al., 2019)</ref>, specifically bert-base-large using Huggingface <ref type="bibr" target="#b39">(Wolf et al., 2020)</ref>. The model takes a review text as the input, and the review representation is taken from the [CLS] token, which is then passed to the feedforward linear layers for prediction.</p></div>
<div xmlns="http://www.tei-c.org/ns/1.0"><head n="7.1.4">HateBERT</head><p>Our task of predicting harshness score for review comments somewhat resembles the task of abusive language and toxicity prediction in NLP. Therefore, we also use a standard benchmark for our dataset. We finetune the HateBERT model <ref type="bibr" target="#b4">(Calvetti and Reichel, 2003)</ref> on our dataset. HateBERT is a pre-trained BERT model for abusive language detection and outperforms the regular BERT model for abusive language detection.</p></div>
<div xmlns="http://www.tei-c.org/ns/1.0"><head n="7.2">Training Setting</head><p>For all our models, we use a learning rate of 1e − 3 and a batch size of 32. For ASE and BiLSTM models, we use the Adam optimizer with a weight decay of 1e − 3. For the BERT model, we use the AdamW optimizer. Since the harshness score lies between −1 to 1, we use tanh non-linearity function at the final prediction layer in all our regression task models. We use Pytorch to implement the models.</p></div>
<div xmlns="http://www.tei-c.org/ns/1.0"><head n="7.3">Results</head><p>The results for our benchmark models are shown in Table <ref type="table" target="#tab_0">2</ref>. We can see that BERT models perform better in both task settings. However, what is interesting to see is that HateBERT does not provide greater performance gains compared to the regular BERT model. This signifies that the nature of harshness in peer-review comments is different that toxicity and abusiveness as it is studied widely in the NLP literature. Thus, there is a great scope for improvement for better predictive models to detect the harshness of the review scores.</p></div>
<div xmlns="http://www.tei-c.org/ns/1.0"><head n="8">Conclusions</head><p>The peer-review process is central to all science research dissemination. However, it also exhibits a power-imbalance situation where the review comments can be overly critical and sometimes cross the boundaries to disparage while also demonstrating bad reviewing practices. This makes this process traumatic, especially for young researchers.</p><p>The responsibility to moderate these review comments lies in the hands of (senior) area chairs and editors. However, it is not easy to manually moderate review comments with ever-increasing submissions in major AI conferences. In this work, we present a first-of-its-kind dataset of 1000 peerreview comments annotated for their harshness value. We define harshness in this paper based on two dimensions, critical stance and the evaluative focus of the review comment. We then use a comparative annotation technique, Best-Worst-Scaling (BWS), to elicit a continuous real-valued harshness scale. Our analysis shows that the different regions of this scale represent different facets of harshness with comments going from disparaging at one end to standard evaluative comments at another. We then benchmark common predictive models on our dataset. We show scope for improvement in building computational predictive models. We believe our dataset will be useful in automatic review comments moderation. In the future, we would like to extend the dataset and investigate the impact of reviewer confidence <ref type="bibr">(Bharti et al., 2022b)</ref> on peer-review text moderation.</p></div><figure xmlns="http://www.tei-c.org/ns/1.0" xml:id="fig_0"><head></head><label></label><figDesc>showed that the training dynamics of a downstream model on individual instances results in categorization of the input samples in the dataset into three categories, ambiguous examples, easy-to-learn examples, and hard-tolearn examples. CAL proposes to query ambiguous examples for labeling as these are the examples the model would learn from the most. Procedurally, it uses a limited labelled seed dataset L to train a classifier f θ * and record training statistics, namely confidence, variability, and correctness for each example in the seed data. It then uses information from the training statistics to train another binary classifier g ϕ * on the representations of f θ * to demarcate the decision boundary between hard-to-learn and ambiguous examples. It then uses g * ϕ to sample examples from the pooled unlabelled dataset U for labeling. It is an iterative procedure, where after each iteration, the newly labeled examples from U are added to L, and the procedure is repeated. We refer the reader to the original paper (Zhang and Plank, 2021) for a complete description of the algorithm.</figDesc></figure>
<figure xmlns="http://www.tei-c.org/ns/1.0" xml:id="fig_1"><head>Figure 1 :</head><label>1</label><figDesc>Figure 1: Histogram of the Harshness (harshness) score.As can be seen, the distribution of the sample scores is moderately left-skewed and has "thinner" tails.</figDesc></figure>
<figure xmlns="http://www.tei-c.org/ns/1.0" xml:id="fig_2"><head></head><label></label><figDesc>the paper suffers from many problems in clarity, motivation, and technical presentation. 0.458 b). The authors need to provide more justification for this motivation. 0.417 c). The legends in the figures are tiny, and really hard to read. 0.438 d). The text is also difficult to follow. The three contributions seem disconnected and could have been presented in separate works with a more deeper discussion. It is not clear what is the stopping criterion for each of the methods used in the experiments. 0.604 b). Some of the figures are hard to read (in particular Fig 1 &amp; 2 left) and would benefit from a better layout. 0.604 c). It would, however, seem that the truncated iterations do not result in the approximation being very accurate during optimization as the truncation does not result in the approximation being created at a mode. 0.521 d). The paper misses some more recent reference, e.g. [a,b]. 0.521</figDesc></figure>
<figure xmlns="http://www.tei-c.org/ns/1.0" xml:id="fig_3"><head></head><label></label><figDesc>We further analyze our dataset to gauge the patterns along the continuous harshness scale. For this, we split the scale into 8 bins, Bin 1: score ≤ −0.6, Bin 2: −0.6 ≤ score ≤ −0.4, Bin 3: −0.4 ≤ score ≤ −0.2, Bin 4: −0.2 ≤ score ≤ 0.0, Bin 5: 0.0 ≤ score ≤ 0.2, Bin 6: 0.2 ≤ score ≤ 0.4, Bin 7: 0.4 ≤ score ≤ 0.5, and Bin 8: score ≥ 0.5.</figDesc></figure>
<figure xmlns="http://www.tei-c.org/ns/1.0" type="table" xml:id="tab_0"><head>Table 2 :</head><label>2</label><figDesc>Benchmark Results for Common Predictive Models both in Regression and Classification Setting. We report average L1-loss metric (Regression) and Accuracy (Classification) across all the five folds of cross-validation.</figDesc><table><row><cell>Models →</cell><cell>ASE</cell><cell>BiLSTM</cell><cell>BERT</cell><cell>HateBERT</cell></row><row><cell>Metric ↓</cell><cell></cell><cell></cell><cell></cell><cell></cell></row><row><cell>L1-Loss</cell><cell>1.870 ± 0.050</cell><cell>1.629 ± 0.071</cell><cell>1.536 ± 0.112</cell><cell>1.521 ± 0.092</cell></row><row><cell>Accuracy</cell><cell>61.12 ± 0.012</cell><cell>67.35 ± 0.009</cell><cell>71.23 ± 0.005</cell><cell>72.08 ± 0.047</cell></row><row><cell cols="3">also use the predictive models in the classification</cell><cell></cell><cell></cell></row><row><cell cols="3">setting. As we have seen earlier, different regions</cell><cell></cell><cell></cell></row><row><cell cols="3">on the harshness scale show different properties.</cell><cell></cell><cell></cell></row><row><cell cols="3">Therefore, we categorize our dataset into 3 different</cell><cell></cell><cell></cell></row><row><cell cols="3">classes based on the score; class 1 means the score</cell><cell></cell><cell></cell></row><row><cell cols="3">is less than −0.2, class 2 for a score between −0.2</cell><cell></cell><cell></cell></row><row><cell cols="3">and 0.3, and class 3 for a score greater than 0.3. In</cell><cell></cell><cell></cell></row><row><cell cols="3">this way, class 1 has disparagingly harsh comments,</cell><cell></cell><cell></cell></row><row><cell cols="3">class 2 contains review comments exhibiting bad</cell><cell></cell><cell></cell></row><row><cell cols="3">reviewing practices, and class 3 contains regular</cell><cell></cell><cell></cell></row><row><cell cols="3">review comments. In the next subsection, we de-</cell><cell></cell><cell></cell></row><row><cell cols="2">scribe our baseline models for prediction.</cell><cell></cell><cell></cell><cell></cell></row><row><cell>7.1 Models</cell><cell></cell><cell></cell><cell></cell><cell></cell></row><row><cell cols="3">7.1.1 Average Sentence Embeddings (ASE)</cell><cell></cell><cell></cell></row></table></figure>
			<note xmlns="http://www.tei-c.org/ns/1.0" place="foot" n="1" xml:id="foot_0">https://www.humanities.hk/news/ this-paper-is-absolutely-ridiculous-ken-hyland</note>
			<note xmlns="http://www.tei-c.org/ns/1.0" place="foot" n="2" xml:id="foot_1">https://twitter.com/Abebab/status/ 1464230544619806720</note>
			<note xmlns="http://www.tei-c.org/ns/1.0" place="foot" n="3" xml:id="foot_2">The NeurIPS conference uses the open review platform: https://openreview.net</note>
			<note xmlns="http://www.tei-c.org/ns/1.0" place="foot" n="4" xml:id="foot_3">https://twitter.com/tomgoldsteincs/status/ 1484609309778587653</note>
			<note xmlns="http://www.tei-c.org/ns/1.0" place="foot" n="5" xml:id="foot_4">https://openreview.net/</note>
			<note xmlns="http://www.tei-c.org/ns/1.0" place="foot" n="6" xml:id="foot_5">https://developer.twitter.com/en/docs</note>
			<note xmlns="http://www.tei-c.org/ns/1.0" place="foot" n="7" xml:id="foot_6">https://twitter.com/yourpapersucks?lang=en</note>
		</body>
		<back>

			<div type="acknowledgement">
<div xmlns="http://www.tei-c.org/ns/1.0"><head>Acknowledgement</head><p>This work has received funding from Cactus Communications, India, under award # CAC-2021-01, awarded to Tirthankar Ghosal. We acknowledge the contributions of our annotators to building the dataset. We thank Rishav Hada for helping with the project. We also thank our anonymous reviewers for their helpful comments on improving this paper.</p></div>
			</div>

			<div type="references">

				<listBibl>

<biblStruct xml:id="b0">
	<analytic>
		<title level="a" type="main">Big BiRD: A large, fine-grained, bigram relatedness dataset for examining semantic composition</title>
		<author>
			<persName><forename type="first">Shima</forename><surname>Asaadi</surname></persName>
		</author>
		<author>
			<persName><forename type="first">Saif</forename><surname>Mohammad</surname></persName>
		</author>
		<author>
			<persName><forename type="first">Svetlana</forename><surname>Kiritchenko</surname></persName>
		</author>
		<idno type="DOI">10.18653/v1/N19-1050</idno>
	</analytic>
	<monogr>
		<title level="m">Proceedings of the 2019 Conference of the North American Chapter of the Association for Computational Linguistics: Human Language Technologies</title>
		<title level="s">Long and Short Papers</title>
		<meeting>the 2019 Conference of the North American Chapter of the Association for Computational Linguistics: Human Language Technologies<address><addrLine>Minneapolis, Minnesota</addrLine></address></meeting>
		<imprint>
			<publisher>Association for Computational Linguistics</publisher>
			<date type="published" when="2019">2019</date>
			<biblScope unit="volume">1</biblScope>
			<biblScope unit="page" from="505" to="516" />
		</imprint>
	</monogr>
	<note type="raw_reference">Shima Asaadi, Saif Mohammad, and Svetlana Kir- itchenko. 2019. Big BiRD: A large, fine-grained, bigram relatedness dataset for examining semantic composition. In Proceedings of the 2019 Conference of the North American Chapter of the Association for Computational Linguistics: Human Language Tech- nologies, Volume 1 (Long and Short Papers), pages 505-516, Minneapolis, Minnesota. Association for Computational Linguistics.</note>
</biblStruct>

<biblStruct xml:id="b1">
	<analytic>
		<title level="a" type="main">Betterpr: A dataset for estimating the constructiveness of peer review comments</title>
		<author>
			<persName><forename type="first">Prabhat</forename><surname>Kumar Bharti</surname></persName>
		</author>
		<author>
			<persName><forename type="first">Tirthankar</forename><surname>Ghosal</surname></persName>
		</author>
	</analytic>
	<monogr>
		<title level="m">Linking Theory and Practice of Digital Libraries</title>
				<meeting><address><addrLine>Cham</addrLine></address></meeting>
		<imprint>
			<publisher>Springer International Publishing</publisher>
			<date type="published" when="2022">2022a</date>
			<biblScope unit="page" from="500" to="505" />
		</imprint>
	</monogr>
	<note>Mayank Agarwal, and Asif Ekbal</note>
	<note type="raw_reference">Prabhat Kumar Bharti, Tirthankar Ghosal, Mayank Agarwal, and Asif Ekbal. 2022a. Betterpr: A dataset for estimating the constructiveness of peer review comments. In Linking Theory and Practice of Digital Libraries, pages 500-505, Cham. Springer Interna- tional Publishing.</note>
</biblStruct>

<biblStruct xml:id="b2">
	<analytic>
		<title level="a" type="main">Mayank Agrawal, and Asif Ekbal. 2022b. How confident was your reviewer? estimating reviewer confidence from peer review texts</title>
		<author>
			<persName><forename type="first">Prabhat</forename><surname>Kumar Bharti</surname></persName>
		</author>
		<author>
			<persName><forename type="first">Tirthankar</forename><surname>Ghosal</surname></persName>
		</author>
	</analytic>
	<monogr>
		<title level="m">Document Analysis Systems</title>
				<meeting><address><addrLine>Cham</addrLine></address></meeting>
		<imprint>
			<publisher>Springer International Publishing</publisher>
			<biblScope unit="page" from="126" to="139" />
		</imprint>
	</monogr>
	<note type="raw_reference">Prabhat Kumar Bharti, Tirthankar Ghosal, Mayank Agrawal, and Asif Ekbal. 2022b. How confident was your reviewer? estimating reviewer confidence from peer review texts. In Document Analysis Sys- tems, pages 126-139, Cham. Springer International Publishing.</note>
</biblStruct>

<biblStruct xml:id="b3">
	<analytic>
		<title level="a" type="main">Finding microaggressions in the wild: A case for locating elusive phenomena in social media posts</title>
		<author>
			<persName><forename type="first">Luke</forename><surname>Breitfeller</surname></persName>
		</author>
		<author>
			<persName><forename type="first">Emily</forename><surname>Ahn</surname></persName>
		</author>
		<author>
			<persName><forename type="first">David</forename><surname>Jurgens</surname></persName>
		</author>
		<author>
			<persName><forename type="first">Yulia</forename><surname>Tsvetkov</surname></persName>
		</author>
		<idno type="DOI">10.18653/v1/D19-1176</idno>
	</analytic>
	<monogr>
		<title level="m">Proceedings of the 2019 Conference on Empirical Methods in Natural Language Processing and the 9th International Joint Conference on Natural Language Processing (EMNLP-IJCNLP)</title>
				<meeting>the 2019 Conference on Empirical Methods in Natural Language Processing and the 9th International Joint Conference on Natural Language Processing (EMNLP-IJCNLP)<address><addrLine>Hong Kong, China</addrLine></address></meeting>
		<imprint>
			<publisher>Association for Computational Linguistics</publisher>
			<date type="published" when="2019">2019</date>
			<biblScope unit="page" from="1664" to="1674" />
		</imprint>
	</monogr>
	<note type="raw_reference">Luke Breitfeller, Emily Ahn, David Jurgens, and Yu- lia Tsvetkov. 2019. Finding microaggressions in the wild: A case for locating elusive phenomena in so- cial media posts. In Proceedings of the 2019 Confer- ence on Empirical Methods in Natural Language Pro- cessing and the 9th International Joint Conference on Natural Language Processing (EMNLP-IJCNLP), pages 1664-1674, Hong Kong, China. Association for Computational Linguistics.</note>
</biblStruct>

<biblStruct xml:id="b4">
	<analytic>
		<title level="a" type="main">Tikhonov regularization of large linear problems</title>
		<author>
			<persName><forename type="first">Daniela</forename><surname>Calvetti</surname></persName>
		</author>
		<author>
			<persName><forename type="first">Lothar</forename><surname>Reichel</surname></persName>
		</author>
	</analytic>
	<monogr>
		<title level="j">BIT Numerical Mathematics</title>
		<imprint>
			<biblScope unit="volume">43</biblScope>
			<biblScope unit="issue">2</biblScope>
			<biblScope unit="page" from="263" to="283" />
			<date type="published" when="2003">2003</date>
		</imprint>
	</monogr>
	<note type="raw_reference">Daniela Calvetti and Lothar Reichel. 2003. Tikhonov regularization of large linear problems. BIT Numeri- cal Mathematics, 43(2):263-283.</note>
</biblStruct>

<biblStruct xml:id="b5">
	<monogr>
		<title level="m" type="main">Automated hate speech detection and the problem of offensive language</title>
		<author>
			<persName><forename type="first">Thomas</forename><surname>Davidson</surname></persName>
		</author>
		<author>
			<persName><forename type="first">Dana</forename><surname>Warmsley</surname></persName>
		</author>
		<author>
			<persName><forename type="first">Michael</forename><surname>Macy</surname></persName>
		</author>
		<author>
			<persName><forename type="first">Ingmar</forename><surname>Weber</surname></persName>
		</author>
		<imprint>
			<date type="published" when="2017">2017</date>
		</imprint>
	</monogr>
	<note type="raw_reference">Thomas Davidson, Dana Warmsley, Michael Macy, and Ingmar Weber. 2017. Automated hate speech detec- tion and the problem of offensive language.</note>
</biblStruct>

<biblStruct xml:id="b6">
	<monogr>
		<title level="m" type="main">Bert: Pre-training of deep bidirectional transformers for language understanding</title>
		<author>
			<persName><forename type="first">Jacob</forename><surname>Devlin</surname></persName>
		</author>
		<author>
			<persName><forename type="first">Ming-Wei</forename><surname>Chang</surname></persName>
		</author>
		<author>
			<persName><forename type="first">Kenton</forename><surname>Lee</surname></persName>
		</author>
		<author>
			<persName><forename type="first">Kristina</forename><surname>Toutanova</surname></persName>
		</author>
		<imprint>
			<date type="published" when="2019">2019</date>
		</imprint>
	</monogr>
	<note type="raw_reference">Jacob Devlin, Ming-Wei Chang, Kenton Lee, and Kristina Toutanova. 2019. Bert: Pre-training of deep bidirectional transformers for language understand- ing.</note>
</biblStruct>

<biblStruct xml:id="b7">
	<monogr>
		<title level="m" type="main">Basic Statistics for Social Research</title>
		<author>
			<persName><forename type="first">Duncan</forename><surname>Cramer</surname></persName>
		</author>
		<imprint>
			<date type="published" when="1997">1997</date>
		</imprint>
	</monogr>
	<note type="raw_reference">Cramer Duncan. 1997. Basic Statistics for Social Re- search.</note>
</biblStruct>

<biblStruct xml:id="b8">
	<analytic>
		<title level="a" type="main">Best-worst scaling: theory and methods</title>
		<author>
			<persName><forename type="first">T</forename><forename type="middle">N</forename><surname>Flynn</surname></persName>
		</author>
		<author>
			<persName><forename type="first">A</forename><forename type="middle">A J</forename><surname>Marley</surname></persName>
		</author>
	</analytic>
	<monogr>
		<title level="m">Handbook of Choice Modelling, Chapters, chapter 8</title>
				<editor>
			<persName><forename type="first">Stephane</forename><surname>Hess</surname></persName>
		</editor>
		<editor>
			<persName><forename type="first">Andrew</forename><surname>Daly</surname></persName>
		</editor>
		<imprint>
			<publisher>Edward Elgar Publishing</publisher>
			<date type="published" when="2014">2014</date>
			<biblScope unit="page" from="178" to="201" />
		</imprint>
	</monogr>
	<note type="raw_reference">T.N. Flynn and A.A.J. Marley. 2014. Best-worst scal- ing: theory and methods. In Stephane Hess and An- drew Daly, editors, Handbook of Choice Modelling, Chapters, chapter 8, pages 178-201. Edward Elgar Publishing.</note>
</biblStruct>

<biblStruct xml:id="b9">
	<analytic>
		<title level="a" type="main">Large scale crowdsourcing and characterization of twitter abusive behavior</title>
		<author>
			<persName><forename type="first">Maria</forename><surname>Antigoni</surname></persName>
		</author>
		<author>
			<persName><forename type="first">Constantinos</forename><surname>Founta</surname></persName>
		</author>
		<author>
			<persName><forename type="first">Despoina</forename><surname>Djouvas</surname></persName>
		</author>
		<author>
			<persName><forename type="first">Ilias</forename><surname>Chatzakou</surname></persName>
		</author>
		<author>
			<persName><forename type="first">Jeremy</forename><surname>Leontiadis</surname></persName>
		</author>
		<author>
			<persName><forename type="first">Gianluca</forename><surname>Blackburn</surname></persName>
		</author>
		<author>
			<persName><forename type="first">Athena</forename><surname>Stringhini</surname></persName>
		</author>
		<author>
			<persName><forename type="first">Michael</forename><surname>Vakali</surname></persName>
		</author>
		<author>
			<persName><forename type="first">Nicolas</forename><surname>Sirivianos</surname></persName>
		</author>
		<author>
			<persName><surname>Kourtellis</surname></persName>
		</author>
	</analytic>
	<monogr>
		<title level="m">Twelfth International AAAI Conference on Web and Social Media</title>
				<imprint>
			<date type="published" when="2018">2018a</date>
		</imprint>
	</monogr>
	<note type="raw_reference">Antigoni Maria Founta, Constantinos Djouvas, De- spoina Chatzakou, Ilias Leontiadis, Jeremy Black- burn, Gianluca Stringhini, Athena Vakali, Michael Sirivianos, and Nicolas Kourtellis. 2018a. Large scale crowdsourcing and characterization of twitter abusive behavior. In Twelfth International AAAI Con- ference on Web and Social Media.</note>
</biblStruct>

<biblStruct xml:id="b10">
	<monogr>
		<author>
			<persName><forename type="first">Antigoni-Maria</forename><surname>Founta</surname></persName>
		</author>
		<author>
			<persName><forename type="first">Constantinos</forename><surname>Djouvas</surname></persName>
		</author>
		<author>
			<persName><forename type="first">Despoina</forename><surname>Chatzakou</surname></persName>
		</author>
		<author>
			<persName><forename type="first">Ilias</forename><surname>Leontiadis</surname></persName>
		</author>
		<author>
			<persName><forename type="first">Jeremy</forename><surname>Blackburn</surname></persName>
		</author>
		<author>
			<persName><forename type="first">Gianluca</forename><surname>Stringhini</surname></persName>
		</author>
		<author>
			<persName><forename type="first">Athena</forename><surname>Vakali</surname></persName>
		</author>
		<title level="m">Michael Sirivianos, and Nicolas Kourtellis. 2018b. Large scale crowdsourcing and characterization of twitter abusive behavior</title>
				<imprint/>
	</monogr>
	<note type="raw_reference">Antigoni-Maria Founta, Constantinos Djouvas, De- spoina Chatzakou, Ilias Leontiadis, Jeremy Black- burn, Gianluca Stringhini, Athena Vakali, Michael Sirivianos, and Nicolas Kourtellis. 2018b. Large scale crowdsourcing and characterization of twitter abusive behavior.</note>
</biblStruct>

<biblStruct xml:id="b11">
	<analytic>
		<title level="a" type="main">Studies in aspects of peer review: Novelty, scope, research lineage, review significance, and peer review outcome</title>
		<author>
			<persName><forename type="first">Tirthankar</forename><surname>Ghosal</surname></persName>
		</author>
		<idno type="DOI">10.1145/3527546.3527577</idno>
	</analytic>
	<monogr>
		<title level="j">SIGIR Forum</title>
		<imprint>
			<biblScope unit="issue">2</biblScope>
			<biblScope unit="page">55</biblScope>
			<date type="published" when="2022">2022</date>
		</imprint>
	</monogr>
	<note type="raw_reference">Tirthankar Ghosal. 2022. Studies in aspects of peer review: Novelty, scope, research lineage, review sig- nificance, and peer review outcome. SIGIR Forum, 55(2).</note>
</biblStruct>

<biblStruct xml:id="b12">
	<analytic>
		<title level="a" type="main">Peer review analyze: A novel benchmark resource for computational analysis of peer reviews</title>
		<author>
			<persName><forename type="first">Tirthankar</forename><surname>Ghosal</surname></persName>
		</author>
		<author>
			<persName><forename type="first">Sandeep</forename><surname>Kumar</surname></persName>
		</author>
		<author>
			<persName><forename type="first">Prabhat</forename><surname>Kumar Bharti</surname></persName>
		</author>
		<author>
			<persName><forename type="first">Asif</forename><surname>Ekbal</surname></persName>
		</author>
		<idno type="DOI">10.1371/journal.pone.0259238</idno>
	</analytic>
	<monogr>
		<title level="j">PLoS ONE</title>
		<imprint>
			<biblScope unit="volume">17</biblScope>
			<biblScope unit="issue">1</biblScope>
			<biblScope unit="page">e0259238</biblScope>
			<date type="published" when="2022">2022</date>
		</imprint>
	</monogr>
	<note type="raw_reference">Tirthankar Ghosal, Sandeep Kumar, Prabhat Kumar Bharti, and Asif Ekbal. 2022. Peer review analyze: A novel benchmark resource for computational analysis of peer reviews. PLoS ONE, 17(1):e0259238.</note>
</biblStruct>

<biblStruct xml:id="b13">
	<analytic>
		<title level="a" type="main">A deep multimodal investigation to determine the appropriateness of scholarly submissions</title>
		<author>
			<persName><forename type="first">Tirthankar</forename><surname>Ghosal</surname></persName>
		</author>
		<author>
			<persName><forename type="first">Ashish</forename><surname>Raj</surname></persName>
		</author>
		<author>
			<persName><forename type="first">Asif</forename><surname>Ekbal</surname></persName>
		</author>
		<author>
			<persName><forename type="first">Sriparna</forename><surname>Saha</surname></persName>
		</author>
		<author>
			<persName><forename type="first">Pushpak</forename><surname>Bhattacharyya</surname></persName>
		</author>
		<idno type="DOI">10.1109/JCDL.2019.00039</idno>
	</analytic>
	<monogr>
		<title level="m">2019 ACM/IEEE Joint Conference on Digital Libraries (JCDL)</title>
				<imprint>
			<date type="published" when="2019">2019a</date>
			<biblScope unit="page" from="227" to="236" />
		</imprint>
	</monogr>
	<note type="raw_reference">Tirthankar Ghosal, Ashish Raj, Asif Ekbal, Sriparna Saha, and Pushpak Bhattacharyya. 2019a. A deep multimodal investigation to determine the appropri- ateness of scholarly submissions. In 2019 ACM/IEEE Joint Conference on Digital Libraries (JCDL), pages 227-236.</note>
</biblStruct>

<biblStruct xml:id="b14">
	<analytic>
		<title level="a" type="main">Hedgepeer: A dataset for uncertainty detection in peer reviews</title>
		<author>
			<persName><forename type="first">Tirthankar</forename><surname>Ghosal</surname></persName>
		</author>
		<author>
			<persName><forename type="first">Kaushik</forename><surname>Kamal</surname></persName>
		</author>
		<author>
			<persName><forename type="first">Valia</forename><surname>Varanasi</surname></persName>
		</author>
		<author>
			<persName><surname>Kordoni</surname></persName>
		</author>
		<idno type="DOI">10.1145/3529372.3533300</idno>
	</analytic>
	<monogr>
		<title level="m">Proceedings of the 22nd ACM/IEEE Joint Conference on Digital Libraries, JCDL &apos;22</title>
				<meeting>the 22nd ACM/IEEE Joint Conference on Digital Libraries, JCDL &apos;22<address><addrLine>New York, NY, USA</addrLine></address></meeting>
		<imprint>
			<publisher>Association for Computing Machinery</publisher>
			<date type="published" when="2022">2022</date>
		</imprint>
	</monogr>
	<note type="raw_reference">Tirthankar Ghosal, Kamal Kaushik Varanasi, and Valia Kordoni. 2022. Hedgepeer: A dataset for uncertainty detection in peer reviews. In Proceedings of the 22nd ACM/IEEE Joint Conference on Digital Libraries, JCDL &apos;22, New York, NY, USA. Association for Computing Machinery.</note>
</biblStruct>

<biblStruct xml:id="b15">
	<analytic>
		<title level="a" type="main">Deepsentipeer: Harnessing sentiment in review texts to recommend peer review decisions</title>
		<author>
			<persName><forename type="first">Tirthankar</forename><surname>Ghosal</surname></persName>
		</author>
		<author>
			<persName><forename type="first">Rajeev</forename><surname>Verma</surname></persName>
		</author>
		<author>
			<persName><forename type="first">Asif</forename><surname>Ekbal</surname></persName>
		</author>
		<author>
			<persName><forename type="first">Pushpak</forename><surname>Bhattacharyya</surname></persName>
		</author>
	</analytic>
	<monogr>
		<title level="m">Proceedings of the 57th Annual Meeting of the Association for Computational Linguistics</title>
				<meeting>the 57th Annual Meeting of the Association for Computational Linguistics</meeting>
		<imprint>
			<date type="published" when="2019">2019b</date>
			<biblScope unit="page" from="1120" to="1130" />
		</imprint>
	</monogr>
	<note type="raw_reference">Tirthankar Ghosal, Rajeev Verma, Asif Ekbal, and Push- pak Bhattacharyya. 2019b. Deepsentipeer: Harness- ing sentiment in review texts to recommend peer review decisions. In Proceedings of the 57th An- nual Meeting of the Association for Computational Linguistics, pages 1120-1130.</note>
</biblStruct>

<biblStruct xml:id="b16">
	<analytic>
		<title level="a" type="main">Ruddit: Norms of offensiveness for English Reddit comments</title>
		<author>
			<persName><forename type="first">Rishav</forename><surname>Hada</surname></persName>
		</author>
		<author>
			<persName><forename type="first">Sohi</forename><surname>Sudhir</surname></persName>
		</author>
		<author>
			<persName><forename type="first">Pushkar</forename><surname>Mishra</surname></persName>
		</author>
		<author>
			<persName><forename type="first">Helen</forename><surname>Yannakoudakis</surname></persName>
		</author>
		<author>
			<persName><forename type="first">M</forename><surname>Saif</surname></persName>
		</author>
		<author>
			<persName><forename type="first">Ekaterina</forename><surname>Mohammad</surname></persName>
		</author>
		<author>
			<persName><surname>Shutova</surname></persName>
		</author>
		<idno type="DOI">10.18653/v1/2021.acl-long.210</idno>
	</analytic>
	<monogr>
		<title level="m">Proceedings of the 59th Annual Meeting of the Association for Computational Linguistics and the 11th International Joint Conference on Natural Language Processing</title>
		<title level="s">Long Papers</title>
		<meeting>the 59th Annual Meeting of the Association for Computational Linguistics and the 11th International Joint Conference on Natural Language Processing</meeting>
		<imprint>
			<publisher>Online. Association for Computational Linguistics</publisher>
			<date type="published" when="2021">2021</date>
			<biblScope unit="volume">1</biblScope>
		</imprint>
	</monogr>
	<note type="raw_reference">Rishav Hada, Sohi Sudhir, Pushkar Mishra, Helen Yannakoudakis, Saif M. Mohammad, and Ekaterina Shutova. 2021. Ruddit: Norms of offensiveness for English Reddit comments. In Proceedings of the 59th Annual Meeting of the Association for Computational Linguistics and the 11th International Joint Confer- ence on Natural Language Processing (Volume 1: Long Papers), Online. Association for Computational Linguistics.</note>
</biblStruct>

<biblStruct xml:id="b17">
	<analytic>
		<title level="a" type="main">Long short-term memory</title>
		<author>
			<persName><forename type="first">Sepp</forename><surname>Hochreiter</surname></persName>
		</author>
		<author>
			<persName><forename type="first">Jürgen</forename><surname>Schmidhuber</surname></persName>
		</author>
		<idno type="DOI">10.1162/neco.1997.9.8.1735</idno>
	</analytic>
	<monogr>
		<title level="j">Neural Comput</title>
		<imprint>
			<biblScope unit="volume">9</biblScope>
			<biblScope unit="issue">8</biblScope>
			<biblScope unit="page" from="1735" to="1780" />
			<date type="published" when="1997">1997</date>
		</imprint>
	</monogr>
	<note type="raw_reference">Sepp Hochreiter and Jürgen Schmidhuber. 1997. Long short-term memory. Neural Comput., 9(8):1735-1780.</note>
</biblStruct>

<biblStruct xml:id="b18">
	<analytic>
		<title level="a" type="main">this work is antithetical to the spirit of research&quot;: An anatomy of harsh peer reviews</title>
		<author>
			<persName><forename type="first">Ken</forename><surname>Hyland</surname></persName>
		</author>
		<author>
			<persName><forename type="first">Feng</forename></persName>
		</author>
	</analytic>
	<monogr>
		<title level="j">Journal of English for Academic Purposes</title>
		<imprint>
			<biblScope unit="volume">46</biblScope>
			<biblScope unit="page">100867</biblScope>
			<date type="published" when="2020">2020</date>
		</imprint>
	</monogr>
	<note type="raw_reference">Ken Hyland and Feng (Kevin) Jiang. 2020. &quot;this work is antithetical to the spirit of research&quot;: An anatomy of harsh peer reviews. Journal of English for Academic Purposes, 46:100867.</note>
</biblStruct>

<biblStruct xml:id="b19">
	<monogr>
		<author>
			<persName><forename type="first">Dongyeop</forename><surname>Kang</surname></persName>
		</author>
		<author>
			<persName><forename type="first">Waleed</forename><surname>Ammar</surname></persName>
		</author>
		<author>
			<persName><forename type="first">Bhavana</forename><surname>Dalvi</surname></persName>
		</author>
		<author>
			<persName><forename type="first">Madeleine</forename><surname>Van Zuylen</surname></persName>
		</author>
		<author>
			<persName><forename type="first">Sebastian</forename><surname>Kohlmeier</surname></persName>
		</author>
		<author>
			<persName><forename type="first">Eduard</forename><surname>Hovy</surname></persName>
		</author>
		<author>
			<persName><forename type="first">Roy</forename><surname>Schwartz</surname></persName>
		</author>
		<idno type="arXiv">arXiv:1804.09635</idno>
		<title level="m">A dataset of peer reviews (peerread): Collection, insights and nlp applications</title>
				<imprint>
			<date type="published" when="2018">2018</date>
		</imprint>
	</monogr>
	<note type="report_type">arXiv preprint</note>
	<note type="raw_reference">Dongyeop Kang, Waleed Ammar, Bhavana Dalvi, Madeleine van Zuylen, Sebastian Kohlmeier, Eduard Hovy, and Roy Schwartz. 2018. A dataset of peer reviews (peerread): Collection, insights and nlp ap- plications. arXiv preprint arXiv:1804.09635.</note>
</biblStruct>

<biblStruct xml:id="b20">
	<analytic>
		<title level="a" type="main">Bestworst scaling more reliable than rating scales: A case study on sentiment intensity annotation</title>
		<author>
			<persName><forename type="first">Svetlana</forename><surname>Kiritchenko</surname></persName>
		</author>
		<author>
			<persName><forename type="first">Saif</forename><surname>Mohammad</surname></persName>
		</author>
		<idno type="DOI">10.18653/v1/P17-2074</idno>
	</analytic>
	<monogr>
		<title level="m">Proceedings of the 55th Annual Meeting of the Association for Computational Linguistics</title>
				<meeting>the 55th Annual Meeting of the Association for Computational Linguistics<address><addrLine>Vancouver, Canada</addrLine></address></meeting>
		<imprint>
			<publisher>Association for Computational Linguistics</publisher>
			<date type="published" when="2017">2017</date>
			<biblScope unit="volume">2</biblScope>
			<biblScope unit="page" from="465" to="470" />
		</imprint>
	</monogr>
	<note>Short Papers)</note>
	<note type="raw_reference">Svetlana Kiritchenko and Saif Mohammad. 2017. Best- worst scaling more reliable than rating scales: A case study on sentiment intensity annotation. In Proceed- ings of the 55th Annual Meeting of the Association for Computational Linguistics (Volume 2: Short Papers), pages 465-470, Vancouver, Canada. Association for Computational Linguistics.</note>
</biblStruct>

<biblStruct xml:id="b21">
	<analytic>
		<title level="a" type="main">Capturing reliable fine-grained sentiment associations by crowdsourcing and best-worst scaling</title>
		<author>
			<persName><forename type="first">Svetlana</forename><surname>Kiritchenko</surname></persName>
		</author>
		<author>
			<persName><forename type="first">Saif</forename><forename type="middle">M</forename><surname>Mohammad</surname></persName>
		</author>
		<idno type="DOI">10.18653/v1/N16-1095</idno>
	</analytic>
	<monogr>
		<title level="m">Proceedings of the 2016 Conference of the North American Chapter of the Association for Computational Linguistics: Human Language Technologies</title>
				<meeting>the 2016 Conference of the North American Chapter of the Association for Computational Linguistics: Human Language Technologies<address><addrLine>San Diego, California</addrLine></address></meeting>
		<imprint>
			<publisher>Association for Computational Linguistics</publisher>
			<date type="published" when="2016">2016</date>
			<biblScope unit="page" from="811" to="817" />
		</imprint>
	</monogr>
	<note type="raw_reference">Svetlana Kiritchenko and Saif M. Mohammad. 2016. Capturing reliable fine-grained sentiment associa- tions by crowdsourcing and best-worst scaling. In Proceedings of the 2016 Conference of the North American Chapter of the Association for Computa- tional Linguistics: Human Language Technologies, pages 811-817, San Diego, California. Association for Computational Linguistics.</note>
</biblStruct>

<biblStruct xml:id="b22">
	<analytic>
		<title level="a" type="main">Deepaspeer: Towards an aspectlevel sentiment controllable framework for decision prediction from academic peer reviews</title>
		<author>
			<persName><forename type="first">Sandeep</forename><surname>Kumar</surname></persName>
		</author>
		<author>
			<persName><forename type="first">Hardik</forename><surname>Arora</surname></persName>
		</author>
		<author>
			<persName><forename type="first">Tirthankar</forename><surname>Ghosal</surname></persName>
		</author>
		<author>
			<persName><forename type="first">Asif</forename><surname>Ekbal</surname></persName>
		</author>
	</analytic>
	<monogr>
		<title level="m">2022 ACM/IEEE Joint Conference on Digital Libraries (JCDL)</title>
				<imprint>
			<date type="published" when="2022">2022</date>
			<biblScope unit="page" from="1" to="11" />
		</imprint>
	</monogr>
	<note type="raw_reference">Sandeep Kumar, Hardik Arora, Tirthankar Ghosal, and Asif Ekbal. 2022. Deepaspeer: Towards an aspect- level sentiment controllable framework for decision prediction from academic peer reviews. In 2022 ACM/IEEE Joint Conference on Digital Libraries (JCDL), pages 1-11.</note>
</biblStruct>

<biblStruct xml:id="b23">
	<analytic>
		<title level="a" type="main">Sharing is caring! joint multitask learning helps aspect-category extraction and sentiment detection in scientific peer reviews</title>
		<author>
			<persName><forename type="first">Sandeep</forename><surname>Kumar</surname></persName>
		</author>
		<author>
			<persName><forename type="first">Tirthankar</forename><surname>Ghosal</surname></persName>
		</author>
		<author>
			<persName><forename type="first">Prabhat</forename><surname>Kumar Bharti</surname></persName>
		</author>
		<author>
			<persName><forename type="first">Asif</forename><surname>Ekbal</surname></persName>
		</author>
		<idno type="DOI">10.1109/JCDL52503.2021.00081</idno>
	</analytic>
	<monogr>
		<title level="m">2021 ACM/IEEE Joint Conference on Digital Libraries (JCDL)</title>
				<imprint>
			<date type="published" when="2021">2021</date>
			<biblScope unit="page" from="270" to="273" />
		</imprint>
	</monogr>
	<note type="raw_reference">Sandeep Kumar, Tirthankar Ghosal, Prabhat Kumar Bharti, and Asif Ekbal. 2021. Sharing is caring! joint multitask learning helps aspect-category extrac- tion and sentiment detection in scientific peer reviews. In 2021 ACM/IEEE Joint Conference on Digital Li- braries (JCDL), pages 270-273.</note>
</biblStruct>

<biblStruct xml:id="b24">
	<analytic>
		<title level="a" type="main">Best-worst scaling: A model for the largest difference judgments</title>
		<author>
			<persName><forename type="first">Jordan</forename><surname>Louviere</surname></persName>
		</author>
		<author>
			<persName><forename type="first">;</forename><surname>Jordan Louviere</surname></persName>
		</author>
		<author>
			<persName><forename type="first">T</forename><forename type="middle">N</forename><surname>Flynn</surname></persName>
		</author>
		<author>
			<persName><forename type="first">A</forename><forename type="middle">A J</forename><surname>Marley</surname></persName>
		</author>
		<idno type="DOI">10.1017/CBO9781107337855</idno>
	</analytic>
	<monogr>
		<title level="m">Best-worst scaling: Theory, methods and applications</title>
				<imprint>
			<date type="published" when="1991">1991. 2015</date>
		</imprint>
	</monogr>
	<note type="raw_reference">Jordan Louviere. 1991. Best-worst scaling: A model for the largest difference judgments. In working paper. Jordan Louviere, T.N. Flynn, and A. A. J. Marley. 2015. Best-worst scaling: Theory, methods and applica- tions.</note>
</biblStruct>

<biblStruct xml:id="b25">
	<monogr>
		<author>
			<persName><forename type="first">Tomas</forename><surname>Mikolov</surname></persName>
		</author>
		<author>
			<persName><forename type="first">Kai</forename><surname>Chen</surname></persName>
		</author>
		<author>
			<persName><forename type="first">Greg</forename><surname>Corrado</surname></persName>
		</author>
		<author>
			<persName><forename type="first">Jeffrey</forename><surname>Dean</surname></persName>
		</author>
		<idno type="arXiv">arXiv:1301.3781</idno>
		<title level="m">Efficient estimation of word representations in vector space</title>
				<imprint>
			<date type="published" when="2013">2013</date>
		</imprint>
	</monogr>
	<note type="report_type">arXiv preprint</note>
	<note type="raw_reference">Tomas Mikolov, Kai Chen, Greg Corrado, and Jef- frey Dean. 2013. Efficient estimation of word representations in vector space. arXiv preprint arXiv:1301.3781.</note>
</biblStruct>

<biblStruct xml:id="b26">
	<monogr>
		<title level="m" type="main">Maxdiff analysis: Simple counting,individual-level logit, and hb</title>
		<author>
			<persName><forename type="first">B</forename><surname>Orme</surname></persName>
		</author>
		<imprint>
			<date type="published" when="2009">2009</date>
		</imprint>
	</monogr>
	<note>In sawtooth software, inc</note>
	<note type="raw_reference">B. Orme. 2009. Maxdiff analysis: Simple counting,individual-level logit, and hb. In sawtooth software, inc.</note>
</biblStruct>

<biblStruct xml:id="b27">
	<analytic>
		<title level="a" type="main">Citetracked: A longitudinal dataset of peer reviews and citations</title>
		<author>
			<persName><forename type="first">Barbara</forename><surname>Plank</surname></persName>
		</author>
		<author>
			<persName><forename type="first">Reinard</forename><surname>Van Dalen</surname></persName>
		</author>
	</analytic>
	<monogr>
		<title level="m">BIRNDL@SIGIR</title>
				<imprint>
			<date type="published" when="2019">2019</date>
		</imprint>
	</monogr>
	<note type="raw_reference">Barbara Plank and Reinard van Dalen. 2019. Cite- tracked: A longitudinal dataset of peer reviews and citations. In BIRNDL@SIGIR.</note>
</biblStruct>

<biblStruct xml:id="b28">
	<analytic>
		<title level="a" type="main">A survey of deep active learning</title>
		<author>
			<persName><forename type="first">Pengzhen</forename><surname>Ren</surname></persName>
		</author>
		<author>
			<persName><forename type="first">Yun</forename><surname>Xiao</surname></persName>
		</author>
		<author>
			<persName><forename type="first">Xiaojun</forename><surname>Chang</surname></persName>
		</author>
		<author>
			<persName><forename type="first">Po-Yao</forename><surname>Huang</surname></persName>
		</author>
		<author>
			<persName><forename type="first">Zhihui</forename><surname>Li</surname></persName>
		</author>
		<author>
			<persName><forename type="first">B</forename><surname>Brij</surname></persName>
		</author>
		<author>
			<persName><forename type="first">Xiaojiang</forename><surname>Gupta</surname></persName>
		</author>
		<author>
			<persName><forename type="first">Xin</forename><surname>Chen</surname></persName>
		</author>
		<author>
			<persName><surname>Wang</surname></persName>
		</author>
		<idno type="DOI">10.1145/3472291</idno>
	</analytic>
	<monogr>
		<title level="j">ACM Comput. Surv</title>
		<imprint>
			<biblScope unit="volume">54</biblScope>
			<biblScope unit="issue">9</biblScope>
			<date type="published" when="2021">2021</date>
		</imprint>
	</monogr>
	<note type="raw_reference">Pengzhen Ren, Yun Xiao, Xiaojun Chang, Po-Yao Huang, Zhihui Li, Brij B. Gupta, Xiaojiang Chen, and Xin Wang. 2021. A survey of deep active learn- ing. ACM Comput. Surv., 54(9).</note>
</biblStruct>

<biblStruct xml:id="b29">
	<monogr>
		<title level="m" type="main">Peer review in nlp: reject-if-notsota</title>
		<author>
			<persName><forename type="first">Anna</forename><surname>Rogers</surname></persName>
		</author>
		<imprint>
			<date type="published" when="2020">2020a</date>
		</imprint>
	</monogr>
	<note type="raw_reference">Anna Rogers. 2020a. Peer review in nlp: reject-if-not- sota.</note>
</biblStruct>

<biblStruct xml:id="b30">
	<monogr>
		<author>
			<persName><forename type="first">Anna</forename><surname>Rogers</surname></persName>
		</author>
		<title level="m">Peer review in nlp: resource papers</title>
				<imprint>
			<date type="published" when="2020">2020b</date>
		</imprint>
	</monogr>
	<note type="raw_reference">Anna Rogers. 2020b. Peer review in nlp: resource papers.</note>
</biblStruct>

<biblStruct xml:id="b31">
	<analytic>
		<title level="a" type="main">What can we do to improve peer review in NLP?</title>
		<author>
			<persName><forename type="first">Anna</forename><surname>Rogers</surname></persName>
		</author>
		<author>
			<persName><forename type="first">Isabelle</forename><surname>Augenstein</surname></persName>
		</author>
		<idno type="DOI">10.18653/v1/2020.findings-emnlp.112</idno>
	</analytic>
	<monogr>
		<title level="m">Findings of the Association for Computational Linguistics: EMNLP 2020</title>
				<imprint>
			<publisher>Online. Association for Computational Linguistics</publisher>
			<date type="published" when="2020">2020</date>
			<biblScope unit="page" from="1256" to="1262" />
		</imprint>
	</monogr>
	<note type="raw_reference">Anna Rogers and Isabelle Augenstein. 2020. What can we do to improve peer review in NLP? In Find- ings of the Association for Computational Linguistics: EMNLP 2020, pages 1256-1262, Online. Association for Computational Linguistics.</note>
</biblStruct>

<biblStruct xml:id="b32">
	<analytic>
		<title level="a" type="main">Social bias frames: Reasoning about social and power implications of language</title>
		<author>
			<persName><forename type="first">Maarten</forename><surname>Sap</surname></persName>
		</author>
		<author>
			<persName><forename type="first">Saadia</forename><surname>Gabriel</surname></persName>
		</author>
		<author>
			<persName><forename type="first">Lianhui</forename><surname>Qin</surname></persName>
		</author>
		<author>
			<persName><forename type="first">Dan</forename><surname>Jurafsky</surname></persName>
		</author>
		<author>
			<persName><forename type="first">Noah</forename><forename type="middle">A</forename><surname>Smith</surname></persName>
		</author>
		<author>
			<persName><forename type="first">Yejin</forename><surname>Choi</surname></persName>
		</author>
	</analytic>
	<monogr>
		<title level="m">ACL</title>
				<imprint>
			<date type="published" when="2020">2020</date>
		</imprint>
	</monogr>
	<note type="raw_reference">Maarten Sap, Saadia Gabriel, Lianhui Qin, Dan Juraf- sky, Noah A Smith, and Yejin Choi. 2020. Social bias frames: Reasoning about social and power im- plications of language. In ACL.</note>
</biblStruct>

<biblStruct xml:id="b33">
	<analytic>
		<title level="a" type="main">A survey on hate speech detection using natural language processing</title>
		<author>
			<persName><forename type="first">Anna</forename><surname>Schmidt</surname></persName>
		</author>
		<author>
			<persName><forename type="first">Michael</forename><surname>Wiegand</surname></persName>
		</author>
		<idno type="DOI">10.18653/v1/W17-1101</idno>
	</analytic>
	<monogr>
		<title level="m">Proceedings of the Fifth International Workshop on Natural Language Processing for Social Media</title>
				<meeting>the Fifth International Workshop on Natural Language Processing for Social Media<address><addrLine>Valencia, Spain</addrLine></address></meeting>
		<imprint>
			<publisher>Association for Computational Linguistics</publisher>
			<date type="published" when="2017">2017</date>
			<biblScope unit="page" from="1" to="10" />
		</imprint>
	</monogr>
	<note type="raw_reference">Anna Schmidt and Michael Wiegand. 2017. A survey on hate speech detection using natural language pro- cessing. In Proceedings of the Fifth International Workshop on Natural Language Processing for So- cial Media, pages 1-10, Valencia, Spain. Association for Computational Linguistics.</note>
</biblStruct>

<biblStruct xml:id="b34">
	<analytic>
		<title level="a" type="main">Dataset cartography: Mapping and diagnosing datasets with training dynamics</title>
		<author>
			<persName><forename type="first">Swabha</forename><surname>Swayamdipta</surname></persName>
		</author>
		<author>
			<persName><forename type="first">Roy</forename><surname>Schwartz</surname></persName>
		</author>
		<author>
			<persName><forename type="first">Nicholas</forename><surname>Lourie</surname></persName>
		</author>
		<author>
			<persName><forename type="first">Yizhong</forename><surname>Wang</surname></persName>
		</author>
		<author>
			<persName><forename type="first">Hannaneh</forename><surname>Hajishirzi</surname></persName>
		</author>
		<author>
			<persName><forename type="first">Noah</forename><forename type="middle">A</forename><surname>Smith</surname></persName>
		</author>
		<author>
			<persName><forename type="first">Yejin</forename><surname>Choi</surname></persName>
		</author>
		<idno type="DOI">10.18653/v1/2020.emnlp-main.746</idno>
	</analytic>
	<monogr>
		<title level="m">Proceedings of the 2020 Conference on Empirical Methods in Natural Language Processing (EMNLP)</title>
				<meeting>the 2020 Conference on Empirical Methods in Natural Language Processing (EMNLP)</meeting>
		<imprint>
			<publisher>Online. Association for Computational Linguistics</publisher>
			<date type="published" when="2020">2020</date>
			<biblScope unit="page" from="9275" to="9293" />
		</imprint>
	</monogr>
	<note type="raw_reference">Swabha Swayamdipta, Roy Schwartz, Nicholas Lourie, Yizhong Wang, Hannaneh Hajishirzi, Noah A. Smith, and Yejin Choi. 2020. Dataset cartography: Mapping and diagnosing datasets with training dynamics. In Proceedings of the 2020 Conference on Empirical Methods in Natural Language Processing (EMNLP), pages 9275-9293, Online. Association for Computa- tional Linguistics.</note>
</biblStruct>

<biblStruct xml:id="b35">
	<monogr>
		<title level="m" type="main">We are all Reviewer 2: A Window into the secret world of peer review</title>
		<author>
			<persName><forename type="first">Christine -Tardy</forename></persName>
		</author>
		<idno type="DOI">10.1007/978-3-319-95333-5_15</idno>
		<imprint>
			<date type="published" when="2018">2018</date>
			<publisher>Springer International Publishing</publisher>
			<biblScope unit="page" from="271" to="289" />
		</imprint>
	</monogr>
	<note type="raw_reference">Christine -Tardy. 2018. We are all Reviewer 2: A Window into the secret world of peer review, pages 271-289. Springer International Publishing.</note>
</biblStruct>

<biblStruct xml:id="b36">
	<analytic>
		<title level="a" type="main">Sentiment analysis of peer review texts for scholarly papers</title>
		<author>
			<persName><forename type="first">Ke</forename><surname>Wang</surname></persName>
		</author>
		<author>
			<persName><forename type="first">Xiaojun</forename><surname>Wan</surname></persName>
		</author>
	</analytic>
	<monogr>
		<title level="m">The 41st International ACM SIGIR Conference on Research &amp; Development in Information Retrieval</title>
				<imprint>
			<date type="published" when="2018">2018</date>
			<biblScope unit="page" from="175" to="184" />
		</imprint>
	</monogr>
	<note type="raw_reference">Ke Wang and Xiaojun Wan. 2018. Sentiment analysis of peer review texts for scholarly papers. In The 41st International ACM SIGIR Conference on Research &amp; Development in Information Retrieval, pages 175- 184.</note>
</biblStruct>

<biblStruct xml:id="b37">
	<analytic>
		<title level="a" type="main">Hateful symbols or hateful people? predictive features for hate speech detection on Twitter</title>
		<author>
			<persName><forename type="first">Zeerak</forename><surname>Waseem</surname></persName>
		</author>
		<author>
			<persName><forename type="first">Dirk</forename><surname>Hovy</surname></persName>
		</author>
		<idno type="DOI">10.18653/v1/N16-2013</idno>
	</analytic>
	<monogr>
		<title level="m">Proceedings of the NAACL Student Research Workshop</title>
				<meeting>the NAACL Student Research Workshop<address><addrLine>San Diego, California</addrLine></address></meeting>
		<imprint>
			<date type="published" when="2016">2016</date>
			<biblScope unit="page" from="88" to="93" />
		</imprint>
	</monogr>
	<note>Association for Computational Linguistics</note>
	<note type="raw_reference">Zeerak Waseem and Dirk Hovy. 2016. Hateful symbols or hateful people? predictive features for hate speech detection on Twitter. In Proceedings of the NAACL Student Research Workshop, pages 88-93, San Diego, California. Association for Computational Linguis- tics.</note>
</biblStruct>

<biblStruct xml:id="b38">
	<analytic>
		<title level="a" type="main">Rude reviews are pervasive and sometimes harmful, study finds</title>
		<author>
			<persName><forename type="first">Christie</forename><surname>Wilcox</surname></persName>
		</author>
		<idno type="DOI">10.1126/science.366.6472.1433</idno>
	</analytic>
	<monogr>
		<title level="j">Science</title>
		<imprint>
			<biblScope unit="volume">366</biblScope>
			<biblScope unit="issue">6472</biblScope>
			<biblScope unit="page" from="1433" to="1433" />
			<date type="published" when="2019">2019</date>
		</imprint>
	</monogr>
	<note type="raw_reference">Christie Wilcox. 2019. Rude reviews are perva- sive and sometimes harmful, study finds. Science, 366(6472):1433-1433.</note>
</biblStruct>

<biblStruct xml:id="b39">
	<analytic>
		<title level="a" type="main">Transformers: State-of-the-art natural language processing</title>
		<author>
			<persName><forename type="first">Thomas</forename><surname>Wolf</surname></persName>
		</author>
		<author>
			<persName><forename type="first">Lysandre</forename><surname>Debut</surname></persName>
		</author>
		<author>
			<persName><forename type="first">Victor</forename><surname>Sanh</surname></persName>
		</author>
		<author>
			<persName><forename type="first">Julien</forename><surname>Chaumond</surname></persName>
		</author>
		<author>
			<persName><forename type="first">Clement</forename><surname>Delangue</surname></persName>
		</author>
		<author>
			<persName><forename type="first">Anthony</forename><surname>Moi</surname></persName>
		</author>
		<author>
			<persName><forename type="first">Pierric</forename><surname>Cistac</surname></persName>
		</author>
		<author>
			<persName><forename type="first">Tim</forename><surname>Rault</surname></persName>
		</author>
		<author>
			<persName><forename type="first">Rémi</forename><surname>Louf</surname></persName>
		</author>
		<author>
			<persName><forename type="first">Morgan</forename><surname>Funtowicz</surname></persName>
		</author>
		<author>
			<persName><forename type="first">Joe</forename><surname>Davison</surname></persName>
		</author>
		<author>
			<persName><forename type="first">Sam</forename><surname>Shleifer</surname></persName>
		</author>
		<author>
			<persName><forename type="first">Clara</forename><surname>Patrick Von Platen</surname></persName>
		</author>
		<author>
			<persName><forename type="first">Yacine</forename><surname>Ma</surname></persName>
		</author>
		<author>
			<persName><forename type="first">Julien</forename><surname>Jernite</surname></persName>
		</author>
		<author>
			<persName><forename type="first">Canwen</forename><surname>Plu</surname></persName>
		</author>
		<author>
			<persName><forename type="first">Teven</forename><surname>Xu</surname></persName>
		</author>
		<author>
			<persName><forename type="first">Sylvain</forename><surname>Le Scao</surname></persName>
		</author>
		<author>
			<persName><forename type="first">Mariama</forename><surname>Gugger</surname></persName>
		</author>
		<author>
			<persName><forename type="first">Quentin</forename><surname>Drame</surname></persName>
		</author>
		<author>
			<persName><forename type="first">Alexander</forename><forename type="middle">M</forename><surname>Lhoest</surname></persName>
		</author>
		<author>
			<persName><surname>Rush</surname></persName>
		</author>
	</analytic>
	<monogr>
		<title level="m">Proceedings of the 2020 Conference on Empirical Methods in Natural Language Processing: System Demonstrations</title>
				<meeting>the 2020 Conference on Empirical Methods in Natural Language Processing: System Demonstrations</meeting>
		<imprint>
			<publisher>Online. Association for Computational Linguistics</publisher>
			<date type="published" when="2020">2020</date>
			<biblScope unit="page" from="38" to="45" />
		</imprint>
	</monogr>
	<note type="raw_reference">Thomas Wolf, Lysandre Debut, Victor Sanh, Julien Chaumond, Clement Delangue, Anthony Moi, Pier- ric Cistac, Tim Rault, Rémi Louf, Morgan Funtowicz, Joe Davison, Sam Shleifer, Patrick von Platen, Clara Ma, Yacine Jernite, Julien Plu, Canwen Xu, Teven Le Scao, Sylvain Gugger, Mariama Drame, Quentin Lhoest, and Alexander M. Rush. 2020. Transform- ers: State-of-the-art natural language processing. In Proceedings of the 2020 Conference on Empirical Methods in Natural Language Processing: System Demonstrations, pages 38-45, Online. Association for Computational Linguistics.</note>
</biblStruct>

<biblStruct xml:id="b40">
	<monogr>
		<title level="m" type="main">Ex machina: Personal attacks seen at scale</title>
		<author>
			<persName><forename type="first">Ellery</forename><surname>Wulczyn</surname></persName>
		</author>
		<author>
			<persName><forename type="first">Nithum</forename><surname>Thain</surname></persName>
		</author>
		<author>
			<persName><forename type="first">Lucas</forename><surname>Dixon</surname></persName>
		</author>
		<imprint>
			<date type="published" when="2017">2017</date>
		</imprint>
	</monogr>
	<note type="raw_reference">Ellery Wulczyn, Nithum Thain, and Lucas Dixon. 2017. Ex machina: Personal attacks seen at scale.</note>
</biblStruct>

<biblStruct xml:id="b41">
	<analytic>
		<title level="a" type="main">Can we automate scientific reviewing? Mike Zhang and Barbara Plank. 2021. Cartography active learning</title>
		<author>
			<persName><forename type="first">Weizhe</forename><surname>Yuan</surname></persName>
		</author>
		<author>
			<persName><forename type="first">Pengfei</forename><surname>Liu</surname></persName>
		</author>
		<author>
			<persName><forename type="first">Graham</forename><surname>Neubig</surname></persName>
		</author>
		<idno type="DOI">10.18653/v1/2021.findings-emnlp.36</idno>
	</analytic>
	<monogr>
		<title level="m">Findings of the Association for Computational Linguistics: EMNLP 2021</title>
				<meeting><address><addrLine>Punta Cana, Dominican Republic</addrLine></address></meeting>
		<imprint>
			<publisher>Association for Computational Linguistics</publisher>
			<date type="published" when="2021">2021</date>
			<biblScope unit="page" from="395" to="406" />
		</imprint>
	</monogr>
	<note type="raw_reference">Weizhe Yuan, Pengfei Liu, and Graham Neubig. 2021. Can we automate scientific reviewing? Mike Zhang and Barbara Plank. 2021. Cartography ac- tive learning. In Findings of the Association for Com- putational Linguistics: EMNLP 2021, pages 395- 406, Punta Cana, Dominican Republic. Association for Computational Linguistics.</note>
</biblStruct>

				</listBibl>
			</div>
		</back>
	</text>
</TEI>
