<?xml version="1.0" encoding="UTF-8"?>
<TEI xml:space="preserve" xmlns="http://www.tei-c.org/ns/1.0" 
xmlns:xsi="http://www.w3.org/2001/XMLSchema-instance" 
xsi:schemaLocation="http://www.tei-c.org/ns/1.0 https://raw.githubusercontent.com/kermitt2/grobid/master/grobid-home/schemas/xsd/Grobid.xsd"
 xmlns:xlink="http://www.w3.org/1999/xlink">
	<teiHeader xml:lang="en">
		<fileDesc>
			<titleStmt>
				<title level="a" type="main">MentalBERT: Publicly Available Pretrained Language Models for Mental Healthcare</title>
			</titleStmt>
			<publicationStmt>
				<publisher/>
				<availability status="unknown"><licence/></availability>
			</publicationStmt>
			<sourceDesc>
				<biblStruct>
					<analytic>
						<author>
							<persName><forename type="first">Shaoxiong</forename><surname>Ji</surname></persName>
							<affiliation key="aff0">
								<orgName type="institution">Aalto University</orgName>
								<address>
									<country key="FI">Finland</country>
								</address>
							</affiliation>
						</author>
						<author>
							<persName><forename type="first">Tianlin</forename><surname>Zhang</surname></persName>
							<email>tianlin.zhang@postgrad.manchester.ac.uk</email>
							<affiliation key="aff1">
								<orgName type="institution">The University of Manchester</orgName>
								<address>
									<country key="GB">UK</country>
								</address>
							</affiliation>
						</author>
						<author>
							<persName><forename type="first">Luna</forename><surname>Ansari</surname></persName>
							<affiliation key="aff0">
								<orgName type="institution">Aalto University</orgName>
								<address>
									<country key="FI">Finland</country>
								</address>
							</affiliation>
						</author>
						<author>
							<persName><forename type="first">Jie</forename><surname>Fu</surname></persName>
							<email>fujie@mila.quebec</email>
							<affiliation key="aff2">
								<orgName type="institution">AI Institute</orgName>
								<address>
									<region>Mila, Québec</region>
									<country key="CA">Canada</country>
								</address>
							</affiliation>
						</author>
						<author>
							<persName><forename type="first">Prayag</forename><surname>Tiwari</surname></persName>
							<email>prayag.tiwari@aalto.fi</email>
							<affiliation key="aff0">
								<orgName type="institution">Aalto University</orgName>
								<address>
									<country key="FI">Finland</country>
								</address>
							</affiliation>
						</author>
						<author>
							<persName><forename type="first">Erik</forename><surname>Cambria</surname></persName>
							<email>cambria@ntu.edu.sg</email>
							<affiliation key="aff3">
								<orgName type="institution">Nanyang Technological University</orgName>
								<address>
									<country key="SG">Singapore</country>
								</address>
							</affiliation>
						</author>
						<title level="a" type="main">MentalBERT: Publicly Available Pretrained Language Models for Mental Healthcare</title>
					</analytic>
					<monogr>
						<imprint>
							<date/>
						</imprint>
					</monogr>
					<idno type="MD5">410C07F20FEC46FF8648906C1DC0CEFC</idno>
				</biblStruct>
			</sourceDesc>
		</fileDesc>
		<encodingDesc>
			<appInfo>
				<application version="0.7.3-SNAPSHOT" ident="GROBID" when="2023-01-12T09:03+0000">
					<desc>GROBID - A machine learning software for extracting information from scholarly documents</desc>
					<ref target="https://github.com/kermitt2/grobid"/>
				</application>
			</appInfo>
		</encodingDesc>
		<profileDesc>
			<textClass>
				<keywords>
					<term>Pretrained Language Models</term>
					<term>Mental Healthcare</term>
					<term>MentalBERT</term>
				</keywords>
			</textClass>
			<abstract>
<div xmlns="http://www.tei-c.org/ns/1.0"><p>Mental health is a critical issue in modern society, and mental disorders could sometimes turn to suicidal ideation without adequate treatment. Early detection of mental disorders and suicidal ideation from social content provides a potential way for effective social intervention. Recent advances in pretrained contextualized language representations have promoted the development of several domain-specific pretrained models and facilitated several downstream applications. However, there are no existing pretrained language models for mental healthcare. This paper trains and releases two pretrained masked language models, i.e., MentalBERT and MentalRoBERTa, to benefit machine learning for the mental healthcare research community. Besides, we evaluate our trained domain-specific models and several variants of pretrained language models on several mental disorder detection benchmarks and demonstrate that language representations pretrained in the target domain improve the performance of mental health detection tasks.</p></div>
			</abstract>
		</profileDesc>
	</teiHeader>
	<text xml:lang="en">
		<body>
<div xmlns="http://www.tei-c.org/ns/1.0"><head n="1.">Introduction</head><p>Mental health is a global issue, especially severe in most developed countries and many emerging markets. According to the mental health action plan <ref type="bibr">(2013 -2020)</ref> from the World Health Organization, one in four people worldwide suffer from mental disorders to some extent. Moreover, three out of four people with severe mental disorders do not receive treatment, worsening the problem. During some periods like the pandemic, people struggle with mental health issues, and many may not get mental health practitioners' help. Previous studies reveal that suicide risk usually has a connection to mental disorders <ref type="bibr" target="#b44">(Windfuhr and Kapur, 2011)</ref>. Partly due to severe mental disorders, 900,000 people commit suicide each year worldwide, making suicide the second most common cause of death among the young. Suicide attempters have been reported as suffering from mental disorders, with an investigation on a shift from mental health to suicidal ideation conducted by language and interactional measures <ref type="bibr" target="#b12">(De Choudhury et al., 2016)</ref>. Early identification is a practical approach to mental illness and suicidal ideation prevention. Except for traditional proactive screening, social media is a good channel for mental health care. Social media platforms such as Reddit and Twitter provide anonymous space for users to discuss stigmatic topics and self-report personal issues. Social content from users who wrote about mental health issues and posted suicidal ideation has been widely used to study mental health issues <ref type="bibr" target="#b19">(Ji et al., 2018;</ref><ref type="bibr" target="#b42">Tadesse et al., 2019)</ref>. Machine learningbased detection techniques can empower healthcare workers in early detection and assessment to take an action of proactive prevention. Recent advances in deep learning facilitate the development of effective early detection methods <ref type="bibr" target="#b6">(Cambria et al., 2010;</ref><ref type="bibr" target="#b7">Cambria et al., 2012;</ref><ref type="bibr" target="#b22">Ji et al., 2022)</ref>. A new trend in natural language processing (NLP), contextualized pretrained language models, has attracted much attention for various text processing tasks. The seminal work on a pretrained language model called BERT <ref type="bibr" target="#b13">(Devlin et al., 2019)</ref> utilizes bidirectional transformer-based text encoders and trains the model on a large-scale corpus. With the success of BERT, several domain-specific pretrained language models for learning text representations have also been developed and released, such as biomedical BERT <ref type="bibr" target="#b26">(Lee et al., 2020)</ref> and clinical BERT <ref type="bibr" target="#b1">(Alsentzer et al., 2019;</ref><ref type="bibr" target="#b18">Huang et al., 2019)</ref> for the biomedical and clinical domain, respectively. However, there are no pretrained language models customized for the domain of mental healthcare. Our paper trains and releases two representative bidirectional masked language models, i.e., BERT and RoBERTa <ref type="bibr" target="#b29">(Liu et al., 2019)</ref>, with corpus collected from social forums for mental health discussion. The pretrained models in the mental health domain are dubbed MentalBERT and MentalRoBERTa. To the best of our knowledge, this work is among the first to pre-train language models for mental healthcare. Besides, we conduct a comprehensive evaluation on several mental health detection datasets with pretrained language models in different domains. We release the pretrained MentalBERTs with Huggingface's model repository<ref type="foot" target="#foot_0">1</ref> .</p></div>
<div xmlns="http://www.tei-c.org/ns/1.0"><head n="2.">Methods and Setup</head><p>This section introduces the language model pretraining technique and the pretraining corpus we collected. We then present the downstream tasks that we aim to solve by fine-tuning the pretrained models, and describing the setup of language model fine-tuning. Note that we aim to provide publicly available pretrained text embeddings as language resources and evaluate the usability in downstream tasks rather than propose novel pretraining techniques.</p></div>
<div xmlns="http://www.tei-c.org/ns/1.0"><head n="2.1.">Language Model Pretraining</head><p>We follow the standard pretraining protocols of BERT and RoBERTa with Huggingface's Transformers framework <ref type="bibr" target="#b45">(Wolf et al., 2020)</ref>. These two models work in a bidirectional manner, and we follow their mechanism and adopt the same loss of masked language modeling during pretraining. We use the base network architecture for both models. The BERT model we use is base uncased, which is 12-layer, 768hidden, and 12-heads and has 110M parameters. For the pretraining of RoBERTa-based MentalBERT, we apply the dynamic masking mechanism that converges slightly slower than the static masking. Instead of the domain-specific pretraining <ref type="bibr" target="#b16">(Gu et al., 2020)</ref> that trains language models from scratch, we adopt the training scheme similar to the domain-adaptive pretraining <ref type="bibr" target="#b17">(Gururangan et al., 2020)</ref> that continues the pretraining in specific downstream domains. Specifically, we start the training of language models from the checkpoint of original BERT and RoBERTa. In this way, we can utilize the learned knowledge from the general domain and save computing resources, and continued pretraining makes the model adaptive to the target domain of mental health. We use four Nvidia Tesla v100 GPUs to train the two language models. The computing resources are also one of the main assets of this paper. We set the batch size to 16 per GPU, evaluate every 1,000 steps, and train for 624,000 iterations. Training with four GPUs takes around eight days, i.e., around 32 days with only one GPU.</p></div>
<div xmlns="http://www.tei-c.org/ns/1.0"><head n="2.2.">Pretraining Corpus</head><p>We collect our pretraining corpus from Reddit, an anonymous network of communities for discussion among people of similar interests. Focusing on the mental health domain, we select several relevant subreddits (i.e., Reddit communities that have a specific topic of interest) and crawl the users' posts. We do not collect user profiles when collecting the pretraining corpus, even though those profiles are publicly available. The selected mental health-related subreddits include "r/depression", "r/SuicideWatch", "r/Anxiety", "r/offmychest", "r/bipolar", "r/mentalillness/", and "r/mentalhealth". Eventually, we make the training corpus with a total of 13,671,785 sentences.</p></div>
<div xmlns="http://www.tei-c.org/ns/1.0"><head n="2.3.">Downstream Task Fine-tuning</head><p>We apply the pretrained MentalBERT and Mental-RoBERTa in binary mental disorder detection and multi-class mental disorder classification of various mental disorders such as stress, anxiety, and depression. We fine-tune the language models in downstream tasks. Specifically, we use the embedding of the special token [CLS] of the last hidden layer as the final feature of the input text. We adopt the multilayer perceptron (MLP) with the hyperbolic tangent activation function for the classification model. We set the learning rate of the transformer text encoder to be 1e-05 and the learning rate of classification layers to be 3e-05. The optimizer is Adam <ref type="bibr" target="#b25">(Kingma and Ba, 2014)</ref>.</p></div>
<div xmlns="http://www.tei-c.org/ns/1.0"><head n="3.">Results</head></div>
<div xmlns="http://www.tei-c.org/ns/1.0"><head n="3.1.">Datasets</head><p>We evaluate and compare mental disorder detection methods on different datasets with various mental disorders (e.g., depression, anxiety, and suicidal ideation) collected from popular social platforms (e.g., Reddit and Twitter). Table <ref type="table" target="#tab_0">1</ref> summarizes the datasets used in this paper. We carefully choose those benchmarks to cover a relatively wide range of mental health categories and social platforms. Some datasets do not provide a validation set. Thus, we partition a small set from the original training set to make the validation set.</p><p>Depression Depression is one of the most common mental disorders discussed on many social platforms. We take it as a representative to evaluate the performance of different pretrained models. The first dataset for depression comes from the CLPsych 2015 Shared Task <ref type="bibr" target="#b11">(Coppersmith et al., 2015)</ref> <ref type="foot" target="#foot_1">2</ref> . The first task of CLPsych 2015 contains user-generated posts from users with depression on Twitter. The train partition consists of 327 depression users, and the test data contains 150 depression users. Note that there is an unknown data missing issue in the dataset of the CLPsych 2015 shared task. The second dataset used is from eRisk shared task 1 <ref type="bibr" target="#b30">(Losada and Crestani, 2016)</ref>, which is a public competition for early risk detection in health-related areas. The eRisk dataset contains posts from 2,810 users, where 1,370 users express depression in their posts and 1,440 act as the control group without depression. <ref type="bibr" target="#b35">(Pirina and C ¸öltekin, 2018)</ref> collected additional social data form Reddit and combined them with previously collected data to identify depression<ref type="foot" target="#foot_2">3</ref> . We term this dataset as Depression Reddit in this paper.</p></div>
<div xmlns="http://www.tei-c.org/ns/1.0"><head>Suicidal Ideation</head><p>We use data collected from Reddit and Twitter to test the performance. Firstly, we use the UMD Reddit Suicidality Dataset <ref type="bibr" target="#b40">(Shing et al., 2018)</ref> that has a total of 865 users in the subreddit of "SuicideWatch" in Reddit 4 . The raw data annotation labels the user posts with four levels of risks. We include the control users and transform the label space into three classes according to the level of risks. In addition to data from Reddit, we also evaluate the performance of data collected from Twitter. We use the Twitter dataset with tweets expressing suicidal ideation and normal posts as the control group, which is collected by <ref type="bibr" target="#b19">(Ji et al., 2018;</ref><ref type="bibr" target="#b22">Ji et al., 2022)</ref>. We term this dataset as T-SID.</p><p>Other Mental Disorders We also evaluate the performance of classifying other mental disorders such as stress, anxiety, and bipolar. Dreaddit <ref type="bibr" target="#b43">(Turcan and McKeown, 2019</ref>) is a dataset for stress analysis with posts collected from five different forums of Reddit 5 . Specifically, it considers three major stressful topics, i.e., interpersonal conflict, mental illness, and financial need, and collects posts from ten related subreddits, including some mental health domains such as anxiety and PTSD. This dataset consists of a total of 3,553 posts split into train and test sets. Many factors may cause stress. We then use another dataset for recognizing everyday stressors called SAD, which contains 6,850 SMS-like sentences <ref type="bibr" target="#b32">(Mauriello et al., 2021)</ref>.</p><p>The </p></div>
<div xmlns="http://www.tei-c.org/ns/1.0"><head n="3.2.">Baselines</head><p>We compare our pretrained language models for mental health with various existing pretrained models in different domains. They are BERT and RoBERTa pretrained with general corpus, BioBERT pretrained in the biomedical domain, and ClinicalBERT pretrained with clinical notes. Note that the aim of this paper is not to achieve the state-of-the-art performance but to demonstrate the usability and evaluate the performance of our pretrained models, though we have achieved competitive performance in some datasets when compared with the state of the art.</p></div>
<div xmlns="http://www.tei-c.org/ns/1.0"><head n="3.3.">Results and Discussion</head><p>We evaluate the model performance by comparing the recall and F1 scores. Mental disorder detection is usually a task with unbalanced classes, leading to using the F1 score metric. It is also essential to reduce the false negatives, i.e., to ensure as few cases as possible that the detection model misses people with mental disorders. Thus, we also report recall scores.</p></div>
<div xmlns="http://www.tei-c.org/ns/1.0"><head>Results of Depression Detection</head><p>We first compare the performance of depression detection. Table <ref type="table" target="#tab_2">2</ref> reports the results on three depression dataset collected from Reddit. MentalRoBERTa archives the best performance on eRisk and CLPsych datasets, and MentalBERT is the second best model on the Depression Reddit dataset.</p></div>
<div xmlns="http://www.tei-c.org/ns/1.0"><head>Results of Classifying Other Mental Disorders</head><p>We then compare the performance of classifying other mental disorders and suicidal ideation. Table <ref type="table" target="#tab_3">3</ref> shows the performance on various datasets with different mental disorder classification tasks. In T-SID, SAD, and Dreaddit, MentalRoBERTa is the best model with the highest recall and F1 scores. The MentalBERT has the highest F1 score in the UMD dataset, while its F1 score is not competitive to other models. While for the SWMH dataset with several mental disorders, the Men-talRoBERT obtained the best F1 score.</p><p>Discussion When comparing the domain-specific pretrained models for mental health with models pretrained with general corpora, MentalBERT and Men- talRoBERTa gain better performance in most cases. Domain-specific pretraining in the biomedical or clinical domain turns out to be less helpful than pretraining on the target domain of mental health. Those results show that continued pretraining on the mental health domain improves prediction performance in downstream tasks of mental health classification.</p></div>
<div xmlns="http://www.tei-c.org/ns/1.0"><head n="4.">Related Work</head><p>Contextualized Text Embeddings Contextualized embeddings have been intensively studied in NLP. Selfsupervised large-scale pretraining facilitates the learning of semantic and contextual information and benefits various downstream applications such as text classification <ref type="bibr" target="#b10">(Chaturvedi et al., 2016)</ref>, sentiment analysis <ref type="bibr" target="#b8">(Cambria et al., 2022)</ref>, personality detection <ref type="bibr" target="#b33">(Mehta et al., 2020)</ref>, and social media analysis <ref type="bibr" target="#b15">(Grassi et al., 2011)</ref>. There are also many domain-specific variants of pretrained contextualized text embeddings. Embeddings in specific domains aim to encode domainspecific information to boost the performance of a specific domain. For example, BioBERT <ref type="bibr" target="#b26">(Lee et al., 2020)</ref> pretrained the BERT model in the biomedical domain using research articles from PubMed, which was applied to many biomedical tasks such as biomedical relation extraction and named entity recognition. Clin-icalBERT <ref type="bibr" target="#b1">(Alsentzer et al., 2019)</ref> used clinical notes as the pretraining corpus to continue the pretraining of the BERT model. Those domain-specific variants also foster variable downstream applications by fine-tuning pretrained embeddings <ref type="bibr" target="#b28">(Lin et al., 2019;</ref><ref type="bibr" target="#b20">Ji et al., 2020)</ref>.</p><p>NLP for Mental Healthcare Mental healthcare research in social media is increasingly applying NLP techniques to capture users' behavioral tendencies. Various methods are implemented for labeling, i.e., identifying emotions, mood, and profiles that might indicate mental health problems <ref type="bibr" target="#b5">(Calvo et al., 2017)</ref>. One of the most representative tasks is mental health detection that categorizes given social posts into different classes of mental disorders such as depression <ref type="bibr" target="#b42">(Tadesse et al., 2019)</ref>. Mental state understanding requires effective feature representation learning and complex emotive processes. <ref type="bibr" target="#b37">Resnik et al. (Resnik et al., 2013)</ref> applied topic modeling, an unsupervised approach that reduces the input of textual data feature space to a fixed number of topics to feature engineering in depression detection.</p><p>Feature engineering-based machine learning method designs manual features and builds classifiers for mental health detection <ref type="bibr" target="#b38">(Shatte et al., 2019;</ref><ref type="bibr" target="#b0">Abd Rahman et al., 2020)</ref>. Various features such as sensor signals from personal devices <ref type="bibr" target="#b34">(Mohr et al., 2017)</ref> and EEG signals <ref type="bibr" target="#b14">(Gore and Rathi, 2019)</ref> have been applied. For detection from textual data in particular, text features include word counts, TF-IDF <ref type="bibr" target="#b9">(Campillo-Ageitos et al., 2021)</ref>, topic features <ref type="bibr" target="#b39">(Shickel et al., 2020)</ref> and sentiment traits and lexicons <ref type="bibr" target="#b46">(Yoo et al., 2019;</ref><ref type="bibr" target="#b2">Ansari et al., 2022)</ref>. <ref type="bibr" target="#b27">Lee et al. (Lee et al., 2021)</ref> used micromodels trained with BERT to create a different path towards domain adaptation for mental healthcare. Severe mental disorders but without intervention may lead to suicidal ideation <ref type="bibr" target="#b44">(Windfuhr and Kapur, 2011)</ref>.</p><p>Many machine learning-based methods have been applied for suicidal ideation detection <ref type="bibr" target="#b21">(Ji et al., 2021)</ref>. Recent work applies deep representation learning methods, which enable automatic feature learning to solve the early mental disorder identification task. methods typically build text embeddings and feed the embeddings into neural architectures such as convolutional neural networks <ref type="bibr" target="#b36">(Rao et al., 2020)</ref>, recurrent networks <ref type="bibr" target="#b3">(Bouarara, 2021)</ref>, self attentionbased Transformers, hybrid architectures like CNN-LSTM <ref type="bibr" target="#b24">(Kang et al., 2021)</ref> and more other deep learning architectures <ref type="bibr" target="#b41">(Su et al., 2020)</ref>. Recent works use pretrained language models and fine-tune the model for mental health tasks <ref type="bibr" target="#b23">(Jiang et al., 2020;</ref><ref type="bibr" target="#b31">Martínez-Castaño et al., 2021;</ref><ref type="bibr" target="#b4">Bucur et al., 2021)</ref>. However, there are no existing pretrained language models trained with mental health-related text to benefit the domain application directly.</p></div>
<div xmlns="http://www.tei-c.org/ns/1.0"><head n="5.">Conclusion and Future Work</head><p>This paper trains and releases two masked language models, i.e., MentalBERT and MentalRoBERTa, on the domain data of mental health collected from the Reddit social platform. This paper is the first work that trains domain-specific language models for mental healthcare. Our pretrained models are publicly available and can be reused by the research community. Besides, we conduct a comprehensive evaluation on the performance for downstream mental health detection tasks, including depression, stress, and suicidal ideation detection. Our empirical results show that continued pretraining with mental health-related corpus can improve classification performance. Our paper is a positive attempt to benefit the research community by releasing the pretrained models for other practical studies and with the hope to facilitate some possible real-world applications to relieve people's mental health issues. However, we only focus on the English language in this study since English corpora are relatively easy to obtain. In the future work, we plan to collect multilingual mental healthrelated posts, especially those less studied by the research community, and train a multilingual language model to benefit more people speaking languages other than English.</p></div>
<div xmlns="http://www.tei-c.org/ns/1.0"><head n="6.">Social Impact</head><p>The paper trains and releases masked language models for mental health to facilitate the automatic detection of mental disorders in online social content for nonclinical use. The models may help social workers find potential individuals in need of early prevention. However, the model predictions are not psychiatric diagnoses. We recommend anyone who suffers from mental health issues to call the local mental health helpline and seek professional help if possible.</p><p>Data privacy is an important issue, and we try to minimize the privacy impact when using social posts for model training. During the data collection process, we only use anonymous posts that are manifestly available to the public. We do not collect user profiles even though they are also manifestly public online. We have not attempted to identify the anonymous users or interact with any anonymous users. The collected data are stored securely with password protection even though they are collected from the open web. There might also be some bias, fairness, uncertainty, and interpretability issues during the data collection and model training. Evaluation of those issues is essential in future research.</p></div><figure xmlns="http://www.tei-c.org/ns/1.0" type="table" xml:id="tab_0"><head>Table 1 :</head><label>1</label><figDesc>A summary of datasets. we hold out a portion of original training set as the validation set if the original dataset does not contain a validation set.</figDesc><table><row><cell>Category</cell><cell>Platform</cell><cell>Dataset</cell><cell cols="2">train validation</cell><cell>test</cell></row><row><cell>Assorted</cell><cell>Reddit</cell><cell>SWMH (Ji et al., 2022)</cell><cell>34,823</cell><cell cols="2">8,706 10,883</cell></row><row><cell cols="2">Depression Reddit</cell><cell>eRisk18 T1 (Losada and Crestani, 2016)</cell><cell>1,533</cell><cell>658</cell><cell>619</cell></row><row><cell cols="2">Depression Reddit</cell><cell>Depression Reddit (Pirina and C ¸öltekin, 2018)</cell><cell>1,004</cell><cell>431</cell><cell>406</cell></row><row><cell cols="2">Depression Reddit</cell><cell>CLPsych15 (Coppersmith et al., 2015)</cell><cell>457</cell><cell>197</cell><cell>300</cell></row><row><cell>Stress</cell><cell>Reddit</cell><cell>Dreaddit (Turcan and McKeown, 2019)</cell><cell>2,270</cell><cell>568</cell><cell>715</cell></row><row><cell>Suicide</cell><cell>Reddit</cell><cell>UMD (Shing et al., 2018)</cell><cell>993</cell><cell>249</cell><cell>490</cell></row><row><cell>Suicide</cell><cell>Twitter</cell><cell>T-SID (Ji et al., 2022)</cell><cell>3,072</cell><cell>768</cell><cell>960</cell></row><row><cell>Stress</cell><cell cols="2">SMS-like SAD (Mauriello et al., 2021)</cell><cell>5,548</cell><cell>617</cell><cell>685</cell></row></table></figure>
<figure xmlns="http://www.tei-c.org/ns/1.0" type="table" xml:id="tab_2"><head>Table 2 :</head><label>2</label><figDesc>Results of depression detection. bold text represents for the best performance.</figDesc><table><row><cell>Model</cell><cell>eRisk T1 Rec.</cell><cell>F1</cell><cell>CLPsych Rec.</cell><cell>F1</cell><cell cols="2">Depression Reddit Rec. F1</cell></row><row><cell>BERT</cell><cell cols="5">88.53 88.54 64.67 62.75 91.13</cell><cell>90.90</cell></row><row><cell>RoBERTa</cell><cell cols="5">92.25 92.25 67.67 66.07 95.07</cell><cell>95.11</cell></row><row><cell>BioBERT</cell><cell cols="5">79.16 78.86 65.67 65.50 91.13</cell><cell>90.98</cell></row><row><cell>ClinicalBERT</cell><cell cols="5">76.25 75.41 65.67 65.30 89.41</cell><cell>89.03</cell></row><row><cell>MentalBERT</cell><cell cols="5">86.27 86.20 64.67 62.63 94.58</cell><cell>94.62</cell></row><row><cell cols="6">MentalRoBERTa 93.38 93.38 70.33 69.71 94.33</cell><cell>94.23</cell></row></table></figure>
<figure xmlns="http://www.tei-c.org/ns/1.0" type="table" xml:id="tab_3"><head>Table 3 :</head><label>3</label><figDesc>Results of classifying other mental disorders including stress, anorexia, suicidal ideation. The bold text represents for the best performance.</figDesc><table><row><cell>Model</cell><cell>UMD Rec.</cell><cell>F1</cell><cell>T-SID Rec.</cell><cell>F1</cell><cell>SWMH Rec.</cell><cell>F1</cell><cell>SAD Rec.</cell><cell>F1</cell><cell>Dreaddit Rec.</cell><cell>F1</cell></row><row><cell>BERT</cell><cell cols="10">61.63 58.01 88.44 88.51 69.78 70.46 62.77 62.72 78.46 78.26</cell></row><row><cell>RoBERTa</cell><cell cols="10">59.39 60.26 88.75 88.76 70.89 72.03 66.86 67.53 80.56 80.56</cell></row><row><cell>BioBERT</cell><cell cols="10">57.76 58.76 86.25 86.12 67.10 68.60 66.72 66.71 75.52 74.76</cell></row><row><cell>ClinicalBERT</cell><cell cols="10">58.78 58.74 85.31 85.39 67.05 68.16 62.34 61.25 76.36 76.25</cell></row><row><cell>MentalBERT</cell><cell cols="10">64.08 58.26 88.65 88.61 69.87 71.11 67.45 67.34 80.28 80.04</cell></row><row><cell cols="11">MentalRoBERTa 57.96 58.58 88.96 89.01 70.65 72.16 68.61 68.44 81.82 81.76</cell></row></table></figure>
			<note xmlns="http://www.tei-c.org/ns/1.0" place="foot" n="1" xml:id="foot_0">http://huggingface.co/mental</note>
			<note xmlns="http://www.tei-c.org/ns/1.0" place="foot" n="2" xml:id="foot_1">http://www.cs.jhu.edu/ ˜mdredze/ datasets/clpsych_shared_task_2015/</note>
			<note xmlns="http://www.tei-c.org/ns/1.0" place="foot" n="3" xml:id="foot_2">https://github.com/Inusette/ Identifying-depression</note>
			<note xmlns="http://www.tei-c.org/ns/1.0" place="foot" xml:id="foot_3">Processing &amp; Management, 56(4):1565-1575.</note>
		</body>
		<back>

			<div type="acknowledgement">
<div xmlns="http://www.tei-c.org/ns/1.0"><head n="7.">Acknowledgments</head><p>The authors would like to thank Philip Resnik for providing the UMD Reddit Suicidality Dataset, Mark Dredze for providing the dataset in the CLPsych 2015 shared task, and other researchers who make their datasets publicly available. We acknowledge the computational resources provided by the Aalto Science-IT project. The authors wish to acknowledge CSC -IT Center for Science, Finland, for computational resources.</p></div>
			</div>

			<div type="references">

				<listBibl>

<biblStruct xml:id="b0">
	<analytic>
		<title level="a" type="main">Application of machine learning methods in mental health detection: a systematic review</title>
		<author>
			<persName><forename type="first">Bibliographical</forename><surname>References Abd Rahman</surname></persName>
		</author>
		<author>
			<persName><forename type="first">R</forename><surname>Omar</surname></persName>
		</author>
		<author>
			<persName><forename type="first">K</forename><surname>Noah</surname></persName>
		</author>
		<author>
			<persName><forename type="first">S</forename><forename type="middle">A M</forename><surname>Danuri</surname></persName>
		</author>
		<author>
			<persName><forename type="first">M</forename><forename type="middle">S N M</forename><surname>Al-Garadi</surname></persName>
		</author>
		<author>
			<persName><forename type="first">M</forename><forename type="middle">A</forename></persName>
		</author>
	</analytic>
	<monogr>
		<title level="j">IEEE Access</title>
		<imprint>
			<biblScope unit="volume">8</biblScope>
			<biblScope unit="page" from="183952" to="183964" />
			<date type="published" when="2020">2020</date>
		</imprint>
	</monogr>
	<note type="raw_reference">Bibliographical References Abd Rahman, R., Omar, K., Noah, S. A. M., Da- nuri, M. S. N. M., and Al-Garadi, M. A. (2020). Application of machine learning methods in mental health detection: a systematic review. IEEE Access, 8:183952-183964.</note>
</biblStruct>

<biblStruct xml:id="b1">
	<analytic>
		<title level="a" type="main">Publicly Available Clinical BERT Embeddings</title>
		<author>
			<persName><forename type="first">E</forename><surname>Alsentzer</surname></persName>
		</author>
		<author>
			<persName><forename type="first">J</forename><surname>Murphy</surname></persName>
		</author>
		<author>
			<persName><forename type="first">W</forename><surname>Boag</surname></persName>
		</author>
		<author>
			<persName><forename type="first">W.-H</forename><surname>Weng</surname></persName>
		</author>
		<author>
			<persName><forename type="first">D</forename><surname>Jindi</surname></persName>
		</author>
		<author>
			<persName><forename type="first">T</forename><surname>Naumann</surname></persName>
		</author>
		<author>
			<persName><forename type="first">M</forename><surname>Mcdermott</surname></persName>
		</author>
	</analytic>
	<monogr>
		<title level="m">Proceedings of the 2nd Clinical Natural Language Processing Workshop</title>
				<meeting>the 2nd Clinical Natural Language Processing Workshop</meeting>
		<imprint>
			<date type="published" when="2019">2019</date>
			<biblScope unit="page" from="72" to="78" />
		</imprint>
	</monogr>
	<note type="raw_reference">Alsentzer, E., Murphy, J., Boag, W., Weng, W.-H., Jindi, D., Naumann, T., and McDermott, M. (2019). Publicly Available Clinical BERT Embeddings. In Proceedings of the 2nd Clinical Natural Language Processing Workshop, pages 72-78.</note>
</biblStruct>

<biblStruct xml:id="b2">
	<monogr>
		<title level="m" type="main">Ensemble hybrid learning methods for automated depression detection</title>
		<author>
			<persName><forename type="first">L</forename><surname>Ansari</surname></persName>
		</author>
		<author>
			<persName><forename type="first">S</forename><surname>Ji</surname></persName>
		</author>
		<author>
			<persName><forename type="first">Q</forename><surname>Chen</surname></persName>
		</author>
		<author>
			<persName><forename type="first">E</forename><surname>Cambria</surname></persName>
		</author>
		<imprint>
			<date type="published" when="2022">2022</date>
			<publisher>IEEE Transactions on Computational Social Systems</publisher>
		</imprint>
	</monogr>
	<note type="raw_reference">Ansari, L., Ji, S., Chen, Q., and Cambria, E. (2022). Ensemble hybrid learning methods for automated depression detection. IEEE Transactions on Com- putational Social Systems.</note>
</biblStruct>

<biblStruct xml:id="b3">
	<analytic>
		<title level="a" type="main">Recurrent Neural Network (RNN) to Analyse Mental Behaviour in Social Media</title>
		<author>
			<persName><forename type="first">H</forename><forename type="middle">A</forename><surname>Bouarara</surname></persName>
		</author>
	</analytic>
	<monogr>
		<title level="j">International Journal of Software Science and Computational Intelligence (IJSSCI)</title>
		<imprint>
			<biblScope unit="volume">13</biblScope>
			<biblScope unit="issue">3</biblScope>
			<biblScope unit="page" from="1" to="11" />
			<date type="published" when="2021">2021</date>
		</imprint>
	</monogr>
	<note type="raw_reference">Bouarara, H. A. (2021). Recurrent Neural Network (RNN) to Analyse Mental Behaviour in Social Me- dia. International Journal of Software Science and Computational Intelligence (IJSSCI), 13(3):1-11.</note>
</biblStruct>

<biblStruct xml:id="b4">
	<monogr>
		<title level="m" type="main">Early risk detection of pathological gambling, selfharm and depression using bert</title>
		<author>
			<persName><forename type="first">A.-M</forename><surname>Bucur</surname></persName>
		</author>
		<author>
			<persName><forename type="first">A</forename><surname>Cosma</surname></persName>
		</author>
		<author>
			<persName><forename type="first">L</forename><forename type="middle">P</forename><surname>Dinu</surname></persName>
		</author>
		<idno type="arXiv">arXiv:2106.16175</idno>
		<imprint>
			<date type="published" when="2021">2021</date>
		</imprint>
	</monogr>
	<note type="report_type">arXiv preprint</note>
	<note type="raw_reference">Bucur, A.-M., Cosma, A., and Dinu, L. P. (2021). Early risk detection of pathological gambling, self- harm and depression using bert. arXiv preprint arXiv:2106.16175.</note>
</biblStruct>

<biblStruct xml:id="b5">
	<analytic>
		<title level="a" type="main">Natural language processing in mental health applications using non-clinical texts</title>
		<author>
			<persName><forename type="first">R</forename><forename type="middle">A</forename><surname>Calvo</surname></persName>
		</author>
		<author>
			<persName><forename type="first">D</forename><forename type="middle">N</forename><surname>Milne</surname></persName>
		</author>
		<author>
			<persName><forename type="first">M</forename><forename type="middle">S</forename><surname>Hussain</surname></persName>
		</author>
		<author>
			<persName><forename type="first">H</forename><surname>Christensen</surname></persName>
		</author>
	</analytic>
	<monogr>
		<title level="j">Natural Language Engineering</title>
		<imprint>
			<biblScope unit="volume">23</biblScope>
			<biblScope unit="issue">5</biblScope>
			<biblScope unit="page" from="649" to="685" />
			<date type="published" when="2017">2017</date>
		</imprint>
	</monogr>
	<note type="raw_reference">Calvo, R. A., Milne, D. N., Hussain, M. S., and Chris- tensen, H. (2017). Natural language processing in mental health applications using non-clinical texts. Natural Language Engineering, 23(5):649-685.</note>
</biblStruct>

<biblStruct xml:id="b6">
	<analytic>
		<title level="a" type="main">Sentic computing for patient centered applications</title>
		<author>
			<persName><forename type="first">E</forename><surname>Cambria</surname></persName>
		</author>
		<author>
			<persName><forename type="first">A</forename><surname>Hussain</surname></persName>
		</author>
		<author>
			<persName><forename type="first">T</forename><surname>Durrani</surname></persName>
		</author>
		<author>
			<persName><forename type="first">C</forename><surname>Havasi</surname></persName>
		</author>
		<author>
			<persName><forename type="first">C</forename><surname>Eckl</surname></persName>
		</author>
		<author>
			<persName><forename type="first">J</forename><surname>Munro</surname></persName>
		</author>
	</analytic>
	<monogr>
		<title level="m">IEEE ICSP</title>
				<imprint>
			<date type="published" when="2010">2010</date>
			<biblScope unit="page" from="1279" to="1282" />
		</imprint>
	</monogr>
	<note type="raw_reference">Cambria, E., Hussain, A., Durrani, T., Havasi, C., Eckl, C., and Munro, J. (2010). Sentic computing for patient centered applications. In IEEE ICSP, pages 1279-1282.</note>
</biblStruct>

<biblStruct xml:id="b7">
	<monogr>
		<title level="m" type="main">Sentic PROMs: Application of sentic computing to the development of a novel unified framework for measuring health-care quality</title>
		<author>
			<persName><forename type="first">E</forename><surname>Cambria</surname></persName>
		</author>
		<author>
			<persName><forename type="first">T</forename><surname>Benson</surname></persName>
		</author>
		<author>
			<persName><forename type="first">C</forename><surname>Eckl</surname></persName>
		</author>
		<author>
			<persName><forename type="first">A</forename><surname>Hussain</surname></persName>
		</author>
		<imprint>
			<date type="published" when="2012">2012</date>
			<publisher>Expert Syswith Applications</publisher>
			<biblScope unit="volume">39</biblScope>
			<biblScope unit="page" from="10533" to="10543" />
		</imprint>
	</monogr>
	<note type="raw_reference">Cambria, E., Benson, T., Eckl, C., and Hussain, A. (2012). Sentic PROMs: Application of sentic com- puting to the development of a novel unified frame- work for measuring health-care quality. Expert Sys- with Applications, 39(12):10533-10543.</note>
</biblStruct>

<biblStruct xml:id="b8">
	<analytic>
		<title level="a" type="main">SenticNet 7: A commonsensebased neurosymbolic ai framework for explainable sentiment analysis</title>
		<author>
			<persName><forename type="first">E</forename><surname>Cambria</surname></persName>
		</author>
		<author>
			<persName><forename type="first">Q</forename><surname>Liu</surname></persName>
		</author>
		<author>
			<persName><forename type="first">S</forename><surname>Decherchi</surname></persName>
		</author>
		<author>
			<persName><forename type="first">F</forename><surname>Xing</surname></persName>
		</author>
		<author>
			<persName><forename type="first">K</forename><surname>Kwok</surname></persName>
		</author>
	</analytic>
	<monogr>
		<title level="m">LREC</title>
				<imprint>
			<date type="published" when="2022">2022</date>
		</imprint>
	</monogr>
	<note type="raw_reference">Cambria, E., Liu, Q., Decherchi, S., Xing, F., , and Kwok, K. (2022). SenticNet 7: A commonsense- based neurosymbolic ai framework for explainable sentiment analysis. In LREC.</note>
</biblStruct>

<biblStruct xml:id="b9">
	<monogr>
		<title level="m" type="main">NLP-UNED at eRisk 2021: self-harm early risk detection with TF-IDF and linguistic features. Working Notes of CLEF</title>
		<author>
			<persName><forename type="first">E</forename><surname>Campillo-Ageitos</surname></persName>
		</author>
		<author>
			<persName><forename type="first">H</forename><surname>Fabregat</surname></persName>
		</author>
		<author>
			<persName><forename type="first">L</forename><surname>Araujo</surname></persName>
		</author>
		<author>
			<persName><forename type="first">J</forename><surname>Martinez-Romo</surname></persName>
		</author>
		<imprint>
			<date type="published" when="2021">2021</date>
			<biblScope unit="page" from="21" to="24" />
		</imprint>
	</monogr>
	<note type="raw_reference">Campillo-Ageitos, E., Fabregat, H., Araujo, L., and Martinez-Romo, J. (2021). NLP-UNED at eRisk 2021: self-harm early risk detection with TF-IDF and linguistic features. Working Notes of CLEF, pages 21-24.</note>
</biblStruct>

<biblStruct xml:id="b10">
	<monogr>
		<title level="m" type="main">Learning word dependencies in text by means of a deep recurrent belief network. Knowledge-Based Systems</title>
		<author>
			<persName><forename type="first">I</forename><surname>Chaturvedi</surname></persName>
		</author>
		<author>
			<persName><forename type="first">Y.-S</forename><surname>Ong</surname></persName>
		</author>
		<author>
			<persName><forename type="first">I</forename><surname>Tsang</surname></persName>
		</author>
		<author>
			<persName><forename type="first">R</forename><surname>Welsch</surname></persName>
		</author>
		<author>
			<persName><forename type="first">E</forename><surname>Cambria</surname></persName>
		</author>
		<imprint>
			<date type="published" when="2016">2016</date>
			<biblScope unit="volume">108</biblScope>
			<biblScope unit="page" from="144" to="154" />
		</imprint>
	</monogr>
	<note type="raw_reference">Chaturvedi, I., Ong, Y.-S., Tsang, I., Welsch, R., and Cambria, E. (2016). Learning word dependencies in text by means of a deep recurrent belief network. Knowledge-Based Systems, 108:144-154.</note>
</biblStruct>

<biblStruct xml:id="b11">
	<monogr>
		<author>
			<persName><forename type="first">G</forename><surname>Coppersmith</surname></persName>
		</author>
		<author>
			<persName><forename type="first">M</forename><surname>Dredze</surname></persName>
		</author>
		<author>
			<persName><forename type="first">C</forename><surname>Harman</surname></persName>
		</author>
		<author>
			<persName><forename type="first">K</forename><surname>Hollingshead</surname></persName>
		</author>
		<author>
			<persName><forename type="first">M</forename><surname>Mitchell</surname></persName>
		</author>
		<title level="m">Clpsych 2015 shared task: Depression and ptsd on twitter</title>
				<imprint>
			<date type="published" when="2015">2015</date>
			<biblScope unit="page" from="31" to="39" />
		</imprint>
	</monogr>
	<note>Proceedings of the 2nd Workshop on CLPsych</note>
	<note type="raw_reference">Coppersmith, G., Dredze, M., Harman, C., Holling- shead, K., and Mitchell, M. (2015). Clpsych 2015 shared task: Depression and ptsd on twitter. In Pro- ceedings of the 2nd Workshop on CLPsych, pages 31-39.</note>
</biblStruct>

<biblStruct xml:id="b12">
	<analytic>
		<title level="a" type="main">Discovering shifts to suicidal ideation from mental health content in social media</title>
		<author>
			<persName><forename type="first">M</forename><surname>De Choudhury</surname></persName>
		</author>
		<author>
			<persName><forename type="first">E</forename><surname>Kiciman</surname></persName>
		</author>
		<author>
			<persName><forename type="first">M</forename><surname>Dredze</surname></persName>
		</author>
		<author>
			<persName><forename type="first">G</forename><surname>Coppersmith</surname></persName>
		</author>
		<author>
			<persName><forename type="first">M</forename><surname>Kumar</surname></persName>
		</author>
	</analytic>
	<monogr>
		<title level="m">CHI</title>
				<imprint>
			<publisher>ACM</publisher>
			<date type="published" when="2016">2016</date>
			<biblScope unit="page" from="2098" to="2110" />
		</imprint>
	</monogr>
	<note type="raw_reference">De Choudhury, M., Kiciman, E., Dredze, M., Cop- persmith, G., and Kumar, M. (2016). Discovering shifts to suicidal ideation from mental health content in social media. In CHI, pages 2098-2110. ACM.</note>
</biblStruct>

<biblStruct xml:id="b13">
	<analytic>
		<title level="a" type="main">BERT: Pre-training of Deep Bidirectional Transformers for Language Understanding</title>
		<author>
			<persName><forename type="first">J</forename><surname>Devlin</surname></persName>
		</author>
		<author>
			<persName><forename type="first">M.-W</forename><surname>Chang</surname></persName>
		</author>
		<author>
			<persName><forename type="first">K</forename><surname>Lee</surname></persName>
		</author>
		<author>
			<persName><forename type="first">K</forename><surname>Toutanova</surname></persName>
		</author>
	</analytic>
	<monogr>
		<title level="m">NAACL-HLT</title>
				<imprint>
			<date type="published" when="2019">2019</date>
		</imprint>
	</monogr>
	<note type="raw_reference">Devlin, J., Chang, M.-W., Lee, K., and Toutanova, K. (2019). BERT: Pre-training of Deep Bidirec- tional Transformers for Language Understanding. In NAACL-HLT.</note>
</biblStruct>

<biblStruct xml:id="b14">
	<analytic>
		<title level="a" type="main">Surveying machine learning algorithms on eeg signals data for mental health assessment</title>
		<author>
			<persName><forename type="first">E</forename><surname>Gore</surname></persName>
		</author>
		<author>
			<persName><forename type="first">S</forename><surname>Rathi</surname></persName>
		</author>
	</analytic>
	<monogr>
		<title level="m">2019 IEEE Pune Section International Conference (PuneCon)</title>
				<imprint>
			<publisher>IEEE</publisher>
			<date type="published" when="2019">2019</date>
			<biblScope unit="page" from="1" to="6" />
		</imprint>
	</monogr>
	<note type="raw_reference">Gore, E. and Rathi, S. (2019). Surveying machine learning algorithms on eeg signals data for mental health assessment. In 2019 IEEE Pune Section Inter- national Conference (PuneCon), pages 1-6. IEEE.</note>
</biblStruct>

<biblStruct xml:id="b15">
	<analytic>
		<title level="a" type="main">Sentic web: A new paradigm for managing social media affective information</title>
		<author>
			<persName><forename type="first">M</forename><surname>Grassi</surname></persName>
		</author>
		<author>
			<persName><forename type="first">E</forename><surname>Cambria</surname></persName>
		</author>
		<author>
			<persName><forename type="first">A</forename><surname>Hussain</surname></persName>
		</author>
		<author>
			<persName><forename type="first">F</forename><surname>Piazza</surname></persName>
		</author>
	</analytic>
	<monogr>
		<title level="j">Cognitive Computation</title>
		<imprint>
			<biblScope unit="volume">3</biblScope>
			<biblScope unit="issue">3</biblScope>
			<biblScope unit="page" from="480" to="489" />
			<date type="published" when="2011">2011</date>
		</imprint>
	</monogr>
	<note type="raw_reference">Grassi, M., Cambria, E., Hussain, A., and Piazza, F. (2011). Sentic web: A new paradigm for managing social media affective information. Cognitive Com- putation, 3(3):480-489.</note>
</biblStruct>

<biblStruct xml:id="b16">
	<monogr>
		<title level="m" type="main">Domain-specific language model pretraining for biomedical natural language processing</title>
		<author>
			<persName><forename type="first">Y</forename><surname>Gu</surname></persName>
		</author>
		<author>
			<persName><forename type="first">R</forename><surname>Tinn</surname></persName>
		</author>
		<author>
			<persName><forename type="first">H</forename><surname>Cheng</surname></persName>
		</author>
		<author>
			<persName><forename type="first">M</forename><surname>Lucas</surname></persName>
		</author>
		<author>
			<persName><forename type="first">N</forename><surname>Usuyama</surname></persName>
		</author>
		<author>
			<persName><forename type="first">X</forename><surname>Liu</surname></persName>
		</author>
		<author>
			<persName><forename type="first">T</forename><surname>Naumann</surname></persName>
		</author>
		<author>
			<persName><forename type="first">J</forename><surname>Gao</surname></persName>
		</author>
		<author>
			<persName><forename type="first">H</forename><surname>Poon</surname></persName>
		</author>
		<idno type="arXiv">arXiv:2007.15779</idno>
		<imprint>
			<date type="published" when="2020">2020</date>
		</imprint>
	</monogr>
	<note type="report_type">arXiv preprint</note>
	<note type="raw_reference">Gu, Y., Tinn, R., Cheng, H., Lucas, M., Usuyama, N., Liu, X., Naumann, T., Gao, J., and Poon, H. (2020). Domain-specific language model pre- training for biomedical natural language processing. arXiv preprint arXiv:2007.15779.</note>
</biblStruct>

<biblStruct xml:id="b17">
	<analytic>
		<title level="a" type="main">Don&apos;t stop pretraining: Adapt language models to domains and tasks</title>
		<author>
			<persName><forename type="first">S</forename><surname>Gururangan</surname></persName>
		</author>
		<author>
			<persName><forename type="first">A</forename><surname>Marasović</surname></persName>
		</author>
		<author>
			<persName><forename type="first">S</forename><surname>Swayamdipta</surname></persName>
		</author>
		<author>
			<persName><forename type="first">K</forename><surname>Lo</surname></persName>
		</author>
		<author>
			<persName><forename type="first">I</forename><surname>Beltagy</surname></persName>
		</author>
		<author>
			<persName><forename type="first">D</forename><surname>Downey</surname></persName>
		</author>
		<author>
			<persName><forename type="first">N</forename><forename type="middle">A</forename><surname>Smith</surname></persName>
		</author>
	</analytic>
	<monogr>
		<title level="m">ACL</title>
				<imprint>
			<date type="published" when="2020">2020</date>
		</imprint>
	</monogr>
	<note type="raw_reference">Gururangan, S., Marasović, A., Swayamdipta, S., Lo, K., Beltagy, I., Downey, D., and Smith, N. A. (2020). Don&apos;t stop pretraining: Adapt language models to domains and tasks. In ACL.</note>
</biblStruct>

<biblStruct xml:id="b18">
	<monogr>
		<title level="m" type="main">ClinicalBERT: Modeling clinical notes and predicting hospital readmission</title>
		<author>
			<persName><forename type="first">K</forename><surname>Huang</surname></persName>
		</author>
		<author>
			<persName><forename type="first">J</forename><surname>Altosaar</surname></persName>
		</author>
		<author>
			<persName><forename type="first">R</forename><surname>Ranganath</surname></persName>
		</author>
		<idno type="arXiv">arXiv:1904.05342</idno>
		<imprint>
			<date type="published" when="2019">2019</date>
		</imprint>
	</monogr>
	<note type="report_type">arXiv preprint</note>
	<note type="raw_reference">Huang, K., Altosaar, J., and Ranganath, R. (2019). ClinicalBERT: Modeling clinical notes and pre- dicting hospital readmission. arXiv preprint arXiv:1904.05342.</note>
</biblStruct>

<biblStruct xml:id="b19">
	<analytic>
		<title level="a" type="main">Supervised learning for suicidal ideation detection in online user content</title>
		<author>
			<persName><forename type="first">S</forename><surname>Ji</surname></persName>
		</author>
		<author>
			<persName><forename type="first">C</forename><forename type="middle">P</forename><surname>Yu</surname></persName>
		</author>
		<author>
			<persName><forename type="first">S.-F</forename><surname>Fung</surname></persName>
		</author>
		<author>
			<persName><forename type="first">S</forename><surname>Pan</surname></persName>
		</author>
		<author>
			<persName><forename type="first">G</forename><surname>Long</surname></persName>
		</author>
	</analytic>
	<monogr>
		<title level="j">Complexity</title>
		<imprint>
			<date type="published" when="2018">2018. 2018</date>
		</imprint>
	</monogr>
	<note type="raw_reference">Ji, S., Yu, C. P., Fung, S.-f., Pan, S., and Long, G. (2018). Supervised learning for suicidal ideation de- tection in online user content. Complexity, 2018.</note>
</biblStruct>

<biblStruct xml:id="b20">
	<analytic>
		<title level="a" type="main">BERTbased ranking for biomedical entity normalization</title>
		<author>
			<persName><forename type="first">Z</forename><surname>Ji</surname></persName>
		</author>
		<author>
			<persName><forename type="first">Q</forename><surname>Wei</surname></persName>
		</author>
		<author>
			<persName><forename type="first">H</forename><surname>Xu</surname></persName>
		</author>
	</analytic>
	<monogr>
		<title level="j">AMIA Summits on Translational Science Proceedings</title>
		<imprint>
			<biblScope unit="page">269</biblScope>
			<date type="published" when="2020">2020. 2020</date>
		</imprint>
	</monogr>
	<note type="raw_reference">Ji, Z., Wei, Q., and Xu, H. (2020). BERT- based ranking for biomedical entity normalization. AMIA Summits on Translational Science Proceed- ings, 2020:269.</note>
</biblStruct>

<biblStruct xml:id="b21">
	<analytic>
		<title level="a" type="main">Suicidal ideation detection: A review of machine learning methods and applications</title>
		<author>
			<persName><forename type="first">S</forename><surname>Ji</surname></persName>
		</author>
		<author>
			<persName><forename type="first">S</forename><surname>Pan</surname></persName>
		</author>
		<author>
			<persName><forename type="first">X</forename><surname>Li</surname></persName>
		</author>
		<author>
			<persName><forename type="first">E</forename><surname>Cambria</surname></persName>
		</author>
		<author>
			<persName><forename type="first">G</forename><surname>Long</surname></persName>
		</author>
		<author>
			<persName><forename type="first">Z</forename><surname>Huang</surname></persName>
		</author>
	</analytic>
	<monogr>
		<title level="j">IEEE Transactions on Computational Social Systems</title>
		<imprint>
			<biblScope unit="volume">8</biblScope>
			<biblScope unit="page" from="214" to="226" />
			<date type="published" when="2021">2021</date>
		</imprint>
	</monogr>
	<note type="raw_reference">Ji, S., Pan, S., Li, X., Cambria, E., Long, G., and Huang, Z. (2021). Suicidal ideation detection: A review of machine learning methods and applica- tions. IEEE Transactions on Computational Social Systems, 8:214-226.</note>
</biblStruct>

<biblStruct xml:id="b22">
	<monogr>
		<title level="m" type="main">Suicidal ideation and mental disorder detection with attentive relation networks</title>
		<author>
			<persName><forename type="first">S</forename><surname>Ji</surname></persName>
		</author>
		<author>
			<persName><forename type="first">X</forename><surname>Li</surname></persName>
		</author>
		<author>
			<persName><forename type="first">Z</forename><surname>Huang</surname></persName>
		</author>
		<author>
			<persName><forename type="first">E</forename><surname>Cambria</surname></persName>
		</author>
		<imprint>
			<date type="published" when="2022">2022</date>
			<publisher>Neural Computing and Applications</publisher>
		</imprint>
	</monogr>
	<note type="raw_reference">Ji, S., Li, X., Huang, Z., and Cambria, E. (2022). Suicidal ideation and mental disorder detection with attentive relation networks. Neural Computing and Applications.</note>
</biblStruct>

<biblStruct xml:id="b23">
	<analytic>
		<title level="a" type="main">Detection of mental health from reddit via deep contextualized representations</title>
		<author>
			<persName><forename type="first">Z</forename><forename type="middle">P</forename><surname>Jiang</surname></persName>
		</author>
		<author>
			<persName><forename type="first">S</forename><forename type="middle">I</forename><surname>Levitan</surname></persName>
		</author>
		<author>
			<persName><forename type="first">J</forename><surname>Zomick</surname></persName>
		</author>
		<author>
			<persName><forename type="first">J</forename><surname>Hirschberg</surname></persName>
		</author>
	</analytic>
	<monogr>
		<title level="m">Proceedings of the 11th International Workshop on Health Text Mining and Information Analysis</title>
				<meeting>the 11th International Workshop on Health Text Mining and Information Analysis</meeting>
		<imprint>
			<date type="published" when="2020">2020</date>
			<biblScope unit="page" from="147" to="156" />
		</imprint>
	</monogr>
	<note type="raw_reference">Jiang, Z. P., Levitan, S. I., Zomick, J., and Hirschberg, J. (2020). Detection of mental health from reddit via deep contextualized representations. In Proceedings of the 11th International Workshop on Health Text Mining and Information Analysis, pages 147-156.</note>
</biblStruct>

<biblStruct xml:id="b24">
	<analytic>
		<title level="a" type="main">Classification of mental stress using cnn-lstm algorithms with electrocardiogram signals</title>
		<author>
			<persName><forename type="first">M</forename><surname>Kang</surname></persName>
		</author>
		<author>
			<persName><forename type="first">S</forename><surname>Shin</surname></persName>
		</author>
		<author>
			<persName><forename type="first">J</forename><surname>Jung</surname></persName>
		</author>
		<author>
			<persName><forename type="first">Y</forename><forename type="middle">T</forename><surname>Kim</surname></persName>
		</author>
	</analytic>
	<monogr>
		<title level="j">Journal of Healthcare Engineering</title>
		<imprint>
			<date type="published" when="2021">2021. 2021</date>
		</imprint>
	</monogr>
	<note type="raw_reference">Kang, M., Shin, S., Jung, J., and Kim, Y. T. (2021). Classification of mental stress using cnn-lstm algo- rithms with electrocardiogram signals. Journal of Healthcare Engineering, 2021.</note>
</biblStruct>

<biblStruct xml:id="b25">
	<monogr>
		<author>
			<persName><forename type="first">D</forename><forename type="middle">P</forename><surname>Kingma</surname></persName>
		</author>
		<author>
			<persName><forename type="first">J</forename><surname>Ba</surname></persName>
		</author>
		<idno type="arXiv">arXiv:1412.6980</idno>
		<title level="m">Adam: A Method for Stochastic Optimization</title>
				<imprint>
			<date type="published" when="2014">2014</date>
		</imprint>
	</monogr>
	<note type="report_type">arXiv preprint</note>
	<note type="raw_reference">Kingma, D. P. and Ba, J. (2014). Adam: A Method for Stochastic Optimization. arXiv preprint arXiv:1412.6980.</note>
</biblStruct>

<biblStruct xml:id="b26">
	<analytic>
		<title level="a" type="main">BioBERT: a pre-trained biomedical language representation model for biomedical text mining</title>
		<author>
			<persName><forename type="first">J</forename><surname>Lee</surname></persName>
		</author>
		<author>
			<persName><forename type="first">W</forename><surname>Yoon</surname></persName>
		</author>
		<author>
			<persName><forename type="first">S</forename><surname>Kim</surname></persName>
		</author>
		<author>
			<persName><forename type="first">D</forename><surname>Kim</surname></persName>
		</author>
		<author>
			<persName><forename type="first">S</forename><surname>Kim</surname></persName>
		</author>
		<author>
			<persName><forename type="first">C</forename><forename type="middle">H</forename><surname>So</surname></persName>
		</author>
		<author>
			<persName><forename type="first">J</forename><surname>Kang</surname></persName>
		</author>
	</analytic>
	<monogr>
		<title level="j">Bioinformatics</title>
		<imprint>
			<biblScope unit="volume">36</biblScope>
			<biblScope unit="issue">4</biblScope>
			<biblScope unit="page" from="1234" to="1240" />
			<date type="published" when="2020">2020</date>
		</imprint>
	</monogr>
	<note type="raw_reference">Lee, J., Yoon, W., Kim, S., Kim, D., Kim, S., So, C. H., and Kang, J. (2020). BioBERT: a pre-trained biomedical language representation model for biomedical text mining. Bioinformatics, 36(4):1234-1240.</note>
</biblStruct>

<biblStruct xml:id="b27">
	<monogr>
		<author>
			<persName><forename type="first">A</forename><surname>Lee</surname></persName>
		</author>
		<author>
			<persName><forename type="first">J</forename><forename type="middle">K</forename><surname>Kummerfeld</surname></persName>
		</author>
		<author>
			<persName><forename type="first">L</forename><forename type="middle">C</forename><surname>An</surname></persName>
		</author>
		<author>
			<persName><forename type="first">R</forename><surname>Mihalcea</surname></persName>
		</author>
		<idno type="arXiv">arXiv:2109.13770</idno>
		<title level="m">Micromodels for efficient, explainable, and reusable systems: A case study on mental health</title>
				<imprint>
			<date type="published" when="2021">2021</date>
		</imprint>
	</monogr>
	<note type="report_type">arXiv preprint</note>
	<note type="raw_reference">Lee, A., Kummerfeld, J. K., An, L. C., and Mihalcea, R. (2021). Micromodels for efficient, explainable, and reusable systems: A case study on mental health. arXiv preprint arXiv:2109.13770.</note>
</biblStruct>

<biblStruct xml:id="b28">
	<analytic>
		<title level="a" type="main">A BERT-based universal model for both within-and cross-sentence clinical temporal relation extraction</title>
		<author>
			<persName><forename type="first">C</forename><surname>Lin</surname></persName>
		</author>
		<author>
			<persName><forename type="first">T</forename><surname>Miller</surname></persName>
		</author>
		<author>
			<persName><forename type="first">D</forename><surname>Dligach</surname></persName>
		</author>
		<author>
			<persName><forename type="first">S</forename><surname>Bethard</surname></persName>
		</author>
		<author>
			<persName><forename type="first">G</forename><surname>Savova</surname></persName>
		</author>
	</analytic>
	<monogr>
		<title level="m">Proceedings of the 2nd Clinical Natural Language Processing Workshop</title>
				<meeting>the 2nd Clinical Natural Language Processing Workshop</meeting>
		<imprint>
			<date type="published" when="2019">2019</date>
			<biblScope unit="page" from="65" to="71" />
		</imprint>
	</monogr>
	<note type="raw_reference">Lin, C., Miller, T., Dligach, D., Bethard, S., and Savova, G. (2019). A BERT-based universal model for both within-and cross-sentence clinical temporal relation extraction. In Proceedings of the 2nd Clin- ical Natural Language Processing Workshop, pages 65-71.</note>
</biblStruct>

<biblStruct xml:id="b29">
	<monogr>
		<author>
			<persName><forename type="first">Y</forename><surname>Liu</surname></persName>
		</author>
		<author>
			<persName><forename type="first">M</forename><surname>Ott</surname></persName>
		</author>
		<author>
			<persName><forename type="first">N</forename><surname>Goyal</surname></persName>
		</author>
		<author>
			<persName><forename type="first">J</forename><surname>Du</surname></persName>
		</author>
		<author>
			<persName><forename type="first">M</forename><surname>Joshi</surname></persName>
		</author>
		<author>
			<persName><forename type="first">D</forename><surname>Chen</surname></persName>
		</author>
		<author>
			<persName><forename type="first">O</forename><surname>Levy</surname></persName>
		</author>
		<author>
			<persName><forename type="first">M</forename><surname>Lewis</surname></persName>
		</author>
		<author>
			<persName><forename type="first">L</forename><surname>Zettlemoyer</surname></persName>
		</author>
		<author>
			<persName><forename type="first">V</forename><surname>Stoyanov</surname></persName>
		</author>
		<idno type="arXiv">arXiv:1907.11692</idno>
		<title level="m">RoBERTa: A robustly optimized bert pretraining approach</title>
				<imprint>
			<date type="published" when="2019">2019</date>
		</imprint>
	</monogr>
	<note type="report_type">arXiv preprint</note>
	<note type="raw_reference">Liu, Y., Ott, M., Goyal, N., Du, J., Joshi, M., Chen, D., Levy, O., Lewis, M., Zettlemoyer, L., and Stoyanov, V. (2019). RoBERTa: A robustly op- timized bert pretraining approach. arXiv preprint arXiv:1907.11692.</note>
</biblStruct>

<biblStruct xml:id="b30">
	<analytic>
		<title level="a" type="main">A test collection for research on depression and language use</title>
		<author>
			<persName><forename type="first">D</forename><forename type="middle">E</forename><surname>Losada</surname></persName>
		</author>
		<author>
			<persName><forename type="first">F</forename><surname>Crestani</surname></persName>
		</author>
	</analytic>
	<monogr>
		<title level="m">International Conference of the Cross-Language Evaluation Forum for European Languages</title>
				<imprint>
			<publisher>Springer</publisher>
			<date type="published" when="2016">2016</date>
			<biblScope unit="page" from="28" to="39" />
		</imprint>
	</monogr>
	<note type="raw_reference">Losada, D. E. and Crestani, F. (2016). A test collec- tion for research on depression and language use. In International Conference of the Cross-Language Evaluation Forum for European Languages, pages 28-39. Springer.</note>
</biblStruct>

<biblStruct xml:id="b31">
	<analytic>
		<title level="a" type="main">BERT-Based Transformers for Early Detection of Mental Health Illnesses</title>
		<author>
			<persName><forename type="first">R</forename><surname>Martínez-Castaño</surname></persName>
		</author>
		<author>
			<persName><forename type="first">A</forename><surname>Htait</surname></persName>
		</author>
		<author>
			<persName><forename type="first">L</forename><surname>Azzopardi</surname></persName>
		</author>
		<author>
			<persName><forename type="first">Y</forename><surname>Moshfeghi</surname></persName>
		</author>
	</analytic>
	<monogr>
		<title level="m">International Conference of the Cross-Language Evaluation Forum for European Languages</title>
				<imprint>
			<publisher>Springer</publisher>
			<date type="published" when="2021">2021</date>
			<biblScope unit="page" from="189" to="200" />
		</imprint>
	</monogr>
	<note type="raw_reference">Martínez-Castaño, R., Htait, A., Azzopardi, L., and Moshfeghi, Y. (2021). BERT-Based Transform- ers for Early Detection of Mental Health Illnesses. In International Conference of the Cross-Language Evaluation Forum for European Languages, pages 189-200. Springer.</note>
</biblStruct>

<biblStruct xml:id="b32">
	<analytic>
		<title level="a" type="main">SAD: A Stress Annotated Dataset for Recognizing Everyday Stressors in SMS-like Conversational Systems</title>
		<author>
			<persName><forename type="first">M</forename><forename type="middle">L</forename><surname>Mauriello</surname></persName>
		</author>
		<author>
			<persName><forename type="first">T</forename><surname>Lincoln</surname></persName>
		</author>
		<author>
			<persName><forename type="first">G</forename><surname>Hon</surname></persName>
		</author>
		<author>
			<persName><forename type="first">D</forename><surname>Simon</surname></persName>
		</author>
		<author>
			<persName><forename type="first">D</forename><surname>Jurafsky</surname></persName>
		</author>
		<author>
			<persName><forename type="first">P</forename><surname>Paredes</surname></persName>
		</author>
	</analytic>
	<monogr>
		<title level="m">Extended Abstracts of the 2021 CHI Conference on Human Factors in Computing Systems</title>
				<imprint>
			<date type="published" when="2021">2021</date>
			<biblScope unit="page" from="1" to="7" />
		</imprint>
	</monogr>
	<note type="raw_reference">Mauriello, M. L., Lincoln, T., Hon, G., Simon, D., Ju- rafsky, D., and Paredes, P. (2021). SAD: A Stress Annotated Dataset for Recognizing Everyday Stres- sors in SMS-like Conversational Systems. In Ex- tended Abstracts of the 2021 CHI Conference on Hu- man Factors in Computing Systems, pages 1-7.</note>
</biblStruct>

<biblStruct xml:id="b33">
	<analytic>
		<title level="a" type="main">Recent trends in deep learning based personality detection</title>
		<author>
			<persName><forename type="first">Y</forename><surname>Mehta</surname></persName>
		</author>
		<author>
			<persName><forename type="first">N</forename><surname>Majumder</surname></persName>
		</author>
		<author>
			<persName><forename type="first">A</forename><surname>Gelbukh</surname></persName>
		</author>
		<author>
			<persName><forename type="first">E</forename><surname>Cambria</surname></persName>
		</author>
	</analytic>
	<monogr>
		<title level="j">Artificial Intelligence</title>
		<imprint>
			<biblScope unit="volume">53</biblScope>
			<biblScope unit="page" from="2313" to="2339" />
			<date type="published" when="2020">2020</date>
		</imprint>
	</monogr>
	<note type="raw_reference">Mehta, Y., Majumder, N., Gelbukh, A., and Cambria, E. (2020). Recent trends in deep learning based personality detection. Artificial Intelligence 53:2313-2339.</note>
</biblStruct>

<biblStruct xml:id="b34">
	<monogr>
		<title level="m" type="main">Personal sensing: understanding mental health using ubiquitous sensors and machine learning. Annual review of clinical psychology</title>
		<author>
			<persName><forename type="first">D</forename><forename type="middle">C</forename><surname>Mohr</surname></persName>
		</author>
		<author>
			<persName><forename type="first">M</forename><surname>Zhang</surname></persName>
		</author>
		<author>
			<persName><forename type="first">S</forename><forename type="middle">M</forename><surname>Schueller</surname></persName>
		</author>
		<imprint>
			<date type="published" when="2017">2017</date>
			<biblScope unit="volume">13</biblScope>
			<biblScope unit="page" from="23" to="47" />
		</imprint>
	</monogr>
	<note type="raw_reference">Mohr, D. C., Zhang, M., and Schueller, S. M. (2017). Personal sensing: understanding mental health using ubiquitous sensors and machine learning. Annual re- view of clinical psychology, 13:23-47.</note>
</biblStruct>

<biblStruct xml:id="b35">
	<analytic>
		<title level="a" type="main">Identifying depression on reddit: The effect of training data</title>
		<author>
			<persName><forename type="first">I</forename><surname>Pirina</surname></persName>
		</author>
		<author>
			<persName><forename type="first">C</forename><forename type="middle">¸</forename><surname>¸öltekin</surname></persName>
		</author>
	</analytic>
	<monogr>
		<title level="m">Proceedings of the 2018 EMNLP Workshop SMM4H: The 3rd Social Media Mining for Health Applications Workshop &amp; Shared Task</title>
				<meeting>the 2018 EMNLP Workshop SMM4H: The 3rd Social Media Mining for Health Applications Workshop &amp; Shared Task</meeting>
		<imprint>
			<date type="published" when="2018">2018</date>
			<biblScope unit="page" from="9" to="12" />
		</imprint>
	</monogr>
	<note type="raw_reference">Pirina, I. and C ¸öltekin, C ¸. (2018). Identifying depres- sion on reddit: The effect of training data. In Pro- ceedings of the 2018 EMNLP Workshop SMM4H: The 3rd Social Media Mining for Health Applica- tions Workshop &amp; Shared Task, pages 9-12.</note>
</biblStruct>

<biblStruct xml:id="b36">
	<analytic>
		<title level="a" type="main">MGL-CNN: A hierarchical posts representations model for identifying depressed individuals in online forums</title>
		<author>
			<persName><forename type="first">G</forename><surname>Rao</surname></persName>
		</author>
		<author>
			<persName><forename type="first">Y</forename><surname>Zhang</surname></persName>
		</author>
		<author>
			<persName><forename type="first">L</forename><surname>Zhang</surname></persName>
		</author>
		<author>
			<persName><forename type="first">Q</forename><surname>Cong</surname></persName>
		</author>
		<author>
			<persName><forename type="first">Z</forename><surname>Feng</surname></persName>
		</author>
	</analytic>
	<monogr>
		<title level="j">IEEE Access</title>
		<imprint>
			<biblScope unit="volume">8</biblScope>
			<biblScope unit="page" from="32395" to="32403" />
			<date type="published" when="2020">2020</date>
		</imprint>
	</monogr>
	<note type="raw_reference">Rao, G., Zhang, Y., Zhang, L., Cong, Q., and Feng, Z. (2020). MGL-CNN: A hierarchical posts represen- tations model for identifying depressed individuals in online forums. IEEE Access, 8:32395-32403.</note>
</biblStruct>

<biblStruct xml:id="b37">
	<analytic>
		<title level="a" type="main">Using topic modeling to improve prediction of neuroticism and depression in college students</title>
		<author>
			<persName><forename type="first">P</forename><surname>Resnik</surname></persName>
		</author>
		<author>
			<persName><forename type="first">A</forename><surname>Garron</surname></persName>
		</author>
		<author>
			<persName><forename type="first">R</forename><surname>Resnik</surname></persName>
		</author>
	</analytic>
	<monogr>
		<title level="m">Proceedings of the 2013 conference on empirical methods in natural language processing</title>
				<meeting>the 2013 conference on empirical methods in natural language processing</meeting>
		<imprint>
			<date type="published" when="2013">2013</date>
			<biblScope unit="page" from="1348" to="1353" />
		</imprint>
	</monogr>
	<note type="raw_reference">Resnik, P., Garron, A., and Resnik, R. (2013). Using topic modeling to improve prediction of neuroticism and depression in college students. In Proceedings of the 2013 conference on empirical methods in nat- ural language processing, pages 1348-1353.</note>
</biblStruct>

<biblStruct xml:id="b38">
	<analytic>
		<title level="a" type="main">Machine learning in mental health: a scoping review of methods and applications</title>
		<author>
			<persName><forename type="first">A</forename><forename type="middle">B</forename><surname>Shatte</surname></persName>
		</author>
		<author>
			<persName><forename type="first">D</forename><forename type="middle">M</forename><surname>Hutchinson</surname></persName>
		</author>
		<author>
			<persName><forename type="first">S</forename><forename type="middle">J</forename><surname>Teague</surname></persName>
		</author>
	</analytic>
	<monogr>
		<title level="j">Psychological medicine</title>
		<imprint>
			<biblScope unit="volume">49</biblScope>
			<biblScope unit="issue">9</biblScope>
			<biblScope unit="page" from="1426" to="1448" />
			<date type="published" when="2019">2019</date>
		</imprint>
	</monogr>
	<note type="raw_reference">Shatte, A. B., Hutchinson, D. M., and Teague, S. J. (2019). Machine learning in mental health: a scop- ing review of methods and applications. Psycholog- ical medicine, 49(9):1426-1448.</note>
</biblStruct>

<biblStruct xml:id="b39">
	<analytic>
		<title level="a" type="main">Automatic detection and classification of cognitive distortions in mental health text</title>
		<author>
			<persName><forename type="first">B</forename><surname>Shickel</surname></persName>
		</author>
		<author>
			<persName><forename type="first">S</forename><surname>Siegel</surname></persName>
		</author>
		<author>
			<persName><forename type="first">M</forename><surname>Heesacker</surname></persName>
		</author>
		<author>
			<persName><forename type="first">S</forename><surname>Benton</surname></persName>
		</author>
		<author>
			<persName><forename type="first">P</forename><surname>Rashidi</surname></persName>
		</author>
	</analytic>
	<monogr>
		<title level="m">2020 IEEE 20th International Conference on Bioinformatics and Bioengineering (BIBE)</title>
				<imprint>
			<publisher>IEEE</publisher>
			<date type="published" when="2020">2020</date>
			<biblScope unit="page" from="275" to="280" />
		</imprint>
	</monogr>
	<note type="raw_reference">Shickel, B., Siegel, S., Heesacker, M., Benton, S., and Rashidi, P. (2020). Automatic detection and clas- sification of cognitive distortions in mental health text. In 2020 IEEE 20th International Conference on Bioinformatics and Bioengineering (BIBE), pages 275-280. IEEE.</note>
</biblStruct>

<biblStruct xml:id="b40">
	<analytic>
		<title level="a" type="main">Expert, crowdsourced, and machine assessment of suicide risk via online postings</title>
		<author>
			<persName><forename type="first">H.-C</forename><surname>Shing</surname></persName>
		</author>
		<author>
			<persName><forename type="first">S</forename><surname>Nair</surname></persName>
		</author>
		<author>
			<persName><forename type="first">A</forename><surname>Zirikly</surname></persName>
		</author>
		<author>
			<persName><forename type="first">M</forename><surname>Friedenberg</surname></persName>
		</author>
		<author>
			<persName><forename type="first">Iii</forename><surname>Daumé</surname></persName>
		</author>
		<author>
			<persName><forename type="first">H</forename><surname>Resnik</surname></persName>
		</author>
		<author>
			<persName><forename type="first">P</forename></persName>
		</author>
	</analytic>
	<monogr>
		<title level="m">Proceedings of the Fifth Workshop on CLPsych</title>
				<meeting>the Fifth Workshop on CLPsych</meeting>
		<imprint>
			<date type="published" when="2018">2018</date>
			<biblScope unit="page" from="25" to="36" />
		</imprint>
	</monogr>
	<note type="raw_reference">Shing, H.-C., Nair, S., Zirikly, A., Friedenberg, M., Daumé III, H., and Resnik, P. (2018). Expert, crowdsourced, and machine assessment of suicide risk via online postings. In Proceedings of the Fifth Workshop on CLPsych, pages 25-36.</note>
</biblStruct>

<biblStruct xml:id="b41">
	<analytic>
		<title level="a" type="main">Deep learning in mental health outcome research: a scoping review</title>
		<author>
			<persName><forename type="first">C</forename><surname>Su</surname></persName>
		</author>
		<author>
			<persName><forename type="first">Z</forename><surname>Xu</surname></persName>
		</author>
		<author>
			<persName><forename type="first">J</forename><surname>Pathak</surname></persName>
		</author>
		<author>
			<persName><forename type="first">F</forename><surname>Wang</surname></persName>
		</author>
	</analytic>
	<monogr>
		<title level="j">Translational Psychiatry</title>
		<imprint>
			<biblScope unit="volume">10</biblScope>
			<biblScope unit="issue">1</biblScope>
			<biblScope unit="page" from="1" to="26" />
			<date type="published" when="2020">2020</date>
		</imprint>
	</monogr>
	<note type="raw_reference">Su, C., Xu, Z., Pathak, J., and Wang, F. (2020). Deep learning in mental health outcome research: a scop- ing review. Translational Psychiatry, 10(1):1-26.</note>
</biblStruct>

<biblStruct xml:id="b42">
	<analytic>
		<title level="a" type="main">Detection of depression-related posts in reddit social media forum</title>
		<author>
			<persName><forename type="first">M</forename><forename type="middle">M</forename><surname>Tadesse</surname></persName>
		</author>
		<author>
			<persName><forename type="first">H</forename><surname>Lin</surname></persName>
		</author>
		<author>
			<persName><forename type="first">B</forename><surname>Xu</surname></persName>
		</author>
		<author>
			<persName><forename type="first">L</forename><surname>Yang</surname></persName>
		</author>
	</analytic>
	<monogr>
		<title level="j">IEEE Access</title>
		<imprint>
			<biblScope unit="volume">7</biblScope>
			<biblScope unit="page" from="44883" to="44893" />
			<date type="published" when="2019">2019</date>
		</imprint>
	</monogr>
	<note type="raw_reference">Tadesse, M. M., Lin, H., Xu, B., and Yang, L. (2019). Detection of depression-related posts in reddit social media forum. IEEE Access, 7:44883-44893.</note>
</biblStruct>

<biblStruct xml:id="b43">
	<analytic>
		<title level="a" type="main">Dreaddit: A Reddit Dataset for Stress Analysis in Social Media</title>
		<author>
			<persName><forename type="first">E</forename><surname>Turcan</surname></persName>
		</author>
		<author>
			<persName><forename type="first">K</forename><surname>Mckeown</surname></persName>
		</author>
	</analytic>
	<monogr>
		<title level="m">Proceedings of the Tenth International Workshop on Health Text Mining and Information Analysis (LOUHI 2019)</title>
				<meeting>the Tenth International Workshop on Health Text Mining and Information Analysis (LOUHI 2019)</meeting>
		<imprint>
			<date type="published" when="2019">2019</date>
			<biblScope unit="page" from="97" to="107" />
		</imprint>
	</monogr>
	<note type="raw_reference">Turcan, E. and McKeown, K. (2019). Dreaddit: A Reddit Dataset for Stress Analysis in Social Me- dia. In Proceedings of the Tenth International Work- shop on Health Text Mining and Information Analy- sis (LOUHI 2019), pages 97-107.</note>
</biblStruct>

<biblStruct xml:id="b44">
	<analytic>
		<title level="a" type="main">Suicide and mental illness: a clinical review of 15 years findings from the uk national confidential inquiry into suicide</title>
		<author>
			<persName><forename type="first">K</forename><surname>Windfuhr</surname></persName>
		</author>
		<author>
			<persName><forename type="first">N</forename><surname>Kapur</surname></persName>
		</author>
	</analytic>
	<monogr>
		<title level="j">British Medical Bulletin</title>
		<imprint>
			<biblScope unit="volume">100</biblScope>
			<biblScope unit="issue">1</biblScope>
			<biblScope unit="page" from="101" to="121" />
			<date type="published" when="2011">2011</date>
		</imprint>
	</monogr>
	<note type="raw_reference">Windfuhr, K. and Kapur, N. (2011). Suicide and men- tal illness: a clinical review of 15 years findings from the uk national confidential inquiry into sui- cide. British Medical Bulletin, 100(1):101-121.</note>
</biblStruct>

<biblStruct xml:id="b45">
	<analytic>
		<title level="a" type="main">Transformers: State-ofthe-art natural language processing</title>
		<author>
			<persName><forename type="first">T</forename><surname>Wolf</surname></persName>
		</author>
		<author>
			<persName><forename type="first">J</forename><surname>Chaumond</surname></persName>
		</author>
		<author>
			<persName><forename type="first">L</forename><surname>Debut</surname></persName>
		</author>
		<author>
			<persName><forename type="first">V</forename><surname>Sanh</surname></persName>
		</author>
		<author>
			<persName><forename type="first">C</forename><surname>Delangue</surname></persName>
		</author>
		<author>
			<persName><forename type="first">A</forename><surname>Moi</surname></persName>
		</author>
		<author>
			<persName><forename type="first">P</forename><surname>Cistac</surname></persName>
		</author>
		<author>
			<persName><forename type="first">M</forename><surname>Funtowicz</surname></persName>
		</author>
		<author>
			<persName><forename type="first">J</forename><surname>Davison</surname></persName>
		</author>
		<author>
			<persName><forename type="first">S</forename><surname>Shleifer</surname></persName>
		</author>
	</analytic>
	<monogr>
		<title level="m">Proceedings of the 2020 Conference on Empirical Methods in Natural Language Processing: System Demonstrations</title>
				<meeting>the 2020 Conference on Empirical Methods in Natural Language Processing: System Demonstrations</meeting>
		<imprint>
			<date type="published" when="2020">2020</date>
			<biblScope unit="page" from="38" to="45" />
		</imprint>
	</monogr>
	<note type="raw_reference">Wolf, T., Chaumond, J., Debut, L., Sanh, V., Delangue, C., Moi, A., Cistac, P., Funtowicz, M., Davison, J., Shleifer, S., et al. (2020). Transformers: State-of- the-art natural language processing. In Proceedings of the 2020 Conference on Empirical Methods in Natural Language Processing: System Demonstra- tions, pages 38-45.</note>
</biblStruct>

<biblStruct xml:id="b46">
	<monogr>
		<author>
			<persName><forename type="first">M</forename><surname>Yoo</surname></persName>
		</author>
		<author>
			<persName><forename type="first">S</forename><surname>Lee</surname></persName>
		</author>
		<author>
			<persName><forename type="first">T</forename><surname>Ha</surname></persName>
		</author>
		<title level="m">Semantic network analysis for understanding user experiences of bipolar and depressive disorders on reddit</title>
				<imprint>
			<date type="published" when="2019">2019</date>
		</imprint>
	</monogr>
	<note>Information</note>
	<note type="raw_reference">Yoo, M., Lee, S., and Ha, T. (2019). Semantic network analysis for understanding user experiences of bipo- lar and depressive disorders on reddit. Information</note>
</biblStruct>

				</listBibl>
			</div>
		</back>
	</text>
</TEI>
