<?xml version="1.0" encoding="UTF-8"?>
<TEI xml:space="preserve" xmlns="http://www.tei-c.org/ns/1.0" 
xmlns:xsi="http://www.w3.org/2001/XMLSchema-instance" 
xsi:schemaLocation="http://www.tei-c.org/ns/1.0 https://raw.githubusercontent.com/kermitt2/grobid/master/grobid-home/schemas/xsd/Grobid.xsd"
 xmlns:xlink="http://www.w3.org/1999/xlink">
	<teiHeader xml:lang="en">
		<fileDesc>
			<titleStmt>
				<title level="a" type="main">Explainable Assessment of Healthcare Articles with QA</title>
			</titleStmt>
			<publicationStmt>
				<publisher/>
				<availability status="unknown"><licence/></availability>
			</publicationStmt>
			<sourceDesc>
				<biblStruct>
					<analytic>
						<author>
							<persName><forename type="first">Alodie</forename><surname>Boissonnet</surname></persName>
							<affiliation key="aff0">
								<orgName type="department">Department of Computer Science</orgName>
								<orgName type="institution">University of Cambridge</orgName>
							</affiliation>
						</author>
						<author>
							<persName><forename type="first">Marzieh</forename><surname>Saeidi</surname></persName>
							<email>marzieh@fb.com</email>
							<affiliation key="aff1">
								<orgName type="department">Facebook AI</orgName>
								<address>
									<settlement>London</settlement>
								</address>
							</affiliation>
						</author>
						<author>
							<persName><forename type="first">Vassilis</forename><surname>Plachouras</surname></persName>
							<email>vplachouras@fb.com</email>
							<affiliation key="aff1">
								<orgName type="department">Facebook AI</orgName>
								<address>
									<settlement>London</settlement>
								</address>
							</affiliation>
						</author>
						<author>
							<persName><forename type="first">Andreas</forename><surname>Vlachos</surname></persName>
							<email>avlachos@fb.com</email>
							<affiliation key="aff0">
								<orgName type="department">Department of Computer Science</orgName>
								<orgName type="institution">University of Cambridge</orgName>
							</affiliation>
							<affiliation key="aff1">
								<orgName type="department">Facebook AI</orgName>
								<address>
									<settlement>London</settlement>
								</address>
							</affiliation>
						</author>
						<title level="a" type="main">Explainable Assessment of Healthcare Articles with QA</title>
					</analytic>
					<monogr>
						<imprint>
							<date/>
						</imprint>
					</monogr>
					<idno type="MD5">0EC8531B13A2F2176C25E06EFE81B311</idno>
				</biblStruct>
			</sourceDesc>
		</fileDesc>
		<encodingDesc>
			<appInfo>
				<application version="0.7.3-SNAPSHOT" ident="GROBID" when="2023-01-12T08:42+0000">
					<desc>GROBID - A machine learning software for extracting information from scholarly documents</desc>
					<ref target="https://github.com/kermitt2/grobid"/>
				</application>
			</appInfo>
		</encodingDesc>
		<profileDesc>
			<abstract>
<div xmlns="http://www.tei-c.org/ns/1.0"><p>The healthcare domain suffers from the spread of poor quality articles on the Internet. While manual efforts exist to check the quality of online healthcare articles, they are not sufficient to assess all those in circulation. Such quality assessment can be automated as a text classification task, however, explanations for the labels are necessary for the users to trust the model predictions. While current explainable systems tackle explanation generation as summarization, we propose a new approach based on question answering (QA) that allows us to generate explanations for multiple criteria using a single model. We show that this QA-based approach is competitive with the current state-of-the-art, and complements summarization-based models for explainable quality assessment. We also introduce a human evaluation protocol more appropriate than automatic metrics for the evaluation of explanation generation models.</p></div>
			</abstract>
		</profileDesc>
	</teiHeader>
	<text xml:lang="en">
		<body>
<div xmlns="http://www.tei-c.org/ns/1.0"><head n="1">Introduction</head><p>The Internet has become an important source of medical advice. According to <ref type="bibr" target="#b11">Rutten et al. (2019)</ref>, in 2017, 74.4% of the US population first looked for health-related information on the internet, while only 13.3% of the population first asked a physician or healthcare provider. However, poor quality reporting, including misinformation, cherry-picking, exaggerations, etc., is often present online and can be a severe threat to public health. Recent events, such as the Covid-19 pandemic, demonstrate the necessity of developing quality assessment systems for healthcare reports to limit these harms. Fortunately, websites such as HealthNewsReview<ref type="foot" target="#foot_0">1</ref> critically analyze medical articles to identify poor quality reporting and improve the public discourse about healthcare. However, the manual review of medical news is a time-consuming task that would Story #1511 Criterion 1: Does the article adequately discuss the costs of the intervention? Answer: Not Satisfactory Explanation: There was no discussion of cost as there was in the competing AP story.</p><p>Criterion 2: Does the article adequately quantify the benefits of the treatment/test/product/procedure? Answer: Satisfactory Explanation: The story adequately quantified the benefits seen in the study that led to FDA approval. Criterion 3: ... Table <ref type="table">1</ref>: Example of an article evaluated by the Health-NewsReview website. Each article is evaluated according to ten criteria (two shown) and explanations are given to support the answers. benefit from automated systems to scale up to the volumes needed in today's media ecosystem.</p><p>Assessing the quality of news articles has been the focus of numerous studies that tackle it as a text classification task <ref type="bibr" target="#b7">(Louis and Nenkova, 2013;</ref><ref type="bibr" target="#b2">Chakraborty et al., 2016;</ref><ref type="bibr" target="#b6">Kryscinski et al., 2020)</ref>. However, explanations for the predictions only recently started receiving attention, despite being necessary to convince the readers of such assessments. For instance, <ref type="bibr" target="#b3">Dai et al. (2020)</ref> have built on the evaluation work conducted by the HealthNewsReview website (see Table <ref type="table">1</ref>) to automate article quality assessment in healthcare, but have only focused on articles classification, without providing explanations. Likewise, <ref type="bibr">Wright and Augenstein (2021)</ref> have also studied exaggeration detection in healthcare as classification, but without explanations.</p><p>Beyond quality assessment, previous works have formulated textual explanation generation for classification as summarization <ref type="bibr" target="#b0">(Atanasova et al., 2020;</ref><ref type="bibr" target="#b5">Kotonya and Toni, 2020)</ref>. However such approaches suffer from a number of shortcomings when applied to the assessment of an article based on multiple criteria. As these approaches always output a single summary for a given input text, separate models must be trained to generate explanations for each classification label and evaluation criterion (e.g. reliability of sources, lack of information, etc.), as in the example given in Table <ref type="table">1</ref>. This considerably reduces the number of available training instances per model, because gold explanations of only one criterion at a time can be used for training, and it also requires developing and maintaining a model per criterion. Summarizationbased models are also not appropriate to return an explanation for a label that is justified by the lack of information in the text (see criterion 1 in Table <ref type="table">1</ref>).</p><p>In this work, we develop an explainable quality assessment system for health news reports, and we evaluate it on the FakeHealth corpus <ref type="bibr" target="#b3">(Dai et al., 2020)</ref>. It differs from previous work as its explanation generation model is based on question answering (QA), which takes into consideration the definition of each evaluation criterion in the form of a question (see Table <ref type="table">1</ref>). This approach addresses the limitations of summarisation-based systems: it benefits from a larger training dataset consisting of instances from all criteria and labels at once, can better generate explanations regarding the absence of information, and requires training and maintaining a single model for all criteria.</p><p>We compare our approach for explanation generation against a summarization-based system inspired from <ref type="bibr" target="#b5">Kotonya and Toni (2020)</ref>. Our results show that both approaches are complementary and perform better in different cases. More specifically, summarization-based systems are more appropriate when relevant information is explicitly given in articles, while QA-based systems perform better when relevant information is missing.</p><p>Finally, evaluating generated explanations is not an easy task as we should consider both the structure and the sense of texts. Previous works used automatic metrics for the evaluation of explanations, which are known to be insufficient for abstractive text generation. <ref type="bibr" target="#b8">Mani (2002)</ref> precisely insisted that assessing the readability and quality of a generated text requires human annotators as no automatic metric can achieve good performance on this task. Likewise, <ref type="bibr">Kryscinski et al. (2019)</ref> have recently highlighted that automatic evaluation protocols, usually relying on ROUGE scores, correlate weakly with human judgement and fail to evaluate critical features, such as factual consistency. For this reason, we propose a new human evaluation protocol to assess the fluency, consistency, and factual correctness of the explanations, and we show that automatic metrics are not appropriate for this task.</p></div>
<div xmlns="http://www.tei-c.org/ns/1.0"><head n="2">Methodology</head><p>Our system starts with classifying articles according to ten evaluation criteria, then generates explanations using QA, taking into account the predicted classification labels. The purpose of the text classification step is to determine whether an article is satisfactory with respect to different evaluation criteria. We consider different options from the literature: logistic regression for its simplicity, BERT-based classification which is commonplace but truncates texts to 512 tokens, and a Longformerbased encoder model <ref type="bibr" target="#b1">(Beltagy et al., 2020)</ref>, which is able to deal with long input texts like those of our study. Both BERT and Longformer-based classifiers are pre-trained for a large classification task on a biomedical dataset, PubMed<ref type="foot" target="#foot_1">2</ref> , then fine-tuned on the FakeHealth dataset. In line with <ref type="bibr" target="#b1">Beltagy et al. (2020)</ref>'s recommendation, we use a classification objective for Longformer classifier, that places a global attention mask on a [CLS] token. This token aggregates the representation of the whole text at the beginning of the input text as shown in Table <ref type="table">6</ref> in Appendix C.1, that gives an example of the encoding of input texts and shows the global attention mask of our model. Readers should refer to <ref type="bibr" target="#b1">Beltagy et al. (2020)</ref> for further details about attention masks of Longformer models.</p><p>The second stage of the pipeline generates abstractive explanations for the previously predicted classes. As the QA approach takes into account the classes and the questions posed by criteria, we only need to train a single model, handling all criteria and classes. Following Soni and Roberts (2020), we have chosen to work with a Longformerbased encoder-decoder that we first train on the open-domain dataset SQuAD v2.0 <ref type="bibr" target="#b10">(Rajpurkar et al., 2018)</ref>, and then fine-tune on FakeHealth. Because gold explanations in the FakeHealth dataset are abstractive, our model learns to write complete explanations despite the pre-training step on SQuAD whose explanations are spans of phrases. Even though we always use the same ten questions (shown in Table <ref type="table">9</ref> in Appendix C.2) for fine-tuning and evaluation, this approach differs from queryfocused summarization because of its ability to generate explanations for information missing from the article which a summarization system cannot handle. We use the QA objective introduced by <ref type="bibr" target="#b1">Beltagy et al. (2020)</ref> for Longformer that places a global attention mask on all question tokens (see Table <ref type="table">6</ref> in Appendix C.1), and we feed our model with the article, the criterion, and the class prediction.</p><p>During training, we use the gold classes of articles to generate explanations, as generating post-hoc explanations for incorrectly predicted labels would not be meaningful.</p><p>Following recent previous work on explainable factchecking in healthcare by <ref type="bibr" target="#b5">Kotonya and Toni (2020)</ref>, we implement a baseline for the explanation generation task, based on summarization. Because such a system does not take into account the criteria definitions in its input, it cannot combine all criteria together as it would always produce the same explanation for all criteria. Therefore, this approach requires training independent models for each class within a criterion, which results in 30 models (10 criteria × 3 classes) in the case of the FakeHealth dataset. We use here a summarization objective for the Longformer model, that applies a global attention mask to the very first token of input texts (see Table <ref type="table">6</ref> in Appendix C.1 and <ref type="bibr" target="#b1">Beltagy et al. (2020)</ref>).</p></div>
<div xmlns="http://www.tei-c.org/ns/1.0"><head n="3">Human evaluation of explanations</head><p>Unlike previous works that assess generated text with automatic metrics, we design a human evaluation protocol that assesses four aspects of explanations: their fluency, consistency, factual correctness, and whether they are indicative of the label that they are supposed to explain. An explanation is considered fluent if it sounds natural, and consistent if it does not contradict itself, include repetitions, or information that is not mentioned in the article. The factual correctness criterion looks for incorrect facts, contradictions with respect to the article, or hallucinations. Finally, generated explanations should allow a human judge to infer correctly the label they are meant to explain.</p><p>We conducted two pilot studies in order to assess the quality of our guidelines. As reported in Table 2, Pilot 1 brought to light the ambiguity of the initial version of the guidelines, while Pilot 2 reached higher inter-annotator agreement scores. The new version of the guidelines is more detailed than the first one and provides some examples of what is expected. For instance, instead of asking if an explanation is fluent, the new guidelines specify that explanations should be rated as fluent if they sound natural and their syntactic structure is correct. Thus, the sentence "it's sunny but it's sunny" should not be considered as fluent, while "it's sunny but it's not sunny" should be considered fluent despite the contradiction, which is judged negatively under consistency.</p><p>The final guidelines used for the evaluation in Section 5 are fully detailed in Appendix B. In Table <ref type="table" target="#tab_0">2</ref>, the consistency criterion is missing as it was added after Pilot 2.</p></div>
<div xmlns="http://www.tei-c.org/ns/1.0"><head n="4">Data</head><p>We evaluate our QA and summarization-based models on the FakeHealth corpus of health news articles, released by <ref type="bibr" target="#b3">Dai et al. (2020)</ref>. Each article in the dataset was evaluated by at least two experts, according to ten criteria that assess diverse aspects such as "the overclaiming, missing of information, reliability of sources and conflict of interests" <ref type="bibr" target="#b3">(Dai et al., 2020)</ref>. <ref type="bibr" target="#b3">Dai et al. (2020)</ref> found zero to a minor positive correlation between the criteria, which justifies the relevance of all of them. These criteria are reported in Table <ref type="table">9</ref> in Appendix C.2.</p><p>For each criterion, articles are annotated with one of three labels, Not Satisfactory, Satisfactory, and Not Applicable, and a textual explanation that justifies the assigned label, as shown in Table <ref type="table">1</ref>. The label distribution across criteria is highly unbalanced, Not Applicable instances being the rarest. For example, criteria 2, 4, and 6 have at least 65 times more Not Satisfactory instances than Not Applicable ones (see Table <ref type="table" target="#tab_1">3</ref>).</p></div>
<div xmlns="http://www.tei-c.org/ns/1.0"><head n="5">Results</head></div>
<div xmlns="http://www.tei-c.org/ns/1.0"><head n="5.1">Quality assessment per criterion</head><p>We compare Longformer-based, BERT-based, and Logistic Regression models for the quality of the classification task via their macro F 1 -scores for each criterion. Table <ref type="table">4</ref> shows that our Longformerbased models perform the best due to their ability to encode longer texts. The Logistic Regression models also achieves great performance despite its simplicity, but this must be qualified as classes are highly unbalanced and Logistic Regression mostly predicts the dominant class. An analysis broken down by criterion also highlights that all models perform unevenly across criteria. This suggests that some criteria are harder to handle, notably, those requiring external knowledge or subjective judgment (e.g. criterion 5 asking whether articles commit disease-mongering).</p><p>We also tried to build a single Longformer-based model handling all classes at once using a QAbased approach that treats criteria as questions and predicts labels, but it performed poorly. We suspect that we have poor results because we perform a classification task with a QA-based model.</p></div>
<div xmlns="http://www.tei-c.org/ns/1.0"><head n="5.2">Explanation generation</head><p>Table 5 reports the overall performance of both summarization and QA-based approaches for the explanation generation task only. These results show that the QA-based approach performs better than, or as well as, the baseline system. Both approaches achieve similar performance in terms of consistency and factual correctness, but the QA approach produces explanations that are more fluent and that indicate the correct label more often. summarization approach performs better for the Satisfactory class, while the QA approach performs better for the Not Satisfactory and Not Applicable classes. This can be explained by the fact that Satisfactory articles include the relevant information to the criteria and require models to reuse this information to generate explanations, thus resembling summarization. On the other hand, for the Not Satisfactory class, models need to point out missing information and this is naturally harder for a summarization model, but easier for a QA-based one that can generate text about missing information. Finally, the Not Applicable class suffers mainly from having very few instances for training (see Table <ref type="table" target="#tab_1">3</ref>). With a single model, the QA approach is able to overcome this issue and generate better explanations.</p><p>To achieve the best performance, the previous results suggest combining both systems and using the summarization-based system for Satisfactory instances, and the QA-based system for all others. With this combination, 81% of explanations are fluent, 76% consistent, 57% factually correct, and 85% indicate correct labels. The pretty low factual correctness of explanations can be explained by the severeness of guidelines that ask annotators to rate an explanation as factually incorrect as soon as at least one detail is incorrect, regardless of the correctness of all other details.</p></div>
<div xmlns="http://www.tei-c.org/ns/1.0"><head n="5.3">Predicting classes from generated explanations</head><p>To further test our methodology, we run an experiment in which we first generate explanations, and then classify articles from the predicted explanations. We use the same approach as before, i.e. a Longformer-based model with a QA objective fine-tuned on FakeHealth articles for explanation generation, and a Longformer-based classifier fine-tuned on predicted explanations. Results are reported in Table <ref type="table">4</ref> and show that classifying articles before generating explanations, achieves better performance. This finding is not surprising as the explanation generation model is influenced by dominant classes and ignores minority classes. Wrong explanations propagate then to the classification task and are responsible for incorrect labels. However, the classification model built from generated explanations performs very well for criteria 4 and 6. Yet, these results should be considered with caution, as classes for these criteria are highly unbalanced (with respectively 3 and 14 instances in the Not Applicable class) and the model predicts most of the time the majority class. This ablation study corroborates the recommendations of <ref type="bibr" target="#b5">Kotonya and Toni (2020)</ref> and <ref type="bibr" target="#b8">Mani (2002)</ref>.</p></div>
<div xmlns="http://www.tei-c.org/ns/1.0"><head n="5.4">Automatic v. human evaluation</head><p>Finally, we investigate the correlation between human judgement and automatic metrics used in previous works <ref type="bibr" target="#b4">(Ermakova et al., 2019)</ref>, including <ref type="bibr">ROUGE (Lin, 2004)</ref> and BLEU <ref type="bibr" target="#b9">(Papineni et al., 2002)</ref> scores. Table <ref type="table" target="#tab_5">8</ref> in Appendix B.3 reports the correlation coefficients between all metrics. Using Kendall's Tau, we find that all these correlations are very low, at most 0.11 with ROUGE scores and 0.07 with the BLEU score. This finding was expected as most of the automatic metrics focus on word overlap, which makes it difficult to check the grammatical and syntactic correctness of explanations, as well as their factual consistency. This conclusion echoes <ref type="bibr">Kryscinski et al. (2019)</ref>'s work on automatic evaluation protocols.</p></div>
<div xmlns="http://www.tei-c.org/ns/1.0"><head n="6">Conclusion and discussion</head><p>In this work, we propose a new QA-based approach to generate explanations for quality assessment systems. This approach allows us to build a single model, able to generate explanations for different criteria and classes, by taking into account the questions related to criteria. We have shown that the QA-based system is competitive with the summarization-based one, and that they are complementary. Notably, the QA-based approach is more appropriate when the relevant information is not explicitly given in articles or for small classes.</p><p>As for the classification task, Longformer-based models perform best thanks to their ability to deal with long input texts. Finally, we have highlighted that automatic metrics, such as ROUGE, correlate very weakly with human judgment when it comes to evaluating explanation generation models. This paper could serve as a starting point to explore the use of QA models for explainable article assessment. </p></div>
<div xmlns="http://www.tei-c.org/ns/1.0"><head>A Ethical concerns</head><p>The ethical concerns of this work are two-fold. First, readers must be aware that such a deep learning model is prone to make mistakes, as evidenced by the results of the experiments we did (see Section 5). Outputs should be treated as an indication or recommendation, rather than the ground truth.</p><p>Secondly, our QA-based approach needs to train a single model, by comparison with the summarization-based one that requires 30 models. Having a single model reduces the pressure on computing resources and consequently, on the environment. It also makes the model easier to maintain.</p></div>
<div xmlns="http://www.tei-c.org/ns/1.0"><head>B Human evaluation B.1 Definition of the evaluation guidelines</head><p>To design our human evaluation protocol, we conducted two pilot studies with the same two annotators. To begin with, the first study gathered three annotators who evaluated all explanations generated for the same six articles (three releases and three stories, which results in 60 explanations in total) with the baseline system for explanation generation.</p><p>They were asked to determine if explanations were written in fluent English, consistent, factually correct, and which classes were suggested by explanations. This evaluation task combined both intrinsic and extrinsic methods to have a complete overview of models' performance, and we assessed to what extent annotators agreed on the evaluation task by looking at inter-annotator agreement scores computed with the Cohen Kappa score. It resulted in a high disagreement among annotators (see Table <ref type="table" target="#tab_0">2</ref>): annotators 1 and 2 even seemed to disagree on the fluency criterion. An in-depth exploration of their annotations revealed that they never agreed when one of them judged that an explanation was not fluent. These low inter-annotator agreement scores seem therefore to be caused by unclear guidelines.</p><p>For this reason, more detailed guidelines about the fluency and factual correctness of explanations were defined, and another pilot study was intended to validate them. It gathered two of the three previous annotators, who evaluated all explanations generated for the same five articles (two releases and three stories) with whether the baseline or the QAbased system. We reduced the number of articles to evaluate as evaluation tasks are time-consuming and five articles, resulting in 50 explanations, are enough to validate guidelines. This second evaluation task achieved a much higher inter-annotator agreement reported in Table <ref type="table" target="#tab_0">2</ref> and confirmed the new evaluation guidelines. However, the agreement score for the guessed classes slightly decreased between the first and second evaluation task. An analysis of annotations highlighted that some criteria could be ambiguous. For example, criterion 5 wonders if articles commit disease-mongering, and if they do, they should be rated as Not Satisfactory because it implies that they are less reliable. Consequently, a detailed description of each criterion, extracted from HealthNewsReview's website, has been given to annotators for the last evaluation task to raise all ambiguities.</p></div>
<div xmlns="http://www.tei-c.org/ns/1.0"><head>B.2 Final guidelines</head><p>Based on the outcome of the pilot studies, annotators were given the following guidelines:</p><p>• Fluency: Is the generated explanation written in fluent English? An explanation should be considered non-fluent if it does not sound natural or its structure is not correct (e.g. paragraphs title). Words case (uppercase or lowercase) should not be taken into account. For example, "it's sunny but it's sunny" should be considered as non-fluent, but "it's sunny but it's not sunny" should be considered as fluent.</p><p>Likewise, "intro: it's sunny, results: it's sunny, conclusion: it's sunny" should be considered as non-fluent (inappropriate structure).</p><p>• Consistency: Is the generated explanation consistent? An explanation should be considered inconsistent if it includes contradiction, repetition, extra information. For example, "it's sunny but it's sunny" should be considered as consistent, but "it's sunny but it's not sunny" should be considered as non-consistent.</p><p>• Factual correctness: Are the details (numbers, names, facts, etc.) included in the generated explanation correct? Explanations that contain incorrect facts, contradictions, or halluci-nations should be evaluated as not satisfactory; but whether or not the factual details are related to the question should not be taken into consideration.</p><p>• Suggested class: According to the generated explanation, how would you classify the article? (Not Satisfactory, Satisfactory, Not Applicable, Can't tell) A Can't tell class has been added if generated explanations do not help classify articles. A description of what was expected for each criterion was given to annotators to raise all ambiguities. It was taken from the HealthNewsReview website from which explanations had been extracted. The inferred classes are considered correct if it matches the gold classes of articles.</p><p>The consistency criterion has been added after the two pilot studies, so we have not evaluated the inter-annotator agreement for it. However, the corresponding guidelines have been defined and detailed similarly to the other evaluation criteria to raise any ambiguity for annotators.</p><p>For the real evaluation task, annotators have evaluated ten different articles each. They were the same annotators as for pilot studies, so their interannotator agreement was high and we were able to evaluate more articles with great confidence in annotations.</p></div>
<div xmlns="http://www.tei-c.org/ns/1.0"><head>B.3 Correlation with automatic metrics</head><p>Table <ref type="table" target="#tab_5">8</ref> reports the correlation scores between human judgement and automatic metrics used in previous works <ref type="bibr" target="#b4">(Ermakova et al., 2019)</ref>, including <ref type="bibr">ROUGE (Lin, 2004)</ref> and BLEU <ref type="bibr" target="#b9">(Papineni et al., 2002)</ref> scores. Using Kendall's Tau, we find that all these correlations are very low, at most 0.11 with ROUGE scores and 0.07 with the BLEU score.</p></div>
<div xmlns="http://www.tei-c.org/ns/1.0"><head>C Model C.1 Model's Attention</head><p>For the Longformer model, <ref type="bibr" target="#b1">Beltagy et al. (2020)</ref> defines different global attention masks according to the task to complete. For classification, the [CLS] token of input texts receives global attention. For a QA task, the global attention mask is applied to all question tokens, while it is applied to the very first token of input texts for a summarization task. Does it compare the new approach with existing alternatives? Criterion 8</p><p>Does it establish the availability of the treatment/test/product/procedure? Criterion 9</p><p>Does it establish the true novelty of the approach?</p><p>Criterion 10 Does the story appear to rely solely or largely on a news release? / Does the news release include unjustifiable, sensational language, including in the quotes of researchers?</p><p>Table <ref type="table">9</ref>: Datasets' criteria.</p></div><figure xmlns="http://www.tei-c.org/ns/1.0" type="table" xml:id="tab_0"><head>Table 2 :</head><label>2</label><figDesc>Inter-annotator agreement scores (averages of Cohen Kappa scores) of the two pilot studies.</figDesc><table><row><cell cols="5">Fluency Factual correctness Guessed class</cell></row><row><cell>Pilot 1</cell><cell>-0.12</cell><cell>0.29</cell><cell></cell><cell>0.76</cell></row><row><cell>Pilot 2</cell><cell>0.46</cell><cell>0.49</cell><cell></cell><cell>0.58</cell></row><row><cell cols="3">Criterion Not S.</cell><cell>S.</cell><cell>Not A.</cell></row><row><cell>1</cell><cell cols="2">1431</cell><cell>495</cell><cell>370</cell></row><row><cell>2</cell><cell cols="2">1505</cell><cell>768</cell><cell>23</cell></row><row><cell>3</cell><cell cols="2">1413</cell><cell>717</cell><cell>166</cell></row><row><cell>4</cell><cell cols="2">1445</cell><cell>848</cell><cell>3</cell></row><row><cell>5</cell><cell>286</cell><cell></cell><cell>1921</cell><cell>89</cell></row><row><cell>6</cell><cell cols="3">1135 1147</cell><cell>14</cell></row><row><cell>7</cell><cell cols="3">1120 1063</cell><cell>113</cell></row><row><cell>8</cell><cell>538</cell><cell></cell><cell>1457</cell><cell>301</cell></row><row><cell>9</cell><cell>672</cell><cell></cell><cell>1543</cell><cell>81</cell></row><row><cell>10</cell><cell>391</cell><cell></cell><cell>1771</cell><cell>134</cell></row></table></figure>
<figure xmlns="http://www.tei-c.org/ns/1.0" type="table" xml:id="tab_1"><head>Table 3 :</head><label>3</label><figDesc>Distribution of articles in each class per criterion. These numbers combine both the HealthRelease and HealthStory datasets.</figDesc><table /></figure>
<figure xmlns="http://www.tei-c.org/ns/1.0" type="table" xml:id="tab_2"><head></head><label></label><figDesc>Longformer BERT LogReg From gen. expl.</figDesc><table><row><cell>Criterion 1</cell><cell>0.67</cell><cell>0.63</cell><cell>0.59</cell><cell>0.61</cell></row><row><cell>Criterion 2</cell><cell>0.43</cell><cell>0.42</cell><cell>0.40</cell><cell>0.30</cell></row><row><cell>Criterion 3</cell><cell>0.52</cell><cell>0.55</cell><cell>0.46</cell><cell>0.45</cell></row><row><cell>Criterion 4</cell><cell>0.40</cell><cell>0.42</cell><cell>0.36</cell><cell>0.61</cell></row><row><cell>Criterion 5</cell><cell>0.35</cell><cell>0.30</cell><cell>0.37</cell><cell>0.33</cell></row><row><cell>Criterion 6</cell><cell>0.42</cell><cell>0.39</cell><cell>0.37</cell><cell>0.60</cell></row><row><cell>Criterion 7</cell><cell>0.35</cell><cell>0.37</cell><cell>0.36</cell><cell>0.40</cell></row><row><cell>Criterion 8</cell><cell>0.57</cell><cell>0.59</cell><cell>0.49</cell><cell>0.46</cell></row><row><cell>Criterion 9</cell><cell>0.40</cell><cell>0.37</cell><cell>0.37</cell><cell>0.34</cell></row><row><cell>Criterion 10</cell><cell>0.45</cell><cell>0.45</cell><cell>0.36</cell><cell>0.24</cell></row><row><cell>Mean</cell><cell>0.46</cell><cell>0.44</cell><cell>0.41</cell><cell>0.43</cell></row><row><cell cols="5">Table 4: Macro F 1 -scores of our different classifiers for</cell></row><row><cell cols="5">each criterion. The last row Mean gives the average</cell></row><row><cell cols="5">performance of each model across criteria. The column</cell></row><row><cell cols="5">From gen. expl. corresponds to the classification task</cell></row><row><cell cols="5">conducted from generated explanations, as described in</cell></row><row><cell>Section 5.3.</cell><cell></cell><cell></cell><cell></cell><cell></cell></row></table><note>Table 7 in Appendix C.2 provides some examples of the generated explanations. In these tables, gold explanations correspond to the explanations written by health expert in the FakeHealth dataset. An analysis per class (see Table 5) reveals that the</note></figure>
<figure xmlns="http://www.tei-c.org/ns/1.0" type="table" xml:id="tab_3"><head>Table 5 :</head><label>5</label><figDesc>Results of the evaluation of the summarization and QA-based systems per class (as percentages).</figDesc><table><row><cell></cell><cell cols="9">Fluency Sum. QA Sum. QA Sum. Consistency Factual correctness Correct class Count QA Sum. QA</cell></row><row><cell cols="2">All classes 74.5</cell><cell>80</cell><cell cols="3">72.5 72.5 52.5</cell><cell>52</cell><cell>85</cell><cell>86</cell><cell>-</cell></row><row><cell>Not S.</cell><cell cols="2">73.2 83.5</cell><cell>67</cell><cell cols="2">73.2 42.3</cell><cell>48.5</cell><cell>87.6</cell><cell>89.7</cell><cell>97</cell></row><row><cell>S.</cell><cell cols="5">79.6 76.3 80.6 73.1 63.4</cell><cell>53.8</cell><cell>86</cell><cell>82.8</cell><cell>93</cell></row><row><cell>Not A.</cell><cell>40</cell><cell>80</cell><cell>50</cell><cell>60</cell><cell>50</cell><cell>70</cell><cell>50</cell><cell>80</cell><cell>10</cell></row></table></figure>
<figure xmlns="http://www.tei-c.org/ns/1.0" type="table" xml:id="tab_5"><head>Table 8 :</head><label>8</label><figDesc>Table 6 illustrates these different attention masks. C.2 Example of models' outputs Fluency Consistency Factual correctness Correct class Can't tell class Correlation between human and automatic evaluation metrics (Kendall Tau correlation coefficient). Does it adequately discuss the costs of the intervention? Criterion 2 Does it adequately quantify the benefits of the treatment/test/product/procedure? Criterion 3 Does it adequately explain/quantify the harms of the intervention? Criterion 4 Does it seem to grasp the quality of the evidence? Does the story use independent sources and identify conflicts of interest? / Does the news release identify funding sources &amp; disclose conflicts of interest? Criterion 7</figDesc><table><row><cell cols="2">ROUGE-1 Precision</cell><cell>0.09</cell><cell>0.04</cell><cell>0.03</cell><cell>0.08</cell><cell>-0.07</cell></row><row><cell>ROUGE-1 Recall</cell><cell></cell><cell>-0.02</cell><cell>-0.08</cell><cell>-0.05</cell><cell>-0.04</cell><cell>-0.00</cell></row><row><cell>ROUGE-1 F1</cell><cell></cell><cell>0.01</cell><cell>-0.05</cell><cell>-0.01</cell><cell>0.00</cell><cell>-0.04</cell></row><row><cell cols="2">ROUGE-2 Precision</cell><cell>0.08</cell><cell>0.05</cell><cell>0.04</cell><cell>0.09</cell><cell>-0.11</cell></row><row><cell>ROUGE-2 Recall</cell><cell></cell><cell>0.04</cell><cell>-0.02</cell><cell>-0.01</cell><cell>0.04</cell><cell>-0.09</cell></row><row><cell>ROUGE-2 F1</cell><cell></cell><cell>0.06</cell><cell>0.01</cell><cell>0.01</cell><cell>0.07</cell><cell>-0.11</cell></row><row><cell cols="2">ROUGE-L Precision</cell><cell>0.10</cell><cell>0.08</cell><cell>0.05</cell><cell>0.09</cell><cell>-0.09</cell></row><row><cell cols="2">ROUGE-L Recall</cell><cell>0.01</cell><cell>-0.04</cell><cell>-0.03</cell><cell>-0.01</cell><cell>-0.03</cell></row><row><cell>ROUGE-L F1</cell><cell></cell><cell>0.06</cell><cell>0.03</cell><cell>0.02</cell><cell>0.06</cell><cell>-0.08</cell></row><row><cell>BLEU</cell><cell></cell><cell>-0.01</cell><cell>-0.07</cell><cell>-0.04</cell><cell>-0.01</cell><cell>-0.03</cell></row><row><cell>Length ratio</cell><cell></cell><cell>0.09</cell><cell>0.08</cell><cell>0.05</cell><cell>0.08</cell><cell>-0.06</cell></row><row><cell cols="2">Cosine similarity</cell><cell>0.08</cell><cell>-0.01</cell><cell>0.03</cell><cell>0.06</cell><cell>-0.05</cell></row><row><cell cols="2">Euclidean distance</cell><cell>-0.04</cell><cell>0.01</cell><cell>-0.04</cell><cell>-0.02</cell><cell>0.03</cell></row><row><cell>Criterion</cell><cell cols="2">Question</cell><cell></cell><cell></cell><cell></cell></row><row><cell>Criterion 1</cell><cell></cell><cell></cell><cell></cell><cell></cell><cell></cell></row><row><cell>Criterion 5</cell><cell cols="3">Does it commit disease-mongering?</cell><cell></cell><cell></cell></row><row><cell>Criterion 6</cell><cell></cell><cell></cell><cell></cell><cell></cell><cell></cell></row></table></figure>
			<note xmlns="http://www.tei-c.org/ns/1.0" place="foot" n="1" xml:id="foot_0">https://www.healthnewsreview.org</note>
			<note xmlns="http://www.tei-c.org/ns/1.0" place="foot" n="2" xml:id="foot_1">https://deepai.org/dataset/pubmed</note>
		</body>
		<back>

			<div type="acknowledgement">
<div xmlns="http://www.tei-c.org/ns/1.0"><head>Acknowledgements</head><p>Andreas Vlachos's work at the University of Cambridge is supported by by the ERC grant AVeriTeC (GA 865958) and the EU H2020 grant MONITIO (GA 965576).</p></div>
			</div>

			<div type="annex">
<div xmlns="http://www.tei-c.org/ns/1.0"><p>Question-Answering objective &lt;s&gt; Does the story adequately discuss the costs of the intervention? &lt;/s&gt; Satisfactory &lt;/s&gt; Triumph for Drug to Straighten Clenched Fingers &lt;/s&gt; About one in 20 men is estimated to have Peyronie's, but figures are not precise because people with the condition tend not to discuss it publicly. ... &lt;/s&gt; Summarization objective &lt;s&gt; Triumph for Drug to Straighten Clenched Fingers &lt;/s&gt; About one in 20 men is estimated to have Peyronie's, but figures are not precise because people with the condition tend not to discuss it publicly. ... &lt;/s&gt;</p></div>
<div xmlns="http://www.tei-c.org/ns/1.0"><head>Classification objective</head><p>[CLS] Triumph for Drug to Straighten Clenched Fingers &lt;/s&gt; About one in 20 men is estimated to have Peyronie's, but figures are not precise because people with the condition tend not to discuss it publicly. ... &lt;/s&gt; </p></div>
<div xmlns="http://www.tei-c.org/ns/1.0"><head>HealthRelease #528, Criterion 5, Satisfactory</head></div>
<div xmlns="http://www.tei-c.org/ns/1.0"><head>Gold explanation</head><p>There is no disease mongering in this release.</p></div>
<div xmlns="http://www.tei-c.org/ns/1.0"><head>Generated explanation -QA-based system</head><p>There is no disease mongering in this news release. Obesity is a serious health issue, and the release provides some context about the prevalence of obesity in the US. Rated as fluent, consistent, factually incorrect, and suggesting a Satisfactory label</p></div>
<div xmlns="http://www.tei-c.org/ns/1.0"><head>Generated explanation -baseline system</head><p>There is no disease mongering in the news release. The release provides some context about the prevalence and severity of obesity and its consequences. Rated as fluent, consistent, factually incorrect, and suggesting a Satisfactory label HealthStory #1619, Criterion 1, Satisfactory</p></div>
<div xmlns="http://www.tei-c.org/ns/1.0"><head>Gold explanation</head><p>The story notes that a 5.29-ounce tube of the product retails for $39.99 at drugstores.</p></div>
<div xmlns="http://www.tei-c.org/ns/1.0"><head>Generated explanation -QA-based system</head><p>The story notes that the cream is available at Sephora.com for $69.99. The story could have done a better job of comparing the cost of the cream to other products on the market. Rated as fluent, consistent, factually incorrect, and suggesting a Satisfactory label Generated explanation -baseline system The story states that the cream "takes the redness out of new stretch marks." That's good enough for the story, but it would have been better if the story would have mentioned the cost. Rated as fluent, consistent, factually correct, and suggesting a Not Satisfactory label </p></div>			</div>
			<div type="references">

				<listBibl>

<biblStruct xml:id="b0">
	<monogr>
		<title level="m" type="main">Generating fact checking explanations</title>
		<author>
			<persName><forename type="first">Pepa</forename><surname>Atanasova</surname></persName>
		</author>
		<author>
			<persName><forename type="first">Jakob</forename><forename type="middle">Grue</forename><surname>Simonsen</surname></persName>
		</author>
		<author>
			<persName><forename type="first">Christina</forename><surname>Lioma</surname></persName>
		</author>
		<author>
			<persName><forename type="first">Isabelle</forename><surname>Augenstein</surname></persName>
		</author>
		<imprint>
			<date type="published" when="2020">2020</date>
		</imprint>
	</monogr>
	<note type="raw_reference">Pepa Atanasova, Jakob Grue Simonsen, Christina Li- oma, and Isabelle Augenstein. 2020. Generating fact checking explanations.</note>
</biblStruct>

<biblStruct xml:id="b1">
	<monogr>
		<title level="m" type="main">Longformer: The long-document transformer</title>
		<author>
			<persName><forename type="first">Iz</forename><surname>Beltagy</surname></persName>
		</author>
		<author>
			<persName><forename type="first">Matthew</forename><forename type="middle">E</forename><surname>Peters</surname></persName>
		</author>
		<author>
			<persName><forename type="first">Arman</forename><surname>Cohan</surname></persName>
		</author>
		<idno type="arXiv">arXiv:2004.05150</idno>
		<imprint>
			<date type="published" when="2020">2020</date>
		</imprint>
	</monogr>
	<note type="raw_reference">Iz Beltagy, Matthew E. Peters, and Arman Cohan. 2020. Longformer: The long-document transformer. arXiv:2004.05150.</note>
</biblStruct>

<biblStruct xml:id="b2">
	<analytic>
		<title level="a" type="main">Stop clickbait: Detecting and preventing clickbaits in online news media</title>
		<author>
			<persName><forename type="first">Abhijnan</forename><surname>Chakraborty</surname></persName>
		</author>
		<author>
			<persName><forename type="first">Bhargavi</forename><surname>Paranjape</surname></persName>
		</author>
		<author>
			<persName><forename type="first">Sourya</forename><surname>Kakarla</surname></persName>
		</author>
		<author>
			<persName><forename type="first">Niloy</forename><surname>Ganguly</surname></persName>
		</author>
		<idno type="DOI">10.1109/ASONAM.2016.7752207</idno>
	</analytic>
	<monogr>
		<title level="m">2016 IEEE/ACM International Conference on Advances in Social Networks Analysis and Mining (ASONAM)</title>
				<imprint>
			<date type="published" when="2016">2016</date>
			<biblScope unit="page" from="9" to="16" />
		</imprint>
	</monogr>
	<note type="raw_reference">Abhijnan Chakraborty, Bhargavi Paranjape, Sourya Kakarla, and Niloy Ganguly. 2016. Stop clickbait: De- tecting and preventing clickbaits in online news me- dia. In 2016 IEEE/ACM International Conference on Advances in Social Networks Analysis and Mining (ASONAM), pages 9-16.</note>
</biblStruct>

<biblStruct xml:id="b3">
	<monogr>
		<title level="m" type="main">Ginger cannot cure cancer: Battling fake health news with a comprehensive data repository</title>
		<author>
			<persName><forename type="first">Enyan</forename><surname>Dai</surname></persName>
		</author>
		<author>
			<persName><forename type="first">Yiwei</forename><surname>Sun</surname></persName>
		</author>
		<author>
			<persName><forename type="first">Suhang</forename><surname>Wang</surname></persName>
		</author>
		<idno>CoRR, abs/2002.00837</idno>
		<imprint>
			<date type="published" when="2020">2020</date>
		</imprint>
	</monogr>
	<note type="raw_reference">Enyan Dai, Yiwei Sun, and Suhang Wang. 2020. Ginger cannot cure cancer: Battling fake health news with a comprehensive data repository. CoRR, abs/2002.00837.</note>
</biblStruct>

<biblStruct xml:id="b4">
	<analytic>
		<title level="a" type="main">A survey on evaluation of summarization methods</title>
		<author>
			<persName><forename type="first">Liana</forename><surname>Ermakova</surname></persName>
		</author>
		<author>
			<persName><forename type="first">Jean</forename><surname>Valère Cossu</surname></persName>
		</author>
		<author>
			<persName><forename type="first">Josiane</forename><surname>Mothe</surname></persName>
		</author>
		<idno type="DOI">10.1016/j.ipm.2019.04.001</idno>
	</analytic>
	<monogr>
		<title level="j">Information Processing Management</title>
		<imprint>
			<biblScope unit="volume">56</biblScope>
			<biblScope unit="issue">5</biblScope>
			<biblScope unit="page" from="1794" to="1814" />
			<date type="published" when="2019">2019</date>
		</imprint>
	</monogr>
	<note type="raw_reference">Liana Ermakova, Jean Valère Cossu, and Josiane Mothe. 2019. A survey on evaluation of summariza- tion methods. Information Processing Management, 56(5):1794-1814.</note>
</biblStruct>

<biblStruct xml:id="b5">
	<analytic>
		<title level="a" type="main">Explainable automated fact-checking for public health claims</title>
		<author>
			<persName><forename type="first">Neema</forename><surname>Kotonya</surname></persName>
		</author>
		<author>
			<persName><forename type="first">Francesca</forename><surname>Toni</surname></persName>
		</author>
		<idno type="DOI">10.18653/v1/D19-1051</idno>
	</analytic>
	<monogr>
		<title level="m">Proceedings of the 2019 Conference on Empirical Methods in Natural Language Processing and the 9th International Joint Conference on Natural Language Processing (EMNLP-IJCNLP)</title>
				<editor>
			<persName><forename type="first">Wojciech</forename><surname>Kryscinski</surname></persName>
		</editor>
		<editor>
			<persName><forename type="first">Nitish</forename><surname>Shirish Keskar</surname></persName>
		</editor>
		<editor>
			<persName><forename type="first">Bryan</forename><surname>Mc-Cann</surname></persName>
		</editor>
		<editor>
			<persName><forename type="first">Caiming</forename><surname>Xiong</surname></persName>
		</editor>
		<editor>
			<persName><forename type="first">Richard</forename><surname>Socher</surname></persName>
		</editor>
		<meeting>the 2019 Conference on Empirical Methods in Natural Language Processing and the 9th International Joint Conference on Natural Language Processing (EMNLP-IJCNLP)<address><addrLine>Hong Kong, China</addrLine></address></meeting>
		<imprint>
			<publisher>Association for Computational Linguistics</publisher>
			<date type="published" when="2019">2020. 2019</date>
			<biblScope unit="page" from="540" to="551" />
		</imprint>
	</monogr>
	<note>Neural text summarization: A critical evaluation</note>
	<note type="raw_reference">Neema Kotonya and Francesca Toni. 2020. Explain- able automated fact-checking for public health claims. Wojciech Kryscinski, Nitish Shirish Keskar, Bryan Mc- Cann, Caiming Xiong, and Richard Socher. 2019. Neu- ral text summarization: A critical evaluation. In Pro- ceedings of the 2019 Conference on Empirical Methods in Natural Language Processing and the 9th Interna- tional Joint Conference on Natural Language Process- ing (EMNLP-IJCNLP), pages 540-551, Hong Kong, China. Association for Computational Linguistics.</note>
</biblStruct>

<biblStruct xml:id="b6">
	<analytic>
		<title level="a" type="main">Evaluating the factual consistency of abstractive text summarization</title>
		<author>
			<persName><forename type="first">Wojciech</forename><surname>Kryscinski</surname></persName>
		</author>
		<author>
			<persName><forename type="first">Bryan</forename><surname>Mccann</surname></persName>
		</author>
		<author>
			<persName><forename type="first">Caiming</forename><surname>Xiong</surname></persName>
		</author>
		<author>
			<persName><forename type="first">Richard</forename><surname>Socher</surname></persName>
		</author>
		<idno type="DOI">10.18653/v1/2020.emnlp-main.750</idno>
	</analytic>
	<monogr>
		<title level="m">Proceedings of the 2020 Conference on Empirical Methods in Natural Language Processing (EMNLP)</title>
				<meeting>the 2020 Conference on Empirical Methods in Natural Language Processing (EMNLP)<address><addrLine>Barcelona, Spain</addrLine></address></meeting>
		<imprint>
			<publisher>Association for Computational Linguistics</publisher>
			<date type="published" when="2004">2020. 2004</date>
			<biblScope unit="page" from="74" to="81" />
		</imprint>
	</monogr>
	<note>Text Summarization Branches Out</note>
	<note type="raw_reference">Wojciech Kryscinski, Bryan McCann, Caiming Xiong, and Richard Socher. 2020. Evaluating the factual con- sistency of abstractive text summarization. In Proceed- ings of the 2020 Conference on Empirical Methods in Natural Language Processing (EMNLP), pages 9332- 9346, Online. Association for Computational Linguis- tics. Chin-Yew Lin. 2004. ROUGE: A package for auto- matic evaluation of summaries. In Text Summarization Branches Out, pages 74-81, Barcelona, Spain. Associ- ation for Computational Linguistics.</note>
</biblStruct>

<biblStruct xml:id="b7">
	<analytic>
		<title level="a" type="main">What Makes Writing Great? First Experiments on Article Quality Prediction in the</title>
		<author>
			<persName><forename type="first">Annie</forename><surname>Louis</surname></persName>
		</author>
		<author>
			<persName><forename type="first">Ani</forename><surname>Nenkova</surname></persName>
		</author>
		<idno type="DOI">10.1162/tacl_a_00232</idno>
	</analytic>
	<monogr>
		<title level="j">Science Journalism Domain. Transactions of the Association for Computational Linguistics</title>
		<imprint>
			<biblScope unit="volume">1</biblScope>
			<biblScope unit="page" from="341" to="352" />
			<date type="published" when="2013">2013</date>
		</imprint>
	</monogr>
	<note type="raw_reference">Annie Louis and Ani Nenkova. 2013. What Makes Writing Great? First Experiments on Article Quality Prediction in the Science Journalism Domain. Transac- tions of the Association for Computational Linguistics, 1:341-352.</note>
</biblStruct>

<biblStruct xml:id="b8">
	<monogr>
		<title level="m" type="main">Summarization evaluation: An overview</title>
		<author>
			<persName><forename type="first">Inderjeet</forename><surname>Mani</surname></persName>
		</author>
		<imprint>
			<date type="published" when="2002">2002</date>
		</imprint>
	</monogr>
	<note type="raw_reference">Inderjeet Mani. 2002. Summarization evaluation: An overview.</note>
</biblStruct>

<biblStruct xml:id="b9">
	<analytic>
		<title level="a" type="main">Bleu: a method for automatic evaluation of machine translation</title>
		<author>
			<persName><forename type="first">Kishore</forename><surname>Papineni</surname></persName>
		</author>
		<author>
			<persName><forename type="first">Salim</forename><surname>Roukos</surname></persName>
		</author>
		<author>
			<persName><forename type="first">Todd</forename><surname>Ward</surname></persName>
		</author>
		<author>
			<persName><forename type="first">Wei-Jing</forename><surname>Zhu</surname></persName>
		</author>
		<idno type="DOI">10.3115/1073083.1073135</idno>
	</analytic>
	<monogr>
		<title level="m">Proceedings of the 40th Annual Meeting of the Association for Computational Linguistics</title>
				<meeting>the 40th Annual Meeting of the Association for Computational Linguistics<address><addrLine>Philadelphia</addrLine></address></meeting>
		<imprint>
			<publisher>Pennsylvania, USA. Association for Computational Linguistics</publisher>
			<date type="published" when="2002">2002</date>
			<biblScope unit="page" from="311" to="318" />
		</imprint>
	</monogr>
	<note type="raw_reference">Kishore Papineni, Salim Roukos, Todd Ward, and Wei- Jing Zhu. 2002. Bleu: a method for automatic evalua- tion of machine translation. In Proceedings of the 40th Annual Meeting of the Association for Computational Linguistics, pages 311-318, Philadelphia, Pennsylva- nia, USA. Association for Computational Linguistics.</note>
</biblStruct>

<biblStruct xml:id="b10">
	<analytic>
		<title level="a" type="main">Know what you don&apos;t know: Unanswerable questions for SQuAD</title>
		<author>
			<persName><forename type="first">Pranav</forename><surname>Rajpurkar</surname></persName>
		</author>
		<author>
			<persName><forename type="first">Robin</forename><surname>Jia</surname></persName>
		</author>
		<author>
			<persName><forename type="first">Percy</forename><surname>Liang</surname></persName>
		</author>
		<idno type="DOI">10.18653/v1/P18-2124</idno>
	</analytic>
	<monogr>
		<title level="m">Proceedings of the 56th Annual Meeting of the Association for Computational Linguistics</title>
				<meeting>the 56th Annual Meeting of the Association for Computational Linguistics<address><addrLine>Melbourne, Australia</addrLine></address></meeting>
		<imprint>
			<publisher>Association for Computational Linguistics</publisher>
			<date type="published" when="2018">2018</date>
			<biblScope unit="volume">2</biblScope>
			<biblScope unit="page" from="784" to="789" />
		</imprint>
	</monogr>
	<note>Short Papers)</note>
	<note type="raw_reference">Pranav Rajpurkar, Robin Jia, and Percy Liang. 2018. Know what you don&apos;t know: Unanswerable questions for SQuAD. In Proceedings of the 56th Annual Meet- ing of the Association for Computational Linguistics (Volume 2: Short Papers), pages 784-789, Melbourne, Australia. Association for Computational Linguistics.</note>
</biblStruct>

<biblStruct xml:id="b11">
	<analytic>
		<title level="a" type="main">Online health information seeking among us adults: Measuring progress toward a healthy people 2020 objective</title>
		<author>
			<persName><forename type="first">Lila</forename><forename type="middle">J</forename><surname>Finney Rutten</surname></persName>
		</author>
		<author>
			<persName><forename type="first">Kelly</forename><forename type="middle">D</forename><surname>Blake</surname></persName>
		</author>
		<author>
			<persName><forename type="first">Alexandra</forename><forename type="middle">J</forename><surname>Greenberg-Worisek</surname></persName>
		</author>
		<author>
			<persName><forename type="first">Summer</forename><forename type="middle">V</forename><surname>Allen</surname></persName>
		</author>
		<author>
			<persName><forename type="first">Richard</forename><forename type="middle">P</forename><surname>Moser</surname></persName>
		</author>
		<author>
			<persName><forename type="first">Bradford</forename><forename type="middle">W</forename><surname>Hesse</surname></persName>
		</author>
		<idno type="DOI">10.1177/0033354919874074</idno>
		<idno type="PMID">31513756</idno>
	</analytic>
	<monogr>
		<title level="j">Public Health Reports</title>
		<imprint>
			<biblScope unit="volume">134</biblScope>
			<biblScope unit="issue">6</biblScope>
			<biblScope unit="page" from="617" to="625" />
			<date type="published" when="2019">2019</date>
		</imprint>
	</monogr>
	<note type="raw_reference">Lila J. Finney Rutten, Kelly D. Blake, Alexandra J. Greenberg-Worisek, Summer V. Allen, Richard P. Moser, and Bradford W. Hesse. 2019. Online health information seeking among us adults: Mea- suring progress toward a healthy people 2020 objec- tive. Public Health Reports, 134(6):617-625. PMID: 31513756.</note>
</biblStruct>

				</listBibl>
			</div>
		</back>
	</text>
</TEI>
