<?xml version="1.0" encoding="UTF-8"?>
<TEI xml:space="preserve" xmlns="http://www.tei-c.org/ns/1.0" 
xmlns:xsi="http://www.w3.org/2001/XMLSchema-instance" 
xsi:schemaLocation="http://www.tei-c.org/ns/1.0 https://raw.githubusercontent.com/kermitt2/grobid/master/grobid-home/schemas/xsd/Grobid.xsd"
 xmlns:xlink="http://www.w3.org/1999/xlink">
	<teiHeader xml:lang="en">
		<fileDesc>
			<titleStmt>
				<title level="a" type="main">End-to-End Segmentation-based News Summarization</title>
			</titleStmt>
			<publicationStmt>
				<publisher/>
				<availability status="unknown"><licence/></availability>
			</publicationStmt>
			<sourceDesc>
				<biblStruct>
					<analytic>
						<author>
							<persName><forename type="first">Yang</forename><surname>Liu</surname></persName>
							<affiliation key="aff0">
								<orgName type="institution">Microsoft Cognitive Services Research</orgName>
							</affiliation>
						</author>
						<author>
							<persName><forename type="first">Chenguang</forename><surname>Zhu</surname></persName>
							<email>chezhu@microsoft.com</email>
							<affiliation key="aff0">
								<orgName type="institution">Microsoft Cognitive Services Research</orgName>
							</affiliation>
						</author>
						<author>
							<persName><forename type="first">Michael</forename><surname>Zeng</surname></persName>
							<email>nzeng@microsoft.com</email>
							<affiliation key="aff0">
								<orgName type="institution">Microsoft Cognitive Services Research</orgName>
							</affiliation>
						</author>
						<title level="a" type="main">End-to-End Segmentation-based News Summarization</title>
					</analytic>
					<monogr>
						<imprint>
							<date/>
						</imprint>
					</monogr>
					<idno type="MD5">0C8CFE95D7F3393B8D15B400530A361C</idno>
				</biblStruct>
			</sourceDesc>
		</fileDesc>
		<encodingDesc>
			<appInfo>
				<application version="0.7.3-SNAPSHOT" ident="GROBID" when="2023-01-12T09:25+0000">
					<desc>GROBID - A machine learning software for extracting information from scholarly documents</desc>
					<ref target="https://github.com/kermitt2/grobid"/>
				</application>
			</appInfo>
		</encodingDesc>
		<profileDesc>
			<abstract>
<div xmlns="http://www.tei-c.org/ns/1.0"><p>In this paper, we bring a new way of digesting news content by introducing the task of segmenting a news article into multiple sections and generating the corresponding summary to each section. We make two contributions towards this new task. First, we create and make available a dataset, SEGNEWS, consisting of 27k news articles with sections and aligned heading-style section summaries. Second, we propose a novel segmentation-based language generation model adapted from pretrained language models that can jointly segment a document and produce the summary for each section. Experimental results on SEG-NEWS demonstrate that our model can outperform several state-of-the-art sequence-tosequence generation models for this new task.</p></div>
			</abstract>
		</profileDesc>
	</teiHeader>
	<text xml:lang="en">
		<body>
<div xmlns="http://www.tei-c.org/ns/1.0"><head n="1">Introduction</head><p>In recent years, automatic summarization has received extensive attention in the natural language processing community, due to its potential for processing redundant information. The evolution of neural network models and availability of largescale datasets have driven the rapid development of summarization systems.</p><p>Despite promising results, there are specific characteristics of the traditional summarization task that impedes it to provide more beneficial ways of digesting long news articles. For instance, current news summarization system only provides one genetic summary of the whole article, and when users want to read in more details, the generated summary is not capable of helping navigate the reading. For example, given a news report, current system will output several highlight summaries <ref type="bibr" target="#b24">(Nallapati et al., 2017;</ref><ref type="bibr">Liu and Lapata, 2019;</ref><ref type="bibr" target="#b39">Zhang et al., 2020)</ref>. Under this circumstance, if a user expect to read more details about one highlight, he will still need to browse the whole article to locate related paragraphs. Meanwhile, when processing a long news article, current systems usually truncate the text and only generate a summary based on the partial article <ref type="bibr" target="#b5">(Cheng and Lapata, 2016a;</ref><ref type="bibr" target="#b39">Zhang et al., 2020)</ref>. Although this is reasonable since most important content usually lies in the initial portion, it also makes it difficult for users to quickly access information beyond the truncated portion.</p><p>In this paper, we propose a new task of Segmentation-based News Summarization. Given a news article, we aim to identify its potential sections and at the same time, to generate the corresponding summary for each section. This new task provides a novel alternative to summarizing a news article. We argue that it can lead to a more organized way of understanding long articles and facilitates a more effective style of reading documents.</p><p>First, segmenting a news article can provide a structural organisation of the content, which is not only helpful to reading but also benefit many important NLP tasks. For example, <ref type="bibr" target="#b4">Brown et al. (1983)</ref> states that this kind of multi-paragraph division is one of the most fundamental tasks in discourse. However, many expository texts, like news articles, instruction manuals, or textbooks consist of long sequences of paragraphs with very little structural demarcation <ref type="bibr" target="#b12">(Hearst, 1994)</ref>, and for these documents a subtopical segmentation can be useful. Second, generating concise text descriptions of each sections further reduces the cognitive burden of reading the article <ref type="bibr" target="#b10">(Florax and Ploetzner, 2010)</ref>. Previous studies <ref type="bibr" target="#b28">(Paice, 1990;</ref><ref type="bibr" target="#b13">Hearst, 1997)</ref> present that subtopic segments with their headings is an effective alternative to traditional summarization tasks.</p><p>In this paper, we make two main contributions towards the development of Segmentation-based News Summarization systems. <ref type="foot" target="#foot_0">1</ref>First, we create and publicize a large-scale</p></div>
<div xmlns="http://www.tei-c.org/ns/1.0"><head>Man pleads not guilty to allegedly body-slamming Montana boy for not removing hat during National Anthem</head><p>(CNN)A man accused of assaulting a 13-year-old boy in Montana after the boy wouldn't remove his hat during the National Anthem at a rodeo pleaded not guilty Wednesday to a felony charge of assault on a minor. Curt James Brockway, wearing jeans and a short-sleeved plaid shirt, stood with his hands behind his back and looked intently at the judge during the short morning hearing at Mineral County Court in the town of Superior. Brockway was arrested on suspicion of assaulting the boy August 3 during a rodeo at the Mineral County Fairgrounds in Superior. Brockway told police the boy was wearing a hat as the National Anthem began, and he asked him to remove it because it was disrespectful to wear it during the anthem. Brockway was put on probation in 2011 --and given a suspended 10-year prison sentence --after being convicted of assault with a weapon.</p><p>In that case, a prosecutor alleged Brockway had taken out a gun and threatened to shoot three people during a traffic dispute on a narrow road in Mineral County in September 2010, according to court documents. Lance Jasper, Brockway's attorney, said last week that his client is a military verteran who has a severe traumatic brain injury and has problems with impulse control. Between that and being a disabled veteran who is "uber patriotic," Jasper said, Brockway is influenced by the rhetoric of President Donald Trump.</p><p>Referring to times the President has spoken out against athletes and others that kneel or protest during the National Anthem and when he suggested possible jail time or loss of citizenship for burning the American flag, Jasper said, "Curt takes that literally and views the President as the commander in chief and when he sees it happening, he feels he needs to do something about it."</p><p>The boy suffered a concussion and a fractured skull, court documents say benchmark, SEGNEWS, for Segmentation-based News Summarization task. Figure <ref type="figure">4</ref> shows one example article and its aligned segmentation and summaries from SEGNEWS.</p><p>Second, we propose a novel end-to-end approach for this task, which can jointly segment an article while generating the corresponding summaries. These two sub-tasks can learn from each other via a shared encoder. The model is equipped with a segmentation-aware attention mechanism, allowing it to capture segmentation information during summary generation. One important advantage of our framework is that it is a non-invasive adaptation of the Transformer <ref type="bibr" target="#b37">(Vaswani et al., 2017)</ref> model, i.e. it does not alter the inner structure of Transformers. And our framework can integrate many pretrained language generation models, including BART <ref type="bibr" target="#b19">(Lewis et al., 2020)</ref>, GPT <ref type="bibr" target="#b31">(Radford et al., 2019)</ref> and UNILM <ref type="bibr" target="#b1">(Bao et al., 2020)</ref>. This enables our framework to enjoy a high degree of flexibility and better performance.</p><p>We compare the proposed framework with several state-of-the-art methods on the SEGNEWS benchmark. Both automatic evaluation and human evaluation demonstrate the superiority of our model.</p></div>
<div xmlns="http://www.tei-c.org/ns/1.0"><head n="2">Related Work</head></div>
<div xmlns="http://www.tei-c.org/ns/1.0"><head n="2.1">Document Summarization</head><p>Document summarization is the task of automatically generating a shorter version text of one or multiple documents while retaining its most important information <ref type="bibr" target="#b30">(Radev et al., 2002)</ref>. The task has received much attention in the natural language processing community due to its potential for various information access applications. Most large-scale summarization datasets are built on news articles. Popular single-document summarization benchmarks include CNN/DM <ref type="bibr" target="#b14">(Hermann et al., 2015;</ref><ref type="bibr" target="#b25">Nallapati et al., 2016;</ref><ref type="bibr" target="#b5">Cheng and Lapata, 2016a)</ref>, NYT <ref type="bibr" target="#b9">(Durrett et al., 2016)</ref> and XSum <ref type="bibr" target="#b26">(Narayan et al., 2018)</ref>. Document summarization can be classified into different paradigms by different factors <ref type="bibr" target="#b27">(Nenkova and McKeown, 2011)</ref>. And among them, two have consistently attracted attention. extractive approaches form summaries by copying and concatenating the most important spans in a document; while in abstractive summarization, various text rewriting operations generate summaries using words or phrases that are not in the original text.</p><p>Recent approaches to extractive summarization frame the task as a sequence labeling problem by taking advantage of the success of neural network architectures <ref type="bibr" target="#b0">(Bahdanau et al., 2015)</ref>. The idea is to predict a label for each sentence specify-ing whether it should be included in the summary. Existing systems mostly rely on recurrent neural networks <ref type="bibr" target="#b16">(Hochreiter and Schmidhuber, 1997)</ref> or Transformer model <ref type="bibr" target="#b37">(Vaswani et al., 2017)</ref> to encode the document and obtain a vector representation for each sentence <ref type="bibr" target="#b24">(Nallapati et al., 2017;</ref><ref type="bibr" target="#b6">Cheng and Lapata, 2016b;</ref><ref type="bibr">Liu et al., 2019)</ref>.</p><p>In recent years, neural sequence-to-sequence approaches dominate abstractive summarization methods. <ref type="bibr" target="#b33">Rush et al. (2015)</ref> and <ref type="bibr" target="#b25">Nallapati et al. (2016)</ref> are among the first to apply the neural encoder-decoder architecture to text summarization. <ref type="bibr" target="#b35">See et al. (2017)</ref> enhance this model with a pointer-generator network and a coverage mechanism. Pretrained language models have recently emerged as a key technology for improving abstractive summarization systems. These models first pretrain a language model with self-supervised objectives on large corpora and then fine-tune it on summarization datasets. <ref type="bibr">Liu and Lapata (2019)</ref> combine a pretrained encoder based on BERT <ref type="bibr">(Devlin et al.)</ref> with a randomly initialized decoder, demonstrating substantial gains on summarization performance. MASS <ref type="bibr" target="#b36">(Song et al., 2019)</ref> is an encoder-decoder neural model pretrained with the objective of reconstructing a masked text and can be fine-tuned on summarization tasks. BART <ref type="bibr" target="#b19">(Lewis et al., 2020)</ref> is an encoder-decoder Transformer <ref type="bibr" target="#b37">(Vaswani et al., 2017)</ref> pretrained by reconstructing a text corrupted with several arbitrary noising functions. <ref type="bibr" target="#b1">Bao et al. (2020)</ref> design UNILMv2, a Transformer-based neural network pretrained as a pseudo-masked language model.</p></div>
<div xmlns="http://www.tei-c.org/ns/1.0"><head n="2.2">Text Segmentation and Outline Generation</head><p>Text segmentation has been widely used in the fields of natural language processing and information extraction. Existing methods for text segmentation fall into two categories: unsupervised and supervised. TextTiling <ref type="bibr" target="#b13">(Hearst, 1997)</ref> is one of the first unsupervised topic segmentation algorithms. It segments texts in linear time by calculating the similarity between two blocks of words based on the cosine similarity. <ref type="bibr" target="#b7">Choi (2000)</ref> introduce a statistical model which can calculate the maximum-probability segmentation of a given text. The TopicTiling <ref type="bibr" target="#b32">(Riedl and Biemann, 2012)</ref> algorithm is based on TextTiling, which uses the Latent Dirichlet Allocation to find topical changes within documents. LCSeg <ref type="bibr" target="#b11">(Galley et al., 2003)</ref> computes lexical chains of documents and segments texts by a score which captures the sharpness of the change in lexical cohesion. Supervised methods have also been proposed for text segmentation. <ref type="bibr" target="#b17">Hsueh et al. (2006)</ref> integrate lexical and conversation-based features for topic and sub-topic segmentation. <ref type="bibr" target="#b15">Hernault et al. (2010)</ref> use CRF to train a discourse segmenter with a set of lexical and syntactic features. <ref type="bibr" target="#b20">Li et al. (2018)</ref> propose SEGBOT which uses a neural network model with a bidirectional recurrent neural network together with a pointer network to select text boundaries in the input sequence.</p><p>Recently, <ref type="bibr" target="#b40">Zhang et al. (2019)</ref> propose Outline Generation task, aiming to identify potential sections of a multi-paragraph document and generate the corresponding section headings as outlines. This task is in form similar to segmentation-based summarization. However, there are two main differences. First, outline generation focused on academic or encyclopaedic documents, where the section headings are extremely short (on average less than two words) and cannot be considered as a summarization task. Second, since outlines care more about briefly describing their corresponding sections, headings in outlines are independently from each other. In segmentation-based summarization, despite describing the sections, heading-style summaries also devote to navigating the reading, and they are usually related and coherent in content.</p><p>3 The SEGNEWS Benchmark</p></div>
<div xmlns="http://www.tei-c.org/ns/1.0"><head n="3.1">Data Collection</head><p>In order to study and evaluate the Segmentationbased News Summarization task, we build a new benchmark dataset SEGNEWS. We take CNN website as our article source. As shown in Figure <ref type="figure">1</ref>, there are a large part of CNN articles which are divided by editors into several sub-topic sections (see Appendix for details). And each section is assigned a heading-style summary also written by these editors. We collect articles published from 2017 to 2021, covering multiple CNN news channels, including US Politics, Business, Health, Entertainment, Travel and Sports. We filter articles with no sub-topic structures or editor written heading-style summaries. Since the first segment is usually an overview of the news, editors do not assign a summary to it.  has a human-written heading-style summary.</p></div>
<div xmlns="http://www.tei-c.org/ns/1.0"><head n="3.2">Data Statistics</head><p>Table <ref type="table" target="#tab_1">1</ref> shows the overall statistics of our SEG-NEWS benchmark dataset. We can see that the news articles in SEGNEWS contain rich structural information and are much longer (1,362 tokens per article) than traditional news summarization datasets: articles in CNN/DM <ref type="bibr" target="#b6">(Cheng and Lapata, 2016b)</ref> dataset has an average length of 686.63 tokens and articles in NYT <ref type="bibr" target="#b34">(Sandhaus, 2008)</ref> dataset has an average length of 800.04 tokens. This is in line with our motivation that segmentation-based summarization can help readers better understand longer articles. It has been found that in many news articles, the most important information is often shown at the beginning <ref type="bibr" target="#b18">(Kedzie et al., 2018)</ref>. We compare SEG-NEWS with CNN summarization dataset <ref type="bibr" target="#b6">(Cheng and Lapata, 2016b)</ref> to investigate the difference of their positional bias. In Figure <ref type="figure" target="#fig_0">2</ref>, we record the position of each non-stop word in the summary that also appears in the article. For both datasets, he beginning of article contains more summary words. However, different from conventional summarization dataset, SEGNEWS dataset has a much smoother position distribution and information in the middle of the article still contributes a lot to the summary.</p></div>
<div xmlns="http://www.tei-c.org/ns/1.0"><head n="4">Task Formulation</head><p>Given a multi-paragraph article, the segmentationbased summarization task aims to: i) identify sections of the article to unveil its inherent sub-topic structure, where each section consists of neighboring paragraphs with a coherent topic, and ii) generate the heading-style summary for each section to concisely summarize the section. Particularly, in one article, summaries of different sections should be coherent in content and consistent in style.</p><p>Formally, let d indicate a document consisting of paragraphs [p 1 , p 2 , ..., p M ].</p><p>The segmentation-based summarization task aims to recognize a sequence of section boundaries</p><formula xml:id="formula_0">[b 1 , b 2 , • • • , b N −1 ]. These boundaries di- vide the document into N sections s 1 = [p 1 , ..., p b 1 ], s 2 = [p b 1 +1 , ..., p b 2 ], • • • , s N = [p b N −1 +1 , ..., p M ].</formula><p>Meanwhile, summarization systems will generate the corresponding section summaries [y 1 , y 2 , ..., y N ].</p></div>
<div xmlns="http://www.tei-c.org/ns/1.0"><head n="5">Systems for Segmentation-based News Summarization</head><p>In this section, we present two different frameworks to tackle the segmentation-based summarization task. In Pipeline approach, we first apply a segmentation model to identify potential sections, and then apply a generation model to produce the headings. In Joint approach, one neural model is able to jointly segment an article and produce the summaries. To achieve this, we design a novel segmentation-aware attention mechanism, which allows the model to capture segmentation information when generating summaries. This new attention mechanism can also be considered as a non-invasive adaption for conventional Transformer models. Thus, to take the most advantage of existing pre-trained models, we propose SEGU-NILM and SEGBART which are respectively based on pre-trained UNILM model and BART model. They can be initialized completely from pre-trained models and achieve substantial improvement on segmentation-based summarization.</p></div>
<div xmlns="http://www.tei-c.org/ns/1.0"><head n="5.1">Pipeline Approach</head><p>Segmentation model We formulate the section identification process as a sequence labeling task. We insert a special symbol as the output vector of [X_SEP] after paragraph p i . We then apply a binary classifier over u i to obtain y i ∈ {0, 1}. y i = 0 indicates paragraph p i and p i+1 are in one segmentation, and y i = 1 indicates p i+1 should be the start of a new segment.</p></div>
<div xmlns="http://www.tei-c.org/ns/1.0"><head>Generation model</head><p>We then generate an aligned heading-style summary for each identified section s j . The generation of each heading is independent.</p><p>Here, we can choose existing extractive or abstractive summarization methods.</p><p>• TOPICRANK <ref type="bibr" target="#b3">(Bougouin et al., 2013</ref>) is an extractive method for keyphrase extraction which represents a document as a complete graph depending on topical representations. We use the top ranked phrase as the summary for input section;</p><p>• SEQ2SEQ represents the sequence-tosequence neural model, which is usually used in abstractive summarization. It first encodes the concatenated text of all paragraphs within this section, and the decodes the heading in an auto-regressive manner. In experiments, we try both non-pretrained Transformer model and pretrained UNILM and BART models as SEQ2SEQ models.</p></div>
<div xmlns="http://www.tei-c.org/ns/1.0"><head n="5.2">Joint Approach</head><p>Instead of relying on a pipeline framework, we can also tackle the segmentation-based summarization task with a single encoder-decoder neural model. This brings two main advantages. First, the encoders for segmentation and generation can be shared, benefiting both tasks as a multi-task learner. Second, we can decode all summaries in an autoregressive manner. In this way, when the decoder generates the l-th heading, it will be exposed to the 1st to (l − 1)-th generated headings. This is considerately helpful since in a news article, many headings are highly related and coherent in their content.</p><p>We use Transformer <ref type="bibr" target="#b37">(Vaswani et al., 2017)</ref> as base model for the encoder and decoder. Formally, the encoder maps a sequence of tokens in the source document x = [x 1 , ..., x n ] into a sequence of continuous representations t = [t 1 , ..., t n ]. Then a segment classifier is applied over output vectors of paragraph boundaries to identify correct segments</p><formula xml:id="formula_1">B = [b 1 , b 2 , • • • , b N −1 ]</formula><p>for the input article. The decoder then generates the tokens of target text y = (y 1 , ..., y m ) auto-regressively based on the conditional probability: p(y 1 , ..., y m |x 1 , ..., x n , B). As the decoder produces summaries for all sections in one pass, we add a special symbol [Y_SEP] between summaries from neighboring sections to indicate their boundaries. However, in this vanilla sequence-to-sequence model, during inference, the decoder is not aware of the segmentation results and can only implicitly use this information when decoding the summaries. Thus, to better jointly learn segmentation and generation tasks, we propose SEGTRANS model, which is equipped with Segmentation-aware Attention mechanism.</p><p>Segmentation-aware attention The multi-head decoder-to-encoder attention in a Transformer decoder defines that for a head z ∈ {1, • • • , n head } at each layer, the model calculates attention probabilities a z ij against each source token x j when generating the i-th token y i .</p><formula xml:id="formula_2">q z i = W z q Y i ; k z j = W z k X j ,<label>(1)</label></formula><formula xml:id="formula_3">a z ij = exp(q z i T k z j ) n o=1 exp(q z i T k z o ) ,<label>(2)</label></formula><p>where Y i , X j ∈ R d are the layer's input vectors corresponding to the token y i and x j , respectively. W z q , W z k ∈ R d head * d are learnable weights. n is the number of tokens in source input.</p><p>However, in segmentation-based summarization, when generating the heading for the i-th section, the decoder should focus more on the input tokens belonging to that section. Thus, we propose the segmentation-aware attention as follows.</p><p>We select a subset ẑ of decoder heads to apply a segmentation mask to enforce that these heads only attend to the corresponding section. For a head in ẑ, Eq. 2 is modified to:</p><formula xml:id="formula_4">a z ij = exp(q z i T k z j )seg(y i , x j ) n o=1 exp(q z i T k z o )seg(y i , x j ) (3)</formula><p>where seg(y i , x j ) is a indicator function. It equals 1 if and only if y i and x j both belong to the same section, and 0 otherwise. In this manner, parts of the heads in multi-head attention are able to dynamically capture segmentation information, while the other heads still model global features of the entire input article. We illustrate a detailed example of our framework with segmentation-aware attention in Figure <ref type="figure">3</ref>. We first encode the source text, and apply a segmentation classification layer over output vectors of paragraph boundaries. For this example input, the model classifies the first and the third paragraph boundaries to be segmentation points. Then the decoder will apply a segmentation-aware multi-head attention over the source outputs. It generates the summary for the first identified section with parts of the attention heads over only the first and the second paragraphs. After generating the first heading ending symbol [Y_SEP], the decoder changes the segmentation-aware attention to the third paragraph for generating the summary for the second section.</p><p>The final loss for training SEGTRANS is the summation of the segmentation loss (binary classification loss) L seg and generation loss (negative likelihood loss) L gen .</p><p>One advantage of our framework is that it is a non-invasive adaptation of the Transformer model, i.e. it does not alter the inner structure of Transformers. This is important since this adaptation can be applied to many popular pretrained language generation models (e.g. MASS, BART and UNILM), offering our framework a high degree of flexibility and better performance. In this paper, we also augment pre-trained UNILM and BART with this mechanism and propose SEGUNILM and SEGBART to further boost their performance.</p></div>
<div xmlns="http://www.tei-c.org/ns/1.0"><head n="6">Experiments</head><p>In this section, we conduct experiments on SEG-NEWS dataset by comparing our proposed model with several strong baselines.</p></div>
<div xmlns="http://www.tei-c.org/ns/1.0"><head n="6.1">Experimental Settings</head><p>In pre-processing, all the words in news articles and headings are transformed to lower case and to-kenized with wordpiece tokenizer from BERT <ref type="bibr">(Devlin et al.)</ref>. In data splitting, we guarantee the headings of articles in the test set have low bigram overlap with articles in the training set. We obtain a splitting of 21,748 articles in training set, 2,688 in validation set and 2,444 in test set.</p><p>We experiment under both non-pretrained and pretrained settings. In non-pretrained setting, we use a 6-layer Transformer encoder-decoder model (SEGTRANS) with 512 hidden size and 2,048 feedforward size. In pretrained setting, we propose SE-GUNILM and SEGBART which adopts the base version of UNILMv2 <ref type="bibr" target="#b1">(Bao et al., 2020)</ref> and the large version of BART <ref type="bibr" target="#b19">(Lewis et al., 2020)</ref> as the pretrained model. UNILMv2 is a Transformer-based neural network with 12 Transformer layers and 12 attention heads, pretrained as a pseudo-masked language model. BART is a Transformer-based neural encode-decoder model with 12 layers and 16 attention heads, pretrained via a denoising auto-encoder loss. Label smoothing is used with smoothing factor 0.1. For segmentation-aware attention, we choose the best c (number of segmentation-aware heads) by experiments on the validation set, and c = 9 for SEGUNILM and c = 13 for SEGBART provide the best performance.</p><p>During all decoding we use beam search (size 5), and tune α for the length penalty <ref type="bibr" target="#b38">(Wu et al., 2016)</ref> between 0.6 and 1 on the validation set. To guarantee the number of generated headings can match the number of predicted source segments, we take a trick of only generating the end-of-generation token (EOS) when these two numbers match.</p><p>We compare the proposed joint models with two sets of strong baselines. The first set of baselines are vanilla sequence-to-sequence models. These models take complete raw articles as input and output the concatenated headings. The second set are pipeline models. As described, these systems first use a segmentor to divide the article into several sections, and then apply a generator to produce summary for each section.</p><p>In segmentation-based summarization, summarization systems require segmentation results. We set two settings of segmentation. For the first setting, we provide golden segments to the models to evaluate their performance of generating the summaries when given the correct segments. For the second setting, we require the models to first segment the article and then generate summaries for the predicted segments. Table <ref type="table">3</ref>: Ablation study results on SEGNEWS. We compare multiple variants of SEGUNILM. c indicates the number of decoder heads modified into segmentationaware attention. Be default, SEGUNILM uses c = 9 to achieve the best performance. We also present a SEGU-NILM model without (w/o) segmentation classification loss, and it is trained solely by generation loss.</p></div>
<div xmlns="http://www.tei-c.org/ns/1.0"><head n="6.2">Evaluation Metrics</head><p>Evaluation metrics for summarization performance are ROUGE <ref type="bibr" target="#b21">(Lin, 2004)</ref> F1 scores of the generated headings against the gold headings. We report unigram and bigram overlap (ROUGE-1 and ROUGE-2) as a means of assessing informativeness and the longest common subsequence (ROUGE-L) as a means of assessing fluency.</p><p>We use standard metrics Pk <ref type="bibr" target="#b2">(Beeferman et al., 1999)</ref> and WinDiff <ref type="bibr" target="#b29">(Pevzner and Hearst, 2002)</ref> to evaluate segmentation results. Lower scores of these two metrics indicate that the predicted segmentation is closer to the ground truth. A EVEN baseline is included for comparison where it segments the whole article evenly.</p></div>
<div xmlns="http://www.tei-c.org/ns/1.0"><head n="6.3">Results</head><p>Table 2 describes our summarization results on the SEGNEWS dataset. The first vertical block includes the results of vanilla sequence-to-sequence models. TRANS is the non-pretrained Transformer encoder-decoder model. UNILM and BART are two pretrained baseline models. The second vertical block contains the results of pipeline models. We present the combinations of different segmentation models and generation models. For segmentor, we experiment non-pretrained Transformer model and pretrained BART and UNILM models. For generator, we also include TOPICRANK, which is a classical extractive summarization method.</p><p>The last vertical block includes the results of our joint models: SEGTRANS, SEGBART and SEGU-NILM. They respectively rely on non-pretrained Transformer and pretrained BART and UNILM as backbone models. Segmentation-aware attention mechanism is used to augment these jointly trained systems.</p><p>We can see vanilla sequence-to-sequence models with no segmentation information input perform poorly on this task. End-to-end SEGUNILM model achieves the best performance among all systems. SEGUNILM outperforms the best pipeline system under both settings when gold segments or predicted segments are provided. This indicates SE-GUNILM has better overall performance and will be more useful when applied as practical applications. It also shows higher summarization results than vanilla UNILM model, confirming the effectiveness of segmentation-aware attention mechanism. SEGBART and SEGTRANS also show similar superiority over their pipeline versions. Examples of system output are shown in Table <ref type="table" target="#tab_5">4</ref>.</p><p>Table <ref type="table">3</ref> summarizes ablation studies aiming to assess the contribution of individual components of SEGUNILM. We first modify SEGUNILM by varying c, the number of heads of segmentation-aware attention. We can see the best results of ROUGE    are achieved when c = 9. With more or less heads modified as segmentation-aware attention heads, the summarization performance show a clear trend of decreasing. Also, as shown in the last column, when segmentation layer and segmentation loss are removed, we observe a sharp decrease on ROUGE scores. The results prove that both segmentationaware attention and joint training provide improvement to the summarization results.</p><p>Table <ref type="table" target="#tab_6">5</ref> describes the results on news segmentation task. SEGUNILM achieves the lowest WD and PK scores, revealing its ability to identify the structure of a news article. Compared with UNILM model without the segmentation-aware attention, SEGUNILM shows clear superiority on both metrics. The same trend is also observed in BART related models.</p></div>
<div xmlns="http://www.tei-c.org/ns/1.0"><head n="6.4">Human Evaluation</head><p>In addition to automatic evaluation, we also assess system performance by eliciting human judgments on 20 randomly selected test instances. The evaluation study assess the overall quality and fluency of the summaries by asking participants to rate them. We present the news article to evaluators along with system generated heading-style summaries, and we ask evaluators to read the complete article, and give scores based on summary quality and fluency respectively. Participants can have three scores (1-low quality/fluency, 2-median quality/fluency, 3-high quality/fluency).</p><p>Gold summaries, outputs from pipeline UNILM and SEGUNILM models are compared in evaluation. We invite three evaluators with linguist background to conduct the human evaluation. The averaged results are shown in Table <ref type="table" target="#tab_5">4</ref>. Overall, we observe pipeline UNILM and SEGUNILM perform similarly on fluency, but SEGUNILM shows its superiority on summary quality. Gold summaries are marginally better than automatic generated summaries.</p></div>
<div xmlns="http://www.tei-c.org/ns/1.0"><head n="7">Conclusion</head><p>In this work, we proposed a new task, segmentationbased news summarization. It aims to segment a news article into multiple sections and generate the corresponding summary to each section. This new task provides a novel alternative to digesting a news article. We built a new benchmark dataset SEGNEWS to study and evaluate the task. Furthermore, we designed a segmentation-aware attention mechanism, which allows neural decoder to capture segmentation information in the source texts. We jointly train the model for generating summaries and recognizing news segments. Experimental results on SEGNEWS demonstrate that our framework produces better segmentation-based summaries than competitive systems.</p></div>
<div xmlns="http://www.tei-c.org/ns/1.0"><head n="8">Ethical Statement</head><p>We honor and support the ACL Code of Ethics. We have used only the publicly available news articles from the CNN website and adhere to their only-forresearch-purpose guideline. Meanwhile, to make sure the downstream usage of the data will not break the permission of CNN website, we only release the URLs of these articles along with a script to download and process them.</p><p>The content of the news and summaries only reflect the views of the media, and should be viewed with discretion.</p></div><figure xmlns="http://www.tei-c.org/ns/1.0" xml:id="fig_0"><head>Figure 2 :</head><label>2</label><figDesc>Figure 2: The frequency of the non-stop words in summary appearing at different positions of the source article. The positions range from [0, 1024].</figDesc><graphic coords="4,77.33,168.26,205.34,122.46" type="bitmap" /></figure>
<figure xmlns="http://www.tei-c.org/ns/1.0"><head></head><label></label><figDesc></figDesc><graphic coords="11,313.23,70.84,204.11,380.22" type="bitmap" /></figure>
<figure xmlns="http://www.tei-c.org/ns/1.0" type="table" xml:id="tab_0"><head></head><label></label><figDesc>One example from the segmentation-based summarization task SEGNEWS. The news article is taken from a CNN news article and we truncate the article for display. CNN editors have divided this article into several sections and written a heading to section. The goal of this task is to automatically identify sub-topic segments of multiple paragraphs, and generate the heading-style summary for each segment. Dotted lines in the figure indicate segment boundaries. In this article, paragraphs 1,2 are annotated as the first segment, paragraphs 3,4 are annotated as the second segment, paragraphs 5,6 are annotated as the third segment, and paragraphs 7,8 are annotated as the forth segment. To the right of the article are the heading-style summaries for segments. Since the first segment is usually an overview of the news, we do not assign a summary to it.</figDesc><table><row><cell>Probation relates to 2011 assault</cell></row><row><cell>conviction</cell></row><row><cell>What his attorney says about the</cell></row><row><cell>rodeo incident</cell></row><row><cell>Figure 1:</cell></row></table></figure>
<figure xmlns="http://www.tei-c.org/ns/1.0" type="table" xml:id="tab_1"><head>Table 1 :</head><label>1</label><figDesc>The resulting dataset contains 26,876 news articles. For each article, it has human annotated segmentation structures and each segment Data statistics of the SEGNEWS dataset.</figDesc><table><row><cell># news articles</cell><cell>26,876</cell></row><row><cell># paragraphs</cell><cell>40.31</cell></row><row><cell># sections per article</cell><cell>3.17</cell></row><row><cell># tokens per article</cell><cell>1362.24</cell></row><row><cell># tokens per section summary</cell><cell>4.70</cell></row></table></figure>
<figure xmlns="http://www.tei-c.org/ns/1.0" type="table" xml:id="tab_3"><head>Table 2 :</head><label>2</label><figDesc>ROUGE F1 results on SEGNEWS test set. R1 and R2 are shorthands for ROUGE scores of unigram and bigram overlap; RL is the ROUGE score of longest common subsequence. In pipeline approach, we try combinations of different segmentators and generators. Due to their failure on segmentation, non-pretraind models have very low ROUGE scores with predicted segments, and we do not compare them in the table.</figDesc><table><row><cell></cell><cell cols="2">Vanilla Seq2Seq</cell><cell></cell><cell>R1</cell><cell></cell><cell>R2</cell><cell></cell><cell>RL</cell></row><row><cell></cell><cell cols="2">TRANS</cell><cell></cell><cell>8.66</cell><cell></cell><cell cols="2">1.51</cell><cell>8.16</cell></row><row><cell></cell><cell cols="2">UNILM</cell><cell></cell><cell cols="2">19.22</cell><cell cols="2">7.18</cell><cell>16.99</cell></row><row><cell></cell><cell cols="2">Pipeline</cell><cell></cell><cell cols="3">With Gold Segments</cell><cell cols="2">With Predicted Segments</cell></row><row><cell></cell><cell>Segmentor</cell><cell cols="2">Generator</cell><cell>R1</cell><cell>R2</cell><cell>RL</cell><cell>R1</cell><cell>R2</cell><cell>RL</cell></row><row><cell></cell><cell cols="3">Transformer Transformer</cell><cell>8.69</cell><cell>1.83</cell><cell>9.09</cell><cell>-</cell><cell>-</cell><cell>-</cell></row><row><cell></cell><cell>Transformer</cell><cell cols="2">TopicRank</cell><cell>5.09</cell><cell>1.14</cell><cell>6.28</cell><cell>-</cell><cell>-</cell><cell>-</cell></row><row><cell></cell><cell>BART</cell><cell>BART</cell><cell></cell><cell cols="5">21.42 7.76 19.28 16.01 5.27</cell><cell>14.37</cell></row><row><cell></cell><cell>UNILM</cell><cell cols="2">UNILM</cell><cell cols="5">21.76 8.22 19.75 16.27 5.45</cell><cell>14.65</cell></row><row><cell></cell><cell cols="2">Joint</cell><cell></cell><cell>R1</cell><cell>R2</cell><cell>RL</cell><cell>R1</cell><cell>R2</cell><cell>RL</cell></row><row><cell></cell><cell cols="2">SEGTRANS</cell><cell></cell><cell>8.94</cell><cell>1.85</cell><cell>9.35</cell><cell>-</cell><cell>-</cell><cell>-</cell></row><row><cell></cell><cell cols="2">SEGBART</cell><cell></cell><cell cols="5">21.49 8.29 19.52 16.36 5.14</cell><cell>14.96</cell></row><row><cell></cell><cell cols="2">SEGUNILM</cell><cell></cell><cell cols="5">22.17 8.86 20.17 17.59 6.20</cell><cell>15.90</cell></row><row><cell>Models</cell><cell>R1</cell><cell>R2</cell><cell>RL</cell><cell></cell><cell></cell><cell></cell><cell></cell></row><row><cell>SEGUNILM</cell><cell cols="3">22.17 8.86 20.17</cell><cell></cell><cell></cell><cell></cell><cell></cell></row><row><cell>(c=12)</cell><cell cols="3">22.14 8.81 20.09</cell><cell></cell><cell></cell><cell></cell><cell></cell></row><row><cell>(c=8)</cell><cell cols="3">22.13 8.84 20.10</cell><cell></cell><cell></cell><cell></cell><cell></cell></row><row><cell>(c=4)</cell><cell cols="3">21.39 7.99 19.23</cell><cell></cell><cell></cell><cell></cell><cell></cell></row><row><cell>(c=0)</cell><cell cols="3">19.85 7.74 17.62</cell><cell></cell><cell></cell><cell></cell><cell></cell></row><row><cell cols="4">(w/o seg loss) 22.06 8.66 20.02</cell><cell></cell><cell></cell><cell></cell><cell></cell></row></table></figure>
<figure xmlns="http://www.tei-c.org/ns/1.0" type="table" xml:id="tab_4"><head></head><label></label><figDesc>Title: One JFK conspiracy theory that could be true GOLD 1. LBJ had it done; 2. The military industrial complex did it; 3. The mob did it; 4. Oswald acted alone as part of an unknown conspiracy; 5. The CIA did it Pipeline UNILM Those Kennedys will never embarrass me again; Did Kennedy want to withdraw us troops from Vietnam ?; 3. Different mobs; other conspirators ?; Would America be OK with that ? SEGBART 1. They thought he was a crook; 2. He was going to pull American troops out of Vietnam; 3. The mob did this; 4. There were others, but who were they?; 5.</figDesc><table><row><cell></cell><cell>The CIA ordered the killing</cell></row><row><cell>SEGUNILM</cell><cell>1. Those Kennedy's will never embarrass me again; 2. He said he'd pull troops out of Vietnam; 3. Mob</cell></row><row><cell></cell><cell>members claim they were witnesses to the alleged shootings; 4. there were more people who knew</cell></row><row><cell></cell><cell>where Oswald was; 5. The CIA didn't release any of the good stuff</cell></row><row><cell></cell><cell>Title: This man is tasked with finding out who failed Larry Nassar's victims</cell></row><row><cell>GOLD</cell><cell>Seeking justice; A very youthful 68-year-old; A model independent prosecutor</cell></row><row><cell cols="2">Pipeline UNILM Searching for truth; He couldn't stay retired; He didn't have an agenda</cell></row><row><cell>SEGBART</cell><cell>Searching for the truth; Working with juveniles; No stone unturned</cell></row><row><cell>SEGUNILM</cell><cell>Searching for the truth; He's has to do something; He doesn't have an agenda</cell></row></table></figure>
<figure xmlns="http://www.tei-c.org/ns/1.0" type="table" xml:id="tab_5"><head>Table 4 :</head><label>4</label><figDesc>GOLD reference summaries and automatic summaries produced by pipeline UNILM, SEGBART and SEGUNILM on the SEGNEWS datasets. Semicolons indicate the boundaries of headings.</figDesc><table><row><cell>Model</cell><cell>WD</cell><cell>PK</cell></row><row><cell>EVEN</cell><cell cols="2">0.469 0.450</cell></row><row><cell cols="3">Transformer 0.563 0.462</cell></row><row><cell>BART</cell><cell cols="2">0.484 0.411</cell></row><row><cell>UNILM</cell><cell cols="2">0.479 0.391</cell></row><row><cell>SEGBART</cell><cell cols="2">0.471 0.405</cell></row><row><cell>SEGUNILM</cell><cell cols="2">0.462 0.380</cell></row></table></figure>
<figure xmlns="http://www.tei-c.org/ns/1.0" type="table" xml:id="tab_6"><head>Table 5 :</head><label>5</label><figDesc>Experimental results on document segmentation task. WD indicates WinDiff metric.</figDesc><table><row><cell>Model</cell><cell cols="2">Quality Fluency</cell></row><row><cell>Pipeline UNILM</cell><cell>1.93</cell><cell>2.62</cell></row><row><cell>SEGUNILM</cell><cell>2.17</cell><cell>2.59</cell></row><row><cell>Gold</cell><cell>2.44</cell><cell>2.79</cell></row></table></figure>
<figure xmlns="http://www.tei-c.org/ns/1.0" type="table" xml:id="tab_7"><head>Table 6 :</head><label>6</label><figDesc>Human evaluation results based on summary quality and fluency.</figDesc><table /></figure>
			<note xmlns="http://www.tei-c.org/ns/1.0" place="foot" n="1" xml:id="foot_0">Dataset and code will be released at https://github. com/nlpyang/segnews</note>
		</body>
		<back>
			<div type="annex">
<div xmlns="http://www.tei-c.org/ns/1.0"><head>A Build SEGNEWS from CNN website</head><p>The SEGNEWS dataset is built from news articles on CNN website. For many news reports on CNN, news editors manually divide them into several sections and write a heading-style summary for each section. As illustrated in Figure <ref type="figure">1</ref>, in a display of this news article 2 , it has a general title "Global businesses must address climate change before it's too late". Below the title, there are several paragraphs of news content. This news article is divided into 5 sections. Despite the first section, the other 4 sections are assigned with their heading-style summaries: "Reduce their own emissions", "Disclose risks and adopt new reporting standards", "Educate employees" and "Advocate for climate policies".</p><p>We crawl news articles like this from CNN website. Articles without segmentation information or headings are filtered. The resulting SEGNEWS dataset contains 26,876 articles. Each instance in SEGNEWS consist of a news article, its segmentation structure and heading-style summaries for each segments.  </p></div>			</div>
			<div type="references">

				<listBibl>

<biblStruct xml:id="b0">
	<analytic>
		<title level="a" type="main">Neural machine translation by jointly learning to align and translate</title>
		<author>
			<persName><forename type="first">Dzmitry</forename><surname>Bahdanau</surname></persName>
		</author>
		<author>
			<persName><forename type="first">Kyunghyun</forename><surname>Cho</surname></persName>
		</author>
		<author>
			<persName><forename type="first">Yoshua</forename><surname>Bengio</surname></persName>
		</author>
	</analytic>
	<monogr>
		<title level="m">Proceedings of the 3rd International Conference on Learning Representations</title>
				<meeting>the 3rd International Conference on Learning Representations<address><addrLine>San Diego, California</addrLine></address></meeting>
		<imprint>
			<date type="published" when="2015">2015</date>
		</imprint>
	</monogr>
	<note type="raw_reference">Dzmitry Bahdanau, Kyunghyun Cho, and Yoshua Ben- gio. 2015. Neural machine translation by jointly learning to align and translate. In In Proceedings of the 3rd International Conference on Learning Repre- sentations, San Diego, California.</note>
</biblStruct>

<biblStruct xml:id="b1">
	<monogr>
		<title level="m" type="main">UniLMv2: Pseudo-masked language models for unified language model pre-training</title>
		<author>
			<persName><forename type="first">Hangbo</forename><surname>Bao</surname></persName>
		</author>
		<author>
			<persName><forename type="first">Li</forename><surname>Dong</surname></persName>
		</author>
		<author>
			<persName><forename type="first">Furu</forename><surname>Wei</surname></persName>
		</author>
		<author>
			<persName><forename type="first">Wenhui</forename><surname>Wang</surname></persName>
		</author>
		<author>
			<persName><forename type="first">Nan</forename><surname>Yang</surname></persName>
		</author>
		<author>
			<persName><forename type="first">Xiaodong</forename><surname>Liu</surname></persName>
		</author>
		<author>
			<persName><forename type="first">Yu</forename><surname>Wang</surname></persName>
		</author>
		<author>
			<persName><forename type="first">Songhao</forename><surname>Piao</surname></persName>
		</author>
		<author>
			<persName><forename type="first">Jianfeng</forename><surname>Gao</surname></persName>
		</author>
		<author>
			<persName><forename type="first">Ming</forename><surname>Zhou</surname></persName>
		</author>
		<author>
			<persName><forename type="first">Hsiao-Wuen</forename><surname>Hon</surname></persName>
		</author>
		<idno type="arXiv">arXiv:2002.12804</idno>
		<imprint>
			<date type="published" when="2020">2020</date>
		</imprint>
	</monogr>
	<note type="report_type">arXiv preprint</note>
	<note type="raw_reference">Hangbo Bao, Li Dong, Furu Wei, Wenhui Wang, Nan Yang, Xiaodong Liu, Yu Wang, Songhao Piao, Jian- feng Gao, Ming Zhou, and Hsiao-Wuen Hon. 2020. UniLMv2: Pseudo-masked language models for uni- fied language model pre-training. arXiv preprint arXiv:2002.12804.</note>
</biblStruct>

<biblStruct xml:id="b2">
	<monogr>
		<title level="m" type="main">Statistical models for text segmentation. Machine Learning</title>
		<author>
			<persName><forename type="first">Doug</forename><surname>Beeferman</surname></persName>
		</author>
		<author>
			<persName><forename type="first">Adam</forename><surname>Berger</surname></persName>
		</author>
		<author>
			<persName><forename type="first">John</forename><surname>Lafferty</surname></persName>
		</author>
		<imprint>
			<date type="published" when="1999">1999</date>
			<biblScope unit="volume">1</biblScope>
			<biblScope unit="page" from="177" to="210" />
		</imprint>
	</monogr>
	<note type="raw_reference">Doug Beeferman, Adam Berger, and John Lafferty. 1999. Statistical models for text segmentation. Ma- chine Learning, 1(34):177-210.</note>
</biblStruct>

<biblStruct xml:id="b3">
	<analytic>
		<title level="a" type="main">Topicrank: Graph-based topic ranking for keyphrase extraction</title>
		<author>
			<persName><forename type="first">Adrien</forename><surname>Bougouin</surname></persName>
		</author>
		<author>
			<persName><forename type="first">Florian</forename><surname>Boudin</surname></persName>
		</author>
		<author>
			<persName><forename type="first">Béatrice</forename><surname>Daille</surname></persName>
		</author>
	</analytic>
	<monogr>
		<title level="m">International joint conference on natural language processing (IJCNLP)</title>
				<imprint>
			<date type="published" when="2013">2013</date>
			<biblScope unit="page" from="543" to="551" />
		</imprint>
	</monogr>
	<note type="raw_reference">Adrien Bougouin, Florian Boudin, and Béatrice Daille. 2013. Topicrank: Graph-based topic ranking for keyphrase extraction. In International joint con- ference on natural language processing (IJCNLP), pages 543-551.</note>
</biblStruct>

<biblStruct xml:id="b4">
	<monogr>
		<author>
			<persName><forename type="first">Gillian</forename><surname>Brown</surname></persName>
		</author>
		<author>
			<persName><forename type="first">Gillian</forename><forename type="middle">D</forename><surname>Brown</surname></persName>
		</author>
		<author>
			<persName><forename type="first">Gillian</forename><forename type="middle">R</forename><surname>Brown</surname></persName>
		</author>
		<author>
			<persName><forename type="first">Gillian</forename><surname>Brown</surname></persName>
		</author>
		<author>
			<persName><forename type="first">George</forename><surname>Yule</surname></persName>
		</author>
		<title level="m">Discourse analysis</title>
				<imprint>
			<publisher>Cambridge university press</publisher>
			<date type="published" when="1983">1983</date>
		</imprint>
	</monogr>
	<note type="raw_reference">Gillian Brown, Gillian D Brown, Gillian R Brown, Brown Gillian, and George Yule. 1983. Discourse analysis. Cambridge university press.</note>
</biblStruct>

<biblStruct xml:id="b5">
	<analytic>
		<title level="a" type="main">Neural summarization by extracting sentences and words</title>
		<author>
			<persName><forename type="first">Jianpeng</forename><surname>Cheng</surname></persName>
		</author>
		<author>
			<persName><forename type="first">Mirella</forename><surname>Lapata</surname></persName>
		</author>
	</analytic>
	<monogr>
		<title level="m">Proceedings of the 54th Annual Meeting of the Association for Computational Linguistics</title>
		<title level="s">Long Papers</title>
		<meeting>the 54th Annual Meeting of the Association for Computational Linguistics<address><addrLine>Berlin, Germany</addrLine></address></meeting>
		<imprint>
			<date type="published" when="2016">2016a</date>
			<biblScope unit="volume">1</biblScope>
			<biblScope unit="page" from="484" to="494" />
		</imprint>
	</monogr>
	<note type="raw_reference">Jianpeng Cheng and Mirella Lapata. 2016a. Neural summarization by extracting sentences and words. In Proceedings of the 54th Annual Meeting of the Association for Computational Linguistics (Volume 1: Long Papers), pages 484-494, Berlin, Germany.</note>
</biblStruct>

<biblStruct xml:id="b6">
	<analytic>
		<title level="a" type="main">Neural summarization by extracting sentences and words</title>
		<author>
			<persName><forename type="first">Jianpeng</forename><surname>Cheng</surname></persName>
		</author>
		<author>
			<persName><forename type="first">Mirella</forename><surname>Lapata</surname></persName>
		</author>
	</analytic>
	<monogr>
		<title level="m">Proceedings of the ACL Conference</title>
				<meeting>the ACL Conference</meeting>
		<imprint>
			<date type="published" when="2016">2016b</date>
		</imprint>
	</monogr>
	<note type="raw_reference">Jianpeng Cheng and Mirella Lapata. 2016b. Neural summarization by extracting sentences and words. In Proceedings of the ACL Conference.</note>
</biblStruct>

<biblStruct xml:id="b7">
	<analytic>
		<title level="a" type="main">Advances in domain independent linear text segmentation</title>
		<author>
			<persName><forename type="first">Y</forename><forename type="middle">Y</forename><surname>Freddy</surname></persName>
		</author>
		<author>
			<persName><surname>Choi</surname></persName>
		</author>
	</analytic>
	<monogr>
		<title level="m">1st Meeting of the North American Chapter</title>
				<imprint>
			<publisher>the Association for Computational Linguistics</publisher>
			<date type="published" when="2000">2000</date>
		</imprint>
	</monogr>
	<note type="raw_reference">Freddy Y. Y. Choi. 2000. Advances in domain inde- pendent linear text segmentation. In 1st Meeting of the North American Chapter of the Association for Computational Linguistics.</note>
</biblStruct>

<biblStruct xml:id="b8">
	<analytic>
		<title level="a" type="main">BERT: Pre-training of deep bidirectional transformers for language understanding</title>
		<author>
			<persName><forename type="first">Jacob</forename><surname>Devlin</surname></persName>
		</author>
		<author>
			<persName><forename type="first">Ming-Wei</forename><surname>Chang</surname></persName>
		</author>
		<author>
			<persName><forename type="first">Kenton</forename><surname>Lee</surname></persName>
		</author>
		<author>
			<persName><forename type="first">Kristina</forename><surname>Toutanova</surname></persName>
		</author>
	</analytic>
	<monogr>
		<title level="m">Proceedings of the NAACL Conference</title>
				<meeting>the NAACL Conference</meeting>
		<imprint/>
	</monogr>
	<note type="raw_reference">Jacob Devlin, Ming-Wei Chang, Kenton Lee, and Kristina Toutanova. BERT: Pre-training of deep bidi- rectional transformers for language understanding. In Proceedings of the NAACL Conference.</note>
</biblStruct>

<biblStruct xml:id="b9">
	<analytic>
		<title level="a" type="main">Learning-based single-document summarization with compression and anaphoricity constraints</title>
		<author>
			<persName><forename type="first">Greg</forename><surname>Durrett</surname></persName>
		</author>
		<author>
			<persName><forename type="first">Taylor</forename><surname>Berg-Kirkpatrick</surname></persName>
		</author>
		<author>
			<persName><forename type="first">Dan</forename><surname>Klein</surname></persName>
		</author>
	</analytic>
	<monogr>
		<title level="m">Proceedings of the ACL Conference</title>
				<meeting>the ACL Conference</meeting>
		<imprint>
			<date type="published" when="2016">2016</date>
		</imprint>
	</monogr>
	<note type="raw_reference">Greg Durrett, Taylor Berg-Kirkpatrick, and Dan Klein. 2016. Learning-based single-document summariza- tion with compression and anaphoricity constraints. In Proceedings of the ACL Conference.</note>
</biblStruct>

<biblStruct xml:id="b10">
	<monogr>
		<title level="m" type="main">What contributes to the split-attention effect? the role of text segmentation, picture labelling, and spatial proximity. Learning and instruction</title>
		<author>
			<persName><forename type="first">Mareike</forename><surname>Florax</surname></persName>
		</author>
		<author>
			<persName><forename type="first">Rolf</forename><surname>Ploetzner</surname></persName>
		</author>
		<imprint>
			<date type="published" when="2010">2010</date>
			<biblScope unit="volume">20</biblScope>
			<biblScope unit="page" from="216" to="224" />
		</imprint>
	</monogr>
	<note type="raw_reference">Mareike Florax and Rolf Ploetzner. 2010. What con- tributes to the split-attention effect? the role of text segmentation, picture labelling, and spatial proximity. Learning and instruction, 20(3):216-224.</note>
</biblStruct>

<biblStruct xml:id="b11">
	<analytic>
		<title level="a" type="main">Discourse segmentation of multi-party conversation</title>
		<author>
			<persName><forename type="first">Michel</forename><surname>Galley</surname></persName>
		</author>
		<author>
			<persName><forename type="first">Kathleen</forename><surname>Mckeown</surname></persName>
		</author>
		<author>
			<persName><forename type="first">Eric</forename><surname>Fosler-Lussier</surname></persName>
		</author>
		<author>
			<persName><forename type="first">Hongyan</forename><surname>Jing</surname></persName>
		</author>
	</analytic>
	<monogr>
		<title level="m">Proceedings of the 41st Annual Meeting of the Association for Computational Linguistics</title>
				<meeting>the 41st Annual Meeting of the Association for Computational Linguistics</meeting>
		<imprint>
			<date type="published" when="2003">2003</date>
			<biblScope unit="page" from="562" to="569" />
		</imprint>
	</monogr>
	<note type="raw_reference">Michel Galley, Kathleen McKeown, Eric Fosler-Lussier, and Hongyan Jing. 2003. Discourse segmentation of multi-party conversation. In Proceedings of the 41st Annual Meeting of the Association for Computational Linguistics, pages 562-569.</note>
</biblStruct>

<biblStruct xml:id="b12">
	<analytic>
		<title level="a" type="main">Multi-paragraph segmentation expository text</title>
		<author>
			<persName><forename type="first">Marti</forename><forename type="middle">A</forename><surname>Hearst</surname></persName>
		</author>
		<idno type="DOI">10.3115/981732.981734</idno>
	</analytic>
	<monogr>
		<title level="m">32nd Annual Meeting of the Association for Computational Linguistics</title>
				<meeting><address><addrLine>Las Cruces, New Mexico, USA</addrLine></address></meeting>
		<imprint>
			<publisher>Association for Computational Linguistics</publisher>
			<date type="published" when="1994">1994</date>
			<biblScope unit="page" from="9" to="16" />
		</imprint>
	</monogr>
	<note type="raw_reference">Marti A. Hearst. 1994. Multi-paragraph segmentation expository text. In 32nd Annual Meeting of the As- sociation for Computational Linguistics, pages 9- 16, Las Cruces, New Mexico, USA. Association for Computational Linguistics.</note>
</biblStruct>

<biblStruct xml:id="b13">
	<analytic>
		<title level="a" type="main">Text tiling: Segmenting text into multi-paragraph subtopic passages</title>
		<author>
			<persName><forename type="first">A</forename><surname>Marti</surname></persName>
		</author>
		<author>
			<persName><surname>Hearst</surname></persName>
		</author>
	</analytic>
	<monogr>
		<title level="j">Computational linguistics</title>
		<imprint>
			<biblScope unit="volume">23</biblScope>
			<biblScope unit="issue">1</biblScope>
			<biblScope unit="page" from="33" to="64" />
			<date type="published" when="1997">1997</date>
		</imprint>
	</monogr>
	<note type="raw_reference">Marti A Hearst. 1997. Text tiling: Segmenting text into multi-paragraph subtopic passages. Computational linguistics, 23(1):33-64.</note>
</biblStruct>

<biblStruct xml:id="b14">
	<analytic>
		<title level="a" type="main">Teaching machines to read and comprehend</title>
		<author>
			<persName><forename type="first">Karl</forename><surname>Moritz Hermann</surname></persName>
		</author>
		<author>
			<persName><forename type="first">Tomas</forename><surname>Kocisky</surname></persName>
		</author>
		<author>
			<persName><forename type="first">Edward</forename><surname>Grefenstette</surname></persName>
		</author>
		<author>
			<persName><forename type="first">Lasse</forename><surname>Espeholt</surname></persName>
		</author>
		<author>
			<persName><forename type="first">Will</forename><surname>Kay</surname></persName>
		</author>
		<author>
			<persName><forename type="first">Mustafa</forename><surname>Suleyman</surname></persName>
		</author>
		<author>
			<persName><forename type="first">Phil</forename><surname>Blunsom</surname></persName>
		</author>
	</analytic>
	<monogr>
		<title level="m">Advances in neural information processing systems</title>
				<imprint>
			<date type="published" when="2015">2015</date>
			<biblScope unit="page">28</biblScope>
		</imprint>
	</monogr>
	<note type="raw_reference">Karl Moritz Hermann, Tomas Kocisky, Edward Grefen- stette, Lasse Espeholt, Will Kay, Mustafa Suleyman, and Phil Blunsom. 2015. Teaching machines to read and comprehend. Advances in neural information processing systems, 28.</note>
</biblStruct>

<biblStruct xml:id="b15">
	<analytic>
		<title level="a" type="main">A sequential model for discourse segmentation</title>
		<author>
			<persName><forename type="first">Hugo</forename><surname>Hernault</surname></persName>
		</author>
		<author>
			<persName><forename type="first">Danushka</forename><surname>Bollegala</surname></persName>
		</author>
		<author>
			<persName><forename type="first">Mitsuru</forename><surname>Ishizuka</surname></persName>
		</author>
	</analytic>
	<monogr>
		<title level="m">International Conference on Intelligent Text Processing and Computational Linguistics</title>
				<imprint>
			<publisher>Springer</publisher>
			<date type="published" when="2010">2010</date>
			<biblScope unit="page" from="315" to="326" />
		</imprint>
	</monogr>
	<note type="raw_reference">Hugo Hernault, Danushka Bollegala, and Mitsuru Ishizuka. 2010. A sequential model for discourse segmentation. In International Conference on Intelli- gent Text Processing and Computational Linguistics, pages 315-326. Springer.</note>
</biblStruct>

<biblStruct xml:id="b16">
	<analytic>
		<title level="a" type="main">Long short-term memory</title>
		<author>
			<persName><forename type="first">Sepp</forename><surname>Hochreiter</surname></persName>
		</author>
		<author>
			<persName><forename type="first">Jürgen</forename><surname>Schmidhuber</surname></persName>
		</author>
	</analytic>
	<monogr>
		<title level="j">Neural computation</title>
		<imprint>
			<biblScope unit="volume">9</biblScope>
			<biblScope unit="issue">8</biblScope>
			<biblScope unit="page" from="1735" to="1780" />
			<date type="published" when="1997">1997</date>
		</imprint>
	</monogr>
	<note type="raw_reference">Sepp Hochreiter and Jürgen Schmidhuber. 1997. Long short-term memory. Neural computation, 9(8):1735- 1780.</note>
</biblStruct>

<biblStruct xml:id="b17">
	<monogr>
		<title level="m" type="main">Automatic segmentation of multiparty dialogue</title>
		<author>
			<persName><forename type="first">Pei-Yun</forename><surname>Hsueh</surname></persName>
		</author>
		<author>
			<persName><forename type="first">Johanna</forename><forename type="middle">D</forename><surname>Moore</surname></persName>
		</author>
		<author>
			<persName><forename type="first">Steve</forename><surname>Renals</surname></persName>
		</author>
		<imprint>
			<date type="published" when="2006">2006</date>
			<publisher>the Association for Computational Linguistics</publisher>
		</imprint>
	</monogr>
	<note>In 11th Conference of the European Chapter</note>
	<note type="raw_reference">Pei-Yun Hsueh, Johanna D Moore, and Steve Renals. 2006. Automatic segmentation of multiparty dia- logue. In 11th Conference of the European Chapter of the Association for Computational Linguistics.</note>
</biblStruct>

<biblStruct xml:id="b18">
	<analytic>
		<title level="a" type="main">Content selection in deep learning models of summarization</title>
		<author>
			<persName><forename type="first">Chris</forename><surname>Kedzie</surname></persName>
		</author>
		<author>
			<persName><forename type="first">Kathleen</forename><surname>Mckeown</surname></persName>
		</author>
		<author>
			<persName><forename type="first">Hal</forename><surname>Daumé</surname></persName>
		</author>
		<author>
			<persName><forename type="first">Iii</forename></persName>
		</author>
	</analytic>
	<monogr>
		<title level="m">Proceedings of the 2018 Conference on Empirical Methods in Natural Language Processing</title>
				<meeting>the 2018 Conference on Empirical Methods in Natural Language Processing<address><addrLine>Brussels, Belgium</addrLine></address></meeting>
		<imprint>
			<date type="published" when="2018">2018</date>
			<biblScope unit="page" from="1818" to="1828" />
		</imprint>
	</monogr>
	<note type="raw_reference">Chris Kedzie, Kathleen McKeown, and Hal Daumé III. 2018. Content selection in deep learning models of summarization. In Proceedings of the 2018 Con- ference on Empirical Methods in Natural Language Processing, pages 1818-1828, Brussels, Belgium.</note>
</biblStruct>

<biblStruct xml:id="b19">
	<analytic>
		<title level="a" type="main">BART: Denoising sequence-to-sequence pre-training for natural language generation, translation, and comprehension</title>
		<author>
			<persName><forename type="first">Mike</forename><surname>Lewis</surname></persName>
		</author>
		<author>
			<persName><forename type="first">Yinhan</forename><surname>Liu</surname></persName>
		</author>
		<author>
			<persName><forename type="first">Naman</forename><surname>Goyal</surname></persName>
		</author>
		<author>
			<persName><forename type="first">Marjan</forename><surname>Ghazvininejad</surname></persName>
		</author>
		<author>
			<persName><forename type="first">Abdelrahman</forename><surname>Mohamed</surname></persName>
		</author>
		<author>
			<persName><forename type="first">Omer</forename><surname>Levy</surname></persName>
		</author>
		<author>
			<persName><forename type="first">Veselin</forename><surname>Stoyanov</surname></persName>
		</author>
		<author>
			<persName><forename type="first">Luke</forename><surname>Zettlemoyer</surname></persName>
		</author>
	</analytic>
	<monogr>
		<title level="m">Proceedings of the 58th Annual Meeting of the</title>
				<meeting>the 58th Annual Meeting of the</meeting>
		<imprint>
			<publisher>Association for Computational Linguistics</publisher>
			<date type="published" when="2020">2020</date>
		</imprint>
	</monogr>
	<note type="raw_reference">Mike Lewis, Yinhan Liu, Naman Goyal, Marjan Ghazvininejad, Abdelrahman Mohamed, Omer Levy, Veselin Stoyanov, and Luke Zettlemoyer. 2020. BART: Denoising sequence-to-sequence pre-training for natural language generation, translation, and com- prehension. In Proceedings of the 58th Annual Meet- ing of the Association for Computational Linguistics.</note>
</biblStruct>

<biblStruct xml:id="b20">
	<analytic>
		<title level="a" type="main">Segbot: A generic neural text segmentation model with pointer network</title>
		<author>
			<persName><forename type="first">Jing</forename><surname>Li</surname></persName>
		</author>
		<author>
			<persName><forename type="first">Aixin</forename><surname>Sun</surname></persName>
		</author>
		<author>
			<persName><surname>Shafiq</surname></persName>
		</author>
		<author>
			<persName><surname>Joty</surname></persName>
		</author>
	</analytic>
	<monogr>
		<title level="m">IJCAI</title>
				<imprint>
			<date type="published" when="2018">2018</date>
			<biblScope unit="page" from="4166" to="4172" />
		</imprint>
	</monogr>
	<note type="raw_reference">Jing Li, Aixin Sun, and Shafiq R Joty. 2018. Segbot: A generic neural text segmentation model with pointer network. In IJCAI, pages 4166-4172.</note>
</biblStruct>

<biblStruct xml:id="b21">
	<analytic>
		<title level="a" type="main">ROUGE: A package for automatic evaluation of summaries</title>
		<author>
			<persName><forename type="first">Chin-Yew</forename><surname>Lin</surname></persName>
		</author>
	</analytic>
	<monogr>
		<title level="m">Text Summarization Branches Out: Proceedings of the ACL-04 Workshop</title>
				<meeting><address><addrLine>Barcelona, Spain</addrLine></address></meeting>
		<imprint>
			<publisher>Association for Computational Linguistics</publisher>
			<date type="published" when="2004">2004</date>
			<biblScope unit="page" from="74" to="81" />
		</imprint>
	</monogr>
	<note type="raw_reference">Chin-Yew Lin. 2004. ROUGE: A package for auto- matic evaluation of summaries. In Text Summariza- tion Branches Out: Proceedings of the ACL-04 Work- shop, pages 74-81, Barcelona, Spain. Association for Computational Linguistics.</note>
</biblStruct>

<biblStruct xml:id="b22">
	<analytic>
		<title level="a" type="main">Text summarization with pretrained encoders</title>
		<author>
			<persName><forename type="first">Yang</forename><surname>Liu</surname></persName>
		</author>
		<author>
			<persName><forename type="first">Mirella</forename><surname>Lapata</surname></persName>
		</author>
	</analytic>
	<monogr>
		<title level="m">Proceedings of the 2019 Conference on Empirical Methods in Natural Language Processing and the 9th International Joint Conference on Natural Language Processing (EMNLP-IJCNLP)</title>
				<meeting>the 2019 Conference on Empirical Methods in Natural Language Processing and the 9th International Joint Conference on Natural Language Processing (EMNLP-IJCNLP)<address><addrLine>Hong Kong, China</addrLine></address></meeting>
		<imprint>
			<date type="published" when="2019">2019</date>
			<biblScope unit="page" from="3730" to="3740" />
		</imprint>
	</monogr>
	<note type="raw_reference">Yang Liu and Mirella Lapata. 2019. Text summariza- tion with pretrained encoders. In Proceedings of the 2019 Conference on Empirical Methods in Natu- ral Language Processing and the 9th International Joint Conference on Natural Language Processing (EMNLP-IJCNLP), pages 3730-3740, Hong Kong, China.</note>
</biblStruct>

<biblStruct xml:id="b23">
	<analytic>
		<title level="a" type="main">Single document summarization as tree induction</title>
		<author>
			<persName><forename type="first">Yang</forename><surname>Liu</surname></persName>
		</author>
		<author>
			<persName><forename type="first">Ivan</forename><surname>Titov</surname></persName>
		</author>
		<author>
			<persName><forename type="first">Mirella</forename><surname>Lapata</surname></persName>
		</author>
	</analytic>
	<monogr>
		<title level="m">Proceedings of the NAACL Conference</title>
				<meeting>the NAACL Conference</meeting>
		<imprint>
			<date type="published" when="2019">2019</date>
		</imprint>
	</monogr>
	<note type="raw_reference">Yang Liu, Ivan Titov, and Mirella Lapata. 2019. Sin- gle document summarization as tree induction. In Proceedings of the NAACL Conference.</note>
</biblStruct>

<biblStruct xml:id="b24">
	<analytic>
		<title level="a" type="main">Summarunner: A recurrent neural network based sequence model for extractive summarization of documents</title>
		<author>
			<persName><forename type="first">Ramesh</forename><surname>Nallapati</surname></persName>
		</author>
		<author>
			<persName><forename type="first">Feifei</forename><surname>Zhai</surname></persName>
		</author>
		<author>
			<persName><forename type="first">Bowen</forename><surname>Zhou</surname></persName>
		</author>
	</analytic>
	<monogr>
		<title level="m">Proceedings of the AAAI Conference</title>
				<meeting>the AAAI Conference</meeting>
		<imprint>
			<date type="published" when="2017">2017</date>
		</imprint>
	</monogr>
	<note type="raw_reference">Ramesh Nallapati, Feifei Zhai, and Bowen Zhou. 2017. Summarunner: A recurrent neural network based sequence model for extractive summarization of doc- uments. In Proceedings of the AAAI Conference.</note>
</biblStruct>

<biblStruct xml:id="b25">
	<analytic>
		<title level="a" type="main">Abstractive text summarization using sequence-to-sequence RNNs and beyond</title>
		<author>
			<persName><forename type="first">Ramesh</forename><surname>Nallapati</surname></persName>
		</author>
		<author>
			<persName><forename type="first">Bowen</forename><surname>Zhou</surname></persName>
		</author>
		<author>
			<persName><forename type="first">Caglar</forename><surname>Cicero Dos Santos</surname></persName>
		</author>
		<author>
			<persName><forename type="first">Bing</forename><surname>Gulcehre</surname></persName>
		</author>
		<author>
			<persName><surname>Xiang</surname></persName>
		</author>
	</analytic>
	<monogr>
		<title level="m">Proceedings of The 20th SIGNLL Conference on Computational Natural Language Learning</title>
				<meeting>The 20th SIGNLL Conference on Computational Natural Language Learning<address><addrLine>Berlin, Germany</addrLine></address></meeting>
		<imprint>
			<publisher>Association for Computational Linguistics</publisher>
			<date type="published" when="2016">2016</date>
			<biblScope unit="page" from="280" to="290" />
		</imprint>
	</monogr>
	<note type="raw_reference">Ramesh Nallapati, Bowen Zhou, Cicero dos Santos, Caglar Gulcehre, and Bing Xiang. 2016. Abstrac- tive text summarization using sequence-to-sequence RNNs and beyond. In Proceedings of The 20th SIGNLL Conference on Computational Natural Lan- guage Learning, pages 280-290, Berlin, Germany. Association for Computational Linguistics.</note>
</biblStruct>

<biblStruct xml:id="b26">
	<analytic>
		<title level="a" type="main">Don&apos;t give me the details, just the summary! topic-aware convolutional neural networks for extreme summarization</title>
		<author>
			<persName><forename type="first">Shashi</forename><surname>Narayan</surname></persName>
		</author>
		<author>
			<persName><forename type="first">Shay</forename><forename type="middle">B</forename><surname>Cohen</surname></persName>
		</author>
		<author>
			<persName><forename type="first">Mirella</forename><surname>Lapata</surname></persName>
		</author>
	</analytic>
	<monogr>
		<title level="m">Proceedings of the 2018 Conference on Empirical Methods in Natural Language Processing</title>
				<meeting>the 2018 Conference on Empirical Methods in Natural Language Processing<address><addrLine>Brussels, Belgium</addrLine></address></meeting>
		<imprint>
			<date type="published" when="2018">2018</date>
			<biblScope unit="page" from="1797" to="1807" />
		</imprint>
	</monogr>
	<note type="raw_reference">Shashi Narayan, Shay B. Cohen, and Mirella Lapata. 2018. Don&apos;t give me the details, just the summary! topic-aware convolutional neural networks for ex- treme summarization. In Proceedings of the 2018 Conference on Empirical Methods in Natural Lan- guage Processing, pages 1797-1807, Brussels, Bel- gium.</note>
</biblStruct>

<biblStruct xml:id="b27">
	<analytic>
		<title level="a" type="main">Automatic summarization</title>
		<author>
			<persName><forename type="first">Ani</forename><surname>Nenkova</surname></persName>
		</author>
		<author>
			<persName><forename type="first">Kathleen</forename><surname>Mckeown</surname></persName>
		</author>
	</analytic>
	<monogr>
		<title level="j">Foundations and Trends in Information Retrieval</title>
		<imprint>
			<biblScope unit="volume">5</biblScope>
			<biblScope unit="issue">2-3</biblScope>
			<biblScope unit="page" from="103" to="233" />
			<date type="published" when="2011">2011</date>
		</imprint>
	</monogr>
	<note type="raw_reference">Ani Nenkova and Kathleen McKeown. 2011. Auto- matic summarization. Foundations and Trends in Information Retrieval, 5(2-3):103-233.</note>
</biblStruct>

<biblStruct xml:id="b28">
	<monogr>
		<author>
			<persName><forename type="first">Chris</forename><forename type="middle">D</forename><surname>Paice</surname></persName>
		</author>
		<title level="m">Constructing literature abstracts by computer: techniques and prospects. Information Processing &amp; Management</title>
				<imprint>
			<date type="published" when="1990">1990</date>
			<biblScope unit="volume">26</biblScope>
			<biblScope unit="page" from="171" to="186" />
		</imprint>
	</monogr>
	<note type="raw_reference">Chris D Paice. 1990. Constructing literature abstracts by computer: techniques and prospects. Information Processing &amp; Management, 26(1):171-186.</note>
</biblStruct>

<biblStruct xml:id="b29">
	<analytic>
		<title level="a" type="main">A critique and improvement of an evaluation metric for text segmentation</title>
		<author>
			<persName><forename type="first">Lev</forename><surname>Pevzner</surname></persName>
		</author>
		<author>
			<persName><forename type="first">Marti</forename><forename type="middle">A</forename><surname>Hearst</surname></persName>
		</author>
	</analytic>
	<monogr>
		<title level="j">Computational Linguistics</title>
		<imprint>
			<biblScope unit="volume">28</biblScope>
			<biblScope unit="issue">1</biblScope>
			<biblScope unit="page" from="19" to="36" />
			<date type="published" when="2002">2002</date>
		</imprint>
	</monogr>
	<note type="raw_reference">Lev Pevzner and Marti A Hearst. 2002. A critique and improvement of an evaluation metric for text segmentation. Computational Linguistics, 28(1):19- 36.</note>
</biblStruct>

<biblStruct xml:id="b30">
	<analytic>
		<title level="a" type="main">Introduction to the special issue on summarization</title>
		<author>
			<persName><forename type="first">R</forename><surname>Dragomir</surname></persName>
		</author>
		<author>
			<persName><forename type="first">Eduard</forename><surname>Radev</surname></persName>
		</author>
		<author>
			<persName><forename type="first">Kathleen</forename><surname>Hovy</surname></persName>
		</author>
		<author>
			<persName><surname>Mckeown</surname></persName>
		</author>
	</analytic>
	<monogr>
		<title level="j">Computational Linguistics</title>
		<imprint>
			<biblScope unit="volume">28</biblScope>
			<biblScope unit="issue">4</biblScope>
			<biblScope unit="page" from="399" to="408" />
			<date type="published" when="2002">2002</date>
		</imprint>
	</monogr>
	<note type="raw_reference">Dragomir R. Radev, Eduard Hovy, and Kathleen McKe- own. 2002. Introduction to the special issue on sum- marization. Computational Linguistics, 28(4):399- 408.</note>
</biblStruct>

<biblStruct xml:id="b31">
	<analytic>
		<title level="a" type="main">Language models are unsupervised multitask learners</title>
		<author>
			<persName><forename type="first">Alec</forename><surname>Radford</surname></persName>
		</author>
		<author>
			<persName><forename type="first">Jeffrey</forename><surname>Wu</surname></persName>
		</author>
		<author>
			<persName><forename type="first">Rewon</forename><surname>Child</surname></persName>
		</author>
		<author>
			<persName><forename type="first">David</forename><surname>Luan</surname></persName>
		</author>
		<author>
			<persName><forename type="first">Dario</forename><surname>Amodei</surname></persName>
		</author>
		<author>
			<persName><forename type="first">Ilya</forename><surname>Sutskever</surname></persName>
		</author>
	</analytic>
	<monogr>
		<title level="j">OpenAI blog</title>
		<imprint>
			<biblScope unit="volume">1</biblScope>
			<biblScope unit="issue">8</biblScope>
			<biblScope unit="page">9</biblScope>
			<date type="published" when="2019">2019</date>
		</imprint>
	</monogr>
	<note type="raw_reference">Alec Radford, Jeffrey Wu, Rewon Child, David Luan, Dario Amodei, and Ilya Sutskever. 2019. Language models are unsupervised multitask learners. OpenAI blog, 1(8):9.</note>
</biblStruct>

<biblStruct xml:id="b32">
	<analytic>
		<title level="a" type="main">Topictiling: a text segmentation algorithm based on lda</title>
		<author>
			<persName><forename type="first">Martin</forename><surname>Riedl</surname></persName>
		</author>
		<author>
			<persName><forename type="first">Chris</forename><surname>Biemann</surname></persName>
		</author>
	</analytic>
	<monogr>
		<title level="m">Proceedings of ACL 2012 Student Research Workshop</title>
				<meeting>ACL 2012 Student Research Workshop</meeting>
		<imprint>
			<date type="published" when="2012">2012</date>
			<biblScope unit="page" from="37" to="42" />
		</imprint>
	</monogr>
	<note type="raw_reference">Martin Riedl and Chris Biemann. 2012. Topictiling: a text segmentation algorithm based on lda. In Pro- ceedings of ACL 2012 Student Research Workshop, pages 37-42.</note>
</biblStruct>

<biblStruct xml:id="b33">
	<analytic>
		<title level="a" type="main">A neural attention model for abstractive sentence summarization</title>
		<author>
			<persName><forename type="first">Alexander</forename><forename type="middle">M</forename><surname>Rush</surname></persName>
		</author>
		<author>
			<persName><forename type="first">Sumit</forename><surname>Chopra</surname></persName>
		</author>
		<author>
			<persName><forename type="first">Jason</forename><surname>Weston</surname></persName>
		</author>
	</analytic>
	<monogr>
		<title level="m">Proceedings of the 2015 Conference on Empirical Methods in Natural Language Processing</title>
				<meeting>the 2015 Conference on Empirical Methods in Natural Language Processing<address><addrLine>Lisbon, Portugal</addrLine></address></meeting>
		<imprint>
			<date type="published" when="2015">2015</date>
			<biblScope unit="page" from="379" to="389" />
		</imprint>
	</monogr>
	<note type="raw_reference">Alexander M. Rush, Sumit Chopra, and Jason Weston. 2015. A neural attention model for abstractive sen- tence summarization. In Proceedings of the 2015 Conference on Empirical Methods in Natural Lan- guage Processing, pages 379-389, Lisbon, Portugal.</note>
</biblStruct>

<biblStruct xml:id="b34">
	<monogr>
		<author>
			<persName><forename type="first">Evan</forename><surname>Sandhaus</surname></persName>
		</author>
		<title level="m">The New York Times Annotated Corpus. Linguistic Data Consortium</title>
				<meeting><address><addrLine>Philadelphia</addrLine></address></meeting>
		<imprint>
			<date type="published" when="2008">2008</date>
			<biblScope unit="page">6</biblScope>
		</imprint>
	</monogr>
	<note type="raw_reference">Evan Sandhaus. 2008. The New York Times Annotated Corpus. Linguistic Data Consortium, Philadelphia, 6(12).</note>
</biblStruct>

<biblStruct xml:id="b35">
	<analytic>
		<title level="a" type="main">Get to the point: Summarization with pointergenerator networks</title>
		<author>
			<persName><forename type="first">Abigail</forename><surname>See</surname></persName>
		</author>
		<author>
			<persName><forename type="first">Peter</forename><forename type="middle">J</forename><surname>Liu</surname></persName>
		</author>
		<author>
			<persName><forename type="first">Christopher</forename><forename type="middle">D</forename><surname>Manning</surname></persName>
		</author>
	</analytic>
	<monogr>
		<title level="m">Proceedings of the 55th Annual Meeting of the Association for Computational Linguistics</title>
		<title level="s">Long Papers</title>
		<meeting>the 55th Annual Meeting of the Association for Computational Linguistics<address><addrLine>Vancouver, Canada</addrLine></address></meeting>
		<imprint>
			<date type="published" when="2017">2017</date>
			<biblScope unit="volume">1</biblScope>
			<biblScope unit="page" from="1073" to="1083" />
		</imprint>
	</monogr>
	<note type="raw_reference">Abigail See, Peter J. Liu, and Christopher D. Manning. 2017. Get to the point: Summarization with pointer- generator networks. In Proceedings of the 55th An- nual Meeting of the Association for Computational Linguistics (Volume 1: Long Papers), pages 1073- 1083, Vancouver, Canada.</note>
</biblStruct>

<biblStruct xml:id="b36">
	<analytic>
		<title level="a" type="main">MASS: Masked sequence to sequence pre-training for language generation</title>
		<author>
			<persName><forename type="first">Kaitao</forename><surname>Song</surname></persName>
		</author>
		<author>
			<persName><forename type="first">Xu</forename><surname>Tan</surname></persName>
		</author>
		<author>
			<persName><forename type="first">Tao</forename><surname>Qin</surname></persName>
		</author>
		<author>
			<persName><forename type="first">Jianfeng</forename><surname>Lu</surname></persName>
		</author>
		<author>
			<persName><forename type="first">Tie-Yan</forename><surname>Liu</surname></persName>
		</author>
	</analytic>
	<monogr>
		<title level="m">Proceedings of International Conference on Machine Learning</title>
				<meeting>International Conference on Machine Learning<address><addrLine>Long Beach, California</addrLine></address></meeting>
		<imprint>
			<date type="published" when="2019">2019</date>
			<biblScope unit="page" from="5926" to="5936" />
		</imprint>
	</monogr>
	<note type="raw_reference">Kaitao Song, Xu Tan, Tao Qin, Jianfeng Lu, and Tie- Yan Liu. 2019. MASS: Masked sequence to sequence pre-training for language generation. In Proceedings of International Conference on Machine Learning, pages 5926-5936, Long Beach, California.</note>
</biblStruct>

<biblStruct xml:id="b37">
	<analytic>
		<title level="a" type="main">Attention is all you need</title>
		<author>
			<persName><forename type="first">Ashish</forename><surname>Vaswani</surname></persName>
		</author>
		<author>
			<persName><forename type="first">Noam</forename><surname>Shazeer</surname></persName>
		</author>
		<author>
			<persName><forename type="first">Niki</forename><surname>Parmar</surname></persName>
		</author>
		<author>
			<persName><forename type="first">Jakob</forename><surname>Uszkoreit</surname></persName>
		</author>
		<author>
			<persName><forename type="first">Llion</forename><surname>Jones</surname></persName>
		</author>
		<author>
			<persName><forename type="first">Aidan</forename><forename type="middle">N</forename><surname>Gomez</surname></persName>
		</author>
		<author>
			<persName><forename type="first">Ł</forename><surname>Kaiser</surname></persName>
		</author>
		<author>
			<persName><forename type="first">Illia</forename><surname>Polosukhin</surname></persName>
		</author>
	</analytic>
	<monogr>
		<title level="m">Advances in Neural Information Processing Systems</title>
				<editor>
			<persName><forename type="first">I</forename><surname>Guyon</surname></persName>
		</editor>
		<editor>
			<persName><forename type="first">U</forename><forename type="middle">V</forename><surname>Luxburg</surname></persName>
		</editor>
		<editor>
			<persName><forename type="first">S</forename><surname>Bengio</surname></persName>
		</editor>
		<editor>
			<persName><forename type="first">H</forename><surname>Wallach</surname></persName>
		</editor>
		<editor>
			<persName><forename type="first">R</forename><surname>Fergus</surname></persName>
		</editor>
		<editor>
			<persName><forename type="first">S</forename><surname>Vishwanathan</surname></persName>
		</editor>
		<editor>
			<persName><forename type="first">R</forename><surname>Garnett</surname></persName>
		</editor>
		<imprint>
			<date type="published" when="2017">2017</date>
			<biblScope unit="volume">30</biblScope>
			<biblScope unit="page" from="5998" to="6008" />
		</imprint>
	</monogr>
	<note type="raw_reference">Ashish Vaswani, Noam Shazeer, Niki Parmar, Jakob Uszkoreit, Llion Jones, Aidan N Gomez, Ł ukasz Kaiser, and Illia Polosukhin. 2017. Attention is all you need. In I. Guyon, U. V. Luxburg, S. Bengio, H. Wallach, R. Fergus, S. Vishwanathan, and R. Gar- nett, editors, Advances in Neural Information Pro- cessing Systems 30, pages 5998-6008.</note>
</biblStruct>

<biblStruct xml:id="b38">
	<monogr>
		<title level="m" type="main">Google&apos;s neural machine translation system: Bridging the gap between human and machine translation</title>
		<author>
			<persName><forename type="first">Yonghui</forename><surname>Wu</surname></persName>
		</author>
		<author>
			<persName><forename type="first">Mike</forename><surname>Schuster</surname></persName>
		</author>
		<author>
			<persName><forename type="first">Zhifeng</forename><surname>Chen</surname></persName>
		</author>
		<author>
			<persName><forename type="first">Mohammad</forename><surname>Quoc V Le</surname></persName>
		</author>
		<author>
			<persName><forename type="first">Wolfgang</forename><surname>Norouzi</surname></persName>
		</author>
		<author>
			<persName><forename type="first">Maxim</forename><surname>Macherey</surname></persName>
		</author>
		<author>
			<persName><forename type="first">Yuan</forename><surname>Krikun</surname></persName>
		</author>
		<author>
			<persName><forename type="first">Qin</forename><surname>Cao</surname></persName>
		</author>
		<author>
			<persName><forename type="first">Klaus</forename><surname>Gao</surname></persName>
		</author>
		<author>
			<persName><surname>Macherey</surname></persName>
		</author>
		<idno type="arXiv">arXivpreprintarXiv:1609.08144</idno>
		<imprint>
			<date type="published" when="2016">2016</date>
		</imprint>
	</monogr>
	<note type="raw_reference">Yonghui Wu, Mike Schuster, Zhifeng Chen, Quoc V Le, Mohammad Norouzi, Wolfgang Macherey, Maxim Krikun, Yuan Cao, Qin Gao, Klaus Macherey, et al. 2016. Google&apos;s neural machine translation system: Bridging the gap between human and machine trans- lation. In arXiv preprint arXiv:1609.08144.</note>
</biblStruct>

<biblStruct xml:id="b39">
	<analytic>
		<title level="a" type="main">Pegasus: Pre-training with extracted gap-sentences for abstractive summarization</title>
		<author>
			<persName><forename type="first">Jingqing</forename><surname>Zhang</surname></persName>
		</author>
		<author>
			<persName><forename type="first">Yao</forename><surname>Zhao</surname></persName>
		</author>
		<author>
			<persName><forename type="first">Mohammad</forename><surname>Saleh</surname></persName>
		</author>
		<author>
			<persName><forename type="first">Peter</forename><surname>Liu</surname></persName>
		</author>
	</analytic>
	<monogr>
		<title level="m">International Conference on Machine Learning</title>
				<imprint>
			<publisher>PMLR</publisher>
			<date type="published" when="2020">2020</date>
			<biblScope unit="page" from="11328" to="11339" />
		</imprint>
	</monogr>
	<note type="raw_reference">Jingqing Zhang, Yao Zhao, Mohammad Saleh, and Pe- ter Liu. 2020. Pegasus: Pre-training with extracted gap-sentences for abstractive summarization. In In- ternational Conference on Machine Learning, pages 11328-11339. PMLR.</note>
</biblStruct>

<biblStruct xml:id="b40">
	<analytic>
		<title level="a" type="main">Outline generation: Understanding the inherent content structure of documents</title>
		<author>
			<persName><forename type="first">Ruqing</forename><surname>Zhang</surname></persName>
		</author>
		<author>
			<persName><forename type="first">Jiafeng</forename><surname>Guo</surname></persName>
		</author>
		<author>
			<persName><forename type="first">Yixing</forename><surname>Fan</surname></persName>
		</author>
		<author>
			<persName><forename type="first">Yanyan</forename><surname>Lan</surname></persName>
		</author>
		<author>
			<persName><forename type="first">Xueqi</forename><surname>Cheng</surname></persName>
		</author>
	</analytic>
	<monogr>
		<title level="m">Proceedings of the 42nd International ACM SI-GIR Conference on Research and Development in Information Retrieval</title>
				<meeting>the 42nd International ACM SI-GIR Conference on Research and Development in Information Retrieval</meeting>
		<imprint>
			<date type="published" when="2019">2019</date>
			<biblScope unit="page" from="745" to="754" />
		</imprint>
	</monogr>
	<note type="raw_reference">Ruqing Zhang, Jiafeng Guo, Yixing Fan, Yanyan Lan, and Xueqi Cheng. 2019. Outline generation: Under- standing the inherent content structure of documents. In Proceedings of the 42nd International ACM SI- GIR Conference on Research and Development in Information Retrieval, pages 745-754.</note>
</biblStruct>

				</listBibl>
			</div>
		</back>
	</text>
</TEI>
