<?xml version="1.0" encoding="UTF-8"?>
<TEI xml:space="preserve" xmlns="http://www.tei-c.org/ns/1.0" 
xmlns:xsi="http://www.w3.org/2001/XMLSchema-instance" 
xsi:schemaLocation="http://www.tei-c.org/ns/1.0 https://raw.githubusercontent.com/kermitt2/grobid/master/grobid-home/schemas/xsd/Grobid.xsd"
 xmlns:xlink="http://www.w3.org/1999/xlink">
	<teiHeader xml:lang="en">
		<fileDesc>
			<titleStmt>
				<title level="a" type="main">JaMIE: A Pipeline Japanese Medical Information Extraction System with Novel Relation Annotation</title>
			</titleStmt>
			<publicationStmt>
				<publisher/>
				<availability status="unknown"><licence/></availability>
			</publicationStmt>
			<sourceDesc>
				<biblStruct>
					<analytic>
						<author>
							<persName><forename type="first">Fei</forename><surname>Cheng</surname></persName>
							<email>feicheng@i.kyoto-u.ac.jp</email>
							<affiliation key="aff0">
								<orgName type="institution">Kyoto University</orgName>
								<address>
									<settlement>Kyoto</settlement>
									<country key="JP">Japan</country>
								</address>
							</affiliation>
						</author>
						<author>
							<persName><forename type="first">Shuntaro</forename><surname>Yada</surname></persName>
							<email>s-yada@is.naist.jp</email>
							<affiliation key="aff1">
								<orgName type="institution">Nara Institute of Science and Technology</orgName>
								<address>
									<settlement>Nara</settlement>
									<country key="JP">Japan</country>
								</address>
							</affiliation>
						</author>
						<author>
							<persName><forename type="first">Ribeka</forename><surname>Tanaka</surname></persName>
							<email>tanaka.ribeka@is.ocha.ac.jp</email>
							<affiliation key="aff2">
								<orgName type="institution">Ochanomizu University</orgName>
								<address>
									<settlement>Tokyo</settlement>
									<country key="JP">Japan</country>
								</address>
							</affiliation>
						</author>
						<author>
							<persName><forename type="first">Eiji</forename><surname>Aramaki</surname></persName>
							<email>aramaki@is.naist.jp</email>
							<affiliation key="aff1">
								<orgName type="institution">Nara Institute of Science and Technology</orgName>
								<address>
									<settlement>Nara</settlement>
									<country key="JP">Japan</country>
								</address>
							</affiliation>
						</author>
						<author>
							<persName><forename type="first">Sadao</forename><surname>Kurohashi</surname></persName>
							<affiliation key="aff0">
								<orgName type="institution">Kyoto University</orgName>
								<address>
									<settlement>Kyoto</settlement>
									<country key="JP">Japan</country>
								</address>
							</affiliation>
						</author>
						<title level="a" type="main">JaMIE: A Pipeline Japanese Medical Information Extraction System with Novel Relation Annotation</title>
					</analytic>
					<monogr>
						<imprint>
							<date/>
						</imprint>
					</monogr>
					<idno type="MD5">81F99601E8D969F975A2CB9C8C8E59C3</idno>
					<idno type="DOI">10.6084/m9</idno>
				</biblStruct>
			</sourceDesc>
		</fileDesc>
		<encodingDesc>
			<appInfo>
				<application version="0.7.3-SNAPSHOT" ident="GROBID" when="2023-01-12T08:47+0000">
					<desc>GROBID - A machine learning software for extracting information from scholarly documents</desc>
					<ref target="https://github.com/kermitt2/grobid"/>
				</application>
			</appInfo>
		</encodingDesc>
		<profileDesc>
			<textClass>
				<keywords>
					<term>Medical Information Extraction</term>
					<term>Corpus Annotation</term>
					<term>Relation Extraction</term>
					<term>Open-access Toolkit</term>
				</keywords>
			</textClass>
			<abstract>
<div xmlns="http://www.tei-c.org/ns/1.0"><p>In the field of Japanese medical information extraction, few analyzing tools are available and relation extraction is still an under-explored topic. In this paper, we first propose a novel relation annotation schema for investigating the medical and temporal relations between medical entities in Japanese medical reports. We experiment with the practical annotation scenarios by separately annotating two different types of reports. We design a pipeline system with three components for recognizing medical entities, classifying entity modalities, and extracting relations. The empirical results show accurate analyzing performance and suggest the satisfactory annotation quality, the superiority of the latest contextual embedding models. and the feasible annotation strategy for high-accuracy demand.</p></div>
			</abstract>
		</profileDesc>
	</teiHeader>
	<text xml:lang="en">
		<body>
<div xmlns="http://www.tei-c.org/ns/1.0"><head n="1.">Introduction</head><p>Electronic medical record systems have been widely adopted in the hospitals. In the past decade, research efforts have been devoted to automated Information Extraction (IE) from raw medical reports. This approach should be able to liberate users from the burden of reading and understanding large volumes of records manually. While substantial progress has been made already in medical IE, it still suffers from the following limitations. First, languages are the natural boundaries to hinder the existing research from being reused across languages. The development of the English corpora and approaches can less reflect the progress in other languages. <ref type="bibr" target="#b15">Morita et al. (2013;</ref><ref type="bibr" target="#b1">Aramaki et al. (2014;</ref><ref type="bibr" target="#b2">Aramaki et al. (2016)</ref> present a series of Japanese clinical IE shared tasks. However, more semantic-aware tasks such as medical relation extraction <ref type="bibr" target="#b21">(Uzuner et al., 2011)</ref> and temporal relation extraction <ref type="bibr" target="#b6">(Bethard et al., 2017)</ref> are still undeveloped. Second, most existing medical IE datasets focus on general report content such as discharge summary, instead of more specific report types and diseases. Such settings potentially sacrifice the accuracy for analyzing specific report types, such as radiography interpretation reports. In this work, we first propose a novel relation annotation scheme for investigating the medical and temporal relations in Japanese medical reports. Then, we intend to explore the correlation between the annotation efforts on specific report types and their analyzing accuracy, which is especially in demand for practical medical applications. Therefore, we target the comparison of analyzing two report types involved with the * These authors contributed equally to this work diseases of high death rates: (1) specific radiography interpretation reports of lung cancer (LC), (2) medical history reports (containing multiple types of reports relevant to a patient) of idiopathic pulmonary fibrosis (IPF). The relation annotation is based on the existing entities presented by <ref type="bibr" target="#b22">Yada et al. (2020)</ref>, which annotated the medical entities (e.g. disease, anatomical) and their modality information (e.g. positive, suspicious) in Japanese medical reports.</p><p>While rich English NLP tools for medical IE have been developed such as cTAKES <ref type="bibr" target="#b18">(Savova et al., 2010)</ref> and MetaMap <ref type="bibr" target="#b4">(Aronson and Lang, 2010)</ref>, there are few Japanese tools available until MedEx/J <ref type="bibr" target="#b3">(Aramaki et al., 2018)</ref>. MedEx/J extracts only diseases and their negation information. In this paper, we present JaMIE: a pipeline Japanese Medical IE system, which can extract a wider range of medical information including medical entities, entity modalities, and relations from raw medical reports.</p><p>In summary, we achieves three-fold contributions as following:</p><p>• We present a novel annotation schema for both medical and temporal relations in Japanese medical reports. Although the annotated corpus is not possible to be opened due to the increase of anonymization level, the  </p></div>
<div xmlns="http://www.tei-c.org/ns/1.0"><head n="2.2.">Relation Annotation</head><p>On the top of the entity and modality annotation above, we designed relation types between two entities. They can be categorized into medical relations and temporal relations. The example of each relation type is presented in Table <ref type="table" target="#tab_1">1</ref>.</p></div>
<div xmlns="http://www.tei-c.org/ns/1.0"><head n="2.2.1.">Medical Relations</head><p>A relation(X, Y ) denotes an entity of &lt;X&gt; type has a relation type toward another entity of the type &lt;Y&gt;, in which &lt;X&gt; and &lt;Y&gt; can be any entity type defined above (including the case that &lt;X&gt; is the same type as &lt;Y&gt;). change: A &lt;C&gt; entity changes the status of another entity, the type of which can be &lt;D&gt;, &lt;A&gt;, &lt;T/M-key&gt;. A &lt;C&gt; is often presented as 'dilate', 'shrink', 'appear', etc. compare: A &lt;C&gt; entity's change is compared to a certain point &lt;Y&gt;, typically &lt;TIMEX3&gt;. feature: A &lt;F&gt; entity describes a certain entity &lt;Y&gt;.</p><p>A &lt;F&gt; is often presented as 'significant', 'mild', the size (of a tumor), etc. region: An entity of an object includes or contains another object entity (often &lt;D&gt; or &lt;A&gt;).</p><p>1 https://github.com/racerandom/JaMIE/ tree/demo </p></div>
<div xmlns="http://www.tei-c.org/ns/1.0"><head n="2.2.2.">Temporal Relations</head><p>Based on an existing medical temporal-relation annotation schema, THYME <ref type="bibr" target="#b6">(Bethard et al., 2017)</ref>, we propose a simplified temporal-relation set below. Note that any temporal relation is defined as a form relation(X, TIMEX3 ), where the type of &lt;X&gt; can also be another &lt;TIMEX3&gt; entity. Figure <ref type="figure" target="#fig_1">1</ref> portrays a visualized comparison among the proposed temporal relations. on: A &lt;X&gt; entity happens at the meantime of a time span described by a &lt;TIMEX3&gt; entity. before: A &lt;X&gt; entity happens before a time span described by a &lt;TIMEX3&gt; entity. after: A &lt;X&gt; entity happens after a time span described by a &lt;TIMEX3&gt; entity. start: A &lt;X&gt; entity starts at a time span described by a &lt;TIMEX3&gt; entity. finish: A &lt;X&gt; entity finishes at a time span described by a &lt;TIMEX3&gt; entity. We show the XML-style radiography interpretation report example with the entity-level information and our relation annotation in Figure <ref type="figure">2</ref>.</p><p>The test '&lt;T-test&gt;CT scan&lt;T-text&gt;' is executed 'on' the day '&lt;TIMEX3&gt;July 26, 2016&lt;/TIMEX3&gt;'. A disease '&lt;D&gt;right pleural effusion&lt;/D&gt;' is observed in the 'region' of the anatomical entity '&lt;A&gt;the upper Figure <ref type="figure">2</ref>: An annotated radiography interpretation report example (translated into English). To be noticed, the translation may lead to unnatural annotation. For instance, 'after the surgery' in the second sentence is a specific temporal expression often used in Japanese clinical reports, while it look strange to be annotated with a time tag. lobe of the lung&lt;/A&gt;'. A '&lt;F&gt;new&lt;/F&gt;' disease '&lt;D&gt;nodules&lt;/D&gt;' is in the 'region' of '&lt;A&gt;the lung field&lt;/A&gt;. The '&lt;brel&gt;' and '&lt;trel&gt;' tags distinguish the medical relations and temporal relations. JaMIE supports this XML-style format for training models or outputting system prediction. The complete annotation guideline is available.<ref type="foot" target="#foot_0">2</ref> </p></div>
<div xmlns="http://www.tei-c.org/ns/1.0"><head n="2.3.">Annotation</head><p>In practice, we annotated two datasets: 1,000 radiography interpretation reports of LC and 156 medical history reports of IPF. We annotate all reports with two passes. One annotator conducted the first pass relation annotation for a report. In the second pass, the expert supervisor examined the annotation and led the final adjudication by discussing the inconsistency with the first pass annotator. This procedure is to balance the quality and cost, since it does not fully rely on the expert annotation. We separately calculate the Inter-Annotator Agreement (IAA) of the relation annotation (gold entity annotation based) between two independent annotators on the same five reports randomly selected from each report types. The radiography interpretation reports achieve the IAA with F1 95.19 and Accuracy 91.75%. The medical history reports achieve the IAA with F1 70.58 and Accuracy 70.35%. Considering the low agreement of temporal relation annotation reported by <ref type="bibr" target="#b6">(Bethard et al., 2017)</ref>, our annotation IAAs show that the over all annotation quality is guaranteed. The lower IAA in medical history reports also suggests that extracting relations from medical history reports is a more difficult task than radiography interpretation reports. Table <ref type="table" target="#tab_3">2</ref> shows the statistics of the relations annotation. Though the number of the medical history reports is relatively smaller, they usually contain more content per report and a wider coverage of entity types. Considering that the popular English 2010 i2b2/VA medical dataset contains 170 documents (3,106 relations) for training, our annotation scale are comparable with or even larger than it. The results show very different relation type distribution in the two types of reports. As the medical history reports of IPF can be viewed as the mixture of several types of reports such as radiography reports, examination reports, test results, etc., they show a more balanced coverage of relation types, while the radiography interpretation reports of LC are more narrowly distributed among the disease-relevant relation types such as 'region' and 'feature'. Although our annotation experiment is conducted on Japanese medical reports, the annotation guideline is not limited to any specific languages.</p></div>
<div xmlns="http://www.tei-c.org/ns/1.0"><head n="3.">System Architecture of JaMIE</head><p>Figure <ref type="figure" target="#fig_2">3</ref> shows the overview of our Japanese medical IE system with a pipeline process of three components: medical entity recognition, modality classification, and relation extraction. The over all implementation is based on the Pytorch Transformers<ref type="foot" target="#foot_1">3</ref> .</p></div>
<div xmlns="http://www.tei-c.org/ns/1.0"><head n="3.1.">Sentence Encoder</head><p>Recent medical IE research <ref type="bibr" target="#b19">(Si et al., 2019;</ref><ref type="bibr" target="#b0">Alsentzer et al., 2019;</ref><ref type="bibr" target="#b16">Peng et al., 2019)</ref> suggests the contextual pre-trained models such as ELMO <ref type="bibr" target="#b17">(Peters et al., 2018)</ref> and BERT <ref type="bibr" target="#b10">(Devlin et al., 2019)</ref> markedly outperform traditional word embedding methods (e.g., word2vec, glove, and fastText). In our pipeline system, we adopt the Japanese pre-trained BERT as the sentence encoder for retrieving token embeddings. Formally, a sentence S = [x 0 , x 1 , x 2 , ..., x n ] is encoded by a contextual BERT or word embedding with bidirectional Long Short-Term Memory (LSTM) <ref type="bibr" target="#b11">(Hochreiter and Schmidhuber, 1997)</ref> as:  </p><formula xml:id="formula_0">X = Encoder([x 0 , x 1 , x 2 , ..., x n ])</formula></div>
<div xmlns="http://www.tei-c.org/ns/1.0"><head n="3.2.">Medical Entity Recognition</head><p>Medical entity recognition (MER) aims to predict the token spans of entities and their types from the text. We formulate Medical Entity Recognition as sequential tagging with the BIO (begin, inside, outside) tags. The outputs are constrained with a conditional random field (CRF) <ref type="bibr" target="#b13">(Lafferty et al., 2001)</ref> layer. For a tag sequence y = [y 0 , y 1 , y 2 , ..., y n ], the probability of a sequence y given X is the softmax over all possible tag sequences: ,ŷ)   where the score function s(X, y) represents the sum of the transition scores and tag probabilities.</p><formula xml:id="formula_1">P (y|X) = e s(X,y) ŷ∈Y e s(X</formula><p>In practice, we adopt a CRF implementation PyTorchcrf 4 on the top of the sentence encoder.</p></div>
<div xmlns="http://www.tei-c.org/ns/1.0"><head n="3.3.">Modality Classification</head><p>The modality classification (MC) component is to classify the modality types of the given entities. For a multi-token entity E i predicted by the MER model, we represents the entity embedding as the element sum of embeddings in the entity span. To enrich the context for predicting assertion, we concatenate the entity embedding with the auxiliary entity type. The i-step modality prediction is:</p><formula xml:id="formula_2">y i = sof tmax(f c([E i ; E type i ]))</formula><p>where E i denotes the i-th entity embedding, E type i denote the entity type embedding predicted by the MER model, and f c(.) denotes a single full-connected layer.</p></div>
<div xmlns="http://www.tei-c.org/ns/1.0"><head n="3.4.">Relation Extraction</head><p>The relation extraction (RE) component is to predict the relations and their types between two named entities. Semantic or temporal relation extraction has been widely explored by recent work <ref type="bibr" target="#b7">(Cheng and Miyao, 2017;</ref><ref type="bibr" target="#b5">Bekoulis et al., 2018;</ref><ref type="bibr" target="#b8">Cheng and Miyao, 2018;</ref><ref type="bibr" target="#b24">Zhang et al., 2020;</ref><ref type="bibr" target="#b9">Cheng et al., 2020;</ref><ref type="bibr" target="#b26">Zhong and Chen, 2021)</ref>. For pursuing efficiency, we formulate the 4 https://pytorch-crf.readthedocs.io/ en/stable/ relation extraction problem as the multiple head selection <ref type="bibr" target="#b23">(Zhang et al., 2017)</ref> of each entity in the sentence. Given each entity E i in the sentence, the model predicts whether another entity E j is the head of this token with a relation r k . The probability of a relation between two entities is defined as:</p><formula xml:id="formula_3">P (E j , r k |E i ; θ) = sigmoid(f c(E j , r k , E i ))</formula><p>where f c(.) denotes a single full-connected layer. An additional 'N' relation presents no relation between two tokens. The final representation of an entity E i is the concatenated embeddings of the entity, entity type, and modality type.</p></div>
<div xmlns="http://www.tei-c.org/ns/1.0"><head n="4.">Experiments</head></div>
<div xmlns="http://www.tei-c.org/ns/1.0"><head n="4.1.">Settings</head><p>For each dataset, we conduct the 5-fold crossvalidation to evaluate the performance of our system. 10% training data is split as the validation set for tuning best hyper-parameters and checkpoints. In each stage in the pipeline, the current component is trained with the gold inputs. The Japanese text is segmented into tokens by MeCab <ref type="bibr" target="#b12">(Kudo et al., 2004)</ref>.We adopt NICT Japanese BERT<ref type="foot" target="#foot_2">5</ref> as the sentence encoder. The following hyper-parameters are empirically chosen: training epoch as 10, batch size as 16, AdamW Optimizer with learning rate as 5e-5. The best checkpoints on the validation set are saved to produce test results. Our model is also compatible with other Japanese morphological analyzers and pre-trained models, such as: Ju-man++ <ref type="bibr" target="#b20">(Tolmachev et al., 2018)</ref> and Ku-BERT<ref type="foot" target="#foot_3">6</ref> .</p></div>
<div xmlns="http://www.tei-c.org/ns/1.0"><head n="4.2.">Evaluation</head><p>Instead of applying the usual pipeline evaluation with the gold inputs at each stage, we are more interested in the practical performance of the system and adopt the joint evaluation <ref type="bibr" target="#b25">(Zheng et al., 2017)</ref>  • Medical entity recognition identifies medical entity from raw reports. We evaluate each {entity, entity type} to the reference. • Modality classification classifies the modality types of the entities identified by the former stage.</p><p>The evaluation is on each {entity, entity type, modality type}. • Relation extraction extracts the relations between the entities identified by the former stages.</p><p>The evaluation is on each triplet {head entity, relation, tail entity}. We measure micro-F1 of the system prediction to the gold reference in each pipeline stage.</p></div>
<div xmlns="http://www.tei-c.org/ns/1.0"><head n="5.">Experiment Results</head></div>
<div xmlns="http://www.tei-c.org/ns/1.0"><head n="5.1.">Main Performance of JaMIE</head><p>Table <ref type="table" target="#tab_4">3</ref> shows our system performance on two types of reports: radiography interpretation reports of LC and medical history reports of IPF. The radiography interpretation reports' performance suggests that by concentrating annotation efforts on a specific report type the system achieves high F1 with sufficient training data. Compared to 95.30 MER F1 reported by <ref type="bibr" target="#b22">(Yada et al., 2020)</ref>, our MER score outperforms their score by 0.35 with the additional CRF layer. The RE model obtains 86.53 F1 of the radiography interpretation reports and 71.04 F1 of the medical history reports. We offer the baseline encoder with LSTM 7 upon word2vec embeddings <ref type="bibr" target="#b14">(Mikolov et al., 2013)</ref> trained on Japanese Wikipedia. We observe significant drops in all three tasks, especially in the final relation extraction. In both radiography interpretation reports of LC and medical history reports of IPF, the BERT-based RE models leading 'LSTM + word2vec' by approximately 7 LSTM and Word2vec hidden size equal to 256. 10 points F1. We suggest that solving relation extraction requires long-range information between entities. BERT naturally models such long-range dependency between any two tokens via the self-attention mechanism, while word2vec is trained with a fixed local window and LSTM could also accumulate fails over the long sequential actions.  <ref type="table" target="#tab_6">6</ref> show that even with comparable training size, the specific radiography interpretation reports lead the performance by 11.29 points F1. To be clarified, the two results are still not exactly comparable due to the different relation distributions in two report types. However, the radiography interpretation reports more densely spread in the relation types such as 'region' and 'feature' (Table <ref type="table" target="#tab_3">2</ref>), which usually means less number of reports needed for achieving the similar over all accuracy compared to the medical history reports. In the scenario of demanding high accuracy for practical medical applications, the results suggest that the annotation strategy of starting from a specific type of report and gradually increasing the coverage of report types is more feasible. </p></div>
<div xmlns="http://www.tei-c.org/ns/1.0"><head>Med REL RE F1</head></div>
<div xmlns="http://www.tei-c.org/ns/1.0"><head n="6.">System Application</head></div>
<div xmlns="http://www.tei-c.org/ns/1.0"><head n="6.2.">Use Case</head><p>In the case of annotating raw medical reports with our trained model, users need to download our trained models from the JaMIE GitHub beforehand. Users then execute the pipeline 'test' scripts to annotate entities, modalities, and relations step by step. At each stage, the model will generate the prediction as the input of the next stage model. The prediction is presented in the same XML-style as shown in Figure <ref type="figure">2</ref>. Our medical IE annotation schema serves to encode a wide range of general medical information not limited to any specific disease, report types and languages.</p><p>Users can manually annotate their medical reports by following our guideline. Users can apply the 'train' scripts to train the pipeline models on their newly annotated corpus for providing automatic annotation.</p></div>
<div xmlns="http://www.tei-c.org/ns/1.0"><head n="7.">Conclusion</head><p>We propose a novel annotation schema for investigating medical and temporal relations between medical entities in Japanese medial reports. We empirically compare the annotation on two types of reports: specific radiography interpretation reports of LC and medical history reports of IPF. The system obtains overall satisfactory performance in three tasks, supporting the valuable findings of the good annotation quality, the feasible annotation strategies for targeting report types, and the superior performance of the contextual BERT encoder. The system code and trained models on our annotation are open-access.</p><p>In the future, we plan to stick to LC and IPF, cover more specific report types involved with LC, and increase the annotation amount of medical history reports of IPF.</p></div><figure xmlns="http://www.tei-c.org/ns/1.0" xml:id="fig_0"><head></head><label></label><figDesc>The &lt;A&gt;intrahepatic bile ducts&lt;/A&gt; are &lt;C&gt;dilated&lt;/C&gt;. compare(C, TIMEX3 ) &lt;C&gt;Not much has changed&lt;/C&gt; since &lt;TIMEX3&gt;September 2003&lt;/TIMEX3&gt;. feature(F, D) No &lt;F&gt;pathologically significant&lt;/F&gt; &lt;D&gt;lymph node enlargement&lt;/D&gt;. region(A, D) There are no &lt;D&gt;abnormalities&lt;/D&gt; in the &lt;A&gt;liver&lt;/A&gt;. value(T -key, T -val ) &lt;T-key&gt; Smoking&lt;/T-key&gt;: &lt;T-val&gt;20 cigarettes&lt;/T-val&gt; Temporal on(D, TIMEX3 ) On &lt;TIMEX3&gt;Sep 20XX&lt;/TIMEX3&gt;, diagnosed as &lt;D&gt;podagra&lt;/D&gt;. before(CC , TIMEX3 ) After &lt;CC&gt;visiting the cardiovascular department&lt;/CC&gt;, she was hospitalized &lt;TIMEX3&gt;from April 11th to April 22nd, 2024&lt;/TIMEX3&gt;. after(C, TIMEX3 ) PSL 10mg/day had been kept since &lt;TIMEX3&gt;11 Aug&lt;/TIMEX3&gt;, but it was &lt;C&gt;normalized&lt;/C&gt;. start(M -key, TIMEX3 ) &lt;M-key&gt;Equa&lt;/M-key&gt; started at &lt;TIMEX3&gt;23 April&lt;/TIMEX3&gt;. finish(R, TIMEX3 ) On &lt;TIMEX3&gt;17 Nov&lt;/TIMEX3&gt;, quitting &lt;R&gt;HOT&lt;/R&gt;.</figDesc></figure>
<figure xmlns="http://www.tei-c.org/ns/1.0" xml:id="fig_1"><head>Figure 1 :</head><label>1</label><figDesc>Figure 1: Visualization of temporal relations, i.e., on, before, after, start, and finish</figDesc><graphic coords="2,314.36,246.89,204.09,81.19" type="bitmap" /></figure>
<figure xmlns="http://www.tei-c.org/ns/1.0" xml:id="fig_2"><head>Figure 3 :</head><label>3</label><figDesc>Figure 3: The overview of JaMIE.</figDesc></figure>
<figure xmlns="http://www.tei-c.org/ns/1.0" xml:id="fig_3"><head></head><label></label><figDesc>JaMIE provides an easy-to-use Command-Line Interface (CLI). We design our training/testing scripts similar to the official Transformers examples, in order to be friendly to the Transformers users. We demonstrate how to train/test a relation model with the following script: $ # T r a i n i n g $ p y t h o n c l i n i c a l p i p e l i n e r e l . py \ $ −− p r e t r a i n e d m o d e l $JAPANESE BERT \ $ −− s a v e d m o d e l $MODEL TO SAVE \ $ −− t r a i n f i l e $TRAIN FILE \ $ −− d e v f i l e $DEV FILE \ $ −− b a t c h s i z e 16 \ $ −− d o t r a i n $ # T e s t i n g $ p y t h o n c l i n i c a l p i p e l i n e r e l . py \ $ −− s a v e d m o d e l $TRAINED MODEL \ $ −− t e s t f i l e $TEST FILE \ $ −− t e s t o u t $TEST OUTFILE \</figDesc></figure>
<figure xmlns="http://www.tei-c.org/ns/1.0"><head></head><label></label><figDesc></figDesc><graphic coords="3,83.34,62.81,430.87,130.96" type="bitmap" /></figure>
<figure xmlns="http://www.tei-c.org/ns/1.0" type="table" xml:id="tab_1"><head>Table 1 :</head><label>1</label><figDesc>The example of each relation type.</figDesc><table><row><cell>system code and trained models are to be released. 1</cell></row><row><cell>2. Japanese Medical IE Annotation</cell></row><row><cell>2.1. Entity and Modality Annotation</cell></row><row><cell>We leverage an existing corpus (Yada et al., 2020)</cell></row><row><cell>with entity and modality information annotated as the</cell></row><row><cell>base for our relation annotation. The entity types</cell></row><row><cell>are defined as following: Diseases and symptoms</cell></row></table><note>&lt;D&gt;, Anatomical entities &lt;A&gt;, Features and measurements &lt;F&gt;, Change &lt;C&gt;, Time &lt;TIMEX3&gt;, Test &lt;T-test/key/val&gt;, Medicine &lt;M-key/val&gt;, Remedy &lt;R&gt;, Clinical Context &lt;CC&gt;. The complete entity and modality definition refers to the original paper.</note></figure>
<figure xmlns="http://www.tei-c.org/ns/1.0" type="table" xml:id="tab_2"><head>BERT or LSTM + word2vec JaMIE: A Pipeline Japanese Medical Information Extraction System</head><label></label><figDesc></figDesc><table><row><cell></cell><cell>Medical Entity</cell><cell>Modality</cell><cell>Relation</cell><cell></cell></row><row><cell>Raw</cell><cell>Recognition</cell><cell>Classification</cell><cell>Extraction</cell><cell>Annotated</cell></row><row><cell>medical</cell><cell></cell><cell></cell><cell></cell><cell>medical</cell></row><row><cell>report</cell><cell></cell><cell></cell><cell></cell><cell>report</cell></row><row><cell></cell><cell cols="2">Sentence Encoder:</cell><cell></cell><cell></cell></row></table></figure>
<figure xmlns="http://www.tei-c.org/ns/1.0" type="table" xml:id="tab_3"><head>Table 2 :</head><label>2</label><figDesc>The statistics of the relation annotation. 'Med' and 'Temp' denote the medical and temporal relations.</figDesc><table><row><cell>as described in the</cell></row></table></figure>
<figure xmlns="http://www.tei-c.org/ns/1.0" type="table" xml:id="tab_4"><head>Table 3 :</head><label>3</label><figDesc>The main results for automatically analyzing two types of reports.</figDesc><table /></figure>
<figure xmlns="http://www.tei-c.org/ns/1.0" type="table" xml:id="tab_5"><head>Table 4 :</head><label>4</label><figDesc> in the radiography interpretation reports of LC.</figDesc><table><row><cell></cell><cell></cell><cell cols="2">Temp REL RE F1</cell></row><row><cell>region</cell><cell cols="2">84.59 on</cell><cell>81.92</cell></row><row><cell>change</cell><cell cols="2">76.23 start</cell><cell>20.00</cell></row><row><cell>feature</cell><cell cols="2">90.16 finish</cell><cell>-</cell></row><row><cell>value</cell><cell>-</cell><cell>after</cell><cell>-</cell></row><row><cell>compare</cell><cell cols="2">80.86 before</cell><cell>-</cell></row><row><cell cols="4">Med REL RE F1 Temp REL RE F1</cell></row><row><cell>region</cell><cell cols="2">71.73 on</cell><cell>70.48</cell></row><row><cell>change</cell><cell cols="2">58.66 start</cell><cell>49.33</cell></row><row><cell>feature</cell><cell cols="2">60.54 finish</cell><cell>12.02</cell></row><row><cell>value</cell><cell cols="2">83.12 after</cell><cell>-</cell></row><row><cell>compare</cell><cell cols="2">75.47 before</cell><cell>11.38</cell></row><row><cell cols="4">Table 5: Each relation F1 (BERT-based) in the medical</cell></row><row><cell cols="2">history reports of IPF.</cell><cell></cell><cell></cell></row><row><cell cols="4">While the medical history reports contain broader rela-</cell></row><row><cell cols="4">tion types and the data size is relatively smaller, the sys-</cell></row><row><cell cols="4">tem still obtains satisfactory performance. In addition,</cell></row><row><cell cols="4">we present each relation F1 in Table 5. Except for three</cell></row><row><cell cols="4">rarely appearing relations, i.e. 'finish', 'after' and 'be-</cell></row><row><cell cols="4">fore', the F1 scores on the other types are balanced and</cell></row><row><cell cols="4">match the statistics in Table 2. As for the radiography</cell></row><row><cell cols="4">interpretation report results in Table 4, the major re-</cell></row></table></figure>
<figure xmlns="http://www.tei-c.org/ns/1.0" type="table" xml:id="tab_6"><head>Table 6 :</head><label>6</label><figDesc>The RE performance comparison between the radiography interpretation reports and medical history reports with comparable training size One question is whether concentrating annotation efforts on a specific report type can quickly obtain high accuracy to meet the requirements of the practical applications. A valid approach is to compare the RE performance of two report types with the comparable annotation efforts i.e. training data size. The medical history report of IPF contains total 5,432 relations, which is approximately 39% of the radiography interpretation reports. We designed the experiment by reducing the train set of the radiography interpretation reports to the comparable 39% of the origin. The results in Table</figDesc><table /></figure>
			<note xmlns="http://www.tei-c.org/ns/1.0" place="foot" n="2" xml:id="foot_0">Japanese:https://doi.org/10.6084/m9.figshare.16418787English:https://doi.org/10.6084/m9. figshare.16418811 Some notations might be slightly different in the latest version.</note>
			<note xmlns="http://www.tei-c.org/ns/1.0" place="foot" n="3" xml:id="foot_1">https://github.com/huggingface/ transformers</note>
			<note xmlns="http://www.tei-c.org/ns/1.0" place="foot" n="5" xml:id="foot_2">https://alaginrc.nict.go.jp/ nict-bert/index.html</note>
			<note xmlns="http://www.tei-c.org/ns/1.0" place="foot" n="6" xml:id="foot_3">https://nlp.ist.i.kyoto-u.ac.jp/?ku_ bert_japanese</note>
		</body>
		<back>

			<div type="acknowledgement">
<div xmlns="http://www.tei-c.org/ns/1.0"><head>Acknowledgements</head><p>We thank the reviewers for their helpful feedback. This work has been supported by the research grant: JPMW21AC500 from Ministry of Health, Labour and Welfare of Japan.</p></div>
			</div>

			<div type="references">

				<listBibl>

<biblStruct xml:id="b0">
	<monogr>
		<title/>
		<author>
			<persName><forename type="first">E</forename><surname>Bibliographical References Alsentzer</surname></persName>
		</author>
		<author>
			<persName><forename type="first">J</forename><forename type="middle">R</forename><surname>Murphy</surname></persName>
		</author>
		<author>
			<persName><forename type="first">W</forename><surname>Boag</surname></persName>
		</author>
		<author>
			<persName><forename type="first">W</forename><surname>Weng</surname></persName>
		</author>
		<author>
			<persName><forename type="first">D</forename><surname>Jin</surname></persName>
		</author>
		<author>
			<persName><forename type="first">T</forename><surname>Naumann</surname></persName>
		</author>
		<author>
			<persName><forename type="first">M</forename><forename type="middle">B A</forename><surname>Mcdermott</surname></persName>
		</author>
		<imprint>
			<date type="published" when="2019">2019</date>
		</imprint>
	</monogr>
	<note>Publicly available clinical BERT embeddings. CoRR, abs/1904.03323</note>
	<note type="raw_reference">Bibliographical References Alsentzer, E., Murphy, J. R., Boag, W., Weng, W., Jin, D., Naumann, T., and McDermott, M. B. A. (2019). Publicly available clinical BERT embed- dings. CoRR, abs/1904.03323.</note>
</biblStruct>

<biblStruct xml:id="b1">
	<analytic>
		<title level="a" type="main">Overview of the ntcir-11 mednlp-2 task</title>
		<author>
			<persName><forename type="first">E</forename><surname>Aramaki</surname></persName>
		</author>
		<author>
			<persName><forename type="first">M</forename><surname>Morita</surname></persName>
		</author>
		<author>
			<persName><forename type="first">Y</forename><surname>Kano</surname></persName>
		</author>
		<author>
			<persName><forename type="first">T</forename><surname>Ohkuma</surname></persName>
		</author>
	</analytic>
	<monogr>
		<title level="m">In Proceedings of the 11th NTCIR Workshop Meeting on Evaluation of Information Access Technologies</title>
				<meeting>11th NTCIR Workshop Meeting on Evaluation of Information Access Technologies</meeting>
		<imprint>
			<date type="published" when="2014">2014</date>
		</imprint>
	</monogr>
	<note type="raw_reference">Aramaki, E., Morita, M., Kano, Y., and Ohkuma, T. (2014). Overview of the ntcir-11 mednlp-2 task. In In Proceedings of the 11th NTCIR Workshop Meet- ing on Evaluation of Information Access Technolo- gies.</note>
</biblStruct>

<biblStruct xml:id="b2">
	<analytic>
		<title level="a" type="main">Overview of the ntcir-12 mednlpdoc task</title>
		<author>
			<persName><forename type="first">E</forename><surname>Aramaki</surname></persName>
		</author>
		<author>
			<persName><forename type="first">M</forename><surname>Morita</surname></persName>
		</author>
		<author>
			<persName><forename type="first">Y</forename><surname>Kano</surname></persName>
		</author>
		<author>
			<persName><forename type="first">T</forename><surname>Ohkuma</surname></persName>
		</author>
	</analytic>
	<monogr>
		<title level="m">In Proceedings of the 12th NTCIR Workshop Meeting on Evaluation of Information Access Technologies</title>
				<meeting>12th NTCIR Workshop Meeting on Evaluation of Information Access Technologies</meeting>
		<imprint>
			<date type="published" when="2016">2016</date>
		</imprint>
	</monogr>
	<note type="raw_reference">Aramaki, E., Morita, M., Kano, Y., and Ohkuma, T. (2016). Overview of the ntcir-12 mednlpdoc task. In In Proceedings of the 12th NTCIR Workshop Meet- ing on Evaluation of Information Access Technolo- gies.</note>
</biblStruct>

<biblStruct xml:id="b3">
	<analytic>
		<title level="a" type="main">Medex/j: A one-scan simple and fast nlp tool for japanese clinical texts</title>
		<author>
			<persName><forename type="first">E</forename><surname>Aramaki</surname></persName>
		</author>
		<author>
			<persName><forename type="first">K</forename><surname>Yano</surname></persName>
		</author>
		<author>
			<persName><forename type="first">S</forename><surname>Wakamiya</surname></persName>
		</author>
	</analytic>
	<monogr>
		<title level="m">MEDINFO 2017: Precision Healthcare Through Informatics: Proceedings of the 16th World Congress on Medical and Health Informatics</title>
				<imprint>
			<publisher>IOS Press</publisher>
			<date type="published" when="2018">2018</date>
			<biblScope unit="volume">245</biblScope>
			<biblScope unit="page">285</biblScope>
		</imprint>
	</monogr>
	<note type="raw_reference">Aramaki, E., Yano, K., and Wakamiya, S. (2018). Medex/j: A one-scan simple and fast nlp tool for japanese clinical texts. In MEDINFO 2017: Preci- sion Healthcare Through Informatics: Proceedings of the 16th World Congress on Medical and Health Informatics, volume 245, page 285. IOS Press.</note>
</biblStruct>

<biblStruct xml:id="b4">
	<analytic>
		<title level="a" type="main">An overview of metamap: historical perspective and recent advances</title>
		<author>
			<persName><forename type="first">A</forename><forename type="middle">R</forename><surname>Aronson</surname></persName>
		</author>
		<author>
			<persName><forename type="first">F.-M</forename><surname>Lang</surname></persName>
		</author>
	</analytic>
	<monogr>
		<title level="j">Journal of the American Medical Informatics Association</title>
		<imprint>
			<biblScope unit="volume">17</biblScope>
			<biblScope unit="issue">3</biblScope>
			<biblScope unit="page" from="229" to="236" />
			<date type="published" when="2010">2010</date>
		</imprint>
	</monogr>
	<note type="raw_reference">Aronson, A. R. and Lang, F.-M. (2010). An overview of metamap: historical perspective and recent ad- vances. Journal of the American Medical Informat- ics Association, 17(3):229-236.</note>
</biblStruct>

<biblStruct xml:id="b5">
	<analytic>
		<title level="a" type="main">Joint entity recognition and relation extraction as a multi-head selection problem</title>
		<author>
			<persName><forename type="first">G</forename><surname>Bekoulis</surname></persName>
		</author>
		<author>
			<persName><forename type="first">J</forename><surname>Deleu</surname></persName>
		</author>
		<author>
			<persName><forename type="first">T</forename><surname>Demeester</surname></persName>
		</author>
		<author>
			<persName><forename type="first">C</forename><surname>Develder</surname></persName>
		</author>
	</analytic>
	<monogr>
		<title level="j">Expert Systems with Applications</title>
		<imprint>
			<biblScope unit="volume">114</biblScope>
			<biblScope unit="page" from="34" to="45" />
			<date type="published" when="2018">2018</date>
		</imprint>
	</monogr>
	<note type="raw_reference">Bekoulis, G., Deleu, J., Demeester, T., and Develder, C. (2018). Joint entity recognition and relation ex- traction as a multi-head selection problem. Expert Systems with Applications, 114:34-45.</note>
</biblStruct>

<biblStruct xml:id="b6">
	<analytic>
		<title level="a" type="main">SemEval-2017 Task 12: Clinical Tem-pEval</title>
		<author>
			<persName><forename type="first">S</forename><surname>Bethard</surname></persName>
		</author>
		<author>
			<persName><forename type="first">G</forename><surname>Savova</surname></persName>
		</author>
		<author>
			<persName><forename type="first">M</forename><surname>Palmer</surname></persName>
		</author>
		<author>
			<persName><forename type="first">J</forename><surname>Pustejovsky</surname></persName>
		</author>
	</analytic>
	<monogr>
		<title level="m">Proceedings of the 11th International Workshop on Semantic Evaluation (SemEval-2017)</title>
				<meeting>the 11th International Workshop on Semantic Evaluation (SemEval-2017)<address><addrLine>Stroudsburg, PA, USA</addrLine></address></meeting>
		<imprint>
			<publisher>Association for Computational Linguistics</publisher>
			<date type="published" when="2017">2017</date>
			<biblScope unit="page" from="565" to="572" />
		</imprint>
	</monogr>
	<note type="raw_reference">Bethard, S., Savova, G., Palmer, M., and Pustejovsky, J. (2017). SemEval-2017 Task 12: Clinical Tem- pEval. In Proceedings of the 11th International Workshop on Semantic Evaluation (SemEval-2017), pages 565-572, Stroudsburg, PA, USA. Association for Computational Linguistics.</note>
</biblStruct>

<biblStruct xml:id="b7">
	<analytic>
		<title level="a" type="main">Classifying temporal relations by bidirectional LSTM over dependency paths</title>
		<author>
			<persName><forename type="first">F</forename><surname>Cheng</surname></persName>
		</author>
		<author>
			<persName><forename type="first">Y</forename><surname>Miyao</surname></persName>
		</author>
	</analytic>
	<monogr>
		<title level="m">Proceedings of the 55th Annual Meeting of the Association for Computational Linguistics</title>
				<meeting>the 55th Annual Meeting of the Association for Computational Linguistics<address><addrLine>Vancouver, Canada</addrLine></address></meeting>
		<imprint>
			<publisher>Association for Computational Linguistics</publisher>
			<date type="published" when="2017-07">2017. July</date>
			<biblScope unit="volume">2</biblScope>
			<biblScope unit="page" from="1" to="6" />
		</imprint>
	</monogr>
	<note>Short Papers)</note>
	<note type="raw_reference">Cheng, F. and Miyao, Y. (2017). Classifying tem- poral relations by bidirectional LSTM over depen- dency paths. In Proceedings of the 55th Annual Meeting of the Association for Computational Lin- guistics (Volume 2: Short Papers), pages 1-6, Van- couver, Canada, July. Association for Computational Linguistics.</note>
</biblStruct>

<biblStruct xml:id="b8">
	<analytic>
		<title level="a" type="main">Inducing temporal relations from time anchor annotation</title>
		<author>
			<persName><forename type="first">F</forename><surname>Cheng</surname></persName>
		</author>
		<author>
			<persName><forename type="first">Y</forename><surname>Miyao</surname></persName>
		</author>
	</analytic>
	<monogr>
		<title level="m">Proceedings of the 2018 Conference of the North American Chapter of the Association for Computational Linguistics: Human Language Technologies</title>
				<meeting>the 2018 Conference of the North American Chapter of the Association for Computational Linguistics: Human Language Technologies<address><addrLine>Long Papers; New Orleans, Louisiana</addrLine></address></meeting>
		<imprint>
			<publisher>Association for Computational Linguistics</publisher>
			<date type="published" when="2018-06">2018. June</date>
			<biblScope unit="volume">1</biblScope>
			<biblScope unit="page" from="1833" to="1843" />
		</imprint>
	</monogr>
	<note type="raw_reference">Cheng, F. and Miyao, Y. (2018). Inducing temporal re- lations from time anchor annotation. In Proceedings of the 2018 Conference of the North American Chap- ter of the Association for Computational Linguistics: Human Language Technologies, Volume 1 (Long Pa- pers), pages 1833-1843, New Orleans, Louisiana, June. Association for Computational Linguistics.</note>
</biblStruct>

<biblStruct xml:id="b9">
	<analytic>
		<title level="a" type="main">Dynamically updating event representations for temporal relation classification with multi-category learning</title>
		<author>
			<persName><forename type="first">F</forename><surname>Cheng</surname></persName>
		</author>
		<author>
			<persName><forename type="first">M</forename><surname>Asahara</surname></persName>
		</author>
		<author>
			<persName><forename type="first">I</forename><surname>Kobayashi</surname></persName>
		</author>
		<author>
			<persName><forename type="first">S</forename><surname>Kurohashi</surname></persName>
		</author>
	</analytic>
	<monogr>
		<title level="m">Findings of the Association for Computational Linguistics: EMNLP 2020</title>
				<imprint>
			<publisher>Association for Computational Linguistics</publisher>
			<date type="published" when="2020-11">2020. November</date>
			<biblScope unit="page" from="1352" to="1357" />
		</imprint>
	</monogr>
	<note type="raw_reference">Cheng, F., Asahara, M., Kobayashi, I., and Kuro- hashi, S. (2020). Dynamically updating event rep- resentations for temporal relation classification with multi-category learning. In Findings of the Associa- tion for Computational Linguistics: EMNLP 2020, pages 1352-1357, Online, November. Association for Computational Linguistics.</note>
</biblStruct>

<biblStruct xml:id="b10">
	<analytic>
		<title level="a" type="main">BERT: Pre-training of deep bidirectional transformers for language understanding</title>
		<author>
			<persName><forename type="first">J</forename><surname>Devlin</surname></persName>
		</author>
		<author>
			<persName><forename type="first">M.-W</forename><surname>Chang</surname></persName>
		</author>
		<author>
			<persName><forename type="first">K</forename><surname>Lee</surname></persName>
		</author>
		<author>
			<persName><forename type="first">K</forename><surname>Toutanova</surname></persName>
		</author>
	</analytic>
	<monogr>
		<title level="m">Proceedings of the 2019 Conference of the North American Chapter of the Association for Computational Linguistics: Human Language Technologies</title>
		<title level="s">Long and Short Papers</title>
		<meeting>the 2019 Conference of the North American Chapter of the Association for Computational Linguistics: Human Language Technologies<address><addrLine>Minneapolis, Minnesota</addrLine></address></meeting>
		<imprint>
			<publisher>Association for Computational Linguistics</publisher>
			<date type="published" when="2019-06">2019. June</date>
			<biblScope unit="volume">1</biblScope>
			<biblScope unit="page" from="4171" to="4186" />
		</imprint>
	</monogr>
	<note type="raw_reference">Devlin, J., Chang, M.-W., Lee, K., and Toutanova, K. (2019). BERT: Pre-training of deep bidirec- tional transformers for language understanding. In Proceedings of the 2019 Conference of the North American Chapter of the Association for Computa- tional Linguistics: Human Language Technologies, Volume 1 (Long and Short Papers), pages 4171- 4186, Minneapolis, Minnesota, June. Association for Computational Linguistics.</note>
</biblStruct>

<biblStruct xml:id="b11">
	<analytic>
		<title level="a" type="main">Long short-term memory</title>
		<author>
			<persName><forename type="first">S</forename><surname>Hochreiter</surname></persName>
		</author>
		<author>
			<persName><forename type="first">J</forename><surname>Schmidhuber</surname></persName>
		</author>
	</analytic>
	<monogr>
		<title level="j">Neural Computation</title>
		<imprint>
			<biblScope unit="volume">9</biblScope>
			<biblScope unit="issue">8</biblScope>
			<biblScope unit="page" from="1735" to="1780" />
			<date type="published" when="1997">1997</date>
		</imprint>
	</monogr>
	<note type="raw_reference">Hochreiter, S. and Schmidhuber, J. (1997). Long short-term memory. Neural Computation, 9(8):1735-1780.</note>
</biblStruct>

<biblStruct xml:id="b12">
	<analytic>
		<title level="a" type="main">Applying conditional random fields to Japanese morphological analysis</title>
		<author>
			<persName><forename type="first">T</forename><surname>Kudo</surname></persName>
		</author>
		<author>
			<persName><forename type="first">K</forename><surname>Yamamoto</surname></persName>
		</author>
		<author>
			<persName><forename type="first">Y</forename><surname>Matsumoto</surname></persName>
		</author>
	</analytic>
	<monogr>
		<title level="m">Proceedings of the 2004 Conference on Empirical Methods in Natural Language Processing</title>
				<meeting>the 2004 Conference on Empirical Methods in Natural Language Processing<address><addrLine>Barcelona, Spain</addrLine></address></meeting>
		<imprint>
			<date type="published" when="2004-07">2004. July</date>
			<biblScope unit="page" from="230" to="237" />
		</imprint>
	</monogr>
	<note>Association for Computational Linguistics</note>
	<note type="raw_reference">Kudo, T., Yamamoto, K., and Matsumoto, Y. (2004). Applying conditional random fields to Japanese morphological analysis. In Proceedings of the 2004 Conference on Empirical Methods in Natural Language Processing, pages 230-237, Barcelona, Spain, July. Association for Computational Linguis- tics.</note>
</biblStruct>

<biblStruct xml:id="b13">
	<analytic>
		<title level="a" type="main">Conditional random fields: Probabilistic models for segmenting and labeling sequence data</title>
		<author>
			<persName><forename type="first">J</forename><forename type="middle">D</forename><surname>Lafferty</surname></persName>
		</author>
		<author>
			<persName><forename type="first">A</forename><surname>Mccallum</surname></persName>
		</author>
		<author>
			<persName><forename type="first">F</forename><forename type="middle">C N</forename><surname>Pereira</surname></persName>
		</author>
	</analytic>
	<monogr>
		<title level="m">Proceedings of the Eighteenth International Conference on Machine Learning, ICML &apos;01</title>
				<meeting>the Eighteenth International Conference on Machine Learning, ICML &apos;01<address><addrLine>San Francisco, CA, USA</addrLine></address></meeting>
		<imprint>
			<publisher>Morgan Kaufmann Publishers Inc</publisher>
			<date type="published" when="2001">2001</date>
			<biblScope unit="page" from="282" to="289" />
		</imprint>
	</monogr>
	<note type="raw_reference">Lafferty, J. D., McCallum, A., and Pereira, F. C. N. (2001). Conditional random fields: Probabilistic models for segmenting and labeling sequence data. In Proceedings of the Eighteenth International Con- ference on Machine Learning, ICML &apos;01, page 282-289, San Francisco, CA, USA. Morgan Kauf- mann Publishers Inc.</note>
</biblStruct>

<biblStruct xml:id="b14">
	<monogr>
		<author>
			<persName><forename type="first">T</forename><surname>Mikolov</surname></persName>
		</author>
		<author>
			<persName><forename type="first">K</forename><surname>Chen</surname></persName>
		</author>
		<author>
			<persName><forename type="first">G</forename><surname>Corrado</surname></persName>
		</author>
		<author>
			<persName><forename type="first">J</forename><surname>Dean</surname></persName>
		</author>
		<title level="m">Efficient estimation of word representations in vector space</title>
				<imprint>
			<date type="published" when="2013">2013</date>
		</imprint>
	</monogr>
	<note type="raw_reference">Mikolov, T., Chen, K., Corrado, G., and Dean, J. (2013). Efficient estimation of word representations in vector space.</note>
</biblStruct>

<biblStruct xml:id="b15">
	<analytic>
		<title level="a" type="main">Overview of the ntcir-10 mednlp task</title>
		<author>
			<persName><forename type="first">M</forename><surname>Morita</surname></persName>
		</author>
		<author>
			<persName><forename type="first">Y</forename><surname>Kano</surname></persName>
		</author>
		<author>
			<persName><forename type="first">T</forename><surname>Ohkuma</surname></persName>
		</author>
		<author>
			<persName><forename type="first">M</forename><surname>Miyabe</surname></persName>
		</author>
		<author>
			<persName><forename type="first">E</forename><surname>Aramaki</surname></persName>
		</author>
	</analytic>
	<monogr>
		<title level="m">In Proceedings of NTCIR-10</title>
				<meeting>NTCIR-10</meeting>
		<imprint>
			<date type="published" when="2013">2013</date>
		</imprint>
	</monogr>
	<note type="raw_reference">Morita, M., Kano, Y., Ohkuma, T., Miyabe, M., and Aramaki, E. (2013). Overview of the ntcir-10 mednlp task. In In Proceedings of NTCIR-10.</note>
</biblStruct>

<biblStruct xml:id="b16">
	<monogr>
		<title level="m" type="main">Transfer learning in biomedical natural language processing: An evaluation of BERT and elmo on ten benchmarking datasets</title>
		<author>
			<persName><forename type="first">Y</forename><surname>Peng</surname></persName>
		</author>
		<author>
			<persName><forename type="first">S</forename><surname>Yan</surname></persName>
		</author>
		<author>
			<persName><forename type="first">Z</forename><surname>Lu</surname></persName>
		</author>
		<idno>CoRR, abs/1906.05474</idno>
		<imprint>
			<date type="published" when="2019">2019</date>
		</imprint>
	</monogr>
	<note type="raw_reference">Peng, Y., Yan, S., and Lu, Z. (2019). Transfer learn- ing in biomedical natural language processing: An evaluation of BERT and elmo on ten benchmarking datasets. CoRR, abs/1906.05474.</note>
</biblStruct>

<biblStruct xml:id="b17">
	<analytic>
		<title level="a" type="main">Deep contextualized word representations</title>
		<author>
			<persName><forename type="first">M</forename><forename type="middle">E</forename><surname>Peters</surname></persName>
		</author>
		<author>
			<persName><forename type="first">M</forename><surname>Neumann</surname></persName>
		</author>
		<author>
			<persName><forename type="first">M</forename><surname>Iyyer</surname></persName>
		</author>
		<author>
			<persName><forename type="first">M</forename><surname>Gardner</surname></persName>
		</author>
		<author>
			<persName><forename type="first">C</forename><surname>Clark</surname></persName>
		</author>
		<author>
			<persName><forename type="first">K</forename><surname>Lee</surname></persName>
		</author>
		<author>
			<persName><forename type="first">L</forename><surname>Zettlemoyer</surname></persName>
		</author>
	</analytic>
	<monogr>
		<title level="m">Proceedings of the 2018 Conference of the North American Chapter</title>
		<title level="s">Long Papers</title>
		<meeting>the 2018 Conference of the North American Chapter<address><addrLine>Louisiana</addrLine></address></meeting>
		<imprint>
			<publisher>Association for Computational Linguistics</publisher>
			<date type="published" when="2018-06">2018. June</date>
			<biblScope unit="page" from="2227" to="2237" />
		</imprint>
	</monogr>
	<note>New Orleans</note>
	<note type="raw_reference">Peters, M. E., Neumann, M., Iyyer, M., Gardner, M., Clark, C., Lee, K., and Zettlemoyer, L. (2018). Deep contextualized word representations. In Pro- ceedings of the 2018 Conference of the North Amer- ican Chapter of the Association for Computational Linguistics: Human Language Technologies, Vol- ume 1 (Long Papers), pages 2227-2237, New Or- leans, Louisiana, June. Association for Computa- tional Linguistics.</note>
</biblStruct>

<biblStruct xml:id="b18">
	<analytic>
		<title level="a" type="main">Mayo clinical text analysis and knowledge extraction system (ctakes): architecture, component evaluation and applications</title>
		<author>
			<persName><forename type="first">G</forename><forename type="middle">K</forename><surname>Savova</surname></persName>
		</author>
		<author>
			<persName><forename type="first">J</forename><forename type="middle">J</forename><surname>Masanz</surname></persName>
		</author>
		<author>
			<persName><forename type="first">P</forename><forename type="middle">V</forename><surname>Ogren</surname></persName>
		</author>
		<author>
			<persName><forename type="first">J</forename><surname>Zheng</surname></persName>
		</author>
		<author>
			<persName><forename type="first">S</forename><surname>Sohn</surname></persName>
		</author>
		<author>
			<persName><forename type="first">K</forename><forename type="middle">C</forename><surname>Kipper-Schuler</surname></persName>
		</author>
		<author>
			<persName><forename type="first">C</forename><forename type="middle">G</forename><surname>Chute</surname></persName>
		</author>
	</analytic>
	<monogr>
		<title level="j">Journal of the American Medical Informatics Association</title>
		<imprint>
			<biblScope unit="volume">17</biblScope>
			<biblScope unit="issue">5</biblScope>
			<biblScope unit="page" from="507" to="513" />
			<date type="published" when="2010">2010</date>
		</imprint>
	</monogr>
	<note type="raw_reference">Savova, G. K., Masanz, J. J., Ogren, P. V., Zheng, J., Sohn, S., Kipper-Schuler, K. C., and Chute, C. G. (2010). Mayo clinical text analysis and knowledge extraction system (ctakes): architecture, component evaluation and applications. Journal of the Amer- ican Medical Informatics Association, 17(5):507- 513.</note>
</biblStruct>

<biblStruct xml:id="b19">
	<analytic>
		<title level="a" type="main">Enhancing clinical concept extraction with contextual embeddings</title>
		<author>
			<persName><forename type="first">Y</forename><surname>Si</surname></persName>
		</author>
		<author>
			<persName><forename type="first">J</forename><surname>Wang</surname></persName>
		</author>
		<author>
			<persName><forename type="first">H</forename><surname>Xu</surname></persName>
		</author>
		<author>
			<persName><forename type="first">K</forename><surname>Roberts</surname></persName>
		</author>
	</analytic>
	<monogr>
		<title level="j">Journal of the American Medical Informatics Association</title>
		<imprint>
			<biblScope unit="volume">26</biblScope>
			<biblScope unit="issue">11</biblScope>
			<biblScope unit="page" from="1297" to="1304" />
			<date type="published" when="2019">2019</date>
		</imprint>
	</monogr>
	<note type="raw_reference">Si, Y., Wang, J., Xu, H., and Roberts, K. (2019). En- hancing clinical concept extraction with contextual embeddings. Journal of the American Medical In- formatics Association, 26(11):1297-1304.</note>
</biblStruct>

<biblStruct xml:id="b20">
	<analytic>
		<title level="a" type="main">Juman++: A morphological analysis toolkit for scriptio continua</title>
		<author>
			<persName><forename type="first">A</forename><surname>Tolmachev</surname></persName>
		</author>
		<author>
			<persName><forename type="first">D</forename><surname>Kawahara</surname></persName>
		</author>
		<author>
			<persName><forename type="first">S</forename><surname>Kurohashi</surname></persName>
		</author>
	</analytic>
	<monogr>
		<title level="m">Proceedings of the 2018 Conference on Empirical Methods in Natural Language Processing: System Demonstrations</title>
				<meeting>the 2018 Conference on Empirical Methods in Natural Language Processing: System Demonstrations<address><addrLine>Brussels, Belgium</addrLine></address></meeting>
		<imprint>
			<publisher>Association for Computational Linguistics</publisher>
			<date type="published" when="2018-11">2018. November</date>
			<biblScope unit="page" from="54" to="59" />
		</imprint>
	</monogr>
	<note type="raw_reference">Tolmachev, A., Kawahara, D., and Kurohashi, S. (2018). Juman++: A morphological analysis toolkit for scriptio continua. In Proceedings of the 2018 Conference on Empirical Methods in Natural Lan- guage Processing: System Demonstrations, pages 54-59, Brussels, Belgium, November. Association for Computational Linguistics.</note>
</biblStruct>

<biblStruct xml:id="b21">
	<analytic>
		<title level="a" type="main">2010 i2b2/va challenge on concepts, assertions, and relations in clinical text</title>
		<author>
			<persName><forename type="first">Ö</forename><surname>Uzuner</surname></persName>
		</author>
		<author>
			<persName><forename type="first">B</forename><forename type="middle">R</forename><surname>South</surname></persName>
		</author>
		<author>
			<persName><forename type="first">S</forename><surname>Shen</surname></persName>
		</author>
		<author>
			<persName><forename type="first">S</forename><forename type="middle">L</forename><surname>Duvall</surname></persName>
		</author>
	</analytic>
	<monogr>
		<title level="j">Journal of the American Medical Informatics Association</title>
		<imprint>
			<biblScope unit="volume">18</biblScope>
			<biblScope unit="issue">5</biblScope>
			<biblScope unit="page" from="552" to="556" />
			<date type="published" when="2011">2011</date>
		</imprint>
	</monogr>
	<note type="raw_reference">Uzuner, Ö., South, B. R., Shen, S., and DuVall, S. L. (2011). 2010 i2b2/va challenge on concepts, assertions, and relations in clinical text. Journal of the American Medical Informatics Association, 18(5):552-556.</note>
</biblStruct>

<biblStruct xml:id="b22">
	<analytic>
		<title level="a" type="main">Towards a versatile medical-annotation guideline feasible without heavy medical knowledge: Starting from critical lung diseases</title>
		<author>
			<persName><forename type="first">S</forename><surname>Yada</surname></persName>
		</author>
		<author>
			<persName><forename type="first">A</forename><surname>Joh</surname></persName>
		</author>
		<author>
			<persName><forename type="first">R</forename><surname>Tanaka</surname></persName>
		</author>
		<author>
			<persName><forename type="first">F</forename><surname>Cheng</surname></persName>
		</author>
		<author>
			<persName><forename type="first">E</forename><surname>Aramaki</surname></persName>
		</author>
		<author>
			<persName><forename type="first">S</forename><surname>Kurohashi</surname></persName>
		</author>
	</analytic>
	<monogr>
		<title level="m">Proceedings of the 12th Language Resources and Evaluation Conference</title>
				<meeting>the 12th Language Resources and Evaluation Conference<address><addrLine>Marseille, France</addrLine></address></meeting>
		<imprint>
			<publisher>European Language Resources Association</publisher>
			<date type="published" when="2020-05">2020. May</date>
			<biblScope unit="page" from="4565" to="4572" />
		</imprint>
	</monogr>
	<note type="raw_reference">Yada, S., Joh, A., Tanaka, R., Cheng, F., Aramaki, E., and Kurohashi, S. (2020). Towards a versatile medical-annotation guideline feasible without heavy medical knowledge: Starting from critical lung dis- eases. In Proceedings of the 12th Language Re- sources and Evaluation Conference, pages 4565- 4572, Marseille, France, May. European Language Resources Association.</note>
</biblStruct>

<biblStruct xml:id="b23">
	<analytic>
		<title level="a" type="main">Dependency parsing as head selection</title>
		<author>
			<persName><forename type="first">X</forename><surname>Zhang</surname></persName>
		</author>
		<author>
			<persName><forename type="first">J</forename><surname>Cheng</surname></persName>
		</author>
		<author>
			<persName><forename type="first">M</forename><surname>Lapata</surname></persName>
		</author>
	</analytic>
	<monogr>
		<title level="m">Proceedings of the 15th Conference of the European Chapter</title>
		<title level="s">Long Papers</title>
		<meeting>the 15th Conference of the European Chapter<address><addrLine>Valencia, Spain</addrLine></address></meeting>
		<imprint>
			<publisher>Association for Computational Linguistics</publisher>
			<date type="published" when="2017-04">2017. April</date>
			<biblScope unit="volume">1</biblScope>
			<biblScope unit="page" from="665" to="676" />
		</imprint>
	</monogr>
	<note type="raw_reference">Zhang, X., Cheng, J., and Lapata, M. (2017). Depen- dency parsing as head selection. In Proceedings of the 15th Conference of the European Chapter of the Association for Computational Linguistics: Volume 1, Long Papers, pages 665-676, Valencia, Spain, April. Association for Computational Linguistics.</note>
</biblStruct>

<biblStruct xml:id="b24">
	<analytic>
		<title level="a" type="main">Minimize exposure bias of Seq2Seq models in joint entity and relation extraction</title>
		<author>
			<persName><forename type="first">R</forename><forename type="middle">H</forename><surname>Zhang</surname></persName>
		</author>
		<author>
			<persName><forename type="first">Q</forename><surname>Liu</surname></persName>
		</author>
		<author>
			<persName><forename type="first">A</forename><forename type="middle">X</forename><surname>Fan</surname></persName>
		</author>
		<author>
			<persName><forename type="first">H</forename><surname>Ji</surname></persName>
		</author>
		<author>
			<persName><forename type="first">D</forename><surname>Zeng</surname></persName>
		</author>
		<author>
			<persName><forename type="first">F</forename><surname>Cheng</surname></persName>
		</author>
		<author>
			<persName><forename type="first">D</forename><surname>Kawahara</surname></persName>
		</author>
		<author>
			<persName><forename type="first">S</forename><surname>Kurohashi</surname></persName>
		</author>
	</analytic>
	<monogr>
		<title level="m">Findings of the Association for Computational Linguistics: EMNLP 2020</title>
				<imprint>
			<publisher>Association for Computational Linguistics</publisher>
			<date type="published" when="2020-11">2020. November</date>
			<biblScope unit="page" from="236" to="246" />
		</imprint>
	</monogr>
	<note type="raw_reference">Zhang, R. H., Liu, Q., Fan, A. X., Ji, H., Zeng, D., Cheng, F., Kawahara, D., and Kurohashi, S. (2020). Minimize exposure bias of Seq2Seq models in joint entity and relation extraction. In Findings of the As- sociation for Computational Linguistics: EMNLP 2020, pages 236-246, Online, November. Associa- tion for Computational Linguistics.</note>
</biblStruct>

<biblStruct xml:id="b25">
	<analytic>
		<title level="a" type="main">Joint extraction of entities and relations based on a novel tagging scheme</title>
		<author>
			<persName><forename type="first">S</forename><surname>Zheng</surname></persName>
		</author>
		<author>
			<persName><forename type="first">F</forename><surname>Wang</surname></persName>
		</author>
		<author>
			<persName><forename type="first">H</forename><surname>Bao</surname></persName>
		</author>
		<author>
			<persName><forename type="first">Y</forename><surname>Hao</surname></persName>
		</author>
		<author>
			<persName><forename type="first">P</forename><surname>Zhou</surname></persName>
		</author>
		<author>
			<persName><forename type="first">B</forename><surname>Xu</surname></persName>
		</author>
	</analytic>
	<monogr>
		<title level="m">Proceedings of the 55th Annual Meeting of the Association for Computational Linguistics</title>
				<meeting>the 55th Annual Meeting of the Association for Computational Linguistics<address><addrLine>Vancouver, Canada</addrLine></address></meeting>
		<imprint>
			<publisher>Association for Computational Linguistics</publisher>
			<date type="published" when="2017-07">2017. July</date>
			<biblScope unit="volume">1</biblScope>
			<biblScope unit="page" from="1227" to="1236" />
		</imprint>
	</monogr>
	<note>Long Papers)</note>
	<note type="raw_reference">Zheng, S., Wang, F., Bao, H., Hao, Y., Zhou, P., and Xu, B. (2017). Joint extraction of entities and rela- tions based on a novel tagging scheme. In Proceed- ings of the 55th Annual Meeting of the Association for Computational Linguistics (Volume 1: Long Pa- pers), pages 1227-1236, Vancouver, Canada, July. Association for Computational Linguistics.</note>
</biblStruct>

<biblStruct xml:id="b26">
	<analytic>
		<title level="a" type="main">A frustratingly easy approach for entity and relation extraction</title>
		<author>
			<persName><forename type="first">Z</forename><surname>Zhong</surname></persName>
		</author>
		<author>
			<persName><forename type="first">D</forename><surname>Chen</surname></persName>
		</author>
	</analytic>
	<monogr>
		<title level="m">Proceedings of the 2021 Conference of the North American Chapter of the Association for Computational Linguistics: Human Language Technologies</title>
				<meeting>the 2021 Conference of the North American Chapter of the Association for Computational Linguistics: Human Language Technologies</meeting>
		<imprint>
			<publisher>Association for Computational Linguistics</publisher>
			<date type="published" when="2021-06">2021. June</date>
			<biblScope unit="page" from="50" to="61" />
		</imprint>
	</monogr>
	<note type="raw_reference">Zhong, Z. and Chen, D. (2021). A frustratingly easy approach for entity and relation extraction. In Pro- ceedings of the 2021 Conference of the North Amer- ican Chapter of the Association for Computational Linguistics: Human Language Technologies, pages 50-61, Online, June. Association for Computational Linguistics.</note>
</biblStruct>

				</listBibl>
			</div>
		</back>
	</text>
</TEI>
