<?xml version="1.0" encoding="UTF-8"?>
<TEI xml:space="preserve" xmlns="http://www.tei-c.org/ns/1.0" 
xmlns:xsi="http://www.w3.org/2001/XMLSchema-instance" 
xsi:schemaLocation="http://www.tei-c.org/ns/1.0 https://raw.githubusercontent.com/kermitt2/grobid/master/grobid-home/schemas/xsd/Grobid.xsd"
 xmlns:xlink="http://www.w3.org/1999/xlink">
	<teiHeader xml:lang="en">
		<fileDesc>
			<titleStmt>
				<title level="a" type="main">Predicate-Argument Based Bi-Encoder for Paraphrase Identification</title>
			</titleStmt>
			<publicationStmt>
				<publisher/>
				<availability status="unknown"><licence/></availability>
			</publicationStmt>
			<sourceDesc>
				<biblStruct>
					<analytic>
						<author>
							<persName><forename type="first">Qiwei</forename><surname>Peng</surname></persName>
							<email>qiwei.peng@sussex.ac.uk</email>
							<affiliation key="aff0">
								<orgName type="institution">University of Sussex</orgName>
								<address>
									<settlement>Brighton</settlement>
									<country key="GB">UK</country>
								</address>
							</affiliation>
						</author>
						<author>
							<persName><forename type="first">David</forename><surname>Weir</surname></persName>
							<email>d.j.weir@sussex.ac.uk</email>
							<affiliation key="aff1">
								<orgName type="institution">University of Sussex</orgName>
								<address>
									<settlement>Brighton</settlement>
									<country key="GB">UK</country>
								</address>
							</affiliation>
						</author>
						<author>
							<persName><forename type="first">Julie</forename><surname>Weeds</surname></persName>
							<email>j.e.weeds@sussex.ac.uk</email>
							<affiliation key="aff2">
								<orgName type="institution">University of Sussex</orgName>
								<address>
									<settlement>Brighton</settlement>
									<country key="GB">UK</country>
								</address>
							</affiliation>
						</author>
						<author>
							<persName><forename type="first">Yekun</forename><surname>Chai</surname></persName>
							<email>chaiyekun@baidu.com</email>
							<affiliation key="aff3">
								<orgName type="institution">Baidu, Inc</orgName>
								<address>
									<settlement>Beijing</settlement>
									<country key="CN">China</country>
								</address>
							</affiliation>
						</author>
						<title level="a" type="main">Predicate-Argument Based Bi-Encoder for Paraphrase Identification</title>
					</analytic>
					<monogr>
						<imprint>
							<date/>
						</imprint>
					</monogr>
					<idno type="MD5">568A9E792359838A4C468EF2E63FA414</idno>
				</biblStruct>
			</sourceDesc>
		</fileDesc>
		<encodingDesc>
			<appInfo>
				<application version="0.7.3-SNAPSHOT" ident="GROBID" when="2023-01-12T09:12+0000">
					<desc>GROBID - A machine learning software for extracting information from scholarly documents</desc>
					<ref target="https://github.com/kermitt2/grobid"/>
				</application>
			</appInfo>
		</encodingDesc>
		<profileDesc>
			<abstract>
<div xmlns="http://www.tei-c.org/ns/1.0"><p>Paraphrase identification involves identifying whether a pair of sentences express the same or similar meanings. While cross-encoders have achieved high performances across several benchmarks, bi-encoders such as SBERT have been widely applied to sentence pair tasks. They exhibit substantially lower computation complexity and are better suited to symmetric tasks. In this work, we adopt a biencoder approach to the paraphrase identification task, and investigate the impact of explicitly incorporating predicate-argument information into SBERT through weighted aggregation. Experiments on six paraphrase identification datasets demonstrate that, with a minimal increase in parameters, the proposed model is able to outperform SBERT/SRoBERTa significantly. Further, ablation studies reveal that the predicate-argument based component plays a significant role in the performance gain.</p></div>
			</abstract>
		</profileDesc>
	</teiHeader>
	<text xml:lang="en">
		<body>
<div xmlns="http://www.tei-c.org/ns/1.0"><head n="1">Introduction</head><p>Paraphrases are sentences that express the same or similar meanings with different wording <ref type="bibr" target="#b1">(Bhagat and Hovy, 2013)</ref>. Paraphrase pairs are either fully or largely semantically equivalent. For example: a) Marriage equality law passed in Rhode Island b) Rhode Island becomes the 10th state to enact marriage equality</p><p>It is generally considered to be a symmetric task where the paraphrase relation holds in both directions <ref type="bibr" target="#b1">(Bhagat and Hovy, 2013;</ref><ref type="bibr" target="#b36">Yang et al., 2019)</ref>.</p><p>Since word order and sentence structure are crucial in determining sentence meaning, effective paraphrase models must be structure-aware and word order sensitive. In light of this, paraphrase datasets have been created that are specifically designed to encourage models to consider structural differences <ref type="bibr" target="#b34">(Xu et al., 2015;</ref><ref type="bibr" target="#b40">Zhang et al., 2019b)</ref>. For example, PIT2015 <ref type="bibr" target="#b34">(Xu et al., 2015)</ref> consists of paraphrase pairs that are lexically diverse and non-paraphrase pairs that are lexically similar but semantically dissimilar.</p><p>There are generally two pre-trained based approaches for sentence pair tasks such as paraphrase identification. The first is the cross-encoder approach, which involves concatenating the two input sentences and performing full-attention over the input. The second is the bi-encoder approach, which adopts a conjoined twin network structure and maps each sentence onto separate representations, which can then be compared using similarity measures such as cosine. Though typical cross-encoders like BERT <ref type="bibr" target="#b8">(Devlin et al., 2019)</ref> and RoBERTa <ref type="bibr" target="#b21">(Liu et al., 2019b)</ref> have set stateof-the-art performance on various sentence pair tasks <ref type="bibr" target="#b38">(Zhang et al., 2021;</ref><ref type="bibr" target="#b33">Xia et al., 2021)</ref>, they still face challenges from both extreme computational overhead for many use cases <ref type="bibr" target="#b26">(Reimers and Gurevych, 2019;</ref><ref type="bibr" target="#b29">Thakur et al., 2021)</ref> and inconsistent predictions (ranging from 2.66% to 8.46% depending on specific datasets) when dealing with symmetric tasks <ref type="bibr" target="#b3">(Chen et al., 2020)</ref>.</p><p>In contrast, a bi-encoder approach such as Sentence-BERT (SBERT) <ref type="bibr" target="#b26">(Reimers and Gurevych, 2019)</ref> encodes sentences separately and generates high-quality embeddings for each of them. This architecture enables sentence embeddings to be pre-computed, supporting efficient indexing and comparison between different sequences. Due to the nature of bi-encoders, the symmetry property will be preserved as long as no asymmetry is introduced in subsequent layers. These properties make bi-encoders appealing for the paraphrase identification task. Accordingly, here, we focus on biencoders rather than cross-encoders.</p><p>One downside of SBERT is that it only adopts a very simple strategy, which is mean-pooling over all tokens, to generate sentence embeddings. As previously discussed, models should ideally be sensitive to any structural differences between two sentences. Relational Graph Convolutional Networks (RGCNs) <ref type="bibr" target="#b27">(Schlichtkrull et al., 2018)</ref> have been used to introduce structural information (e.g. dependency/semantic parse trees) into SBERT and improvements have been reported on unsupervised similarity comparison tasks <ref type="bibr" target="#b25">(Peng et al., 2021)</ref>.</p><p>One drawback of RGCNs is the size of the parameter space. For example, a single-layer RGCN can involve more than 30 million parameters. Furthermore, as we will demonstrate, the performance gain on different paraphrase identification datasets is not consistent. An important aspect of sentence meaning concerns its predicate-argument structure. This has been utilised to generate paraphrases <ref type="bibr" target="#b16">(Kozlowski et al., 2003)</ref> and to compare sentence meanings <ref type="bibr">(Shan et al., 2009)</ref>. Inspired by the Self-Explain model <ref type="bibr" target="#b28">(Sun et al., 2020)</ref> which uses a span-based framework to generate sentence embeddings, we propose a method that effectively introduces sentence structure into SBERT via the aggregation of predicate-argument spans. This self-attention based aggregation allows us to gain benefits with minimal increased cost in terms of additional parameters. Empirical results indicate that the proposed model yields improvements on six benchmarks for paraphrase identification. Upon closer investigation, we find the predicate-argument span (PAS) component plays a crucial role in the performance gains and can be easily generalised to other models.</p></div>
<div xmlns="http://www.tei-c.org/ns/1.0"><head n="2">Related Work</head></div>
<div xmlns="http://www.tei-c.org/ns/1.0"><head n="2.1">Paraphrase Identification</head><p>The problem of paraphrase identification has been explored now for several decades <ref type="bibr" target="#b22">(Mihalcea et al., 2006;</ref><ref type="bibr" target="#b15">Kozareva and Montoyo, 2006)</ref>. Prior to the emergence of pre-trained models, bi-encoder structures were widely used. For example, <ref type="bibr" target="#b23">Mueller and Thyagarajan (2016)</ref> applied LSTM in a twin architecture with tied weights and used Manhattan distance to compute similarity. InferSent <ref type="bibr" target="#b6">(Conneau et al., 2017)</ref> exploited BiLSTM in a similar twin structure with a fully-connected layer for classification over interacted sentence embeddings. Although their model was mainly proposed for transfer learning, experiments showed that it achieves good performance when directly trained on in-domain data.</p><p>Some bi-encoders do not generate single-vector sentence embeddings and allow direct comparisons between the words in the two sentences. <ref type="bibr" target="#b24">Pang et al. (2016)</ref> proposed MatchPyramid where interaction matrix is constructed, and convolutional networks were used to extract features for final classification. PMWI <ref type="bibr" target="#b12">(He and Lin, 2016)</ref> introduced more fine-grained comparisons between words to better dissect the meaning difference. ESIM <ref type="bibr" target="#b4">(Chen et al., 2017)</ref> further utilised BiLSTM to bring contextualised token representations and allow rich interactions between tokens. Researchers have further improved these models by incorporating context and structure information <ref type="bibr" target="#b20">(Liu et al., 2019a)</ref>, as well as character-level information <ref type="bibr" target="#b18">(Lan and Xu, 2018)</ref>.</p><p>After the emergence of pre-trained models, cross-encoders like BERT and RoBERTa have achieved state-of-the-art performance on various sentence pair tasks including paraphrase identification. <ref type="bibr" target="#b39">Zhang et al. (2019a)</ref> introduced pairwise word interaction mechanism into BERT. <ref type="bibr" target="#b38">Zhang et al. (2021)</ref> improved BERT on paraphrase tasks by using CNNs to gather local information and an auxiliary task to further bring in semantic relation information. <ref type="bibr" target="#b33">Xia et al. (2021)</ref> injected similarity matrices into BERT's attention mechanism. Though improved performance can be obtained, cross-encoders have known drawbacks. In particular, <ref type="bibr" target="#b26">Reimers and Gurevych (2019)</ref> showed the extreme computation overhead of cross-encoders, and <ref type="bibr" target="#b3">Chen et al. (2020)</ref> demonstrated that crossencoders often give inconsistent predictions when reversing the input sentence order. Based on these factors, bi-encoders are often preferred for the paraphrase identification task.</p></div>
<div xmlns="http://www.tei-c.org/ns/1.0"><head n="2.2">Sentence Representation with Structures</head><p>Though pre-trained models like BERT seem to encode certain structures in their contextualised representations, open questions remain about how to better utilise such information <ref type="bibr" target="#b13">(Hewitt and Manning, 2019;</ref><ref type="bibr" target="#b5">Clark et al., 2019)</ref> and how useful the hidden structure is compared to externally provided sentence structures <ref type="bibr" target="#b11">(Glavaš and Vulić, 2021;</ref><ref type="bibr" target="#b7">Dai et al., 2021)</ref>. Recent improvements are also observed on various natural language understanding tasks by incorporating structural information into pre-trained models. SentiBERT proposed by <ref type="bibr" target="#b37">Yin et al. (2020)</ref> incorporates constituency parse tree into BERT for sentiment analysis. <ref type="bibr" target="#b35">Xu and Yang (2019)</ref> model each sentence as a directed dependency graph by using RGCN, and achieve improvements on pronoun resolution. <ref type="bibr" target="#b41">Zhang et al. (2020)</ref> propose a semanticsaware BERT (SemBERT) model by further encoding semantic labels with BERT using a GRU. RGCNs have also been used by <ref type="bibr" target="#b32">Wu et al. (2021)</ref> to introduce semantic information into RoBERTa, and achieved consistent improvements when fine-tuned on problem-specific datasets. <ref type="bibr" target="#b25">Peng et al. (2021)</ref> propose a SBERT-RGCN model where structural information is explicitly encoded into SBERT in a similar way, achieving improvements on unsupervised sentence similarity comparison tasks. Similar efforts can be seen where researchers try to provide syntax information via self-attention mechanism <ref type="bibr" target="#b0">(Bai et al., 2021;</ref><ref type="bibr" target="#b19">Li et al., 2020)</ref>. Self-Explain model proposed by <ref type="bibr" target="#b28">Sun et al. (2020)</ref> focuses on continuous text spans. It generates sentence embeddings by taking the weighted sum over all possible continuous text spans rather than individual tokens in the sentence. Though, Self-Explain achieves improvements over SentiBERT and SemBERT on sentiment analysis and language inference tasks, the continuous span strategy only captures linear structure and not differences in linguistic structure. In this paper, we draw inspiration from it, designing a similar span-based component to incorporate predicate-argument spans.</p></div>
<div xmlns="http://www.tei-c.org/ns/1.0"><head n="3">Model</head><p>Our proposed model adopts the same conjoined twin architecture as SBERT and turns focus to the predicate-argument structure of the given sentence. As depicted in Figure <ref type="figure" target="#fig_0">1</ref>, the model consists of different components:</p><p>BERT: Each sentence is first fed into the pretrained BERT-base model to produce both a sentence representation, by applying mean-pooling over all token representations from the last hidden layer, and an original contextualised sequencelength token representation, which is used to derive predicate-argument span representations.</p></div>
<div xmlns="http://www.tei-c.org/ns/1.0"><head>Predicate Argument Spans (PAS):</head><p>We use Al-lenNLP <ref type="bibr" target="#b10">(Gardner et al., 2018)</ref> with its BERT-based semantic role labelling (SRL) tagger to obtain predicates and relevant arguments for all input sentences. We group the predicate and its arguments together to generate predicate-argument spans. The initial position in the sentence determines their position in the span. An example of such spans is shown below:</p></div>
<div xmlns="http://www.tei-c.org/ns/1.0"><head>He slices tomatoes in the kitchen</head><p>From this sentence, the predicate is the verb slices, and the three arguments are (he, tomatoes and in the kitchen), involving the relations (ARG0, ARG1 and ARGM-LOC), respectively. In this way, we form three predicate-argument spans and split them into individual words: (He, slices), (slices, tomatoes), (slices, in, the, kitchen). One sentence is likely to have multiple predicates, by adopting this strategy, we are able to obtain all potential predicateargument spans in the given sentence. We further utilise these extracted spans to form a span-based sentence representation. If no predicate-argument structure can be found in the sentence, we directly use the representation after mean-pooling over all tokens as its sentence representation.</p><p>Aggregation: After obtaining all predicateargument spans, we derive corresponding span representations by looking at BERT's token representations. In BERT/RoBERTa, tokenization yields subtokens, whereas in the created spans, we have an entire word token. To properly align them, we use the same tokenizer to break the original word into subtokens and represent it as a sequence of sub-tokens in the span if a sub-token exists. Given a predicateargument span sequence s = {s 1 , s 2 , ..., s N } in the sentence, where N denotes the number of spans and every span s i consists of tokens {x 1 , ..., x l } that make up the span. For each span s i , we obtain its dense vector representation h i by taking mean-pooling over all tokens in it:</p><formula xml:id="formula_0">h i = M eanP ooling(x 1 , .., x l ) (1)</formula><p>Therefore, the whole representation for span sequence s is represented as</p><formula xml:id="formula_1">h = {h 1 , h 2 , ..., h N }, where h i ∈ R D .</formula><p>Then, we aggregate information from all spans using a simple self-attentive mechanism. Following <ref type="bibr" target="#b28">Sun et al. (2020)</ref>, this is achieved by first assigning weights α i to each span h i and combining these representations using weighted sum: where W ∈ R 1×D and b are learnable parameters.</p><formula xml:id="formula_2">o i = W • h i + b α i = exp(o i ) N j=1 exp(o j )<label>(2)</label></formula><p>The span-based sentence representation ĥ from the aggregation component is the weighted average of all predicate-argument span representations:</p><formula xml:id="formula_3">ĥ = N i=1 α i • h i<label>(3)</label></formula><p>The weights are learned during training. This gives the model flexibility to decide the best combination method on its own. The combination of selfattentive mechanism and predicate-argument spans allow us to construct structure-aware sentence embeddings without introducing a large number of parameters.</p><p>Connect BERT and Aggregation: The final sentence representation is the concatenation of both BERT mean-pooling based sentence representation and the span-based sentence representation. Sentence embeddings of the given sentence-pair are then combined using vector operations before passing to the final classifier for training as shown in Figure <ref type="figure" target="#fig_0">1</ref>. To combine the embeddings, we use the concatenation of the element-wise multiplication u * v and the absolute element-wise difference |u−v|. This is different to the typical concatenation strategy used with SBERT/SRoBERTa <ref type="bibr" target="#b26">(Reimers and Gurevych, 2019)</ref> which introduces asymmetry into the task by using <ref type="bibr">(u, v, |u-v|)</ref>. In initial experiments, we tested the prediction consistency of SBERT on paraphrase tasks and found that, across different datasets, between 2.78% and 9.16% of test predictions change when the sentence order is reversed. Furthermore, here, we find that SBERT performs worse on paraphrase tasks with (u, v, |u-v|) compared to (|u-v|, u * v). Results are given in Table <ref type="table" target="#tab_4">5</ref> and discussed in Section 5.1.</p><p>Finally, we note that in this twin structure, all parameters are shared and are updated accordingly. Cross-entropy loss is used for optimisation.</p></div>
<div xmlns="http://www.tei-c.org/ns/1.0"><head n="4">Experiments</head><p>We compare our model with SBERT, SRoBERTa<ref type="foot" target="#foot_0">1</ref> and the SBERT-RGCN <ref type="bibr" target="#b25">(Peng et al., 2021)</ref> which utilises RGCN to incorporate structures into SBERT with an introduction of 32 million extra parameters<ref type="foot" target="#foot_1">2</ref> . The original sentence-pair aggregation strategy of these models is <ref type="bibr">(u, v, |u-v|)</ref>. We modify this to (|u-v|, u * v) as discussed in Section 3, but we retain the original notation. We adopt their structures and directly fine-tune the whole model on downstream tasks from the original BERT/RoBERTa checkpoints. We considered two strategies to apply SBERT on classification inference. One involved finding the optimal similarity threshold on the development set and then applying it on the test set, while the other involved directly using the trained classifier. In this paper, we adopted the latter approach since we find it gave improved and more robust results.</p></div>
<div xmlns="http://www.tei-c.org/ns/1.0"><head n="4.1">Datasets</head><p>We evaluate our model on six binary paraphrase identification benchmarks. The statistics of these datasets are listed in Table <ref type="table">1</ref>. Below we give some basic descriptions:</p><p>• Microsoft Research Paraphrase Corpus (MSRP): A corpus of sentence pairs obtained by clustering news articles with an SVM classifier and human annotations <ref type="bibr" target="#b9">(Dolan and Brockett, 2005)</ref>. It has 4,076 train data and 1,725 test data. In this paper, we split 10% of training data as the validation set according to GLUE <ref type="bibr" target="#b30">(Wang et al., 2019)</ref> standardised splits.</p><p>• TwitterURL: To better study the realistic language usage, <ref type="bibr" target="#b17">Lan et al. (2017)</ref> proposed the TwitterURL corpus where sentence pairs in the dataset are collected from tweets that share the same URL of news articles.</p><p>• PIT2015: The corpus is derived from Twitter's trending topic data, containing 18,763 sentence pairs on more than 400 distinct topics <ref type="bibr" target="#b34">(Xu et al., 2015)</ref>. Given we are dealing with binary classification, we discard debatable sentence pairs according to its guideline and obtain 16,510 sentence pairs in total. This dataset contains paraphrase pairs that are lexically diverse and non-paraphrase pairs that are lexically similar, but semantically dissimilar. To capture these properties, models are assumed to be structure-aware.</p><p>• Quora Question Pairs (QQP): The Quora Question Pairs dataset is a collection of potential duplicate question pairs from the QA website Quora.com <ref type="bibr" target="#b14">(Iyer et al., 2017)</ref>. In this paper, we adopt the same split strategy as in <ref type="bibr" target="#b31">Wang et al. (2017)</ref>.</p><p>• </p></div>
<div xmlns="http://www.tei-c.org/ns/1.0"><head n="4.2">Training Details</head><p>Following the SBERT training protocol, we train all models with a batch-size of 16. We tune the learning rate in the range of (1e-5, 2e-5, 5e-5) with Adam optimizer and a linear learning rate warmup over 10% of the training data. All models are trained for four epochs and use the development set for early stopping with a patience of 5. The evaluation step depends on actual tasks but roughly we evaluate them on the development set twice each epoch. The maximum sequence length is set to be 128. All experiments are conducted on NVIDIA Titan V GPUs.</p></div>
<div xmlns="http://www.tei-c.org/ns/1.0"><head n="4.3">Evaluation</head><p>The main experiment results are summarised in Table 2. We report the averaged F1 score of positive class with standard error. In the table, we see that the proposed model consistently outperforms its SBERT and SRoBERTa versions on 5 paraphrase identification tasks and show competitive, but not statistically significantly different results on QQP. As also revealed by <ref type="bibr" target="#b40">Zhang et al. (2019b)</ref>  reason that the QQP task is relatively easy and does not require much structural information to achieve high scores. For tasks like PAWS_QQP and PIT2015 where structures are more important, the performance gap is more apparent. Furthermore, despite bringing in more than 30 million parameters and explicitly encoding sentence structures with a complex model, SBERT-RGCN does not significantly outperform SBERT on most of these tasks (excluding PIT2015) and underperforms our proposed model.</p><p>In summary, the proposed model shows improved performances on five out of six paraphrase tasks, demonstrating the advantages of bringing in the predicate-argument structure. Moreover, when we combine PAS with SRoBERTa, we get similar performance gains, proving the generalisation ability of our component. Similarly in <ref type="bibr" target="#b26">Reimers and Gurevych (2019)</ref>, we only observe minor differences by replacing SBERT with SRoBERTa.</p><p>The number of parameters for different approaches are shown in Table <ref type="table" target="#tab_2">3</ref>. We note that compared to SBERT, our proposed model introduces 3,840 additional parameters, and if we only consider the span-based component, only 768 additional parameters are introduced. In comparison, SBERT-RGCN brings in more than 32 million parameters.</p></div>
<div xmlns="http://www.tei-c.org/ns/1.0"><head n="5">Analysis</head><p>In order to better understand how the performance gain is achieved, we have carried out several experiments to investigate different aspects of the proposed model. The following experiments are conducted only with SBERT, since we would expect similar results with SRoBERTa.</p></div>
<div xmlns="http://www.tei-c.org/ns/1.0"><head n="5.1">Ablation Study</head><p>Our proposed model is made of different components and so it is important to dissect the impact of each component so as to explain the improved performance. Given that the final sentence representation is the concatenation of both mean-pooling based BERT representation and the weighted sum of span representations, we first assess their performances individually on six datasets. Furthermore, it is necessary to assess the impact of adopting the weighted sum strategy when we derive span-based sentence representations. We experimented with simple averaging over all spans and compared it with the weighted sum where the model learns to combine different spans.</p><p>The ablation experiment results are shown in Table 4. The SBERT-only component appears to perform the poorest, and the complete model achieves the highest performance on five out of six tasks. By only using the span-based sentence representation, we are able to achieve significant improvements over SBERT on most of these tasks. The improvements are more substantial when concatenating with SBERT sentence representations. We observe considerable performance decreases on most tasks when switching from weighted sum to simple averaging, which further verifies the benefits of adopting learnable weights.</p><p>The original asymmetric sentence aggregation strategy <ref type="bibr">(u, v, |u-v|)</ref>  sentence embeddings. u * v has been widely used elsewhere <ref type="bibr" target="#b6">(Conneau et al., 2017;</ref><ref type="bibr" target="#b2">Cer et al., 2018)</ref> and we found that concatenating this with |u-v| gave the best performance on all tasks. The results are summarised in Table <ref type="table" target="#tab_4">5</ref>. Therefore, we use (|u-v|, u * v) as our concatenation method for all of our other experiments.</p></div>
<div xmlns="http://www.tei-c.org/ns/1.0"><head n="5.2">Span Strategy Analysis</head><p>The impact of incorporating predicate-argument spans into SBERT in terms of the performance on various paraphrase identification tasks has been investigated in the above experiments. We now address the question of whether it is the use of specifically predicate-argument based spans that is critical, or whether this is simply a result of the fact that we are benefiting from the use of representations based on spans rather than all tokens. To verify this, we further conduct experiments with different span strategies. We pick three paraphrase identification datasets for this purpose (MSRP, PAWS_QQP and PIT2015) since performance gaps between PAS+SBERT and SBERT are more apparent in previous experiments.</p><p>Here we experiment with two other span strategies. The first, inspired by the Self-Explain model <ref type="bibr" target="#b28">(Sun et al., 2020)</ref>, is the continuous random span, where instead of following the predicate-argument structure, we randomly sample continuous word sequences from the sentence to build a span. The length of the sampled spans is arbitrary. To make a fair comparison, the number of sampled spans is the same as that of the predicate-argument spans in the sentence. The other one is random span, where we do not necessarily sample continuous words, but allow word leaps from one to another. In this strategy, we have the opportunity to get both continuous and discontinuous word sequences to form spans, which better matches the scenario of PAS.</p><p>The only difference between these two strategies and PAS is the words in the span.</p><p>We also experiment with a bi-encoder approach more directly based on the Self-Explain crossencoder model <ref type="bibr" target="#b28">(Sun et al., 2020)</ref>. This model extracts all possible continuous text spans and obtains span representations by taking the first and last token in the span, passing them through a complex mapping function. Unlike our PAS model, this Table <ref type="table" target="#tab_5">6</ref> shows the results. In order to focus on the impact of different span strategies, we only use the PAS component and do not concatenate it with SBERT sentence representations in this experiment. As shown in the table, the PAS-based model outperforms the Self-Explain inspired biencoder model and achieves the best performance among all other span-based models. The continuous random span and the random span model have comparable performances with SBERT. This is expected because they do not introduce linguisticallymeaningful structures and the impact of contextualisation makes them similar to SBERT despite the absence of some tokens. Despite introducing 2.36 million more parameters, the Self-Explain inspired bi-encoder model does not show consistent improvements over SBERT on these datasets, which further suggests the importance of the predicateargument structure in this paraphrase identification task.</p></div>
<div xmlns="http://www.tei-c.org/ns/1.0"><head n="5.3">Training Size Analysis</head><p>In order to examine the stability of our model and the impact of the predicate-argument structure when different sizes of training data are available, we conduct experiments with different training data scales. We randomly sample from 10% to 100% data (10%, 30%, 60%, 100%) from the training set as training data. We show the results in Fig-ure 2. In spite of limited increased parameters, the proposed model appears to yield consistent improvements across different training scales. We also note that, whilst our proposed model performs comparably to SBERT on QQP when trained with the complete data-set, we can see that when only a small proportion of training data (e.g. 10%, 30%) is available, our model demonstrates improvements over SBERT. Thus the introduction of predicateargument structures may be more beneficial with limited annotated training data.</p></div>
<div xmlns="http://www.tei-c.org/ns/1.0"><head n="6">Conclusion</head><p>In this work, we propose a method which effectively introduces sentence structure to a sentence embedding via the aggregation of predicateargument spans (PAS). Experiments with SBERT and SRoBERTa show that such method brings improvements on six paraphrase identification tasks. Compared to models based on RGCNs, our method obtains more consistent benefits with minimal increased cost in terms of numbers of parameters. Upon closer investigation, we show that the PAS component and its learnable weights play a substantial impact in the performance gain. This PAS component, as demonstrated with SRoBERTa, can be easily extended to other models that require the generation of sentence embeddings. Our future work will include enhancing the structural difference between sentences by taking use of the argument tag information.</p></div><figure xmlns="http://www.tei-c.org/ns/1.0" xml:id="fig_0"><head>Figure 1 :</head><label>1</label><figDesc>Figure 1: The proposed model in twin structure. All parameters are shared between two encoders. The final sentence representation is the concatenation of the mean-pooling based sentence representation and the span-based sentence representation.</figDesc><graphic coords="4,79.36,70.85,436.57,200.41" type="bitmap" /></figure>
<figure xmlns="http://www.tei-c.org/ns/1.0" xml:id="fig_1"><head>Figure 2 :</head><label>2</label><figDesc>Figure 2: Performance of SBERT and our proposed model on six benchmarks with different training data size. X-axis: Percent of supervised training data. Y-axis: F1 score of the positive class. The coloured bands indicate the standard error across 5 random runs.</figDesc></figure>
<figure xmlns="http://www.tei-c.org/ns/1.0" type="table" xml:id="tab_1"><head>Table 2 :</head><label>2</label><figDesc>, negative examples in QQP often have low lexical overlap, and models trained on it tend to mark any sentence pairs with high word overlap as paraphrases. We Results on six paraphrase identification tasks, we calculate the F1 score of the positive class given most of them are imbalanced datasets. We run 5 times with random seeds and report the mean with standard error. Cells marked bold have the best performance in each column.</figDesc><table><row><cell></cell><cell>QQP</cell><cell>TwitterURL</cell><cell>MSRP</cell><cell cols="2">PAWS_Wiki PAWS_QQP</cell><cell>PIT2015</cell></row><row><cell>SBERT</cell><cell cols="4">90.78±0.09 70.85±0.28 81.67±0.46 81.57±0.53</cell><cell>66.01±0.45 52.03±1.44</cell></row><row><cell>SBERT-RGCN</cell><cell cols="4">90.41±0.09 70.40±0.22 81.70±0.17 81.14±0.81</cell><cell>66.22±0.75 59.11±0.93</cell></row><row><cell>PAS+SBERT</cell><cell cols="4">90.74±0.06 72.12±0.26 83.42±0.23 82.60±0.18</cell><cell>68.85±0.73 59.19±1.85</cell></row><row><cell>SRoBERTa</cell><cell cols="4">90.79±0.09 70.69±0.23 81.69±0.53 81.42±0.93</cell><cell>67.35±0.97 52.67±2.75</cell></row><row><cell cols="5">PAS+SRoBERTa 90.76±0.03 72.04±0.23 83.22±0.46 82.87±0.35</cell><cell>69.68±0.72 59.50±2.74</cell></row><row><cell></cell><cell></cell><cell>Params</cell><cell></cell><cell></cell></row><row><cell cols="2">SBERT-base</cell><cell>109M</cell><cell></cell><cell></cell></row><row><cell cols="2">PAS only</cell><cell>+768</cell><cell></cell><cell></cell></row><row><cell cols="2">PAS+SBERT</cell><cell>+3840</cell><cell></cell><cell></cell></row><row><cell cols="3">SBERT-RGCN + 32M</cell><cell></cell><cell></cell></row></table></figure>
<figure xmlns="http://www.tei-c.org/ns/1.0" type="table" xml:id="tab_2"><head>Table 3 :</head><label>3</label><figDesc>The parameter comparison between different models.</figDesc><table /></figure>
<figure xmlns="http://www.tei-c.org/ns/1.0" type="table" xml:id="tab_3"><head>Table 4 :</head><label>4</label><figDesc>Experimental results for ablation study. The second row gives the result for the complete model and following rows for different components. We calculate F1 score of the positive class and report the mean with standard error across 5 runs with random seeds. Cells marked bold perform the best among different components.</figDesc><table><row><cell>of SBERT assumes an ordering</cell></row><row><cell>of the sentences by concatenating two individual</cell></row></table></figure>
<figure xmlns="http://www.tei-c.org/ns/1.0" type="table" xml:id="tab_4"><head>Table 5 :</head><label>5</label><figDesc>Results on SBERT with different concatenation strategies. F1 score of the positive class with standard error across 5 random runs is reported. Cells marked bold give the best performance.</figDesc><table /></figure>
<figure xmlns="http://www.tei-c.org/ns/1.0" type="table" xml:id="tab_5"><head>Table 6 :</head><label>6</label><figDesc>Evaluation for different span strategies using our span-only component on three datasets. We calculate the F1 score of the positive class and report the mean with standard error across 5 runs with random seeds. Cells marked bold have the best performance in the row. * denotes the Self-Explain based bi-encoder.</figDesc><table><row><cell>Task</cell><cell>Span Type</cell><cell>Span only</cell><cell cols="2">Self-Explain* SBERT</cell></row><row><cell></cell><cell>PAS</cell><cell>82.91±0.12</cell><cell></cell><cell></cell></row><row><cell>MSRP</cell><cell>Continuous Random Span</cell><cell>81.40±0.43</cell><cell>81.23±0.27</cell><cell>81.67±0.46</cell></row><row><cell></cell><cell cols="2">Random Span 81.86±0.47</cell><cell></cell><cell></cell></row><row><cell></cell><cell>PAS</cell><cell>67.38±0.22</cell><cell></cell><cell></cell></row><row><cell>PAWS_QQP</cell><cell>Continuous Random Span</cell><cell>65.45±0.44</cell><cell>66.88±0.46</cell><cell>66.01±0.45</cell></row><row><cell></cell><cell cols="2">Random Span 65.75±0.74</cell><cell></cell><cell></cell></row><row><cell></cell><cell>PAS</cell><cell>54.95±1.45</cell><cell></cell><cell></cell></row><row><cell>PIT2015</cell><cell>Continuous Random Span</cell><cell>51.62±1.92</cell><cell>47.60±1.01</cell><cell>52.03±1.44</cell></row><row><cell></cell><cell cols="2">Random Span 50.85±2.11</cell><cell></cell><cell></cell></row></table></figure>
			<note xmlns="http://www.tei-c.org/ns/1.0" place="foot" n="1" xml:id="foot_0">https://github.com/UKPLab/sentence-transformers. Due to limited computational resources, all pre-trained models are of base size.</note>
			<note xmlns="http://www.tei-c.org/ns/1.0" place="foot" n="2" xml:id="foot_1">SBERT-RGCN tried both dependency and semantic parse trees. In the following experiments, we use semantic parse trees that that capture predicate-argument structures.</note>
		</body>
		<back>

			<div type="acknowledgement">
<div xmlns="http://www.tei-c.org/ns/1.0"><head>Acknowledgement</head><p>We thank all anonymous reviewers for their insightful comments, and NVIDIA for the donation of the GPU that supported our work. Also, we would like to thank Bowen Wang for helpful discussions and proofreading.</p></div>
			</div>

			<div type="references">

				<listBibl>

<biblStruct xml:id="b0">
	<analytic>
		<title level="a" type="main">Syntax-BERT: Improving pre-trained transformers with syntax trees</title>
		<author>
			<persName><forename type="first">Jiangang</forename><surname>Bai</surname></persName>
		</author>
		<author>
			<persName><forename type="first">Yujing</forename><surname>Wang</surname></persName>
		</author>
		<author>
			<persName><forename type="first">Yiren</forename><surname>Chen</surname></persName>
		</author>
		<author>
			<persName><forename type="first">Yaming</forename><surname>Yang</surname></persName>
		</author>
		<author>
			<persName><forename type="first">Jing</forename><surname>Bai</surname></persName>
		</author>
		<author>
			<persName><forename type="first">Jing</forename><surname>Yu</surname></persName>
		</author>
		<author>
			<persName><forename type="first">Yunhai</forename><surname>Tong</surname></persName>
		</author>
	</analytic>
	<monogr>
		<title level="m">Proceedings of the 16th Conference of the European Chapter of the Association for Computational Linguistics: Main Volume</title>
				<meeting>the 16th Conference of the European Chapter of the Association for Computational Linguistics: Main Volume</meeting>
		<imprint>
			<publisher>Online. Association for Computational Linguistics</publisher>
			<date type="published" when="2021">2021</date>
			<biblScope unit="page" from="3011" to="3020" />
		</imprint>
	</monogr>
	<note type="raw_reference">Jiangang Bai, Yujing Wang, Yiren Chen, Yaming Yang, Jing Bai, Jing Yu, and Yunhai Tong. 2021. Syntax- BERT: Improving pre-trained transformers with syn- tax trees. In Proceedings of the 16th Conference of the European Chapter of the Association for Com- putational Linguistics: Main Volume, pages 3011- 3020, Online. Association for Computational Lin- guistics.</note>
</biblStruct>

<biblStruct xml:id="b1">
	<analytic>
		<title level="a" type="main">What is a paraphrase?</title>
		<author>
			<persName><forename type="first">Rahul</forename><surname>Bhagat</surname></persName>
		</author>
		<author>
			<persName><forename type="first">Eduard</forename><surname>Hovy</surname></persName>
		</author>
	</analytic>
	<monogr>
		<title level="j">Computational Linguistics</title>
		<imprint>
			<biblScope unit="volume">39</biblScope>
			<biblScope unit="issue">3</biblScope>
			<biblScope unit="page" from="463" to="472" />
			<date type="published" when="2013">2013</date>
		</imprint>
	</monogr>
	<note type="raw_reference">Rahul Bhagat and Eduard Hovy. 2013. What is a para- phrase? Computational Linguistics, 39(3):463-472.</note>
</biblStruct>

<biblStruct xml:id="b2">
	<monogr>
		<author>
			<persName><forename type="first">Daniel</forename><surname>Cer</surname></persName>
		</author>
		<author>
			<persName><forename type="first">Yinfei</forename><surname>Yang</surname></persName>
		</author>
		<author>
			<persName><forename type="first">Sheng-Yi</forename><surname>Kong</surname></persName>
		</author>
		<author>
			<persName><forename type="first">Nan</forename><surname>Hua</surname></persName>
		</author>
		<author>
			<persName><forename type="first">Nicole</forename><surname>Limtiaco</surname></persName>
		</author>
		<author>
			<persName><forename type="first">Rhomni</forename><surname>St John</surname></persName>
		</author>
		<author>
			<persName><forename type="first">Noah</forename><surname>Constant</surname></persName>
		</author>
		<author>
			<persName><forename type="first">Mario</forename><surname>Guajardo-Céspedes</surname></persName>
		</author>
		<author>
			<persName><forename type="first">Steve</forename><surname>Yuan</surname></persName>
		</author>
		<author>
			<persName><forename type="first">Chris</forename><surname>Tar</surname></persName>
		</author>
		<idno type="arXiv">arXiv:1803.11175</idno>
		<title level="m">Universal sentence encoder</title>
				<imprint>
			<date type="published" when="2018">2018</date>
		</imprint>
	</monogr>
	<note type="report_type">arXiv preprint</note>
	<note type="raw_reference">Daniel Cer, Yinfei Yang, Sheng-yi Kong, Nan Hua, Nicole Limtiaco, Rhomni St John, Noah Constant, Mario Guajardo-Céspedes, Steve Yuan, Chris Tar, et al. 2018. Universal sentence encoder. arXiv preprint arXiv:1803.11175.</note>
</biblStruct>

<biblStruct xml:id="b3">
	<analytic>
		<title level="a" type="main">Pointwise paraphrase appraisal is potentially problematic</title>
		<author>
			<persName><forename type="first">Hannah</forename><surname>Chen</surname></persName>
		</author>
		<author>
			<persName><forename type="first">Yangfeng</forename><surname>Ji</surname></persName>
		</author>
		<author>
			<persName><forename type="first">David</forename><forename type="middle">K</forename><surname>Evans</surname></persName>
		</author>
	</analytic>
	<monogr>
		<title level="m">Proceedings of the 58th Annual Meeting of the Association for Computational Linguistics: Student Research Workshop</title>
				<meeting>the 58th Annual Meeting of the Association for Computational Linguistics: Student Research Workshop</meeting>
		<imprint>
			<date type="published" when="2020">2020</date>
			<biblScope unit="page" from="150" to="155" />
		</imprint>
	</monogr>
	<note type="raw_reference">Hannah Chen, Yangfeng Ji, and David K Evans. 2020. Pointwise paraphrase appraisal is potentially prob- lematic. In Proceedings of the 58th Annual Meet- ing of the Association for Computational Linguistics: Student Research Workshop, pages 150-155.</note>
</biblStruct>

<biblStruct xml:id="b4">
	<analytic>
		<title level="a" type="main">Enhanced lstm for natural language inference</title>
		<author>
			<persName><forename type="first">Qian</forename><surname>Chen</surname></persName>
		</author>
		<author>
			<persName><forename type="first">Xiaodan</forename><surname>Zhu</surname></persName>
		</author>
		<author>
			<persName><forename type="first">Zhen-Hua</forename><surname>Ling</surname></persName>
		</author>
		<author>
			<persName><forename type="first">Si</forename><surname>Wei</surname></persName>
		</author>
		<author>
			<persName><forename type="first">Hui</forename><surname>Jiang</surname></persName>
		</author>
		<author>
			<persName><forename type="first">Diana</forename><surname>Inkpen</surname></persName>
		</author>
	</analytic>
	<monogr>
		<title level="m">Proceedings of the 55th Annual Meeting of the Association for Computational Linguistics</title>
		<title level="s">Long Papers</title>
		<meeting>the 55th Annual Meeting of the Association for Computational Linguistics</meeting>
		<imprint>
			<date type="published" when="2017">2017</date>
			<biblScope unit="volume">1</biblScope>
			<biblScope unit="page" from="1657" to="1668" />
		</imprint>
	</monogr>
	<note type="raw_reference">Qian Chen, Xiaodan Zhu, Zhen-Hua Ling, Si Wei, Hui Jiang, and Diana Inkpen. 2017. Enhanced lstm for natural language inference. In Proceedings of the 55th Annual Meeting of the Association for Compu- tational Linguistics (Volume 1: Long Papers), pages 1657-1668.</note>
</biblStruct>

<biblStruct xml:id="b5">
	<analytic>
		<title level="a" type="main">What does bert look at? an analysis of bert&apos;s attention</title>
		<author>
			<persName><forename type="first">Kevin</forename><surname>Clark</surname></persName>
		</author>
		<author>
			<persName><forename type="first">Urvashi</forename><surname>Khandelwal</surname></persName>
		</author>
		<author>
			<persName><forename type="first">Omer</forename><surname>Levy</surname></persName>
		</author>
		<author>
			<persName><forename type="first">Christopher</forename><forename type="middle">D</forename><surname>Manning</surname></persName>
		</author>
	</analytic>
	<monogr>
		<title level="m">Proceedings of the 2019 ACL Workshop BlackboxNLP: Analyzing and Interpreting Neural Networks for NLP</title>
				<meeting>the 2019 ACL Workshop BlackboxNLP: Analyzing and Interpreting Neural Networks for NLP</meeting>
		<imprint>
			<date type="published" when="2019">2019</date>
			<biblScope unit="page" from="276" to="286" />
		</imprint>
	</monogr>
	<note type="raw_reference">Kevin Clark, Urvashi Khandelwal, Omer Levy, and Christopher D Manning. 2019. What does bert look at? an analysis of bert&apos;s attention. In Proceedings of the 2019 ACL Workshop BlackboxNLP: Analyzing and Interpreting Neural Networks for NLP, pages 276-286.</note>
</biblStruct>

<biblStruct xml:id="b6">
	<analytic>
		<title level="a" type="main">Supervised learning of universal sentence representations from natural language inference data</title>
		<author>
			<persName><forename type="first">Alexis</forename><surname>Conneau</surname></persName>
		</author>
		<author>
			<persName><forename type="first">Douwe</forename><surname>Kiela</surname></persName>
		</author>
		<author>
			<persName><forename type="first">Holger</forename><surname>Schwenk</surname></persName>
		</author>
		<author>
			<persName><forename type="first">Loïc</forename><surname>Barrault</surname></persName>
		</author>
		<author>
			<persName><forename type="first">Antoine</forename><surname>Bordes</surname></persName>
		</author>
		<idno type="DOI">10.18653/v1/D17-1070</idno>
	</analytic>
	<monogr>
		<title level="m">Proceedings of the 2017 Conference on Empirical Methods in Natural Language Processing</title>
				<meeting>the 2017 Conference on Empirical Methods in Natural Language Processing<address><addrLine>Copenhagen, Denmark</addrLine></address></meeting>
		<imprint>
			<publisher>Association for Computational Linguistics</publisher>
			<date type="published" when="2017">2017</date>
			<biblScope unit="page" from="670" to="680" />
		</imprint>
	</monogr>
	<note type="raw_reference">Alexis Conneau, Douwe Kiela, Holger Schwenk, Loïc Barrault, and Antoine Bordes. 2017. Supervised learning of universal sentence representations from natural language inference data. In Proceedings of the 2017 Conference on Empirical Methods in Nat- ural Language Processing, pages 670-680, Copen- hagen, Denmark. Association for Computational Linguistics.</note>
</biblStruct>

<biblStruct xml:id="b7">
	<analytic>
		<title level="a" type="main">Does syntax matter? a strong baseline for aspect-based sentiment analysis with roberta</title>
		<author>
			<persName><forename type="first">Junqi</forename><surname>Dai</surname></persName>
		</author>
		<author>
			<persName><forename type="first">Hang</forename><surname>Yan</surname></persName>
		</author>
		<author>
			<persName><forename type="first">Tianxiang</forename><surname>Sun</surname></persName>
		</author>
		<author>
			<persName><forename type="first">Pengfei</forename><surname>Liu</surname></persName>
		</author>
		<author>
			<persName><forename type="first">Xipeng</forename><surname>Qiu</surname></persName>
		</author>
	</analytic>
	<monogr>
		<title level="m">Proceedings of the 2021 Conference of the North American Chapter</title>
				<meeting>the 2021 Conference of the North American Chapter</meeting>
		<imprint>
			<publisher>Human Language Technologies</publisher>
			<date type="published" when="2021">2021</date>
			<biblScope unit="page" from="1816" to="1829" />
		</imprint>
	</monogr>
	<note type="raw_reference">Junqi Dai, Hang Yan, Tianxiang Sun, Pengfei Liu, and Xipeng Qiu. 2021. Does syntax matter? a strong baseline for aspect-based sentiment analysis with roberta. In Proceedings of the 2021 Conference of the North American Chapter of the Association for Computational Linguistics: Human Language Tech- nologies, pages 1816-1829.</note>
</biblStruct>

<biblStruct xml:id="b8">
	<analytic>
		<title level="a" type="main">Bert: Pre-training of deep bidirectional transformers for language understanding</title>
		<author>
			<persName><forename type="first">Jacob</forename><surname>Devlin</surname></persName>
		</author>
		<author>
			<persName><forename type="first">Ming-Wei</forename><surname>Chang</surname></persName>
		</author>
		<author>
			<persName><forename type="first">Kenton</forename><surname>Lee</surname></persName>
		</author>
		<author>
			<persName><forename type="first">Kristina</forename><surname>Toutanova</surname></persName>
		</author>
	</analytic>
	<monogr>
		<title level="m">Proceedings of the 2019 Conference of the North American Chapter</title>
		<title level="s">Long and Short Papers</title>
		<meeting>the 2019 Conference of the North American Chapter</meeting>
		<imprint>
			<publisher>Human Language Technologies</publisher>
			<date type="published" when="2019">2019</date>
			<biblScope unit="volume">1</biblScope>
			<biblScope unit="page" from="4171" to="4186" />
		</imprint>
	</monogr>
	<note type="raw_reference">Jacob Devlin, Ming-Wei Chang, Kenton Lee, and Kristina Toutanova. 2019. Bert: Pre-training of deep bidirectional transformers for language under- standing. In Proceedings of the 2019 Conference of the North American Chapter of the Association for Computational Linguistics: Human Language Tech- nologies, Volume 1 (Long and Short Papers), pages 4171-4186.</note>
</biblStruct>

<biblStruct xml:id="b9">
	<analytic>
		<title level="a" type="main">Automatically constructing a corpus of sentential paraphrases</title>
		<author>
			<persName><forename type="first">William</forename><forename type="middle">B</forename><surname>Dolan</surname></persName>
		</author>
		<author>
			<persName><forename type="first">Chris</forename><surname>Brockett</surname></persName>
		</author>
	</analytic>
	<monogr>
		<title level="m">Proceedings of the Third International Workshop on Paraphrasing (IWP2005)</title>
				<meeting>the Third International Workshop on Paraphrasing (IWP2005)</meeting>
		<imprint>
			<date type="published" when="2005">2005</date>
		</imprint>
	</monogr>
	<note type="raw_reference">William B. Dolan and Chris Brockett. 2005. Automati- cally constructing a corpus of sentential paraphrases. In Proceedings of the Third International Workshop on Paraphrasing (IWP2005).</note>
</biblStruct>

<biblStruct xml:id="b10">
	<analytic>
		<title level="a" type="main">AllenNLP: A deep semantic natural language processing platform</title>
		<author>
			<persName><forename type="first">Matt</forename><surname>Gardner</surname></persName>
		</author>
		<author>
			<persName><forename type="first">Joel</forename><surname>Grus</surname></persName>
		</author>
		<author>
			<persName><forename type="first">Mark</forename><surname>Neumann</surname></persName>
		</author>
		<author>
			<persName><forename type="first">Oyvind</forename><surname>Tafjord</surname></persName>
		</author>
		<author>
			<persName><forename type="first">Pradeep</forename><surname>Dasigi</surname></persName>
		</author>
		<author>
			<persName><forename type="first">Nelson</forename><forename type="middle">F</forename><surname>Liu</surname></persName>
		</author>
		<author>
			<persName><forename type="first">Matthew</forename><surname>Peters</surname></persName>
		</author>
		<author>
			<persName><forename type="first">Michael</forename><surname>Schmitz</surname></persName>
		</author>
		<author>
			<persName><forename type="first">Luke</forename><surname>Zettlemoyer</surname></persName>
		</author>
		<idno type="DOI">10.18653/v1/W18-2501</idno>
	</analytic>
	<monogr>
		<title level="m">Proceedings of Workshop for NLP Open Source Software (NLP-OSS)</title>
				<meeting>Workshop for NLP Open Source Software (NLP-OSS)<address><addrLine>Melbourne, Australia</addrLine></address></meeting>
		<imprint>
			<publisher>Association for Computational Linguistics</publisher>
			<date type="published" when="2018">2018</date>
			<biblScope unit="page" from="1" to="6" />
		</imprint>
	</monogr>
	<note type="raw_reference">Matt Gardner, Joel Grus, Mark Neumann, Oyvind Tafjord, Pradeep Dasigi, Nelson F. Liu, Matthew Pe- ters, Michael Schmitz, and Luke Zettlemoyer. 2018. AllenNLP: A deep semantic natural language pro- cessing platform. In Proceedings of Workshop for NLP Open Source Software (NLP-OSS), pages 1- 6, Melbourne, Australia. Association for Computa- tional Linguistics.</note>
</biblStruct>

<biblStruct xml:id="b11">
	<analytic>
		<title level="a" type="main">Is supervised syntactic parsing beneficial for language understanding tasks? an empirical investigation</title>
		<author>
			<persName><forename type="first">Goran</forename><surname>Glavaš</surname></persName>
		</author>
		<author>
			<persName><forename type="first">Ivan</forename><surname>Vulić</surname></persName>
		</author>
	</analytic>
	<monogr>
		<title level="m">Proceedings of the 16th Conference of the European Chapter of the Association for Computational Linguistics: Main Volume</title>
				<meeting>the 16th Conference of the European Chapter of the Association for Computational Linguistics: Main Volume</meeting>
		<imprint>
			<date type="published" when="2021">2021</date>
			<biblScope unit="page" from="3090" to="3104" />
		</imprint>
	</monogr>
	<note type="raw_reference">Goran Glavaš and Ivan Vulić. 2021. Is supervised syntactic parsing beneficial for language understand- ing tasks? an empirical investigation. In Proceed- ings of the 16th Conference of the European Chap- ter of the Association for Computational Linguistics: Main Volume, pages 3090-3104.</note>
</biblStruct>

<biblStruct xml:id="b12">
	<analytic>
		<title level="a" type="main">Pairwise word interaction modeling with deep neural networks for semantic similarity measurement</title>
		<author>
			<persName><forename type="first">Hua</forename><surname>He</surname></persName>
		</author>
		<author>
			<persName><forename type="first">Jimmy</forename><surname>Lin</surname></persName>
		</author>
	</analytic>
	<monogr>
		<title level="m">Proceedings of the 2016 conference of the north American chapter of the Association for Computational Linguistics: human language technologies</title>
				<meeting>the 2016 conference of the north American chapter of the Association for Computational Linguistics: human language technologies</meeting>
		<imprint>
			<date type="published" when="2016">2016</date>
			<biblScope unit="page" from="937" to="948" />
		</imprint>
	</monogr>
	<note type="raw_reference">Hua He and Jimmy Lin. 2016. Pairwise word interac- tion modeling with deep neural networks for seman- tic similarity measurement. In Proceedings of the 2016 conference of the north American chapter of the Association for Computational Linguistics: hu- man language technologies, pages 937-948.</note>
</biblStruct>

<biblStruct xml:id="b13">
	<analytic>
		<title level="a" type="main">A structural probe for finding syntax in word representations</title>
		<author>
			<persName><forename type="first">John</forename><surname>Hewitt</surname></persName>
		</author>
		<author>
			<persName><forename type="first">Christopher</forename><forename type="middle">D</forename><surname>Manning</surname></persName>
		</author>
	</analytic>
	<monogr>
		<title level="m">Proceedings of the 2019 Conference of the North American Chapter of the Association for Computational Linguistics: Human Language Technologies</title>
		<title level="s">Long and Short Papers</title>
		<meeting>the 2019 Conference of the North American Chapter of the Association for Computational Linguistics: Human Language Technologies</meeting>
		<imprint>
			<date type="published" when="2019">2019</date>
			<biblScope unit="volume">1</biblScope>
			<biblScope unit="page" from="4129" to="4138" />
		</imprint>
	</monogr>
	<note type="raw_reference">John Hewitt and Christopher D Manning. 2019. A structural probe for finding syntax in word represen- tations. In Proceedings of the 2019 Conference of the North American Chapter of the Association for Computational Linguistics: Human Language Tech- nologies, Volume 1 (Long and Short Papers), pages 4129-4138.</note>
</biblStruct>

<biblStruct xml:id="b14">
	<monogr>
		<title level="m" type="main">First quora dataset release: Question pairs. data. quora. com</title>
		<author>
			<persName><forename type="first">Shankar</forename><surname>Iyer</surname></persName>
		</author>
		<author>
			<persName><forename type="first">Nikhil</forename><surname>Dandekar</surname></persName>
		</author>
		<author>
			<persName><forename type="first">Kornél</forename><surname>Csernai</surname></persName>
		</author>
		<imprint>
			<date type="published" when="2017">2017</date>
		</imprint>
	</monogr>
	<note type="raw_reference">Shankar Iyer, Nikhil Dandekar, Kornél Csernai, et al. 2017. First quora dataset release: Question pairs. data. quora. com.</note>
</biblStruct>

<biblStruct xml:id="b15">
	<analytic>
		<title level="a" type="main">Paraphrase identification on the basis of supervised machine learning techniques</title>
		<author>
			<persName><forename type="first">Zornitsa</forename><surname>Kozareva</surname></persName>
		</author>
		<author>
			<persName><forename type="first">Andrés</forename><surname>Montoyo</surname></persName>
		</author>
	</analytic>
	<monogr>
		<title level="m">International conference on natural language processing</title>
				<meeting><address><addrLine>Finland</addrLine></address></meeting>
		<imprint>
			<publisher>Springer</publisher>
			<date type="published" when="2006">2006</date>
			<biblScope unit="page" from="524" to="533" />
		</imprint>
	</monogr>
	<note type="raw_reference">Zornitsa Kozareva and Andrés Montoyo. 2006. Para- phrase identification on the basis of supervised ma- chine learning techniques. In International confer- ence on natural language processing (in Finland), pages 524-533. Springer.</note>
</biblStruct>

<biblStruct xml:id="b16">
	<analytic>
		<title level="a" type="main">Generation of single-sentence paraphrases from predicate/argument structure using lexico-grammatical resources</title>
		<author>
			<persName><forename type="first">Raymond</forename><surname>Kozlowski</surname></persName>
		</author>
		<author>
			<persName><forename type="first">Kathleen</forename><forename type="middle">F</forename><surname>Mccoy</surname></persName>
		</author>
		<author>
			<persName><forename type="first">K</forename><surname>Vijay-Shanker</surname></persName>
		</author>
	</analytic>
	<monogr>
		<title level="m">Proceedings of the second international workshop on Paraphrasing</title>
				<meeting>the second international workshop on Paraphrasing</meeting>
		<imprint>
			<date type="published" when="2003">2003</date>
			<biblScope unit="page" from="1" to="8" />
		</imprint>
	</monogr>
	<note type="raw_reference">Raymond Kozlowski, Kathleen F McCoy, and K Vijay- Shanker. 2003. Generation of single-sentence para- phrases from predicate/argument structure using lexico-grammatical resources. In Proceedings of the second international workshop on Paraphrasing, pages 1-8.</note>
</biblStruct>

<biblStruct xml:id="b17">
	<analytic>
		<title level="a" type="main">A continuously growing dataset of sentential paraphrases</title>
		<author>
			<persName><forename type="first">Wuwei</forename><surname>Lan</surname></persName>
		</author>
		<author>
			<persName><forename type="first">Siyu</forename><surname>Qiu</surname></persName>
		</author>
		<author>
			<persName><forename type="first">Hua</forename><surname>He</surname></persName>
		</author>
		<author>
			<persName><forename type="first">Wei</forename><surname>Xu</surname></persName>
		</author>
	</analytic>
	<monogr>
		<title level="m">Proceedings of the 2017 Conference on Empirical Methods in Natural Language Processing</title>
				<meeting>the 2017 Conference on Empirical Methods in Natural Language Processing</meeting>
		<imprint>
			<date type="published" when="2017">2017</date>
			<biblScope unit="page" from="1224" to="1234" />
		</imprint>
	</monogr>
	<note type="raw_reference">Wuwei Lan, Siyu Qiu, Hua He, and Wei Xu. 2017. A continuously growing dataset of sentential para- phrases. In Proceedings of the 2017 Conference on Empirical Methods in Natural Language Processing, pages 1224-1234.</note>
</biblStruct>

<biblStruct xml:id="b18">
	<analytic>
		<title level="a" type="main">Character-based neural networks for sentence pair modeling</title>
		<author>
			<persName><forename type="first">Wuwei</forename><surname>Lan</surname></persName>
		</author>
		<author>
			<persName><forename type="first">Wei</forename><surname>Xu</surname></persName>
		</author>
	</analytic>
	<monogr>
		<title level="m">Proceedings of the 2018 Conference of the North American Chapter of the Association for Computational Linguistics: Human Language Technologies</title>
		<title level="s">Short Papers</title>
		<meeting>the 2018 Conference of the North American Chapter of the Association for Computational Linguistics: Human Language Technologies</meeting>
		<imprint>
			<date type="published" when="2018">2018</date>
			<biblScope unit="volume">2</biblScope>
			<biblScope unit="page" from="157" to="163" />
		</imprint>
	</monogr>
	<note type="raw_reference">Wuwei Lan and Wei Xu. 2018. Character-based neural networks for sentence pair modeling. In Proceed- ings of the 2018 Conference of the North American Chapter of the Association for Computational Lin- guistics: Human Language Technologies, Volume 2 (Short Papers), pages 157-163.</note>
</biblStruct>

<biblStruct xml:id="b19">
	<monogr>
		<title level="m" type="main">Improving bert with syntax-aware local attention</title>
		<author>
			<persName><forename type="first">Zhongli</forename><surname>Li</surname></persName>
		</author>
		<author>
			<persName><forename type="first">Qingyu</forename><surname>Zhou</surname></persName>
		</author>
		<author>
			<persName><forename type="first">Chao</forename><surname>Li</surname></persName>
		</author>
		<author>
			<persName><forename type="first">Ke</forename><surname>Xu</surname></persName>
		</author>
		<author>
			<persName><forename type="first">Yunbo</forename><surname>Cao</surname></persName>
		</author>
		<idno type="arXiv">arXiv:2012.15150</idno>
		<imprint>
			<date type="published" when="2020">2020</date>
		</imprint>
	</monogr>
	<note type="report_type">arXiv preprint</note>
	<note type="raw_reference">Zhongli Li, Qingyu Zhou, Chao Li, Ke Xu, and Yunbo Cao. 2020. Improving bert with syntax-aware local attention. arXiv preprint arXiv:2012.15150.</note>
</biblStruct>

<biblStruct xml:id="b20">
	<analytic>
		<title level="a" type="main">Incorporating contextual and syntactic structures improves semantic similarity modeling</title>
		<author>
			<persName><forename type="first">Linqing</forename><surname>Liu</surname></persName>
		</author>
		<author>
			<persName><forename type="first">Wei</forename><surname>Yang</surname></persName>
		</author>
		<author>
			<persName><forename type="first">Jinfeng</forename><surname>Rao</surname></persName>
		</author>
		<author>
			<persName><forename type="first">Raphael</forename><surname>Tang</surname></persName>
		</author>
		<author>
			<persName><forename type="first">Jimmy</forename><surname>Lin</surname></persName>
		</author>
	</analytic>
	<monogr>
		<title level="m">Proceedings of the 2019 Conference on Empirical Methods in Natural Language Processing and the 9th International Joint Conference on Natural Language Processing</title>
				<meeting>the 2019 Conference on Empirical Methods in Natural Language Processing and the 9th International Joint Conference on Natural Language Processing</meeting>
		<imprint>
			<publisher>EMNLP-IJCNLP</publisher>
			<date type="published" when="2019">2019a</date>
			<biblScope unit="page" from="1204" to="1209" />
		</imprint>
	</monogr>
	<note type="raw_reference">Linqing Liu, Wei Yang, Jinfeng Rao, Raphael Tang, and Jimmy Lin. 2019a. Incorporating contextual and syntactic structures improves semantic similar- ity modeling. In Proceedings of the 2019 Confer- ence on Empirical Methods in Natural Language Processing and the 9th International Joint Confer- ence on Natural Language Processing (EMNLP- IJCNLP), pages 1204-1209.</note>
</biblStruct>

<biblStruct xml:id="b21">
	<monogr>
		<author>
			<persName><forename type="first">Yinhan</forename><surname>Liu</surname></persName>
		</author>
		<author>
			<persName><forename type="first">Myle</forename><surname>Ott</surname></persName>
		</author>
		<author>
			<persName><forename type="first">Naman</forename><surname>Goyal</surname></persName>
		</author>
		<author>
			<persName><forename type="first">Jingfei</forename><surname>Du</surname></persName>
		</author>
		<author>
			<persName><forename type="first">Mandar</forename><surname>Joshi</surname></persName>
		</author>
		<author>
			<persName><forename type="first">Danqi</forename><surname>Chen</surname></persName>
		</author>
		<author>
			<persName><forename type="first">Omer</forename><surname>Levy</surname></persName>
		</author>
		<author>
			<persName><forename type="first">Mike</forename><surname>Lewis</surname></persName>
		</author>
		<author>
			<persName><forename type="first">Luke</forename><surname>Zettlemoyer</surname></persName>
		</author>
		<author>
			<persName><forename type="first">Veselin</forename><surname>Stoyanov</surname></persName>
		</author>
		<idno type="arXiv">arXiv:1907.11692</idno>
		<title level="m">Roberta: A robustly optimized bert pretraining approach</title>
				<imprint>
			<date type="published" when="2019">2019b</date>
		</imprint>
	</monogr>
	<note type="report_type">arXiv preprint</note>
	<note type="raw_reference">Yinhan Liu, Myle Ott, Naman Goyal, Jingfei Du, Man- dar Joshi, Danqi Chen, Omer Levy, Mike Lewis, Luke Zettlemoyer, and Veselin Stoyanov. 2019b. Roberta: A robustly optimized bert pretraining ap- proach. arXiv preprint arXiv:1907.11692.</note>
</biblStruct>

<biblStruct xml:id="b22">
	<analytic>
		<title level="a" type="main">Corpus-based and knowledge-based measures of text semantic similarity</title>
		<author>
			<persName><forename type="first">Rada</forename><surname>Mihalcea</surname></persName>
		</author>
		<author>
			<persName><forename type="first">Courtney</forename><surname>Corley</surname></persName>
		</author>
		<author>
			<persName><forename type="first">Carlo</forename><surname>Strapparava</surname></persName>
		</author>
	</analytic>
	<monogr>
		<title level="m">Aaai</title>
				<imprint>
			<date type="published" when="2006">2006</date>
			<biblScope unit="volume">6</biblScope>
			<biblScope unit="page" from="775" to="780" />
		</imprint>
	</monogr>
	<note type="raw_reference">Rada Mihalcea, Courtney Corley, Carlo Strapparava, et al. 2006. Corpus-based and knowledge-based measures of text semantic similarity. In Aaai, vol- ume 6, pages 775-780.</note>
</biblStruct>

<biblStruct xml:id="b23">
	<analytic>
		<title level="a" type="main">Siamese recurrent architectures for learning sentence similarity</title>
		<author>
			<persName><forename type="first">Jonas</forename><surname>Mueller</surname></persName>
		</author>
		<author>
			<persName><forename type="first">Aditya</forename><surname>Thyagarajan</surname></persName>
		</author>
	</analytic>
	<monogr>
		<title level="m">Proceedings of the AAAI conference on artificial intelligence</title>
				<meeting>the AAAI conference on artificial intelligence</meeting>
		<imprint>
			<date type="published" when="2016">2016</date>
			<biblScope unit="volume">30</biblScope>
		</imprint>
	</monogr>
	<note type="raw_reference">Jonas Mueller and Aditya Thyagarajan. 2016. Siamese recurrent architectures for learning sentence similar- ity. In Proceedings of the AAAI conference on artifi- cial intelligence, volume 30.</note>
</biblStruct>

<biblStruct xml:id="b24">
	<analytic>
		<title level="a" type="main">Text matching as image recognition</title>
		<author>
			<persName><forename type="first">Liang</forename><surname>Pang</surname></persName>
		</author>
		<author>
			<persName><forename type="first">Yanyan</forename><surname>Lan</surname></persName>
		</author>
		<author>
			<persName><forename type="first">Jiafeng</forename><surname>Guo</surname></persName>
		</author>
		<author>
			<persName><forename type="first">Jun</forename><surname>Xu</surname></persName>
		</author>
		<author>
			<persName><forename type="first">Shengxian</forename><surname>Wan</surname></persName>
		</author>
		<author>
			<persName><forename type="first">Xueqi</forename><surname>Cheng</surname></persName>
		</author>
	</analytic>
	<monogr>
		<title level="m">Proceedings of the AAAI Conference on Artificial Intelligence</title>
				<meeting>the AAAI Conference on Artificial Intelligence</meeting>
		<imprint>
			<date type="published" when="2016">2016</date>
			<biblScope unit="volume">30</biblScope>
		</imprint>
	</monogr>
	<note type="raw_reference">Liang Pang, Yanyan Lan, Jiafeng Guo, Jun Xu, Shengx- ian Wan, and Xueqi Cheng. 2016. Text matching as image recognition. In Proceedings of the AAAI Con- ference on Artificial Intelligence, volume 30.</note>
</biblStruct>

<biblStruct xml:id="b25">
	<analytic>
		<title level="a" type="main">Structure-aware sentence encoder in bert-based Siamese network</title>
		<author>
			<persName><forename type="first">Qiwei</forename><surname>Peng</surname></persName>
		</author>
		<author>
			<persName><forename type="first">David</forename><surname>Weir</surname></persName>
		</author>
		<author>
			<persName><forename type="first">Julie</forename><surname>Weeds</surname></persName>
		</author>
		<idno type="DOI">10.18653/v1/2021.repl4nlp-1.7</idno>
	</analytic>
	<monogr>
		<title level="m">Proceedings of the 6th Workshop on Representation Learning for NLP</title>
				<meeting>the 6th Workshop on Representation Learning for NLP</meeting>
		<imprint>
			<publisher>Online. Association for Computational Linguistics</publisher>
			<date type="published" when="2021">2021. RepL4NLP-2021</date>
			<biblScope unit="page" from="57" to="63" />
		</imprint>
	</monogr>
	<note type="raw_reference">Qiwei Peng, David Weir, and Julie Weeds. 2021. Structure-aware sentence encoder in bert-based Siamese network. In Proceedings of the 6th Workshop on Representation Learning for NLP (RepL4NLP-2021), pages 57-63, Online. Associa- tion for Computational Linguistics.</note>
</biblStruct>

<biblStruct xml:id="b26">
	<analytic>
		<title level="a" type="main">Sentencebert: Sentence embeddings using siamese bertnetworks</title>
		<author>
			<persName><forename type="first">Nils</forename><surname>Reimers</surname></persName>
		</author>
		<author>
			<persName><forename type="first">Iryna</forename><surname>Gurevych</surname></persName>
		</author>
	</analytic>
	<monogr>
		<title level="m">Proceedings of the 2019 Conference on Empirical Methods in Natural Language Processing and the 9th International Joint Conference on Natural Language Processing</title>
				<meeting>the 2019 Conference on Empirical Methods in Natural Language Processing and the 9th International Joint Conference on Natural Language Processing</meeting>
		<imprint>
			<publisher>EMNLP-IJCNLP</publisher>
			<date type="published" when="2019">2019</date>
			<biblScope unit="page" from="3982" to="3992" />
		</imprint>
	</monogr>
	<note type="raw_reference">Nils Reimers and Iryna Gurevych. 2019. Sentence- bert: Sentence embeddings using siamese bert- networks. In Proceedings of the 2019 Conference on Empirical Methods in Natural Language Processing and the 9th International Joint Conference on Natu- ral Language Processing (EMNLP-IJCNLP), pages 3982-3992.</note>
</biblStruct>

<biblStruct xml:id="b27">
	<analytic>
		<title level="a" type="main">Sentence similarity measure based on events and content words</title>
		<author>
			<persName><forename type="first">Michael</forename><surname>Schlichtkrull</surname></persName>
		</author>
		<author>
			<persName><forename type="first">Thomas</forename><forename type="middle">N</forename><surname>Kipf</surname></persName>
		</author>
		<author>
			<persName><forename type="first">Peter</forename><surname>Bloem</surname></persName>
		</author>
		<author>
			<persName><forename type="first">Rianne</forename><surname>Van Den</surname></persName>
		</author>
		<author>
			<persName><forename type="first">Ivan</forename><surname>Berg</surname></persName>
		</author>
		<author>
			<persName><forename type="first">Max</forename><surname>Titov</surname></persName>
		</author>
		<author>
			<persName><surname>Welling</surname></persName>
		</author>
	</analytic>
	<monogr>
		<title level="m">Sixth International Conference on Fuzzy Systems and Knowledge Discovery</title>
				<imprint>
			<publisher>IEEE</publisher>
			<date type="published" when="2009">2018. 2009. 2009</date>
			<biblScope unit="volume">7</biblScope>
			<biblScope unit="page" from="623" to="627" />
		</imprint>
	</monogr>
	<note>European semantic web conference</note>
	<note type="raw_reference">Michael Schlichtkrull, Thomas N Kipf, Peter Bloem, Rianne Van Den Berg, Ivan Titov, and Max Welling. 2018. Modeling relational data with graph convolu- tional networks. In European semantic web confer- ence, pages 593-607. Springer. Jian-fang Shan, Zong-tian Liu, and Wen Zhou. 2009. Sentence similarity measure based on events and content words. In 2009 Sixth International Confer- ence on Fuzzy Systems and Knowledge Discovery, volume 7, pages 623-627. IEEE.</note>
</biblStruct>

<biblStruct xml:id="b28">
	<monogr>
		<author>
			<persName><forename type="first">Zijun</forename><surname>Sun</surname></persName>
		</author>
		<author>
			<persName><forename type="first">Chun</forename><surname>Fan</surname></persName>
		</author>
		<author>
			<persName><forename type="first">Qinghong</forename><surname>Han</surname></persName>
		</author>
		<author>
			<persName><forename type="first">Xiaofei</forename><surname>Sun</surname></persName>
		</author>
		<author>
			<persName><forename type="first">Yuxian</forename><surname>Meng</surname></persName>
		</author>
		<author>
			<persName><forename type="first">Fei</forename><surname>Wu</surname></persName>
		</author>
		<author>
			<persName><forename type="first">Jiwei</forename><surname>Li</surname></persName>
		</author>
		<idno type="arXiv">arXiv:2012.01786</idno>
		<title level="m">Selfexplaining structures improve nlp models</title>
				<imprint>
			<date type="published" when="2020">2020</date>
		</imprint>
	</monogr>
	<note type="report_type">arXiv preprint</note>
	<note type="raw_reference">Zijun Sun, Chun Fan, Qinghong Han, Xiaofei Sun, Yuxian Meng, Fei Wu, and Jiwei Li. 2020. Self- explaining structures improve nlp models. arXiv preprint arXiv:2012.01786.</note>
</biblStruct>

<biblStruct xml:id="b29">
	<analytic>
		<title level="a" type="main">Augmented sbert: Data augmentation method for improving bi-encoders for pairwise sentence scoring tasks</title>
		<author>
			<persName><forename type="first">Nandan</forename><surname>Thakur</surname></persName>
		</author>
		<author>
			<persName><forename type="first">Nils</forename><surname>Reimers</surname></persName>
		</author>
		<author>
			<persName><forename type="first">Johannes</forename><surname>Daxenberger</surname></persName>
		</author>
		<author>
			<persName><forename type="first">Iryna</forename><surname>Gurevych</surname></persName>
		</author>
	</analytic>
	<monogr>
		<title level="m">Proceedings of the 2021 Conference of the North American Chapter of the Association for Computational Linguistics: Human Language Technologies</title>
				<meeting>the 2021 Conference of the North American Chapter of the Association for Computational Linguistics: Human Language Technologies</meeting>
		<imprint>
			<date type="published" when="2021">2021</date>
			<biblScope unit="page" from="296" to="310" />
		</imprint>
	</monogr>
	<note type="raw_reference">Nandan Thakur, Nils Reimers, Johannes Daxenberger, and Iryna Gurevych. 2021. Augmented sbert: Data augmentation method for improving bi-encoders for pairwise sentence scoring tasks. In Proceedings of the 2021 Conference of the North American Chap- ter of the Association for Computational Linguistics: Human Language Technologies, pages 296-310.</note>
</biblStruct>

<biblStruct xml:id="b30">
	<analytic>
		<title level="a" type="main">GLUE: A multi-task benchmark and analysis platform for natural language understanding</title>
		<author>
			<persName><forename type="first">Alex</forename><surname>Wang</surname></persName>
		</author>
		<author>
			<persName><forename type="first">Amanpreet</forename><surname>Singh</surname></persName>
		</author>
		<author>
			<persName><forename type="first">Julian</forename><surname>Michael</surname></persName>
		</author>
		<author>
			<persName><forename type="first">Felix</forename><surname>Hill</surname></persName>
		</author>
		<author>
			<persName><forename type="first">Omer</forename><surname>Levy</surname></persName>
		</author>
		<author>
			<persName><forename type="first">Samuel</forename><forename type="middle">R</forename><surname>Bowman</surname></persName>
		</author>
	</analytic>
	<monogr>
		<title level="m">International Conference on Learning Representations</title>
				<imprint>
			<date type="published" when="2019">2019</date>
		</imprint>
	</monogr>
	<note type="raw_reference">Alex Wang, Amanpreet Singh, Julian Michael, Felix Hill, Omer Levy, and Samuel R. Bowman. 2019. GLUE: A multi-task benchmark and analysis plat- form for natural language understanding. In Inter- national Conference on Learning Representations.</note>
</biblStruct>

<biblStruct xml:id="b31">
	<analytic>
		<title level="a" type="main">Bilateral multi-perspective matching for natural language sentences</title>
		<author>
			<persName><forename type="first">Zhiguo</forename><surname>Wang</surname></persName>
		</author>
		<author>
			<persName><forename type="first">Wael</forename><surname>Hamza</surname></persName>
		</author>
		<author>
			<persName><forename type="first">Radu</forename><surname>Florian</surname></persName>
		</author>
	</analytic>
	<monogr>
		<title level="m">Proceedings of the 26th International Joint Conference on Artificial Intelligence</title>
				<meeting>the 26th International Joint Conference on Artificial Intelligence</meeting>
		<imprint>
			<date type="published" when="2017">2017</date>
			<biblScope unit="page" from="4144" to="4150" />
		</imprint>
	</monogr>
	<note type="raw_reference">Zhiguo Wang, Wael Hamza, and Radu Florian. 2017. Bilateral multi-perspective matching for natural lan- guage sentences. In Proceedings of the 26th Inter- national Joint Conference on Artificial Intelligence, pages 4144-4150.</note>
</biblStruct>

<biblStruct xml:id="b32">
	<analytic>
		<title level="a" type="main">Infusing finetuning with semantic dependencies</title>
		<author>
			<persName><forename type="first">Zhaofeng</forename><surname>Wu</surname></persName>
		</author>
		<author>
			<persName><forename type="first">Hao</forename><surname>Peng</surname></persName>
		</author>
		<author>
			<persName><forename type="first">Noah</forename><forename type="middle">A</forename><surname>Smith</surname></persName>
		</author>
	</analytic>
	<monogr>
		<title level="j">Transactions of the Association for Computational Linguistics</title>
		<imprint>
			<biblScope unit="volume">9</biblScope>
			<biblScope unit="page" from="226" to="242" />
			<date type="published" when="2021">2021</date>
		</imprint>
	</monogr>
	<note type="raw_reference">Zhaofeng Wu, Hao Peng, and Noah A Smith. 2021. Infusing finetuning with semantic dependencies. Transactions of the Association for Computational Linguistics, 9:226-242.</note>
</biblStruct>

<biblStruct xml:id="b33">
	<analytic>
		<title level="a" type="main">Using prior knowledge to guide bert&apos;s attention in semantic textual matching tasks</title>
		<author>
			<persName><forename type="first">Tingyu</forename><surname>Xia</surname></persName>
		</author>
		<author>
			<persName><forename type="first">Yue</forename><surname>Wang</surname></persName>
		</author>
		<author>
			<persName><forename type="first">Yuan</forename><surname>Tian</surname></persName>
		</author>
		<author>
			<persName><forename type="first">Yi</forename><surname>Chang</surname></persName>
		</author>
	</analytic>
	<monogr>
		<title level="m">Proceedings of the Web Conference 2021</title>
				<meeting>the Web Conference 2021</meeting>
		<imprint>
			<date type="published" when="2021">2021</date>
			<biblScope unit="page" from="2466" to="2475" />
		</imprint>
	</monogr>
	<note type="raw_reference">Tingyu Xia, Yue Wang, Yuan Tian, and Yi Chang. 2021. Using prior knowledge to guide bert&apos;s attention in semantic textual matching tasks. In Proceedings of the Web Conference 2021, pages 2466-2475.</note>
</biblStruct>

<biblStruct xml:id="b34">
	<monogr>
		<author>
			<persName><forename type="first">Wei</forename><surname>Xu</surname></persName>
		</author>
		<author>
			<persName><forename type="first">Chris</forename><surname>Callison-Burch</surname></persName>
		</author>
		<author>
			<persName><forename type="first">William</forename><forename type="middle">B</forename><surname>Dolan</surname></persName>
		</author>
		<title level="m">Semeval-2015 task 1: Paraphrase and semantic similarity in twitter (pit</title>
				<imprint>
			<date type="published" when="2015">2015. SemEval 2015</date>
			<biblScope unit="page" from="1" to="11" />
		</imprint>
	</monogr>
	<note>Proceedings of the 9th international workshop on semantic evaluation</note>
	<note type="raw_reference">Wei Xu, Chris Callison-Burch, and William B Dolan. 2015. Semeval-2015 task 1: Paraphrase and seman- tic similarity in twitter (pit). In Proceedings of the 9th international workshop on semantic evaluation (SemEval 2015), pages 1-11.</note>
</biblStruct>

<biblStruct xml:id="b35">
	<analytic>
		<title level="a" type="main">Look again at the syntax: Relational graph convolutional network for gendered ambiguous pronoun resolution</title>
		<author>
			<persName><forename type="first">Yinchuan</forename><surname>Xu</surname></persName>
		</author>
		<author>
			<persName><forename type="first">Junlin</forename><surname>Yang</surname></persName>
		</author>
	</analytic>
	<monogr>
		<title level="m">Proceedings of the First Workshop on Gender Bias in Natural Language Processing</title>
				<meeting>the First Workshop on Gender Bias in Natural Language Processing</meeting>
		<imprint>
			<date type="published" when="2019">2019</date>
			<biblScope unit="page" from="96" to="101" />
		</imprint>
	</monogr>
	<note type="raw_reference">Yinchuan Xu and Junlin Yang. 2019. Look again at the syntax: Relational graph convolutional network for gendered ambiguous pronoun resolution. In Pro- ceedings of the First Workshop on Gender Bias in Natural Language Processing, pages 96-101.</note>
</biblStruct>

<biblStruct xml:id="b36">
	<analytic>
		<title level="a" type="main">Simple and effective text matching with richer alignment features</title>
		<author>
			<persName><forename type="first">Runqi</forename><surname>Yang</surname></persName>
		</author>
		<author>
			<persName><forename type="first">Jianhai</forename><surname>Zhang</surname></persName>
		</author>
		<author>
			<persName><forename type="first">Xing</forename><surname>Gao</surname></persName>
		</author>
		<author>
			<persName><forename type="first">Feng</forename><surname>Ji</surname></persName>
		</author>
		<author>
			<persName><forename type="first">Haiqing</forename><surname>Chen</surname></persName>
		</author>
	</analytic>
	<monogr>
		<title level="m">Proceedings of the 57th Annual Meeting of the Association for Computational Linguistics</title>
				<meeting>the 57th Annual Meeting of the Association for Computational Linguistics</meeting>
		<imprint>
			<date type="published" when="2019">2019</date>
			<biblScope unit="page" from="4699" to="4709" />
		</imprint>
	</monogr>
	<note type="raw_reference">Runqi Yang, Jianhai Zhang, Xing Gao, Feng Ji, and Haiqing Chen. 2019. Simple and effective text matching with richer alignment features. In Pro- ceedings of the 57th Annual Meeting of the Asso- ciation for Computational Linguistics, pages 4699- 4709.</note>
</biblStruct>

<biblStruct xml:id="b37">
	<analytic>
		<title level="a" type="main">Sentibert: A transferable transformer-based architecture for compositional sentiment semantics</title>
		<author>
			<persName><forename type="first">Tao</forename><surname>Da Yin</surname></persName>
		</author>
		<author>
			<persName><forename type="first">Kai-Wei</forename><surname>Meng</surname></persName>
		</author>
		<author>
			<persName><surname>Chang</surname></persName>
		</author>
	</analytic>
	<monogr>
		<title level="m">Proceedings of the 58th Annual Meeting of the Association for Computational Linguistics</title>
				<meeting>the 58th Annual Meeting of the Association for Computational Linguistics</meeting>
		<imprint>
			<date type="published" when="2020">2020</date>
			<biblScope unit="page" from="3695" to="3706" />
		</imprint>
	</monogr>
	<note type="raw_reference">Da Yin, Tao Meng, and Kai-Wei Chang. 2020. Sen- tibert: A transferable transformer-based architecture for compositional sentiment semantics. In Proceed- ings of the 58th Annual Meeting of the Association for Computational Linguistics, pages 3695-3706.</note>
</biblStruct>

<biblStruct xml:id="b38">
	<analytic>
		<title level="a" type="main">Making the relation matters: Relation of relation learning network for sentence semantic matching</title>
		<author>
			<persName><forename type="first">Kun</forename><surname>Zhang</surname></persName>
		</author>
		<author>
			<persName><forename type="first">Le</forename><surname>Wu</surname></persName>
		</author>
		<author>
			<persName><forename type="first">Guangyi</forename><surname>Lv</surname></persName>
		</author>
		<author>
			<persName><forename type="first">Meng</forename><surname>Wang</surname></persName>
		</author>
		<author>
			<persName><forename type="first">Enhong</forename><surname>Chen</surname></persName>
		</author>
		<author>
			<persName><forename type="first">Shulan</forename><surname>Ruan</surname></persName>
		</author>
	</analytic>
	<monogr>
		<title level="m">Proceedings of the AAAI Conference on Artificial Intelligence</title>
				<meeting>the AAAI Conference on Artificial Intelligence</meeting>
		<imprint>
			<date type="published" when="2021">2021</date>
			<biblScope unit="volume">35</biblScope>
			<biblScope unit="page" from="14411" to="14419" />
		</imprint>
	</monogr>
	<note type="raw_reference">Kun Zhang, Le Wu, Guangyi Lv, Meng Wang, Enhong Chen, and Shulan Ruan. 2021. Making the rela- tion matters: Relation of relation learning network for sentence semantic matching. In Proceedings of the AAAI Conference on Artificial Intelligence, vol- ume 35, pages 14411-14419.</note>
</biblStruct>

<biblStruct xml:id="b39">
	<monogr>
		<title level="m" type="main">Explicit pairwise word interaction modeling improves pretrained transformers for english semantic similarity tasks</title>
		<author>
			<persName><forename type="first">Yinan</forename><surname>Zhang</surname></persName>
		</author>
		<author>
			<persName><forename type="first">Raphael</forename><surname>Tang</surname></persName>
		</author>
		<author>
			<persName><forename type="first">Jimmy</forename><surname>Lin</surname></persName>
		</author>
		<idno type="arXiv">arXiv:1911.02847</idno>
		<imprint>
			<date type="published" when="2019">2019a</date>
		</imprint>
	</monogr>
	<note type="report_type">arXiv preprint</note>
	<note type="raw_reference">Yinan Zhang, Raphael Tang, and Jimmy Lin. 2019a. Explicit pairwise word interaction modeling im- proves pretrained transformers for english semantic similarity tasks. arXiv preprint arXiv:1911.02847.</note>
</biblStruct>

<biblStruct xml:id="b40">
	<analytic>
		<title level="a" type="main">Paws: Paraphrase adversaries from word scrambling</title>
		<author>
			<persName><forename type="first">Yuan</forename><surname>Zhang</surname></persName>
		</author>
		<author>
			<persName><forename type="first">Jason</forename><surname>Baldridge</surname></persName>
		</author>
		<author>
			<persName><forename type="first">Luheng</forename><surname>He</surname></persName>
		</author>
	</analytic>
	<monogr>
		<title level="m">Proceedings of the 2019 Conference of the North American Chapter of the Association for Computational Linguistics: Human Language Technologies</title>
		<title level="s">Long and Short Papers</title>
		<meeting>the 2019 Conference of the North American Chapter of the Association for Computational Linguistics: Human Language Technologies</meeting>
		<imprint>
			<date type="published" when="2019">2019b</date>
			<biblScope unit="volume">1</biblScope>
			<biblScope unit="page" from="1298" to="1308" />
		</imprint>
	</monogr>
	<note type="raw_reference">Yuan Zhang, Jason Baldridge, and Luheng He. 2019b. Paws: Paraphrase adversaries from word scrambling. In Proceedings of the 2019 Conference of the North American Chapter of the Association for Computa- tional Linguistics: Human Language Technologies, Volume 1 (Long and Short Papers), pages 1298- 1308.</note>
</biblStruct>

<biblStruct xml:id="b41">
	<analytic>
		<title level="a" type="main">Semantics-aware bert for language understanding</title>
		<author>
			<persName><forename type="first">Zhuosheng</forename><surname>Zhang</surname></persName>
		</author>
		<author>
			<persName><forename type="first">Yuwei</forename><surname>Wu</surname></persName>
		</author>
		<author>
			<persName><forename type="first">Hai</forename><surname>Zhao</surname></persName>
		</author>
		<author>
			<persName><forename type="first">Zuchao</forename><surname>Li</surname></persName>
		</author>
		<author>
			<persName><forename type="first">Shuailiang</forename><surname>Zhang</surname></persName>
		</author>
		<author>
			<persName><forename type="first">Xi</forename><surname>Zhou</surname></persName>
		</author>
		<author>
			<persName><forename type="first">Xiang</forename><surname>Zhou</surname></persName>
		</author>
	</analytic>
	<monogr>
		<title level="m">Proceedings of the AAAI Conference on Artificial Intelligence</title>
				<meeting>the AAAI Conference on Artificial Intelligence</meeting>
		<imprint>
			<date type="published" when="2020">2020</date>
			<biblScope unit="volume">34</biblScope>
			<biblScope unit="page" from="9628" to="9635" />
		</imprint>
	</monogr>
	<note type="raw_reference">Zhuosheng Zhang, Yuwei Wu, Hai Zhao, Zuchao Li, Shuailiang Zhang, Xi Zhou, and Xiang Zhou. 2020. Semantics-aware bert for language understanding. In Proceedings of the AAAI Conference on Artificial Intelligence, volume 34, pages 9628-9635.</note>
</biblStruct>

				</listBibl>
			</div>
		</back>
	</text>
</TEI>
