<?xml version="1.0" encoding="UTF-8"?>
<TEI xml:space="preserve" xmlns="http://www.tei-c.org/ns/1.0" 
xmlns:xsi="http://www.w3.org/2001/XMLSchema-instance" 
xsi:schemaLocation="http://www.tei-c.org/ns/1.0 https://raw.githubusercontent.com/kermitt2/grobid/master/grobid-home/schemas/xsd/Grobid.xsd"
 xmlns:xlink="http://www.w3.org/1999/xlink">
	<teiHeader xml:lang="en">
		<fileDesc>
			<titleStmt>
				<title level="a" type="main">Paraphrase Identification and Semantic Similarity in Twitter with Simple Features</title>
			</titleStmt>
			<publicationStmt>
				<publisher/>
				<availability status="unknown"><licence/></availability>
			</publicationStmt>
			<sourceDesc>
				<biblStruct>
					<analytic>
						<author>
							<persName><forename type="first">Ngoc</forename><surname>Phuoc</surname></persName>
						</author>
						<author>
							<persName><forename type="first">An</forename><forename type="middle">Vo</forename><surname>Fondazione</surname></persName>
						</author>
						<author>
							<persName><forename type="first">Bruno</forename><surname>Kessler</surname></persName>
						</author>
						<author>
							<persName><forename type="first">Simone</forename><surname>Magnolini</surname></persName>
							<email>magnolini@fbk.eu</email>
						</author>
						<author>
							<persName><forename type="first">Octavian</forename><surname>Popescu</surname></persName>
							<email>o.popescu@us.ibm.com</email>
						</author>
						<author>
							<affiliation key="aff0">
								<orgName type="institution">University of Trento Trento</orgName>
								<address>
									<country key="IT">Italy</country>
								</address>
							</affiliation>
						</author>
						<author>
							<affiliation key="aff1">
								<orgName type="institution">University of Brescia</orgName>
							</affiliation>
						</author>
						<author>
							<affiliation key="aff2">
								<orgName type="institution">Fondazione Bruno Kessler Trento</orgName>
								<address>
									<country key="IT">Italy</country>
								</address>
							</affiliation>
						</author>
						<author>
							<affiliation key="aff3">
								<orgName type="institution" key="instit1">IBM Research</orgName>
								<orgName type="institution" key="instit2">T.J. Watson Yorktown</orgName>
								<address>
									<region>US</region>
								</address>
							</affiliation>
						</author>
						<title level="a" type="main">Paraphrase Identification and Semantic Similarity in Twitter with Simple Features</title>
					</analytic>
					<monogr>
						<imprint>
							<date/>
						</imprint>
					</monogr>
					<idno type="MD5">3EB9F12FF2B46F4CF9ED0971ABF0061C</idno>
				</biblStruct>
			</sourceDesc>
		</fileDesc>
		<encodingDesc>
			<appInfo>
				<application version="0.7.3-SNAPSHOT" ident="GROBID" when="2023-01-12T09:08+0000">
					<desc>GROBID - A machine learning software for extracting information from scholarly documents</desc>
					<ref target="https://github.com/kermitt2/grobid"/>
				</application>
			</appInfo>
		</encodingDesc>
		<profileDesc>
			<abstract>
<div xmlns="http://www.tei-c.org/ns/1.0"><p>Paraphrase Identification and Semantic Similarity are two different yet well related tasks in NLP. There are many studies on these two tasks extensively on structured texts in the past. However, with the strong rise of social media data, studying these tasks on unstructured texts, particularly, social texts in Twitter is very interesting as it could be more complicated problems to deal with. We investigate and find a set of simple features which enables us to achieve very competitive performance on both tasks in Twitter data. Interestingly, we also confirm the significance of using word alignment techniques from evaluation metrics in machine translation in the overall performance of these tasks.</p></div>
			</abstract>
		</profileDesc>
	</teiHeader>
	<text xml:lang="en">
		<body>
<div xmlns="http://www.tei-c.org/ns/1.0"><head n="1">Introduction</head><p>Paraphrase Identification and Semantic Similarity are important tasks that can be used as features to improve many other Natural Language Processing (NLP) tasks, e.g. Information Retrieval, Machine Translation Evaluation, Text Summarization, Question and Answering, and others. Besides this, analyzing social media data like tweets of the social network Twitter is a field of growing interest for different purposes. The study of these typical NLP tasks on Twitter data can be very interesting as social media data carries lot of surprises and unpredictable information.</p><p>The Paraphrase Identification is a classic NLP task which is a classification problem. Given a pair of sentences, the system is required to assess if the two sentences carry the same meaning, to classify them paraphrase, or not paraphrase otherwise. Likewise, Semantic Similarity is another NLP task in which the system needs to examine the similarity degree (in a pre-defined semantic scale) of a given pair of texts, varying in different levels such as word, phrase, sentence, or paragraph.</p><p>There are different approaches, both supervised and unsupervised, have been proposed for these two tasks, ranging from simple level like word/n-gram overlapping, string matching, to more complicated ones like semantic word similarity, word alignment, syntactic structure, etc.<ref type="foot" target="#foot_0">1</ref>,<ref type="foot" target="#foot_1">2</ref> However, it is challenging or even inapplicable to deploy all these approaches to social media data, like Twitter data, due to many differences the social media data carries, such as misspelling, word out of vocabulary, slang, acronyms, style, structure, etc. In this paper, we study and find a set of simple features specifically chosen and suitable for social media data which is relatively easy to obtain, but able to achieve very competitive performance on both tasks for Twitter data. We also analyze the significance of each feature quantitatively and qualitatively in the overall performance. As a result, we can prove our hypothesis that the combination of simple features like word/n-gram overlapping, word alignment, and semantic word similarity can result in very good performance for both tasks on social media data.</p><p>The paper is organized as follows: Section 2 presents the Related Work, Section 3 describes the tasks and set of features, Section 4 shows the Experiments, Section 5 reports the Evaluations, Section 6 discusses the Error Analysis, and finally Section 7 is the Conclusions and Future Work.</p></div>
<div xmlns="http://www.tei-c.org/ns/1.0"><head n="2">Related Work</head><p>The ability to identify paraphrase, in which a sentences express the same meaning of another one but with different words, has proven useful for a wide variety of natural language processing applications <ref type="bibr" target="#b14">(Madnani and Dorr, 2010)</ref>. The ACL Wiki gives an excellent summary of the state-of-the-art paraphrase identification techniques; this shows how much effort researchers did to automatically detecting paraphrases. 3 The different approaches can be categorized into supervised methods, i.e. <ref type="bibr" target="#b15">(Madnani et al., 2012)</ref>, <ref type="bibr" target="#b21">(Socher et al., 2011)</ref> and <ref type="bibr" target="#b22">(Wan et al., 2006)</ref>, that, at the moment, are the most promising and unsupervised methods, i.e. <ref type="bibr" target="#b3">(Fernando and Stevenson, 2008)</ref>, <ref type="bibr" target="#b8">(Hassan and Adviser-Mihalcea, 2011)</ref>   <ref type="bibr">et al., 2011)</ref> and <ref type="bibr" target="#b23">(Xu et al., 2013)</ref> and semantic similarity techniques <ref type="bibr" target="#b5">(Guo and Diab, 2012)</ref> specifically for Tweets. They also indicated that the very informal language, especially the high degree of lexical variation, used in social media has posed serious challenges. Twitter data and, more in general, social media data have been used as dataset in a growing topic of research. Twitter, at the moment the most used microblogging tool, has seen a lot of growth since it launched in October, 2006. In <ref type="bibr" target="#b10">(Java et al., 2007)</ref> preliminary analysis they find user clusters based on user intention to topics by clique percolation methods. This research is expanded and improved in several ways in <ref type="bibr" target="#b12">(Krishnamurthy et al., 2008)</ref>, they applied geographical characterization to cluster users and also found relation between the number of following and followers of a user. These and other similar re-3 http://aclweb.org/aclwiki/index.php? title=Paraphrase_Identification_%28State_of_the_art%29 searches have helped to obtain a more precise idea about some effect that action in this microblogging platform can have; <ref type="bibr" target="#b13">(Kwak et al., 2010)</ref> use previous works as a base to rank users adding the effect of retweets on information propagation. With the data obtained from the population of blogs and social networks, opinion mining and sentiment analysis became, in the last years, a field of interest for many researches. In the literature <ref type="bibr" target="#b18">(Pak and Paroubek, 2010)</ref>, they describe a method for an automatic collection of a corpus that can be used to train a sentiment classifier. In a further research <ref type="bibr" target="#b11">(Kouloumpis et al., 2011)</ref>, it shows that part-of-speech features may not be useful for sentiment analysis in the microblogging domain, instead using hash-tags to collect training data did prove useful, as did using data collected based on positive and negative emoticons.</p></div>
<div xmlns="http://www.tei-c.org/ns/1.0"><head n="3">Paraphrase and Semantic Similarity in Twitter</head><p>In this section, we introduce the two tasks Paraphrase Identification and Semantic Similarity in Twitter, then we describe the set of simple features which enables us to achieve competitive performance in both tasks.</p></div>
<div xmlns="http://www.tei-c.org/ns/1.0"><head n="3.1">Task Description</head><p>This is a shared-task proposed as the Task#1 "Paraphrase and Semantic Similarity in Twitter" at Se-mEval 2015 <ref type="bibr" target="#b25">(Xu et al., 2015)</ref>. <ref type="foot" target="#foot_2">4</ref> In this task, the first common ground for development and comparison of Paraphrase Identification (PI) and Semantic Similarity (SS) systems for the Twitter data is provided. Given a pair of sentences from Twitter trends, systems are required to produce a binary yes/no judgment and an optionally graded similarity score in the scale [0-1] to measure their semantic equivalence. This task is used to promote this line of research in the new challenging setting of social media data, and help to advance other NLP techniques for noisy user-generated text in the long run. Figure <ref type="figure" target="#fig_0">1</ref> shows examples of paraphrase and non-paraphrase pairs in Twitter. </p></div>
<div xmlns="http://www.tei-c.org/ns/1.0"><head n="3.2">Data Preprocessing</head><p>In order to optimize the system performance, we carefully analyze the dataset and notice that Tweets' topic is a part that is always present in both sentences; this redundant similarity in the pairs does not give any information about paraphrase as two sentences always have the same topic, yet they may be paraphrase or not. Hence, we remove the topic from the sentences, and we did the same in the pairs with Part-of-Speech (POS) and named entity tags. As being suggested by the guideline of the task, we also remove all the pairs with uncertain judgment, such as "debatable" since they cannot confirm the paraphrase/not paraphrase relation between two sentences. After this data processing, we obtain two smaller datasets with very short texts, sometime reduced to a single word and with very poor syntactic structure. We split the original dataset into two subsets, in which one is composed by sentence pairs and the other one is composed by pairs with POS and named entity tags.</p><p>As Twitter data and other micro-blog data are usually informal text which is quite short in length and written in a variety of noise of presentation, e.g "coooooool" v.s "cool", "talkin" v.s "talking", "u" v.s "you", "thinkin" v.s "thinking", "abt" v.s "about", etc. We apply the lexical normalization method <ref type="bibr" target="#b7">(Han et al., 2013)</ref> to normalize noisy lexical from the input data. We also notice the simple structure of given datasets, especially, after undergoing the preprocessing, we decide to focus on exploiting the lexical and string similarity information, rather than syntactic information.</p></div>
<div xmlns="http://www.tei-c.org/ns/1.0"><head n="3.3">Feature Set</head><p>In order to build the system, we investigate and extract a set of simple features especially tailored for social media data which can be used for both tasks, for building either a binary classifier for detecting paraphrase or regression model to compute the similarity scores on Twitter data. Moreover, these features can be used independently or together with others to measure the semantic similarity and recognize the paraphrase of given sentence pair as well as to evaluate the significance of each feature to the accuracy of system's predictions. On top of this, the system is expandable and scalable for adopting more useful features aiming for improving the accuracy.</p><p>Lexical and String Similarity. We use the system described in the literature <ref type="bibr" target="#b1">(Das and Smith, 2009)</ref> to compute the lexical and string similarity between two sentences by using a logistic regression model with eighteen features based on n-grams. This system uses precision, recall and F1-score of 1-gram, 2-gram and 3-gram of tokens and stems from sentence pair to build a binary classification model for identifying paraphrase. We extract the eighteen features from this system to use in our classification model.</p><p>Machine Translation Evaluation Metrics. Other than similarity features, we also use evaluation metrics in machine translation as suggested in <ref type="bibr" target="#b15">(Madnani et al., 2012)</ref> for paraphrase recognition on Microsoft Research paraphrase corpus (MSRP) <ref type="bibr">(Dolan et al., 2004)</ref>. In machine translation, the evaluation metric scores the hypotheses by aligning them to one or more reference translations. We take into consideration to use all the eight metrics proposed, but we find that adding some of them without a careful process of training on the dataset may decrease the performance of the system. Thus, we only use two metrics in our system, the METEOR and BLEU. We actually also take into consideration the metric TERp <ref type="bibr" target="#b20">(Snover et al., 2009)</ref>, but it does not make any improvement on system performance, hence, we exclude it.</p></div>
<div xmlns="http://www.tei-c.org/ns/1.0"><head>METEOR (Metric for Evaluation of Translation</head><p>with Explicit ORdering). We use the latest version of METEOR <ref type="bibr" target="#b2">(Denkowski and Lavie, 2014</ref>) that find alignments between sentences based on exact, stem, synonym and paraphrase matches between words and phrases. We used the system as distributed on its website using only the "norm" option that tokenizes and normalizes punctuation and lowercase as suggested by documentation. <ref type="foot" target="#foot_3">5</ref> We compute the word alignment scores on sentences and on sentences with partof-speech and named entity tags, as our idea is that if two sentences are similar, their tagged version also should be similar.</p></div>
<div xmlns="http://www.tei-c.org/ns/1.0"><head>BLEU (Bilingual Evaluation Understudy</head><p>). We use another metric for machine translation BLEU <ref type="bibr" target="#b19">(Papineni et al., 2002)</ref> that is one of the most commonly used and because of that has an high reliability. It is computed as the amount of n-gram overlap, for different values of n=1,2,3, and 4, between the system output and the reference translation, in our case between sentence pairs. The score is tempered by a penalty for translations that might be too short. BLEU relies on exact matching and has no concept of synonymy or paraphrasing. As the length of tweets is relatively short, it is only 140-character message, we do not expect to have large n-gram overlaps, except 1-gram and 2-gram. Our analysis actually shows that 3-gram, 4-gram and the average score may cause more noise.</p><p>Edit Distance. We use the edit distance between sentences as a feature. For that we used the Excitement Open Platform (EOP) <ref type="bibr" target="#b16">(Magnini et al., 2014)</ref>. 6  To obtain the edit distance, we use EDITS Entailment Decision Algorithm (EDITS EDA) taking the edit distance instead of entailment or not entailment decision. We configure the system to use lemmas and synonyms as identical words to compute sentence 6 http://hltfbk.github.io/Excitement-Open-Platform/ distance, the system normalizes the score on the number of token of the shortest sentence. We choose this configuration because it returns the best performance evaluated on training and development data.</p><p>Sentiment Analysis. We speculate to improve paraphrase detection by adding a feature based on polarity given by a sentiment analysis system. We evaluate this feature on all three datasets (training, develpment, and testing). We use the Sentiment Pipeline of Stanford CoreNLP <ref type="bibr" target="#b17">(Manning et al., 2014)</ref> to obtain this feature. We configure the pipeline for tokenizing, splitting sentence, POS tagging, lemmatization , parsing, named entity recognition (NER) and, of course, sentiment analysis. Despite the deep analysis, most of sentences are classified as either "positive", "negative" or "neutral"; classes "very positive" and "very negative" are rare. We decide to use this as a polaritymatching feature (i.e. when both sentences in the pair are classified the same class), so we analyze the distribution of paraphrase and polarity matching on the three datasets, which results are shown in Table <ref type="table">2</ref>, Table <ref type="table" target="#tab_4">3 and Table 4</ref>. Contrary to our intuition, this feature seems not to be strongly correlated with paraphrasing, in particular, pairs with polarity matching have 2.08% more of probability to be paraphrase in the training dataset, a bit more (3.65%) in the development dataset, but even less (1.76%) in the test dataset. We also compute the information gain of the feature in the training dataset using WEKA <ref type="bibr" target="#b6">(Hall et al., 2009)</ref> InfoGainAttributeEval with the default ranker and we obtain a low result, only 0.00107, so we decide to exclude this approach. We still think that sentiment analysis could be an useful feature for paraphrase detection, and there would be a way to use it properly. To prove that, we try another different approach, instead of using a binary feature, we use three possible values: 0 if the polarity is opposite ("positive" and "negative"), 0.5 if one or both sentences in the pair are classified as "neutral" and 1 if they have the same polarity (both "positive" or "negative"). We compute the information gain of the feature in the training dataset and obtain a more promising score of 0.01272; this seems to confirm our idea on the sentiment analysis. Probably a wider range of values (more than just a 3 sub-classes) would possibly obtain better results. We aim to use a continuous value that describes polarity distance to improve our system performance.  </p></div>
<div xmlns="http://www.tei-c.org/ns/1.0"><head>Paraphrase</head></div>
<div xmlns="http://www.tei-c.org/ns/1.0"><head n="3.4">Classification Algorithms</head><p>We build different models for both tasks using several widely-used classification algorithms (i.e. Decision Stump, OneR, Logistic, J48, BaysianLogisticRegression, VotedPerceptron, and MultiLayerPerceptron) to optimize 1) the Accuracy and F1-score for Paraphrase Identification and 2) the Pearson correlation of Semantic Similarity scores between system and human annotation. We use WEKA <ref type="bibr" target="#b6">(Hall et al., 2009)</ref> to obtain robust and efficient implementation of the classifiers. We try several classification algorithms in WEKA, among others, we find that the VotedPerceptron classifier (exponent 0.8) returns the best result for the evaluation on training and development data.</p><p>VotedPerceptron <ref type="bibr" target="#b4">(Freund and Schapire, 1999)</ref>  </p></div>
<div xmlns="http://www.tei-c.org/ns/1.0"><head n="4">Experiments</head><p>In this section, we describe the dataset, the task baselines and experiments carried on these two tasks.</p></div>
<div xmlns="http://www.tei-c.org/ns/1.0"><head n="4.1">Dataset</head><p>The dataset <ref type="bibr" target="#b24">(Xu et al., 2014)</ref> consists of three parts, the training and development datasets (18,000 sentence pairs), the test dataset (972 sentence pairs) for evaluation. Table <ref type="table" target="#tab_6">6</ref> presents the setup and distribution of all datasets used for the experiments. Each row of data contains six tab-separated columns presenting the Trending_Topic_Name, Sent_1, Sent_2, Label, Sent_1_tag and Sent_2_tag. The Sent_1 and Sent_2 are two sentences which may not be necessarily full tweets. The Label column is in a format such like "(1, 4)", which means among 5 votes from Amazon Mechanical turkers only 1 is positive and 4 are negative. The mapping suggestions to binary labels are as follows:</p><p>-paraphrases: (3, 2) (4, 1) (5, 0) -non-paraphrases: (1, 4) (0, 5) -debatable: (2, 3) which may be discarded. The Sent1_tag and Sent2_tag are the two sentences with part-of-speech and named entity tags. However, there is no labels of semantic similarity scores provided in development and training data, but only evaluation data.</p></div>
<div xmlns="http://www.tei-c.org/ns/1.0"><head n="4.2">Baselines</head><p>According to the task evaluation, we use all three baselines provided for this task which are placed at different advance levels.</p><p>Baseline-1 is a logistic regression model using simple lexical features, which is originally used in the literature <ref type="bibr" target="#b1">(Das and Smith, 2009)</ref>. It uses precision, recall and F1-score of 1-gram, 2-gram and 3-gram of tokens and stems from sentence pair to build a binary classification model for identifying paraphrase. This is the strongest baseline as it has the state-of-the-art level performance in the paraphrase identification literature.</p><p>Baseline-2 is the Weighted Matrix Factorization (WMF) model <ref type="bibr" target="#b5">(Guo and Diab, 2012)</ref> which is a dimension reduction model to extract nuanced and robust latent vectors for short texts/sentences. To overcome the sparsity problem in short texts/sentences (e.g. 10 words on average), the missing words, a feature that LSA/LDA typically overlooks, is explicitly modeled. We use the pipeline to compute the similarity score between texts. <ref type="foot" target="#foot_4">7</ref>Baseline-3 is a Random system which uses the random module in Python to generate a random score, in the scale [0 -1], for each sentence pair, then it sets the threshold 0.5 for classifying paraphrase and not paraphrase.<ref type="foot" target="#foot_5">8</ref> </p></div>
<div xmlns="http://www.tei-c.org/ns/1.0"><head n="4.3">Paraphrase Identification</head><p>In order to optimize the Accuracy and F1-score for the classification, we build several models with different sets of features on the training data and evaluate these models on the development data to find the best feature set. The combination of word/n-gram, word alignment by METEOR, BLEU and EditDistance scores proves to be the most prominent set of simple features which can achieve very good performance. For classification algorithm, the VotedPerceptron returns the best result among other algorithms implemented in WEKA. In Table <ref type="table" target="#tab_1">1</ref>, we report the Accuracy results obtained by using different classifiers with different features. Our chosen classification algorithm and feature set outperform the strongest baseline and EOP EditDistance (standalone setting).</p><p>Table <ref type="table">5</ref> shows F1-score obtained with different classifiers on our best set of features discovered in Table 1, and our system again results better than the strongest baseline and EOP EditDistance. Interestingly, the WMF feature which is expected to have some impact on computing the semantic similarity score does not incorporate well with other features.</p></div>
<div xmlns="http://www.tei-c.org/ns/1.0"><head n="4.4">Semantic Similarity</head><p>Due to no training data is given for computing the semantic similarity, a different approach is needed. Firstly, we consider to use external data from the similar task, which is Task #2 "Semantic Textual Similarity (STS)" (English STS) for training a semantic similarity model. However, after some preliminary experiments and analysis, we realize that this does not benefit our task on Twitter data due to the very big difference between formal text and informal text being used. We will need more study on how to use formal text to benefit informal text in the same task. Hence, we decide to build an unsupervised model for semantic similarity on Twitter data instead. We first adopt the result of Basline-2 (WMF) as a feature for semantic similarity. We build different unsupervised models which average the values of different sets of features learned for Paraphrase Identification task. Table <ref type="table" target="#tab_5">7</ref> shows the Pearson correlation between the average of feature values and the gold similarity scores on the test data.</p></div>
<div xmlns="http://www.tei-c.org/ns/1.0"><head n="5">Evaluations</head><p>In this section, we discuss about the evaluation on both tasks. Table <ref type="table">8</ref> shows the performance of our best models constructed by best sets of features in comparison with all the three baselines and the top three best systems reported in the shared-task.<ref type="foot" target="#foot_6">9</ref> For Paraphrase Identification task, our system outperforms all three baselines and achieves a very competitive result to the best systems. The difference between our system and the best three systems is a very small variance by a slim margin around 1%. In Semantic Similarity, though we only build simple model which averages the values of word alignment METEOR, BLEU and Edit Distance scores, our system still obtains better results than all three baselines and close to the top Though all these sentence pairs share many word similarity/matching and alignments, they are annotated as non-paraphrase. For example, the sentence pair [4135] has very high word matching and alignment after removing the common topic "sounds", but the important words "like" and "reasonable" which differ the meaning between two sentences, are not really semantically captured and distinguished by our system. As our system does not use any semantic feature, this kind of semantic difference is difficult to distinguish. Hence, it leads to false positive case. This case is opposite to the previous case, even though these sentence pairs do not share many word similarity and alignment, they are annotated as paraphrase. We can possibly propose some hypothesis as follows:</p></div>
<div xmlns="http://www.tei-c.org/ns/1.0"><head n="6.2">False Negative</head><p>Extra information Though the pairs [4220] and [400] may not be paraphrase according to the paraphrase definition in the literature <ref type="bibr" target="#b0">(Bhagat and Hovy, 2013)</ref>, they are annotated as paraphrase in the goldstandard labels. In this case, we notice that as one sentence contains more extra information than the other one, it leads to low word similarity and alignment, which makes our system make wrong classification.</p><p>Specific knowledge-base In this case, the pairs [785] and [2832] require a specific knowledge-base, which is about baseball, to recognize the paraphrase; hence, even for human without any related knowledge, it might be difficult detect the paraphrase.</p><p>Common sense Though both sentences of the pair [4062] do not share any word similarity/alignment, they have a positive polarity that may allow identifying the paraphrase. This case may be easy for human to identify the paraphrase, yet it is difficult for machine to capture the same perception.</p><p>Table <ref type="table">9</ref> shows that we can improve our system performance by exploiting more semantic features to make correct classification. Though we try to adopt the WMF which is supposed to provide more semantic information, it does not show any contribution in the overall performance. Moreover, according to our analysis for the false negative, it is rather difficult to cover these cases.</p></div>
<div xmlns="http://www.tei-c.org/ns/1.0"><head n="7">Conclusions and Future Work</head><p>In this paper, we study and present a set of simple features which is especially tailored to obtain very competitive performance in Paraphrase Identification and Semantic Similarity tasks on Twitter data. From the evaluation results, we can confirm our hypothesis in which the combination of word/n-grams overlap, METEOR word alignment, BLEU and Edit Distance scores can be an alternative approach to explore semantic information on Twitter data at a low cost. However, for future work, we expect to study more useful features (e.g the POS information, semantic word similarity) to improve the system performance on both identifying paraphrase and computing semantic similarity scores. From our error analysis, we consider to have more study on exploiting the semantic information for the task Semantic Similarity; and investigating on domain adaptation techniques for broad-topic data to benefit the task Paraphrase Identification in Twitter. Finally, we speculate the sentiment feature which seems to be promising in paraphrase identification task. More investigation and analysis will be needed for exploiting and integrating it with other features for better performance.</p></div><figure xmlns="http://www.tei-c.org/ns/1.0" xml:id="fig_0"><head>Figure 1 :</head><label>1</label><figDesc>Figure 1: Examples of PI in Twitter.</figDesc></figure>
<figure xmlns="http://www.tei-c.org/ns/1.0" xml:id="fig_1"><head>[ 128 ]</head><label>128</label><figDesc>Anyone trying to see After Earth sometime soon -Me and my son went to see After Earth last night</figDesc></figure>
<figure xmlns="http://www.tei-c.org/ns/1.0" xml:id="fig_2"><head>[ 4220 ]</head><label>4220</label><figDesc>Hell yeah Star Wars is on -Star Wars and lord of the rings on tv [785] Chris Davis is putting the team on his back -Chris Davis doing what he does [400] Rafa Benitez deserves a hell of a thank you -Any praise for Benitez from my Chelsea followers lol [2832] Classy gesture by the Mets for Mariano -real class shown by The Mets Mo Rivera is a legend [4062] Shonda is a freaking genius -THAT LADY IS AMAZING I LOVE SHONDA</figDesc></figure>
<figure xmlns="http://www.tei-c.org/ns/1.0" type="table" xml:id="tab_1"><head>Table 1 :</head><label>1</label><figDesc>Paraphrase Identification Accuracy (%) obtained using different classifiers with different features on Development data.</figDesc><table><row><cell>Classifier/Features</cell><cell>Word/ n-grams Overlap (1)</cell><cell>(1) +METEOR</cell><cell>(1) +METEOR +TERp</cell><cell>(1) +METEOR +BLEU</cell><cell>(1) +METEOR +BLEU +EditDistance</cell></row><row><cell>Baseline-1</cell><cell>72.4</cell><cell>-</cell><cell>-</cell><cell>-</cell><cell>-</cell></row><row><cell>EditDistance</cell><cell>73.3</cell><cell>-</cell><cell>-</cell><cell>-</cell><cell>-</cell></row><row><cell>Decision Stump</cell><cell>73.7</cell><cell>74.4</cell><cell>74.4</cell><cell>74.4</cell><cell>74.4</cell></row><row><cell>OneR</cell><cell>73.7</cell><cell>74.4</cell><cell>74.4</cell><cell>74.4</cell><cell>74.4</cell></row><row><cell>Logistic</cell><cell>73.6</cell><cell>74.9</cell><cell>74.9</cell><cell>74.9</cell><cell>75.0</cell></row><row><cell>J48</cell><cell>72.6</cell><cell>74.7</cell><cell>74.2</cell><cell>74.6</cell><cell>74.7</cell></row><row><cell cols="2">BaysianLogisticRegression 72.0</cell><cell>74.9</cell><cell>74.8</cell><cell>74.9</cell><cell>75.0</cell></row><row><cell>VotedPerceptron</cell><cell>73.7</cell><cell>75.6</cell><cell>75.5</cell><cell>75.8</cell><cell>76.2</cell></row><row><cell>MultiLayerPerceptron</cell><cell>73.9</cell><cell>75.6</cell><cell>75.3</cell><cell>75.4</cell><cell>76.1</cell></row></table></figure>
<figure xmlns="http://www.tei-c.org/ns/1.0" type="table" xml:id="tab_3"><head>Table 3 :</head><label>3</label><figDesc>Distribution of the paraphrase in development dataset without sentiment analysis and with polarity matching and mismatching.</figDesc><table><row><cell></cell><cell cols="2">Paraphrase Not Paraphrase</cell></row><row><cell>Without</cell><cell>175 / 838</cell><cell>663 / 838</cell></row><row><cell>Sent. An.</cell><cell>20.88 %</cell><cell>79.12 %</cell></row><row><cell>Match</cell><cell>84 / 371 22.64 %</cell><cell>287 / 371 77.36 %</cell></row><row><cell>Mismatch</cell><cell>91 / 467 19.49 %</cell><cell>376 / 467 80.51 %</cell></row></table></figure>
<figure xmlns="http://www.tei-c.org/ns/1.0" type="table" xml:id="tab_4"><head>Table 4 :</head><label>4</label><figDesc>Distribution of the paraphrase in test dataset without sentiment analysis and with polarity matching and mismatching.</figDesc><table /></figure>
<figure xmlns="http://www.tei-c.org/ns/1.0" type="table" xml:id="tab_5"><head>Table 7 :</head><label>7</label><figDesc>Semantic Similarity Results with different features on Test data.</figDesc><table><row><cell>is a</cell></row></table></figure>
<figure xmlns="http://www.tei-c.org/ns/1.0" type="table" xml:id="tab_6"><head>Table 6 :</head><label>6</label><figDesc>Distribution of Datasets.</figDesc><table /></figure>
			<note xmlns="http://www.tei-c.org/ns/1.0" place="foot" n="1" xml:id="foot_0">http://aclweb.org/aclwiki/index.php? title=Paraphrase_Identification_(State_of_the_art)   </note>
			<note xmlns="http://www.tei-c.org/ns/1.0" place="foot" n="2" xml:id="foot_1">http://aclweb.org/aclwiki/index.php? title=Similarity_(State_of_the_art)   </note>
			<note xmlns="http://www.tei-c.org/ns/1.0" place="foot" n="4" xml:id="foot_2">http://alt.qcri.org/semeval2015/task1/</note>
			<note xmlns="http://www.tei-c.org/ns/1.0" place="foot" n="5" xml:id="foot_3">http://www.cs.cmu.edu/ alavie/METEOR/index.html</note>
			<note xmlns="http://www.tei-c.org/ns/1.0" place="foot" n="7" xml:id="foot_4">http://www.cs.columbia.edu/%7Eweiwei/code.html</note>
			<note xmlns="http://www.tei-c.org/ns/1.0" place="foot" n="8" xml:id="foot_5">https://docs.python.org/2/library/random.html</note>
			<note xmlns="http://www.tei-c.org/ns/1.0" place="foot" n="9" xml:id="foot_6">http://alt.qcri.org/semeval2015/task1/data/uploads/semevalpit-2015-results.pdf</note>
		</body>
		<back>
			<div type="annex">
<div xmlns="http://www.tei-c.org/ns/1.0"><p>three results. These results on both tasks may place us at the 4 th rank in comparison to the official ranking of the shared-task.</p></div>
<div xmlns="http://www.tei-c.org/ns/1.0"><head>PI SS System</head><p>Prec Rec F1 Pearson  .017 ASOBEK (1 st PI)  .680 .669 .674 -MITRE (2 nd PI, 1 st SS) .569 .806 .667</p><p>.619 ECNU (3 rd PI)  .767 . </p></div>
<div xmlns="http://www.tei-c.org/ns/1.0"><head n="6">Error Analysis</head><p>In this section, we conduct an analysis of the misclassifications that our system makes on test data. We extract and show some randomly selected examples in which our system classifies incorrectly, both false positive or false negative; and then we analyze the possible causes for the misclassification. This inspection yields not only the top sources of error for our approach but also uncovers sources of unclear annotations in dataset. </p></div>			</div>
			<div type="references">

				<listBibl>

<biblStruct xml:id="b0">
	<analytic>
		<title level="a" type="main">What is a paraphrase?</title>
		<author>
			<persName><forename type="first">Rahul</forename><surname>Bhagat</surname></persName>
		</author>
		<author>
			<persName><forename type="first">Eduard</forename><surname>Hovy</surname></persName>
		</author>
	</analytic>
	<monogr>
		<title level="j">Computational Linguistics</title>
		<imprint>
			<biblScope unit="volume">39</biblScope>
			<biblScope unit="issue">3</biblScope>
			<biblScope unit="page" from="463" to="472" />
			<date type="published" when="2013">2013</date>
		</imprint>
	</monogr>
	<note type="raw_reference">Rahul Bhagat and Eduard Hovy. 2013. What is a para- phrase? Computational Linguistics, 39(3):463-472.</note>
</biblStruct>

<biblStruct xml:id="b1">
	<analytic>
		<title level="a" type="main">Paraphrase identification as probabilistic quasi-synchronous recognition</title>
		<author>
			<persName><forename type="first">Dipanjan</forename><surname>Das</surname></persName>
		</author>
		<author>
			<persName><forename type="first">Noah</forename><forename type="middle">A</forename><surname>Smith</surname></persName>
		</author>
	</analytic>
	<monogr>
		<title level="m">Proceedings of the Joint Conference of the 47th Annual Meeting of the ACL and the 4th International Joint Conference on Natural Language Processing of the AFNLP</title>
				<meeting>the Joint Conference of the 47th Annual Meeting of the ACL and the 4th International Joint Conference on Natural Language Processing of the AFNLP</meeting>
		<imprint>
			<publisher>Association for Computational Linguistics</publisher>
			<date type="published" when="2009">2009</date>
			<biblScope unit="volume">1</biblScope>
			<biblScope unit="page" from="468" to="476" />
		</imprint>
	</monogr>
	<note type="raw_reference">Dipanjan Das and Noah A Smith. 2009. Paraphrase iden- tification as probabilistic quasi-synchronous recogni- tion. In Proceedings of the Joint Conference of the 47th Annual Meeting of the ACL and the 4th International Joint Conference on Natural Language Processing of the AFNLP: Volume 1-Volume 1, pages 468-476. Asso- ciation for Computational Linguistics.</note>
</biblStruct>

<biblStruct xml:id="b2">
	<analytic>
		<title level="a" type="main">Unsupervised construction of large paraphrase corpora: Exploiting massively parallel news sources</title>
		<author>
			<persName><forename type="first">Michael</forename><surname>Denkowski</surname></persName>
		</author>
		<author>
			<persName><forename type="first">Alon</forename><surname>Lavie</surname></persName>
		</author>
	</analytic>
	<monogr>
		<title level="m">Proceedings of the EACL 2014 Workshop on Statistical Machine Translation. Bill Dolan, Chris Quirk, and Chris Brockett</title>
				<meeting>the EACL 2014 Workshop on Statistical Machine Translation. Bill Dolan, Chris Quirk, and Chris Brockett</meeting>
		<imprint>
			<publisher>Association for Computational Linguistics</publisher>
			<date type="published" when="2004">2014. 2004</date>
			<biblScope unit="page">350</biblScope>
		</imprint>
	</monogr>
	<note>Proceedings of the 20th international conference on Computational Linguistics</note>
	<note type="raw_reference">Michael Denkowski and Alon Lavie. 2014. Meteor uni- versal: Language specific translation evaluation for any target language. In Proceedings of the EACL 2014 Workshop on Statistical Machine Translation. Bill Dolan, Chris Quirk, and Chris Brockett. 2004. Un- supervised construction of large paraphrase corpora: Exploiting massively parallel news sources. In Pro- ceedings of the 20th international conference on Com- putational Linguistics, page 350. Association for Com- putational Linguistics.</note>
</biblStruct>

<biblStruct xml:id="b3">
	<analytic>
		<title level="a" type="main">A semantic similarity approach to paraphrase detection</title>
		<author>
			<persName><forename type="first">Samuel</forename><surname>Fernando</surname></persName>
		</author>
		<author>
			<persName><forename type="first">Mark</forename><surname>Stevenson</surname></persName>
		</author>
	</analytic>
	<monogr>
		<title level="m">Proceedings of the 11th Annual Research Colloquium of the UK Special Interest Group for Computational Linguistics</title>
				<meeting>the 11th Annual Research Colloquium of the UK Special Interest Group for Computational Linguistics</meeting>
		<imprint>
			<publisher>Citeseer</publisher>
			<date type="published" when="2008">2008</date>
			<biblScope unit="page" from="45" to="52" />
		</imprint>
	</monogr>
	<note type="raw_reference">Samuel Fernando and Mark Stevenson. 2008. A semantic similarity approach to paraphrase detection. In Pro- ceedings of the 11th Annual Research Colloquium of the UK Special Interest Group for Computational Lin- guistics, pages 45-52. Citeseer.</note>
</biblStruct>

<biblStruct xml:id="b4">
	<analytic>
		<title level="a" type="main">Large margin classification using the perceptron algorithm</title>
		<author>
			<persName><forename type="first">Yoav</forename><surname>Freund</surname></persName>
		</author>
		<author>
			<persName><forename type="first">Robert</forename><forename type="middle">E</forename><surname>Schapire</surname></persName>
		</author>
	</analytic>
	<monogr>
		<title level="j">Machine learning</title>
		<imprint>
			<biblScope unit="volume">37</biblScope>
			<biblScope unit="issue">3</biblScope>
			<biblScope unit="page" from="277" to="296" />
			<date type="published" when="1999">1999</date>
		</imprint>
	</monogr>
	<note type="raw_reference">Yoav Freund and Robert E Schapire. 1999. Large margin classification using the perceptron algorithm. Machine learning, 37(3):277-296.</note>
</biblStruct>

<biblStruct xml:id="b5">
	<analytic>
		<title level="a" type="main">Modeling sentences in the latent space</title>
		<author>
			<persName><forename type="first">Weiwei</forename><surname>Guo</surname></persName>
		</author>
		<author>
			<persName><forename type="first">Mona</forename><surname>Diab</surname></persName>
		</author>
	</analytic>
	<monogr>
		<title level="m">Proceedings of the 50th Annual Meeting of the Association for Computational Linguistics: Long Papers</title>
				<meeting>the 50th Annual Meeting of the Association for Computational Linguistics: Long Papers</meeting>
		<imprint>
			<publisher>Association for Computational Linguistics</publisher>
			<date type="published" when="2012">2012</date>
			<biblScope unit="volume">1</biblScope>
			<biblScope unit="page" from="864" to="872" />
		</imprint>
	</monogr>
	<note type="raw_reference">Weiwei Guo and Mona Diab. 2012. Modeling sentences in the latent space. In Proceedings of the 50th Annual Meeting of the Association for Computational Linguis- tics: Long Papers-Volume 1, pages 864-872. Associa- tion for Computational Linguistics.</note>
</biblStruct>

<biblStruct xml:id="b6">
	<analytic>
		<title level="a" type="main">The weka data mining software: an update</title>
		<author>
			<persName><forename type="first">Mark</forename><surname>Hall</surname></persName>
		</author>
		<author>
			<persName><forename type="first">Eibe</forename><surname>Frank</surname></persName>
		</author>
		<author>
			<persName><forename type="first">Geoffrey</forename><surname>Holmes</surname></persName>
		</author>
		<author>
			<persName><forename type="first">Bernhard</forename><surname>Pfahringer</surname></persName>
		</author>
		<author>
			<persName><forename type="first">Peter</forename><surname>Reutemann</surname></persName>
		</author>
		<author>
			<persName><forename type="first">Ian</forename><forename type="middle">H</forename><surname>Witten</surname></persName>
		</author>
	</analytic>
	<monogr>
		<title level="j">ACM SIGKDD explorations newsletter</title>
		<imprint>
			<biblScope unit="volume">11</biblScope>
			<biblScope unit="issue">1</biblScope>
			<biblScope unit="page" from="10" to="18" />
			<date type="published" when="2009">2009</date>
		</imprint>
	</monogr>
	<note type="raw_reference">Mark Hall, Eibe Frank, Geoffrey Holmes, Bernhard Pfahringer, Peter Reutemann, and Ian H Witten. 2009. The weka data mining software: an update. ACM SIGKDD explorations newsletter, 11(1):10-18.</note>
</biblStruct>

<biblStruct xml:id="b7">
	<analytic>
		<title level="a" type="main">Lexical normalisation of short text messages</title>
		<author>
			<persName><forename type="first">Bo</forename><surname>Han</surname></persName>
		</author>
		<author>
			<persName><forename type="first">Paul</forename><surname>Cook</surname></persName>
		</author>
		<author>
			<persName><forename type="first">Timothy</forename><surname>Baldwin</surname></persName>
		</author>
	</analytic>
	<monogr>
		<title level="j">ACM Transactions on Intelligent Systems and Technology</title>
		<imprint>
			<biblScope unit="volume">4</biblScope>
			<biblScope unit="issue">1</biblScope>
			<biblScope unit="page">5</biblScope>
			<date type="published" when="2013">2013</date>
		</imprint>
	</monogr>
	<note type="raw_reference">Bo Han, Paul Cook, and Timothy Baldwin. 2013. Lexical normalisation of short text messages. ACM Transac- tions on Intelligent Systems and Technology, 4(1):5.</note>
</biblStruct>

<biblStruct xml:id="b8">
	<monogr>
		<title level="m" type="main">Measuring semantic relatedness using salient encyclopedic concepts</title>
		<author>
			<persName><forename type="first">Samer</forename><surname>Hassan</surname></persName>
		</author>
		<author>
			<persName><forename type="first">Rada</forename><surname>Adviser-Mihalcea</surname></persName>
		</author>
		<imprint>
			<date type="published" when="2011">2011</date>
		</imprint>
		<respStmt>
			<orgName>University of North Texas</orgName>
		</respStmt>
	</monogr>
	<note type="raw_reference">Samer Hassan and Rada Adviser-Mihalcea. 2011. Mea- suring semantic relatedness using salient encyclopedic concepts. University of North Texas.</note>
</biblStruct>

<biblStruct xml:id="b9">
	<analytic>
		<title level="a" type="main">Semantic similarity of short texts</title>
		<author>
			<persName><forename type="first">Aminul</forename><surname>Islam</surname></persName>
		</author>
		<author>
			<persName><forename type="first">Diana</forename><surname>Inkpen</surname></persName>
		</author>
	</analytic>
	<monogr>
		<title level="m">Recent Advances in Natural Language Processing V</title>
				<imprint>
			<date type="published" when="2009">2009</date>
			<biblScope unit="volume">309</biblScope>
			<biblScope unit="page" from="227" to="236" />
		</imprint>
	</monogr>
	<note type="raw_reference">Aminul Islam and Diana Inkpen. 2009. Semantic simi- larity of short texts. Recent Advances in Natural Lan- guage Processing V, 309:227-236.</note>
</biblStruct>

<biblStruct xml:id="b10">
	<analytic>
		<title level="a" type="main">Why we twitter: understanding microblogging usage and communities</title>
		<author>
			<persName><forename type="first">Akshay</forename><surname>Java</surname></persName>
		</author>
		<author>
			<persName><forename type="first">Xiaodan</forename><surname>Song</surname></persName>
		</author>
		<author>
			<persName><forename type="first">Tim</forename><surname>Finin</surname></persName>
		</author>
		<author>
			<persName><forename type="first">Belle</forename><surname>Tseng</surname></persName>
		</author>
	</analytic>
	<monogr>
		<title level="m">Proceedings of the 9th We-bKDD and 1st SNA-KDD 2007 workshop on Web mining and social network analysis</title>
				<meeting>the 9th We-bKDD and 1st SNA-KDD 2007 workshop on Web mining and social network analysis</meeting>
		<imprint>
			<publisher>ACM</publisher>
			<date type="published" when="2007">2007</date>
			<biblScope unit="page" from="56" to="65" />
		</imprint>
	</monogr>
	<note type="raw_reference">Akshay Java, Xiaodan Song, Tim Finin, and Belle Tseng. 2007. Why we twitter: understanding microblogging usage and communities. In Proceedings of the 9th We- bKDD and 1st SNA-KDD 2007 workshop on Web min- ing and social network analysis, pages 56-65. ACM.</note>
</biblStruct>

<biblStruct xml:id="b11">
	<monogr>
		<author>
			<persName><forename type="first">Efthymios</forename><surname>Kouloumpis</surname></persName>
		</author>
		<author>
			<persName><forename type="first">Theresa</forename><surname>Wilson</surname></persName>
		</author>
		<author>
			<persName><forename type="first">Johanna</forename><surname>Moore</surname></persName>
		</author>
		<title level="m">Twitter sentiment analysis: The good the bad and the omg! ICWSM</title>
				<imprint>
			<date type="published" when="2011">2011</date>
			<biblScope unit="volume">11</biblScope>
			<biblScope unit="page" from="538" to="541" />
		</imprint>
	</monogr>
	<note type="raw_reference">Efthymios Kouloumpis, Theresa Wilson, and Johanna Moore. 2011. Twitter sentiment analysis: The good the bad and the omg! ICWSM, 11:538-541.</note>
</biblStruct>

<biblStruct xml:id="b12">
	<analytic>
		<title level="a" type="main">A few chirps about twitter</title>
		<author>
			<persName><forename type="first">Balachander</forename><surname>Krishnamurthy</surname></persName>
		</author>
		<author>
			<persName><forename type="first">Phillipa</forename><surname>Gill</surname></persName>
		</author>
		<author>
			<persName><forename type="first">Martin</forename><surname>Arlitt</surname></persName>
		</author>
	</analytic>
	<monogr>
		<title level="m">Proceedings of the first workshop on Online social networks</title>
				<meeting>the first workshop on Online social networks</meeting>
		<imprint>
			<publisher>ACM</publisher>
			<date type="published" when="2008">2008</date>
			<biblScope unit="page" from="19" to="24" />
		</imprint>
	</monogr>
	<note type="raw_reference">Balachander Krishnamurthy, Phillipa Gill, and Martin Ar- litt. 2008. A few chirps about twitter. In Proceedings of the first workshop on Online social networks, pages 19-24. ACM.</note>
</biblStruct>

<biblStruct xml:id="b13">
	<analytic>
		<title level="a" type="main">What is twitter, a social network or a news media?</title>
		<author>
			<persName><forename type="first">Haewoon</forename><surname>Kwak</surname></persName>
		</author>
		<author>
			<persName><forename type="first">Changhyun</forename><surname>Lee</surname></persName>
		</author>
		<author>
			<persName><forename type="first">Hosung</forename><surname>Park</surname></persName>
		</author>
		<author>
			<persName><forename type="first">Sue</forename><surname>Moon</surname></persName>
		</author>
	</analytic>
	<monogr>
		<title level="m">Proceedings of the 19th international conference on World wide web</title>
				<meeting>the 19th international conference on World wide web</meeting>
		<imprint>
			<publisher>ACM</publisher>
			<date type="published" when="2010">2010</date>
			<biblScope unit="page" from="591" to="600" />
		</imprint>
	</monogr>
	<note type="raw_reference">Haewoon Kwak, Changhyun Lee, Hosung Park, and Sue Moon. 2010. What is twitter, a social network or a news media? In Proceedings of the 19th international conference on World wide web, pages 591-600. ACM.</note>
</biblStruct>

<biblStruct xml:id="b14">
	<analytic>
		<title level="a" type="main">Generating phrasal and sentential paraphrases: A survey of datadriven methods</title>
		<author>
			<persName><forename type="first">Nitin</forename><surname>Madnani</surname></persName>
		</author>
		<author>
			<persName><forename type="first">Bonnie</forename><forename type="middle">J</forename><surname>Dorr</surname></persName>
		</author>
	</analytic>
	<monogr>
		<title level="j">Computational Linguistics</title>
		<imprint>
			<biblScope unit="volume">36</biblScope>
			<biblScope unit="issue">3</biblScope>
			<biblScope unit="page" from="341" to="387" />
			<date type="published" when="2010">2010</date>
		</imprint>
	</monogr>
	<note type="raw_reference">Nitin Madnani and Bonnie J Dorr. 2010. Generating phrasal and sentential paraphrases: A survey of data- driven methods. Computational Linguistics, 36(3):341- 387.</note>
</biblStruct>

<biblStruct xml:id="b15">
	<analytic>
		<title level="a" type="main">Re-examining machine translation metrics for paraphrase identification</title>
		<author>
			<persName><forename type="first">Nitin</forename><surname>Madnani</surname></persName>
		</author>
		<author>
			<persName><forename type="first">Joel</forename><surname>Tetreault</surname></persName>
		</author>
		<author>
			<persName><forename type="first">Martin</forename><surname>Chodorow</surname></persName>
		</author>
	</analytic>
	<monogr>
		<title level="m">Proceedings of the 2012 Conference of the North American Chapter of the Association for Computational Linguistics: Human Language Technologies</title>
				<meeting>the 2012 Conference of the North American Chapter of the Association for Computational Linguistics: Human Language Technologies</meeting>
		<imprint>
			<publisher>Association for Computational Linguistics</publisher>
			<date type="published" when="2012">2012</date>
			<biblScope unit="page" from="182" to="190" />
		</imprint>
	</monogr>
	<note type="raw_reference">Nitin Madnani, Joel Tetreault, and Martin Chodorow. 2012. Re-examining machine translation metrics for paraphrase identification. In Proceedings of the 2012 Conference of the North American Chapter of the As- sociation for Computational Linguistics: Human Lan- guage Technologies, pages 182-190. Association for Computational Linguistics.</note>
</biblStruct>

<biblStruct xml:id="b16">
	<monogr>
		<title level="m" type="main">The excitement open platform for textual inferences</title>
		<author>
			<persName><forename type="first">Bernardo</forename><surname>Magnini</surname></persName>
		</author>
		<author>
			<persName><forename type="first">Roberto</forename><surname>Zanoli</surname></persName>
		</author>
		<author>
			<persName><forename type="first">Ido</forename><surname>Dagan</surname></persName>
		</author>
		<author>
			<persName><forename type="first">Kathrin</forename><surname>Eichler</surname></persName>
		</author>
		<author>
			<persName><forename type="first">Günter</forename><surname>Neumann</surname></persName>
		</author>
		<author>
			<persName><forename type="first">Tae-Gil</forename><surname>Noh</surname></persName>
		</author>
		<author>
			<persName><forename type="first">Sebastian</forename><surname>Pado</surname></persName>
		</author>
		<author>
			<persName><forename type="first">Asher</forename><surname>Stern</surname></persName>
		</author>
		<author>
			<persName><forename type="first">Omer</forename><surname>Levy</surname></persName>
		</author>
		<imprint>
			<date type="published" when="2014">2014</date>
		</imprint>
	</monogr>
	<note type="raw_reference">Bernardo Magnini, Roberto Zanoli, Ido Dagan, Kathrin Eichler, Günter Neumann, Tae-Gil Noh, Sebastian Pado, Asher Stern, and Omer Levy. 2014. The ex- citement open platform for textual inferences.</note>
</biblStruct>

<biblStruct xml:id="b17">
	<analytic>
		<title level="a" type="main">The Stanford CoreNLP natural language processing toolkit</title>
		<author>
			<persName><forename type="first">D</forename><surname>Christopher</surname></persName>
		</author>
		<author>
			<persName><forename type="first">Mihai</forename><surname>Manning</surname></persName>
		</author>
		<author>
			<persName><forename type="first">John</forename><surname>Surdeanu</surname></persName>
		</author>
		<author>
			<persName><forename type="first">Jenny</forename><surname>Bauer</surname></persName>
		</author>
		<author>
			<persName><forename type="first">Steven</forename><forename type="middle">J</forename><surname>Finkel</surname></persName>
		</author>
		<author>
			<persName><forename type="first">David</forename><surname>Bethard</surname></persName>
		</author>
		<author>
			<persName><surname>Mcclosky</surname></persName>
		</author>
	</analytic>
	<monogr>
		<title level="m">Proceedings of 52nd Annual Meeting of the Association for Computational Linguistics: System Demonstrations</title>
				<meeting>52nd Annual Meeting of the Association for Computational Linguistics: System Demonstrations</meeting>
		<imprint>
			<date type="published" when="2014">2014</date>
			<biblScope unit="page" from="55" to="60" />
		</imprint>
	</monogr>
	<note type="raw_reference">Christopher D. Manning, Mihai Surdeanu, John Bauer, Jenny Finkel, Steven J. Bethard, and David McClosky. 2014. The Stanford CoreNLP natural language process- ing toolkit. In Proceedings of 52nd Annual Meeting of the Association for Computational Linguistics: System Demonstrations, pages 55-60.</note>
</biblStruct>

<biblStruct xml:id="b18">
	<analytic>
		<title level="a" type="main">Twitter as a corpus for sentiment analysis and opinion mining</title>
		<author>
			<persName><forename type="first">Alexander</forename><surname>Pak</surname></persName>
		</author>
		<author>
			<persName><forename type="first">Patrick</forename><surname>Paroubek</surname></persName>
		</author>
	</analytic>
	<monogr>
		<title level="m">LREC</title>
				<imprint>
			<date type="published" when="2010">2010</date>
			<biblScope unit="volume">10</biblScope>
			<biblScope unit="page" from="1320" to="1326" />
		</imprint>
	</monogr>
	<note type="raw_reference">Alexander Pak and Patrick Paroubek. 2010. Twitter as a corpus for sentiment analysis and opinion mining. In LREC, volume 10, pages 1320-1326.</note>
</biblStruct>

<biblStruct xml:id="b19">
	<analytic>
		<title level="a" type="main">Bleu: a method for automatic evaluation of machine translation</title>
		<author>
			<persName><forename type="first">Kishore</forename><surname>Papineni</surname></persName>
		</author>
		<author>
			<persName><forename type="first">Salim</forename><surname>Roukos</surname></persName>
		</author>
		<author>
			<persName><forename type="first">Todd</forename><surname>Ward</surname></persName>
		</author>
		<author>
			<persName><forename type="first">Wei-Jing</forename><surname>Zhu</surname></persName>
		</author>
	</analytic>
	<monogr>
		<title level="m">Proceedings of the 40th annual meeting on association for computational linguistics</title>
				<meeting>the 40th annual meeting on association for computational linguistics</meeting>
		<imprint>
			<publisher>Association for Computational Linguistics</publisher>
			<date type="published" when="2002">2002</date>
			<biblScope unit="page" from="311" to="318" />
		</imprint>
	</monogr>
	<note type="raw_reference">Kishore Papineni, Salim Roukos, Todd Ward, and Wei- Jing Zhu. 2002. Bleu: a method for automatic eval- uation of machine translation. In Proceedings of the 40th annual meeting on association for computational linguistics, pages 311-318. Association for Computa- tional Linguistics.</note>
</biblStruct>

<biblStruct xml:id="b20">
	<analytic>
		<title level="a" type="main">Ter-plus: paraphrase, semantic, and alignment enhancements to translation edit rate</title>
		<author>
			<persName><forename type="first">Nitin</forename><surname>Matthew G Snover</surname></persName>
		</author>
		<author>
			<persName><forename type="first">Bonnie</forename><surname>Madnani</surname></persName>
		</author>
		<author>
			<persName><forename type="first">Richard</forename><surname>Dorr</surname></persName>
		</author>
		<author>
			<persName><surname>Schwartz</surname></persName>
		</author>
	</analytic>
	<monogr>
		<title level="j">Machine Translation</title>
		<imprint>
			<biblScope unit="volume">23</biblScope>
			<biblScope unit="issue">2-3</biblScope>
			<biblScope unit="page" from="117" to="127" />
			<date type="published" when="2009">2009</date>
		</imprint>
	</monogr>
	<note type="raw_reference">Matthew G Snover, Nitin Madnani, Bonnie Dorr, and Richard Schwartz. 2009. Ter-plus: paraphrase, seman- tic, and alignment enhancements to translation edit rate. Machine Translation, 23(2-3):117-127.</note>
</biblStruct>

<biblStruct xml:id="b21">
	<analytic>
		<title level="a" type="main">Dynamic pooling and unfolding recursive autoencoders for paraphrase detection</title>
		<author>
			<persName><forename type="first">Richard</forename><surname>Socher</surname></persName>
		</author>
		<author>
			<persName><forename type="first">Eric</forename><forename type="middle">H</forename><surname>Huang</surname></persName>
		</author>
		<author>
			<persName><forename type="first">Jeffrey</forename><surname>Pennin</surname></persName>
		</author>
		<author>
			<persName><forename type="first">Christopher</forename><forename type="middle">D</forename><surname>Manning</surname></persName>
		</author>
		<author>
			<persName><forename type="first">Andrew</forename><forename type="middle">Y</forename><surname>Ng</surname></persName>
		</author>
	</analytic>
	<monogr>
		<title level="m">Advances in Neural Information Processing Systems</title>
				<imprint>
			<date type="published" when="2011">2011</date>
			<biblScope unit="page" from="801" to="809" />
		</imprint>
	</monogr>
	<note type="raw_reference">Richard Socher, Eric H Huang, Jeffrey Pennin, Christo- pher D Manning, and Andrew Y Ng. 2011. Dynamic pooling and unfolding recursive autoencoders for para- phrase detection. In Advances in Neural Information Processing Systems, pages 801-809.</note>
</biblStruct>

<biblStruct xml:id="b22">
	<analytic>
		<title level="a" type="main">Using dependency-based features to take the &quot;para-farce&quot; out of paraphrase</title>
		<author>
			<persName><forename type="first">Stephen</forename><surname>Wan</surname></persName>
		</author>
		<author>
			<persName><forename type="first">Mark</forename><surname>Dras</surname></persName>
		</author>
		<author>
			<persName><forename type="first">Robert</forename><surname>Dale</surname></persName>
		</author>
		<author>
			<persName><forename type="first">Cécile</forename><surname>Paris</surname></persName>
		</author>
	</analytic>
	<monogr>
		<title level="m">Proceedings of the Australasian Language Technology Workshop</title>
				<meeting>the Australasian Language Technology Workshop</meeting>
		<imprint>
			<date type="published" when="2006">2006. 2006</date>
		</imprint>
	</monogr>
	<note type="raw_reference">Stephen Wan, Mark Dras, Robert Dale, and Cécile Paris. 2006. Using dependency-based features to take the &quot;para-farce&quot; out of paraphrase. In Proceedings of the Australasian Language Technology Workshop, volume 2006.</note>
</biblStruct>

<biblStruct xml:id="b23">
	<analytic>
		<title level="a" type="main">Gathering and generating paraphrases from twitter with application to normalization</title>
		<author>
			<persName><forename type="first">Wei</forename><surname>Xu</surname></persName>
		</author>
		<author>
			<persName><forename type="first">Alan</forename><surname>Ritter</surname></persName>
		</author>
		<author>
			<persName><forename type="first">Ralph</forename><surname>Grishman</surname></persName>
		</author>
	</analytic>
	<monogr>
		<title level="m">Proceedings of the Sixth Workshop on Building and Using Comparable Corpora</title>
				<meeting>the Sixth Workshop on Building and Using Comparable Corpora</meeting>
		<imprint>
			<publisher>Citeseer</publisher>
			<date type="published" when="2013">2013</date>
			<biblScope unit="page" from="121" to="128" />
		</imprint>
	</monogr>
	<note type="raw_reference">Wei Xu, Alan Ritter, and Ralph Grishman. 2013. Gath- ering and generating paraphrases from twitter with ap- plication to normalization. In Proceedings of the Sixth Workshop on Building and Using Comparable Corpora, pages 121-128. Citeseer.</note>
</biblStruct>

<biblStruct xml:id="b24">
	<analytic>
		<title level="a" type="main">Extracting lexically divergent paraphrases from twitter</title>
		<author>
			<persName><forename type="first">Wei</forename><surname>Xu</surname></persName>
		</author>
		<author>
			<persName><forename type="first">Alan</forename><surname>Ritter</surname></persName>
		</author>
		<author>
			<persName><forename type="first">Chris</forename><surname>Callison-Burch</surname></persName>
		</author>
		<author>
			<persName><forename type="first">William</forename><forename type="middle">B</forename><surname>Dolan</surname></persName>
		</author>
		<author>
			<persName><forename type="first">Yangfeng</forename><surname>Ji</surname></persName>
		</author>
	</analytic>
	<monogr>
		<title level="j">Transactions Of The Association For Computational Linguistics</title>
		<imprint>
			<biblScope unit="volume">2</biblScope>
			<biblScope unit="page" from="435" to="448" />
			<date type="published" when="2014">2014</date>
		</imprint>
	</monogr>
	<note type="raw_reference">Wei Xu, Alan Ritter, Chris Callison-Burch, William B Dolan, and Yangfeng Ji. 2014. Extracting lexically divergent paraphrases from twitter. Transactions Of The Association For Computational Linguistics, 2:435- 448.</note>
</biblStruct>

<biblStruct xml:id="b25">
	<analytic>
		<title level="a" type="main">SemEval-2015 Task 1: Paraphrase and semantic similarity in Twitter (PIT)</title>
		<author>
			<persName><forename type="first">Wei</forename><surname>Xu</surname></persName>
		</author>
		<author>
			<persName><forename type="first">Chris</forename><surname>Callison-Burch</surname></persName>
		</author>
		<author>
			<persName><forename type="first">William</forename><forename type="middle">B</forename><surname>Dolan</surname></persName>
		</author>
	</analytic>
	<monogr>
		<title level="m">Proceedings of the 9th International Workshop on Semantic Evaluation (SemEval)</title>
				<meeting>the 9th International Workshop on Semantic Evaluation (SemEval)</meeting>
		<imprint>
			<date type="published" when="2015">2015</date>
		</imprint>
	</monogr>
	<note type="raw_reference">Wei Xu, Chris Callison-Burch, and William B. Dolan. 2015. SemEval-2015 Task 1: Paraphrase and seman- tic similarity in Twitter (PIT). In Proceedings of the 9th International Workshop on Semantic Evaluation (SemEval).</note>
</biblStruct>

<biblStruct xml:id="b26">
	<analytic>
		<title level="a" type="main">Linguistic redundancy in twitter</title>
		<author>
			<persName><forename type="first">Fabio</forename><surname>Massimo Zanzotto</surname></persName>
		</author>
		<author>
			<persName><forename type="first">Marco</forename><surname>Pennacchiotti</surname></persName>
		</author>
		<author>
			<persName><forename type="first">Kostas</forename><surname>Tsioutsiouliklis</surname></persName>
		</author>
	</analytic>
	<monogr>
		<title level="m">Proceedings of the Conference on Empirical Methods in Natural Language Processing</title>
				<meeting>the Conference on Empirical Methods in Natural Language Processing</meeting>
		<imprint>
			<publisher>Association for Computational Linguistics</publisher>
			<date type="published" when="2011">2011</date>
			<biblScope unit="page" from="659" to="669" />
		</imprint>
	</monogr>
	<note type="raw_reference">Fabio Massimo Zanzotto, Marco Pennacchiotti, and Kostas Tsioutsiouliklis. 2011. Linguistic redundancy in twitter. In Proceedings of the Conference on Empir- ical Methods in Natural Language Processing, pages 659-669. Association for Computational Linguistics.</note>
</biblStruct>

				</listBibl>
			</div>
		</back>
	</text>
</TEI>
