<?xml version="1.0" encoding="UTF-8"?>
<TEI xml:space="preserve" xmlns="http://www.tei-c.org/ns/1.0" 
xmlns:xsi="http://www.w3.org/2001/XMLSchema-instance" 
xsi:schemaLocation="http://www.tei-c.org/ns/1.0 https://raw.githubusercontent.com/kermitt2/grobid/master/grobid-home/schemas/xsd/Grobid.xsd"
 xmlns:xlink="http://www.w3.org/1999/xlink">
	<teiHeader xml:lang="en">
		<fileDesc>
			<titleStmt>
				<title level="a" type="main">JRLV at SemEval-2022 Task 5: The Importance of Visual Elements for Misogyny Identification in Memes</title>
			</titleStmt>
			<publicationStmt>
				<publisher/>
				<availability status="unknown"><licence/></availability>
			</publicationStmt>
			<sourceDesc>
				<biblStruct>
					<analytic>
						<author>
							<persName><forename type="first">Jason</forename><surname>Ravagli</surname></persName>
							<email>jason.ravagli@stud.unifi.it</email>
							<affiliation key="aff0">
								<orgName type="institution">Università degli Studi di Firenze Florence</orgName>
								<address>
									<country key="IT">Italy</country>
								</address>
							</affiliation>
						</author>
						<author>
							<persName><forename type="first">Lorenzo</forename><surname>Vaiani</surname></persName>
							<email>lorenzo.vaiani@polito.it</email>
							<affiliation key="aff1">
								<orgName type="institution">Politecnico di Torino Turin</orgName>
								<address>
									<country key="IT">Italy</country>
								</address>
							</affiliation>
						</author>
						<title level="a" type="main">JRLV at SemEval-2022 Task 5: The Importance of Visual Elements for Misogyny Identification in Memes</title>
					</analytic>
					<monogr>
						<imprint>
							<date/>
						</imprint>
					</monogr>
					<idno type="MD5">CEC6E6EB5D888F250CDECB577193E08B</idno>
				</biblStruct>
			</sourceDesc>
		</fileDesc>
		<encodingDesc>
			<appInfo>
				<application version="0.7.3-SNAPSHOT" ident="GROBID" when="2023-01-12T09:00+0000">
					<desc>GROBID - A machine learning software for extracting information from scholarly documents</desc>
					<ref target="https://github.com/kermitt2/grobid"/>
				</application>
			</appInfo>
		</encodingDesc>
		<profileDesc>
			<abstract>
<div xmlns="http://www.tei-c.org/ns/1.0"><p>Gender discrimination is a serious and widespread problem on social media and online in general. Besides offensive messages, memes are one of the main means of dissemination for such content. With these premises, the MAMI task was proposed at the SemEval-2022, which consists of identifying memes with misogynous characteristics. In this work, we propose a solution to this problem based on Mask R-CNN and VisualBERT that leverages the multimodal nature of the task. Our study focuses on observing how the two sources of data in memes (text and image) and their possible combinations impact performances. Our best result slightly exceeds the higher baseline, but the experiments allowed us to draw important considerations regarding the importance of correctly exploiting the visual information and the relevance of the elements present in the memes images.</p></div>
			</abstract>
		</profileDesc>
	</teiHeader>
	<text xml:lang="en">
		<body>
<div xmlns="http://www.tei-c.org/ns/1.0"><head n="1">Introduction</head><p>Even though many advances and initiatives have been carried on in the last decades, misogyny and gender discrimination still represent a serious social problem. Comments and posts with hate messages or bad jokes having the female gender as the target are published every day on social networks. Memes are the most popular means of communication on the internet. A meme basically is an image with overlayed text. The combination of image and text should transmit in a clear and direct way a message, which is often funny or ironic. However, many users use them to spread hate or discriminatory messages against certain categories of people. Considering the number of contents that are published online every moment, social network administrators require automatic tools to identify and remove this type of memes. Such tools can be an effective way to fight and stop sexist and misogynous manifestations online.</p><p>For the SemEval-2022 it has been proposed the Multimedia Automatic Misogyny Identification (MAMI) task <ref type="bibr" target="#b3">(Fersini et al., 2022)</ref>, which consists of identifying misogynous memes.</p><p>In this work, we present our proposed solution for subtask A of MAMI, which is a binary classification problem where a meme must be categorized as misogynous or non-misogynous. Our solution exploits the multimodal nature of the available data (a meme is represented by a pair image -overlayed text) by using a VisualBERT model together with a Mask R-CNN. Our solution classified 35 th out of 69 participants, getting an F1 score 2% higher than the best baseline. Beyond metric values, our work highlights the different importance of various visual elements and how their usage can affect the performances.</p></div>
<div xmlns="http://www.tei-c.org/ns/1.0"><head n="2">Task Overview</head><p>The purpose of MAMI is identifying misogyny contents and messages within memes through the use of visual and textual information. Organizers set up this task as a competition, providing an annotated dataset and proposing two different sub tasks.</p></div>
<div xmlns="http://www.tei-c.org/ns/1.0"><head n="2.1">Dataset</head><p>The training dataset contains 10000 memes. Each sample is composed of a pair (image, text) corresponding to the visual and textual information inside the meme.All texts transcripts are already extracted from pictures and available in English language. Data samples are labeled with five different binary tags, each aimed at identifying a different type of hate content: misogyny, objectification, violence, stereotype and shaming. More than one class can characterize a single data sample.</p><p>During the final phase of the MAMI challenge, task organizers released a test dataset, made by 1000 elements, which labels were released at the end of the competition only. Therefore, we decided to reserve 25% of the labeled training samples for the validation set to perform our experiments.</p><p>In addition to general information, we compute some image-related statistics to analyze and compare all dataset splits. In particular, we use Mask R-CNN <ref type="bibr" target="#b5">(He et al., 2018)</ref> classification and boundingbox regression branches to identify which, how many and how large are the most frequent elements within the images. We try two different Mask R-CNN pretraining: the former trained on COCO <ref type="bibr" target="#b10">(Lin et al., 2015)</ref> (91 classes) while the latter trained on LVIS version 0.5 <ref type="bibr" target="#b4">(Gupta et al., 2019)</ref> (1230 classes).</p><p>Computed statistics for both mask R-CNN pretrainings are reported in Table <ref type="table" target="#tab_0">1</ref>. Comparing the two, it is possible to observe how the COCO pretraining allows identifying elements in greater quantity and of greater dimensions than the LVIS one. This is a strange result considering the higher number of classes contained in LVIS. Looking in detail at the detected objects we noticed that the majority of elements identified by the COCOpretrained network belong to the class "person" (∼ 63% for train and validation, ∼ 68% for test). This category is not present among those of LVIS, which instead detects as most popular categories some types of clothing and jewelry, such as swim suits, dresses, necklaces and earrings (each appearing at most in ∼ 8% of predicted classes). Moreover, COCO pretraining performs better also in other domains different from photos, such as drawings and cartoons, where LVIS pretraining is often not able to detect and extract any relevant patch. A last noteworthy fact is the dimensional discrepancy between the test and the other splits when using the COCO pretraining. Even though the detected object ratio is lower on the test set, the percentage of covered picture is higher, implying that elements in test images are larger but in less quantity than in the other splits.</p></div>
<div xmlns="http://www.tei-c.org/ns/1.0"><head n="2.2">Sub-tasks</head><p>Regarding the goals of the challenge, the MAMI task is split up into two sub-tasks:</p><p>• Sub-task A consists of a binary classification problem, where each sample/meme must be categorized as misogynous or nonmisogynous. The two classes are balanced.</p><p>• Sub-task B is a multi-class and multilabel classification problem, where each meme/sample must be assigned labels belonging to 5 different classes: misogynous, stereotype, shaming, objectification, and violence.</p><p>It is an advanced task since the labels identify more in-depth the type of offensive content and the classes are unbalanced.</p><p>Our team worked on a solution for sub-task A only.</p></div>
<div xmlns="http://www.tei-c.org/ns/1.0"><head n="3">Related Works</head><p>Hate speech detection in text data has been deeply studied in the last few years. State-of-the-art approaches usually apply transformers-based methods achieving impressive results. <ref type="bibr" target="#b13">(Mozafari et al., 2020)</ref> for example proposed different hybrid architectures to fine-tune a BERT model <ref type="bibr" target="#b2">(Devlin et al., 2019)</ref> for detecting offensive tweets. However, identifying hate content in multimodal data requires correlating visual and textual information and introduces an additional challenge. Multimodal transformers, such as <ref type="bibr">VisualBERT (Li et al., 2019)</ref> and ViLBERT <ref type="bibr" target="#b12">(Lu et al., 2019)</ref>, are currently the state-of-the-art models for these types of problems.</p><p>In 2020 Facebook AI organized the Hateful Memes Challenge <ref type="bibr">(Kiela et al., 2021)</ref>. The competition was similar to MAMI and consisted of categorizing a meme as hateful or non-hateful. The dataset contained memes with various types of hate messages (e.g. targeting an ethnicity, a religion, or the sexual orientation of people). Winning solutions all used ensembles of multimodal transformers-based networks. (Zhu, 2020) won the competition using a complex and task-specific pipeline to extract additional information from the data with which to fine-tune multimodal transformers networks. <ref type="bibr" target="#b14">(Muennighoff, 2020)</ref> and <ref type="bibr" target="#b19">(Velioglu and Rose, 2020)</ref>, who ranked respectively second and third, proposed simpler ensemble methods based on VisualBERT and VilBERT-derived architectures.</p><p>Many other works regarding meme analysis for hate speech detection can be found in the literature. Each has its own peculiarities, often related to information extraction techniques, especially from the visual content. Among them, the most used are text removal, object detection, image captioning, and entity recognition, such as in <ref type="bibr" target="#b1">(Deshpande and Mani, 2021)</ref>, <ref type="bibr" target="#b16">(Pramanick et al., 2021)</ref>  First of all, we exploit single modalities separately, through state-of-the-art deep models, to investigate their relevance and the quantity of information they carry on. Subsequently, we combine image and text embeddings to estimate the performance of a multimodal approach. The strategies mentioned above can be considered as three baseline models in which the information from each modality is retrieved without taking into account the other one and then used both alone or together. Afterward, we adopt early fusion methods to create a more informative embedding of a whole meme, extracting information jointly from both modalities with the same model. This allows to directly obtain a final representation depending on both text and image, thus removing the need for a fusion point between unimodal embeddings.</p></div>
<div xmlns="http://www.tei-c.org/ns/1.0"><head n="4.1">Text Encoding</head><p>Transformer architectures <ref type="bibr" target="#b18">(Vaswani et al., 2017)</ref> are currently the state-of-the-art models in NLP as regards the generation of textual embedding. Among them, BERT <ref type="bibr" target="#b2">(Devlin et al., 2019)</ref> is the most renowned sentence encoder, with top-level performances in encoding sentence semantics.</p><p>Our text-based baseline model exploits BERT encoder to convert the input sentence into a 768dimensional embedding vector, obtained with a mean pooling operation over all the output tokens. The classification is accomplished by a single fully connected layer. Both sentence encoder and classification head are trained end-to-end.</p></div>
<div xmlns="http://www.tei-c.org/ns/1.0"><head n="4.2">Image Encoding</head><p>Convolutional Neural Networks <ref type="bibr" target="#b7">(LeCun et al., 1999)</ref> are the type of model most commonly employed in image analysis. CNNs consist of a stack of convolutional layers that extract visual elements from the image, assigning each an appropriate relevance. Among all CNNs, VGG16 <ref type="bibr" target="#b17">(Simonyan and Zisserman, 2015)</ref> is one of the most known and used.</p><p>Our image-based baseline end-to-end model uses the VGG16 feature extractor along with a multi layer perceptron to obtain a 2048dimensional embedding vector from the entire original input image. Once again, the classification is accomplished by an additional fully connected layer, as happens for the text, and the two pieces of architecture are trained end-to-end.</p></div>
<div xmlns="http://www.tei-c.org/ns/1.0"><head n="4.3">Multimodal Fusion</head><p>As a naive multimodal solution, we combine each modality embedding extracted with the previously described techniques. Adopting this implementation we build an end-to-end architecture with two input branches, one for each modality, and a single classification head that takes as input the concatenation of text and image representation vectors, thus setting a late fusion point in the system.</p></div>
<div xmlns="http://www.tei-c.org/ns/1.0"><head n="4.4">Multimodal Extraction</head><p>Baseline architectures presented in previous subsections suffer from several disadvantages. First and foremost, the choice of fusion point is a critical decision during the construction of multimodal architectures. A late fusion point does not allow information contained in one modality to affect the embedding creation of the others, limiting the influence between modalities only through the backpropagation steps along with the end-to-end architecture. On the other hand, an early fusion has proven to be the best choice for a wide range of other tasks, such as in <ref type="bibr" target="#b0">(Barnum et al., 2020)</ref> and <ref type="bibr" target="#b15">(Peinelt et al., 2020)</ref>.</p><p>Another weakness is the usage of the entire input image. The overlayed text in memes is often characterized by a showy style. Since transcriptions are available and typography is unlikely to bring any useful information about hate content, the text should be removed from the pictures, or simply not considered, to avoid affecting the image representations with noise data.</p><p>VisualBERT <ref type="bibr" target="#b9">(Li et al., 2019</ref>) is a novel transformer designed to address vision-and-language tasks. It reuses self-attention mechanism to align elements of the input text and regions in the input image. VisualBERT is able to address all the weaknesses highlighted above. Input tokens originate from both text and image concurrently, implicitly setting an early fusion point at the model input stage. Furthermore, image input tokens are typically extracted from the original picture as small patch representations, instead of using the whole figure, allowing to focus on important details and ignoring text, background and noise elements. This architecture has been successfully applied to other tasks involving memes <ref type="bibr" target="#b19">(Velioglu and Rose, 2020)</ref>.</p><p>The criterion adopted to select the input patches is based on Mask R-CNN. The same pretrainings mentioned in the dataset sections are used to retrieve multiple Region Of Interest (ROI) in the picture. Then, if a ROI overcomes a fixed confidence threshold, it is select as input token for VisulBERT.</p><p>Similarly to BERT, VisualBERT provides a 768dimensional vector for each input tokens, based on both image and text information, that is finally fed as input for the fully connected classification layer.</p></div>
<div xmlns="http://www.tei-c.org/ns/1.0"><head n="5">Experimental Results</head></div>
<div xmlns="http://www.tei-c.org/ns/1.0"><head n="5.1">Experimental Design</head><p>We try several configuration of the proposed architecture. During the ROIs identification step we exploit both COCO and LVIS pretraining, feeding the model with the patches coming from both Mask R-CNN versions, both separately and simultaneously. Another setting of our architecture concerns the use of transformer output embeddings as input for the classification head: we feed the final fully connected layer with both the CLS token embedding only and the average of all input token embeddings.</p><p>During our experiments, one of the major issues we faced was the small dimension of the dataset and, consequently, the risk of overfitting. Thus, we used our validation set, obtained with an hold-out splitting as described in 2.1, to monitor the model performance during training. Then, the test set is evaluated selecting the best model according to the results obtained on validation set. Task organizers designated the F1 score as the official metric for the competition, so we used it for model selection.</p><p>Algorithms' configuration. We train our models for 25 epochs to minimize BCE loss with AdamW <ref type="bibr" target="#b11">(Loshchilov and Hutter, 2019)</ref>, using a batch size of 32 and 10 −5 as learning rate. Many of the best models were obtained within of the first 10 epochs, so there were no need for longer training sessions. For the sake of reproducibility, the code is publicly available in the project repository<ref type="foot" target="#foot_1">1</ref> .</p><p>Hardware Settings. Experiments were perfomed on a machine equipped with AMD ® Ryzen 9 ® 3950X CPU, Nvidia ® RTX 3090 GPU, and 128 GB of RAM running Ubuntu 21.10.</p></div>
<div xmlns="http://www.tei-c.org/ns/1.0"><head n="5.2">Results</head><p>Table <ref type="table" target="#tab_1">2</ref> shows F1 scores on validation and test set of our baselines and proposed methods. We also report the best organizers baseline result, which was released at the end of competition.</p><p>As we can see, VisualBERT methods perform slightly better than our baseline approaches. Among them, the unimodal BERT and the multimodal fusion method turn out to be our best baselines on the validation and test sets respectively, while exploiting visual information only gives unsatisfactory results. This leads us to formulate some considerations about the nature of the task. First of all, not in all memes the quantity of relevant information is equally distributed between the two data sources (image and text). Indeed, some memes can be formed by a neutral image but a very offensive text or by a neutral or ironic test and a tacky image. The former can be successfully recognized by a text-only approach, which can manage to classify also the latter if correctly trained on identifying malicious messages in ironic texts. On the contrary, image-only methods can only spot misogyny in memes with explicit offensive images. Furthermore, simple approaches that focus on whole images like our VGG16 will fail to link different objects in the image scene and to understand the context depicted in it. As a result, the network will work properly only if the meme image clearly contains the target of the hate message (e.g. a woman on the foreground).</p><p>However, in some misogynous memes the hate message is formed by the combination of an apparently innocent meme and a neutral text. Vi-sualBERT should be capable of merging the two sources of information and putting them into context, identifying these subtle cases. Indeed, it significantly outperforms baseline methods in both validation and test set.</p><p>Focusing on the VisualBERT-based methods, we found that using the CLS token over the average of the output embeddings for the classification gave better results in general. We can see from Table <ref type="table" target="#tab_1">2</ref> that all the three pretraining modalities for Mask R-CNN led to similar results on the validation set, with the LVIS one performing slightly better and achieving an F1 score of 0.823. However, when evaluating on the test set, VisualBERT with Mask R-CNN pretrained on the COCO dataset performed the best, with an F1 score of 0.67 and an improvement of 4% over the other two methods and 2% compared with task organizers baseline. According to the results, giving VisualBERT features from both pretrained modalities gave no improvement. The motivation behind this can be the high overlap probability between patches: combining them brings no additional information and introduce redundancy.</p><p>The performance gap between the COCOpretrained model and the LVIS one on the test set compared to the validation can be explained by the statistics described in Section 2.1. The pretraining on COCO allows the Mask R-CNN to detect ROIs containing whole people, that is, it allows to provide to VisualBERT features regarding the potential targets of the misogynous messages. Since more people are found in the test set images, Visual-BERT can exploit the visual information in a more effective way in those memes. Some examples of critical types of memes discussed in this section and their analysis can be found in the Appendix A.</p><p>Due to the limited number of examples, our models showed signs of overfitting after a few epochs. Using the whole available training set brought no improvements. Hence, we tried some solutions to help the model to generalize better on unseen data. We did a pre-train phase where we applied our VisualBERT to the Hateful Memes task before finetuning it on the MAMI one with a lower learning rate. Unfortunately, this did not bring any improvement. The model only converged faster on the MAMI training set, maybe due to a similarity between the data of the two competitions. Afterward, we tried to keep the VisualBERT layers frozen and gradually unfreezing them during training, but also in this case we got no improvements. </p></div>
<div xmlns="http://www.tei-c.org/ns/1.0"><head>Model</head></div>
<div xmlns="http://www.tei-c.org/ns/1.0"><head n="6">Conclusions and Discussion</head><p>In this work we demonstrate how leveraging the multimodal nature of data allows to achieve a significant boost in performance when facing tasks involving memes. Moreover, we confirm that an early fusion point between modalities implemented using VisualBERT, the current state-of-the-art architecture for vision-and-language tasks, can lead to satisfactory results to the MAMI task. The reliability of this model allows us to focus on other crucial aspects of the problem, such as the data to use as input to the network. While unimodal transformers successfully identify offensive content in textual data, state-of-the-art computer vision models obtain lower results on this task when analyzing visual information only. Catching the message of a meme requires understanding the context created by the text and the various elements depicted in the image. A deep learning model will struggle to form this context if the visual data are analyzed as a whole. Therefore, we have to first extract the relevant parts from the image and use their features separately as input to our multimodal network. By doing this, VisualBERT is capable of correlating text and visual scene to create the aforementioned context. Our experiments showed that the most relevant elements in the images are people, likely the target or the offender mentioned in the text. Despite these discoveries, the extraction of information from the pictures remains the main obstacle of this task. As a future work, we plan to thoroughly investigate the content analysis of images. In particular we would like to enrich the preprocessing stage, performing captioning and entity detection of the image, in order to transpose some visual information in textual format.    red ones from the COCO pretraining and blue ones from the LVIS pretraining. As we can see, people are detected only by the former, while the latter retrieves mainly small objects. Moreover, it is possible to notice blue boxes are often contained in red ones, justifying why using COCO and LVIS pretraining jointly there is no improvement in performances.</p></div>
<div xmlns="http://www.tei-c.org/ns/1.0"><head>A Memes Examples</head><p>Figure <ref type="figure">4</ref>: Two misogynous memes with cartoon style. The bounding boxes are all retrieved with Mask-R CNN pretrained on COCO, which is able to detect people also in images other than photos. On the contrary, the LVISpretrained model is often not able to identify any details in these kind of pictures.</p></div><figure xmlns="http://www.tei-c.org/ns/1.0" xml:id="fig_0"><head></head><label></label><figDesc>(a) Meme with a neutral image and offensive text. (b) Meme with neutral/ironic text and tacky image.</figDesc></figure>
<figure xmlns="http://www.tei-c.org/ns/1.0" xml:id="fig_1"><head>Figure 1 :</head><label>1</label><figDesc>Figure 1: two example of misogynous memes where one of the two modalities, image in (a) and text in (b), contains neutral and /or not useful information according to the task goal. These memes highlight the importance of a multimodal approach.</figDesc><graphic coords="7,142.22,379.17,122.46,183.98" type="bitmap" /></figure>
<figure xmlns="http://www.tei-c.org/ns/1.0" xml:id="fig_2"><head>Figure 2 :</head><label>2</label><figDesc>Figure 2: Two memes from test set depicting a woman in the foreground. The image-only baseline model classifies both memes as misogynous, probably due to the presence of a woman as main element in the picture. On the other hand, our best performing model predicts the appropriate label, demonstrating that the text is definitely needed to correctly classify these type of memes.</figDesc><graphic coords="7,271.63,381.73,181.42,181.42" type="bitmap" /></figure>
<figure xmlns="http://www.tei-c.org/ns/1.0" xml:id="fig_3"><head>Figure 3 :</head><label>3</label><figDesc>Figure 3: Two misogynous memes depicting several people. The highlighted boxes are the Mask R-CNN ROIs:red ones from the COCO pretraining and blue ones from the LVIS pretraining. As we can see, people are detected only by the former, while the latter retrieves mainly small objects. Moreover, it is possible to notice blue boxes are often contained in red ones, justifying why using COCO and LVIS pretraining jointly there is no improvement in performances.</figDesc><graphic coords="8,90.06,108.54,190.49,181.81" type="bitmap" /></figure>
<figure xmlns="http://www.tei-c.org/ns/1.0" type="table" xml:id="tab_0"><head>Table 1 :</head><label>1</label><figDesc><ref type="bibr" target="#b8">and (Lee et al., 2021)</ref>. dataset statistics related to image content. For each split and for each pretraining version of Mask R-CNN are reported the total number of detected objects, the average number of elements per image and the average percentage of pixels per image contained in all the selected boxes .</figDesc><table><row><cell>Split</cell><cell>Size</cell><cell>Detected Objects</cell><cell>COCO Objects Ratio</cell><cell>Selected Area</cell><cell>Detected Objects</cell><cell>LVIS Objects Ratio</cell><cell>Selected Area</cell></row><row><cell>Train</cell><cell>7500</cell><cell>21480</cell><cell>2.86</cell><cell>51.55%</cell><cell>13665</cell><cell>1.82</cell><cell>13.20%</cell></row><row><cell cols="2">Validation 2500</cell><cell>7174</cell><cell>2.87</cell><cell>52.31%</cell><cell>4460</cell><cell>1.78</cell><cell>12.79%</cell></row><row><cell>Test</cell><cell>1000</cell><cell>2490</cell><cell>2.49</cell><cell>60.89%</cell><cell>1439</cell><cell>1.44</cell><cell>12.29%</cell></row></table></figure>
<figure xmlns="http://www.tei-c.org/ns/1.0" type="table" xml:id="tab_1"><head>Table 2 :</head><label>2</label><figDesc>F1 scores of our VisualBERT-based architectures compared with both our and organizers baselines. Best results obtained for validation and tests splits are underlined and highlighted in bold respectively.</figDesc><table><row><cell></cell><cell>Val F1 score</cell><cell>Test F1 score</cell></row><row><cell>Task Baseline</cell><cell>-</cell><cell>0.650</cell></row><row><cell>BERT</cell><cell>0.786</cell><cell>0.607</cell></row><row><cell>VGG16</cell><cell>0.696</cell><cell>0.571</cell></row><row><cell>BERT + VGG16</cell><cell>0.756</cell><cell>0.628</cell></row><row><cell>VB (COCO) VB (LVIS)</cell><cell>0.811 0.823</cell><cell>0.670 0.631</cell></row><row><cell cols="2">VB (LVIS + COCO) 0.818</cell><cell>0.632</cell></row></table></figure>
			<note xmlns="http://www.tei-c.org/ns/1.0" place="foot" n="4" xml:id="foot_0">MethodIn this section, we present architectures and preprocessing steps used to address sub-task A of MAMI.</note>
			<note xmlns="http://www.tei-c.org/ns/1.0" place="foot" n="1" xml:id="foot_1">The GitHub project repository is available at https://github.com/VaianiLorenzo/ SemEval-2022-MAMI</note>
			<note xmlns="http://www.tei-c.org/ns/1.0" place="foot" xml:id="foot_2">Ron Zhu. 2020. Enhance multimodal transformer with external label and in-domain pretrain: Hateful meme challenge winning solution.</note>
		</body>
		<back>
			<div type="references">

				<listBibl>

<biblStruct xml:id="b0">
	<monogr>
		<title level="m" type="main">On the benefits of early fusion in multimodal representation learning</title>
		<author>
			<persName><forename type="first">George</forename><surname>Barnum</surname></persName>
		</author>
		<author>
			<persName><forename type="first">Sabera</forename><surname>Talukder</surname></persName>
		</author>
		<author>
			<persName><forename type="first">Yisong</forename><surname>Yue</surname></persName>
		</author>
		<imprint>
			<date type="published" when="2020">2020</date>
		</imprint>
	</monogr>
	<note type="raw_reference">George Barnum, Sabera Talukder, and Yisong Yue. 2020. On the benefits of early fusion in multimodal representation learning.</note>
</biblStruct>

<biblStruct xml:id="b1">
	<monogr>
		<title level="m" type="main">An interpretable approach to hateful meme detection</title>
		<author>
			<persName><forename type="first">Tanvi</forename><surname>Deshpande</surname></persName>
		</author>
		<author>
			<persName><forename type="first">Nitya</forename><surname>Mani</surname></persName>
		</author>
		<imprint>
			<date type="published" when="2021">2021</date>
		</imprint>
	</monogr>
	<note type="raw_reference">Tanvi Deshpande and Nitya Mani. 2021. An inter- pretable approach to hateful meme detection.</note>
</biblStruct>

<biblStruct xml:id="b2">
	<analytic>
		<title level="a" type="main">BERT: Pre-training of deep bidirectional transformers for language understanding</title>
		<author>
			<persName><forename type="first">Jacob</forename><surname>Devlin</surname></persName>
		</author>
		<author>
			<persName><forename type="first">Ming-Wei</forename><surname>Chang</surname></persName>
		</author>
		<author>
			<persName><forename type="first">Kenton</forename><surname>Lee</surname></persName>
		</author>
		<author>
			<persName><forename type="first">Kristina</forename><surname>Toutanova</surname></persName>
		</author>
		<idno type="DOI">10.18653/v1/N19-1423</idno>
	</analytic>
	<monogr>
		<title level="m">Proceedings of the 2019 Conference of the North American Chapter of the Association for Computational Linguistics: Human Language Technologies</title>
		<title level="s">Long and Short Papers</title>
		<meeting>the 2019 Conference of the North American Chapter of the Association for Computational Linguistics: Human Language Technologies<address><addrLine>Minneapolis, Minnesota</addrLine></address></meeting>
		<imprint>
			<publisher>Association for Computational Linguistics</publisher>
			<date type="published" when="2019">2019</date>
			<biblScope unit="volume">1</biblScope>
			<biblScope unit="page" from="4171" to="4186" />
		</imprint>
	</monogr>
	<note type="raw_reference">Jacob Devlin, Ming-Wei Chang, Kenton Lee, and Kristina Toutanova. 2019. BERT: Pre-training of deep bidirectional transformers for language under- standing. In Proceedings of the 2019 Conference of the North American Chapter of the Association for Computational Linguistics: Human Language Tech- nologies, Volume 1 (Long and Short Papers), pages 4171-4186, Minneapolis, Minnesota. Association for Computational Linguistics.</note>
</biblStruct>

<biblStruct xml:id="b3">
	<analytic>
		<title level="a" type="main">SemEval-2022 Task 5: Multimedia automatic misogyny identification</title>
		<author>
			<persName><forename type="first">Elisabetta</forename><surname>Fersini</surname></persName>
		</author>
		<author>
			<persName><forename type="first">Francesca</forename><surname>Gasparini</surname></persName>
		</author>
		<author>
			<persName><forename type="first">Aurora</forename><surname>Saibene</surname></persName>
		</author>
		<author>
			<persName><forename type="first">Giulia</forename><surname>Rizzi</surname></persName>
		</author>
		<author>
			<persName><forename type="first">Berta</forename><surname>Chulvi</surname></persName>
		</author>
		<author>
			<persName><forename type="first">Paolo</forename><surname>Rosso</surname></persName>
		</author>
		<author>
			<persName><forename type="first">Alyssa</forename><surname>Lees</surname></persName>
		</author>
		<author>
			<persName><forename type="first">Jeffrey</forename><surname>Sorensen</surname></persName>
		</author>
	</analytic>
	<monogr>
		<title level="m">Proceedings of the 16th International Workshop on Semantic Evaluation (SemEval-2022)</title>
				<meeting>the 16th International Workshop on Semantic Evaluation (SemEval-2022)</meeting>
		<imprint>
			<publisher>Association for Computational Linguistics</publisher>
			<date type="published" when="2022">2022</date>
		</imprint>
	</monogr>
	<note type="raw_reference">Elisabetta Fersini, Francesca Gasparini, Aurora Saibene Giulia Rizzi, Berta Chulvi, Paolo Rosso, Alyssa Lees, and Jeffrey Sorensen. 2022. SemEval-2022 Task 5: Multimedia automatic misogyny identification. In Proceedings of the 16th International Workshop on Semantic Evaluation (SemEval-2022). Association for Computational Linguistics.</note>
</biblStruct>

<biblStruct xml:id="b4">
	<monogr>
		<title level="m" type="main">Lvis: A dataset for large vocabulary instance segmentation</title>
		<author>
			<persName><forename type="first">Agrim</forename><surname>Gupta</surname></persName>
		</author>
		<author>
			<persName><forename type="first">Piotr</forename><surname>Dollár</surname></persName>
		</author>
		<author>
			<persName><forename type="first">Ross</forename><surname>Girshick</surname></persName>
		</author>
		<imprint>
			<date type="published" when="2019">2019</date>
		</imprint>
	</monogr>
	<note type="raw_reference">Agrim Gupta, Piotr Dollár, and Ross Girshick. 2019. Lvis: A dataset for large vocabulary instance segmen- tation.</note>
</biblStruct>

<biblStruct xml:id="b5">
	<monogr>
		<title/>
		<author>
			<persName><forename type="first">Kaiming</forename><surname>He</surname></persName>
		</author>
		<author>
			<persName><forename type="first">Georgia</forename><surname>Gkioxari</surname></persName>
		</author>
		<author>
			<persName><forename type="first">Piotr</forename><surname>Dollár</surname></persName>
		</author>
		<author>
			<persName><forename type="first">Ross</forename><surname>Girshick</surname></persName>
		</author>
		<imprint>
			<date type="published" when="2018">2018</date>
			<publisher>Mask r-cnn</publisher>
		</imprint>
	</monogr>
	<note type="raw_reference">Kaiming He, Georgia Gkioxari, Piotr Dollár, and Ross Girshick. 2018. Mask r-cnn.</note>
</biblStruct>

<biblStruct xml:id="b6">
	<monogr>
		<title level="m" type="main">Amanpreet Singh, Pratik Ringshia, and Davide Testuggine. 2021. The hateful memes challenge: Detecting hate speech in multimodal memes</title>
		<author>
			<persName><forename type="first">Douwe</forename><surname>Kiela</surname></persName>
		</author>
		<author>
			<persName><forename type="first">Hamed</forename><surname>Firooz</surname></persName>
		</author>
		<author>
			<persName><forename type="first">Aravind</forename><surname>Mohan</surname></persName>
		</author>
		<author>
			<persName><forename type="first">Vedanuj</forename><surname>Goswami</surname></persName>
		</author>
		<imprint/>
	</monogr>
	<note type="raw_reference">Douwe Kiela, Hamed Firooz, Aravind Mohan, Vedanuj Goswami, Amanpreet Singh, Pratik Ringshia, and Davide Testuggine. 2021. The hateful memes chal- lenge: Detecting hate speech in multimodal memes.</note>
</biblStruct>

<biblStruct xml:id="b7">
	<analytic>
		<title level="a" type="main">Object recognition with gradient-based learning</title>
		<author>
			<persName><forename type="first">Y</forename><surname>Lecun</surname></persName>
		</author>
		<author>
			<persName><forename type="first">P</forename><surname>Haffner</surname></persName>
		</author>
		<author>
			<persName><forename type="first">L</forename><surname>Bottou</surname></persName>
		</author>
		<author>
			<persName><forename type="first">Y</forename><surname>Bengio</surname></persName>
		</author>
	</analytic>
	<monogr>
		<title level="m">Feature Grouping</title>
				<imprint>
			<publisher>Springer</publisher>
			<date type="published" when="1999">1999</date>
		</imprint>
	</monogr>
	<note type="raw_reference">Y. LeCun, P. Haffner, L. Bottou, and Y. Bengio. 1999. Object recognition with gradient-based learning. In Feature Grouping. Springer.</note>
</biblStruct>

<biblStruct xml:id="b8">
	<analytic>
		<title level="a" type="main">Disentangling hate in online memes</title>
		<author>
			<persName><forename type="first">Ka-Wei</forename><surname>Roy</surname></persName>
		</author>
		<author>
			<persName><forename type="first">Rui</forename><surname>Lee</surname></persName>
		</author>
		<author>
			<persName><forename type="first">Ziqing</forename><surname>Cao</surname></persName>
		</author>
		<author>
			<persName><forename type="first">Jing</forename><surname>Fan</surname></persName>
		</author>
		<author>
			<persName><forename type="first">Wen-Haw</forename><surname>Jiang</surname></persName>
		</author>
		<author>
			<persName><surname>Chong</surname></persName>
		</author>
		<idno type="DOI">10.1145/3474085.3475625</idno>
	</analytic>
	<monogr>
		<title level="m">Proceedings of the 29th ACM International Conference on Multimedia</title>
				<meeting>the 29th ACM International Conference on Multimedia</meeting>
		<imprint>
			<date type="published" when="2021">2021</date>
		</imprint>
	</monogr>
	<note type="raw_reference">Roy Ka-Wei Lee, Rui Cao, Ziqing Fan, Jing Jiang, and Wen-Haw Chong. 2021. Disentangling hate in online memes. Proceedings of the 29th ACM International Conference on Multimedia.</note>
</biblStruct>

<biblStruct xml:id="b9">
	<monogr>
		<author>
			<persName><forename type="first">Liunian</forename><surname>Harold</surname></persName>
		</author>
		<author>
			<persName><forename type="first">Li</forename></persName>
		</author>
		<author>
			<persName><forename type="first">Mark</forename><surname>Yatskar</surname></persName>
		</author>
		<author>
			<persName><forename type="first">Cho-Jui</forename><surname>Da Yin</surname></persName>
		</author>
		<author>
			<persName><forename type="first">Kai-Wei</forename><surname>Hsieh</surname></persName>
		</author>
		<author>
			<persName><surname>Chang</surname></persName>
		</author>
		<title level="m">Visualbert: A simple and performant baseline for vision and language</title>
				<imprint>
			<date type="published" when="2019">2019</date>
		</imprint>
	</monogr>
	<note type="raw_reference">Liunian Harold Li, Mark Yatskar, Da Yin, Cho-Jui Hsieh, and Kai-Wei Chang. 2019. Visualbert: A simple and performant baseline for vision and lan- guage.</note>
</biblStruct>

<biblStruct xml:id="b10">
	<monogr>
		<author>
			<persName><forename type="first">Tsung-Yi</forename><surname>Lin</surname></persName>
		</author>
		<author>
			<persName><forename type="first">Michael</forename><surname>Maire</surname></persName>
		</author>
		<author>
			<persName><forename type="first">Serge</forename><surname>Belongie</surname></persName>
		</author>
		<author>
			<persName><forename type="first">Lubomir</forename><surname>Bourdev</surname></persName>
		</author>
		<author>
			<persName><forename type="first">Ross</forename><surname>Girshick</surname></persName>
		</author>
		<author>
			<persName><forename type="first">James</forename><surname>Hays</surname></persName>
		</author>
		<author>
			<persName><forename type="first">Pietro</forename><surname>Perona</surname></persName>
		</author>
		<title level="m">Microsoft coco: Common objects in context</title>
				<editor>
			<persName><forename type="first">C</forename><forename type="middle">Lawrence</forename><surname>Deva Ramanan</surname></persName>
		</editor>
		<editor>
			<persName><forename type="first">Piotr</forename><surname>Zitnick</surname></persName>
		</editor>
		<editor>
			<persName><surname>Dollár</surname></persName>
		</editor>
		<imprint>
			<date type="published" when="2015">2015</date>
		</imprint>
	</monogr>
	<note type="raw_reference">Tsung-Yi Lin, Michael Maire, Serge Belongie, Lubomir Bourdev, Ross Girshick, James Hays, Pietro Perona, Deva Ramanan, C. Lawrence Zitnick, and Piotr Dol- lár. 2015. Microsoft coco: Common objects in con- text.</note>
</biblStruct>

<biblStruct xml:id="b11">
	<analytic>
		<title level="a" type="main">Decoupled weight decay regularization</title>
		<author>
			<persName><forename type="first">Ilya</forename><surname>Loshchilov</surname></persName>
		</author>
		<author>
			<persName><forename type="first">Frank</forename><surname>Hutter</surname></persName>
		</author>
		<idno>ICLR 2019</idno>
	</analytic>
	<monogr>
		<title level="m">7th International Conference on Learning Representations</title>
				<meeting><address><addrLine>New Orleans, LA, USA</addrLine></address></meeting>
		<imprint>
			<date type="published" when="2019-05-06">2019. May 6-9, 2019</date>
		</imprint>
	</monogr>
	<note>OpenReview.net</note>
	<note type="raw_reference">Ilya Loshchilov and Frank Hutter. 2019. Decoupled weight decay regularization. In 7th International Conference on Learning Representations, ICLR 2019, New Orleans, LA, USA, May 6-9, 2019. OpenRe- view.net.</note>
</biblStruct>

<biblStruct xml:id="b12">
	<monogr>
		<title level="m" type="main">Vilbert: Pretraining task-agnostic visiolinguistic representations for vision-and-language tasks</title>
		<author>
			<persName><forename type="first">Jiasen</forename><surname>Lu</surname></persName>
		</author>
		<author>
			<persName><forename type="first">Dhruv</forename><surname>Batra</surname></persName>
		</author>
		<author>
			<persName><forename type="first">Devi</forename><surname>Parikh</surname></persName>
		</author>
		<author>
			<persName><forename type="first">Stefan</forename><surname>Lee</surname></persName>
		</author>
		<imprint>
			<date type="published" when="2019">2019</date>
		</imprint>
	</monogr>
	<note type="raw_reference">Jiasen Lu, Dhruv Batra, Devi Parikh, and Stefan Lee. 2019. Vilbert: Pretraining task-agnostic visiolinguis- tic representations for vision-and-language tasks.</note>
</biblStruct>

<biblStruct xml:id="b13">
	<analytic>
		<title level="a" type="main">A bert-based transfer learning approach for hate speech detection in online social media</title>
		<author>
			<persName><forename type="first">Marzieh</forename><surname>Mozafari</surname></persName>
		</author>
		<author>
			<persName><forename type="first">Reza</forename><surname>Farahbakhsh</surname></persName>
		</author>
		<author>
			<persName><forename type="first">Noël</forename><surname>Crespi</surname></persName>
		</author>
	</analytic>
	<monogr>
		<title level="m">Complex Networks and Their Applications VIII</title>
				<meeting><address><addrLine>Cham</addrLine></address></meeting>
		<imprint>
			<publisher>Springer International Publishing</publisher>
			<date type="published" when="2020">2020</date>
			<biblScope unit="page" from="928" to="940" />
		</imprint>
	</monogr>
	<note type="raw_reference">Marzieh Mozafari, Reza Farahbakhsh, and Noël Crespi. 2020. A bert-based transfer learning approach for hate speech detection in online social media. In Com- plex Networks and Their Applications VIII, pages 928-940, Cham. Springer International Publishing.</note>
</biblStruct>

<biblStruct xml:id="b14">
	<monogr>
		<title level="m" type="main">Vilio: State-of-the-art visiolinguistic models applied to hateful memes</title>
		<author>
			<persName><forename type="first">Niklas</forename><surname>Muennighoff</surname></persName>
		</author>
		<imprint>
			<date type="published" when="2020">2020</date>
		</imprint>
	</monogr>
	<note type="raw_reference">Niklas Muennighoff. 2020. Vilio: State-of-the-art visio- linguistic models applied to hateful memes.</note>
</biblStruct>

<biblStruct xml:id="b15">
	<monogr>
		<title level="m" type="main">Better early than late: Fusing topics with word embeddings for neural question paraphrase identification</title>
		<author>
			<persName><forename type="first">Nicole</forename><surname>Peinelt</surname></persName>
		</author>
		<author>
			<persName><forename type="first">Dong</forename><surname>Nguyen</surname></persName>
		</author>
		<author>
			<persName><forename type="first">Maria</forename><surname>Liakata</surname></persName>
		</author>
		<imprint>
			<date type="published" when="2020">2020</date>
		</imprint>
	</monogr>
	<note type="raw_reference">Nicole Peinelt, Dong Nguyen, and Maria Liakata. 2020. Better early than late: Fusing topics with word em- beddings for neural question paraphrase identifica- tion.</note>
</biblStruct>

<biblStruct xml:id="b16">
	<monogr>
		<title level="m" type="main">Momenta: A multimodal framework for detecting harmful memes and their targets</title>
		<author>
			<persName><forename type="first">Shraman</forename><surname>Pramanick</surname></persName>
		</author>
		<author>
			<persName><forename type="first">Shivam</forename><surname>Sharma</surname></persName>
		</author>
		<author>
			<persName><forename type="first">Dimitar</forename><surname>Dimitrov</surname></persName>
		</author>
		<author>
			<persName><forename type="first">Shad</forename><surname>Md</surname></persName>
		</author>
		<author>
			<persName><forename type="first">Preslav</forename><surname>Akhtar</surname></persName>
		</author>
		<author>
			<persName><forename type="first">Tanmoy</forename><surname>Nakov</surname></persName>
		</author>
		<author>
			<persName><surname>Chakraborty</surname></persName>
		</author>
		<imprint>
			<date type="published" when="2021">2021</date>
		</imprint>
	</monogr>
	<note type="raw_reference">Shraman Pramanick, Shivam Sharma, Dimitar Dim- itrov, Md Shad Akhtar, Preslav Nakov, and Tanmoy Chakraborty. 2021. Momenta: A multimodal frame- work for detecting harmful memes and their targets.</note>
</biblStruct>

<biblStruct xml:id="b17">
	<monogr>
		<title level="m" type="main">Very deep convolutional networks for large-scale image recognition</title>
		<author>
			<persName><forename type="first">Karen</forename><surname>Simonyan</surname></persName>
		</author>
		<author>
			<persName><forename type="first">Andrew</forename><surname>Zisserman</surname></persName>
		</author>
		<imprint>
			<date type="published" when="2015">2015</date>
		</imprint>
	</monogr>
	<note type="raw_reference">Karen Simonyan and Andrew Zisserman. 2015. Very deep convolutional networks for large-scale image recognition.</note>
</biblStruct>

<biblStruct xml:id="b18">
	<analytic>
		<title level="a" type="main">Attention is all you need</title>
		<author>
			<persName><forename type="first">Ashish</forename><surname>Vaswani</surname></persName>
		</author>
		<author>
			<persName><forename type="first">Noam</forename><surname>Shazeer</surname></persName>
		</author>
		<author>
			<persName><forename type="first">Niki</forename><surname>Parmar</surname></persName>
		</author>
		<author>
			<persName><forename type="first">Jakob</forename><surname>Uszkoreit</surname></persName>
		</author>
		<author>
			<persName><forename type="first">Llion</forename><surname>Jones</surname></persName>
		</author>
		<author>
			<persName><forename type="first">Aidan</forename><forename type="middle">N</forename><surname>Gomez</surname></persName>
		</author>
		<author>
			<persName><forename type="first">Łukasz</forename><surname>Kaiser</surname></persName>
		</author>
		<author>
			<persName><forename type="first">Illia</forename><surname>Polosukhin</surname></persName>
		</author>
	</analytic>
	<monogr>
		<title level="m">Advances in neural information processing systems</title>
				<imprint>
			<date type="published" when="2017">2017</date>
			<biblScope unit="page" from="5998" to="6008" />
		</imprint>
	</monogr>
	<note type="raw_reference">Ashish Vaswani, Noam Shazeer, Niki Parmar, Jakob Uszkoreit, Llion Jones, Aidan N Gomez, Łukasz Kaiser, and Illia Polosukhin. 2017. Attention is all you need. In Advances in neural information pro- cessing systems, pages 5998-6008.</note>
</biblStruct>

<biblStruct xml:id="b19">
	<monogr>
		<title level="m" type="main">Detecting hate speech in memes using multimodal deep learning approaches: Prize-winning solution to hateful memes challenge</title>
		<author>
			<persName><forename type="first">Riza</forename><surname>Velioglu</surname></persName>
		</author>
		<author>
			<persName><forename type="first">Jewgeni</forename><surname>Rose</surname></persName>
		</author>
		<imprint>
			<date type="published" when="2020">2020</date>
		</imprint>
	</monogr>
	<note type="raw_reference">Riza Velioglu and Jewgeni Rose. 2020. Detecting hate speech in memes using multimodal deep learning approaches: Prize-winning solution to hateful memes challenge.</note>
</biblStruct>

				</listBibl>
			</div>
		</back>
	</text>
</TEI>
