<?xml version="1.0" encoding="UTF-8"?>
<TEI xml:space="preserve" xmlns="http://www.tei-c.org/ns/1.0" 
xmlns:xsi="http://www.w3.org/2001/XMLSchema-instance" 
xsi:schemaLocation="http://www.tei-c.org/ns/1.0 https://raw.githubusercontent.com/kermitt2/grobid/master/grobid-home/schemas/xsd/Grobid.xsd"
 xmlns:xlink="http://www.w3.org/1999/xlink">
	<teiHeader xml:lang="en">
		<fileDesc>
			<titleStmt>
				<title level="a" type="main">CoVA: Context-aware Visual Attention for Webpage Information Extraction</title>
			</titleStmt>
			<publicationStmt>
				<publisher/>
				<availability status="unknown"><licence/></availability>
			</publicationStmt>
			<sourceDesc>
				<biblStruct>
					<analytic>
						<author>
							<persName><forename type="first">Anurendra</forename><surname>Kumar</surname></persName>
							<affiliation key="aff0">
								<orgName type="institution">University of Illinois at Urbana-Champaign</orgName>
							</affiliation>
						</author>
						<author>
							<persName><forename type="first">Keval</forename><surname>Morabia</surname></persName>
							<email>morabia2@illinois.edu</email>
							<affiliation key="aff0">
								<orgName type="institution">University of Illinois at Urbana-Champaign</orgName>
							</affiliation>
						</author>
						<author>
							<persName><forename type="first">Jingjin</forename><surname>Wang</surname></persName>
							<email>jingjin9@illinois.edu</email>
							<affiliation key="aff0">
								<orgName type="institution">University of Illinois at Urbana-Champaign</orgName>
							</affiliation>
						</author>
						<author>
							<persName><forename type="first">Kevin Chen-Chuan</forename><surname>Chang</surname></persName>
							<email>kcchang@illinois.edu</email>
							<affiliation key="aff0">
								<orgName type="institution">University of Illinois at Urbana-Champaign</orgName>
							</affiliation>
						</author>
						<author>
							<persName><forename type="first">Alexander</forename><surname>Schwing</surname></persName>
							<email>aschwing@illinois.edu</email>
							<affiliation key="aff0">
								<orgName type="institution">University of Illinois at Urbana-Champaign</orgName>
							</affiliation>
						</author>
						<title level="a" type="main">CoVA: Context-aware Visual Attention for Webpage Information Extraction</title>
					</analytic>
					<monogr>
						<imprint>
							<date/>
						</imprint>
					</monogr>
					<idno type="MD5">37629E8731AC11C3A0C9E6FAA632C505</idno>
				</biblStruct>
			</sourceDesc>
		</fileDesc>
		<encodingDesc>
			<appInfo>
				<application version="0.7.3-SNAPSHOT" ident="GROBID" when="2023-01-12T08:47+0000">
					<desc>GROBID - A machine learning software for extracting information from scholarly documents</desc>
					<ref target="https://github.com/kermitt2/grobid"/>
				</application>
			</appInfo>
		</encodingDesc>
		<profileDesc>
			<abstract>
<div xmlns="http://www.tei-c.org/ns/1.0"><p>Webpage information extraction (WIE) is an important step to create knowledge bases. For this, classical WIE methods leverage the Document Object Model (DOM) tree of a website. However, use of the DOM tree poses significant challenges as context and appearance are encoded in an abstract manner. To address this challenge we propose to reformulate WIE as a context-aware Webpage Object Detection task. Specifically, we develop a Contextaware Visual Attention-based (CoVA) detection pipeline which combines appearance features with syntactical structure from the DOM tree. To study the approach we collect a new large-scale dataset 1 of e-commerce websites for which we manually annotate every web element with four labels: product price, product title, product image and others. On this dataset we show that the proposed CoVA approach is a new challenging baseline which improves upon prior state-of-the-art methods.</p></div>
			</abstract>
		</profileDesc>
	</teiHeader>
	<text xml:lang="en">
		<body>
<div xmlns="http://www.tei-c.org/ns/1.0"><head n="1">Introduction</head><p>Webpage information extraction (WIE) is an important step when creating a large-scale knowledge base <ref type="bibr" target="#b5">(Chang et al., 2006;</ref><ref type="bibr">Azir and Ahmad, 2017)</ref> which has many downstream applications such as knowledge-aware question answering <ref type="bibr" target="#b24">(Lin et al., 2019)</ref> and recommendation systems <ref type="bibr" target="#b31">(Ma et al., 2019;</ref><ref type="bibr" target="#b25">Lin et al., 2020)</ref>.</p><p>Classical methods for WIE, like Wrapper Induction <ref type="bibr" target="#b40">(Soderland, 1999;</ref><ref type="bibr" target="#b35">Muslea et al., 1998;</ref><ref type="bibr" target="#b6">Chang and Lui, 2001)</ref>, rely on the publicly available source code of websites. The code is commonly parsed into a document object model (DOM) tree. The DOM tree is a programming language independent tree representation of any website, which contains all its elements. It can be obtained using 1 CoVA dataset and code are available at github.com/kevalmorabia97/CoVA-Web-Object-Detection * These authors contributed equally to this work various libraries like Puppeteer. These elements contain information about their location in the rendered webpage, styling like font size, etc., and text if it is a leaf node. State of the art method in WIE <ref type="bibr" target="#b25">(Lin et al., 2020</ref>) uses text and markup information and employ CNN-BiLSTM encoder <ref type="bibr" target="#b37">(Rhanoui et al., 2019)</ref> on the sequence of HTML nodes obtained from DOM to learn the embedding of each node. However, using only the DOM tree for WIE is increasingly challenging for a variety of reasons: 1) Webpages are programmed to be aesthetically pleasing; 2) Oftentimes content and style is separated in website code and hence the DOM tree; 3) The same visual result can be obtained in a plethora of ways; 4) Branding banners and advertisements are interspersed with information of interest.</p><p>For this reason, recently, WIE applied optical character recognition (OCR) on rendered websites followed by word embedding-based natural language extraction <ref type="bibr" target="#b41">(Staar et al., 2018)</ref>. However, as mentioned before, recent webpages are highly enriched with visual content, and classical word embeddings don't capture this contextual information. For instance, text in advertising banners may be interpreted as valuable information. For this reason, a simple OCR detection followed by natural language processing techniques is a suboptimal for WIE <ref type="bibr" target="#b46">(Vishwanath et al., 2018)</ref>.</p><p>In response to these challenges we develop WIE based on a visual representation of a web element and its context. This permits to address the aforementioned four challenges. Moreover, visual features are independent of the programming language (e.g., HTML for webpages, Dart for Android or iOS apps) and partially also the website language (e.g., Arabic, Chinese, English). Intuitively, we aim to mimic the ability of humans to detect the location of target elements like product price, product title and product image on a webpage in a foreign language like the one shown in Fig. <ref type="figure" target="#fig_0">1</ref>.</p><p>For this, we develop a context-aware Webpage Somewhat differently from an object in natural images which can be detected largely based on its appearance, objects on a webpage are strongly defined by contextual information. e.g., a cat's appearance is largely independent of its nearby objects, whereas a product price is a highly ambiguous object (Fig. <ref type="figure" target="#fig_1">2</ref>). It refers to the price of a product only when it is contextually related to a product title and a product image. The developed WOD uses a graph attention based architecture, which leverages the underlying syntactic DOM tree <ref type="bibr" target="#b49">(Zhou et al., 2021)</ref> to focus on important context <ref type="bibr">(Zhu et al., 2005)</ref> while classifying an element on a webpage. Once these web elements are identified, the relevant information e.g. price and title can be obtained from the corresponding DOM nodes. These information can then be indexed and used for applications like product search and price comparison across online retailers.</p><p>To facilitate this task we create a dataset of 7.7k English product webpage screenshots along with DOM information spanning 408 different websites (domains). We compare the results of CoVA with existing and newly created baselines that take visual features into account. We show that CoVA leads to substantial improvements while yielding interpretable contextual representations.</p><p>In summary, we make the following contributions:</p><p>1. We formulate WIE as a context-aware WOD problem. 2. We develop a Context-aware Visual Attentionbased (CoVA) detection pipeline, which is end-to-end trainable and exploits syntactic structure from the DOM tree along with screenshots. CoVA improves recent state-ofthe-art baselines by a significant margin. 3. We create the largest public dataset of 7.7k</p><p>English product webpage screenshots from 408 online retailers for Object Detection from product webpages. Our dataset is ∼ 10× larger than existing datasets. 4. We show the interpretability of CoVA using attention visualizations (Sec. 6.5) 5. We claim and validate that visual features (without textual content) along with DOM information are sufficient for many tasks while allowing cross-domain and cross-language generalizability. CoVA trained on English webpages perform well on Chinese Webpages (Sec. 6.4).</p></div>
<div xmlns="http://www.tei-c.org/ns/1.0"><head n="2">Related Work</head><p>Webpage information extraction (WIE) has been mainly addressed with Wrapper Induction (WI). WI aims to learn a set of extraction rules from HTML code or text, using manually labeled examples and counter-examples <ref type="bibr" target="#b40">(Soderland, 1999;</ref><ref type="bibr" target="#b35">Muslea et al., 1998;</ref><ref type="bibr" target="#b6">Chang and Lui, 2001)</ref>. These often require human intervention which is timeconsuming, error-prone <ref type="bibr" target="#b43">(Vadrevu et al., 2005)</ref>, and does not generalize to new templates. Supervised learning, which treats WIE as a classification task has also garnered significant attention. Traditionally, natural language processing techniques are employed over HTML or DOM information. Structural and semantic features <ref type="bibr" target="#b18">(Ibrahim et al., 2008;</ref><ref type="bibr" target="#b8">Gibson et al., 2007)</ref> are obtained for each part of a webpage to predict categories like title, author, etc. <ref type="bibr" target="#b47">Wu et al. (2015)</ref>  Visual features have been extensively employed to generate visual wrappers for pattern extraction. Mostly, these utilize hand-crafted visual features from a webpage, e.g., area size, font size, and type. <ref type="bibr" target="#b4">Cai et al. (2003)</ref> develop a visual block tree of a webpage using visual and layout features along with the DOM tree information. Subsequent works use this tree for tasks like webpage segmentation, visual wrapper generation, and web record extraction <ref type="bibr" target="#b3">(Cai et al., 2004;</ref><ref type="bibr" target="#b27">Liu et al., 2003;</ref><ref type="bibr" target="#b39">Simon and Lausen, 2005;</ref><ref type="bibr" target="#b2">Burget and Rudolfova, 2009)</ref>. <ref type="bibr" target="#b11">Gogar et al. (2016)</ref> aims to develop domain-specific wrappers which generalize across unseen templates and don't need manual intervention. They develop a unified model that encodes visual, textual, and positional features using a single CNN.</p><p>Object detection (OD) techniques in Computer Vision, which aims to detect and classify all objects, has been extensively studied for natural images. Deep learning methods such as YOLO <ref type="bibr" target="#b36">(Redmon and Farhadi, 2018)</ref>, R-CNN variants <ref type="bibr" target="#b10">(Girshick et al., 2014;</ref><ref type="bibr" target="#b9">Girshick, 2015;</ref><ref type="bibr" target="#b13">He et al., 2017)</ref>, etc. yielded state-of-the-art results in OD.</p><p>OD methods that can capture contextual information are of particular interest here. <ref type="bibr" target="#b34">Murphy et al. (2006)</ref> learn local and global context by object presence and localization and use a product of experts model <ref type="bibr" target="#b15">(Hinton, 2002)</ref> to combine them. <ref type="bibr" target="#b22">Kong et al. (2021)</ref> proposes a short path context module which transforms the integrated feature maps by considering local feature affinities.</p><p>Graph Convolutional Networks (GCN) (Kipf and Welling, 2016) was proposed to learn a node representation while taking neighbors of a node into account. Using it, <ref type="bibr" target="#b28">Liu et al. (2019)</ref> represent a visually rich document as a complete graph of text content obtained by passing OCR <ref type="bibr" target="#b32">(Mithe et al., 2013)</ref>. They employ GCN to learn node representations for each web element.</p><p>Recently, Attention mechanisms have also shown remarkable ability in capturing contextual information <ref type="bibr" target="#b1">(Bahdanau et al., 2014)</ref>. <ref type="bibr" target="#b44">Vaswani et al. (2017)</ref> propose a transformer architecture for language modeling. <ref type="bibr" target="#b30">Luo et al. (2018)</ref> use attention over a BiLSTM-CRF layer for Named Entity Recognition (NER) on biomedical data. Word vectors learned on BERT <ref type="bibr" target="#b7">(Devlin et al., 2018)</ref>, which use self-attention, have yielded state-of-the-art results on 11 NLP tasks.</p><p>Separately, attention has been used for contextual learning in OD <ref type="bibr" target="#b23">(Li et al., 2013;</ref><ref type="bibr" target="#b16">Hsieh et al., 2019;</ref><ref type="bibr" target="#b33">Morabia et al., 2020)</ref> and image captioning <ref type="bibr" target="#b48">(You et al., 2016)</ref>. Attention mechanisms have also been employed over graphs to learn an optimal representation of nodes while taking graph structure into account <ref type="bibr" target="#b45">(Veličković et al., 2017)</ref>. Moreover, attention permits to interpret result, which is often desired in many applications. We show our visualizations depicting this advantage below (Sec. 6.5).</p></div>
<div xmlns="http://www.tei-c.org/ns/1.0"><head n="3">Problem formulation</head><p>The DOM tree captures the syntactical structure of a webpage similar to a parse tree of a natural language. Our goal is to extract semantic information exploiting this syntactic structure. We view a leaf web element as a word and the webpage as a document with the DOM tree as its underlying parse tree. Formally, we represent a webpage W as the set W = {v 1 , v 2 , . . . , v i , . . . , v N , D} where v i denotes the visual representation of the i-th web element, N denotes number of web elements, and D refers to the DOM tree which contains the relations between the web elements. Our goal is to learn a parametric function f θ (y i |W, i) which extracts a visual representation v i of the i-th web element from website W so as to accurately predict label y i of the web element. In the following we consider four labels for a product, i.e., y i ∈ {product price, title, image, others}. The parameters θ are obtained by minimizing the following supervised classification loss</p><formula xml:id="formula_0">θ * = argmin θ E i,W ∼P W [L(f θ (y i |W, i), y * i )]</formula><p>,</p><p>where E denotes an expectation, y i and y * i denote the predicted and ground truth labels and P W denotes a probability distribution over webpages.</p><p>Information of a webpage is present in the leaves of the DOM tree, i.e., the web elements i. Web elements are an atomic entity which is characterized by a rectangular bounding box. We can extract the target information y i from the DOM tree if we know the exact leaf bounding boxes of the desired element. Therefore, we can view WIE as an object detection (OD) task where objects are leaf elements and might contain the desired entity (target). However, identity y i of a web element is heavily dependent on its context, e.g., price, title, and image of a product are most likely to be in same or nearby sub-tree in comparison to unrelated web elements such as advertisements. Similarly, there can be multiple instances of price-like elements. However, the correct price would be contextually positioned with product title and image (Fig. <ref type="figure" target="#fig_1">2</ref>). Therefore, we formulate WIE as a context-aware OD.</p><p>We use the DOM tree to identify context for a web element. We represent the syntactic closeness between web elements through edges in the graph (discussed in next section). We then employ a graph attention mechanism <ref type="bibr" target="#b45">(Veličković et al., 2017)</ref> to attend to the most important contexts.</p></div>
<div xmlns="http://www.tei-c.org/ns/1.0"><head n="4">Proposed End-to-End Pipeline -CoVA</head><p>In this section, we present our Context-Aware Visual Attention-based end-to-end pipeline for Webpage Object Detection (CoVA) which aims to learn function f to predict labels y = [y 1 , y 2 , . . . , y N ] for a webpage. The input to CoVA consists of 1. a screenshot of a webpage, 2. list of bounding boxes [x, y, w, h] of the web elements, and 3. neighborhood information for each element obtained from DOM. It should be noted that bounding boxes of the web elements are relatively accurate and doesn't pose challenges similar to OD for natural images. </p></div>
<div xmlns="http://www.tei-c.org/ns/1.0"><head n="4.1">Webpage as a Graph</head><p>We represent a webpage as a graph where nodes are leaf web elements and an edge indicates that the corresponding web elements are contextually relevant to each other. A naive way to create graph is by putting edge between every pair of nodes <ref type="bibr" target="#b28">(Liu et al., 2019)</ref>. An alternative way of creating a graph is to add edges to nearby nodes based on spatial distance. However, web elements vary greatly in shapes &amp; sizes, and two web elements might have small distance but they're contextually irrelevant since they lie in different DOM subtrees. For this, we use the K nearest leaf elements in the DOM tree as the neighbors N i a web element i. An edge within the graph denotes the syntactic closeness in the DOM tree.</p></div>
<div xmlns="http://www.tei-c.org/ns/1.0"><head n="4.2">Representation Network (RN)</head><p>The goal of the Representation Network (RN) is to learn a fixed size visual representation v i of any web element i ∈ {1, . . . , N }. This is important since web elements have different sizes, aspect ratios, and content type (image or text). To achieve this the RN consists of a CNN operating on the screenshot of a webpage, followed by a Region of Interest (RoI) pooling layer <ref type="bibr" target="#b9">(Girshick, 2015)</ref> and a positional encoder. Specifically, RoI pooling is performed to obtain a fixed size representation for all web elements. To capture the spatial layout, we learn a P dimensional positional feature which is obtained by passing the bounding box features [x, y, w, h, w h ] through a positional encoder implemented by a single layer neural net. Finally, we concatenate the flattened output of the RoI pooling with positional features to obtain the visual representation v i .</p></div>
<div xmlns="http://www.tei-c.org/ns/1.0"><head n="4.3">Graph Attention Network (GAT)</head><p>The goal of the graph attention network is to compute a contextual representation c i for each web element i which takes visual information v i from neighboring web elements into account. However, out of multiple neighbors for a web element, only a few are informative, e.g., a web element having a currency symbol near a set of digits seems relevant. To identify the relational importance we use a Graph Attention Network (GAT) <ref type="bibr" target="#b45">(Veličković et al., 2017)</ref>. We transform each of the input features by learning projection matrices W 1 and W 2 applied at every node and its neighbors. We then employ self-attention <ref type="bibr" target="#b26">(Lin et al., 2017)</ref> to compute the importance score,</p><formula xml:id="formula_1">α ij = exp(LeakyReLU(a T [W 1 v i ||W 2 v j ])) k∈N i exp(LeakyReLU(a T [W 1 v i ||W 2 v k ]))</formula><p>, where • T represents transposition, || is the concatenation operation, N i denotes the neighbors of web element i. The weights α ij are non-negative attention scores for neighboring web elements of web element i. Finally, we obtain the contextual representation c i for a web element i as a weighted combination of projected visual representations of its neighbors, i.e., via</p><formula xml:id="formula_2">c i = j∈N i α ij W 2 v j .</formula><p>(1)</p></div>
<div xmlns="http://www.tei-c.org/ns/1.0"><head n="4.4">Augmenting CoVA with extra features</head><p>In scenarios where additional features (e.g., text content, HTML tag information, etc.) are available, CoVA can be easily extended to incorporate those. These features can be concatenated with visual representations obtained from the RN without modifying the pipeline in any other way. We refer to this extended pipeline as CoVA++. However, making the model dependent on these features might lead to constraints regarding the programming language (HTML tags) or text language. In Sec. 6.4, we show that CoVA trained on English webpages (without additional features) generalizes well to Chinese webpages.</p></div>
<div xmlns="http://www.tei-c.org/ns/1.0"><head n="5">Dataset Generation</head><p>To the best of our knowledge there is no large-scale dataset for WIE with visual annotations for object detection. So far, the Structured Web Data Extraction (SWDE) dataset <ref type="bibr" target="#b12">(Hao et al., 2011)</ref> is the only known large dataset that can be used for training deep neural networks for WIE <ref type="bibr" target="#b25">(Lin et al., 2020;</ref><ref type="bibr" target="#b29">Lockard et al., 2019)</ref>. SWDE dataset contains webpage HTML codes which is not sufficient to render it into a screenshot (since it contains links to old and non-existent URLs). Because of this we create a new large-scale labeled dataset for object detection on English product webpage screenshots along with DOM information. We chose e-commerce websites since those have been a de-facto standard for WIE <ref type="bibr" target="#b11">(Gogar et al., 2016;</ref><ref type="bibr">Zhu et al., 2005)</ref>. Our dataset generation consists of two steps: 1. search the web with 'shopping' keywords to aggregate diverse webpages and employ heuristics to automate labeling of product price, title, and image, 2. manual correction of incorrect labels. We discuss both steps next.</p><p>Web scraping and coarse labeling. To scrape websites, we use Google shopping<ref type="foot" target="#foot_0">2</ref> which aggregates links to multiple online retailers (domains) for the same product. These links are uploaded by the merchants of the respective domains. We do a keyword search for various categories, like electronics, food, cosmetics. For each search result, we record the price and title from Google shopping. Then, we navigate through the links to specific product websites and save a 1280 × 1280 screenshot. To extract a bounding box for each web element, we store a pruned DOM tree. Price and title candidates are labeled by comparing with the recorded values using heuristics. For product images, we always choose the DOM element having the largest bounding box area among all the elements with an &lt;img&gt; HTML tag, although this might not be true for many websites. We correct this issue in the next step.</p><p>Label correction. The coarse labeling is only ∼60% accurate because 1. price on webpages keeps changing and might differ from the Google shopping price, and 2. many bounding boxes have the same content. To correct for these mistakes, we manually inspected and correct labeling errors. We obtained 7,740 webpages spanning 408 domains. Each of these webpages contains exactly one labeled price, title, and image. All other web elements are labeled as 'others'. On average, there are ∼90 leaf web elements on a webpage.</p><p>Train-Val-Test split. We create a cross-domain split which ensures that each of the train, val and test sets contains webpages from different domains.</p><p>We observed that the top-5 frequent domains were Amazon, EBay, Walmart, Etsy, and Target. So, we created 5 different splits for 5-Fold Cross Validation such that each of the major domains is present in one of the test splits.</p><p>6 Experimental Setup &amp; Results</p></div>
<div xmlns="http://www.tei-c.org/ns/1.0"><head n="6.1">Baseline Methods</head><p>We compare the results of our end-to-end pipeline CoVA with other existing and newly created base- </p></div>
<div xmlns="http://www.tei-c.org/ns/1.0"><head n="6.2">Model Training, Inference and Evaluation</head><p>In each training epoch, we randomly sample 90% from others. This increases the diversity in training data by providing different contexts for web-pages with exactly the same template. We use batch normalization <ref type="bibr" target="#b19">(Ioffe and Szegedy, 2015)</ref> between consecutive layers, Adam optimizer for updating model parameters and minimize cross-entropy loss.</p><p>During inference, the model detects one web element with highest probability for each class. Once the web element is identified, the corresponding text content can be extracted from the DOM tree or by using OCR for downstream tasks.</p><p>For CoVA++ we use as additional information the same heuristic features used to train the Random Forest classifier baseline. Unless specified otherwise, all results of CoVA and baselines use the following hyperparameters where applicable: learning rate = 5e-4, batch size = 5 screenshot images, K = 24 neighbor elements in the graph, RoI pool output size (H × W ) = (3 × 3), dropout = 0.2, P = 32 dimensional positional features, output dimension for projection matrix W 1 , W 2 is 384, weight decay = 1e-3. We use the first 5 layers of a pre-trained ResNet18 <ref type="bibr" target="#b14">(He et al., 2016)</ref> in the representation network (RN), which yields a 64 channel feature map. This significantly reduces the parameters in the RN from 12m to 0.2m and speeds up training at the same time. The evaluation is performed using Cross-domain Accuracy for each class, i.e., the fraction of webpages of new domains with correct class. All the experiments are performed on Tesla V100-SXM2-16GB GPUs.</p></div>
<div xmlns="http://www.tei-c.org/ns/1.0"><head n="6.3">Results</head><p>As shown in Table <ref type="table" target="#tab_0">1</ref>, our method outperforms all baselines by a considerable margin especially for price prediction. CoVA learns visual features which are significantly better than the heuristic feature baseline that uses predefined tag, textual and visual features. Fig. <ref type="figure" target="#fig_3">4</ref> shows the importance of different heuristic based features in a webpage. We observe that a heuristic feature based method has similar performance to methods which don't use contextual features. Moreover, CoVA++ which also uses heuristic features, doesn't lead to statistically significant improvements. This shows that visual features learnt by CoVA are more general for tasks like price &amp; title detection. Context information is particularly important for price (in comparison to title and image) since it's highly ambiguous and occurs in different locations with varying contexts (Fig. <ref type="figure" target="#fig_1">2</ref>). This is evident from the ∼8.9% improvement in price accuracy compared to the Fast R-CNN*. We also obtained top-3 accuracy for CoVA, which are 98.6%, 99.4%, and 99.9% for price, title and image respectively.</p></div>
<div xmlns="http://www.tei-c.org/ns/1.0"><head n="6.4">Cross-lingual Evaluation of CoVA</head><p>To validate our claim that visual features (without textual or HTML tag information) can capture cross-lingual information, we test our model on webpages in a foreign language. In particular, we evaluated CoVA (trained on English product webpages) using 100 Chinese product webpages spanning across 25 unique domains. CoVA achieves 92%, 90%, and 99% accuracy for product price, title, and image. It should be noted that image has the same accuracy as for English pages. This is expected since images have no language components that the model can attend to.</p></div>
<div xmlns="http://www.tei-c.org/ns/1.0"><head n="6.5">Attention Visualizations</head><p>Table <ref type="table" target="#tab_0">1</ref> shows that attention significantly improves performance for all the three targets. As discussed earlier, only few of the contexts are important which are effectively learnt by Graph Attention Network (GAT). We observed that on average, ∼20% of context elements were activated (score above 0.05 threshold) by GAT. We also study a multihead attention instead of single head following <ref type="bibr" target="#b44">(Vaswani et al., 2017)</ref>, which didn't yield significant improvements in our case. Fig. <ref type="figure" target="#fig_4">5</ref> shows visualizations of attention scores learnt by GAT. Fig. <ref type="figure" target="#fig_4">5</ref>(a) shows an example where title and image have more weight than other contexts when learning a context representation for price. This shows that attention is able to focus on important web elements and discards others. <ref type="bibr">Similarly,</ref><ref type="bibr">Fig. 5(b)</ref> shows that price has a much higher score than other contexts for learning contextual representation for title.</p></div>
<div xmlns="http://www.tei-c.org/ns/1.0"><head n="7">Ablation Studies</head><p>Importance of Positional features: Table <ref type="table" target="#tab_1">2</ref> shows that positional features can significantly improve accuracy for price, title, and image prediction. This also validates that for webpage OD, location and size of a bounding box carries significant information, making it different from classical OD. Dependence on number of neighbors in graph: Fig. <ref type="figure" target="#fig_5">6</ref> shows the variation in cross domain accuracy of CoVA with respect to the number of neighboring elements K. Note that having 0 context elements is equivalent to our baseline Fast R-CNN*. We observe that, unlike title and image, price accuracy can significantly be improved by considering larger contexts. This is due to the fact that price is highly ambiguous (Fig. <ref type="figure" target="#fig_1">2</ref>). We also study the graph construction described by <ref type="bibr" target="#b28">(Liu et al., 2019)</ref> where all nodes are considered in the neighborhood of a particular node. This significantly reduced the performance for price (90.7%) and title (92.7%).</p></div>
<div xmlns="http://www.tei-c.org/ns/1.0"><head n="8">Conclusion &amp; Future Work</head><p>In this paper, we reformulated the problem of webpage IE (WIE) as a context-aware webpage object detection. We created a large-scale dataset for this task and is available publicly. We proposed CoVA </p></div>
<div xmlns="http://www.tei-c.org/ns/1.0"><head>Method</head><p>Price Accuracy Title Accuracy Image Accuracy CoVA without positional features 89.2 ± 10.3 91.9 ± 1.4 95.9 ± 1.8 CoVA 95.5 ± 3.8 95.7 ± 1.2 98.8 ± 1.5  Our visualizations show that CoVA is able to attend to the most important contexts. In the future, we plan to adapt this method to other tasks such as identifying malicious web elements. Our works shows the importance of visual features of WIE which is traditionally overlooked. We hope that our work will motivate researchers in WIE to employ CV alongwith NLP techniques to solve this important problem.</p></div><figure xmlns="http://www.tei-c.org/ns/1.0" xml:id="fig_0"><head>Figure 1 :</head><label>1</label><figDesc>Figure 1: A person can detect the element for product price, title, and image, w/o knowing (a) Arabic or (b) Chinese</figDesc><graphic coords="2,273.08,75.83,251.35,136.07" type="bitmap" /></figure>
<figure xmlns="http://www.tei-c.org/ns/1.0" xml:id="fig_1"><head>Figure 2 :</head><label>2</label><figDesc>Figure 2: Example webpage showing multiple possible prices (red), but relatively fewer possible title (green) or image (purple)</figDesc><graphic coords="3,93.54,70.84,408.23,388.03" type="bitmap" /></figure>
<figure xmlns="http://www.tei-c.org/ns/1.0" xml:id="fig_2"><head>Figure 3 :</head><label>3</label><figDesc>Figure 3: CoVA end-to-end training pipeline (for a single web element). CoVA takes a webpage screenshot and list of bounding boxes along with K neighbors for each web element (obtained from DOM). RN learns visual representation (v 0 ) while GAT learns contextual representation (c 0 ) from its neighbor's visual representations. As illustrated in Fig. 3, this information is processed by CoVA in four stages: 1. the graph representation extraction for the webpage, 2. the Representation Network (RN), 3. the Graph Attention Network (GAT), and 4. a fully connected (FC) layer. The graph representation extraction computes for every web element i its set of neighboring web elements N i . The RN consists of a Convolutional Neural Net (CNN) and a positional encoder aimed to learn a visual representation v i for each web element i ∈ {1, . . . , N }. The GAT combines the visual representation v i of the web element i to be classified and those of its neighbors, i.e., v k ∀k ∈ N i to compute the contextual representation c i for web element i. Finally, the visual and contextual representations of the web element are concatenated and passed through the FC layer to obtain the classification output. We describe each of the components next.</figDesc><graphic coords="5,140.61,169.72,214.50,96.07" type="bitmap" /></figure>
<figure xmlns="http://www.tei-c.org/ns/1.0" xml:id="fig_3"><head>Figure 4 :</head><label>4</label><figDesc>Figure 4: Gini impurity-based importance of features in RF lines summarized below. Our newly created baselines combine existing object detection and graph based models to identify the importance of visual features and contextual representations. (Gogar et al., 2016): This method identifies product price, title, and image from the visual and textual representation of the web elements. Random Forest on Heuristic features: We train a Random Forest classifier with 100 trees using various HTML tags, text, and bounding box features as shown in Fig. 4. Fast R-CNN*: We compare with Fast R-CNN (Girshick, 2015) to quantify the importance of contextual representations in CoVA. We use the DOM tree instead of selective search (Uijlings et al., 2013) for bounding box proposals. We also use positional features as described when discussing the representation network (Sec. 4.2) for a fair comparison with CoVA. We will refer to this baseline as 'Fast R-CNN*.' Fast R-CNN* + GCN (Kipf and Welling, 2016): We use GCN on our graph formulation where node features are the visual representations obtained from Fast R-CNN*. Fast R-CNN* + Bi-LSTM (Schuster and Paliwal, 1997): We train a bidirectional LSTM on visual representations of web elements in preorder traversal of the DOM tree. We use its output as the contextual representation and concatenate it with the visual representation of the web element obtained from Fast R-CNN*.</figDesc><graphic coords="7,81.77,70.85,196.44,167.37" type="bitmap" /></figure>
<figure xmlns="http://www.tei-c.org/ns/1.0" xml:id="fig_4"><head>Figure 5 :</head><label>5</label><figDesc>Figure 5: Attention Visualizations where red border denotes web element to be classified, and its contexts have green shade whose intensity denotes score. Price in (a) get much more score than other contexts. Title and image in (b) are scored higher than other contexts for price.</figDesc><graphic coords="9,150.23,229.31,294.84,118.21" type="bitmap" /></figure>
<figure xmlns="http://www.tei-c.org/ns/1.0" xml:id="fig_5"><head>Figure 6 :</head><label>6</label><figDesc>Figure 6: Comparison of context size with accuracy</figDesc><graphic coords="9,92.68,499.93,174.62,128.50" type="bitmap" /></figure>
<figure xmlns="http://www.tei-c.org/ns/1.0" type="table" xml:id="tab_0"><head>Table 1 :</head><label>1</label><figDesc>Unless stated other-Cross Domain Accuracy (mean ± standard deviation) for 5-fold cross validation.</figDesc><table><row><cell>Method</cell><cell cols="2">Params Price Acc</cell><cell>Title Acc</cell><cell>Image Acc</cell></row><row><cell>Gogar et al. (2016) Random Forest using Heuristic features Fast R-CNN* (Girshick, 2015) Fast R-CNN* + GCN Fast R-CNN* + Bi-LSTM CoVA CoVA++</cell><cell>1.8m -0.5m 1.4m 5.1m 1.6m 1.7m</cell><cell cols="3">78.1 ± 17.2 91.5 ± 1.3 93.2 ± 1.9 87.4 ± 10.4 93.5 ± 5.3 97.2 ± 3.8 86.6 ± 7.3 93.7 ± 2.2 97.0 ± 3.6 90.0 ± 11.0 95.4 ± 1.5 98.2 ± 2.8 92.9 ± 4.6 94.0 ± 2.1 97.6 ± 3.6 95.5 ± 3.8 95.7 ± 1.2 98.8 ± 1.5 96.1 ± 3.0 96.7 ± 2.2 99.6 ± 0.3</cell></row><row><cell cols="2">wise, we will discuss results with respect to price</cell><cell></cell><cell></cell></row><row><cell cols="2">accuracy. We observe that CoVA yields stable re-</cell><cell></cell><cell></cell></row><row><cell cols="2">sults across folds (∼3.5% reduction in standard</cell><cell></cell><cell></cell></row><row><cell cols="2">deviation). This shows that CoVA learns features</cell><cell></cell><cell></cell></row><row><cell cols="2">which are generalizable and which have less depen-</cell><cell></cell><cell></cell></row><row><cell cols="2">dence on the training data. Using GCN with Fast</cell><cell></cell><cell></cell></row><row><cell cols="2">R-CNN* leads to unstable results with 11% stan-</cell><cell></cell><cell></cell></row><row><cell cols="2">dard deviation while yielding a 3.4% improvement</cell><cell></cell><cell></cell></row><row><cell cols="2">over Fast R-CNN*. Fast R-CNN* with Bi-LSTM is</cell><cell></cell><cell></cell></row><row><cell cols="2">able to summarize the contextual features by yield-</cell><cell></cell><cell></cell></row><row><cell cols="2">ing a ∼6.3% improvement in comparison to Fast RCNN*. CoVA outperforms Fast RCNN* with</cell><cell></cell><cell></cell></row><row><cell cols="2">Bi-LSTM by ∼2.6% with much fewer number of parameters while also yielding interpretable results.</cell><cell></cell><cell></cell></row></table></figure>
<figure xmlns="http://www.tei-c.org/ns/1.0" type="table" xml:id="tab_1"><head>Table 2 :</head><label>2</label><figDesc>Importance of positional features in RN</figDesc><table /></figure>
			<note xmlns="http://www.tei-c.org/ns/1.0" place="foot" n="2" xml:id="foot_0"> shopping.google.com   </note>
			<note xmlns="http://www.tei-c.org/ns/1.0" place="foot" xml:id="foot_1">Jun Zhu, Zaiqing Nie, Ji-Rong Wen, Bo Zhang, and Wei-YingMa. 2005. 2d  conditional random fields for web information extraction. In Proceedings of the 22nd international conference on Machine learning, pages 1044-1051.</note>
		</body>
		<back>
			<div type="references">

				<listBibl>

<biblStruct xml:id="b0">
	<analytic>
		<title level="a" type="main">Wrapper approaches for web data extraction: A review</title>
	</analytic>
	<monogr>
		<title level="m">2017 6th International Conference on Electrical Engineering and Informatics (ICEEI)</title>
				<imprint>
			<publisher>IEEE</publisher>
			<date type="published" when="2017">2017</date>
			<biblScope unit="page" from="1" to="6" />
		</imprint>
	</monogr>
	<note>Mohd Amir Bin Mohd Azir and Kamsuriah Binti Ahmad</note>
	<note type="raw_reference">Mohd Amir Bin Mohd Azir and Kamsuriah Binti Ah- mad. 2017. Wrapper approaches for web data extrac- tion: A review. In 2017 6th International Conference on Electrical Engineering and Informatics (ICEEI), pages 1-6. IEEE.</note>
</biblStruct>

<biblStruct xml:id="b1">
	<monogr>
		<title level="m" type="main">Neural machine translation by jointly learning to align and translate</title>
		<author>
			<persName><forename type="first">Dzmitry</forename><surname>Bahdanau</surname></persName>
		</author>
		<author>
			<persName><forename type="first">Kyunghyun</forename><surname>Cho</surname></persName>
		</author>
		<author>
			<persName><forename type="first">Yoshua</forename><surname>Bengio</surname></persName>
		</author>
		<idno type="arXiv">arXiv:1409.0473</idno>
		<imprint>
			<date type="published" when="2014">2014</date>
		</imprint>
	</monogr>
	<note type="report_type">arXiv preprint</note>
	<note type="raw_reference">Dzmitry Bahdanau, Kyunghyun Cho, and Yoshua Ben- gio. 2014. Neural machine translation by jointly learning to align and translate. arXiv preprint arXiv:1409.0473.</note>
</biblStruct>

<biblStruct xml:id="b2">
	<analytic>
		<title level="a" type="main">Web page element classification based on visual features</title>
		<author>
			<persName><forename type="first">Radek</forename><surname>Burget</surname></persName>
		</author>
		<author>
			<persName><forename type="first">Ivana</forename><surname>Rudolfova</surname></persName>
		</author>
	</analytic>
	<monogr>
		<title level="m">First Asian Conference on Intelligent Information and Database Systems</title>
				<imprint>
			<publisher>IEEE</publisher>
			<date type="published" when="2009">2009. 2009</date>
			<biblScope unit="volume">88</biblScope>
			<biblScope unit="page" from="67" to="72" />
		</imprint>
	</monogr>
	<note type="raw_reference">Radek Burget and Ivana Rudolfova. 2009. Web page element classification based on visual features. In 88 2009 First Asian Conference on Intelligent Informa- tion and Database Systems, pages 67-72. IEEE.</note>
</biblStruct>

<biblStruct xml:id="b3">
	<analytic>
		<title level="a" type="main">Block-level link analysis</title>
		<author>
			<persName><forename type="first">Deng</forename><surname>Cai</surname></persName>
		</author>
		<author>
			<persName><forename type="first">Xiaofei</forename><surname>He</surname></persName>
		</author>
		<author>
			<persName><forename type="first">Ji-Rong</forename><surname>Wen</surname></persName>
		</author>
		<author>
			<persName><forename type="first">Wei-Ying</forename><surname>Ma</surname></persName>
		</author>
	</analytic>
	<monogr>
		<title level="m">Proceedings of the 27th annual international ACM SIGIR conference on Research and development in information retrieval</title>
				<meeting>the 27th annual international ACM SIGIR conference on Research and development in information retrieval</meeting>
		<imprint>
			<date type="published" when="2004">2004</date>
			<biblScope unit="page" from="440" to="447" />
		</imprint>
	</monogr>
	<note type="raw_reference">Deng Cai, Xiaofei He, Ji-Rong Wen, and Wei-Ying Ma. 2004. Block-level link analysis. In Proceedings of the 27th annual international ACM SIGIR confer- ence on Research and development in information retrieval, pages 440-447.</note>
</biblStruct>

<biblStruct xml:id="b4">
	<monogr>
		<title level="m" type="main">Vips: a vision-based page segmentation algorithm</title>
		<author>
			<persName><forename type="first">Deng</forename><surname>Cai</surname></persName>
		</author>
		<author>
			<persName><forename type="first">Shipeng</forename><surname>Yu</surname></persName>
		</author>
		<author>
			<persName><forename type="first">Ji-Rong</forename><surname>Wen</surname></persName>
		</author>
		<author>
			<persName><forename type="first">Wei-Ying</forename><surname>Ma</surname></persName>
		</author>
		<imprint>
			<date type="published" when="2003">2003</date>
		</imprint>
	</monogr>
	<note type="raw_reference">Deng Cai, Shipeng Yu, Ji-Rong Wen, and Wei-Ying Ma. 2003. Vips: a vision-based page segmentation algorithm.</note>
</biblStruct>

<biblStruct xml:id="b5">
	<analytic>
		<title level="a" type="main">A survey of web information extraction systems</title>
		<author>
			<persName><forename type="first">Chia-Hui</forename><surname>Chang</surname></persName>
		</author>
		<author>
			<persName><forename type="first">Mohammed</forename><surname>Kayed</surname></persName>
		</author>
		<author>
			<persName><surname>Moheb R Girgis</surname></persName>
		</author>
		<author>
			<persName><surname>Khaled F Shaalan</surname></persName>
		</author>
	</analytic>
	<monogr>
		<title level="j">IEEE transactions on knowledge and data engineering</title>
		<imprint>
			<biblScope unit="volume">18</biblScope>
			<biblScope unit="issue">10</biblScope>
			<biblScope unit="page" from="1411" to="1428" />
			<date type="published" when="2006">2006</date>
		</imprint>
	</monogr>
	<note type="raw_reference">Chia-Hui Chang, Mohammed Kayed, Moheb R Girgis, and Khaled F Shaalan. 2006. A survey of web in- formation extraction systems. IEEE transactions on knowledge and data engineering, 18(10):1411-1428.</note>
</biblStruct>

<biblStruct xml:id="b6">
	<analytic>
		<title level="a" type="main">Iepad: information extraction based on pattern discovery</title>
		<author>
			<persName><forename type="first">Chia-Hui</forename><surname>Chang</surname></persName>
		</author>
		<author>
			<persName><forename type="first">Shao-Chen</forename><surname>Lui</surname></persName>
		</author>
	</analytic>
	<monogr>
		<title level="m">Proceedings of the 10th international conference on World Wide Web</title>
				<meeting>the 10th international conference on World Wide Web</meeting>
		<imprint>
			<date type="published" when="2001">2001</date>
			<biblScope unit="page" from="681" to="688" />
		</imprint>
	</monogr>
	<note type="raw_reference">Chia-Hui Chang and Shao-Chen Lui. 2001. Iepad: in- formation extraction based on pattern discovery. In Proceedings of the 10th international conference on World Wide Web, pages 681-688.</note>
</biblStruct>

<biblStruct xml:id="b7">
	<monogr>
		<author>
			<persName><forename type="first">Jacob</forename><surname>Devlin</surname></persName>
		</author>
		<author>
			<persName><forename type="first">Ming-Wei</forename><surname>Chang</surname></persName>
		</author>
		<author>
			<persName><forename type="first">Kenton</forename><surname>Lee</surname></persName>
		</author>
		<author>
			<persName><forename type="first">Kristina</forename><surname>Toutanova</surname></persName>
		</author>
		<idno type="arXiv">arXiv:1810.04805</idno>
		<title level="m">Pre-training of deep bidirectional transformers for language understanding</title>
				<meeting><address><addrLine>Bert</addrLine></address></meeting>
		<imprint>
			<date type="published" when="2018">2018</date>
		</imprint>
	</monogr>
	<note type="report_type">arXiv preprint</note>
	<note type="raw_reference">Jacob Devlin, Ming-Wei Chang, Kenton Lee, and Kristina Toutanova. 2018. Bert: Pre-training of deep bidirectional transformers for language understand- ing. arXiv preprint arXiv:1810.04805.</note>
</biblStruct>

<biblStruct xml:id="b8">
	<analytic>
		<title level="a" type="main">Adaptive web-page content identification</title>
		<author>
			<persName><forename type="first">John</forename><surname>Gibson</surname></persName>
		</author>
		<author>
			<persName><forename type="first">Ben</forename><surname>Wellner</surname></persName>
		</author>
		<author>
			<persName><forename type="first">Susan</forename><surname>Lubar</surname></persName>
		</author>
	</analytic>
	<monogr>
		<title level="m">Proceedings of the 9th annual ACM international workshop on Web information and data management</title>
				<meeting>the 9th annual ACM international workshop on Web information and data management</meeting>
		<imprint>
			<date type="published" when="2007">2007</date>
			<biblScope unit="page" from="105" to="112" />
		</imprint>
	</monogr>
	<note type="raw_reference">John Gibson, Ben Wellner, and Susan Lubar. 2007. Adaptive web-page content identification. In Pro- ceedings of the 9th annual ACM international work- shop on Web information and data management, pages 105-112.</note>
</biblStruct>

<biblStruct xml:id="b9">
	<analytic>
		<title level="a" type="main">Fast r-cnn</title>
		<author>
			<persName><forename type="first">Ross</forename><surname>Girshick</surname></persName>
		</author>
	</analytic>
	<monogr>
		<title level="m">Proceedings of the IEEE international conference on computer vision</title>
				<meeting>the IEEE international conference on computer vision</meeting>
		<imprint>
			<date type="published" when="2015">2015</date>
			<biblScope unit="page" from="1440" to="1448" />
		</imprint>
	</monogr>
	<note type="raw_reference">Ross Girshick. 2015. Fast r-cnn. In Proceedings of the IEEE international conference on computer vision, pages 1440-1448.</note>
</biblStruct>

<biblStruct xml:id="b10">
	<analytic>
		<title level="a" type="main">Rich feature hierarchies for accurate object detection and semantic segmentation</title>
		<author>
			<persName><forename type="first">Ross</forename><surname>Girshick</surname></persName>
		</author>
		<author>
			<persName><forename type="first">Jeff</forename><surname>Donahue</surname></persName>
		</author>
		<author>
			<persName><forename type="first">Trevor</forename><surname>Darrell</surname></persName>
		</author>
		<author>
			<persName><forename type="first">Jitendra</forename><surname>Malik</surname></persName>
		</author>
	</analytic>
	<monogr>
		<title level="m">Proceedings of the IEEE conference on computer vision and pattern recognition</title>
				<meeting>the IEEE conference on computer vision and pattern recognition</meeting>
		<imprint>
			<date type="published" when="2014">2014</date>
			<biblScope unit="page" from="580" to="587" />
		</imprint>
	</monogr>
	<note type="raw_reference">Ross Girshick, Jeff Donahue, Trevor Darrell, and Ji- tendra Malik. 2014. Rich feature hierarchies for ac- curate object detection and semantic segmentation. In Proceedings of the IEEE conference on computer vision and pattern recognition, pages 580-587.</note>
</biblStruct>

<biblStruct xml:id="b11">
	<analytic>
		<title level="a" type="main">Deep neural networks for web page information extraction</title>
		<author>
			<persName><forename type="first">Tomas</forename><surname>Gogar</surname></persName>
		</author>
		<author>
			<persName><forename type="first">Ondrej</forename><surname>Hubacek</surname></persName>
		</author>
	</analytic>
	<monogr>
		<title level="m">IFIP International Conference on Artificial Intelligence Applications and Innovations</title>
				<imprint>
			<publisher>Springer</publisher>
			<date type="published" when="2016">Jan Sedivy. 2016</date>
			<biblScope unit="page" from="154" to="163" />
		</imprint>
	</monogr>
	<note type="raw_reference">Tomas Gogar, Ondrej Hubacek, and Jan Sedivy. 2016. Deep neural networks for web page information ex- traction. In IFIP International Conference on Artifi- cial Intelligence Applications and Innovations, pages 154-163. Springer.</note>
</biblStruct>

<biblStruct xml:id="b12">
	<analytic>
		<title level="a" type="main">From one tree to a forest: a unified solution for structured web data extraction</title>
		<author>
			<persName><forename type="first">Qiang</forename><surname>Hao</surname></persName>
		</author>
		<author>
			<persName><forename type="first">Rui</forename><surname>Cai</surname></persName>
		</author>
		<author>
			<persName><forename type="first">Yanwei</forename><surname>Pang</surname></persName>
		</author>
		<author>
			<persName><forename type="first">Lei</forename><surname>Zhang</surname></persName>
		</author>
	</analytic>
	<monogr>
		<title level="m">Proceedings of the 34th international ACM SIGIR conference on Research and development in Information Retrieval</title>
				<meeting>the 34th international ACM SIGIR conference on Research and development in Information Retrieval</meeting>
		<imprint>
			<date type="published" when="2011">2011</date>
			<biblScope unit="page" from="775" to="784" />
		</imprint>
	</monogr>
	<note type="raw_reference">Qiang Hao, Rui Cai, Yanwei Pang, and Lei Zhang. 2011. From one tree to a forest: a unified solution for struc- tured web data extraction. In Proceedings of the 34th international ACM SIGIR conference on Research and development in Information Retrieval, pages 775- 784.</note>
</biblStruct>

<biblStruct xml:id="b13">
	<analytic>
		<title level="a" type="main">Mask r-cnn</title>
		<author>
			<persName><forename type="first">Kaiming</forename><surname>He</surname></persName>
		</author>
		<author>
			<persName><forename type="first">Georgia</forename><surname>Gkioxari</surname></persName>
		</author>
		<author>
			<persName><forename type="first">Piotr</forename><surname>Dollár</surname></persName>
		</author>
		<author>
			<persName><forename type="first">Ross</forename><surname>Girshick</surname></persName>
		</author>
	</analytic>
	<monogr>
		<title level="m">Proceedings of the IEEE international conference on computer vision</title>
				<meeting>the IEEE international conference on computer vision</meeting>
		<imprint>
			<date type="published" when="2017">2017</date>
			<biblScope unit="page" from="2961" to="2969" />
		</imprint>
	</monogr>
	<note type="raw_reference">Kaiming He, Georgia Gkioxari, Piotr Dollár, and Ross Girshick. 2017. Mask r-cnn. In Proceedings of the IEEE international conference on computer vision, pages 2961-2969.</note>
</biblStruct>

<biblStruct xml:id="b14">
	<analytic>
		<title level="a" type="main">Deep residual learning for image recognition</title>
		<author>
			<persName><forename type="first">Kaiming</forename><surname>He</surname></persName>
		</author>
		<author>
			<persName><forename type="first">Xiangyu</forename><surname>Zhang</surname></persName>
		</author>
		<author>
			<persName><forename type="first">Shaoqing</forename><surname>Ren</surname></persName>
		</author>
		<author>
			<persName><forename type="first">Jian</forename><surname>Sun</surname></persName>
		</author>
	</analytic>
	<monogr>
		<title level="m">Proceedings of the IEEE conference on computer vision and pattern recognition</title>
				<meeting>the IEEE conference on computer vision and pattern recognition</meeting>
		<imprint>
			<date type="published" when="2016">2016</date>
			<biblScope unit="page" from="770" to="778" />
		</imprint>
	</monogr>
	<note type="raw_reference">Kaiming He, Xiangyu Zhang, Shaoqing Ren, and Jian Sun. 2016. Deep residual learning for image recog- nition. In Proceedings of the IEEE conference on computer vision and pattern recognition, pages 770- 778.</note>
</biblStruct>

<biblStruct xml:id="b15">
	<analytic>
		<title level="a" type="main">Training products of experts by minimizing contrastive divergence</title>
		<author>
			<persName><forename type="first">Geoffrey</forename><forename type="middle">E</forename><surname>Hinton</surname></persName>
		</author>
	</analytic>
	<monogr>
		<title level="j">Neural computation</title>
		<imprint>
			<biblScope unit="volume">14</biblScope>
			<biblScope unit="issue">8</biblScope>
			<biblScope unit="page" from="1771" to="1800" />
			<date type="published" when="2002">2002</date>
		</imprint>
	</monogr>
	<note type="raw_reference">Geoffrey E Hinton. 2002. Training products of experts by minimizing contrastive divergence. Neural com- putation, 14(8):1771-1800.</note>
</biblStruct>

<biblStruct xml:id="b16">
	<analytic>
		<title level="a" type="main">One-shot object detection with co-attention and co-excitation</title>
		<author>
			<persName><forename type="first">-I</forename><surname>Ting</surname></persName>
		</author>
		<author>
			<persName><forename type="first">Yi-Chen</forename><surname>Hsieh</surname></persName>
		</author>
		<author>
			<persName><forename type="first">Hwann-Tzong</forename><surname>Lo</surname></persName>
		</author>
		<author>
			<persName><forename type="first">Tyng-Luh</forename><surname>Chen</surname></persName>
		</author>
		<author>
			<persName><surname>Liu</surname></persName>
		</author>
	</analytic>
	<monogr>
		<title level="m">Advances in Neural Information Processing Systems</title>
				<imprint>
			<date type="published" when="2019">2019</date>
			<biblScope unit="page" from="2725" to="2734" />
		</imprint>
	</monogr>
	<note type="raw_reference">Ting-I Hsieh, Yi-Chen Lo, Hwann-Tzong Chen, and Tyng-Luh Liu. 2019. One-shot object detection with co-attention and co-excitation. In Advances in Neural Information Processing Systems, pages 2725-2734.</note>
</biblStruct>

<biblStruct xml:id="b17">
	<monogr>
		<title level="m" type="main">Spatial dependency parsing for semi-structured document information extraction</title>
		<author>
			<persName><forename type="first">Wonseok</forename><surname>Hwang</surname></persName>
		</author>
		<author>
			<persName><forename type="first">Jinyeong</forename><surname>Yim</surname></persName>
		</author>
		<idno type="arXiv">arXiv:2005.00642</idno>
		<imprint>
			<date type="published" when="2020">2020</date>
		</imprint>
	</monogr>
	<note type="report_type">arXiv preprint</note>
	<note>Seunghyun Park, Sohee Yang, and Minjoon Seo</note>
	<note type="raw_reference">Wonseok Hwang, Jinyeong Yim, Seunghyun Park, So- hee Yang, and Minjoon Seo. 2020. Spatial depen- dency parsing for semi-structured document informa- tion extraction. arXiv preprint arXiv:2005.00642.</note>
</biblStruct>

<biblStruct xml:id="b18">
	<analytic>
		<title level="a" type="main">Automatic extraction of textual elements from news web pages</title>
		<author>
			<persName><forename type="first">Hossam</forename><surname>Ibrahim</surname></persName>
		</author>
		<author>
			<persName><forename type="first">Kareem</forename><surname>Darwish</surname></persName>
		</author>
		<author>
			<persName><forename type="first">Abdel-Rahim</forename><surname>Madany</surname></persName>
		</author>
	</analytic>
	<monogr>
		<title level="m">LREC</title>
				<imprint>
			<date type="published" when="2008">2008</date>
		</imprint>
	</monogr>
	<note type="raw_reference">Hossam Ibrahim, Kareem Darwish, and Abdel-Rahim Madany. 2008. Automatic extraction of textual ele- ments from news web pages. In LREC.</note>
</biblStruct>

<biblStruct xml:id="b19">
	<monogr>
		<author>
			<persName><forename type="first">Sergey</forename><surname>Ioffe</surname></persName>
		</author>
		<author>
			<persName><forename type="first">Christian</forename><surname>Szegedy</surname></persName>
		</author>
		<idno type="arXiv">arXiv:1502.03167</idno>
		<title level="m">Batch normalization: Accelerating deep network training by reducing internal covariate shift</title>
				<imprint>
			<date type="published" when="2015">2015</date>
		</imprint>
	</monogr>
	<note type="report_type">arXiv preprint</note>
	<note type="raw_reference">Sergey Ioffe and Christian Szegedy. 2015. Batch nor- malization: Accelerating deep network training by reducing internal covariate shift. arXiv preprint arXiv:1502.03167.</note>
</biblStruct>

<biblStruct xml:id="b20">
	<analytic>
		<title level="a" type="main">Web document text and images extraction using dom analysis and natural language processing</title>
		<author>
			<persName><forename type="first">Mulendra</forename><surname>Parag</surname></persName>
		</author>
		<author>
			<persName><forename type="first">Sam</forename><surname>Joshi</surname></persName>
		</author>
		<author>
			<persName><surname>Liu</surname></persName>
		</author>
	</analytic>
	<monogr>
		<title level="m">Proceedings of the 9th ACM symposium on Document engineering</title>
				<meeting>the 9th ACM symposium on Document engineering</meeting>
		<imprint>
			<date type="published" when="2009">2009</date>
			<biblScope unit="page" from="218" to="221" />
		</imprint>
	</monogr>
	<note type="raw_reference">Parag Mulendra Joshi and Sam Liu. 2009. Web docu- ment text and images extraction using dom analysis and natural language processing. In Proceedings of the 9th ACM symposium on Document engineering, pages 218-221.</note>
</biblStruct>

<biblStruct xml:id="b21">
	<monogr>
		<title level="m" type="main">Semisupervised classification with graph convolutional networks</title>
		<author>
			<persName><forename type="first">N</forename><surname>Thomas</surname></persName>
		</author>
		<author>
			<persName><forename type="first">Max</forename><surname>Kipf</surname></persName>
		</author>
		<author>
			<persName><surname>Welling</surname></persName>
		</author>
		<idno type="arXiv">arXiv:1609.02907</idno>
		<imprint>
			<date type="published" when="2016">2016</date>
		</imprint>
	</monogr>
	<note type="report_type">arXiv preprint</note>
	<note type="raw_reference">Thomas N Kipf and Max Welling. 2016. Semi- supervised classification with graph convolutional networks. arXiv preprint arXiv:1609.02907.</note>
</biblStruct>

<biblStruct xml:id="b22">
	<analytic>
		<title level="a" type="main">Spatial contextaware network for salient object detection</title>
		<author>
			<persName><forename type="first">Yuqiu</forename><surname>Kong</surname></persName>
		</author>
		<author>
			<persName><forename type="first">Mengyang</forename><surname>Feng</surname></persName>
		</author>
		<author>
			<persName><forename type="first">Xin</forename><surname>Li</surname></persName>
		</author>
		<author>
			<persName><forename type="first">Huchuan</forename><surname>Lu</surname></persName>
		</author>
		<author>
			<persName><forename type="first">Xiuping</forename><surname>Liu</surname></persName>
		</author>
		<author>
			<persName><forename type="first">Baocai</forename><surname>Yin</surname></persName>
		</author>
	</analytic>
	<monogr>
		<title level="j">Pattern Recognition</title>
		<imprint>
			<biblScope unit="volume">114</biblScope>
			<biblScope unit="page">107867</biblScope>
			<date type="published" when="2021">2021</date>
		</imprint>
	</monogr>
	<note type="raw_reference">Yuqiu Kong, Mengyang Feng, Xin Li, Huchuan Lu, Xiuping Liu, and Baocai Yin. 2021. Spatial context- aware network for salient object detection. Pattern Recognition, 114:107867.</note>
</biblStruct>

<biblStruct xml:id="b23">
	<analytic>
		<title level="a" type="main">Web data extraction based on tag path clustering</title>
		<author>
			<persName><forename type="first">Gui</forename><surname>Li</surname></persName>
		</author>
		<author>
			<persName><forename type="first">Cheng</forename><surname>Chen</surname></persName>
		</author>
		<author>
			<persName><forename type="first">Zheng</forename></persName>
		</author>
		<author>
			<persName><forename type="first">Yu</forename><surname>Li</surname></persName>
		</author>
		<author>
			<persName><forename type="first">Zi</forename><surname>Yang Han</surname></persName>
		</author>
		<author>
			<persName><forename type="first">Ping</forename><surname>Sun</surname></persName>
		</author>
	</analytic>
	<monogr>
		<title level="m">Advanced Materials Research</title>
				<imprint>
			<publisher>Trans Tech Publ</publisher>
			<date type="published" when="2013">2013</date>
			<biblScope unit="volume">756</biblScope>
			<biblScope unit="page" from="1590" to="1594" />
		</imprint>
	</monogr>
	<note type="raw_reference">Gui Li, Cheng Chen, Zheng Yu Li, Zi Yang Han, and Ping Sun. 2013. Web data extraction based on tag path clustering. In Advanced Materials Research, volume 756, pages 1590-1594. Trans Tech Publ.</note>
</biblStruct>

<biblStruct xml:id="b24">
	<monogr>
		<title level="m" type="main">Kagnet: Knowledge-aware graph networks for commonsense reasoning</title>
		<author>
			<persName><forename type="first">Xinyue</forename><surname>Bill Yuchen Lin</surname></persName>
		</author>
		<author>
			<persName><forename type="first">Jamin</forename><surname>Chen</surname></persName>
		</author>
		<author>
			<persName><forename type="first">Xiang</forename><surname>Chen</surname></persName>
		</author>
		<author>
			<persName><surname>Ren</surname></persName>
		</author>
		<idno type="arXiv">arXiv:1909.02151</idno>
		<imprint>
			<date type="published" when="2019">2019</date>
		</imprint>
	</monogr>
	<note type="report_type">arXiv preprint</note>
	<note type="raw_reference">Bill Yuchen Lin, Xinyue Chen, Jamin Chen, and Xiang Ren. 2019. Kagnet: Knowledge-aware graph net- works for commonsense reasoning. arXiv preprint arXiv:1909.02151.</note>
</biblStruct>

<biblStruct xml:id="b25">
	<analytic>
		<title level="a" type="main">Freedom: A transferable neural architecture for structured information extraction on web documents</title>
		<author>
			<persName><forename type="first">Ying</forename><surname>Bill Yuchen Lin</surname></persName>
		</author>
		<author>
			<persName><forename type="first">Nguyen</forename><surname>Sheng</surname></persName>
		</author>
		<author>
			<persName><forename type="first">Sandeep</forename><surname>Vo</surname></persName>
		</author>
		<author>
			<persName><surname>Tata</surname></persName>
		</author>
	</analytic>
	<monogr>
		<title level="m">Proceedings of the 26th ACM SIGKDD International Conference on Knowledge Discovery &amp; Data Mining</title>
				<meeting>the 26th ACM SIGKDD International Conference on Knowledge Discovery &amp; Data Mining</meeting>
		<imprint>
			<date type="published" when="2020">2020</date>
			<biblScope unit="page" from="1092" to="1102" />
		</imprint>
	</monogr>
	<note type="raw_reference">Bill Yuchen Lin, Ying Sheng, Nguyen Vo, and Sandeep Tata. 2020. Freedom: A transferable neural architec- ture for structured information extraction on web doc- uments. In Proceedings of the 26th ACM SIGKDD International Conference on Knowledge Discovery &amp; Data Mining, pages 1092-1102.</note>
</biblStruct>

<biblStruct xml:id="b26">
	<monogr>
		<title level="m" type="main">A structured self-attentive sentence embedding</title>
		<author>
			<persName><forename type="first">Zhouhan</forename><surname>Lin</surname></persName>
		</author>
		<author>
			<persName><forename type="first">Minwei</forename><surname>Feng</surname></persName>
		</author>
		<author>
			<persName><forename type="first">Cicero</forename><surname>Nogueira Dos Santos</surname></persName>
		</author>
		<author>
			<persName><forename type="first">Mo</forename><surname>Yu</surname></persName>
		</author>
		<author>
			<persName><forename type="first">Bing</forename><surname>Xiang</surname></persName>
		</author>
		<author>
			<persName><forename type="first">Bowen</forename><surname>Zhou</surname></persName>
		</author>
		<author>
			<persName><forename type="first">Yoshua</forename><surname>Bengio</surname></persName>
		</author>
		<idno type="arXiv">arXiv:1703.03130</idno>
		<imprint>
			<date type="published" when="2017">2017</date>
		</imprint>
	</monogr>
	<note type="report_type">arXiv preprint</note>
	<note type="raw_reference">Zhouhan Lin, Minwei Feng, Cicero Nogueira dos San- tos, Mo Yu, Bing Xiang, Bowen Zhou, and Yoshua Bengio. 2017. A structured self-attentive sentence embedding. arXiv preprint arXiv:1703.03130.</note>
</biblStruct>

<biblStruct xml:id="b27">
	<analytic>
		<title level="a" type="main">Mining data records in web pages</title>
		<author>
			<persName><forename type="first">Bing</forename><surname>Liu</surname></persName>
		</author>
		<author>
			<persName><forename type="first">Robert</forename><surname>Grossman</surname></persName>
		</author>
		<author>
			<persName><forename type="first">Yanhong</forename><surname>Zhai</surname></persName>
		</author>
	</analytic>
	<monogr>
		<title level="m">Proceedings of the ninth ACM SIGKDD international conference on Knowledge discovery and data mining</title>
				<meeting>the ninth ACM SIGKDD international conference on Knowledge discovery and data mining</meeting>
		<imprint>
			<date type="published" when="2003">2003</date>
			<biblScope unit="page" from="601" to="606" />
		</imprint>
	</monogr>
	<note type="raw_reference">Bing Liu, Robert Grossman, and Yanhong Zhai. 2003. Mining data records in web pages. In Proceedings of the ninth ACM SIGKDD international conference on Knowledge discovery and data mining, pages 601- 606.</note>
</biblStruct>

<biblStruct xml:id="b28">
	<monogr>
		<title level="m" type="main">Graph convolution for multimodal information extraction from visually rich documents</title>
		<author>
			<persName><forename type="first">Xiaojing</forename><surname>Liu</surname></persName>
		</author>
		<author>
			<persName><forename type="first">Feiyu</forename><surname>Gao</surname></persName>
		</author>
		<author>
			<persName><forename type="first">Qiong</forename><surname>Zhang</surname></persName>
		</author>
		<author>
			<persName><forename type="first">Huasha</forename><surname>Zhao</surname></persName>
		</author>
		<idno type="arXiv">arXiv:1903.11279</idno>
		<imprint>
			<date type="published" when="2019">2019</date>
		</imprint>
	</monogr>
	<note type="report_type">arXiv preprint</note>
	<note type="raw_reference">Xiaojing Liu, Feiyu Gao, Qiong Zhang, and Huasha Zhao. 2019. Graph convolution for multimodal in- formation extraction from visually rich documents. arXiv preprint arXiv:1903.11279.</note>
</biblStruct>

<biblStruct xml:id="b29">
	<analytic>
		<title level="a" type="main">OpenCeres: When open information extraction meets the semi-structured web</title>
		<author>
			<persName><forename type="first">Colin</forename><surname>Lockard</surname></persName>
		</author>
		<author>
			<persName><forename type="first">Prashant</forename><surname>Shiralkar</surname></persName>
		</author>
		<author>
			<persName><forename type="first">Xin</forename><surname>Luna</surname></persName>
		</author>
		<author>
			<persName><forename type="first">Dong</forename></persName>
		</author>
		<idno type="DOI">10.18653/v1/N19-1309</idno>
	</analytic>
	<monogr>
		<title level="m">Proceedings of the 2019 Conference of the North American Chapter of the Association for Computational Linguistics: Human Language Technologies</title>
		<title level="s">Long and Short Papers</title>
		<meeting>the 2019 Conference of the North American Chapter of the Association for Computational Linguistics: Human Language Technologies<address><addrLine>Minneapolis</addrLine></address></meeting>
		<imprint>
			<publisher>Association for Computational Linguistics</publisher>
			<date type="published" when="2019">2019</date>
			<biblScope unit="volume">1</biblScope>
			<biblScope unit="page" from="3047" to="3056" />
		</imprint>
	</monogr>
	<note type="raw_reference">Colin Lockard, Prashant Shiralkar, and Xin Luna Dong. 2019. OpenCeres: When open information extrac- tion meets the semi-structured web. In Proceedings of the 2019 Conference of the North American Chap- ter of the Association for Computational Linguistics: Human Language Technologies, Volume 1 (Long and Short Papers), pages 3047-3056, Minneapolis, Min- nesota. Association for Computational Linguistics.</note>
</biblStruct>

<biblStruct xml:id="b30">
	<analytic>
		<title level="a" type="main">An attention-based bilstm-crf approach to documentlevel chemical named entity recognition</title>
		<author>
			<persName><forename type="first">Ling</forename><surname>Luo</surname></persName>
		</author>
		<author>
			<persName><forename type="first">Zhihao</forename><surname>Yang</surname></persName>
		</author>
		<author>
			<persName><forename type="first">Pei</forename><surname>Yang</surname></persName>
		</author>
		<author>
			<persName><forename type="first">Yin</forename><surname>Zhang</surname></persName>
		</author>
		<author>
			<persName><forename type="first">Lei</forename><surname>Wang</surname></persName>
		</author>
		<author>
			<persName><forename type="first">Hongfei</forename><surname>Lin</surname></persName>
		</author>
		<author>
			<persName><forename type="first">Jian</forename><surname>Wang</surname></persName>
		</author>
	</analytic>
	<monogr>
		<title level="j">Bioinformatics</title>
		<imprint>
			<biblScope unit="volume">34</biblScope>
			<biblScope unit="issue">8</biblScope>
			<biblScope unit="page" from="1381" to="1388" />
			<date type="published" when="2018">2018</date>
		</imprint>
	</monogr>
	<note type="raw_reference">Ling Luo, Zhihao Yang, Pei Yang, Yin Zhang, Lei Wang, Hongfei Lin, and Jian Wang. 2018. An attention-based bilstm-crf approach to document- level chemical named entity recognition. Bioinfor- matics, 34(8):1381-1388.</note>
</biblStruct>

<biblStruct xml:id="b31">
	<analytic>
		<title level="a" type="main">Jointly learning explainable rules for recommendation with knowledge graph</title>
		<author>
			<persName><forename type="first">Weizhi</forename><surname>Ma</surname></persName>
		</author>
		<author>
			<persName><forename type="first">Min</forename><surname>Zhang</surname></persName>
		</author>
		<author>
			<persName><forename type="first">Yue</forename><surname>Cao</surname></persName>
		</author>
		<author>
			<persName><forename type="first">Woojeong</forename><surname>Jin</surname></persName>
		</author>
		<author>
			<persName><forename type="first">Chenyang</forename><surname>Wang</surname></persName>
		</author>
		<author>
			<persName><forename type="first">Yiqun</forename><surname>Liu</surname></persName>
		</author>
		<author>
			<persName><forename type="first">Shaoping</forename><surname>Ma</surname></persName>
		</author>
		<author>
			<persName><forename type="first">Xiang</forename><surname>Ren</surname></persName>
		</author>
	</analytic>
	<monogr>
		<title level="m">The World Wide Web Conference</title>
				<imprint>
			<date type="published" when="2019">2019</date>
			<biblScope unit="page" from="1210" to="1221" />
		</imprint>
	</monogr>
	<note type="raw_reference">Weizhi Ma, Min Zhang, Yue Cao, Woojeong Jin, Chenyang Wang, Yiqun Liu, Shaoping Ma, and Xi- ang Ren. 2019. Jointly learning explainable rules for recommendation with knowledge graph. In The World Wide Web Conference, pages 1210-1221.</note>
</biblStruct>

<biblStruct xml:id="b32">
	<monogr>
		<author>
			<persName><forename type="first">Ravina</forename><surname>Mithe</surname></persName>
		</author>
		<author>
			<persName><forename type="first">Supriya</forename><surname>Indalkar</surname></persName>
		</author>
		<author>
			<persName><forename type="first">Nilam</forename><surname>Divekar</surname></persName>
		</author>
		<title level="m">Optical character recognition. International journal of recent technology and engineering (IJRTE)</title>
				<imprint>
			<date type="published" when="2013">2013</date>
			<biblScope unit="volume">2</biblScope>
			<biblScope unit="page" from="72" to="75" />
		</imprint>
	</monogr>
	<note type="raw_reference">Ravina Mithe, Supriya Indalkar, and Nilam Divekar. 2013. Optical character recognition. Interna- tional journal of recent technology and engineering (IJRTE), 2(1):72-75.</note>
</biblStruct>

<biblStruct xml:id="b33">
	<monogr>
		<title level="m" type="main">Attention-based joint detection of object and semantic part</title>
		<author>
			<persName><forename type="first">Keval</forename><surname>Morabia</surname></persName>
		</author>
		<author>
			<persName><forename type="first">Jatin</forename><surname>Arora</surname></persName>
		</author>
		<author>
			<persName><forename type="first">Tara</forename><surname>Vijaykumar</surname></persName>
		</author>
		<idno type="arXiv">arXiv:2007.02419</idno>
		<imprint>
			<date type="published" when="2020">2020</date>
		</imprint>
	</monogr>
	<note type="report_type">arXiv preprint</note>
	<note type="raw_reference">Keval Morabia, Jatin Arora, and Tara Vijaykumar. 2020. Attention-based joint detection of object and seman- tic part. arXiv preprint arXiv:2007.02419.</note>
</biblStruct>

<biblStruct xml:id="b34">
	<analytic>
		<title level="a" type="main">Object detection and localization using local and global features</title>
		<author>
			<persName><forename type="first">Kevin</forename><surname>Murphy</surname></persName>
		</author>
		<author>
			<persName><forename type="first">Antonio</forename><surname>Torralba</surname></persName>
		</author>
		<author>
			<persName><forename type="first">Daniel</forename><surname>Eaton</surname></persName>
		</author>
		<author>
			<persName><forename type="first">William</forename><surname>Freeman</surname></persName>
		</author>
	</analytic>
	<monogr>
		<title level="m">Toward Category-Level Object Recognition</title>
				<imprint>
			<publisher>Springer</publisher>
			<date type="published" when="2006">2006</date>
			<biblScope unit="page" from="382" to="400" />
		</imprint>
	</monogr>
	<note type="raw_reference">Kevin Murphy, Antonio Torralba, Daniel Eaton, and William Freeman. 2006. Object detection and local- ization using local and global features. In Toward Category-Level Object Recognition, pages 382-400. Springer.</note>
</biblStruct>

<biblStruct xml:id="b35">
	<analytic>
		<title level="a" type="main">Stalker: Learning extraction rules for semistructured, web-based information sources</title>
		<author>
			<persName><forename type="first">Ion</forename><surname>Muslea</surname></persName>
		</author>
		<author>
			<persName><forename type="first">Steve</forename><surname>Minton</surname></persName>
		</author>
		<author>
			<persName><forename type="first">Craig</forename><surname>Knoblock</surname></persName>
		</author>
	</analytic>
	<monogr>
		<title level="m">Proceedings of AAAI-98 Workshop on AI and Information Integration</title>
				<meeting>AAAI-98 Workshop on AI and Information Integration</meeting>
		<imprint>
			<publisher>AAAI Press</publisher>
			<date type="published" when="1998">1998</date>
			<biblScope unit="page" from="74" to="81" />
		</imprint>
	</monogr>
	<note type="raw_reference">Ion Muslea, Steve Minton, and Craig Knoblock. 1998. Stalker: Learning extraction rules for semistructured, web-based information sources. In Proceedings of AAAI-98 Workshop on AI and Information Integra- tion, pages 74-81. AAAI Press.</note>
</biblStruct>

<biblStruct xml:id="b36">
	<monogr>
		<author>
			<persName><forename type="first">Joseph</forename><surname>Redmon</surname></persName>
		</author>
		<author>
			<persName><forename type="first">Ali</forename><surname>Farhadi</surname></persName>
		</author>
		<idno type="arXiv">arXiv:1804.02767</idno>
		<title level="m">Yolov3: An incremental improvement</title>
				<imprint>
			<date type="published" when="2018">2018</date>
		</imprint>
	</monogr>
	<note type="report_type">arXiv preprint</note>
	<note type="raw_reference">Joseph Redmon and Ali Farhadi. 2018. Yolov3: An incremental improvement. arXiv preprint arXiv:1804.02767.</note>
</biblStruct>

<biblStruct xml:id="b37">
	<analytic>
		<title level="a" type="main">A cnn-bilstm model for document-level sentiment analysis</title>
		<author>
			<persName><forename type="first">Maryem</forename><surname>Rhanoui</surname></persName>
		</author>
		<author>
			<persName><forename type="first">Mounia</forename><surname>Mikram</surname></persName>
		</author>
		<author>
			<persName><forename type="first">Siham</forename><surname>Yousfi</surname></persName>
		</author>
		<author>
			<persName><forename type="first">Soukaina</forename><surname>Barzali</surname></persName>
		</author>
	</analytic>
	<monogr>
		<title level="j">Machine Learning and Knowledge Extraction</title>
		<imprint>
			<biblScope unit="volume">1</biblScope>
			<biblScope unit="issue">3</biblScope>
			<biblScope unit="page" from="832" to="847" />
			<date type="published" when="2019">2019</date>
		</imprint>
	</monogr>
	<note type="raw_reference">Maryem Rhanoui, Mounia Mikram, Siham Yousfi, and Soukaina Barzali. 2019. A cnn-bilstm model for document-level sentiment analysis. Machine Learn- ing and Knowledge Extraction, 1(3):832-847.</note>
</biblStruct>

<biblStruct xml:id="b38">
	<analytic>
		<title level="a" type="main">Bidirectional recurrent neural networks</title>
		<author>
			<persName><forename type="first">Mike</forename><surname>Schuster</surname></persName>
		</author>
		<author>
			<persName><forename type="first">Kuldip K</forename><surname>Paliwal</surname></persName>
		</author>
	</analytic>
	<monogr>
		<title level="j">IEEE transactions on Signal Processing</title>
		<imprint>
			<biblScope unit="volume">45</biblScope>
			<biblScope unit="issue">11</biblScope>
			<biblScope unit="page" from="2673" to="2681" />
			<date type="published" when="1997">1997</date>
		</imprint>
	</monogr>
	<note type="raw_reference">Mike Schuster and Kuldip K Paliwal. 1997. Bidirec- tional recurrent neural networks. IEEE transactions on Signal Processing, 45(11):2673-2681.</note>
</biblStruct>

<biblStruct xml:id="b39">
	<analytic>
		<title level="a" type="main">Viper: augmenting automatic information extraction with visual perceptions</title>
		<author>
			<persName><forename type="first">Kai</forename><surname>Simon</surname></persName>
		</author>
		<author>
			<persName><forename type="first">Georg</forename><surname>Lausen</surname></persName>
		</author>
	</analytic>
	<monogr>
		<title level="m">Proceedings of the 14th ACM international conference on Information and knowledge management</title>
				<meeting>the 14th ACM international conference on Information and knowledge management</meeting>
		<imprint>
			<date type="published" when="2005">2005</date>
			<biblScope unit="page" from="381" to="388" />
		</imprint>
	</monogr>
	<note type="raw_reference">Kai Simon and Georg Lausen. 2005. Viper: augmenting automatic information extraction with visual percep- tions. In Proceedings of the 14th ACM international conference on Information and knowledge manage- ment, pages 381-388.</note>
</biblStruct>

<biblStruct xml:id="b40">
	<analytic>
		<title level="a" type="main">Learning information extraction rules for semi-structured and free text</title>
		<author>
			<persName><forename type="first">Stephen</forename><surname>Soderland</surname></persName>
		</author>
	</analytic>
	<monogr>
		<title level="j">Machine learning</title>
		<imprint>
			<biblScope unit="volume">34</biblScope>
			<biblScope unit="issue">1-3</biblScope>
			<biblScope unit="page" from="233" to="272" />
			<date type="published" when="1999">1999</date>
		</imprint>
	</monogr>
	<note type="raw_reference">Stephen Soderland. 1999. Learning information extrac- tion rules for semi-structured and free text. Machine learning, 34(1-3):233-272.</note>
</biblStruct>

<biblStruct xml:id="b41">
	<analytic>
		<title level="a" type="main">Corpus conversion service: A machine learning platform to ingest documents at scale</title>
		<author>
			<persName><forename type="first">Michele</forename><surname>Peter Wj Staar</surname></persName>
		</author>
		<author>
			<persName><forename type="first">Christoph</forename><surname>Dolfi</surname></persName>
		</author>
		<author>
			<persName><forename type="first">Costas</forename><surname>Auer</surname></persName>
		</author>
		<author>
			<persName><surname>Bekas</surname></persName>
		</author>
	</analytic>
	<monogr>
		<title level="m">Proceedings of the 24th ACM SIGKDD International Conference on Knowledge Discovery &amp; Data Mining</title>
				<meeting>the 24th ACM SIGKDD International Conference on Knowledge Discovery &amp; Data Mining</meeting>
		<imprint>
			<date type="published" when="2018">2018</date>
			<biblScope unit="page" from="774" to="782" />
		</imprint>
	</monogr>
	<note type="raw_reference">Peter WJ Staar, Michele Dolfi, Christoph Auer, and Costas Bekas. 2018. Corpus conversion service: A machine learning platform to ingest documents at scale. In Proceedings of the 24th ACM SIGKDD International Conference on Knowledge Discovery &amp; Data Mining, pages 774-782.</note>
</biblStruct>

<biblStruct xml:id="b42">
	<analytic>
		<title level="a" type="main">Selective search for object recognition</title>
		<author>
			<persName><surname>Jasper Rr Uijlings</surname></persName>
		</author>
		<author>
			<persName><forename type="first">E</forename><forename type="middle">A</forename><surname>Koen</surname></persName>
		</author>
		<author>
			<persName><forename type="first">Theo</forename><surname>Van De Sande</surname></persName>
		</author>
		<author>
			<persName><forename type="first">Arnold</forename><forename type="middle">Wm</forename><surname>Gevers</surname></persName>
		</author>
		<author>
			<persName><surname>Smeulders</surname></persName>
		</author>
	</analytic>
	<monogr>
		<title level="j">International journal of computer vision</title>
		<imprint>
			<biblScope unit="volume">104</biblScope>
			<biblScope unit="issue">2</biblScope>
			<biblScope unit="page" from="154" to="171" />
			<date type="published" when="2013">2013</date>
		</imprint>
	</monogr>
	<note type="raw_reference">Jasper RR Uijlings, Koen EA Van De Sande, Theo Gev- ers, and Arnold WM Smeulders. 2013. Selective search for object recognition. International journal of computer vision, 104(2):154-171.</note>
</biblStruct>

<biblStruct xml:id="b43">
	<analytic>
		<title level="a" type="main">Automated metadata and instance extraction from news web sites</title>
		<author>
			<persName><forename type="first">Srinivas</forename><surname>Vadrevu</surname></persName>
		</author>
		<author>
			<persName><forename type="first">Saravanakumar</forename><surname>Nagarajan</surname></persName>
		</author>
		<author>
			<persName><forename type="first">Fatih</forename><surname>Gelgi</surname></persName>
		</author>
		<author>
			<persName><forename type="first">Hasan</forename><surname>Davulcu</surname></persName>
		</author>
	</analytic>
	<monogr>
		<title level="m">The 2005 IEEE/WIC/ACM International Conference on Web Intelligence (WI&apos;05)</title>
				<imprint>
			<publisher>IEEE</publisher>
			<date type="published" when="2005">2005</date>
			<biblScope unit="page" from="38" to="41" />
		</imprint>
	</monogr>
	<note type="raw_reference">Srinivas Vadrevu, Saravanakumar Nagarajan, Fatih Gelgi, and Hasan Davulcu. 2005. Automated meta- data and instance extraction from news web sites. In The 2005 IEEE/WIC/ACM International Conference on Web Intelligence (WI&apos;05), pages 38-41. IEEE.</note>
</biblStruct>

<biblStruct xml:id="b44">
	<analytic>
		<title level="a" type="main">Attention is all you need</title>
		<author>
			<persName><forename type="first">Ashish</forename><surname>Vaswani</surname></persName>
		</author>
		<author>
			<persName><forename type="first">Noam</forename><surname>Shazeer</surname></persName>
		</author>
		<author>
			<persName><forename type="first">Niki</forename><surname>Parmar</surname></persName>
		</author>
		<author>
			<persName><forename type="first">Jakob</forename><surname>Uszkoreit</surname></persName>
		</author>
		<author>
			<persName><forename type="first">Llion</forename><surname>Jones</surname></persName>
		</author>
		<author>
			<persName><forename type="first">Aidan</forename><forename type="middle">N</forename><surname>Gomez</surname></persName>
		</author>
		<author>
			<persName><forename type="first">Łukasz</forename><surname>Kaiser</surname></persName>
		</author>
		<author>
			<persName><forename type="first">Illia</forename><surname>Polosukhin</surname></persName>
		</author>
	</analytic>
	<monogr>
		<title level="m">Advances in neural information processing systems</title>
				<imprint>
			<date type="published" when="2017">2017</date>
			<biblScope unit="page" from="5998" to="6008" />
		</imprint>
	</monogr>
	<note type="raw_reference">Ashish Vaswani, Noam Shazeer, Niki Parmar, Jakob Uszkoreit, Llion Jones, Aidan N Gomez, Łukasz Kaiser, and Illia Polosukhin. 2017. Attention is all you need. In Advances in neural information pro- cessing systems, pages 5998-6008.</note>
</biblStruct>

<biblStruct xml:id="b45">
	<monogr>
		<title/>
		<author>
			<persName><forename type="first">Petar</forename><surname>Veličković</surname></persName>
		</author>
		<author>
			<persName><forename type="first">Guillem</forename><surname>Cucurull</surname></persName>
		</author>
		<author>
			<persName><forename type="first">Arantxa</forename><surname>Casanova</surname></persName>
		</author>
		<author>
			<persName><forename type="first">Adriana</forename><surname>Romero</surname></persName>
		</author>
		<author>
			<persName><forename type="first">Pietro</forename><surname>Lio</surname></persName>
		</author>
		<author>
			<persName><forename type="first">Yoshua</forename><surname>Bengio</surname></persName>
		</author>
		<idno type="arXiv">arXiv:1710.10903</idno>
		<imprint>
			<date type="published" when="2017">2017</date>
		</imprint>
	</monogr>
	<note type="report_type">Graph attention networks. arXiv preprint</note>
	<note type="raw_reference">Petar Veličković, Guillem Cucurull, Arantxa Casanova, Adriana Romero, Pietro Lio, and Yoshua Bengio. 2017. Graph attention networks. arXiv preprint arXiv:1710.10903.</note>
</biblStruct>

<biblStruct xml:id="b46">
	<analytic>
		<title level="a" type="main">Deep reader: Information extraction from document images via relation extraction and natural language</title>
		<author>
			<persName><forename type="first">Rohit</forename><surname>Vishwanath</surname></persName>
		</author>
		<author>
			<persName><forename type="first">Gunjan</forename><surname>Rahul</surname></persName>
		</author>
		<author>
			<persName><forename type="first">Arindam</forename><surname>Sehgal</surname></persName>
		</author>
		<author>
			<persName><forename type="first">Monika</forename><surname>Chowdhury</surname></persName>
		</author>
		<author>
			<persName><forename type="first">Lovekesh</forename><surname>Sharma</surname></persName>
		</author>
		<author>
			<persName><forename type="first">Gautam</forename><surname>Vig</surname></persName>
		</author>
		<author>
			<persName><forename type="first">Ashwin</forename><surname>Shroff</surname></persName>
		</author>
		<author>
			<persName><surname>Srinivasan</surname></persName>
		</author>
	</analytic>
	<monogr>
		<title level="m">Asian Conference on Computer Vision</title>
				<imprint>
			<publisher>Springer</publisher>
			<date type="published" when="2018">2018</date>
			<biblScope unit="page" from="186" to="201" />
		</imprint>
	</monogr>
	<note type="raw_reference">D Vishwanath, Rohit Rahul, Gunjan Sehgal, Arindam Chowdhury, Monika Sharma, Lovekesh Vig, Gau- tam Shroff, Ashwin Srinivasan, et al. 2018. Deep reader: Information extraction from document im- ages via relation extraction and natural language. In Asian Conference on Computer Vision, pages 186- 201. Springer.</note>
</biblStruct>

<biblStruct xml:id="b47">
	<analytic>
		<title level="a" type="main">Automatic web content extraction by combination of learning and grouping</title>
		<author>
			<persName><forename type="first">Shanchan</forename><surname>Wu</surname></persName>
		</author>
		<author>
			<persName><forename type="first">Jerry</forename><surname>Liu</surname></persName>
		</author>
		<author>
			<persName><forename type="first">Jian</forename><surname>Fan</surname></persName>
		</author>
	</analytic>
	<monogr>
		<title level="m">Proceedings of the 24th international conference on World Wide Web</title>
				<meeting>the 24th international conference on World Wide Web</meeting>
		<imprint>
			<date type="published" when="2015">2015</date>
			<biblScope unit="page" from="1264" to="1274" />
		</imprint>
	</monogr>
	<note type="raw_reference">Shanchan Wu, Jerry Liu, and Jian Fan. 2015. Automatic web content extraction by combination of learning and grouping. In Proceedings of the 24th interna- tional conference on World Wide Web, pages 1264- 1274.</note>
</biblStruct>

<biblStruct xml:id="b48">
	<analytic>
		<title level="a" type="main">Image captioning with semantic attention</title>
		<author>
			<persName><forename type="first">Quanzeng</forename><surname>You</surname></persName>
		</author>
		<author>
			<persName><forename type="first">Hailin</forename><surname>Jin</surname></persName>
		</author>
		<author>
			<persName><forename type="first">Zhaowen</forename><surname>Wang</surname></persName>
		</author>
		<author>
			<persName><forename type="first">Chen</forename><surname>Fang</surname></persName>
		</author>
		<author>
			<persName><forename type="first">Jiebo</forename><surname>Luo</surname></persName>
		</author>
	</analytic>
	<monogr>
		<title level="m">Proceedings of the IEEE conference on computer vision and pattern recognition</title>
				<meeting>the IEEE conference on computer vision and pattern recognition</meeting>
		<imprint>
			<date type="published" when="2016">2016</date>
			<biblScope unit="page" from="4651" to="4659" />
		</imprint>
	</monogr>
	<note type="raw_reference">Quanzeng You, Hailin Jin, Zhaowen Wang, Chen Fang, and Jiebo Luo. 2016. Image captioning with seman- tic attention. In Proceedings of the IEEE conference on computer vision and pattern recognition, pages 4651-4659.</note>
</biblStruct>

<biblStruct xml:id="b49">
	<monogr>
		<title level="m" type="main">Simplified dom trees for transferable attribute extraction from the web</title>
		<author>
			<persName><forename type="first">Yichao</forename><surname>Zhou</surname></persName>
		</author>
		<author>
			<persName><forename type="first">Ying</forename><surname>Sheng</surname></persName>
		</author>
		<author>
			<persName><forename type="first">Nguyen</forename><surname>Vo</surname></persName>
		</author>
		<author>
			<persName><forename type="first">Nick</forename><surname>Edmonds</surname></persName>
		</author>
		<author>
			<persName><forename type="first">Sandeep</forename><surname>Tata</surname></persName>
		</author>
		<idno type="arXiv">arXiv:2101.02415</idno>
		<imprint>
			<date type="published" when="2021">2021</date>
		</imprint>
	</monogr>
	<note type="report_type">arXiv preprint</note>
	<note type="raw_reference">Yichao Zhou, Ying Sheng, Nguyen Vo, Nick Edmonds, and Sandeep Tata. 2021. Simplified dom trees for transferable attribute extraction from the web. arXiv preprint arXiv:2101.02415.</note>
</biblStruct>

				</listBibl>
			</div>
		</back>
	</text>
</TEI>
