<?xml version="1.0" encoding="UTF-8"?>
<TEI xml:space="preserve" xmlns="http://www.tei-c.org/ns/1.0" 
xmlns:xsi="http://www.w3.org/2001/XMLSchema-instance" 
xsi:schemaLocation="http://www.tei-c.org/ns/1.0 https://raw.githubusercontent.com/kermitt2/grobid/master/grobid-home/schemas/xsd/Grobid.xsd"
 xmlns:xlink="http://www.w3.org/1999/xlink">
	<teiHeader xml:lang="en">
		<fileDesc>
			<titleStmt>
				<title level="a" type="main">Annotation-Scheme Reconstruction for &quot;Fake News&quot; and Japanese Fake News Dataset</title>
			</titleStmt>
			<publicationStmt>
				<publisher/>
				<availability status="unknown"><licence/></availability>
			</publicationStmt>
			<sourceDesc>
				<biblStruct>
					<analytic>
						<author>
							<persName><forename type="first">Taichi</forename><surname>Murayama</surname></persName>
							<email>taichi88@sanken.osaka-u.ac.jp</email>
							<affiliation key="aff0">
								<orgName type="institution">SANKEN Osaka University</orgName>
							</affiliation>
						</author>
						<author>
							<persName><forename type="first">Shohei</forename><surname>Hisada</surname></persName>
							<email>s-hisada@is.naist.jp</email>
							<affiliation key="aff1">
								<orgName type="institution">NARA Institute of Science and Technology</orgName>
							</affiliation>
						</author>
						<author>
							<persName><forename type="first">Makoto</forename><surname>Uehara</surname></persName>
							<email>uehara.makoto.ug2@is.naist.jp</email>
							<affiliation key="aff1">
								<orgName type="institution">NARA Institute of Science and Technology</orgName>
							</affiliation>
						</author>
						<author>
							<persName><forename type="first">Shoko</forename><surname>Wakamiya</surname></persName>
							<email>wakamiya@is.naist.jp</email>
							<affiliation key="aff1">
								<orgName type="institution">NARA Institute of Science and Technology</orgName>
							</affiliation>
						</author>
						<author>
							<persName><forename type="first">Eiji</forename><surname>Aramaki</surname></persName>
							<email>aramaki@is.naist.jp</email>
							<affiliation key="aff1">
								<orgName type="institution">NARA Institute of Science and Technology</orgName>
							</affiliation>
						</author>
						<title level="a" type="main">Annotation-Scheme Reconstruction for &quot;Fake News&quot; and Japanese Fake News Dataset</title>
					</analytic>
					<monogr>
						<imprint>
							<date/>
						</imprint>
					</monogr>
					<idno type="MD5">90F9430573D573E5232318C6F3371C7B</idno>
				</biblStruct>
			</sourceDesc>
		</fileDesc>
		<encodingDesc>
			<appInfo>
				<application version="0.7.3-SNAPSHOT" ident="GROBID" when="2023-01-12T08:39+0000">
					<desc>GROBID - A machine learning software for extracting information from scholarly documents</desc>
					<ref target="https://github.com/kermitt2/grobid"/>
				</application>
			</appInfo>
		</encodingDesc>
		<profileDesc>
			<textClass>
				<keywords>
					<term>fake news</term>
					<term>misinformation</term>
					<term>disinformation</term>
					<term>social media</term>
					<term>computational social science</term>
					<term>dataset</term>
				</keywords>
			</textClass>
			<abstract>
<div xmlns="http://www.tei-c.org/ns/1.0"><p>Fake news provokes many societal problems; therefore, there has been extensive research on fake news detection tasks to counter it. Many fake news datasets were constructed as resources to facilitate this task. Contemporary research focuses almost exclusively on the factuality aspect of the news. However, this aspect alone is insufficient to explain "fake news," which is a complex phenomenon that involves a wide range of issues. To fully understand the nature of each instance of fake news, it is important to observe it from various perspectives, such as the intention of the false news disseminator, the harmfulness of the news to our society, and the target of the news. We propose a novel annotation scheme with fine-grained labeling based on detailed investigations of existing fake news datasets to capture these various aspects of fake news. Using the annotation scheme, we construct and publish the first Japanese fake news dataset. The annotation scheme is expected to provide an in-depth understanding of fake news. We plan to build datasets for both Japanese and other languages using our scheme. Our Japanese dataset is published at https://hkefka385.github.io/dataset/fakenews-japanese/.</p></div>
			</abstract>
		</profileDesc>
	</teiHeader>
	<text xml:lang="en">
		<body>
<div xmlns="http://www.tei-c.org/ns/1.0"><head n="1.">Introduction</head><p>Fake news has caused significant damage to various fields of society, such as the economy, politics, and health problems. For example, during the 2016 U.S. presidential election, 529 different low-credibility statements <ref type="bibr" target="#b13">(Jin et al., 2017)</ref> were spread on Twitter. Moreover, 25% of the news outlets that were linked from tweets, which were either fake or extremely biased in supporting Trump or Clinton, potentially influenced the election <ref type="bibr" target="#b2">(Bovet and Makse, 2019)</ref>. Recently, the COVID-19 pandemic in 2020 resulted in the spread of disinformation and harmful content in the rapid influx of information, such as the relationship between the COVID-19 vaccine and infertility <ref type="bibr" target="#b25">(Schraer, 2021)</ref>. Fake news has become a significant crisis that threatens a wholesome society and the social media ecosystem. Previous studies have proposed various tasks to combat the social problems caused by the spread of fake news. For example, the fake news detection task aims to classify whether the news content that is spread from news articles and social media posts is false. Additionally, many fake news datasets have been constructed as resources to facilitate the task, e.g., FakeNewsNet <ref type="bibr" target="#b27">(Shu et al., 2020)</ref>, Twitter16 <ref type="bibr" target="#b18">(Ma et al., 2017)</ref>, and CoAID <ref type="bibr" target="#b6">(Cui and Lee, 2020)</ref>. These existing studies on fake news detection and the corresponding dataset construction have focused almost exclusively on the factuality aspect of the news -Can we fully understand "fake news" and various events it causes based on these datasets given factuality labels? This is exactly the motivation behind our work. To promote understanding of fake news, we consider that it is necessary to provide * equal contribution not only factual information, but also information from various perspectives, such as the intention of the false news disseminator, the harmfulness of the news to our society, and the target of the news. We propose a novel annotation scheme to capture the various perspectives of false news, and it is based on our investigations of the definition of "fake news" and existing fake news detection datasets. We annotate each news story and its social media posts using the following points: (1) factuality, (2) intention of the disseminator, (3) target, (4) method to report the target, (5) purpose, (6) potential harm to society, and (7) types of harm. These annotations from various perspectives are useful in facilitating an in-depth understanding of fake news, which is a complex phenomenon. For example, it is interesting to consider how its spreading changes depending on the disseminator knowing whether the news is false or not. The annotations also provide a significant value to real-world applications, such as building a fake news detection system that reveals the potential dangers of false information for journalists, factcheckers, policymakers, and government entities. We then construct a first Japanese fake news dataset according to the annotation scheme. The construction of this dataset will facilitate our understanding of the spread of fake news in Japan. In the future, we plan to apply this method to other fake news datasets in English and other languages. Applying our annotation scheme to fake news in multiple countries and comparing the results is expected to enable a further detailed analysis of fake news. This study makes the following contributions:</p><p>• We identify issues that need to be resolved in dataset construction through a comprehensive survey of existing fake news detection datasets.</p><p>• We propose a novel annotation scheme to capture the news from various perspectives, instead of only considering factuality.</p><p>• We construct the first Japanese fake news dataset based on the annotation scheme.</p></div>
<div xmlns="http://www.tei-c.org/ns/1.0"><head n="2.">Survey</head><p>First, we discuss the definition of "fake news" and its ambiguity. We then identify issues that need to be resolved in the dataset construction through an exhaustive survey of existing fake news detection datasets.</p><p>Our proposed annotation scheme builds on the discussions and findings in this section.</p></div>
<div xmlns="http://www.tei-c.org/ns/1.0"><head n="2.1.">Definition of Fake News</head><p>Researchers primarily employ either broad or narrow definitions of fake news.</p><p>A broad definition of fake news is that "Fake news is false news. <ref type="bibr" target="#b32">(Zhou and Zafarani, 2020</ref>)" Similarly, <ref type="bibr" target="#b16">Lazer et al. (2018)</ref> states that "fake news is fabricated information that mimics news media content in form but not in organizational process or intent." This broad definition emphasizes only information authenticity and does not consider information intention. This enables us to include different types of fake news, which can be identified by their motive or intent, such as satire and parody <ref type="bibr" target="#b24">(Rubin et al., 2015)</ref>. A few studies <ref type="bibr" target="#b28">(Vosoughi et al., 2018;</ref><ref type="bibr" target="#b12">Jin et al., 2016)</ref> leverage the broad definition of fake news.</p><p>As the narrow definition of fake news, most research emphasizes its "intention." <ref type="bibr" target="#b26">Shu et al. (2017)</ref> and Allcott and Gentzkow (2017) define fake news as "a news article that is intentionally and verifiably false." <ref type="bibr" target="#b31">Zhang and Ghorbani (2020)</ref> states that "fake news refers to all kinds of false stories or news that are mainly published and distributed on the Internet, in order to purposely mislead, befool, or lure readers for financial, political, or other gains." Many other studies <ref type="bibr" target="#b20">(Mustafaraj and Metaxas, 2017;</ref><ref type="bibr" target="#b5">Conroy et al., 2015;</ref><ref type="bibr" target="#b22">Potthast et al., 2018)</ref> have also emphasized intention in the definition of fake news. They adopt a narrow definition of fake news; nevertheless, their dataset construction only focus on the factuality of the news based on the judgment of fact-checking sites, not on the intention. Therefore, the definition of the phrase "fake news" is ambiguous, and there is some criticism of this ambiguity. For example, the British government decided that the phrase "fake news" would no longer be used in official documents because it is a poorly defined and misleading term that conflates a variety of false information <ref type="bibr">(Newsweek, 2018)</ref>. Claire Wardle, the cofounder and leader of First Draft, announced that the phrase "fake news" is woefully inadequate to describe the related issues and distinguishes between three types of information-content problems: misinformation, disinformation, and malinformation <ref type="bibr" target="#b9">(Giuliani-Hoffman, 2017)</ref>. Disinformation is related to the intention of users who create and share content, whereas malinformation is associated with the harmfulness of the information to society. Part of our annotation scheme refers to this suggestion. The concept of fake news has a variety of meanings, owing to current diverse circumstances.</p></div>
<div xmlns="http://www.tei-c.org/ns/1.0"><head n="2.2.">Issues in existing fake news detection datasets</head><p>Many datasets have been constructed for the task of fake news detection, which assesses the truthfulness of a particular piece of news from news content or social media posts. We examined 51 fake news detection datasets and identified four issues that needed to be resolved. The details of each dataset are listed in <ref type="bibr" target="#b19">Murayama (2021)</ref>.</p><p>Intention Even though many studies adopt a narrow definition of fake news, which considers the intent of the disseminators, all datasets have labels that focus only on the factual aspects of each news item, not on the intention, based on the broad definition. This situation implies a divergence between the definition of fake news in technological development and the original narrow definition of fake news. We consider that most fake news detection models that are built on existing datasets should be called "false information detection models." Additionally, news created with malicious intent aims to be more persuasive than that without such aims, and malicious users typically participate in the propagation of false news to enhance its visibility on social media <ref type="bibr" target="#b17">(Leibenstein, 1950)</ref>. This background makes it necessary to annotate the intentions of news disseminators to build a highly explainable detection model.</p><p>Harmfulness to society Fake news may have a greater or lesser detrimental effect on society. For example, parody news that is clearly false is less harmful to society; however, false news about elections or COVID-19 vaccines is very harmful, owing to its strong influence on people's decision-making. This perspective is not reflected in most existing datasets. A dataset called COVID-Alam <ref type="bibr" target="#b0">(Alam et al., 2021)</ref> annotates each COVID-19 fake news item with its degree of harm to society. We consider that it would be useful for the decision on the priority of fact-checking to make a detailed annotation to various types of news, not only COVID-19 news. For example, it is important to consider which aspects of society the news is harmful to and what the extent of the harm is. This covers the malinformation perspective mentioned by Claire Wardle.</p><p>Languages The linguistic characteristics and diffusion patterns of fake news vary according to country and language. However, the language included in most fake news datasets is English, and they primarily focus on the US society. This has occurred because although there is a growing awareness that fact-checking is an important action worldwide, there are still only a few fact-checking organizations with adequate workforce, which forms the basis for dataset construction, in countries other than the US. However, fake news detection datasets in languages other than English have also increased since the global infodemic caused by COVID-19. Of the 51 datasets that we examined, 11 included languages other than English, and 8 of them were datasets on COVID-19. The construction of a non-English fake news dataset that targets various topics leads to an analysis of fake news across languages and the identification of unique non-variant characteristics that are independent of language.</p><p>Labels 33 datasets out of 51 are assigned a binary label, fake or real, because binary classification makes machine learning models easier to apply.</p><p>Other datasets have fine-grained labels, typically more than two labels; however, the criteria vary across datasets based on the rating given by factchecking sites; e.g., Politifact has six labels (True, Mostly True, Half True, Mostly False, False, and Pants on Fire) and Snopes primarily has five labels (True, Mostly True, Mixture, Mostly False, and False.) Such variation in the categorization criterion in each dataset confuses the dataset users.</p><p>Further related to the above-mentioned issues of "intention" and "harmfulness to society," a finegrained and consistent annotation scheme is required to build a more general and robust fake news detection model.</p></div>
<div xmlns="http://www.tei-c.org/ns/1.0"><head n="3.">Annotation Scheme</head><p>We present an annotation scheme that was developed through careful discussion and insights gained from an examination of existing datasets. This section describes the key questions in our annotation. Q1-Q5 are aimed at constructing a more fine-grained labeling than the binary labeling in existing datasets or the rating given by fact-checking sites. These questions primarily cover "intention" and "labels" issues in existing datasets. Q6 and Q7, which are extensions of <ref type="bibr" target="#b0">Alam et al. (2021)</ref> applied to general news, try to identify the harmful effects on society related to the second issue. We ask annotators to answer these questions based on fact-checking articles and original texts. The reclassification of false news using the shared annotation scheme with finegrained labeling can achieve a common framework for understanding false news, which is independent of the rating of various fact-checking sites. This is also useful in building detection models that are highly interpretive.</p><p>Q1: What rating does the fact-checking site assign to the news? This is a very simple question, and it can be answered by simply searching the corresponding fact-checking site. This also plays a role in removing inappropriate annotators. Annotators generally choose a rating in the range between true and false, and the options vary depending on the fact-checking site. If the annotators select True or Half-True, it implies that they automatically skip subsequent questions (Q2-Q7) that are asked only about false news.</p><p>Q2-1: Does the news disseminator know that the news is false? This question asks for a subjective judgment. It covers "intention," which is one of the issues in existing fake news detection datasets. We ask the annotators to determine whether the spreading of fake news is intentional and classify their responses into four categories based on their observations of fact-checking articles and original social media posts. If they select yes, the news can be considered fake news following the narrow definition; note that we call them "disinformation" based on <ref type="bibr" target="#b32">Zhou and Zafarani (2020)</ref>. However, we cannot definitively regard the news as the news with malicious because it may be satire or parody news. If they select no, it means that the disseminator does not intend to spread false news, which we call "misinformation." Moreover, these decision branches are differentiated according to the degree of the annotator's belief, which is the distinction between "definitely" and "probably." Such labeling of the intention may reveal the difference in users' behavior for each type of false information, such as the type of information people spread without knowing it is false. This is also important irrespective of a study's use of the broad or narrow definition. The possible answers to Q2-1 are as follows:</p><p>1. Yes, the news disseminator definitely knows that the news is false (Disinformation) 2. Yes, the news disseminator probably knows that the news is false (Disinformation) 3. No, the news disseminator probably does not know the news is false (Misinformation) 4. No, the news disseminator definitely does not know that the news is false (Misinformation)</p><p>In addition, we set the following questions regarding the type of news, depending on the selection of Q2-1: Q2-2A: If yes (disinformation), how was the news created? This question is designed to annotate how intentionally disseminated news is created. As a result of our detailed discussion and the analysis of a previous study <ref type="bibr" target="#b29">(Wardle, 2017)</ref>, we observed that each intentionally spread news story can be classified according to at least one of four categories: fabricated content, manipulated image, manipulated text, and false context. First, these news stories can be categorized as either completely created news or news created by falsifying original resources. We call the former "fabricated content." The latter can be divided into three classes depending on the object of falsification: "manipulated image" refers to content that has been manipulated for an image or video, "manipulated text" refers to content that has been manipulated for news text or social media messages related to the news, and "false context" refers to content that is shared with false contextual information despite the content itself being genuine. The main target of false news, namely the target that is primarily affected by the fact that the news is false, is useful information for news clustering and retrieval.</p><p>The task of identifying such information has not yet been completed; however, we believe that it will be an important task to promote the understanding of fake news in the future. To enable the application of information-extraction techniques, we give the annotators the following instructions: "Extract the targets that are primarily affected by the fact that the news is false from the claim sentences on fact-checking sites or the original social media post about the false news (multiple extractions possible)." Q4: Does the news flatter or denigrate the target?</p><p>We annotate the stance that the news has toward the target, that is, flattery or denigration. Even within the category of false news, the reader's impression of good behavior news, such as donations, is very different from that of bad behavior news, such as criminal acts, even though the target has not actually done either act. This annotation provides important information for understanding the impact of fake news on society, particu-larly for analyzing the impact of fake news on polarization. The annotations are as follows:</p><p>1. Flattery 2. Denigration 3. Neither / No such intention Q5: What is the purpose of the false news? Just as some news media lean toward liberal or conservative views and report the news according to it, some false news stories are fabricated with some intention to spread the disseminator's own theory; for example, the COVID-19 vaccine is dangerous to human health.</p><p>Although the purpose of some false news items cannot be inferred, we set the following categories of false news purpose. The first category is satire or parody news for the purpose of entertaining or criticizing readers <ref type="bibr" target="#b3">(Brummette et al., 2018)</ref>. These false news stories are not commonly referred to as fake news. The second is partisan news, which is extremely one-sided or biased news that has a political context. Biasing in itself does not mean that the news is fake; however, some studies <ref type="bibr" target="#b10">(Hine et al., 2017;</ref><ref type="bibr" target="#b30">Zannettou et al., 2018)</ref> report that it has a high possibility of being false in parts of partisan news. This annotation is important to understand the relationship between partisan news and false news. The third is propaganda, which is a form of persuasion that attempts to influence the emotions, attitudes, opinions, and actions of specified target audiences for ideological, religious, and other purposes <ref type="bibr" target="#b14">(Jowett and O'donnell, 2018)</ref>. Propaganda may also include political purposes in general; however, we instruct the annotators to categorize propaganda with political purposes in the partisan category to aid distinction. This question is expected to clarify the relationship between false news and the following categories:</p><p>1. Satire / Parody 2. Partisan 3. Propaganda 4. No purpose / Unknown Q6: To what extent is the news harmful to society? This is a particularly subjective question. Its purpose is to identify news stories that can negatively affect society, including specific people and companies. Specifically, we ask the annotators to indicate the degree of harm to society on a real scale of 0-5. A score of 0 indicates that the news poses no harm to society. A score of 5 indicates that the news is definitely harmful to society. To obtain the annotators' answers, which do not vary greatly, we ask them to label the degree of harm using a combination of two perspectives: how much truth is in the text description, and how much damage may be caused by believing the news. Q7: What types of harm can the news cause? This question helps us understand what types of harm the news causes or has the potential to cause. We set up seven categories of harm that fake news can cause, and we added the option "not sure" for cases in which a decision cannot be made. The categories are described Figure <ref type="figure">2</ref>: The targeting content describes how to eat oysters for the prevention of food poisoning. The fact checker notes that the method prescribed for eating does not reduce the likelihood of food poisoning.</p><p>below. Some news stories may be aligned with more than one category; however, we ask the annotators to choose one category that they consider the most appropriate.</p><p>1. Harmless (e.g., Satire / Parody) 2. Confusion and anxiety about society 3. Threat to honor and trust in people and companies 4. Threat to correct understanding of politics and social events 5. Health 6. Prejudice against country and race 7. Conspiracy Theory 8. Not sure 4. Japanese Fake News Dataset</p></div>
<div xmlns="http://www.tei-c.org/ns/1.0"><head n="4.1.">Original Data</head><p>To construct the Japanese fake news dataset following our annotation scheme, we first collected verified ar-ticles published in Fact Check Initiative Japan <ref type="bibr">(Japan, )</ref>. We targeted the news that was spread on Twitter via these verified articles. And we manually searched for posts or news articles that triggered the spread of false information using Twitter search function. We asked the annotators to annotate 307 news stories, which were featured by Fact Check Initiative Japan between July 2019 and October 2021. Examples of these annotations are shown in Figures <ref type="figure" target="#fig_0">1 and 2</ref>.</p></div>
<div xmlns="http://www.tei-c.org/ns/1.0"><head n="4.1.1.">Annotation</head><p>As a pilot annotation, four annotators independently annotated 20 examples and attempted to resolve cases of disagreement in a meeting. Based on their discussions, the annotation scheme and guidelines were refined. Finally, we asked three annotators to answer the questions introduced in the Annotation section regarding the 307 verified news stories by checking the verification articles, triggered posts, and news articles. In the annotation process, we calculated the inter-annotator agreement using Fleiss' kappa. The results show that Fleiss' Kappa was generally high for each question. For example, it was higher than 0.8 for Q2-1 and 0.7 for Q4. Additionally, it was higher than 0.6 for Q7, for which eight options exist. In contrast, Fleiss' kappa for Q2-2A and Q2-2B, which were subjective questions, was approximately 0.5. Note that kappa values of 0.21-0.40, 0.41-0.60, 0.61-0.80, and 0.81-1.0, correspond to fair, moderate, substantial, and perfect agreement, respectively <ref type="bibr" target="#b15">(Landis and Koch, 1977)</ref>.</p></div>
<div xmlns="http://www.tei-c.org/ns/1.0"><head n="4.1.2.">Data statistics</head><p>Table <ref type="table">1</ref> shows relevant statistics on the annotations. Q1 shows the distribution of the fact-checking judgment for each news story. Most articles selected by Japanese fact-checking organizations for verification are false stories. Thus, the selection of articles by Japan's factchecking organization is biased (only five news stories are true). For Q2-1, the labels "disinformation" and "misinformation" were applied to 13% and 87% of the news stories, respectively. In most cases, the disseminator was unaware that the news was false. The class distribution of Q2-2A, for which only the news stories labeled as disinformation were annotated, is relatively balanced. In Q2-2B, for misinformation, "inadequate understanding" accounts for approximately half of the annotations. For Q4, which asks whether the news flatters or denigrates the target, the distribution is skewed towards "denigration" in 60% of the news stories. This suggests that most false news is written to discredit people. For Q5, which asks what the purpose of the false news is, most news stories are labeled as "no purpose / Unknown." Propaganda and partisan false news were identified in approximately 20% of news stories each. For Q6, the extent to which the news is harmful to society, the annotators chose average scales of 1-2 and 2-3 for many false news stories from a range of 0-5. For Q7, which asks what types of harm the news has, the majority of news stories are labeled as Table <ref type="table">1</ref>: Distribution of the Japanese fake news dataset.</p><p>In the rows with a question, we show the total number of annotations. "threat to honor and trust in people and companies" (36%). Most news stories labeled as "health" are related to COVID-19. The "harmless" and "conspiracy theory" labels only constitute a small percent of new stories. Our fine-grained annotations can be a useful tool for understanding false news trends in the target country.</p><p>In addition to the annotation results, we collected posts and related context information on 186 news stories that triggered the spread of false information from Twitter using Twitter Search API. The data we collected from Twitter included 471,446 tweets (2,534 tweets per news story), 277,106 users (1,489 users per news story), and 17,401 conversations (93 conversations per news story). We publish these annotation results, the collected tweet IDs, fact-checked articles, and other related information in https://hkefka385. github.io/dataset/fakenews-japanese/. Figure <ref type="figure">3</ref>: Word cloud for "Q2-1: Does the news disseminator know that the news is false?"</p></div>
<div xmlns="http://www.tei-c.org/ns/1.0"><head n="5.">Analysis of the Japanese Fake news dataset</head><p>Our dataset includes multi-dimensional information related to news content and social context. We provide some preliminary quantitative analyses to illustrate the characteristics of the dataset. In general, we analyze news stories from the perspectives of true and fake. However, our dataset includes few news stories labeled as true; therefore, this section primarily focuses on the news stories from the perspectives of misinformation and disinformation obtained from Q2-1. Note that the analysis does not cover most fake news in Japan, but only news verified by fact-checking organizations. Thus, a bias in the news stories may exist.</p></div>
<div xmlns="http://www.tei-c.org/ns/1.0"><head n="5.1.">Tweet contents</head><p>We aim to understand what news story topics spread in each category. Therefore, we created a word cloud from the contents of each tweet that spreads most extensively on Twitter according to each news story.</p><p>From Figure <ref type="figure">3</ref>, we can observe the contents of the disinformation and misinformation in the news stories based on the labels used for Q2-1. The word "日本 (Japan)" is prominent in both word clouds. In particular, in Figure <ref type="figure">3</ref>(a), the word cloud for news stories labeled disinformation contains the words "コロナ (corona)" and "ワクチン (vaccination)," which are related to COVID-19. However, the word cloud for news stories labeled misinformation in Figure <ref type="figure">3</ref>(b) contains the words "中国 (China)" and "バイデン (Biden)," which are related to names of foreign people and countries.</p><p>Figure <ref type="figure" target="#fig_3">4</ref> shows the word clouds for news stories based on Q7, which asks what types of harm the news can cause. Figure <ref type="figure" target="#fig_3">4</ref>(a), which exhibits a word cloud on news stories labeled as confusion and anxiety about society, has the words "感染 (infection)," "死亡 (death)," and "反応 (reaction)," which describe anxiety about COVID-19 and its vaccines. Figure <ref type="figure" target="#fig_3">4</ref>(b), which displays a word cloud on news stories labeled as a threat to honor and trust in people and companies, includes the words "大阪市 (Osaka city, a regional city in Japan)." This suggests that false news stories about local elections and the government in Osaka can be attributed to this category. Figure <ref type="figure" target="#fig_3">4</ref>(c), which shows a word cloud on news stories labeled as a threat to the correct understanding of politics and social events, includes the words "中国 (China)," and "バイデン (Biden)." This indicates that news stories that promote a false understanding of foreign events in China and the US are being spread. Figure <ref type="figure" target="#fig_3">4</ref>(d), which displays a word cloud on news stories labeled health, includes the words "コ ロナ (corona)" and "ワクチン (vaccination)," which are related to COVID-19 events. Figure <ref type="figure" target="#fig_3">4</ref>(e), which exhibits a word cloud on news stories labeled as prejudice against country and race, has the words "中国 (China)," and "中国人 (Chinese)." This suggests that there is a lot of false news that may cause prejudice against China. Figure <ref type="figure" target="#fig_3">4</ref>(f), which shows a word cloud on news stories labeled conspiracy theory, includes the words "ビッグ (big)" and "発表 (state)." It seems that these words are often used when people want to spread conspiracy theories.</p></div>
<div xmlns="http://www.tei-c.org/ns/1.0"><head n="5.2.">Sentiment of responses</head><p>People express their emotions or opinions about false news through social media posts, such as skeptical opinions and sensational reactions. These features are important signals for the study of false news in general <ref type="bibr" target="#b23">(Qazvinian et al., 2011;</ref><ref type="bibr" target="#b12">Jin et al., 2016)</ref>.</p><p>We performed sentiment analysis on the replies to user posts that spread false news using the sentiment classification API in Amazon Comprehend <ref type="bibr">(Comprehend, )</ref>, which leverages a pretraining language model. This API classifies emotions from the input text into one of four categories: positive, negative, neutral, or mixed.</p><p>Figure <ref type="figure">5</ref> shows the relationship between the positive, neutral, and negative replies to news stories from the perspectives of disinformation and misinformation obtained from Q2-1. It represents the ratio of sentiments (positive, negative, or neutral), which are predicted from all the replies to the related tweets of each news story. The ternary plots of both disinformation and misinformation show that most replies to each news item are neutral instead of emotional responses. An analysis of the emotional replies shows that although some news stories that were labeled misinformation had a high ratio of positive replies, most news stories had more negative replies. It is suggested that false news is likely to cause negative emotions, regardless of misinformation and disinformation.</p><formula xml:id="formula_0">! "! ! "# ! "$ ! "% ! "&amp; ' "! ! "! ! "# ! "$ ! "% ! "&amp; ' "! ! "! ! "# ! "$ ! "% ! "&amp; ' "!<label>(</label></formula></div>
<div xmlns="http://www.tei-c.org/ns/1.0"><head n="5.3.">User profiles</head><p>We aim to analyze the users who spread false information. False news dissemination processes and user information are effective for fake news detection and understanding the formation of an echo chamber cycle <ref type="bibr" target="#b8">(Del Vicario et al., 2016)</ref>. Figure <ref type="figure" target="#fig_4">6</ref> shows the distribution of the count of follow-Figure <ref type="figure">7</ref>: The distribution of the time that elapsed since the user account creation date from two perspectives: disinformation and misinformation ers and followees of 20,000 users, who were randomly selected from users who posted news stories labeled as disinformation or misinformation. Users who spread disinformation tend to have more followers than those who spread misinformation. The follower and followee counts of the users generally follow a power-law distribution, which is commonly observed in social network structures. There is a spike around 5,000 in the followee count distribution for both, owing to Twitter restrictions.</p><p>Figure <ref type="figure">7</ref> shows the distribution of the time that has elapsed since each user created their account. The distributions for disinformation and misinformation are similar. However, when compared with reports on the distribution of users that spread false news in the US <ref type="bibr" target="#b27">(Shu et al., 2020)</ref>, our results exhibit two features. One is that few users have created accounts less than a year ago. Another feature is that users who had been using Twitter for more than 10 years accounted for a large portion of disinformation and misinformation disseminators. We believe that these characteristics are due to the fact that social media "bot accounts" are less active in Japan than in the US.</p><p>Finally, we investigated the ratio between "bot accounts" and human users that were involved in tweets related to misinformation and disinformation. We randomly selected 10,000 users from each category and performed bot detection using the Botometer API <ref type="bibr" target="#b7">(Davis et al., 2016)</ref>. As a result, the ratio of "bot accounts" to human users is similar in the two categories: approximately 8% for disinformation and 6% for misinformation. However, a comparison of reports on the ratio of bot users that spread false news in the US <ref type="bibr" target="#b27">(Shu et al., 2020)</ref> and Japan shows that there are fewer bot users in Japan. Specifically, almost 22% of users that disseminate false news are bots in the US, whereas the corresponding percentage for Japanese users is less than 10%.</p></div>
<div xmlns="http://www.tei-c.org/ns/1.0"><head n="6.">Conclusion and Future Work</head><p>We proposed a novel annotation scheme to capture false news from various perspectives based on our investigations of the definition of "fake news" and existing fake news detection datasets. We expect to reach an in-depth understanding of the phenomenon of "fake news" using our annotation scheme, which utilizes fine-grained labeling that incorporates intent, negative social impact, targeting, and uniform labeling, and extends beyond factuality. Subsequently, the first Japanese fake news dataset was constructed based on the annotation scheme to facilitate the study of fake news in Japan. However, our Japanese fake news dataset is limited by a small sample size, owing to the small number of factchecking articles that have been created. To mitigate this limitation, we will continue to expand the dataset. Furthermore, we will use our annotation scheme to construct datasets for false news in other languages. These research endeavors will enable the following future studies:</p><p>• An examination of the extent to which existing fake news detection models and language models can classify the labels assigned to our annotation scheme from social media posts. This is an important task to understand the limits of what machine learning methods can automatically classify. Although we were not able to conduct this investigation, owing to the small sample size of our constructed dataset in this study, we can proceed with this investigation in future work by extending our dataset.</p><p>• A comparison of the characteristics of fake news, such as the linguistic patterns and its diffusion patterns, across multiple countries. This task has rarely been performed. Section 5.3 compared statistics on the users who spread fake news from the existing English fake news dataset and our dataset. The construction of fake news datasets in other languages using the same scheme can enable multi-country comparisons on a more extensive scale. This may help us discover the unknown properties of fake news.</p></div><figure xmlns="http://www.tei-c.org/ns/1.0" xml:id="fig_0"><head>Figure 1 :</head><label>1</label><figDesc>Figure 1: Original tweet and the corresponding factchecking article of its targeting for our annotation are shown on the left. Labeled information by our annotation is shown on the right. The targeting content is a video of a party debate attached by a social media influencer on Twitter. It is stated in the fact checker's judgment that this video creates a bad impression of the opposition leader (Mr. Edano) because it omits parts of the debate.</figDesc><graphic coords="5,79.18,337.64,71.99,78.60" type="bitmap" /></figure>
<figure xmlns="http://www.tei-c.org/ns/1.0" xml:id="fig_1"><head>Q1:</head><label></label><figDesc>What rating does the fact-checking site attribute to the newsDoes the news disseminator know that the news is false? 301 1. Yes, the news disseminator definitely knows that 20 the news is false. (Disinformation) 2. Yes, the news disseminator probably knows 19 that the news is false. (Disinformation) 3. No, the news disseminator probably does not knows 155 that the news is false. (Misinformation) 4. No, the news disseminator definitely does not knows 107 that the news is false. (Misinformation) Q2-2A: If yes, how was the news created: If no, how does the disseminator misunderstand the news? types of harm can the news cause? 301 1. Harmless (e.g., Satire / Parody) 6 2. Confusion and anxiety about society 41 3. Threat to honor and trust in people and companies 109 4. Threat to correct understanding of politics and social events 63</figDesc></figure>
<figure xmlns="http://www.tei-c.org/ns/1.0" xml:id="fig_3"><head>Figure 4 :</head><label>4</label><figDesc>Figure 4: Word cloud for "Q7: What types of harm can the news cause?"</figDesc></figure>
<figure xmlns="http://www.tei-c.org/ns/1.0" xml:id="fig_4"><head>Figure 6 :</head><label>6</label><figDesc>Figure 5: Ternary plot of the ratio of the positive, neutral, and negative sentiment replies to tweets related to news labeled as disinformation and misinformation in "Q2-1: Does the news disseminator know that the news is false?"</figDesc><graphic coords="7,315.74,276.72,95.57,62.26" type="bitmap" /></figure>
		</body>
		<back>
			<div type="references">

				<listBibl>

<biblStruct xml:id="b0">
	<analytic>
		<title level="a" type="main">Fighting the covid-19 infodemic in social media: A holistic perspective and a call to arms</title>
		<author>
			<persName><forename type="first">F</forename><surname>Alam</surname></persName>
		</author>
		<author>
			<persName><forename type="first">F</forename><surname>Dalvi</surname></persName>
		</author>
		<author>
			<persName><forename type="first">S</forename><surname>Shaar</surname></persName>
		</author>
		<author>
			<persName><forename type="first">N</forename><surname>Durrani</surname></persName>
		</author>
		<author>
			<persName><forename type="first">H</forename><surname>Mubarak</surname></persName>
		</author>
		<author>
			<persName><forename type="first">A</forename><surname>Nikolov</surname></persName>
		</author>
		<author>
			<persName><forename type="first">G</forename><surname>Da San Martino</surname></persName>
		</author>
		<author>
			<persName><forename type="first">A</forename><surname>Abdelali</surname></persName>
		</author>
		<author>
			<persName><forename type="first">H</forename><surname>Sajjad</surname></persName>
		</author>
		<author>
			<persName><forename type="first">K</forename><surname>Darwish</surname></persName>
		</author>
	</analytic>
	<monogr>
		<title level="m">Proc. of ICWSM</title>
				<meeting>of ICWSM</meeting>
		<imprint>
			<date type="published" when="2021">2021</date>
			<biblScope unit="volume">15</biblScope>
			<biblScope unit="page" from="913" to="922" />
		</imprint>
	</monogr>
	<note type="raw_reference">Alam, F., Dalvi, F., Shaar, S., Durrani, N., Mubarak, H., Nikolov, A., Da San Martino, G., Abdelali, A., Sajjad, H., Darwish, K., et al. (2021). Fighting the covid-19 infodemic in social media: A holistic per- spective and a call to arms. In Proc. of ICWSM, vol- ume 15, pages 913-922.</note>
</biblStruct>

<biblStruct xml:id="b1">
	<analytic>
		<title level="a" type="main">Social media and fake news in the 2016 election</title>
		<author>
			<persName><forename type="first">H</forename><surname>Allcott</surname></persName>
		</author>
		<author>
			<persName><forename type="first">M</forename><surname>Gentzkow</surname></persName>
		</author>
	</analytic>
	<monogr>
		<title level="j">Journal of economic perspectives</title>
		<imprint>
			<biblScope unit="volume">31</biblScope>
			<biblScope unit="issue">2</biblScope>
			<biblScope unit="page" from="211" to="236" />
			<date type="published" when="2017">2017</date>
		</imprint>
	</monogr>
	<note type="raw_reference">Allcott, H. and Gentzkow, M. (2017). Social media and fake news in the 2016 election. Journal of eco- nomic perspectives, 31(2):211-36.</note>
</biblStruct>

<biblStruct xml:id="b2">
	<analytic>
		<title level="a" type="main">Influence of fake news in twitter during the 2016 us presidential election</title>
		<author>
			<persName><forename type="first">A</forename><surname>Bovet</surname></persName>
		</author>
		<author>
			<persName><forename type="first">H</forename><forename type="middle">A</forename><surname>Makse</surname></persName>
		</author>
	</analytic>
	<monogr>
		<title level="j">Nature communications</title>
		<imprint>
			<biblScope unit="volume">10</biblScope>
			<biblScope unit="issue">1</biblScope>
			<biblScope unit="page" from="1" to="14" />
			<date type="published" when="2019">2019</date>
		</imprint>
	</monogr>
	<note type="raw_reference">Bovet, A. and Makse, H. A. (2019). Influence of fake news in twitter during the 2016 us presidential elec- tion. Nature communications, 10(1):1-14.</note>
</biblStruct>

<biblStruct xml:id="b3">
	<analytic>
		<title level="a" type="main">Read all about it: The politicization of</title>
		<author>
			<persName><forename type="first">J</forename><surname>Brummette</surname></persName>
		</author>
		<author>
			<persName><forename type="first">M</forename><surname>Distaso</surname></persName>
		</author>
		<author>
			<persName><forename type="first">M</forename><surname>Vafeiadis</surname></persName>
		</author>
		<author>
			<persName><forename type="first">M</forename><surname>Messner</surname></persName>
		</author>
	</analytic>
	<monogr>
		<title level="j">Journalism &amp; Mass Communication Quarterly</title>
		<imprint>
			<biblScope unit="volume">95</biblScope>
			<biblScope unit="issue">2</biblScope>
			<biblScope unit="page" from="497" to="517" />
			<date type="published" when="2018">2018</date>
		</imprint>
	</monogr>
	<note>fake news&quot; on twitter</note>
	<note type="raw_reference">Brummette, J., DiStaso, M., Vafeiadis, M., and Mess- ner, M. (2018). Read all about it: The politicization of &quot;fake news&quot; on twitter. Journalism &amp; Mass Com- munication Quarterly, 95(2):497-517.</note>
</biblStruct>

<biblStruct xml:id="b4">
	<monogr>
		<author>
			<persName><forename type="first">A</forename><surname>Comprehend</surname></persName>
		</author>
		<ptr target="https://docs.aws.amazon.com/comprehend" />
		<title level="m">Amazon comprehend</title>
				<imprint>
			<date type="published" when="2021-11-23">November 23th, 2021</date>
		</imprint>
	</monogr>
	<note type="raw_reference">Comprehend, A. (). Amazon comprehend. https://docs.aws.amazon.com/comprehend. [ac- cessed on November 23th, 2021].</note>
</biblStruct>

<biblStruct xml:id="b5">
	<analytic>
		<title level="a" type="main">Automatic deception detection: Methods for finding fake news</title>
		<author>
			<persName><forename type="first">N</forename><forename type="middle">K</forename><surname>Conroy</surname></persName>
		</author>
		<author>
			<persName><forename type="first">V</forename><forename type="middle">L</forename><surname>Rubin</surname></persName>
		</author>
		<author>
			<persName><forename type="first">Y</forename><surname>Chen</surname></persName>
		</author>
	</analytic>
	<monogr>
		<title level="m">Proceedings of the association for information science and technology</title>
				<meeting>the association for information science and technology</meeting>
		<imprint>
			<date type="published" when="2015">2015</date>
			<biblScope unit="volume">52</biblScope>
			<biblScope unit="page" from="1" to="4" />
		</imprint>
	</monogr>
	<note type="raw_reference">Conroy, N. K., Rubin, V. L., and Chen, Y. (2015). Automatic deception detection: Methods for finding fake news. Proceedings of the association for infor- mation science and technology, 52(1):1-4.</note>
</biblStruct>

<biblStruct xml:id="b6">
	<monogr>
		<author>
			<persName><forename type="first">L</forename><surname>Cui</surname></persName>
		</author>
		<author>
			<persName><forename type="first">D</forename><surname>Lee</surname></persName>
		</author>
		<idno type="arXiv">arXiv:2006.00885</idno>
		<title level="m">Coaid: Covid-19 healthcare misinformation dataset</title>
				<imprint>
			<date type="published" when="2020">2020</date>
		</imprint>
	</monogr>
	<note type="report_type">arXiv preprint</note>
	<note type="raw_reference">Cui, L. and Lee, D. (2020). Coaid: Covid-19 healthcare misinformation dataset. arXiv preprint arXiv:2006.00885.</note>
</biblStruct>

<biblStruct xml:id="b7">
	<analytic>
		<title level="a" type="main">Botornot: A system to evaluate social bots</title>
		<author>
			<persName><forename type="first">C</forename><forename type="middle">A</forename><surname>Davis</surname></persName>
		</author>
		<author>
			<persName><forename type="first">O</forename><surname>Varol</surname></persName>
		</author>
		<author>
			<persName><forename type="first">E</forename><surname>Ferrara</surname></persName>
		</author>
		<author>
			<persName><forename type="first">A</forename><surname>Flammini</surname></persName>
		</author>
		<author>
			<persName><forename type="first">F</forename><surname>Menczer</surname></persName>
		</author>
	</analytic>
	<monogr>
		<title level="m">Proc. of WWW</title>
				<meeting>of WWW</meeting>
		<imprint>
			<date type="published" when="2016">2016</date>
			<biblScope unit="page" from="273" to="274" />
		</imprint>
	</monogr>
	<note type="raw_reference">Davis, C. A., Varol, O., Ferrara, E., Flammini, A., and Menczer, F. (2016). Botornot: A system to evaluate social bots. In Proc. of WWW, pages 273-274.</note>
</biblStruct>

<biblStruct xml:id="b8">
	<analytic>
		<title level="a" type="main">Echo chambers: Emotional contagion and group polarization on facebook</title>
		<author>
			<persName><forename type="first">Del</forename><surname>Vicario</surname></persName>
		</author>
		<author>
			<persName><forename type="first">M</forename><surname>Vivaldo</surname></persName>
		</author>
		<author>
			<persName><forename type="first">G</forename><surname>Bessi</surname></persName>
		</author>
		<author>
			<persName><forename type="first">A</forename><surname>Zollo</surname></persName>
		</author>
		<author>
			<persName><forename type="first">F</forename><surname>Scala</surname></persName>
		</author>
		<author>
			<persName><forename type="first">A</forename><surname>Caldarelli</surname></persName>
		</author>
		<author>
			<persName><forename type="first">G</forename><surname>Quattrociocchi</surname></persName>
		</author>
		<author>
			<persName><forename type="first">W</forename></persName>
		</author>
	</analytic>
	<monogr>
		<title level="j">Scientific reports</title>
		<imprint>
			<biblScope unit="volume">6</biblScope>
			<biblScope unit="issue">1</biblScope>
			<biblScope unit="page" from="1" to="12" />
			<date type="published" when="2016">2016</date>
		</imprint>
	</monogr>
	<note type="raw_reference">Del Vicario, M., Vivaldo, G., Bessi, A., Zollo, F., Scala, A., Caldarelli, G., and Quattrociocchi, W. (2016). Echo chambers: Emotional contagion and group po- larization on facebook. Scientific reports, 6(1):1-12.</note>
</biblStruct>

<biblStruct xml:id="b9">
	<monogr>
		<author>
			<persName><forename type="first">F</forename><surname>Giuliani-Hoffman</surname></persName>
		</author>
		<ptr target="https://money.cnn.com/2017/11/03/media/claire-wardle-fake-news-reliable-sources-podcast/index.html" />
		<title level="m">*** news&apos; should be replaced by these words, claire wardle says</title>
				<imprint>
			<date type="published" when="2017-11-09">2017. November 9th, 2021</date>
		</imprint>
	</monogr>
	<note type="raw_reference">Giuliani-Hoffman, F. (2017). &apos;f*** news&apos; should be replaced by these words, claire wardle says. https://money.cnn.com/2017/11/03/media/claire- wardle-fake-news-reliable-sources- podcast/index.html. [accessed on November 9th, 2021].</note>
</biblStruct>

<biblStruct xml:id="b10">
	<analytic>
		<title level="a" type="main">Kek, cucks, and god emperor trump: A measurement study of 4chan&apos;s politically incorrect forum and its effects on the web</title>
		<author>
			<persName><forename type="first">G</forename><surname>Hine</surname></persName>
		</author>
		<author>
			<persName><forename type="first">J</forename><surname>Onaolapo</surname></persName>
		</author>
		<author>
			<persName><forename type="first">E</forename><surname>De Cristofaro</surname></persName>
		</author>
		<author>
			<persName><forename type="first">N</forename><surname>Kourtellis</surname></persName>
		</author>
		<author>
			<persName><forename type="first">I</forename><surname>Leontiadis</surname></persName>
		</author>
		<author>
			<persName><forename type="first">R</forename><surname>Samaras</surname></persName>
		</author>
		<author>
			<persName><forename type="first">G</forename><surname>Stringhini</surname></persName>
		</author>
		<author>
			<persName><forename type="first">J</forename><surname>Blackburn</surname></persName>
		</author>
	</analytic>
	<monogr>
		<title level="j">Proc. of ICWSM</title>
		<imprint>
			<biblScope unit="volume">11</biblScope>
			<biblScope unit="issue">1</biblScope>
			<biblScope unit="page" from="92" to="101" />
			<date type="published" when="2017">2017</date>
		</imprint>
	</monogr>
	<note type="raw_reference">Hine, G., Onaolapo, J., De Cristofaro, E., Kourtellis, N., Leontiadis, I., Samaras, R., Stringhini, G., and Blackburn, J. (2017). Kek, cucks, and god emperor trump: A measurement study of 4chan&apos;s politically incorrect forum and its effects on the web. Proc. of ICWSM, 11(1):92-101.</note>
</biblStruct>

<biblStruct xml:id="b11">
	<monogr>
		<author>
			<persName><forename type="first">F</forename><forename type="middle">C I</forename><surname>Japan</surname></persName>
		</author>
		<ptr target="https://fij.info/" />
		<title level="m">Fact check initiative japan</title>
				<imprint>
			<date type="published" when="2021-11-09">November 9th, 2021</date>
		</imprint>
	</monogr>
	<note type="raw_reference">Japan, F. C. I. (). Fact check initiative japan. https://fij.info/. [accessed on November 9th, 2021].</note>
</biblStruct>

<biblStruct xml:id="b12">
	<monogr>
		<title level="m" type="main">News verification by exploiting conflicting social viewpoints in microblogs</title>
		<author>
			<persName><forename type="first">Z</forename><surname>Jin</surname></persName>
		</author>
		<author>
			<persName><forename type="first">J</forename><surname>Cao</surname></persName>
		</author>
		<author>
			<persName><forename type="first">Y</forename><surname>Zhang</surname></persName>
		</author>
		<author>
			<persName><forename type="first">J</forename><surname>Luo</surname></persName>
		</author>
		<imprint>
			<date type="published" when="2016">2016</date>
			<biblScope unit="volume">30</biblScope>
		</imprint>
	</monogr>
	<note type="raw_reference">Jin, Z., Cao, J., Zhang, Y., and Luo, J. (2016). News verification by exploiting conflicting social view- points in microblogs. 30(1).</note>
</biblStruct>

<biblStruct xml:id="b13">
	<analytic>
		<title level="a" type="main">Detection and analysis of 2016 us presidential election related rumors on twitter</title>
		<author>
			<persName><forename type="first">Z</forename><surname>Jin</surname></persName>
		</author>
		<author>
			<persName><forename type="first">J</forename><surname>Cao</surname></persName>
		</author>
		<author>
			<persName><forename type="first">H</forename><surname>Guo</surname></persName>
		</author>
		<author>
			<persName><forename type="first">Y</forename><surname>Zhang</surname></persName>
		</author>
		<author>
			<persName><forename type="first">Y</forename><surname>Wang</surname></persName>
		</author>
		<author>
			<persName><forename type="first">J</forename><surname>Luo</surname></persName>
		</author>
	</analytic>
	<monogr>
		<title level="m">International conference on social computing, behavioralcultural modeling and prediction and behavior representation in modeling and simulation</title>
				<imprint>
			<publisher>Springer</publisher>
			<date type="published" when="2017">2017</date>
			<biblScope unit="page" from="14" to="24" />
		</imprint>
	</monogr>
	<note type="raw_reference">Jin, Z., Cao, J., Guo, H., Zhang, Y., Wang, Y., and Luo, J. (2017). Detection and analysis of 2016 us presi- dential election related rumors on twitter. In Interna- tional conference on social computing, behavioral- cultural modeling and prediction and behavior rep- resentation in modeling and simulation, pages 14- 24. Springer.</note>
</biblStruct>

<biblStruct xml:id="b14">
	<monogr>
		<title/>
		<author>
			<persName><forename type="first">G</forename><forename type="middle">S</forename><surname>Jowett</surname></persName>
		</author>
		<author>
			<persName><forename type="first">V</forename><surname>O'donnell</surname></persName>
		</author>
		<imprint>
			<date type="published" when="2018">2018</date>
		</imprint>
	</monogr>
	<note>Propaganda &amp; persuasion. Sage publications</note>
	<note type="raw_reference">Jowett, G. S. and O&apos;donnell, V. (2018). Propaganda &amp; persuasion. Sage publications.</note>
</biblStruct>

<biblStruct xml:id="b15">
	<analytic>
		<title level="a" type="main">The measurement of observer agreement for categorical data</title>
		<author>
			<persName><forename type="first">J</forename><forename type="middle">R</forename><surname>Landis</surname></persName>
		</author>
		<author>
			<persName><forename type="first">G</forename><forename type="middle">G</forename><surname>Koch</surname></persName>
		</author>
	</analytic>
	<monogr>
		<title level="j">biometrics</title>
		<imprint>
			<biblScope unit="page" from="159" to="174" />
			<date type="published" when="1977">1977</date>
		</imprint>
	</monogr>
	<note type="raw_reference">Landis, J. R. and Koch, G. G. (1977). The mea- surement of observer agreement for categorical data. biometrics, pages 159-174.</note>
</biblStruct>

<biblStruct xml:id="b16">
	<analytic>
		<title level="a" type="main">The science of fake news</title>
		<author>
			<persName><forename type="first">D</forename><forename type="middle">M</forename><surname>Lazer</surname></persName>
		</author>
		<author>
			<persName><forename type="first">M</forename><forename type="middle">A</forename><surname>Baum</surname></persName>
		</author>
		<author>
			<persName><forename type="first">Y</forename><surname>Benkler</surname></persName>
		</author>
		<author>
			<persName><forename type="first">A</forename><forename type="middle">J</forename><surname>Berinsky</surname></persName>
		</author>
		<author>
			<persName><forename type="first">K</forename><forename type="middle">M</forename><surname>Greenhill</surname></persName>
		</author>
		<author>
			<persName><forename type="first">F</forename><surname>Menczer</surname></persName>
		</author>
		<author>
			<persName><forename type="first">M</forename><forename type="middle">J</forename><surname>Metzger</surname></persName>
		</author>
		<author>
			<persName><forename type="first">B</forename><surname>Nyhan</surname></persName>
		</author>
		<author>
			<persName><forename type="first">G</forename><surname>Pennycook</surname></persName>
		</author>
		<author>
			<persName><forename type="first">D</forename><surname>Rothschild</surname></persName>
		</author>
	</analytic>
	<monogr>
		<title level="j">Science</title>
		<imprint>
			<biblScope unit="volume">359</biblScope>
			<biblScope unit="issue">6380</biblScope>
			<biblScope unit="page" from="1094" to="1096" />
			<date type="published" when="2018">2018</date>
		</imprint>
	</monogr>
	<note type="raw_reference">Lazer, D. M., Baum, M. A., Benkler, Y., Berin- sky, A. J., Greenhill, K. M., Menczer, F., Metzger, M. J., Nyhan, B., Pennycook, G., Rothschild, D., et al. (2018). The science of fake news. Science, 359(6380):1094-1096.</note>
</biblStruct>

<biblStruct xml:id="b17">
	<analytic>
		<title level="a" type="main">Bandwagon, snob, and veblen effects in the theory of consumers&apos; demand</title>
		<author>
			<persName><forename type="first">H</forename><surname>Leibenstein</surname></persName>
		</author>
	</analytic>
	<monogr>
		<title level="j">The quarterly journal of economics</title>
		<imprint>
			<biblScope unit="volume">64</biblScope>
			<biblScope unit="issue">2</biblScope>
			<biblScope unit="page" from="183" to="207" />
			<date type="published" when="1950">1950</date>
		</imprint>
	</monogr>
	<note type="raw_reference">Leibenstein, H. (1950). Bandwagon, snob, and veblen effects in the theory of consumers&apos; demand. The quarterly journal of economics, 64(2):183-207.</note>
</biblStruct>

<biblStruct xml:id="b18">
	<analytic>
		<title level="a" type="main">Detect rumors in microblog posts using propagation structure via kernel learning</title>
		<author>
			<persName><forename type="first">J</forename><surname>Ma</surname></persName>
		</author>
		<author>
			<persName><forename type="first">W</forename><surname>Gao</surname></persName>
		</author>
		<author>
			<persName><forename type="first">K.-F</forename><surname>Wong</surname></persName>
		</author>
	</analytic>
	<monogr>
		<title level="m">Proc. of ACL</title>
				<meeting>of ACL</meeting>
		<imprint>
			<date type="published" when="2017">2017</date>
			<biblScope unit="page" from="708" to="717" />
		</imprint>
	</monogr>
	<note type="raw_reference">Ma, J., Gao, W., and Wong, K.-F. (2017). Detect ru- mors in microblog posts using propagation structure via kernel learning. In Proc. of ACL, pages 708-717.</note>
</biblStruct>

<biblStruct xml:id="b19">
	<monogr>
		<title level="m" type="main">Dataset of fake news detection and fact verification: A survey</title>
		<author>
			<persName><forename type="first">T</forename><surname>Murayama</surname></persName>
		</author>
		<idno type="arXiv">arXiv:2111.03299</idno>
		<imprint>
			<date type="published" when="2021">2021</date>
		</imprint>
	</monogr>
	<note type="report_type">arXiv preprint</note>
	<note type="raw_reference">Murayama, T. (2021). Dataset of fake news detec- tion and fact verification: A survey. arXiv preprint arXiv:2111.03299.</note>
</biblStruct>

<biblStruct xml:id="b20">
	<analytic>
		<title level="a" type="main">The fake news spreading plague: was it preventable?</title>
		<author>
			<persName><forename type="first">E</forename><surname>Mustafaraj</surname></persName>
		</author>
		<author>
			<persName><forename type="first">P</forename><forename type="middle">T</forename><surname>Metaxas</surname></persName>
		</author>
	</analytic>
	<monogr>
		<title level="m">Proc. of WebSci</title>
				<meeting>of WebSci</meeting>
		<imprint>
			<date type="published" when="2017">2017</date>
			<biblScope unit="page" from="235" to="239" />
		</imprint>
	</monogr>
	<note type="raw_reference">Mustafaraj, E. and Metaxas, P. T. (2017). The fake news spreading plague: was it preventable? In Proc. of WebSci, pages 235-239.</note>
</biblStruct>

<biblStruct xml:id="b21">
	<analytic>
		<title level="a" type="main">British government bans the phrase &apos;fake news</title>
		<ptr target="https://www.newsweek.com/british-government-bans-phrase-fake-news-1182784" />
	</analytic>
	<monogr>
		<title level="j">Newsweek</title>
		<imprint>
			<date type="published" when="2018-11-09">2018. November 9th, 2021</date>
		</imprint>
	</monogr>
	<note type="raw_reference">Newsweek. (2018). British govern- ment bans the phrase &apos;fake news&apos;. https://www.newsweek.com/british-government- bans-phrase-fake-news-1182784. [accessed on November 9th, 2021].</note>
</biblStruct>

<biblStruct xml:id="b22">
	<analytic>
		<title level="a" type="main">A stylometric inquiry into hyperpartisan and fake news</title>
		<author>
			<persName><forename type="first">M</forename><surname>Potthast</surname></persName>
		</author>
		<author>
			<persName><forename type="first">J</forename><surname>Kiesel</surname></persName>
		</author>
		<author>
			<persName><forename type="first">K</forename><surname>Reinartz</surname></persName>
		</author>
		<author>
			<persName><forename type="first">J</forename><surname>Bevendorff</surname></persName>
		</author>
		<author>
			<persName><forename type="first">B</forename><surname>Stein</surname></persName>
		</author>
	</analytic>
	<monogr>
		<title level="m">Proc. of ACL</title>
				<meeting>of ACL</meeting>
		<imprint>
			<date type="published" when="2018">2018</date>
			<biblScope unit="page" from="231" to="240" />
		</imprint>
	</monogr>
	<note type="raw_reference">Potthast, M., Kiesel, J., Reinartz, K., Bevendorff, J., and Stein, B. (2018). A stylometric inquiry into hy- perpartisan and fake news. In Proc. of ACL, pages 231-240.</note>
</biblStruct>

<biblStruct xml:id="b23">
	<analytic>
		<title level="a" type="main">Rumor has it: Identifying misinformation in microblogs</title>
		<author>
			<persName><forename type="first">V</forename><surname>Qazvinian</surname></persName>
		</author>
		<author>
			<persName><forename type="first">E</forename><surname>Rosengren</surname></persName>
		</author>
		<author>
			<persName><forename type="first">D</forename><forename type="middle">R</forename><surname>Radev</surname></persName>
		</author>
		<author>
			<persName><forename type="first">Q</forename><surname>Mei</surname></persName>
		</author>
	</analytic>
	<monogr>
		<title level="m">Proc. of EMNLP</title>
				<meeting>of EMNLP</meeting>
		<imprint>
			<date type="published" when="2011">2011</date>
			<biblScope unit="page" from="1589" to="1599" />
		</imprint>
	</monogr>
	<note type="raw_reference">Qazvinian, V., Rosengren, E., Radev, D. R., and Mei, Q. (2011). Rumor has it: Identifying misinforma- tion in microblogs. In Proc. of EMNLP, pages 1589- 1599.</note>
</biblStruct>

<biblStruct xml:id="b24">
	<analytic>
		<title level="a" type="main">Deception detection for news: three types of fakes</title>
		<author>
			<persName><forename type="first">V</forename><forename type="middle">L</forename><surname>Rubin</surname></persName>
		</author>
		<author>
			<persName><forename type="first">Y</forename><surname>Chen</surname></persName>
		</author>
		<author>
			<persName><forename type="first">N</forename><forename type="middle">K</forename><surname>Conroy</surname></persName>
		</author>
	</analytic>
	<monogr>
		<title level="j">Proceedings of the Association for Information Science and Technology</title>
		<imprint>
			<biblScope unit="volume">52</biblScope>
			<biblScope unit="issue">1</biblScope>
			<biblScope unit="page" from="1" to="4" />
			<date type="published" when="2015">2015</date>
		</imprint>
	</monogr>
	<note type="raw_reference">Rubin, V. L., Chen, Y., and Conroy, N. K. (2015). Deception detection for news: three types of fakes. Proceedings of the Association for Information Sci- ence and Technology, 52(1):1-4.</note>
</biblStruct>

<biblStruct xml:id="b25">
	<monogr>
		<title level="m" type="main">Covid vaccine: Fertility and miscarriage claims fact-checked</title>
		<author>
			<persName><forename type="first">R</forename><surname>Schraer</surname></persName>
		</author>
		<ptr target="https://www.bbc.com/news/health-57552527" />
		<imprint>
			<date type="published" when="2021-11-09">2021. November 9th, 2021</date>
		</imprint>
	</monogr>
	<note type="raw_reference">Schraer, R. (2021). Covid vaccine: Fertility and miscarriage claims fact-checked. https: //www.bbc.com/news/health-57552527. [accessed on November 9th, 2021].</note>
</biblStruct>

<biblStruct xml:id="b26">
	<analytic>
		<title level="a" type="main">Fake news detection on social media: A data mining perspective</title>
		<author>
			<persName><forename type="first">K</forename><surname>Shu</surname></persName>
		</author>
		<author>
			<persName><forename type="first">A</forename><surname>Sliva</surname></persName>
		</author>
		<author>
			<persName><forename type="first">S</forename><surname>Wang</surname></persName>
		</author>
		<author>
			<persName><forename type="first">J</forename><surname>Tang</surname></persName>
		</author>
		<author>
			<persName><forename type="first">H</forename><surname>Liu</surname></persName>
		</author>
	</analytic>
	<monogr>
		<title level="j">ACM SIGKDD explorations newsletter</title>
		<imprint>
			<biblScope unit="volume">19</biblScope>
			<biblScope unit="issue">1</biblScope>
			<biblScope unit="page" from="22" to="36" />
			<date type="published" when="2017">2017</date>
		</imprint>
	</monogr>
	<note type="raw_reference">Shu, K., Sliva, A., Wang, S., Tang, J., and Liu, H. (2017). Fake news detection on social media: A data mining perspective. ACM SIGKDD explo- rations newsletter, 19(1):22-36.</note>
</biblStruct>

<biblStruct xml:id="b27">
	<analytic>
		<title level="a" type="main">Fakenewsnet: A data repository with news content, social context, and spatiotemporal information for studying fake news on social media</title>
		<author>
			<persName><forename type="first">K</forename><surname>Shu</surname></persName>
		</author>
		<author>
			<persName><forename type="first">D</forename><surname>Mahudeswaran</surname></persName>
		</author>
		<author>
			<persName><forename type="first">S</forename><surname>Wang</surname></persName>
		</author>
		<author>
			<persName><forename type="first">D</forename><surname>Lee</surname></persName>
		</author>
		<author>
			<persName><forename type="first">H</forename><surname>Liu</surname></persName>
		</author>
	</analytic>
	<monogr>
		<title level="j">Big data</title>
		<imprint>
			<biblScope unit="volume">8</biblScope>
			<biblScope unit="issue">3</biblScope>
			<biblScope unit="page" from="171" to="188" />
			<date type="published" when="2020">2020</date>
		</imprint>
	</monogr>
	<note type="raw_reference">Shu, K., Mahudeswaran, D., Wang, S., Lee, D., and Liu, H. (2020). Fakenewsnet: A data repository with news content, social context, and spatiotempo- ral information for studying fake news on social me- dia. Big data, 8(3):171-188.</note>
</biblStruct>

<biblStruct xml:id="b28">
	<analytic>
		<title level="a" type="main">The spread of true and false news online</title>
		<author>
			<persName><forename type="first">S</forename><surname>Vosoughi</surname></persName>
		</author>
		<author>
			<persName><forename type="first">D</forename><surname>Roy</surname></persName>
		</author>
		<author>
			<persName><forename type="first">S</forename><surname>Aral</surname></persName>
		</author>
	</analytic>
	<monogr>
		<title level="j">Science</title>
		<imprint>
			<biblScope unit="volume">359</biblScope>
			<biblScope unit="issue">6380</biblScope>
			<biblScope unit="page" from="1146" to="1151" />
			<date type="published" when="2018">2018</date>
		</imprint>
	</monogr>
	<note type="raw_reference">Vosoughi, S., Roy, D., and Aral, S. (2018). The spread of true and false news online. Science, 359(6380):1146-1151.</note>
</biblStruct>

<biblStruct xml:id="b29">
	<monogr>
		<title level="m" type="main">Fake news. it&apos;s complicated</title>
		<author>
			<persName><forename type="first">C</forename><surname>Wardle</surname></persName>
		</author>
		<ptr target="https://firstdraftnews.org/articles/fake-news-complicated/" />
		<imprint>
			<date type="published" when="2017-11-09">2017. November 9th, 2021</date>
		</imprint>
	</monogr>
	<note type="raw_reference">Wardle, C. (2017). Fake news. it&apos;s compli- cated. https://firstdraftnews.org/articles/fake-news- complicated/. [accessed on November 9th, 2021].</note>
</biblStruct>

<biblStruct xml:id="b30">
	<analytic>
		<title level="a" type="main">What is gab: A bastion of free speech or an alt-right echo chamber</title>
		<author>
			<persName><forename type="first">S</forename><surname>Zannettou</surname></persName>
		</author>
		<author>
			<persName><forename type="first">B</forename><surname>Bradlyn</surname></persName>
		</author>
		<author>
			<persName><forename type="first">E</forename><surname>De Cristofaro</surname></persName>
		</author>
		<author>
			<persName><forename type="first">H</forename><surname>Kwak</surname></persName>
		</author>
		<author>
			<persName><forename type="first">M</forename><surname>Sirivianos</surname></persName>
		</author>
		<author>
			<persName><forename type="first">G</forename><surname>Stringini</surname></persName>
		</author>
		<author>
			<persName><forename type="first">J</forename><surname>Blackburn</surname></persName>
		</author>
	</analytic>
	<monogr>
		<title level="m">Companion Proc. of WebConf</title>
				<imprint>
			<date type="published" when="2018">2018</date>
			<biblScope unit="page" from="1007" to="1014" />
		</imprint>
	</monogr>
	<note type="raw_reference">Zannettou, S., Bradlyn, B., De Cristofaro, E., Kwak, H., Sirivianos, M., Stringini, G., and Blackburn, J. (2018). What is gab: A bastion of free speech or an alt-right echo chamber. In Companion Proc. of WebConf, pages 1007-1014.</note>
</biblStruct>

<biblStruct xml:id="b31">
	<analytic>
		<title level="a" type="main">An overview of online fake news: Characterization, detection, and discussion</title>
		<author>
			<persName><forename type="first">X</forename><surname>Zhang</surname></persName>
		</author>
		<author>
			<persName><forename type="first">A</forename><forename type="middle">A</forename><surname>Ghorbani</surname></persName>
		</author>
	</analytic>
	<monogr>
		<title level="j">Information Processing &amp; Management</title>
		<imprint>
			<biblScope unit="volume">57</biblScope>
			<biblScope unit="issue">2</biblScope>
			<biblScope unit="page">102025</biblScope>
			<date type="published" when="2020">2020</date>
		</imprint>
	</monogr>
	<note type="raw_reference">Zhang, X. and Ghorbani, A. A. (2020). An overview of online fake news: Characterization, detection, and discussion. Information Processing &amp; Management, 57(2):102025.</note>
</biblStruct>

<biblStruct xml:id="b32">
	<analytic>
		<title level="a" type="main">A survey of fake news: Fundamental theories, detection methods, and opportunities</title>
		<author>
			<persName><forename type="first">X</forename><surname>Zhou</surname></persName>
		</author>
		<author>
			<persName><forename type="first">R</forename><surname>Zafarani</surname></persName>
		</author>
	</analytic>
	<monogr>
		<title level="j">ACM Computing Surveys (CSUR)</title>
		<imprint>
			<biblScope unit="volume">53</biblScope>
			<biblScope unit="issue">5</biblScope>
			<biblScope unit="page" from="1" to="40" />
			<date type="published" when="2020">2020</date>
		</imprint>
	</monogr>
	<note type="raw_reference">Zhou, X. and Zafarani, R. (2020). A survey of fake news: Fundamental theories, detection methods, and opportunities. ACM Computing Surveys (CSUR), 53(5):1-40.</note>
</biblStruct>

				</listBibl>
			</div>
		</back>
	</text>
</TEI>
