<?xml version="1.0" encoding="UTF-8"?>
<TEI xml:space="preserve" xmlns="http://www.tei-c.org/ns/1.0" 
xmlns:xsi="http://www.w3.org/2001/XMLSchema-instance" 
xsi:schemaLocation="http://www.tei-c.org/ns/1.0 https://raw.githubusercontent.com/kermitt2/grobid/master/grobid-home/schemas/xsd/Grobid.xsd"
 xmlns:xlink="http://www.w3.org/1999/xlink">
	<teiHeader xml:lang="en">
		<fileDesc>
			<titleStmt>
				<title level="a" type="main">Spread Love Not Hate: Undermining the Importance of Hateful Pre-training for Hate Speech Detection</title>
			</titleStmt>
			<publicationStmt>
				<publisher/>
				<availability status="unknown"><licence/></availability>
				<date type="published" when="2022-12-11">11 Dec 2022</date>
			</publicationStmt>
			<sourceDesc>
				<biblStruct>
					<analytic>
						<author>
							<persName><forename type="first">Omkar</forename><surname>Gokhale</surname></persName>
							<email>omkargokhale2001@gmail.com</email>
							<affiliation key="aff1">
								<orgName type="institution">Indian Institute of Technology Madras</orgName>
								<address>
									<postCode>L3Cube 2</postCode>
								</address>
							</affiliation>
						</author>
						<author>
							<persName><forename type="first">Aditya</forename><surname>Kane</surname></persName>
							<email>adityakane1@gmail.com</email>
							<affiliation key="aff1">
								<orgName type="institution">Indian Institute of Technology Madras</orgName>
								<address>
									<postCode>L3Cube 2</postCode>
								</address>
							</affiliation>
						</author>
						<author>
							<persName><forename type="first">Shantanu</forename><surname>Patankar</surname></persName>
							<email>shantanupatankar2001@gmail.com</email>
							<affiliation key="aff1">
								<orgName type="institution">Indian Institute of Technology Madras</orgName>
								<address>
									<postCode>L3Cube 2</postCode>
								</address>
							</affiliation>
						</author>
						<author>
							<persName><forename type="first">Tanmay</forename><surname>Chavan</surname></persName>
							<email>chavantanmay1402@gmail.com</email>
							<affiliation key="aff1">
								<orgName type="institution">Indian Institute of Technology Madras</orgName>
								<address>
									<postCode>L3Cube 2</postCode>
								</address>
							</affiliation>
						</author>
						<author>
							<persName><forename type="first">Raviraj</forename><surname>Joshi</surname></persName>
							<email>ravirajoshi@gmail.com</email>
						</author>
						<author>
							<persName><surname>Hindtweetbert</surname></persName>
						</author>
						<author>
							<affiliation key="aff0">
								<orgName type="institution">Pune Institute of Computer Technology</orgName>
								<address>
									<postCode>L3Cube</postCode>
								</address>
							</affiliation>
						</author>
						<title level="a" type="main">Spread Love Not Hate: Undermining the Importance of Hateful Pre-training for Hate Speech Detection</title>
					</analytic>
					<monogr>
						<imprint>
							<date type="published" when="2022-12-11">11 Dec 2022</date>
						</imprint>
					</monogr>
					<idno type="MD5">04D255716786A60E6CCE4755C814AB6D</idno>
					<idno type="arXiv">arXiv:2210.04267v3[cs.CL]</idno>
				</biblStruct>
			</sourceDesc>
		</fileDesc>
		<encodingDesc>
			<appInfo>
				<application version="0.7.3-SNAPSHOT" ident="GROBID" when="2023-01-12T08:41+0000">
					<desc>GROBID - A machine learning software for extracting information from scholarly documents</desc>
					<ref target="https://github.com/kermitt2/grobid"/>
				</application>
			</appInfo>
		</encodingDesc>
		<profileDesc>
			<abstract>
<div xmlns="http://www.tei-c.org/ns/1.0"><p>Pre-training large neural language models, such as BERT, has led to impressive gains on many natural language processing (NLP) tasks. Although this method has proven to be effective for many domains, it might not always provide desirable benefits. In this paper, we study the effects of hateful pre-training on low-resource hate speech classification tasks. While previous studies on the English language have emphasized its importance, we aim to augment their observations with some non-obvious insights. We evaluate different variations of tweet-based BERT models pre-trained on hateful, non-hateful, and mixed subsets of a 40M tweet dataset. This evaluation is carried out for the Indian languages Hindi and Marathi. This paper is empirical evidence that hateful pre-training is not the best pre-training option for hate speech detection. We show that pre-training on non-hateful text from the target domain provides similar or better results. Further, we introduce HindTweetBERT and MahaTweetBERT, the first publicly available BERT models pre-trained on Hindi and Marathi tweets, respectively. We show that they provide state-of-the-art performance on hate speech classification tasks. We also release hateful BERT for the two languages and a gold hate speech evaluation benchmark HateEval-Hi and HateEval-Mr consisting of manually labeled 2000 tweets each. The models and data are available at https://github.com/l3cube-pune/MarathiNLP .</p></div>
			</abstract>
		</profileDesc>
	</teiHeader>
	<text xml:lang="en">
		<body>
<div xmlns="http://www.tei-c.org/ns/1.0"><head n="1">Introduction</head><p>Detecting hate speech in social media is a crucial task <ref type="bibr" target="#b21">(Schmidt and Wiegand, 2017;</ref><ref type="bibr" target="#b23">Velankar et al., 2022)</ref>. The effect of hateful social media content on the mental health of society is still under research, but it is undeniably negative <ref type="bibr" target="#b12">(Kelly et al., 2018;</ref><ref type="bibr" target="#b5">De Choudhury and De, 2014)</ref>. Twitter is a powerful social media platform and is quite popular in India for the past few years. It is used by many politicians, activists, journalists, and businessmen as an official medium of communication with society. Though Article 19 in the Indian Constitution guarantees freedom of speech and expression, identifying and curbing hateful tweets is essential to maintain harmony.</p><p>Hindi and Marathi are Indo-Aryan languages predominantly spoken in India. Both languages are derived from Sanskrit and have 40+ dialects. Marathi is spoken by 83 million people. It is the third-largest spoken language in India and the tenth in the world. Hindi, being spoken by 528 million people, is the largest spoken language in India and the third largest in the world.</p><p>Identification of hate in NLP has followed a common trend in NLP, the manual feature-based classifiers were followed by CNNs and LSTMs, which were then superseded by the modern pretrained transformers <ref type="bibr">(Mullah and Zainon, 2021;</ref><ref type="bibr" target="#b0">Badjatiya et al., 2017;</ref><ref type="bibr">Velankar et al., 2023)</ref>. The transformer-based masked language models (MLM) pre-trained on a variety of text data are suitable for general-purpose use cases.</p><p>Creating a domain-specific bias in a pre-training corpus has previously shown state-of-the-art results <ref type="bibr" target="#b7">(Gururangan et al., 2020)</ref>. Thus, in this paper, we try to find the impact of hateful pre-training on hate speech classification. The previous work has shown the positive impact of using Hateful BERT for downstream hate speech identification tasks <ref type="bibr" target="#b3">(Caselli et al., 2020;</ref><ref type="bibr" target="#b20">Sarkar et al., 2021)</ref>. However, it remains to be verified that the improvements were indeed due to the hateful nature of the pre-training corpus or are simply a side effect of adaptation to target domain text. The past work in the high-resource language is thus incomplete and does not provide sufficient evidence to analyze the impact of hateful pre-training. To complete the analysis, we pre-train our models using both hateful and non-hateful data from the target domain. Moreover, there is no previous work related to hateful pre-training in low-resource Indic languages. Our work also tries to fill this gap for low-resource languages.</p><p>While evaluating the impact of pre-training, we build some useful resources for Hindi and Marathi. We introduce two new models MahaTweetBERT 2 and HindTweetBERT 3 pre-trained on 40 million Marathi and Hindi tweets respectively. We use these models along with MuRIL <ref type="bibr" target="#b13">Khanuja et al. (2021)</ref>, the state-of-the-art Indic multilingual BERT to generate baseline results. To extract the most hateful and least hateful tweets from these 40 million corpora, we classify the tweets using previous state-ofthe-art models and choose tweets with the highest confidence (most hateful) and lowest confidence (least hateful). We show that the selected data is indeed hateful by randomly choosing 2000 samples each for both languages and labeling them manually. To actually see if hateful pre-training has an impact, we compare the performances of models pre-trained on the most hateful, least hateful, and random corpora against our baseline on downstream hate speech identification tasks. We show that hateful pre-training is helpful when considered in isolation, however non-hateful or random pre-training is equivalently good. The improvement in performance with hateful pre-training could be a side effect of target domain adaptation and is not dependent upon the hatefulness of the pre-training corpus. The hateful models are termed as MahaTweetBERT-Hateful 4 and HindTweetBERT-Hateful 5 . The 40M tweets corpus is termed as L3Cube-MahaTweetCorpus and HindTweetCorpus for Marathi and Hindi respectively. The datasets and models released as a part of this will be documented on github 6 as well.</p><p>The main contributions of this work are as follows.  <ref type="bibr" target="#b8">(Huang et al., 2019)</ref>, <ref type="bibr">FinBERT (Yang et al., 2020)</ref>, LEGAL-BERT <ref type="bibr" target="#b4">(Chalkidis et al., 2020)</ref>, SciBERT <ref type="bibr" target="#b1">(Beltagy et al., 2019)</ref> are models that are pre-trained on clinical notes, financial data, legal documents, and scientific text respectively. They show significantly better performance on downstream tasks in their respective domains.</p><p>This concept can also be extrapolated for hate speech detection. Models that are pre-trained on exclusively hateful or non-hateful data could work better than models pre-trained on mixed data. For example, HateBERT <ref type="bibr" target="#b3">(Caselli et al., 2020</ref>) is a BERT-based model retrained on hateful data extracted from the RAL-E dataset. The RAL-E dataset contains English comments obtained from various subreddits, of which 1.4 million are hateful and are used for pre-training. Similarly, FBERT <ref type="bibr" target="#b20">(Sarkar et al., 2021</ref>) is a BERT-based model trained on 1.4 million exclusively hateful tweets from the SOLID dataset <ref type="bibr" target="#b19">(Rosenthal et al., 2020)</ref>. The SOLID dataset contains 9 million English tweets, of which 1.4 million hateful tweets are used for pre-training. Both these models work better than a vanilla BERT model, when fine-tuned on the downstream training data. Though the results obtained by HateBERT and F-BERT are valid, their experimental setup is not exhaustive and lacks crucial ablations. Given this, we perform a systematic and more exhaustive study of pre-training on Hindi and Marathi data.</p><p>We test this on two languages to ensure that the results are not language-specific.</p><p>There are various models used for hate speech detection in Marathi. These include monolingual models like MahaBERT <ref type="bibr" target="#b11">(Joshi, 2022c)</ref> and multilingual models like MuRIL <ref type="bibr" target="#b13">(Khanuja et al., 2021)</ref>. Similarly, in Hindi, models like HindBERT <ref type="bibr" target="#b9">(Joshi, 2022a)</ref>, and MuRIL are the state-of-the-art models for detecting hate speech. We propose a more comprehensive approach than HateBERT and F-BERT, where we pre-train our model on hateful, non-hateful, and random Marathi and Hindi tweets. We then compare the performance of the Marathi models with MuRIL and MahaBERT and the Hindi models with MuRIL and HindBERT to check whether selective pre-training affects model performance.</p></div>
<div xmlns="http://www.tei-c.org/ns/1.0"><head n="3">Dataset description</head><p>We create new datasets to observe the effects of using deep learning models trained on primarily hateful data. To test the veracity of our results we have performed experiments with datasets of two different Indian languages, Marathi and Hindi. We follow the same practices and procedures for both languages. The datasets consist of a large number of primarily monolingual tweets. From the obtained corpora, we use a threshold value to ensure that tweets contain the majority of words from the desired language. This ensures that the datasets do not contain tweets with only a few words from the desired language as well as includes tweets that have a small number of words from other languages (primarily common English terms and acronyms such as GST, and CAA). All the tweets from both the corpora contain Devanagiri script characters along with numbers. The tweets originally contained usernames, URLs, hashtags, and emojis. We clean the data and redact usernames, URLs, and hashtags from the datasets to prevent user identification and noise. However, we retain emojis as they might contribute to the semantics of the sentence. All of the tweets are pre-processed before being used for pre-training the models.</p></div>
<div xmlns="http://www.tei-c.org/ns/1.0"><head n="3.1">Pre-training corpus</head><p>We create MahaTweetCorpus and HindTweetCorpus with roughly 40 million tweets each for Marathi and Hindi languages respectively. All of the other datasets are subsets of these corpora. We illustrate our dataset sampling process in Figure <ref type="figure">1</ref>. We extract four datasets from the 40M tweet corpus. The primary dataset contains all of the scraped tweets.</p><p>The second type of dataset contains 1 million tweets randomly sampled from the primary dataset.</p><p>The tweets from the 40M datasets were classified into hateful and non-hateful tweets using existing hate speech classification models in the respective languages. For Marathi, the tweets were classified by using the MahaHateBERT model<ref type="foot" target="#foot_0">7</ref> . MahaHateBERT is a variant of BERT fine-tuned on the MahaHate dataset <ref type="bibr" target="#b18">(Patil et al., 2022)</ref>. For Hindi, we use a RoBERTa model <ref type="bibr" target="#b15">(Liu et al., 2019)</ref> fine-tuned on the Hindi dataset for hate speech classification <ref type="bibr" target="#b22">(Velankar et al., 2021)</ref>. We record the prediction confidence values along with the predicted labels.</p><p>Our third dataset contains 1 million of the most hateful tweets based on the confidence values of the model. Our fourth dataset consists of the 1 million least hateful tweets as per the confidence values. We choose to use 1 million tweets to maintain consistency with other experiments and also in line with previous work in this area.</p></div>
<div xmlns="http://www.tei-c.org/ns/1.0"><head n="3.2">Pre-training corpus verification</head><p>To ensure that the models used for segregating hateful and non-hateful tweets are reliable, we manually annotate 2000 tweets of each language and compare them with the predicted labels. We see that the classification models, namely MahaBERT and HASOC-RoBERTa, perform reliably. Concretely, they exhibit a classification accuracy of 77% for Marathi and 75% for Hindi. Since we sample the most hateful and least hateful data for the respective pre-training tasks, we also calculate the classification model accuracy for the most and least hateful predictions in this verification dataset.</p><p>We report even better accuracies in this high confidence set. For Marathi, we get 100% and 96.27% accuracy for the least and most hateful samples, respectively. Similarly, in Hindi, we get 95.22% and 80.32% accuracy for the least and most hateful samples, respectively. The approach can therefore be seen as a credible data selection strategy for pre-training. After manual annotation, we see that out of 2000 randomly sampled tweets for each language, 803 tweets are hateful in Hindi, and 739 tweets are hateful in Marathi. We plan to release the full verification dataset as a gold benchmark test set HateEval-Hi and HateEval-Mr in near future.</p></div>
<div xmlns="http://www.tei-c.org/ns/1.0"><head n="3.3">Downstream evaluation</head><p>We use three datasets for Marathi and two for Hindi to validate and compare our models.</p><p>The HASOC 2021 Marathi dataset is a dataset presented by the Hate Speech and Offensive Content Identification in English and Indo-Aryan Languages (HASOC 2021) track <ref type="bibr" target="#b16">(Mandl et al., 2021)</ref> in the Forum for Information Retrieval Evaluation (FIRE 2021). It contains a total of 2,499 tweets in Marathi manually annotated by native speakers of the language. The dataset was used for a shared task organized by HASOC. The tweets are classified into two categories as hateful and non-hateful tweets.</p><p>The MahaHate two-class dataset is a hate-speech dataset in Marathi. It contains tweets written in Marathi, annotated manually by four annotators who were fluent in the language. The tweets are classified into two categories, namely hateful or offensive and non-hateful tweets. It contains an equal number of hateful and non-hateful tweets, with a total of 37,500 tweets. The results presented in this paper are based on the models being trained on only 50 percent of the 30,000 tweets of the training dataset. This was primarily done because using the full training data gave a similar performance with all the models and the improvements were more prominent in low-resource settings.</p><p>The MahaHate four-class dataset contains Marathi tweets and is similar to the above dataset but contains four classes. The tweets are classified into four categories: hate (HATE), offensive (OFFN), profanity (PRFN), and non-hateful (NOT). The dataset contains a total of 25000 tweets, including the train, test, and validation datasets. There is an equal number of tweets in each of the four categories. Similar to the 2-class dataset, we have used only the random half of the training dataset for fine-tuning our models.</p><p>We use two datasets for validating and benchmarking our Hindi models. The HASOC 2021 2-class dataset contains about 4500 tweets. The classes in the two-class dataset are similar to the HASOC 2021 Marathi dataset. We also use the CONSTRAINT 2021 dataset <ref type="bibr" target="#b2">(Bhardwaj et al., 2020)</ref>. The original dataset is designed for multilabel classification. We modify the dataset into a 4-class dataset by removing samples that are irrelevant or have multiple ground truth classes. Our modified dataset contains the classes not offensive (NOT), hateful (HATE), defamation (DEF), and offensive (OFF).</p></div>
<div xmlns="http://www.tei-c.org/ns/1.0"><head n="4">Experiments</head><p>We conduct extensive experiments to study the effect of different pre-training data compositions on downstream performance. Specifically, we evaluate the different models on three hate detection datasets -MahaHate 4-class, MahaHate 2-class, and HASOC 2-class for Marathi. Similarly, we use two Hindi versions of datasets to test our Hindi models -CONSTRAINT 4-class and HASOC 2-class. The number of samples used for training, validation, and testing are given in Table <ref type="table">2</ref>.</p><p>As mentioned in Section 2, <ref type="bibr" target="#b20">Sarkar et al. (2021)</ref> and <ref type="bibr" target="#b3">Caselli et al. (2020)</ref> present the comparison between retrained transformers and out-of-the-box pre-trained transformers. However, this comparison is substantially inadequate as it does not consider other data compositions for pre-training. Therefore, our ablations include a comprehensive study of models trained on different subsets of the data. As mentioned in Section 3, we experiment with four subsets of the data:</p><p>• The complete corpus of 40 million tweets (MahaTweetBERT / HindTweetBERT)</p><p>• Most hateful 1 million tweets (MahaTweetBERT-Hateful / HindTweetBERT-Hateful)</p><p>• Least hateful 1 million tweets (mr-least-ht-1m / hi-least-ht-1m)</p><p>• Randomly sampled 1 million tweets (mr-random-twt-1m / hi-random-twt-1m)</p><p>We train four models (names as in parenthesis), each corresponding to one subset of the data for each language. We also provide scores on MuRIL <ref type="bibr" target="#b13">(Khanuja et al., 2021)</ref> and MahaBERT <ref type="bibr" target="#b10">(Joshi, 2022b)</ref>, which we use as baselines of our experiments. In the case of Hindi, we use two models, namely HindBERT <ref type="bibr" target="#b9">(Joshi, 2022a)</ref> and MuRIL, as baselines. The MahaBERT and HindBERT are monolingual BERT models pretrained on publicly available Marathi and Hindi datasets, respectively.</p><p>For each subset of the data, we further pre-train the MahaBERT/HindBERT using Masked Language Modelling (MLM) objective on the subset of tweets. After the pre-training, we individually fine-tune each model on the downstream datasets as shown in Appendix A. We finally report the metrics on the test sets of these datasets. Note that we use the same BERT model for all subsets to ensure fairness. We conduct five runs with different seed values for each downstream fine-tuning experiment and report the mean in all cases. Our evaluation pipeline is illustrated in Figure <ref type="figure">2</ref>. We report our final results in Table <ref type="table" target="#tab_1">1</ref>.</p><p>We use the following hyperparameters in our experiments. For MLM training, we train the models for two epochs at a learning rate of 2e − 5, with a weight decay of 0.01 and a mask probability of 0.15. For fine-tuning, we train the models for 25 epochs with a learning rate of 5e − 6 and no weight decay. We use the Hugging Face library <ref type="bibr">(Wolf et al., 2020)</ref> for training and hosting our models. All models are uploaded to the HuggingFace platform, and their links are available in Appendix B. </p></div>
<div xmlns="http://www.tei-c.org/ns/1.0"><head n="5">Results</head><p>We hereby analyze the results shown in Table <ref type="table" target="#tab_1">1</ref>. We make some key observations regarding the results as follows.</p><p>1. Hateful BERT is not the best model: Contrary to our intuition, pre-training only on hateful tweets does not give the best results. In fact, of the three subsets (hateful, non-hateful, and random), the model trained on the random subset tends to perform better on two of three downstream datasets in Marathi and both downstream datasets in Hindi in terms of macro-F1. Moreover, a model trained on non-hateful data performs better than the model trained on hateful content for the majority of the tasks. The hateful models perform better than the baseline MuRIL model, which is in line with the previous works. We suggest that hateful pre-training is helpful over the raw pre-trained models; however, these are not the best alternatives.</p><p>2. Monolingual retraining shows improvement over multilingual models: We observe that MuRIL, the multilingual model trained on 17 Indian languages and billions of tokens, has consistently underperformed on all datasets. On the other hand, we observe that our models retrained on Hindi tweets outperform MuRIL by a large margin. Note that our Hindi models are essentially MuRIL models retrained on Hindi tweets corpus. The same trend can be seen for Marathi as well. We speculate this is because retraining on sizeable corpora of a particular language augments the multi-lingual pre-training. Specifically, in our case, retraining on languages having medium-sized corpora can outperform cumulative semantic knowledge gained from training on multiple large-sized corpora of different languages, as is in the case of MuRIL.</p><p>3. Model pre-trained on 40 million datasets performs the best on all downstream tasks:</p><p>The models MahaTweetBERT and HindTweetBERT outperform all other models on all downstream datasets. This result, although expected, ensures that large-scale pretraining has indeed helped the model. The model also performs well on other downstream tasks like Sentiment Analysis as shown in Appendix C. This provides a strong benchmark for future work.</p></div>
<div xmlns="http://www.tei-c.org/ns/1.0"><head n="6">Conclusion</head><p>In this paper, we test the effect of hateful pre-training on hate speech classification. We pre-train two models, MahaTweetBERT and HindTweetBERT, on 40 million tweets. Additionally, to empirically validate the usefulness of hateful pre-training, we have pre-trained three models on 1 million random, hateful and non-hateful tweets extracted from the aforementioned 40 million tweets for both Marathi and Hindi languages. We compare the performance of these models on standard hate speech detection datasets like HASOC and CONSTRAINT. Our experiments indicate that hateful or non-hateful pre-training does not define the model performance, as we observe that models pre-trained on biased tweets do not outperform the ones pre-trained on random tweets. We also observe that our monolingual models fair better than multilingual models like MuRIL. Furthermore, we observe that the models pre-trained on all 40 million tweets perform better than the other, relatively smaller, models. These results are consistent for both Marathi and Hindi languages ensuring that these observations are not language-specific. </p></div>
<div xmlns="http://www.tei-c.org/ns/1.0"><head>Model</head></div><figure xmlns="http://www.tei-c.org/ns/1.0" xml:id="fig_0"><head></head><label></label><figDesc>Figure 2: Experimental Setup</figDesc></figure>
<figure xmlns="http://www.tei-c.org/ns/1.0" type="table" xml:id="tab_1"><head>Table 1 :</head><label>1</label><figDesc>Finetuning results on downstream datasets using our models. We report the average scores across five runs with different seed values. The best metrics are shown in bold. Note, MahaTweetBERT-Hateful is also referred as MahaTweetBERT-Hateful and HindTweetBERT-Hateful is same as HindTweetBERT-Hateful.</figDesc><table><row><cell>Dataset</cell><cell>Model</cell><cell cols="3">Accuracy F1 macro F1 Weighted</cell></row><row><cell></cell><cell>Marathi</cell><cell></cell><cell></cell><cell></cell></row><row><cell></cell><cell>MuRIL</cell><cell>88.57</cell><cell>88.57</cell><cell>88.57</cell></row><row><cell></cell><cell>MahaBERT</cell><cell>89.75</cell><cell>89.75</cell><cell>89.75</cell></row><row><cell>MahaHate -2 class</cell><cell>MahaTweetBERT MahaTweetBERT-Hateful</cell><cell>89.94 89.47</cell><cell>89.93 89.47</cell><cell>89.93 89.47</cell></row><row><cell></cell><cell>mr-random-twt-1m</cell><cell>89.52</cell><cell>89.52</cell><cell>89.52</cell></row><row><cell></cell><cell>mr-least-ht-1m</cell><cell>89.57</cell><cell>89.57</cell><cell>89.57</cell></row><row><cell></cell><cell>MuRIL</cell><cell>77.83</cell><cell>77.85</cell><cell>77.85</cell></row><row><cell></cell><cell>MahaBERT</cell><cell>79.55</cell><cell>79.55</cell><cell>79.55</cell></row><row><cell>MahaHate -4 class</cell><cell>MahaTweetBERT MahaTweetBERT-Hateful</cell><cell>79.7 78.43</cell><cell>79.71 78.49</cell><cell>79.71 78.49</cell></row><row><cell></cell><cell>mr-random-twt-1m</cell><cell>79.08</cell><cell>79.15</cell><cell>79.15</cell></row><row><cell></cell><cell>mr-least-ht-1m</cell><cell>78.8</cell><cell>78.88</cell><cell>78.88</cell></row><row><cell></cell><cell>MuRIL</cell><cell>85.7</cell><cell>84.18</cell><cell>85.58</cell></row><row><cell></cell><cell>MahaBERT</cell><cell>88.1</cell><cell>86.76</cell><cell>88.18</cell></row><row><cell>HASOC</cell><cell>MahaTweetBERT MahaTweetBERT-Hateful</cell><cell>89.09 88.96</cell><cell>87.63 87.53</cell><cell>89.06 88.95</cell></row><row><cell></cell><cell>mr-random-twt-1m</cell><cell>88.13</cell><cell>86.71</cell><cell>88.19</cell></row><row><cell></cell><cell>mr-least-ht-1m</cell><cell>87.9</cell><cell>86.52</cell><cell>87.98</cell></row><row><cell></cell><cell>Hindi</cell><cell></cell><cell></cell><cell></cell></row><row><cell></cell><cell>MuRIL</cell><cell>78.59</cell><cell>73.39</cell><cell>77.40</cell></row><row><cell></cell><cell>HindBERT</cell><cell>80.09</cell><cell>75.99</cell><cell>79.37</cell></row><row><cell>HASOC 2-class</cell><cell>HindTweetBERT HindTweetBERT-Hateful</cell><cell>80.97 78.36</cell><cell>77.23 73.98</cell><cell>80.37 77.59</cell></row><row><cell></cell><cell>hi-random-twt-1m</cell><cell>79.73</cell><cell>75.39</cell><cell>78.91</cell></row><row><cell></cell><cell>hi-least-ht-1m</cell><cell>79.44</cell><cell>74.60</cell><cell>78.38</cell></row><row><cell></cell><cell>MuRIL</cell><cell>79.39</cell><cell>36.85</cell><cell>74.46</cell></row><row><cell></cell><cell>HindBERT</cell><cell>81.33</cell><cell>46.49</cell><cell>78.38</cell></row><row><cell>CONSTRAINT 4-class</cell><cell>HindTweetBERT HindTweetBERT-Hateful</cell><cell>81.71 79.74</cell><cell>50.80 45.18</cell><cell>79.86 77.48</cell></row><row><cell></cell><cell>hi-random-twt-1m</cell><cell>80.92</cell><cell>46.12</cell><cell>78.16</cell></row><row><cell></cell><cell>hi-least-ht-1m</cell><cell>81.55</cell><cell>48.81</cell><cell>79.25</cell></row></table></figure>
<figure xmlns="http://www.tei-c.org/ns/1.0" type="table" xml:id="tab_2"><head>Table 4 :</head><label>4</label><figDesc>Results of MahaTweetBERT in comparison with other models on the Marathi Sentiment Analysis dataset, MahaSent/</figDesc><table><row><cell></cell><cell cols="3">Accuracy F1 macro F1 Weighted</cell></row><row><cell>MuRiL</cell><cell>0.843</cell><cell>0.843</cell><cell>0.843</cell></row><row><cell>MahaBERT</cell><cell>0.849</cell><cell>0.849</cell><cell>0.849</cell></row><row><cell>MahaTweetBERT</cell><cell>0.854</cell><cell>0.853</cell><cell>0.853</cell></row></table></figure>
			<note xmlns="http://www.tei-c.org/ns/1.0" place="foot" n="7" xml:id="foot_0"> MahaHateBERT   </note>
		</body>
		<back>

			<div type="acknowledgement">
<div xmlns="http://www.tei-c.org/ns/1.0"><head>Acknowledgements</head><p>This work was done under the L3Cube Pune mentorship program and a part of the L3Cube-MahaNLP project <ref type="bibr" target="#b11">Joshi (2022c)</ref>. We would like to express our gratitude towards our mentors at L3Cube for their continuous support and encouragement.</p></div>
			</div>

			<div type="annex">
<div xmlns="http://www.tei-c.org/ns/1.0"> <ref type="bibr">Abhishek Velankar, Hrushikesh Patil, and Raviraj Joshi. 2023</ref></div>
<div xmlns="http://www.tei-c.org/ns/1.0"><head>B Model links</head><p>We present HTTPS URLs for all pre-trained models used in our experiments in Table <ref type="table">3</ref>. </p></div>
<div xmlns="http://www.tei-c.org/ns/1.0"><head>Marathi</head></div>			</div>
			<div type="references">

				<listBibl>

<biblStruct xml:id="b0">
	<analytic>
		<title level="a" type="main">Deep learning for hate speech detection in tweets</title>
		<author>
			<persName><forename type="first">Pinkesh</forename><surname>Badjatiya</surname></persName>
		</author>
		<author>
			<persName><forename type="first">Shashank</forename><surname>Gupta</surname></persName>
		</author>
		<author>
			<persName><forename type="first">Manish</forename><surname>Gupta</surname></persName>
		</author>
		<author>
			<persName><forename type="first">Vasudeva</forename><surname>Varma</surname></persName>
		</author>
	</analytic>
	<monogr>
		<title level="m">Proceedings of the 26th international conference on World Wide Web companion</title>
				<meeting>the 26th international conference on World Wide Web companion</meeting>
		<imprint>
			<date type="published" when="2017">2017</date>
			<biblScope unit="page" from="759" to="760" />
		</imprint>
	</monogr>
	<note type="raw_reference">Pinkesh Badjatiya, Shashank Gupta, Manish Gupta, and Vasudeva Varma. 2017. Deep learning for hate speech detection in tweets. In Proceedings of the 26th international conference on World Wide Web companion, pages 759-760.</note>
</biblStruct>

<biblStruct xml:id="b1">
	<monogr>
		<author>
			<persName><forename type="first">Iz</forename><surname>Beltagy</surname></persName>
		</author>
		<author>
			<persName><forename type="first">Kyle</forename><surname>Lo</surname></persName>
		</author>
		<author>
			<persName><forename type="first">Arman</forename><surname>Cohan</surname></persName>
		</author>
		<idno type="arXiv">arXiv:1903.10676</idno>
		<title level="m">Scibert: A pretrained language model for scientific text</title>
				<imprint>
			<date type="published" when="2019">2019</date>
		</imprint>
	</monogr>
	<note type="report_type">arXiv preprint</note>
	<note type="raw_reference">Iz Beltagy, Kyle Lo, and Arman Cohan. 2019. Scibert: A pretrained language model for scientific text. arXiv preprint arXiv:1903.10676.</note>
</biblStruct>

<biblStruct xml:id="b2">
	<monogr>
		<author>
			<persName><forename type="first">Mohit</forename><surname>Bhardwaj</surname></persName>
		</author>
		<author>
			<persName><forename type="first">Shad</forename><surname>Md</surname></persName>
		</author>
		<author>
			<persName><forename type="first">Asif</forename><surname>Akhtar</surname></persName>
		</author>
		<author>
			<persName><forename type="first">Amitava</forename><surname>Ekbal</surname></persName>
		</author>
		<author>
			<persName><forename type="first">Tanmoy</forename><surname>Das</surname></persName>
		</author>
		<author>
			<persName><surname>Chakraborty</surname></persName>
		</author>
		<idno type="arXiv">arXiv:2011.03588</idno>
		<title level="m">Hostility detection dataset in hindi</title>
				<imprint>
			<date type="published" when="2020">2020</date>
		</imprint>
	</monogr>
	<note type="report_type">arXiv preprint</note>
	<note type="raw_reference">Mohit Bhardwaj, Md Shad Akhtar, Asif Ekbal, Amitava Das, and Tanmoy Chakraborty. 2020. Hostility detection dataset in hindi. arXiv preprint arXiv:2011.03588.</note>
</biblStruct>

<biblStruct xml:id="b3">
	<monogr>
		<author>
			<persName><forename type="first">Tommaso</forename><surname>Caselli</surname></persName>
		</author>
		<author>
			<persName><forename type="first">Valerio</forename><surname>Basile</surname></persName>
		</author>
		<author>
			<persName><forename type="first">Jelena</forename><surname>Mitrović</surname></persName>
		</author>
		<author>
			<persName><forename type="first">Michael</forename><surname>Granitzer</surname></persName>
		</author>
		<idno type="arXiv">arXiv:2010.12472</idno>
		<title level="m">Hatebert: Retraining bert for abusive language detection in english</title>
				<imprint>
			<date type="published" when="2020">2020</date>
		</imprint>
	</monogr>
	<note type="report_type">arXiv preprint</note>
	<note type="raw_reference">Tommaso Caselli, Valerio Basile, Jelena Mitrović, and Michael Granitzer. 2020. Hatebert: Retraining bert for abusive language detection in english. arXiv preprint arXiv:2010.12472.</note>
</biblStruct>

<biblStruct xml:id="b4">
	<analytic>
		<title level="a" type="main">Prodromos Malakasiotis, Nikolaos Aletras, and Ion Androutsopoulos</title>
		<author>
			<persName><forename type="first">Ilias</forename><surname>Chalkidis</surname></persName>
		</author>
		<author>
			<persName><forename type="first">Manos</forename><surname>Fergadiotis</surname></persName>
		</author>
		<idno type="arXiv">arXiv:2010.02559</idno>
	</analytic>
	<monogr>
		<title level="m">Legal-bert: The muppets straight out of law school</title>
				<imprint>
			<date type="published" when="2020">2020</date>
		</imprint>
	</monogr>
	<note type="report_type">arXiv preprint</note>
	<note type="raw_reference">Ilias Chalkidis, Manos Fergadiotis, Prodromos Malakasiotis, Nikolaos Aletras, and Ion Androutsopou- los. 2020. Legal-bert: The muppets straight out of law school. arXiv preprint arXiv:2010.02559.</note>
</biblStruct>

<biblStruct xml:id="b5">
	<analytic>
		<title level="a" type="main">Mental health discourse on reddit: Self-disclosure, social support, and anonymity</title>
		<author>
			<persName><forename type="first">Munmun</forename><surname>De</surname></persName>
		</author>
		<author>
			<persName><forename type="first">Choudhury</forename></persName>
		</author>
		<author>
			<persName><forename type="first">Sushovan</forename><surname>De</surname></persName>
		</author>
	</analytic>
	<monogr>
		<title level="m">Eighth international AAAI conference on weblogs and social media</title>
				<imprint>
			<date type="published" when="2014">2014</date>
		</imprint>
	</monogr>
	<note type="raw_reference">Munmun De Choudhury and Sushovan De. 2014. Mental health discourse on reddit: Self-disclosure, social support, and anonymity. In Eighth international AAAI conference on weblogs and social media.</note>
</biblStruct>

<biblStruct xml:id="b6">
	<monogr>
		<author>
			<persName><forename type="first">Jacob</forename><surname>Devlin</surname></persName>
		</author>
		<author>
			<persName><forename type="first">Ming-Wei</forename><surname>Chang</surname></persName>
		</author>
		<author>
			<persName><forename type="first">Kenton</forename><surname>Lee</surname></persName>
		</author>
		<author>
			<persName><forename type="first">Kristina</forename><surname>Toutanova</surname></persName>
		</author>
		<idno type="arXiv">arXiv:1810.04805</idno>
		<title level="m">Pre-training of deep bidirectional transformers for language understanding</title>
				<meeting><address><addrLine>Bert</addrLine></address></meeting>
		<imprint>
			<date type="published" when="2018">2018</date>
		</imprint>
	</monogr>
	<note type="report_type">arXiv preprint</note>
	<note type="raw_reference">Jacob Devlin, Ming-Wei Chang, Kenton Lee, and Kristina Toutanova. 2018. Bert: Pre-training of deep bidirectional transformers for language understanding. arXiv preprint arXiv:1810.04805.</note>
</biblStruct>

<biblStruct xml:id="b7">
	<analytic>
		<title level="a" type="main">Don&apos;t stop pretraining: Adapt language models to domains and tasks</title>
		<author>
			<persName><forename type="first">Suchin</forename><surname>Gururangan</surname></persName>
		</author>
		<author>
			<persName><forename type="first">Ana</forename><surname>Marasović</surname></persName>
		</author>
		<author>
			<persName><forename type="first">Swabha</forename><surname>Swayamdipta</surname></persName>
		</author>
		<author>
			<persName><forename type="first">Kyle</forename><surname>Lo</surname></persName>
		</author>
		<author>
			<persName><forename type="first">Iz</forename><surname>Beltagy</surname></persName>
		</author>
		<author>
			<persName><forename type="first">Doug</forename><surname>Downey</surname></persName>
		</author>
		<author>
			<persName><forename type="first">Noah</forename><forename type="middle">A</forename><surname>Smith</surname></persName>
		</author>
	</analytic>
	<monogr>
		<title level="m">Proceedings of the 58th Annual Meeting of the Association for Computational Linguistics</title>
				<meeting>the 58th Annual Meeting of the Association for Computational Linguistics</meeting>
		<imprint>
			<date type="published" when="2020">2020</date>
			<biblScope unit="page" from="8342" to="8360" />
		</imprint>
	</monogr>
	<note type="raw_reference">Suchin Gururangan, Ana Marasović, Swabha Swayamdipta, Kyle Lo, Iz Beltagy, Doug Downey, and Noah A Smith. 2020. Don&apos;t stop pretraining: Adapt language models to domains and tasks. In Proceedings of the 58th Annual Meeting of the Association for Computational Linguistics, pages 8342-8360.</note>
</biblStruct>

<biblStruct xml:id="b8">
	<monogr>
		<title level="m" type="main">Clinicalbert: Modeling clinical notes and predicting hospital readmission</title>
		<author>
			<persName><forename type="first">Kexin</forename><surname>Huang</surname></persName>
		</author>
		<author>
			<persName><forename type="first">Jaan</forename><surname>Altosaar</surname></persName>
		</author>
		<author>
			<persName><forename type="first">Rajesh</forename><surname>Ranganath</surname></persName>
		</author>
		<idno type="arXiv">arXiv:1904.05342</idno>
		<imprint>
			<date type="published" when="2019">2019</date>
		</imprint>
	</monogr>
	<note type="report_type">arXiv preprint</note>
	<note type="raw_reference">Kexin Huang, Jaan Altosaar, and Rajesh Ranganath. 2019. Clinicalbert: Modeling clinical notes and predicting hospital readmission. arXiv preprint arXiv:1904.05342.</note>
</biblStruct>

<biblStruct xml:id="b9">
	<monogr>
		<title level="m" type="main">L3Cube-HindBERT and DevBERT: Pre-Trained BERT Transformer models for Devanagari based Hindi and Marathi Languages</title>
		<author>
			<persName><forename type="first">Raviraj</forename><surname>Joshi</surname></persName>
		</author>
		<idno type="arXiv">arXiv:2211.11418</idno>
		<imprint>
			<date type="published" when="2022">2022a</date>
		</imprint>
	</monogr>
	<note type="report_type">arXiv preprint</note>
	<note type="raw_reference">Raviraj Joshi. 2022a. L3Cube-HindBERT and DevBERT: Pre-Trained BERT Transformer models for Devanagari based Hindi and Marathi Languages. arXiv preprint arXiv:2211.11418.</note>
</biblStruct>

<biblStruct xml:id="b10">
	<analytic>
		<title level="a" type="main">L3Cube-MahaCorpus and MahaBERT: Marathi monolingual corpus, Marathi BERT language models, and resources</title>
		<author>
			<persName><forename type="first">Raviraj</forename><surname>Joshi</surname></persName>
		</author>
	</analytic>
	<monogr>
		<title level="m">Proceedings of the WILDRE-6 Workshop within the 13th Language Resources and Evaluation Conference</title>
				<meeting>the WILDRE-6 Workshop within the 13th Language Resources and Evaluation Conference<address><addrLine>Marseille, France</addrLine></address></meeting>
		<imprint>
			<publisher>European Language Resources Association</publisher>
			<date type="published" when="2022">2022b</date>
			<biblScope unit="page" from="97" to="101" />
		</imprint>
	</monogr>
	<note type="raw_reference">Raviraj Joshi. 2022b. L3Cube-MahaCorpus and MahaBERT: Marathi monolingual corpus, Marathi BERT language models, and resources. In Proceedings of the WILDRE-6 Workshop within the 13th Language Resources and Evaluation Conference, pages 97-101, Marseille, France. European Language Resources Association.</note>
</biblStruct>

<biblStruct xml:id="b11">
	<monogr>
		<author>
			<persName><forename type="first">Raviraj</forename><surname>Joshi</surname></persName>
		</author>
		<idno type="arXiv">arXiv:2205.14728</idno>
		<title level="m">L3cube-mahanlp: Marathi natural language processing datasets, models, and library</title>
				<imprint>
			<date type="published" when="2022">2022c</date>
		</imprint>
	</monogr>
	<note type="report_type">arXiv preprint</note>
	<note type="raw_reference">Raviraj Joshi. 2022c. L3cube-mahanlp: Marathi natural language processing datasets, models, and library. arXiv preprint arXiv:2205.14728.</note>
</biblStruct>

<biblStruct xml:id="b12">
	<analytic>
		<title level="a" type="main">Social media use and adolescent mental health: Findings from the uk millennium cohort study</title>
		<author>
			<persName><forename type="first">Yvonne</forename><surname>Kelly</surname></persName>
		</author>
		<author>
			<persName><forename type="first">Afshin</forename><surname>Zilanawala</surname></persName>
		</author>
		<author>
			<persName><forename type="first">Cara</forename><surname>Booker</surname></persName>
		</author>
		<author>
			<persName><forename type="first">Amanda</forename><surname>Sacker</surname></persName>
		</author>
	</analytic>
	<monogr>
		<title level="j">EClinicalMedicine</title>
		<imprint>
			<biblScope unit="volume">6</biblScope>
			<biblScope unit="page" from="59" to="68" />
			<date type="published" when="2018">2018</date>
		</imprint>
	</monogr>
	<note type="raw_reference">Yvonne Kelly, Afshin Zilanawala, Cara Booker, and Amanda Sacker. 2018. Social media use and adolescent mental health: Findings from the uk millennium cohort study. EClinicalMedicine, 6:59-68.</note>
</biblStruct>

<biblStruct xml:id="b13">
	<monogr>
		<author>
			<persName><forename type="first">Simran</forename><surname>Khanuja</surname></persName>
		</author>
		<author>
			<persName><forename type="first">Diksha</forename><surname>Bansal</surname></persName>
		</author>
		<author>
			<persName><forename type="first">Sarvesh</forename><surname>Mehtani</surname></persName>
		</author>
		<author>
			<persName><forename type="first">Savya</forename><surname>Khosla</surname></persName>
		</author>
		<author>
			<persName><forename type="first">Atreyee</forename><surname>Dey</surname></persName>
		</author>
		<author>
			<persName><forename type="first">Balaji</forename><surname>Gopalan</surname></persName>
		</author>
		<author>
			<persName><forename type="first">Dilip</forename><surname>Kumar Margam</surname></persName>
		</author>
		<author>
			<persName><forename type="first">Pooja</forename><surname>Aggarwal</surname></persName>
		</author>
		<author>
			<persName><forename type="first">Rajiv</forename><surname>Teja Nagipogu</surname></persName>
		</author>
		<author>
			<persName><forename type="first">Shachi</forename><surname>Dave</surname></persName>
		</author>
		<idno type="arXiv">arXiv:2103.10730</idno>
		<title level="m">Muril: Multilingual representations for indian languages</title>
				<imprint>
			<date type="published" when="2021">2021</date>
		</imprint>
	</monogr>
	<note type="report_type">arXiv preprint</note>
	<note type="raw_reference">Simran Khanuja, Diksha Bansal, Sarvesh Mehtani, Savya Khosla, Atreyee Dey, Balaji Gopalan, Dilip Kumar Margam, Pooja Aggarwal, Rajiv Teja Nagipogu, Shachi Dave, et al. 2021. Muril: Multilingual representations for indian languages. arXiv preprint arXiv:2103.10730.</note>
</biblStruct>

<biblStruct xml:id="b14">
	<analytic>
		<title level="a" type="main">Biobert: a pre-trained biomedical language representation model for biomedical text mining</title>
		<author>
			<persName><forename type="first">Jinhyuk</forename><surname>Lee</surname></persName>
		</author>
		<author>
			<persName><forename type="first">Wonjin</forename><surname>Yoon</surname></persName>
		</author>
		<author>
			<persName><forename type="first">Sungdong</forename><surname>Kim</surname></persName>
		</author>
		<author>
			<persName><forename type="first">Donghyeon</forename><surname>Kim</surname></persName>
		</author>
		<author>
			<persName><forename type="first">Sunkyu</forename><surname>Kim</surname></persName>
		</author>
		<author>
			<persName><forename type="first">Chan</forename><surname>Ho So</surname></persName>
		</author>
		<author>
			<persName><forename type="first">Jaewoo</forename><surname>Kang</surname></persName>
		</author>
	</analytic>
	<monogr>
		<title level="j">Bioinformatics</title>
		<imprint>
			<biblScope unit="volume">36</biblScope>
			<biblScope unit="issue">4</biblScope>
			<biblScope unit="page" from="1234" to="1240" />
			<date type="published" when="2020">2020</date>
		</imprint>
	</monogr>
	<note type="raw_reference">Jinhyuk Lee, Wonjin Yoon, Sungdong Kim, Donghyeon Kim, Sunkyu Kim, Chan Ho So, and Jaewoo Kang. 2020. Biobert: a pre-trained biomedical language representation model for biomedical text mining. Bioinformatics, 36(4):1234-1240.</note>
</biblStruct>

<biblStruct xml:id="b15">
	<monogr>
		<author>
			<persName><forename type="first">Yinhan</forename><surname>Liu</surname></persName>
		</author>
		<author>
			<persName><forename type="first">Myle</forename><surname>Ott</surname></persName>
		</author>
		<author>
			<persName><forename type="first">Naman</forename><surname>Goyal</surname></persName>
		</author>
		<author>
			<persName><forename type="first">Jingfei</forename><surname>Du</surname></persName>
		</author>
		<author>
			<persName><forename type="first">Mandar</forename><surname>Joshi</surname></persName>
		</author>
		<author>
			<persName><forename type="first">Danqi</forename><surname>Chen</surname></persName>
		</author>
		<author>
			<persName><forename type="first">Omer</forename><surname>Levy</surname></persName>
		</author>
		<author>
			<persName><forename type="first">Mike</forename><surname>Lewis</surname></persName>
		</author>
		<author>
			<persName><forename type="first">Luke</forename><surname>Zettlemoyer</surname></persName>
		</author>
		<author>
			<persName><forename type="first">Veselin</forename><surname>Stoyanov</surname></persName>
		</author>
		<idno type="arXiv">arXiv:1907.11692</idno>
		<title level="m">Roberta: A robustly optimized bert pretraining approach</title>
				<imprint>
			<date type="published" when="2019">2019</date>
		</imprint>
	</monogr>
	<note type="report_type">arXiv preprint</note>
	<note type="raw_reference">Yinhan Liu, Myle Ott, Naman Goyal, Jingfei Du, Mandar Joshi, Danqi Chen, Omer Levy, Mike Lewis, Luke Zettlemoyer, and Veselin Stoyanov. 2019. Roberta: A robustly optimized bert pretraining approach. arXiv preprint arXiv:1907.11692.</note>
</biblStruct>

<biblStruct xml:id="b16">
	<monogr>
		<title level="m" type="main">Overview of the hasoc subtrack at fire 2021: Hate speech and offensive content identification in english and indo-aryan languages</title>
		<author>
			<persName><forename type="first">Thomas</forename><surname>Mandl</surname></persName>
		</author>
		<author>
			<persName><forename type="first">Sandip</forename><surname>Modha</surname></persName>
		</author>
		<author>
			<persName><forename type="first">Kishore</forename><surname>Gautam</surname></persName>
		</author>
		<author>
			<persName><forename type="first">Hiren</forename><surname>Shahi</surname></persName>
		</author>
		<author>
			<persName><forename type="first">Shrey</forename><surname>Madhu</surname></persName>
		</author>
		<author>
			<persName><forename type="first">Prasenjit</forename><surname>Satapara</surname></persName>
		</author>
		<author>
			<persName><forename type="first">Johannes</forename><surname>Majumder</surname></persName>
		</author>
		<author>
			<persName><forename type="first">Tharindu</forename><surname>Schaefer</surname></persName>
		</author>
		<author>
			<persName><forename type="first">Marcos</forename><surname>Ranasinghe</surname></persName>
		</author>
		<author>
			<persName><forename type="first">Durgesh</forename><surname>Zampieri</surname></persName>
		</author>
		<author>
			<persName><forename type="first">Amit</forename><surname>Nandini</surname></persName>
		</author>
		<author>
			<persName><forename type="first">Jaiswal</forename><surname>Kumar</surname></persName>
		</author>
		<idno type="DOI">10.48550/ARXIV.2112.09301</idno>
		<imprint>
			<date type="published" when="2021">2021</date>
		</imprint>
	</monogr>
	<note type="raw_reference">Thomas Mandl, Sandip Modha, Gautam Kishore Shahi, Hiren Madhu, Shrey Satapara, Prasenjit Majumder, Johannes Schaefer, Tharindu Ranasinghe, Marcos Zampieri, Durgesh Nandini, and Amit Kumar Jaiswal. 2021. Overview of the hasoc subtrack at fire 2021: Hate speech and offensive content identification in english and indo-aryan languages.</note>
</biblStruct>

<biblStruct xml:id="b17">
	<monogr>
		<title level="m" type="main">Advances in machine learning algorithms for hate speech detection in social media: a review</title>
		<imprint>
			<date type="published" when="2021">2021</date>
			<publisher>IEEE Access</publisher>
		</imprint>
	</monogr>
	<note>Nanlir Sallau Mullah and Wan Mohd Nazmee Wan Zainon</note>
	<note type="raw_reference">Nanlir Sallau Mullah and Wan Mohd Nazmee Wan Zainon. 2021. Advances in machine learning algorithms for hate speech detection in social media: a review. IEEE Access.</note>
</biblStruct>

<biblStruct xml:id="b18">
	<analytic>
		<title level="a" type="main">L3cube-mahahate: A tweet-based marathi hate speech detection dataset and bert models</title>
		<author>
			<persName><forename type="first">Hrushikesh</forename><surname>Patil</surname></persName>
		</author>
		<author>
			<persName><forename type="first">Abhishek</forename><surname>Velankar</surname></persName>
		</author>
		<author>
			<persName><forename type="first">Raviraj</forename><surname>Joshi</surname></persName>
		</author>
	</analytic>
	<monogr>
		<title level="m">Proceedings of the Third Workshop on Threat, Aggression and Cyberbullying (TRAC 2022)</title>
				<meeting>the Third Workshop on Threat, Aggression and Cyberbullying (TRAC 2022)</meeting>
		<imprint>
			<date type="published" when="2022">2022</date>
			<biblScope unit="page" from="1" to="9" />
		</imprint>
	</monogr>
	<note type="raw_reference">Hrushikesh Patil, Abhishek Velankar, and Raviraj Joshi. 2022. L3cube-mahahate: A tweet-based marathi hate speech detection dataset and bert models. In Proceedings of the Third Workshop on Threat, Aggression and Cyberbullying (TRAC 2022), pages 1-9.</note>
</biblStruct>

<biblStruct xml:id="b19">
	<monogr>
		<title level="m" type="main">Solid: A large-scale semi-supervised dataset for offensive language identification</title>
		<author>
			<persName><forename type="first">Sara</forename><surname>Rosenthal</surname></persName>
		</author>
		<author>
			<persName><forename type="first">Pepa</forename><surname>Atanasova</surname></persName>
		</author>
		<author>
			<persName><forename type="first">Georgi</forename><surname>Karadzhov</surname></persName>
		</author>
		<author>
			<persName><forename type="first">Marcos</forename><surname>Zampieri</surname></persName>
		</author>
		<author>
			<persName><forename type="first">Preslav</forename><surname>Nakov</surname></persName>
		</author>
		<idno type="arXiv">arXiv:2004.14454</idno>
		<imprint>
			<date type="published" when="2020">2020</date>
		</imprint>
	</monogr>
	<note type="report_type">arXiv preprint</note>
	<note type="raw_reference">Sara Rosenthal, Pepa Atanasova, Georgi Karadzhov, Marcos Zampieri, and Preslav Nakov. 2020. Solid: A large-scale semi-supervised dataset for offensive language identification. arXiv preprint arXiv:2004.14454.</note>
</biblStruct>

<biblStruct xml:id="b20">
	<monogr>
		<author>
			<persName><forename type="first">Diptanu</forename><surname>Sarkar</surname></persName>
		</author>
		<author>
			<persName><forename type="first">Marcos</forename><surname>Zampieri</surname></persName>
		</author>
		<author>
			<persName><forename type="first">Tharindu</forename><surname>Ranasinghe</surname></persName>
		</author>
		<author>
			<persName><forename type="first">Alexander</forename><surname>Ororbia</surname></persName>
		</author>
		<idno type="arXiv">arXiv:2109.05074</idno>
		<title level="m">Fbert: A neural transformer for identifying offensive content</title>
				<imprint>
			<date type="published" when="2021">2021</date>
		</imprint>
	</monogr>
	<note type="report_type">arXiv preprint</note>
	<note type="raw_reference">Diptanu Sarkar, Marcos Zampieri, Tharindu Ranasinghe, and Alexander Ororbia. 2021. Fbert: A neural transformer for identifying offensive content. arXiv preprint arXiv:2109.05074.</note>
</biblStruct>

<biblStruct xml:id="b21">
	<analytic>
		<title level="a" type="main">A survey on hate speech detection using natural language processing</title>
		<author>
			<persName><forename type="first">Anna</forename><surname>Schmidt</surname></persName>
		</author>
		<author>
			<persName><forename type="first">Michael</forename><surname>Wiegand</surname></persName>
		</author>
	</analytic>
	<monogr>
		<title level="m">Proceedings of the fifth international workshop on natural language processing for social media</title>
				<meeting>the fifth international workshop on natural language processing for social media</meeting>
		<imprint>
			<date type="published" when="2017">2017</date>
			<biblScope unit="page" from="1" to="10" />
		</imprint>
	</monogr>
	<note type="raw_reference">Anna Schmidt and Michael Wiegand. 2017. A survey on hate speech detection using natural language processing. In Proceedings of the fifth international workshop on natural language processing for social media, pages 1-10.</note>
</biblStruct>

<biblStruct xml:id="b22">
	<monogr>
		<author>
			<persName><forename type="first">Abhishek</forename><surname>Velankar</surname></persName>
		</author>
		<author>
			<persName><forename type="first">Hrushikesh</forename><surname>Patil</surname></persName>
		</author>
		<author>
			<persName><forename type="first">Amol</forename><surname>Gore</surname></persName>
		</author>
		<author>
			<persName><forename type="first">Shubham</forename><surname>Salunke</surname></persName>
		</author>
		<author>
			<persName><forename type="first">Raviraj</forename><surname>Joshi</surname></persName>
		</author>
		<idno type="arXiv">arXiv:2110.12200</idno>
		<title level="m">Hate and offensive speech detection in hindi and marathi</title>
				<imprint>
			<date type="published" when="2021">2021</date>
		</imprint>
	</monogr>
	<note type="report_type">arXiv preprint</note>
	<note type="raw_reference">Abhishek Velankar, Hrushikesh Patil, Amol Gore, Shubham Salunke, and Raviraj Joshi. 2021. Hate and offensive speech detection in hindi and marathi. arXiv preprint arXiv:2110.12200.</note>
</biblStruct>

<biblStruct xml:id="b23">
	<monogr>
		<title level="m" type="main">A review of challenges in machine learning based automated hate speech detection</title>
		<author>
			<persName><forename type="first">Abhishek</forename><surname>Velankar</surname></persName>
		</author>
		<author>
			<persName><forename type="first">Hrushikesh</forename><surname>Patil</surname></persName>
		</author>
		<author>
			<persName><forename type="first">Raviraj</forename><surname>Joshi</surname></persName>
		</author>
		<idno type="arXiv">arXiv:2209.05294</idno>
		<imprint>
			<date type="published" when="2022">2022</date>
		</imprint>
	</monogr>
	<note type="report_type">arXiv preprint</note>
	<note type="raw_reference">Abhishek Velankar, Hrushikesh Patil, and Raviraj Joshi. 2022. A review of challenges in machine learning based automated hate speech detection. arXiv preprint arXiv:2209.05294.</note>
</biblStruct>

				</listBibl>
			</div>
		</back>
	</text>
</TEI>
