<?xml version="1.0" encoding="UTF-8"?>
<TEI xml:space="preserve" xmlns="http://www.tei-c.org/ns/1.0" 
xmlns:xsi="http://www.w3.org/2001/XMLSchema-instance" 
xsi:schemaLocation="http://www.tei-c.org/ns/1.0 https://raw.githubusercontent.com/kermitt2/grobid/master/grobid-home/schemas/xsd/Grobid.xsd"
 xmlns:xlink="http://www.w3.org/1999/xlink">
	<teiHeader xml:lang="en">
		<fileDesc>
			<titleStmt>
				<title level="a" type="main">A Multimodal Corpus for Emotion Recognition in Sarcasm</title>
			</titleStmt>
			<publicationStmt>
				<publisher/>
				<availability status="unknown"><licence/></availability>
			</publicationStmt>
			<sourceDesc>
				<biblStruct>
					<analytic>
						<author>
							<persName><forename type="first">Anupama</forename><surname>Ray</surname></persName>
							<email>anupamar@in.ibm.com</email>
							<affiliation key="aff0">
								<orgName type="department">Department of Computer Science and Engineering</orgName>
								<orgName type="institution" key="instit1">IBM Research India</orgName>
								<orgName type="institution" key="instit2">IIT Bombay</orgName>
								<address>
									<country key="IN">India</country>
								</address>
							</affiliation>
						</author>
						<author>
							<persName><forename type="first">Shubham</forename><surname>Mishra</surname></persName>
							<email>shubham101mishra@gmail.com</email>
							<affiliation key="aff0">
								<orgName type="department">Department of Computer Science and Engineering</orgName>
								<orgName type="institution" key="instit1">IBM Research India</orgName>
								<orgName type="institution" key="instit2">IIT Bombay</orgName>
								<address>
									<country key="IN">India</country>
								</address>
							</affiliation>
						</author>
						<author>
							<persName><forename type="first">Apoorva</forename><surname>Nunna</surname></persName>
							<email>apoorvanunna@cse.iitb.ac.in</email>
							<affiliation key="aff0">
								<orgName type="department">Department of Computer Science and Engineering</orgName>
								<orgName type="institution" key="instit1">IBM Research India</orgName>
								<orgName type="institution" key="instit2">IIT Bombay</orgName>
								<address>
									<country key="IN">India</country>
								</address>
							</affiliation>
						</author>
						<author>
							<persName><forename type="first">Pushpak</forename><surname>Bhattacharyya</surname></persName>
							<affiliation key="aff0">
								<orgName type="department">Department of Computer Science and Engineering</orgName>
								<orgName type="institution" key="instit1">IBM Research India</orgName>
								<orgName type="institution" key="instit2">IIT Bombay</orgName>
								<address>
									<country key="IN">India</country>
								</address>
							</affiliation>
						</author>
						<title level="a" type="main">A Multimodal Corpus for Emotion Recognition in Sarcasm</title>
					</analytic>
					<monogr>
						<imprint>
							<date/>
						</imprint>
					</monogr>
					<idno type="MD5">10407D8C8320B6A6B6C916A8C45F535C</idno>
				</biblStruct>
			</sourceDesc>
		</fileDesc>
		<encodingDesc>
			<appInfo>
				<application version="0.7.3-SNAPSHOT" ident="GROBID" when="2023-01-12T07:39+0000">
					<desc>GROBID - A machine learning software for extracting information from scholarly documents</desc>
					<ref target="https://github.com/kermitt2/grobid"/>
				</application>
			</appInfo>
		</encodingDesc>
		<profileDesc>
			<textClass>
				<keywords>
					<term>Emotion understanding</term>
					<term>sarcasm</term>
					<term>multimodal</term>
					<term>valence-arousal</term>
				</keywords>
			</textClass>
			<abstract>
<div xmlns="http://www.tei-c.org/ns/1.0"><p>While sentiment and emotion analysis have been studied extensively, the relationship between sarcasm and emotion has largely remained unexplored. A sarcastic expression may have a variety of underlying emotions. For example, "I love being ignored" belies sadness, while "my mobile is fabulous with a battery backup of only 15 minutes!" expresses frustration. Detecting the emotion behind a sarcastic expression is non-trivial yet an important task. We undertake the task of detecting the emotion in a sarcastic statement, which to the best of our knowledge, is hitherto unexplored. We start with the recently released multimodal sarcasm detection dataset (MUStARD) pre-annotated with 9 emotions. We identify and correct 343 incorrect emotion labels (out of 690). We double the size of the dataset, label it with emotions along with valence and arousal which are important indicators of emotional intensity. Finally, we label each sarcastic utterance with one of the four sarcasm types-Propositional, Embedded, Likeprefixed and Illocutionary, with the goal of advancing sarcasm detection research. Exhaustive experimentation with multimodal (text, audio, and video) fusion models establishes a benchmark for exact emotion recognition in sarcasm and outperforms the state-of-art sarcasm detection. We release the dataset enriched with various annotations and the code for research purposes: https://github.com/apoorva-nunna/MUStARD_Plus_Plus</p></div>
			</abstract>
		</profileDesc>
	</teiHeader>
	<text xml:lang="en">
		<body>
<div xmlns="http://www.tei-c.org/ns/1.0"><head n="1.">Introduction</head><p>Emotion understanding leads to a deeper insight into the intent of the speaker and is key to generating the right response in conversational systems. Detecting emotions and sarcasm is crucial for all services involving human interactions, such as chatbots, e-commerce, e-tourism, and several other businesses. To be able to understand the user's intent, we started with the research problem on understanding the emotions that lead to the usage of sarcasm in a conversation. Sarcasm is a very sophisticated linguistic articulation where the surface meaning often stands in contrast to the underlying deeper meaning. While this incongruity is the key element of sarcasm, the intent could be to appear humorous, ridicule someone, or to express contempt. Thus sarcasm is considered a very nuanced or intelligent language construct that poses several challenges to emotion recognition; for example, perceived emotion could be completely flipped due to the presence of sarcasm. Sarcasm often relies on verbal and non-verbal cues (pitch, tone, emphasis in speech, and body language in video). Even for humans, understanding the underlying emotion is challenging without the audio/video or the context of the conversation. However, researchers have worked on sarcasm detection on text modality with textual datasets (such as tweets <ref type="bibr" target="#b19">(Oprea and Magdy, 2020)</ref>, Reddit short texts <ref type="bibr" target="#b13">(Khodak et al., 2017)</ref>, dialogue <ref type="bibr" target="#b20">(Oraby et al., 2016)</ref> etc) for a decade. Recently we have seen multimodal datasets in the space of sarcasm detection, for example, image data from Twitter <ref type="bibr" target="#b2">(Cai et al., 2019)</ref>, code-mixed sarcasm and humor detection dataset <ref type="bibr" target="#b0">(Bedi et al., 2021)</ref>. <ref type="bibr">(Castro et al., 2019)</ref> released a video dataset for sarcasm detection called MUStARD with 345 sarcastic videos and 345 non-sarcastic videos. <ref type="bibr">(Chauhan et al., 2020)</ref> annotated MUStARD data with 9 emotion labels and sentiment (all sarcastic utterances having negative sentiment) and used emotion and sentiment to improve sarcasm detection. We started with this emotion-labeled variant of MUS-tARD provided by <ref type="bibr">(Chauhan et al., 2020)</ref> to build a multiclass emotion recognizer on sarcastic utterances and observed several labeling errors while performing error analysis. During the annotation effort, we doubled the dataset by adding new utterances from similar sitcom genre series as in MUStARD while maintaining 50% sarcastic and 50% non-sarcastic videos. The affective dimensions of valence and arousal are commonly studied in the psychological and cognitive exploration of emotion <ref type="bibr" target="#b18">(Mohammad, 2021)</ref> and help in better understanding of emotion category and intensity. Thus the entire dataset is annotated with arousal and valence along with the perceived emotion of the speaker. While valence indicates the extent to which the emotion is positive or negative, arousal measures the intensity of the emotion associated <ref type="bibr" target="#b5">(Cowie and Cornelius, 2003)</ref>. Finally, we also add sarcasm type as metadata which would help advance sarcasm detection research as well as give an understanding of what kind of information/modality is required to improve sarcasm detection. The four types of sarcasm are: Propositional, Embedded, Like-Prefixed and Illocutionary <ref type="bibr" target="#b3">(Camp, 2012)</ref>. Propositional sarcasm needs context information to be able to detect whether it's sarcasm or not. For example: "your plan sounds fantastic!" may seem non-sarcastic if the context information is not present <ref type="bibr" target="#b32">(Zvolenszky, 2012)</ref>. Embedded sarcasm has an embedded incongruity within the utterance; thus, the text itself is sufficient to detect sarcasm. For example: "It's so much fun working at 2 am at night". Like-prefixed sarcasm as the name suggests uses a like-phrase to show the incongruity of the argu-ment being said, for example, "Like you care" <ref type="bibr" target="#b11">(Joshi et al., 2017)</ref>. Illocutionary sarcasm is a type of sarcasm that bears the sarcasm in the non-textual cues, and the text is often the opposite of the attitude captured in the audio or video modality. <ref type="bibr" target="#b32">(Zvolenszky, 2012)</ref> give an example of rolling eyes while saying "Yeah right" being a sarcastic sentence; although the text is sincere prosodic features in audio and eye movement in the video clearly show the sarcasm. The main contributions of this paper are:</p><p>• An extended data resource which we call MUS-tARD++ where we have doubled the existing MUStARD dataset and added labels for emotion, valence, arousal, and sarcasm-type information.</p><p>• Identify and correct labeling issues in emotion labels on MUStARD data presented in <ref type="bibr">(Chauhan et al., 2020)</ref>.</p><p>• Exhaustive experimentation to benchmark multimodal fusion models for emotion detection in sarcasm.</p><p>Figure <ref type="figure" target="#fig_0">1</ref> is a sample in MUStARD++ with the labels and metadata information added to each video utterance.</p><p>The text in the red bubble is the transcription of the sarcastic utterance, and the text in the yellow bubbles is the contextual sentences transcribed from the contextual video frames. The sarcasm is clearly evident just from the text modality (Embedded sarcasm). This utterance is also an illustration of cases where the explicit emotion and implicit emotion of the speaker are different. This is common in sarcastic utterances where the speaker makes a sarcastic comment with either no expression or vocal changes but means quite the opposite. </p></div>
<div xmlns="http://www.tei-c.org/ns/1.0"><head n="2.">Related Work</head><p>While there exist several studies on sentiment and emotion analysis, the relationship between emotion and sar-casm has been largely unaddressed. Most of the existing research has focused on the detection of sarcasm <ref type="bibr" target="#b10">(Joshi et al., 2016)</ref>, <ref type="bibr" target="#b12">(Joshi et al., 2018)</ref>. Research studying the impact of sarcasm on sentiment analysis <ref type="bibr" target="#b16">(Maynard and Greenwood, 2014)</ref> showed that sarcasm often has a negative sentiment, but the associated emotion(s) is important to frame the response and follow-up communication. <ref type="bibr" target="#b28">(Schifanella et al., 2016)</ref> extended sarcasm detection to multimodal data (images and text) from social media and observed that visual features did boost the performance over the textual models. Along similar lines, <ref type="bibr" target="#b27">(Sangwan et al., 2020)</ref> reported the improvement of the sarcasm detection task by using image data in addition to text. The dataset is curated from Instagram and the authors consider the image, text caption, and the transcript embedded within the image as multiple modalities. <ref type="bibr" target="#b2">(Cai et al., 2019</ref>) used text features, image features and image attributes as three modalities and proposed a multimodal hierarchical fusion model for sarcasm detection on tweets.</p><p>MUStARD <ref type="bibr">(Castro et al., 2019)</ref> is a subset of Multimodal Emotion Lines Dataset (MELD) <ref type="bibr" target="#b23">(Poria et al., 2018)</ref> and MELD is a multimodal extension of textual dataset EmotionLines <ref type="bibr" target="#b4">(Chen et al., 2018)</ref>. MELD contains about 13,000 utterances from the TV series Friends, labeled with one of the seven emotions (anger, disgust, sadness, joy, neutral, surprise, and fear) and sentiment. EmotionLines <ref type="bibr" target="#b4">(Chen et al., 2018)</ref> and EmoryNLP <ref type="bibr" target="#b31">(Zahiri and Choi, 2017)</ref> are textual datasets with conversational data, the former containing data from the TV show Friends and private Facebook messenger dialogues, while the latter was also curated from the series Friends. Iemocap <ref type="bibr" target="#b1">(Busso et al., 2008</ref>) is a wellknown multimodal, dyadic dataset with 151 recorded videos annotated with categorical emotion labels, as well as dimensional labels such as valence, activation, and dominance. However, none of them have sarcastic utterances. <ref type="bibr" target="#b0">(Bedi et al., 2021)</ref> released a Hindi-English code-mixed dataset for the problem of Multimodal Sarcasm Detection and Humour Classification in a conversational dialog. They also propose an attention-based architecture named MSH-COMICS for enhanced utterance classification. Along with categorical classification of basic emotions, seminal works <ref type="bibr" target="#b26">(Russell, 1980;</ref><ref type="bibr" target="#b22">Plutchick, 1980)</ref> also propose dimensional models of emotion (Ex: Valence, Arousal, Dominance), which could help in capturing the complicated nature of human emotions better. <ref type="bibr" target="#b30">(Zafeiriou et al., 2017</ref>) created a database of 298 videos (non-enacted, in-the-wild) and captured facial affect in their subjects in terms of valence arousal annotations ranging between -1 to +1. Similar work was undertaken in <ref type="bibr" target="#b24">(Preot ¸iuc-Pietro et al., 2016)</ref> where valence and arousal were annotated on a nine-point scale on Facebook data. They also release bag-of-words regression models trained on their data which outperform popular sentiment analysis lexicons in valence-arousal prediction tasks.</p></div>
<div xmlns="http://www.tei-c.org/ns/1.0"><head n="3.">Label Changes in MUStARD</head><p>(Chauhan et al., 2020) annotated the MUStARD dataset with emotions and sentiment and showed that emotion and sentiment labels could help sarcasm detection.</p><p>Since our study mainly focuses on understanding the speaker's emotion leading to the use of sarcasm, we used their basic emotion annotation. After performing extensive experiments with all combinations of Video, Text and Audio and several state-of-art models, we observed that most of the errors arise from the model predicting negative emotions when the true label is either Neutral or Happy. On detailed qualitative analysis, we observed that the labels for those sarcastic datapoints seemed intuitively incorrect. We built several models using each modality separately and also in combinations using different types of feature extractors and classifiers on the dataset. We flagged cases where majority of the models agreed with each other but disagreed with ground truth labels to obtain instances that needed re-annotation. We also grouped the error categories and the flagged cases to few distinct categories and observed that most of the errors are in sarcastic utterances.</p><p>Our analysis flagged 399 cases of disagreement with (Chauhan et al., 2020) out of the 690 video utterances.</p><p>We initiated an unbiased manual labeling effort by a team of annotators on the entire dataset without giving them the labels from <ref type="bibr">(Chauhan et al., 2020)</ref>. The reannotation effort led to identifying 88 labeling issues in non-sarcastic and 255 labeling issues in sarcastic sentences.</p><p>A major chunk of errors (90 out of 345 sarcastic sentences) is in utterances previously labeled as Neutral.</p><p>Literature shows that people resort to sarcasm in their utterances when they have negative intent or negative sentiment <ref type="bibr" target="#b11">(Joshi et al., 2017)</ref>. In sarcasm, the explicit emotion can be positive, but the implied emotion/sentiment must have opposite polarity; hence it seemed unlikely for neutral or happy to appear in implicit emotion. Table <ref type="table" target="#tab_1">1</ref> shows an example of a label error wherein the utterance is marked as neutral for both explicit and implicit emotion. The sarcastic utterance (in gray) is expressed out of Disgust and cannot be Neutral. Also, the audio and video clearly indicate that the speaker was overexcited to place the order before anyone else could speak. This particular utterance is an example of Propositional sarcasm since we need the prior conversations to understand the sarcasm but the textual sentences are enough and doesn't need additional modalities for sarcasm detection. Additional modalities are however crucial for understanding the emotions for such cases. Our annotators felt that the cases labeled as neutral originally might have been difficult to annotate and thus were marked as neutral under majority voting.</p><p>Table <ref type="table" target="#tab_2">2</ref> shows the number of label changes that were done on original MUStARD dataset. As seen in Table <ref type="table" target="#tab_2">2</ref>, most labeling errors are in sarcastic utterances due to the challenges sarcasm adds. There were 62 sarcastic utterances which were labeled with happy as implicit The backwash into this glass is every pathogen that calls your mouth home, sweet home. Not to mention the visitors who arrive on the dancing tongue of your subtropical girlfriend.</p></div>
<div xmlns="http://www.tei-c.org/ns/1.0"><head>Neu Neu Exi Dis</head><p>Hey! That's my sister and my country you're talking about. Leonard may have defiled one, but I won't have you talking smack about the other.</p><p>You guys ready to order?</p><p>Yes, I'd like a seven-day course of penicillin, some, uh, syrup of ipecac-to induce vomiting-and a mint. emotion and 114 sarcastic sentences had happy as explicit emotion. While happy can be an explicit emotion, our annotators suggested that the correct intent for such sarcastic utterances should be ridicule or mockery as these shows belong to the genre of situational comedy (sit-com), wherein characters use sarcasm to ridicule their friends while demonstrating happiness explicitly. Thus we introduced a new label Ridicule and allowed annotators to label as per these labels.</p></div>
<div xmlns="http://www.tei-c.org/ns/1.0"><head n="4.">Dataset</head><p>Towards understanding emotions in sarcasm, we had two main challenges: difficulty in getting multimodal sarcastic data, and challenges of annotating the perceived emotion of a speaker for every sarcastic utterance. While 10,000 non-sarcastic videos could be gathered in MELD <ref type="bibr" target="#b23">(Poria et al., 2018)</ref>, only 345 out of them were sarcastic <ref type="bibr">(Castro et al., 2019)</ref> which stands proof to the difficulty in finding multimodal sarcasm data. In this work, we doubled the size of this dataset, by carefully adding sarcastic videos from similar genre, annotate it with sarcasm presence or absence, as well as emotions, arousal and valence. We also point out that to improve sarcasm detection, it is important to understand the type of sarcasm present and thus annotate each video with the sarcasm types -Propositional, Illocutionary, Like-Prefixed and Embedded.</p></div>
<div xmlns="http://www.tei-c.org/ns/1.0"><head n="4.1.">Data collection</head><p>In <ref type="bibr">(Castro et al., 2019)</ref>, authors collected videos from sit-com TV shows: Friends, Big Bang Theory (seasons 1-8), The Golden Girls, and Burnistoun (also referred to as Sarcasmaholics Anonymous). We collected all videos from The Big Bang Theory season 9-12, out of which we could only get 216 sarcastic video utterances. We considered another series of similar genre called The Silicon Valley<ref type="foot" target="#foot_0">1</ref> which has 6 seasons of 53 episodes.</p><p>Out of the 53 episodes, we could only find 41 video utterances that are sarcastic. Although all such videos have humor, not all are sarcastic, thus needing careful observation while selecting and manual annotation. We added equal number of non-sarcastic videos with context to create balanced sarcasm detection dataset. While in non-sarcastic sentences a speaker might have only one emotion, sarcasm due to its incongruous nature, exhibits an extrinsic and an intrinsic emotion.</p></div>
<div xmlns="http://www.tei-c.org/ns/1.0"><head n="4.2.">Annotation Protocol and Observations</head><p>We employ seven annotators proficient in English.</p><p>While one annotator has a Ph.D. in Humanities, two of them were linguists; others were engineering graduates. They were selected from a pool of annotators due to their prior working experience in the field of Sentiment and Emotion Analysis and understanding of emotion and sarcasm. We have four male and three female annotators and all annotators were in the age group of 18-30. They were provided the detailed instructions on the annotation protocol before beginning the annotation process with examples of each type of sarcasm. In the first round of manual annotation, we gave our annotators the original MUStARD dataset for emotion annotation and asked them to put their labels for extrinsic and intrinsic emotion of the speaker without access to the emotion labels provided by <ref type="bibr">(Chauhan et al., 2020)</ref>. Instead of annotating only those videos where we observed the incorrect labels, we decided to annotate all videos of existing dataset as well as our newly collected video utterances. Annotators had access to full videos for annotation but were instructed to start with only text transcription of the utterance, then proceed with text transcriptions of contextual frames and finally watch the utterance and context video. Following this annotation protocol is especially important to be able to correctly classify the sarcasm type. For example, text to be observed in isolation for Embedded and Like-Prefixed sarcasm, transcript of utterance and context should be observed in isolation for Propositional sarcasm, and the whole video to be considered for Illocutionary sarcasm. Out of the 601 sarcastic videos, we have 333 Propositional ( 55.4%), 178 Illocutionary 29.6%, 87 Embedded 14.4% and 3 Like-prefixed 0.4%</p><formula xml:id="formula_0">Silicon_Valley_(TV_series)</formula><p>sarcastic videos in this proposed dataset. Figure <ref type="figure" target="#fig_1">2</ref> shows a breakdown of emotion distribution per type of sarcasm present.</p><p>Below are some examples of labeling issues: utterances with different extrinsic and intrinsic emotions and the emotion label changes introduced for more clarity. We also provide insights that help understand the challenges in emotion recognition in sarcasm. We thought you were just here for the company. He is a sarcasmoholic Stewart.  the most likely emotion is frustration and disgust, and not anger, we cannot directly call all such instances contempt. Also, the intent of the speaker of the sarcastic utterance is predominantly to mock or ridicule; thus, we called this category Ridicule. Also, Ridicule is not a basic emotion present in the gold standard emotion scales <ref type="bibr" target="#b22">(Plutchick, 1980;</ref><ref type="bibr" target="#b7">Ekman, 1999)</ref>, and we call it just a category in our labeling scheme and not a basic emotion.  During re-annotation, 345 of the sarcastic videos from MUStARD are annotated as sarcastic, implying that the annotators have good understanding of sarcasm. Also, out of 264 new videos, 8 videos are moved to nonsarcastic because at least one annotator annotated it as non-sarcastic, making the total number of sarcastic videos in MUStARD++ 601. We increased the number of non-sarcastic videos to 601 in the extended dataset.</p><p>The final label was chosen via majority voting. The overall inter-annotator agreement was calculated with a Kappa score of 0.595, which is comparable with the Kappa score of 0.5877 of original MUStARD annotations. Table <ref type="table" target="#tab_6">5</ref> shows the explicit and implicit emotion distribution of the extended dataset. Additionally, annotators were instructed to rate each utterance with a valence and an arousal rating ranging from 1 to 9, with 1 being extremely low, 9 being extremely high and 5 being neutral. Pair-wise Quadratic Cohen Kappa was used to evaluate the inter-annotator agreement, and the average agreement was found to be 0.638 for valence and 0.689 for arousal.</p></div>
<div xmlns="http://www.tei-c.org/ns/1.0"><head n="5.">Experiments</head><p>Although our primary goal is to detect emotions in sarcasm, we also benchmark the proposed extended dataset We analyze the impact of context and speaker information in each of the models. In the speaker dependent setup we passed the speaker information as a one-hot vector along with the utterance. When no such speaker information is passed, that method is being referred to as speaker-independent method. This was done as we observed that there are specific characters in each series who pass most of the sarcastic comments. Thus we wanted to see if the models benefit from the speaker information or not.</p></div>
<div xmlns="http://www.tei-c.org/ns/1.0"><head n="5.1.">Preprocessing and Feature Extraction</head><p>Owing to the presence of multiple modalities, the features from text, audio and video were separately extracted and fused appropriately to act as input into our model. We discuss our feature extraction methods in detail below.</p></div>
<div xmlns="http://www.tei-c.org/ns/1.0"><head>Textual Modality</head><p>In order to extract features from transcript (context and utterance), we tried using different transformer models such as BERT <ref type="bibr" target="#b6">(Devlin et al., 2018)</ref>,BART <ref type="bibr" target="#b14">(Lewis et al., 2019)</ref>, RoBERTa (RoB, ) and T5 <ref type="bibr" target="#b25">(Raffel et al., 2020)</ref>. BART performed slightly better in all experiments (only text, as well as in combination with audio and video) over BERT, RoBERTa and T5 models, thus we continued with BART-large representations for text. BART provides a feature vector representation x t ∈ R dt for every instance x. We encode the text using BART Large model with d t = 1024 and use the mean of the last four transformer layer representations to get a unique embedding representation for both utterance and context.</p></div>
<div xmlns="http://www.tei-c.org/ns/1.0"><head>Audio Modality</head><p>We extract low-level features from the audio data stream for each utterance in the dataset to take advantage of information from the audio modality. We sampled the audio signal at 22.5KHz. Since the audio has background noise and canned laughter, we used vocal-separation method to process it 2 . We extracted three low-level features: Mel Frequency Cepstral Coefficients (MFCC), Mel spectrogram (using Librosa library(McFee et al., 2020)), and prosodic features using OpenSMILE 3 . We split the audio signal into equal length segments to maintain consistent feature representation in all in-stances. Since the audio signal length varies for different utterances, this segmentation helps in keeping vector size constant across dataset. For each segment we extract MFCC, Mel spectrogram and prosodic features of size d m , d s , d p respectively. Then we take the average across segments to get the final feature vector. Here d m = 128 , d s = 128 , d p = 35 , so our audio feature vector is of size d a = 291 . We had also experimented with self-supervised speech encoders <ref type="bibr">(Pascual et al., )</ref>. However due to the very small number of sarcastic utterances, such models are unable to learn and thus we decided to stick with our low-level audio features.</p></div>
<div xmlns="http://www.tei-c.org/ns/1.0"><head>Video Modality</head><p>In order to extract visual features from the videos, we have used a pool5 layer of pre-trained ResNet-152 <ref type="bibr" target="#b8">(He et al., 2016)</ref> image classification model. To improve the video representation and reduce noise, we extracted the key frames to be passed to ResNet-152, instead of feeding in information from all of the frames. Key frame extraction is widely used in the vision community and is defined as the frames that form the most appropriate summary of a given video <ref type="bibr" target="#b9">(Jadon and Jasim, 2019)</ref>. We used an open source tool called Katna<ref type="foot" target="#foot_3">4</ref> , to perform keyframe extraction. For final feature vectors we average the vectors of each key frame of an instance (context and utterance) extracted from ResNet-152. The size of final video feature representation in d v = 2048 .</p></div>
<div xmlns="http://www.tei-c.org/ns/1.0"><head n="5.2.">Experimental Setup</head><p>We perform multi-class emotion classification experiments using the features extracted. Since we have three modalities, context and speaker information, we perform several ablation studies to understand the impact of presence or absence of each of these aspects.</p><p>For the multi-modal fusion, we use collaborative gating architecture introduced in <ref type="bibr" target="#b15">(Liu et al., 2020)</ref>, with the only difference that not all the input embeddings need to be pretrained. First we calculate projection Ψ (i) (V ) where i ∈ {t, tc, a, ac, v , vc} and t, a, v , c are text, audio, video and corresponding context. The collaborative gating module implements two tasks: first, we find the attention vector prediction for three main input projections referred to as projection embeddings (i.e for our utterances in three modalities)</p><formula xml:id="formula_1">T = {T t (V ), T a (V ), T v (V )}. T (i) (V ) = h ϕ ( j ̸ =i g θ (Ψ (i) (V ), Ψ (j ) (V )))<label>(1)</label></formula><p>where functions h ϕ and g θ are used to model the pairwise relationship between projection Ψ (i) and Ψ (j ) . Also i ∈ {t, a, v } and j ∈ {t, tc, a, ac, v , vc}.</p><p>Then we perform expert response modulation using the attention vector prediction calculated. For response modulation of each modality projection we perform-</p><formula xml:id="formula_2">Ψ (i) (V ) = Ψ (i) (V ) • σ(T (i) (V )) (2)</formula><p>where σ is an element-wise sigmoid activation and • is the element-wise multiplication (Hadamard product).</p><p>All the modulated projections are concatenated and passed to fully connected linear layers (ReLU) followed by a softmax layer to predict target class probability distribution. Cross entropy loss is used for all classification experiments. For completeness in bench-marking our data, we also perform Majority sampling (assigns the emotion class with majority examples as all samples), Random Sampling (predictions are sampled equally throughout the test set using this baseline). We also perform one-vs-rest experiments for each emotion which contain a sigmoid layer instead of a softmax layer as classification head.</p><p>The results of these baselines are reported in the supplementary material section 8. </p></div>
<div xmlns="http://www.tei-c.org/ns/1.0"><head n="6.">Results and Analysis</head><p>This section discusses the benchmarking experiments done with the proposed dataset for sarcasm detection, emotion recognition and arousal-valence prediction.</p></div>
<div xmlns="http://www.tei-c.org/ns/1.0"><head n="6.1.">Results of Sarcasm Detection</head><p>Table <ref type="table" target="#tab_9">7</ref> shows results of our best model for sarcasm detection on both MUStARD and MUStARD++. Our results outperform state-of-art models significantly on MUStARD which demonstrates the superiority of the collaborative gating-based multimodal fusion, and the best modality features selected were BART for text, low-level audio descriptors, and ResNET video features). We performed attention over modalities and intra-modality attention which helped us understand the importance of features. Also in <ref type="bibr">(Chauhan et al., 2020)</ref> emotion and sentiment labels are used in the sarcasm detection task, but we are able to outperform them without using emotion or sentiment label. Table <ref type="table">8</ref> shows the best results per modality and modality combination in the speaker independent and speaker dependent setup. The experiments with context and without context clearly show the importance of contextual dialogues to be able to detect sarcasm in an utterance. Although results with the speaker-dependent setting is marginally better in all modality combinations, we believe a speakerindependent setting is better since speaker information might bias the system towards sarcasm. We intend to use this sarcasm detection module as the first module Table <ref type="table">8</ref>: Sarcasm detection results for MUStARD++, Weighted Average of our system followed by emotion recognition on the sarcastic sentences and valence and arousal prediction to understand the degree of emotions identified, Thus did not use emotion, sentiment, or valence-arousal for sarcasm detection task. However, we plan to use sarcasm detection output and valence-arousal predictions to see if we can improve emotion recognition.</p></div>
<div xmlns="http://www.tei-c.org/ns/1.0"><head n="6.2.">Emotion Recognition Results</head><p>Of the various models and features that we used, BART for text, MFCC, spectrogram and prosodic for audio and features learnt from keyframes using ResNET for video worked best for this dataset. Due to the small size of this dataset, we pretrained models on IEMOCAP <ref type="bibr" target="#b1">(Busso et al., 2008)</ref> and MELD <ref type="bibr" target="#b23">(Poria et al., 2018)</ref> and then tried zero-shot experiments on MUStARD and MUS-tARD++. Since IEMOCAP and MELD do not have any sarcastic utterances, the models saw a significant drop in F-score when tested on sarcastic data. We also extracted learnt audio features using state-of-art self-supervised PASE network <ref type="bibr">(Pascual et al., )</ref> but models built on PASE features require significantly large sarcastic data although pretrained on different utterances. Table <ref type="table" target="#tab_10">9</ref> and Table <ref type="table" target="#tab_11">10</ref> show the detailed emotion classification results on sarcastic utterances for both implicit and explicit emotion in speaker-dependent and speakerindependent setting. Ablation studies across all modalities show that audio and video when used with text perform better. This is intuitive because we consider the variation in speech signals in audio and visual features from video while ignoring the actual spoken content. We observe that for emotion classification, contextual in-formation plays a key role. Although we observe similar numbers in speaker-dependent and speaker-independent setting, it is better to have a speaker-independent setting than limit the overall method by passing speaker's information.</p><p>Post hyper-parameter search, best parameters in a 5-fold cross validation is selected across 28 different experimental configurations: 7 modality combinations (rows of Table <ref type="table" target="#tab_10">9</ref>) each run with 4 settings (columns of Table <ref type="table" target="#tab_10">9</ref>). Table <ref type="table" target="#tab_12">11</ref> shows results of valence and arousal predictions across different modalities Here also we observed that in a speaker-independent setting the model performs better, but as the length of the speaker vector increases with more people, the effect of speaker information confuses the models. We also observe that contextual information doesn't affect valence arousal prediction as that of the actual utterance, which is intuitive.</p><p>In order to prove the performance improvement due to correcting labels, we ran a Wilcoxon signed rank test <ref type="bibr" target="#b29">(Wilcoxon, 1945)</ref> on old versus new labeled data. We made 10 runs with the best trained multimodal model on old as well as new labels on the sarcastic MUStARD data for proper comparison. The mean F1 score of emotion recognition on the sarcastic set with old labels is 20.64±1.15 while with new labels on same set the mean is 39.5 ± 1.00 which is statistically significant with a p-value of 0.002. We observed reduction in label confusion in the confusion matrix. Thus these re-labeling efforts added trust to the extended MUStARD++ dataset annotated using same label set.  </p></div>
<div xmlns="http://www.tei-c.org/ns/1.0"><head n="7.">Conclusions and Future Work</head><p>This paper presents a multimodal sarcasm dataset that can be used by researchers in the area of sarcasm detection and emotion recognition. We start with the version of MUStARD data provided by <ref type="bibr">(Chauhan et al., 2020)</ref> and correct several emotion labels, while appending the sarcasm type and arousal-valence labels as additional metadata that is useful for both the research avenues. We doubled the number of sarcastic videos, finding which is very challenging, thus making it a beneficial contribution to the research community. We also added equal number of non-sarcastic videos with their context along with similar metadata annotations. To the best of our knowledge this is the first work on emotion recognition in sarcasm and towards that we present a curated dataset which is benchmarked using several pretrained feature extractors and multimodal fusion techniques in different setups. Sarcasm type information enables a multimodal system to choose the right modality combination for a given utterance, thereby optimizing performance of the sarcasm detector and the emotion recognizer for different utterances. In this work, we have used arousal only to understand the degree/intensity of an emotion, for example, annoyance to anger to rage. In future we want to use arousal and valence to investigate its effect on emotion classification. While we currently explore the use of sarcasm label in emotion recognition, an interesting research direction would be using emotion labels to improve sarcasm detection.</p></div>
<div xmlns="http://www.tei-c.org/ns/1.0"><head n="8.">Ethical Considerations in Data Curation</head><p>This paper does not claim to find the exact intended emotion of the speaker that led to a sarcastic sentence. Rather we try to predict the perceived emotion. Our annotators annotate on the recorded video, thus observing the perceived emotion, arousal and valence. This is very important for conversational systems where the bot needs to understand the emotion, valence and intensity to be able to respond better. Also, this is in accordance to the suggestions in the ethics sheet for automated emotion recognition <ref type="bibr" target="#b18">(Mohammad, 2021)</ref> where authors explain that given the complexity of human emotion, it is very difficult to predict the exact emotional state of the speaker. The authors hereby acknowledge that there could be a possibility of bias in the final emotion label assigned since the label is chosen based on majority voting. In order to minimize the effect of bias, we collect videos from a diverse set of sources and ask seven annotators of different age, gender, and educational background to label their perceived emotions. We have considered the guidelines <ref type="bibr" target="#b18">(Mohammad, 2021)</ref> for responsible development and use of Automated Emotion Recognition systems (AER) and adhered to them in our research statement, data collection, annotation protocol, and during the benchmarking experiments. From the valence-arousal ratings of the dataset, it was observed that all sarcastic utterances received lower valence values, inclined towards the unpleasant end of the spectrum. Non-sarcastic utterances, however, have a more diverse set of valence values with ratings from both pleasant and unpleasant halves of the spectrum. While arousal values in sarcastic utterances have majority ratings as 7-8, in non-sarcastic utterances the distribution is more diverse in comparison with sarcastic utterances and they have majority ratings fall into the range of 5-7. This shows the implied negativity and intensity that sarcasm usually tends to portray. In each of the 5 TV shows which form the source of our dataset, different characters contribute to the sarcastic instances with different emotions. To understand the number of speakers in each show and their contribution to various implicit emotions in the sarcastic subset of our data, Figure <ref type="figure">3</ref> provides the distribution of implicit emotions in the utterances of each character from the shows.</p><p>For sarcastic utterances, the dataset contains sarcasm type metadata which can help provide deeper insights into the task of sarcasm detection. To also understand how these sarcasm types co-occur with different implicit emotions, Table <ref type="table" target="#tab_14">13</ref>  </p></div>
<div xmlns="http://www.tei-c.org/ns/1.0"><head>Additional Results</head><p>As part of the bench-marking exercise, as mentioned in Section 6, we perform Majority sampling (assigns the emotion class with majority examples as all samples), Random Sampling (predictions are sampled equally throughout the test set using this baseline). We also perform one-vs-rest experiments for each emotion which contain a sigmoid layer instead of a softmax layer as classification head. The results of these baselines are reported in the table 14. In order to study the advantage of our model, we presented a comparison of sarcasm detection results on original MUStARD dataset using our proposed model against the numbers reported by the authors of <ref type="bibr">(Castro et al., 2019;</ref><ref type="bibr">Chauhan et al., 2020)</ref>  </p></div><figure xmlns="http://www.tei-c.org/ns/1.0" xml:id="fig_0"><head>Figure 1 :</head><label>1</label><figDesc>Figure 1: Example to show that different explicit and implicit emotions in sarcasm. Explicit = Surprise, and Implicit = Ridicule; Sarcasm Type: Embedded; Valence = 4; Arousal = 8</figDesc><graphic coords="2,72.00,479.76,218.28,169.77" type="bitmap" /></figure>
<figure xmlns="http://www.tei-c.org/ns/1.0" xml:id="fig_1"><head>Figure 2 :</head><label>2</label><figDesc>Figure 2: Distribution of Emotion over Sarcasm Type in Proposed Dataset</figDesc></figure>
<figure xmlns="http://www.tei-c.org/ns/1.0" type="table" xml:id="tab_1"><head>Table 1 :</head><label>1</label><figDesc>Example of labeling error. Sarcastic utterance (in gray) and the 3 preceding utterances are context.</figDesc><table><row><cell></cell><cell cols="2">Non-Sarcastic</cell><cell></cell><cell></cell><cell cols="2">Sarcastic</cell><cell></cell></row><row><cell cols="2">Explicit</cell><cell cols="2">Implicit</cell><cell cols="2">Explicit</cell><cell cols="2">Implicit</cell></row><row><cell cols="8">OLD OUR OLD OUR OLD OUR OLD OUR</cell></row><row><cell>Anger 28</cell><cell>28</cell><cell>35</cell><cell>28</cell><cell>26</cell><cell>3</cell><cell>62</cell><cell>68</cell></row><row><cell>Excitement 15</cell><cell>32</cell><cell>15</cell><cell>31</cell><cell>15</cell><cell>41</cell><cell>2</cell><cell>0</cell></row><row><cell>Fear 6</cell><cell>8</cell><cell>10</cell><cell>9</cell><cell>0</cell><cell>0</cell><cell>4</cell><cell>0</cell></row><row><cell>Sad 62</cell><cell>61</cell><cell>68</cell><cell>62</cell><cell>56</cell><cell>47</cell><cell>53</cell><cell>18</cell></row><row><cell>Surprise 20</cell><cell>19</cell><cell>18</cell><cell>18</cell><cell>15</cell><cell>21</cell><cell>11</cell><cell>0</cell></row><row><cell>Frustrated 13</cell><cell>27</cell><cell>17</cell><cell>28</cell><cell>10</cell><cell>3</cell><cell>40</cell><cell>88</cell></row><row><cell>Happy 92</cell><cell>82</cell><cell>81</cell><cell>80</cell><cell cols="2">114 85</cell><cell>62</cell><cell>0</cell></row><row><cell cols="2">Neutral 115 75</cell><cell cols="2">108 75</cell><cell cols="2">113 144</cell><cell>90</cell><cell>0</cell></row><row><cell>Disgust 6</cell><cell>13</cell><cell>7</cell><cell>14</cell><cell>4</cell><cell>0</cell><cell>32</cell><cell>81</cell></row><row><cell>Ridicule* -</cell><cell>0</cell><cell>-</cell><cell>0</cell><cell>-</cell><cell>0</cell><cell>-</cell><cell>89</cell></row></table><note>Sarcasm type: Propositional {Neu-Neutral, Exi -Excitement, Dis -Disgust }</note></figure>
<figure xmlns="http://www.tei-c.org/ns/1.0" type="table" xml:id="tab_2"><head>Table 2 :</head><label>2</label><figDesc></figDesc><table /><note>Emotion distribution comparison in MUStARD between earlier and updated labels.(OLD is (Chauhan et al., 2020)'s annotations and OUR is proposed annotations.)*Ridicule in introduced in new annotations</note></figure>
<figure xmlns="http://www.tei-c.org/ns/1.0" type="table" xml:id="tab_3"><head>Table 3 :</head><label>3</label><figDesc>Some examples of ridicule</figDesc><table><row><cell>Sr. No</cell><cell>Speaker</cell><cell>Utterance</cell><cell></cell><cell>E</cell><cell>I</cell><cell>TYPE</cell></row><row><cell>1</cell><cell cols="3">ways made me a better person. I think Howard hurting my feelings has in some</cell><cell>Sur</cell><cell>Rid</cell><cell>EMB</cell></row><row><cell></cell><cell cols="3">Hmm. Look at you, improving on perfection. How</cell><cell></cell><cell></cell></row><row><cell></cell><cell>so?</cell><cell></cell><cell></cell><cell></cell><cell></cell></row><row><cell></cell><cell cols="2">Wow. That's a lot of luggage for a weekend.</cell><cell></cell><cell></cell><cell></cell></row><row><cell>2</cell><cell></cell><cell></cell><cell cols="3">Neu Rid</cell><cell>PRO</cell></row><row><cell>Speaker</cell><cell>Utterance</cell><cell cols="2">(Chauhan et al., 2020) Explicit Implicit</cell><cell cols="3">New Explicit Implicit</cell></row><row><cell></cell><cell cols="2">My name's Scott and I am a sarcasmaholic.</cell><cell></cell><cell></cell><cell></cell></row><row><cell></cell><cell></cell><cell>Sur</cell><cell>Sur</cell><cell></cell><cell>Sur</cell><cell>Rid</cell></row><row><cell></cell><cell>Nooo.</cell><cell></cell><cell></cell><cell></cell><cell></cell></row></table><note>These were previously annotated as Neutral explicit emotions, which were changed to Ridicule (groans) I know. I didn't know what to wear, so I brought a few options. Was one of the options the option to never come back? 3 So, are you gonna give us a clue where we're headed? Neu Rid PRO Uh, okay, let's see... They've got spicy food and there's a chance you'll get diarrhea. India</note></figure>
<figure xmlns="http://www.tei-c.org/ns/1.0" type="table" xml:id="tab_4"><head>Table 4 :</head><label>4</label><figDesc></figDesc><table /><note>Example of Incorrect Labeling: Text transcription might suggest Surprise as the emotion, however video makes it apparent that the intent is to ridicule. Sarcasm Type: Illocutionary{Sur-Surprise, Rid-Ridicule }</note></figure>
<figure xmlns="http://www.tei-c.org/ns/1.0" type="table" xml:id="tab_6"><head>Table 5 :</head><label>5</label><figDesc>Emotion distribution in Sarcastic Utterances of MUStARD++.</figDesc><table /><note>{An-Anger, Ex-Excitement, Fe-Fear, Sa-Sad, Sp-Surprise, Fs-Frustrated, Hp-Happy Neu-Neutral, Dis-Disgust, Ri-Ridicule}</note></figure>
<figure xmlns="http://www.tei-c.org/ns/1.0" type="table" xml:id="tab_7"><head>Table 6 :</head><label>6</label><figDesc>Dataset statistics by utterance and context for sarcasm detection and valence-arousal prediction. We perform various experiments examining different modalities independently and in various combinations.</figDesc><table><row><cell>Statistics</cell><cell></cell><cell cols="2">Utterance Context</cell></row><row><cell>Unique words</cell><cell>-</cell><cell>2695</cell><cell>4891</cell></row><row><cell>Avg. length (tokens)</cell><cell>-</cell><cell>11.3</cell><cell>7.8</cell></row><row><cell>Max length (tokens)</cell><cell>-</cell><cell>65</cell><cell>47</cell></row><row><cell cols="2">Avg. duration (seconds) -</cell><cell>4.19</cell><cell>8.69</cell></row></table></figure>
<figure xmlns="http://www.tei-c.org/ns/1.0" type="table" xml:id="tab_9"><head>Table 7 :</head><label>7</label><figDesc>Sarcasm detection results (weighted average) comparison with SOTA on MUStARD and MUStARD++. Proposed MUStARD is our best model on MUStARD and %∆MUStARD is the improvement we observe with our model and corrected labels of MUStARD. Proposed MUStARD++ is results of our best model for sarcasm detection on extended dataset MUStARD++ presented in this paper.</figDesc><table><row><cell></cell><cell></cell><cell cols="4">Speaker Independent</cell><cell></cell><cell></cell><cell cols="4">Speaker Dependent</cell></row><row><cell></cell><cell></cell><cell cols="2">w/o Context</cell><cell></cell><cell>w Context</cell><cell></cell><cell></cell><cell cols="2">w/o Context</cell><cell cols="2">w Context</cell></row><row><cell></cell><cell>P</cell><cell>R</cell><cell>F1</cell><cell>P</cell><cell>R</cell><cell>F1</cell><cell>P</cell><cell>R</cell><cell>F1</cell><cell>P</cell><cell>R</cell><cell>F1</cell></row><row><cell>T</cell><cell cols="6">67.9 67.7 67.7 69.3 69.2 69.2</cell><cell cols="4">69.4 69.3 69.3 70.2</cell><cell>70</cell><cell>70</cell></row><row><cell>A</cell><cell cols="6">63.9 63.5 63.6 64.3 64.1 64.1</cell><cell cols="6">65.3 65.2 65.2 65.0 64.9 64.9</cell></row><row><cell>V</cell><cell cols="6">59.5 59.4 59.4 60.3 60.0 60.0</cell><cell cols="6">61.8 61.7 61.7 61.6 61.4 61.5</cell></row><row><cell>T+A</cell><cell cols="6">68.8 68.6 68.7 70.2 70.2 70.2</cell><cell cols="6">69.8 69.5 69.5 69.2 69.1 69.1</cell></row><row><cell>A+V</cell><cell cols="6">65.7 65.4 65.5 67.5 67.3 67.4</cell><cell cols="6">64.9 64.5 64.5 64.2 64.0 64.0</cell></row><row><cell>V+T</cell><cell cols="6">68.2 68.1 68.1 67.9 67.6 67.6</cell><cell cols="6">69.1 69.0 69.0 69.4 69.1 69.1</cell></row><row><cell cols="7">T+A+V 69.5 69.4 69.4 69.6 69.5 69.6</cell><cell cols="6">69.6 69.3 69.3 70.6 70.3 70.3</cell></row></table></figure>
<figure xmlns="http://www.tei-c.org/ns/1.0" type="table" xml:id="tab_10"><head>Table 9 :</head><label>9</label><figDesc>Mean, std-dev of 5 runs for Implicit Emotion Classification (Multiclass) on MUStARD++</figDesc><table><row><cell></cell><cell></cell><cell></cell><cell cols="2">Speaker Independent</cell><cell></cell><cell></cell><cell></cell><cell></cell><cell cols="2">Speaker Dependent</cell><cell></cell></row><row><cell></cell><cell></cell><cell>w/o Context</cell><cell></cell><cell></cell><cell>w Context</cell><cell></cell><cell></cell><cell>w/o Context</cell><cell></cell><cell></cell><cell>w Context</cell></row><row><cell></cell><cell>P</cell><cell>R</cell><cell>F1</cell><cell>P</cell><cell>R</cell><cell>F1</cell><cell>P</cell><cell>R</cell><cell>F1</cell><cell>P</cell><cell>R</cell><cell>F1</cell></row><row><cell>T</cell><cell>33±0.9</cell><cell>33.6±1</cell><cell cols="3">33.3±0.9 32.3±0.7 32.7±0.6</cell><cell>32.5±0.6</cell><cell cols="6">29.9±0.9 30.3±0.8 30.1±0.8 30.2±0.9 30.8±0.9 30.5±0.9</cell></row><row><cell>A</cell><cell cols="5">26.7±1.1 27.1±1.4 26.8±1.1 24.9±1.0 26.3±1.4</cell><cell>25.5±1.2</cell><cell cols="6">24.3±0.8 24.7±0.6 24.5±0.7 26.7±1.2 26.9±1.2 26.8±1.2</cell></row><row><cell>V</cell><cell cols="2">28.8±0.9 29.4±1.3</cell><cell>29±1.1</cell><cell cols="2">28.5±1.2 29.2±1.4</cell><cell>28.8±1.3</cell><cell cols="6">30.3±1.4 31.4±1.2 30.6±1.4 28.7±0.8 30.08±1.1 29.1±1.0</cell></row><row><cell>T+A</cell><cell cols="6">31.5±1.7 31.6±1.8 31.6±1.7 32.1±0.7 32.04±0.6 32.03±0.6</cell><cell cols="3">29.1±1.6 29.2±1.5 29.1±1.5</cell><cell>31.2±2</cell><cell cols="2">31.8±1.8 31.4±1.8</cell></row><row><cell>A+V</cell><cell>25.9±1.9</cell><cell>26.3±2</cell><cell cols="3">26.1±1.9 28.2±1.1 28.3±1.2</cell><cell>28.2±1.1</cell><cell cols="6">29.7±0.6 30.6±0.9 30.1±0.7 25.2±1.0 25.2±0.9 25.2±0.9</cell></row><row><cell>V+T</cell><cell cols="5">31.9±0.8 32.5±0.7 32.2±0.7 32.7±1.1 33.3±1.0</cell><cell>33.0±1.1</cell><cell cols="4">31.1±0.8 31.2±0.7 31.1±0.7 31.8±0.</cell><cell cols="2">31.9±0.5 31.8±0.6</cell></row><row><cell>T+A+V</cell><cell>31.2±1</cell><cell>31.6±0.1</cell><cell>31.4±1</cell><cell cols="2">28.9±1.3 29.0±1.4</cell><cell>28.9±1.3</cell><cell cols="6">30.9±0.3 30.5±0.4 30.7±0.3 31.6±1.5 31.3±1.3 31.5±1.4</cell></row><row><cell></cell><cell></cell><cell></cell><cell cols="2">Speaker Independent</cell><cell></cell><cell></cell><cell></cell><cell></cell><cell cols="2">Speaker Dependent</cell><cell></cell></row><row><cell></cell><cell></cell><cell>w/o Context</cell><cell></cell><cell></cell><cell>w Context</cell><cell></cell><cell></cell><cell>w/o Context</cell><cell></cell><cell></cell><cell>w Context</cell></row><row><cell></cell><cell>P</cell><cell>R</cell><cell>F1</cell><cell>P</cell><cell>R</cell><cell>F1</cell><cell>P</cell><cell>R</cell><cell>F1</cell><cell>P</cell><cell>R</cell><cell>F1</cell></row><row><cell>T</cell><cell cols="6">38.5±0.8 39.2±0.9 38.8±0.8 38.2±1.2 38.8±1.3 38.5±1.3</cell><cell cols="2">38.7±0.5 39.3±0.5</cell><cell>39±0.5</cell><cell cols="3">38.9±0.4 39.7±0.6 39.3±0.5</cell></row><row><cell>A</cell><cell>26.4±0.9</cell><cell>28±1.4</cell><cell>27.1±1</cell><cell cols="3">27.1±1.1 28.1±1.3 27.6±1.2</cell><cell cols="6">28.1±1.1 29.3±1.0 28.6±1.1 28.4±0.7 31.6±1.3 29.6±0.8</cell></row><row><cell>V</cell><cell cols="6">25.1±0.6 25.9±0.6 25.5±0.6 24.4±0.7 24.9±0.9 24.6±0.8</cell><cell cols="5">25.7±1.4 36.1±0.8 27.7±0.8 27.0±0.8 29.6±1.6</cell><cell>28.0±1</cell></row><row><cell>T+A</cell><cell cols="6">38.9±1.1 39.5±1.3 39.2±1.2 39.2±0.6 39.5±0.6 39.3±0.6</cell><cell cols="6">39.1±0.8 39.7±0.7 39.4±0.7 39.1±0.5 39.5±0.7 39.3±0.6</cell></row><row><cell>A+V</cell><cell cols="6">26.4±1.4 26.5±1.5 26.4±1.4 26.2±1.22 26.3±1.6 26.2±1.5</cell><cell>27.6±1</cell><cell cols="3">28.2±1.2 27.9±1.1 27.8±0.5</cell><cell>28±0.4</cell><cell>27.9±0.4</cell></row><row><cell>V+T</cell><cell cols="6">38.6±0.7 39.2±0.8 38.8±0.8 40.5±0.7 41.2±0.7 40.8±0.7</cell><cell>39.8±0.1</cell><cell>40±0.2</cell><cell cols="3">39.8±0.2 39.9±0.4 40.3±0.6</cell><cell>40±0.5</cell></row><row><cell cols="7">T+A+V 37.8±0.1 38.3±0.8 38.0±0.9 39.5±0.8 39.6±0.9 39.5±0.9</cell><cell>40±0.6</cell><cell cols="5">39.8±0.5 39.9±0.9 39.7±1.3 39.4±1.2 39.5±1.2</cell></row></table></figure>
<figure xmlns="http://www.tei-c.org/ns/1.0" type="table" xml:id="tab_11"><head>Table 10 :</head><label>10</label><figDesc>Mean, std-dev of 5 runs for Explicit Emotion Classification (Multiclass) on MUStARD++</figDesc><table><row><cell></cell><cell></cell><cell></cell><cell cols="3">Valence Prediction</cell><cell></cell><cell></cell><cell></cell><cell></cell><cell></cell><cell cols="3">Arousal Prediction</cell><cell></cell><cell></cell><cell></cell></row><row><cell></cell><cell></cell><cell cols="2">Speaker Independent</cell><cell></cell><cell cols="3">Speaker Dependent</cell><cell></cell><cell></cell><cell cols="2">Speaker Independent</cell><cell></cell><cell cols="3">Speaker Dependent</cell><cell></cell></row><row><cell></cell><cell cols="2">w/o Context</cell><cell cols="2">w Context</cell><cell cols="2">w/o Context</cell><cell cols="2">w Context</cell><cell cols="2">w/o Context</cell><cell cols="2">w Context</cell><cell cols="2">w/o Context</cell><cell cols="2">w Context</cell></row><row><cell></cell><cell cols="8">MAE RMSE MAE RMSE MAE RMSE MAE RMSE</cell><cell cols="8">MAE RMSE MAE RMSE MAE RMSE MAE RMSE</cell></row><row><cell>T</cell><cell>0.91</cell><cell>0.74</cell><cell>0.89</cell><cell>0.73</cell><cell>0.98</cell><cell>0.78</cell><cell>0.95</cell><cell>0.75</cell><cell>1.42</cell><cell>1.15</cell><cell>1.45</cell><cell>1.16</cell><cell>1.42</cell><cell>1.10</cell><cell>1.42</cell><cell>1.12</cell></row><row><cell>A</cell><cell>0.82</cell><cell>0.65</cell><cell>0.91</cell><cell>0.73</cell><cell>0.97</cell><cell>0.77</cell><cell>0.95</cell><cell>0.76</cell><cell>1.24</cell><cell>1.00</cell><cell>1.34</cell><cell>1.07</cell><cell>1.45</cell><cell>1.15</cell><cell>1.43</cell><cell>1.11</cell></row><row><cell>V</cell><cell>0.85</cell><cell>0.68</cell><cell>0.84</cell><cell>0.68</cell><cell>0.94</cell><cell>0.76</cell><cell>1.02</cell><cell>0.81</cell><cell>1.22</cell><cell>0.96</cell><cell>1.16</cell><cell>0.93</cell><cell>1.45</cell><cell>1.14</cell><cell>1.47</cell><cell>1.16</cell></row><row><cell>T+A</cell><cell>0.83</cell><cell>0.67</cell><cell>0.86</cell><cell>0.69</cell><cell>0.93</cell><cell>0.74</cell><cell>0.91</cell><cell>0.73</cell><cell>1.18</cell><cell>0.96</cell><cell>1.33</cell><cell>1.08</cell><cell>1.41</cell><cell>1.11</cell><cell>1.59</cell><cell>1.23</cell></row><row><cell>A+V</cell><cell>0.83</cell><cell>0.66</cell><cell>0.82</cell><cell>0.66</cell><cell>0.92</cell><cell>0.79</cell><cell>0.88</cell><cell>0.71</cell><cell>1.19</cell><cell>0.96</cell><cell>1.21</cell><cell>0.98</cell><cell>1.37</cell><cell>1.11</cell><cell>1.43</cell><cell>1.16</cell></row><row><cell>V+T</cell><cell>0.82</cell><cell>0.66</cell><cell>0.86</cell><cell>0.71</cell><cell>0.90</cell><cell>0.72</cell><cell>0.93</cell><cell>0.74</cell><cell>1.22</cell><cell>0.97</cell><cell>1.34</cell><cell>1.09</cell><cell>1.50</cell><cell>1.12</cell><cell>1.56</cell><cell>1.24</cell></row><row><cell>T+A+V</cell><cell>0.78</cell><cell>0.62</cell><cell>0.78</cell><cell>0.62</cell><cell>0.85</cell><cell>0.70</cell><cell>0.94</cell><cell>0.75</cell><cell>1.20</cell><cell>0.95</cell><cell>1.20</cell><cell>0.95</cell><cell>1.23</cell><cell>0.98</cell><cell>1.45</cell><cell>1.10</cell></row></table></figure>
<figure xmlns="http://www.tei-c.org/ns/1.0" type="table" xml:id="tab_12"><head>Table 11 :</head><label>11</label><figDesc>Valence-Arousal Prediction on MUStARD++ (Mean of 5 runs)</figDesc><table /></figure>
<figure xmlns="http://www.tei-c.org/ns/1.0" type="table" xml:id="tab_13"><head>Table 12 :</head><label>12</label><figDesc>Emotion distribution in MUStARD++. {NS-Non sarcastic, S-Sarcastic, An-Anger, Ex-Excitement, Fe-Fear, Sa-Sad, Sp-Surprise, Fs-Frustrated, Hp-Happy Neu-Neutral, Dis-Disgust, Ri-Ridicule}</figDesc><table /></figure>
<figure xmlns="http://www.tei-c.org/ns/1.0" type="table" xml:id="tab_14"><head>Table 13 :</head><label>13</label><figDesc>presents the distribution of sarcastic utterances belonging to different implicit emotion classes fall under different sarcasm types. Implicit Emotion Distribution per Sarcasm Type. {An-Anger, Sa-Sad, Fs-Frustrated, Dis-Disgust, Ri-Ridicule} and {PRO-Propositional, ILL-Illocutionary, EMB-Embedded, LIK-Likeprefixed}</figDesc><table><row><cell></cell><cell cols="6">An Sa Fr Ri Di Total</cell></row><row><cell cols="6">PRO 47 15 61 129 81</cell><cell>333</cell></row><row><cell cols="2">ILL 26</cell><cell>4</cell><cell>48</cell><cell cols="2">70 30</cell><cell>178</cell></row><row><cell cols="2">EMB 13</cell><cell>5</cell><cell>20</cell><cell cols="2">27 22</cell><cell>87</cell></row><row><cell>LIK</cell><cell>1</cell><cell>0</cell><cell>1</cell><cell>0</cell><cell>1</cell><cell>3</cell></row><row><cell></cell><cell></cell><cell></cell><cell>Implicit</cell><cell></cell><cell></cell><cell>Explicit</cell></row><row><cell></cell><cell></cell><cell>P</cell><cell>R</cell><cell>F1</cell><cell>P</cell><cell>R</cell><cell>F1</cell></row><row><cell cols="5">Majority 14.1 37.6 20.6</cell><cell cols="3">17.0 41.3 24.1</cell></row><row><cell cols="5">Random (Uniform) 25.3 20.3 21.4</cell><cell cols="3">27.9 11.8 15.5</cell></row><row><cell cols="5">Random (Prior) 25.9 25.9 25.9</cell><cell cols="3">26.1 26.1 26.1</cell></row><row><cell cols="5">ONEvsREST 35.6 37.6 36.5</cell><cell cols="3">41.2 43.6 42.0</cell></row><row><cell cols="5">MultiClass 34.4 36.1 34.9</cell><cell cols="3">41.7 44.0 42.6</cell></row></table></figure>
<figure xmlns="http://www.tei-c.org/ns/1.0" type="table" xml:id="tab_15"><head>Table 14 :</head><label>14</label><figDesc>Benchmarking emotion classification results comparison across different methods</figDesc><table /></figure>
<figure xmlns="http://www.tei-c.org/ns/1.0" type="table" xml:id="tab_16"><head></head><label></label><figDesc>in Table 7. The detailed results of this experiment of sarcasm detection by using our proposed model on MUStARD across different modality, speaker, context combinations is given in Table 15. Table 16 and Table 17 represent the detailed weighted average results of all modality combinations for ONEvs-REST classification experiments in implicit and explicit emotions respectively.</figDesc><table /></figure>
			<note xmlns="http://www.tei-c.org/ns/1.0" place="foot" n="1" xml:id="foot_0">https://en.wikipedia.org/wiki/</note>
			<note xmlns="http://www.tei-c.org/ns/1.0" place="foot" n="2" xml:id="foot_1">https://librosa.org/doc/main/auto_ examples/plot_vocal_separation.html</note>
			<note xmlns="http://www.tei-c.org/ns/1.0" place="foot" n="3" xml:id="foot_2">https://audeering.github.io/ opensmile/</note>
			<note xmlns="http://www.tei-c.org/ns/1.0" place="foot" n="4" xml:id="foot_3">https://katna.readthedocs.io/en/ latest/</note>
		</body>
		<back>
			<div type="annex">
<div xmlns="http://www.tei-c.org/ns/1.0"><head>Methods</head><p>Speaker </p></div>
<div xmlns="http://www.tei-c.org/ns/1.0"><head>Supplementary Material</head><p>This supplementary material is intended to provide additional information with regards to characteristics of our data, additional analysis and detailed results of experiments.</p></div>
<div xmlns="http://www.tei-c.org/ns/1.0"><head>Additional Data Statistics and Analysis</head><p>Table <ref type="table">12</ref> shows the distribution of implicit and explicit emotions in our dataset including sarcastic and nonsarcastic utterances.    <ref type="bibr">33.3 36.8 34.7 35.5 38.4 36.5 T+A+V 34.7 36.4 35.4 35.1 38.0 36.4 34.7 37.1 35.7 32.4 35.4 35.7</ref>  </p></div>			</div>
			<div type="references">

				<listBibl>

<biblStruct xml:id="b0">
	<monogr>
		<title level="m" type="main">Multi-modal sarcasm detection and humor classification in code-mixed conversations</title>
		<author>
			<persName><forename type="first">M</forename><surname>Bedi</surname></persName>
		</author>
		<author>
			<persName><forename type="first">S</forename><surname>Kumar</surname></persName>
		</author>
		<author>
			<persName><forename type="first">M</forename><forename type="middle">S</forename><surname>Akhtar</surname></persName>
		</author>
		<author>
			<persName><forename type="first">T</forename><surname>Chakraborty</surname></persName>
		</author>
		<idno>CoRR, abs/2105.09984</idno>
		<imprint>
			<date type="published" when="2021">2021</date>
		</imprint>
	</monogr>
	<note type="raw_reference">Bedi, M., Kumar, S., Akhtar, M. S., and Chakraborty, T. (2021). Multi-modal sarcasm detection and humor classification in code-mixed conversations. CoRR, abs/2105.09984.</note>
</biblStruct>

<biblStruct xml:id="b1">
	<monogr>
		<title level="m" type="main">Iemocap: Interactive emotional dyadic motion capture database. Language resources and evaluation</title>
		<author>
			<persName><forename type="first">C</forename><surname>Busso</surname></persName>
		</author>
		<author>
			<persName><forename type="first">M</forename><surname>Bulut</surname></persName>
		</author>
		<author>
			<persName><forename type="first">C.-C</forename><surname>Lee</surname></persName>
		</author>
		<author>
			<persName><forename type="first">A</forename><surname>Kazemzadeh</surname></persName>
		</author>
		<author>
			<persName><forename type="first">E</forename><surname>Mower</surname></persName>
		</author>
		<author>
			<persName><forename type="first">S</forename><surname>Kim</surname></persName>
		</author>
		<author>
			<persName><forename type="first">J</forename><forename type="middle">N</forename><surname>Chang</surname></persName>
		</author>
		<author>
			<persName><forename type="first">S</forename><surname>Lee</surname></persName>
		</author>
		<author>
			<persName><forename type="first">S</forename><forename type="middle">S</forename><surname>Narayanan</surname></persName>
		</author>
		<imprint>
			<date type="published" when="2008">2008</date>
			<biblScope unit="volume">42</biblScope>
			<biblScope unit="page">335</biblScope>
		</imprint>
	</monogr>
	<note type="raw_reference">Busso, C., Bulut, M., Lee, C.-C., Kazemzadeh, A., Mower, E., Kim, S., Chang, J. N., Lee, S., and Narayanan, S. S. (2008). Iemocap: Interactive emo- tional dyadic motion capture database. Language resources and evaluation, 42(4):335.</note>
</biblStruct>

<biblStruct xml:id="b2">
	<analytic>
		<title level="a" type="main">Multi-modal sarcasm detection in Twitter with hierarchical fusion model</title>
		<author>
			<persName><forename type="first">Y</forename><surname>Cai</surname></persName>
		</author>
		<author>
			<persName><forename type="first">H</forename><surname>Cai</surname></persName>
		</author>
		<author>
			<persName><forename type="first">X</forename><surname>Wan</surname></persName>
		</author>
	</analytic>
	<monogr>
		<title level="m">Proceedings of the 57th Annual Meeting of the Association for Computational Linguistics</title>
				<meeting>the 57th Annual Meeting of the Association for Computational Linguistics<address><addrLine>Florence, Italy</addrLine></address></meeting>
		<imprint>
			<publisher>Association for Computational Linguistics</publisher>
			<date type="published" when="2019-07">2019. July</date>
			<biblScope unit="page" from="2506" to="2515" />
		</imprint>
	</monogr>
	<note type="raw_reference">Cai, Y., Cai, H., and Wan, X. (2019). Multi-modal sar- casm detection in Twitter with hierarchical fusion model. In Proceedings of the 57th Annual Meet- ing of the Association for Computational Linguistics, pages 2506-2515, Florence, Italy, July. Association for Computational Linguistics.</note>
</biblStruct>

<biblStruct xml:id="b3">
	<analytic>
		<title level="a" type="main">Sarcasm, pretense, and the semantics/pragmatics distinction</title>
		<author>
			<persName><forename type="first">E</forename><surname>Camp</surname></persName>
		</author>
	</analytic>
	<monogr>
		<title level="j">Noûs</title>
		<imprint>
			<biblScope unit="volume">46</biblScope>
			<biblScope unit="issue">4</biblScope>
			<biblScope unit="page" from="587" to="634" />
			<date type="published" when="2012">2012</date>
		</imprint>
	</monogr>
	<note type="raw_reference">Camp, E. (2012). Sarcasm, pretense, and the seman- tics/pragmatics distinction. Noûs, 46(4):587-634.</note>
</biblStruct>

<biblStruct xml:id="b4">
	<monogr>
		<title level="m" type="main">Emotionlines: An emotion corpus of multiparty conversations</title>
		<author>
			<persName><forename type="first">S</forename><surname>Chen</surname></persName>
		</author>
		<author>
			<persName><forename type="first">C</forename><surname>Hsu</surname></persName>
		</author>
		<author>
			<persName><forename type="first">C</forename><surname>Kuo</surname></persName>
		</author>
		<author>
			<persName><forename type="first">T</forename><forename type="middle">K</forename><surname>Huang</surname></persName>
		</author>
		<author>
			<persName><forename type="first">L</forename><surname>Ku</surname></persName>
		</author>
		<idno>CoRR, abs/1802.08379</idno>
		<imprint>
			<date type="published" when="2018">2018</date>
		</imprint>
	</monogr>
	<note type="raw_reference">Chen, S., Hsu, C., Kuo, C., Huang, T. K., and Ku, L. (2018). Emotionlines: An emotion corpus of multi- party conversations. CoRR, abs/1802.08379.</note>
</biblStruct>

<biblStruct xml:id="b5">
	<analytic>
		<title level="a" type="main">Describing the emotional states that are expressed in speech</title>
		<author>
			<persName><forename type="first">R</forename><surname>Cowie</surname></persName>
		</author>
		<author>
			<persName><forename type="first">R</forename><forename type="middle">R</forename><surname>Cornelius</surname></persName>
		</author>
	</analytic>
	<monogr>
		<title level="j">Speech communication</title>
		<imprint>
			<biblScope unit="volume">40</biblScope>
			<biblScope unit="issue">1-2</biblScope>
			<biblScope unit="page" from="5" to="32" />
			<date type="published" when="2003">2003</date>
		</imprint>
	</monogr>
	<note type="raw_reference">Cowie, R. and Cornelius, R. R. (2003). Describing the emotional states that are expressed in speech. Speech communication, 40(1-2):5-32.</note>
</biblStruct>

<biblStruct xml:id="b6">
	<monogr>
		<title level="m" type="main">Bert: Pre-training of deep bidirectional transformers for language understanding</title>
		<author>
			<persName><forename type="first">J</forename><surname>Devlin</surname></persName>
		</author>
		<author>
			<persName><forename type="first">M.-W</forename><surname>Chang</surname></persName>
		</author>
		<author>
			<persName><forename type="first">K</forename><surname>Lee</surname></persName>
		</author>
		<author>
			<persName><forename type="first">K</forename><surname>Toutanova</surname></persName>
		</author>
		<idno type="arXiv">arXiv:1810.04805</idno>
		<imprint>
			<date type="published" when="2018">2018</date>
		</imprint>
	</monogr>
	<note type="report_type">arXiv preprint</note>
	<note type="raw_reference">Devlin, J., Chang, M.-W., Lee, K., and Toutanova, K. (2018). Bert: Pre-training of deep bidirectional trans- formers for language understanding. arXiv preprint arXiv:1810.04805.</note>
</biblStruct>

<biblStruct xml:id="b7">
	<monogr>
		<title level="m" type="main">Basic emotions. Handbook of cognition and emotion</title>
		<author>
			<persName><forename type="first">P</forename><surname>Ekman</surname></persName>
		</author>
		<imprint>
			<date type="published" when="1999">1999</date>
			<biblScope unit="volume">98</biblScope>
			<biblScope unit="page">16</biblScope>
		</imprint>
	</monogr>
	<note type="raw_reference">Ekman, P. (1999). Basic emotions. Handbook of cogni- tion and emotion, 98(45-60):16.</note>
</biblStruct>

<biblStruct xml:id="b8">
	<analytic>
		<title level="a" type="main">Deep residual learning for image recognition</title>
		<author>
			<persName><forename type="first">K</forename><surname>He</surname></persName>
		</author>
		<author>
			<persName><forename type="first">X</forename><surname>Zhang</surname></persName>
		</author>
		<author>
			<persName><forename type="first">S</forename><surname>Ren</surname></persName>
		</author>
		<author>
			<persName><forename type="first">J</forename><surname>Sun</surname></persName>
		</author>
	</analytic>
	<monogr>
		<title level="m">2016 IEEE Conference on Computer Vision and Pattern Recognition (CVPR)</title>
				<imprint>
			<date type="published" when="2016">2016</date>
		</imprint>
	</monogr>
	<note type="raw_reference">He, K., Zhang, X., Ren, S., and Sun, J. (2016). Deep residual learning for image recognition. In 2016 IEEE Conference on Computer Vision and Pattern Recognition (CVPR).</note>
</biblStruct>

<biblStruct xml:id="b9">
	<monogr>
		<title level="m" type="main">Video summarization using keyframe extraction and video skimming</title>
		<author>
			<persName><forename type="first">S</forename><surname>Jadon</surname></persName>
		</author>
		<author>
			<persName><forename type="first">M</forename><surname>Jasim</surname></persName>
		</author>
		<idno type="arXiv">arXiv:1910.04792</idno>
		<imprint>
			<date type="published" when="2019">2019</date>
		</imprint>
	</monogr>
	<note type="report_type">arXiv preprint</note>
	<note type="raw_reference">Jadon, S. and Jasim, M. (2019). Video summariza- tion using keyframe extraction and video skimming. arXiv preprint arXiv:1910.04792.</note>
</biblStruct>

<biblStruct xml:id="b10">
	<monogr>
		<title level="m" type="main">Automatic sarcasm detection: A survey</title>
		<author>
			<persName><forename type="first">A</forename><surname>Joshi</surname></persName>
		</author>
		<author>
			<persName><forename type="first">P</forename><surname>Bhattacharyya</surname></persName>
		</author>
		<author>
			<persName><forename type="first">M</forename><forename type="middle">J</forename><surname>Carman</surname></persName>
		</author>
		<idno>CoRR, abs/1602.03426</idno>
		<imprint>
			<date type="published" when="2016">2016</date>
		</imprint>
	</monogr>
	<note type="raw_reference">Joshi, A., Bhattacharyya, P., and Carman, M. J. (2016). Automatic sarcasm detection: A survey. CoRR, abs/1602.03426.</note>
</biblStruct>

<biblStruct xml:id="b11">
	<analytic>
		<title level="a" type="main">Automatic sarcasm detection: A survey</title>
		<author>
			<persName><forename type="first">A</forename><surname>Joshi</surname></persName>
		</author>
		<author>
			<persName><forename type="first">P</forename><surname>Bhattacharyya</surname></persName>
		</author>
		<author>
			<persName><forename type="first">M</forename><forename type="middle">J</forename><surname>Carman</surname></persName>
		</author>
	</analytic>
	<monogr>
		<title level="j">ACM Comput. Surv</title>
		<imprint>
			<biblScope unit="volume">50</biblScope>
			<biblScope unit="issue">5</biblScope>
			<date type="published" when="2017-09">2017. September</date>
		</imprint>
	</monogr>
	<note type="raw_reference">Joshi, A., Bhattacharyya, P., and Carman, M. J. (2017). Automatic sarcasm detection: A survey. ACM Com- put. Surv., 50(5), September.</note>
</biblStruct>

<biblStruct xml:id="b12">
	<monogr>
		<title/>
		<author>
			<persName><forename type="first">A</forename><surname>Joshi</surname></persName>
		</author>
		<author>
			<persName><forename type="first">P</forename><surname>Bhattacharyya</surname></persName>
		</author>
		<author>
			<persName><forename type="first">M</forename><forename type="middle">J</forename><surname>Carman</surname></persName>
		</author>
		<imprint>
			<date type="published" when="2018">2018</date>
		</imprint>
	</monogr>
	<note>Investigations in Computational Sarcasm</note>
	<note type="raw_reference">Joshi, A., Bhattacharyya, P., and Carman, M. J. (2018). Investigations in Computational Sarcasm.</note>
</biblStruct>

<biblStruct xml:id="b13">
	<monogr>
		<title level="m" type="main">A large self-annotated corpus for sarcasm</title>
		<author>
			<persName><forename type="first">M</forename><surname>Khodak</surname></persName>
		</author>
		<author>
			<persName><forename type="first">N</forename><surname>Saunshi</surname></persName>
		</author>
		<author>
			<persName><forename type="first">K</forename><surname>Vodrahalli</surname></persName>
		</author>
		<idno>CoRR, abs/1704.05579</idno>
		<imprint>
			<date type="published" when="2017">2017</date>
		</imprint>
	</monogr>
	<note type="raw_reference">Khodak, M., Saunshi, N., and Vodrahalli, K. (2017). A large self-annotated corpus for sarcasm. CoRR, abs/1704.05579.</note>
</biblStruct>

<biblStruct xml:id="b14">
	<monogr>
		<title level="m" type="main">BART: denoising sequence-to-sequence pre-training for natural language generation, translation, and comprehension</title>
		<author>
			<persName><forename type="first">M</forename><surname>Lewis</surname></persName>
		</author>
		<author>
			<persName><forename type="first">Y</forename><surname>Liu</surname></persName>
		</author>
		<author>
			<persName><forename type="first">N</forename><surname>Goyal</surname></persName>
		</author>
		<author>
			<persName><forename type="first">M</forename><surname>Ghazvininejad</surname></persName>
		</author>
		<author>
			<persName><forename type="first">A</forename><surname>Mohamed</surname></persName>
		</author>
		<author>
			<persName><forename type="first">O</forename><surname>Levy</surname></persName>
		</author>
		<author>
			<persName><forename type="first">V</forename><surname>Stoyanov</surname></persName>
		</author>
		<author>
			<persName><forename type="first">L</forename><surname>Zettlemoyer</surname></persName>
		</author>
		<idno>CoRR, abs/1910.13461</idno>
		<imprint>
			<date type="published" when="2019">2019</date>
		</imprint>
	</monogr>
	<note type="raw_reference">Lewis, M., Liu, Y., Goyal, N., Ghazvininejad, M., Mo- hamed, A., Levy, O., Stoyanov, V., and Zettlemoyer, L. (2019). BART: denoising sequence-to-sequence pre-training for natural language generation, transla- tion, and comprehension. CoRR, abs/1910.13461.</note>
</biblStruct>

<biblStruct xml:id="b15">
	<monogr>
		<author>
			<persName><forename type="first">Y</forename><surname>Liu</surname></persName>
		</author>
		<author>
			<persName><forename type="first">S</forename><surname>Albanie</surname></persName>
		</author>
		<author>
			<persName><forename type="first">A</forename><surname>Nagrani</surname></persName>
		</author>
		<author>
			<persName><forename type="first">A</forename><surname>Zisserman</surname></persName>
		</author>
		<title level="m">Use what you have: Video retrieval using representations from collaborative experts</title>
				<imprint>
			<date type="published" when="2020">2020</date>
		</imprint>
	</monogr>
	<note type="raw_reference">Liu, Y., Albanie, S., Nagrani, A., and Zisserman, A. (2020). Use what you have: Video retrieval using representations from collaborative experts.</note>
</biblStruct>

<biblStruct xml:id="b16">
	<analytic>
		<title level="a" type="main">Who cares about sarcastic tweets? investigating the impact of sarcasm on sentiment analysis</title>
		<author>
			<persName><forename type="first">D</forename><forename type="middle">G</forename><surname>Maynard</surname></persName>
		</author>
		<author>
			<persName><forename type="first">M</forename><forename type="middle">A</forename><surname>Greenwood</surname></persName>
		</author>
	</analytic>
	<monogr>
		<title level="m">LREC 2014 Proceedings</title>
				<imprint>
			<date type="published" when="2014">2014</date>
		</imprint>
	</monogr>
	<note type="raw_reference">Maynard, D. G. and Greenwood, M. A. (2014). Who cares about sarcastic tweets? investigating the impact of sarcasm on sentiment analysis. In LREC 2014 Proceedings.</note>
</biblStruct>

<biblStruct xml:id="b17">
	<monogr>
		<title/>
		<author>
			<persName><forename type="first">B</forename><surname>Mcfee</surname></persName>
		</author>
		<author>
			<persName><forename type="first">V</forename><surname>Lostanlen</surname></persName>
		</author>
		<author>
			<persName><forename type="first">M</forename><surname>Mcvicar</surname></persName>
		</author>
		<author>
			<persName><forename type="first">A</forename><surname>Metsai</surname></persName>
		</author>
		<author>
			<persName><forename type="first">S</forename><surname>Balke</surname></persName>
		</author>
		<author>
			<persName><forename type="first">C</forename><surname>Thomé</surname></persName>
		</author>
		<author>
			<persName><forename type="first">C</forename><surname>Raffel</surname></persName>
		</author>
		<author>
			<persName><forename type="first">A</forename><surname>Malek</surname></persName>
		</author>
		<author>
			<persName><forename type="first">D</forename><surname>Lee</surname></persName>
		</author>
		<author>
			<persName><forename type="first">F</forename><surname>Zalkow</surname></persName>
		</author>
		<author>
			<persName><forename type="first">K</forename><surname>Lee</surname></persName>
		</author>
		<author>
			<persName><forename type="first">O</forename><surname>Nieto</surname></persName>
		</author>
		<author>
			<persName><forename type="first">J</forename><surname>Mason</surname></persName>
		</author>
		<author>
			<persName><forename type="first">D</forename><surname>Ellis</surname></persName>
		</author>
		<author>
			<persName><forename type="first">R</forename><surname>Yamamoto</surname></persName>
		</author>
		<author>
			<persName><forename type="first">S</forename><surname>Seyfarth</surname></persName>
		</author>
		<author>
			<persName><forename type="first">E</forename><surname>Battenberg</surname></persName>
		</author>
		<author>
			<persName><forename type="first">R</forename><surname>Bittner</surname></persName>
		</author>
		<author>
			<persName><forename type="first">K</forename><surname>Choi</surname></persName>
		</author>
		<author>
			<persName><forename type="first">J</forename><surname>Moore</surname></persName>
		</author>
		<author>
			<persName><forename type="first">Z</forename><surname>Wei</surname></persName>
		</author>
		<author>
			<persName><forename type="first">S</forename><surname>Hidaka</surname></persName>
		</author>
		<author>
			<persName><forename type="first">P</forename><surname>Friesch</surname></persName>
		</author>
		<author>
			<persName><forename type="first">F.-R</forename><surname>Stöter</surname></persName>
		</author>
		<author>
			<persName><forename type="first">D</forename><surname>Hereñú</surname></persName>
		</author>
		<author>
			<persName><forename type="first">T</forename><surname>Kim</surname></persName>
		</author>
		<author>
			<persName><forename type="first">M</forename><surname>Vollrath</surname></persName>
		</author>
		<author>
			<persName><forename type="first">A</forename><surname>Weiss</surname></persName>
		</author>
		<ptr target="li-brosa/librosa:0.7.2" />
		<imprint>
			<date type="published" when="2020-01">2020. January</date>
		</imprint>
	</monogr>
	<note type="raw_reference">McFee, B., Lostanlen, V., McVicar, M., Metsai, A., Balke, S., Thomé, C., Raffel, C., Malek, A., Lee, D., Zalkow, F., Lee, K., Nieto, O., Mason, J., Ellis, D., Yamamoto, R., Seyfarth, S., Battenberg, E., , , Bittner, R., Choi, K., Moore, J., Wei, Z., Hidaka, S., nullmightybofo, Friesch, P., Stöter, F.-R., Hereñú, D., Kim, T., Vollrath, M., and Weiss, A. (2020). li- brosa/librosa: 0.7.2, January.</note>
</biblStruct>

<biblStruct xml:id="b18">
	<monogr>
		<title level="m" type="main">Ethics sheet for automatic emotion recognition and sentiment analysis</title>
		<author>
			<persName><forename type="first">S</forename><forename type="middle">M</forename><surname>Mohammad</surname></persName>
		</author>
		<idno>CoRR, abs/2109.08256</idno>
		<imprint>
			<date type="published" when="2021">2021</date>
		</imprint>
	</monogr>
	<note type="raw_reference">Mohammad, S. M. (2021). Ethics sheet for automatic emotion recognition and sentiment analysis. CoRR, abs/2109.08256.</note>
</biblStruct>

<biblStruct xml:id="b19">
	<analytic>
		<title level="a" type="main">iSarcasm: A dataset of intended sarcasm</title>
		<author>
			<persName><forename type="first">S</forename><surname>Oprea</surname></persName>
		</author>
		<author>
			<persName><forename type="first">W</forename><surname>Magdy</surname></persName>
		</author>
	</analytic>
	<monogr>
		<title level="m">Proceedings of the 58th Annual Meeting of the Association for Computational Linguistics</title>
				<meeting>the 58th Annual Meeting of the Association for Computational Linguistics</meeting>
		<imprint>
			<date type="published" when="2020">2020</date>
			<biblScope unit="page" from="1279" to="1289" />
		</imprint>
	</monogr>
	<note type="raw_reference">Oprea, S. and Magdy, W. (2020). iSarcasm: A dataset of intended sarcasm. In Proceedings of the 58th An- nual Meeting of the Association for Computational Linguistics, pages 1279-1289.</note>
</biblStruct>

<biblStruct xml:id="b20">
	<analytic>
		<title level="a" type="main">Creating and characterizing a diverse corpus of sarcasm in dialogue</title>
		<author>
			<persName><forename type="first">S</forename><surname>Oraby</surname></persName>
		</author>
		<author>
			<persName><forename type="first">V</forename><surname>Harrison</surname></persName>
		</author>
		<author>
			<persName><forename type="first">L</forename><surname>Reed</surname></persName>
		</author>
		<author>
			<persName><forename type="first">E</forename><surname>Hernandez</surname></persName>
		</author>
		<author>
			<persName><forename type="first">E</forename><surname>Riloff</surname></persName>
		</author>
		<author>
			<persName><forename type="first">M</forename><surname>Walker</surname></persName>
		</author>
	</analytic>
	<monogr>
		<title level="m">Proceedings of the 17th Annual Meeting of the Special Interest Group on Discourse and Dialogue</title>
				<meeting>the 17th Annual Meeting of the Special Interest Group on Discourse and Dialogue<address><addrLine>Los Angeles</addrLine></address></meeting>
		<imprint>
			<date type="published" when="2016-09">2016. September</date>
			<biblScope unit="page" from="31" to="41" />
		</imprint>
	</monogr>
	<note>Association for Computational Linguistics</note>
	<note type="raw_reference">Oraby, S., Harrison, V., Reed, L., Hernandez, E., Riloff, E., and Walker, M. (2016). Creating and characteriz- ing a diverse corpus of sarcasm in dialogue. In Pro- ceedings of the 17th Annual Meeting of the Special Interest Group on Discourse and Dialogue, pages 31- 41, Los Angeles, September. Association for Compu- tational Linguistics.</note>
</biblStruct>

<biblStruct xml:id="b21">
	<analytic>
		<title level="a" type="main">Learning Problem-Agnostic Speech Representations from Multiple Self-Supervised Tasks</title>
		<author>
			<persName><forename type="first">S</forename><surname>Pascual</surname></persName>
		</author>
		<author>
			<persName><forename type="first">M</forename><surname>Ravanelli</surname></persName>
		</author>
		<author>
			<persName><forename type="first">J</forename><surname>Serrà</surname></persName>
		</author>
		<author>
			<persName><forename type="first">A</forename><surname>Bonafonte</surname></persName>
		</author>
		<author>
			<persName><forename type="first">Y</forename><surname>Bengio</surname></persName>
		</author>
	</analytic>
	<monogr>
		<title level="m">INTERSPEECH</title>
				<imprint>
			<date type="published" when="2019">2019</date>
			<biblScope unit="page" from="161" to="165" />
		</imprint>
	</monogr>
	<note type="raw_reference">Pascual, S., Ravanelli, M., Serrà, J., Bonafonte, A., and Bengio, Y. ). Learning Problem-Agnostic Speech Representations from Multiple Self-Supervised Tasks. In INTERSPEECH, 2019, pages 161-165.</note>
</biblStruct>

<biblStruct xml:id="b22">
	<monogr>
		<title level="m" type="main">Emotion: a psychoevolutionary synthesis</title>
		<author>
			<persName><forename type="first">R</forename><surname>Plutchick</surname></persName>
		</author>
		<imprint>
			<date type="published" when="1980">1980</date>
			<publisher>Happer &amp; Row</publisher>
			<pubPlace>New York</pubPlace>
		</imprint>
	</monogr>
	<note type="raw_reference">Plutchick, R. (1980). Emotion: a psychoevolutionary synthesis. New York, Happer &amp; Row.</note>
</biblStruct>

<biblStruct xml:id="b23">
	<monogr>
		<title level="m" type="main">MELD: A multimodal multi-party dataset for emotion recognition in conversations</title>
		<author>
			<persName><forename type="first">S</forename><surname>Poria</surname></persName>
		</author>
		<author>
			<persName><forename type="first">D</forename><surname>Hazarika</surname></persName>
		</author>
		<author>
			<persName><forename type="first">N</forename><surname>Majumder</surname></persName>
		</author>
		<author>
			<persName><forename type="first">G</forename><surname>Naik</surname></persName>
		</author>
		<author>
			<persName><forename type="first">E</forename><surname>Cambria</surname></persName>
		</author>
		<author>
			<persName><forename type="first">R</forename><surname>Mihalcea</surname></persName>
		</author>
		<idno>CoRR, abs/1810.02508</idno>
		<imprint>
			<date type="published" when="2018">2018</date>
		</imprint>
	</monogr>
	<note type="raw_reference">Poria, S., Hazarika, D., Majumder, N., Naik, G., Cam- bria, E., and Mihalcea, R. (2018). MELD: A multi- modal multi-party dataset for emotion recognition in conversations. CoRR, abs/1810.02508.</note>
</biblStruct>

<biblStruct xml:id="b24">
	<analytic>
		<title level="a" type="main">Modelling valence and arousal in facebook posts</title>
		<author>
			<persName><forename type="first">D</forename><surname>Preot ¸iuc-Pietro</surname></persName>
		</author>
		<author>
			<persName><forename type="first">H</forename><forename type="middle">A</forename><surname>Schwartz</surname></persName>
		</author>
		<author>
			<persName><forename type="first">G</forename><surname>Park</surname></persName>
		</author>
		<author>
			<persName><forename type="first">J</forename><surname>Eichstaedt</surname></persName>
		</author>
		<author>
			<persName><forename type="first">M</forename><surname>Kern</surname></persName>
		</author>
		<author>
			<persName><forename type="first">L</forename><surname>Ungar</surname></persName>
		</author>
		<author>
			<persName><forename type="first">E</forename><surname>Shulman</surname></persName>
		</author>
	</analytic>
	<monogr>
		<title level="m">Proceedings of the 7th workshop on computational approaches to subjectivity, sentiment and social media analysis</title>
				<meeting>the 7th workshop on computational approaches to subjectivity, sentiment and social media analysis</meeting>
		<imprint>
			<date type="published" when="2016">2016</date>
			<biblScope unit="page" from="9" to="15" />
		</imprint>
	</monogr>
	<note type="raw_reference">Preot ¸iuc-Pietro, D., Schwartz, H. A., Park, G., Eich- staedt, J., Kern, M., Ungar, L., and Shulman, E. (2016). Modelling valence and arousal in facebook posts. In Proceedings of the 7th workshop on com- putational approaches to subjectivity, sentiment and social media analysis, pages 9-15.</note>
</biblStruct>

<biblStruct xml:id="b25">
	<monogr>
		<title level="m" type="main">Exploring the limits of transfer learning with a unified text-to-text transformer</title>
		<author>
			<persName><forename type="first">C</forename><surname>Raffel</surname></persName>
		</author>
		<author>
			<persName><forename type="first">N</forename><forename type="middle">M</forename><surname>Shazeer</surname></persName>
		</author>
		<author>
			<persName><forename type="first">A</forename><surname>Roberts</surname></persName>
		</author>
		<author>
			<persName><forename type="first">K</forename><surname>Lee</surname></persName>
		</author>
		<author>
			<persName><forename type="first">S</forename><surname>Narang</surname></persName>
		</author>
		<author>
			<persName><forename type="first">M</forename><surname>Matena</surname></persName>
		</author>
		<author>
			<persName><forename type="first">Y</forename><surname>Zhou</surname></persName>
		</author>
		<author>
			<persName><forename type="first">W</forename><surname>Li</surname></persName>
		</author>
		<author>
			<persName><forename type="first">P</forename><forename type="middle">J</forename><surname>Liu</surname></persName>
		</author>
		<idno>ArXiv, abs/1910.10683</idno>
		<imprint>
			<date type="published" when="2020">2020</date>
		</imprint>
	</monogr>
	<note type="raw_reference">Raffel, C., Shazeer, N. M., Roberts, A., Lee, K., Narang, S., Matena, M., Zhou, Y., Li, W., and Liu, P. J. (2020). Exploring the limits of transfer learning with a unified text-to-text transformer. ArXiv, abs/1910.10683. ).</note>
</biblStruct>

<biblStruct xml:id="b26">
	<analytic>
		<title level="a" type="main">A circumplex model of affect</title>
		<author>
			<persName><forename type="first">J</forename><surname>Russell</surname></persName>
		</author>
	</analytic>
	<monogr>
		<title level="j">Journal of Personality and Social Psychology</title>
		<imprint>
			<biblScope unit="volume">39</biblScope>
			<biblScope unit="page" from="1161" to="1178" />
			<date type="published" when="1980">1980. 12</date>
		</imprint>
	</monogr>
	<note type="raw_reference">Russell, J. (1980). A circumplex model of affect. Jour- nal of Personality and Social Psychology, 39:1161- 1178, 12.</note>
</biblStruct>

<biblStruct xml:id="b27">
	<analytic>
		<title level="a" type="main">I didn&apos;t mean what i wrote! exploring multimodality for sarcasm detection</title>
		<author>
			<persName><forename type="first">S</forename><surname>Sangwan</surname></persName>
		</author>
		<author>
			<persName><forename type="first">M</forename><forename type="middle">S</forename><surname>Akhtar</surname></persName>
		</author>
		<author>
			<persName><forename type="first">P</forename><surname>Behera</surname></persName>
		</author>
		<author>
			<persName><forename type="first">A</forename><surname>Ekbal</surname></persName>
		</author>
	</analytic>
	<monogr>
		<title level="m">2020 International Joint Conference on Neural Networks (IJCNN)</title>
				<imprint>
			<date type="published" when="2020">2020</date>
			<biblScope unit="page" from="1" to="8" />
		</imprint>
	</monogr>
	<note type="raw_reference">Sangwan, S., Akhtar, M. S., Behera, P., and Ekbal, A. (2020). I didn&apos;t mean what i wrote! exploring multi- modality for sarcasm detection. In 2020 International Joint Conference on Neural Networks (IJCNN), pages 1-8.</note>
</biblStruct>

<biblStruct xml:id="b28">
	<analytic>
		<title level="a" type="main">Detecting sarcasm in multimodal social platforms</title>
		<author>
			<persName><forename type="first">R</forename><surname>Schifanella</surname></persName>
		</author>
		<author>
			<persName><forename type="first">P</forename><surname>De Juan</surname></persName>
		</author>
		<author>
			<persName><forename type="first">J</forename><surname>Tetreault</surname></persName>
		</author>
		<author>
			<persName><forename type="first">L</forename><surname>Cao</surname></persName>
		</author>
	</analytic>
	<monogr>
		<title level="m">Proceedings of the 24th ACM international conference on Multimedia</title>
				<meeting>the 24th ACM international conference on Multimedia</meeting>
		<imprint>
			<date type="published" when="2016-10">2016. Oct</date>
		</imprint>
	</monogr>
	<note type="raw_reference">Schifanella, R., de Juan, P., Tetreault, J., and Cao, L. (2016). Detecting sarcasm in multimodal social plat- forms. Proceedings of the 24th ACM international conference on Multimedia, Oct.</note>
</biblStruct>

<biblStruct xml:id="b29">
	<analytic>
		<title level="a" type="main">Individual comparisons by ranking methods</title>
		<author>
			<persName><forename type="first">F</forename><surname>Wilcoxon</surname></persName>
		</author>
	</analytic>
	<monogr>
		<title level="j">Biometrics Bulletin</title>
		<imprint>
			<date type="published" when="1945">1945</date>
		</imprint>
	</monogr>
	<note type="raw_reference">Wilcoxon, F. (1945). Individual comparisons by rank- ing methods. Biometrics Bulletin.</note>
</biblStruct>

<biblStruct xml:id="b30">
	<monogr>
		<title level="m" type="main">Aff-wild: Valence and arousal &apos;in-the-wild&apos; challenge</title>
		<author>
			<persName><forename type="first">S</forename><surname>Zafeiriou</surname></persName>
		</author>
		<author>
			<persName><forename type="first">D</forename><surname>Kollias</surname></persName>
		</author>
		<author>
			<persName><forename type="first">M</forename><surname>Nicolaou</surname></persName>
		</author>
		<author>
			<persName><forename type="first">A</forename><surname>Papaioannou</surname></persName>
		</author>
		<author>
			<persName><forename type="first">G</forename><surname>Zhao</surname></persName>
		</author>
		<author>
			<persName><forename type="first">I</forename><surname>Kotsia</surname></persName>
		</author>
		<imprint>
			<date type="published" when="1980">2017. 1980-1987, 07</date>
		</imprint>
	</monogr>
	<note type="raw_reference">Zafeiriou, S., Kollias, D., Nicolaou, M., Papaioan- nou, A., Zhao, G., and Kotsia, I. (2017). Aff-wild: Valence and arousal &apos;in-the-wild&apos; challenge. pages 1980-1987, 07.</note>
</biblStruct>

<biblStruct xml:id="b31">
	<monogr>
		<title level="m" type="main">Emotion detection on TV show transcripts with sequence-based convolutional neural networks</title>
		<author>
			<persName><forename type="first">S</forename><forename type="middle">M</forename><surname>Zahiri</surname></persName>
		</author>
		<author>
			<persName><forename type="first">J</forename><forename type="middle">D</forename><surname>Choi</surname></persName>
		</author>
		<idno>CoRR, abs/1708.04299</idno>
		<imprint>
			<date type="published" when="2017">2017</date>
		</imprint>
	</monogr>
	<note type="raw_reference">Zahiri, S. M. and Choi, J. D. (2017). Emotion detection on TV show transcripts with sequence-based convo- lutional neural networks. CoRR, abs/1708.04299.</note>
</biblStruct>

<biblStruct xml:id="b32">
	<monogr>
		<title level="m" type="main">A gricean rearrangement of epithets</title>
		<author>
			<persName><forename type="first">Z</forename><surname>Zvolenszky</surname></persName>
		</author>
		<imprint>
			<date type="published" when="2012">2012</date>
		</imprint>
	</monogr>
	<note type="raw_reference">Zvolenszky, Z. (2012). A gricean rearrangement of epithets.</note>
</biblStruct>

				</listBibl>
			</div>
		</back>
	</text>
</TEI>
