<?xml version="1.0" encoding="UTF-8"?>
<TEI xml:space="preserve" xmlns="http://www.tei-c.org/ns/1.0" 
xmlns:xsi="http://www.w3.org/2001/XMLSchema-instance" 
xsi:schemaLocation="http://www.tei-c.org/ns/1.0 https://raw.githubusercontent.com/kermitt2/grobid/master/grobid-home/schemas/xsd/Grobid.xsd"
 xmlns:xlink="http://www.w3.org/1999/xlink">
	<teiHeader xml:lang="en">
		<fileDesc>
			<titleStmt>
				<title level="a" type="main">A Multi-Task Dual-Tree Network for Aspect Sentiment Triplet Extraction</title>
			</titleStmt>
			<publicationStmt>
				<publisher/>
				<availability status="unknown"><licence/></availability>
			</publicationStmt>
			<sourceDesc>
				<biblStruct>
					<analytic>
						<author>
							<persName><forename type="first">Yichun</forename><surname>Zhao</surname></persName>
							<email>zhaoyichun@sjtu.edu.cn</email>
							<affiliation key="aff0">
								<orgName type="institution">Shanghai Jiao Tong University</orgName>
							</affiliation>
						</author>
						<author>
							<persName><forename type="first">Kui</forename><surname>Meng</surname></persName>
							<email>mengkui@sjtu.edu.cn</email>
							<affiliation key="aff0">
								<orgName type="institution">Shanghai Jiao Tong University</orgName>
							</affiliation>
						</author>
						<author>
							<persName><forename type="first">Gongshen</forename><surname>Liu</surname></persName>
							<affiliation key="aff0">
								<orgName type="institution">Shanghai Jiao Tong University</orgName>
							</affiliation>
						</author>
						<author>
							<persName><forename type="first">Jintao</forename><surname>Du</surname></persName>
							<affiliation key="aff1">
								<orgName type="laboratory">Ant Group Co</orgName>
								<address>
									<settlement>Ltd</settlement>
								</address>
							</affiliation>
						</author>
						<author>
							<persName><forename type="first">Huijia</forename><surname>Zhu</surname></persName>
							<email>huijia.zhj@antgroup.com</email>
							<affiliation key="aff1">
								<orgName type="laboratory">Ant Group Co</orgName>
								<address>
									<settlement>Ltd</settlement>
								</address>
							</affiliation>
						</author>
						<title level="a" type="main">A Multi-Task Dual-Tree Network for Aspect Sentiment Triplet Extraction</title>
					</analytic>
					<monogr>
						<imprint>
							<date/>
						</imprint>
					</monogr>
					<idno type="MD5">115623A98C5B842D28FBD701DD78A000</idno>
				</biblStruct>
			</sourceDesc>
		</fileDesc>
		<encodingDesc>
			<appInfo>
				<application version="0.7.3-SNAPSHOT" ident="GROBID" when="2023-01-12T09:27+0000">
					<desc>GROBID - A machine learning software for extracting information from scholarly documents</desc>
					<ref target="https://github.com/kermitt2/grobid"/>
				</application>
			</appInfo>
		</encodingDesc>
		<profileDesc>
			<textClass>
				<keywords>
					<term>Good service but poor taste Aspect Term Extration: {service</term>
					<term>taste} Opinion Term Extraction: {Good</term>
					<term>poor} Aspect Sentiment Pair Extraction: {(service</term>
					<term>pos)</term>
					<term>(taste</term>
					<term>neg)} Aspect Opinion Co-Extraction: {service</term>
					<term>Good</term>
					<term>taste</term>
					<term>poor} Aspect Opinion Pair Extraction: {(service</term>
					<term>Good)</term>
					<term>(taste</term>
					<term>poor)} Aspect Sentiment Triplet Extraction: {(service</term>
					<term>Good</term>
					<term>pos)</term>
					<term>(taste</term>
					<term>poor</term>
					<term>neg)}</term>
				</keywords>
			</textClass>
			<abstract>
<div xmlns="http://www.tei-c.org/ns/1.0"><p>Aspect Sentiment Triplet Extraction (ASTE) aims at extracting triplets from a given sentence, where each triplet includes an aspect, its sentiment polarity, and a corresponding opinion explaining the polarity. Existing methods are poor at detecting complicated relations between aspects and opinions as well as classifying multiple sentiment polarities in a sentence. Detecting unclear boundaries of multi-word aspects and opinions is also a challenge. In this paper, we propose a Multi-Task Dual-Tree Network (MTDTN) to address these issues. We employ a constituency tree and a modified dependency tree in two sub-tasks of Aspect Opinion Co-Extraction (AOCE) and ASTE, respectively. To enhance the information interaction between the two sub-tasks, we further design a Transition-Based Inference Strategy (TBIS) that transfers the boundary information from tags of AOCE to ASTE through a transition matrix. Extensive experiments are conducted on four popular datasets, and the results show the effectiveness of our model.</p></div>
			</abstract>
		</profileDesc>
	</teiHeader>
	<text xml:lang="en">
		<body>
<div xmlns="http://www.tei-c.org/ns/1.0"><head n="1">Introduction</head><p>Aspect Based Sentiment Analysis (ABSA), also known as Target Based Sentiment Analysis, has received widespread attention in both academia and industry in recent years. ABSA allows a sentiment analysis of different aspects in a given sentence, which can be applied in many areas, such as social media and E-commerce reviews. Compared with sentence sentiment analysis, ABSA is more fine-grained and more in line with reality. ABSA contains many sub-tasks, such as Aspect Term Extraction (ATE) <ref type="bibr" target="#b22">(Xu et al., 2018;</ref><ref type="bibr" target="#b25">Yang et al., 2020)</ref>, Opinion Term Extraction (OTE) <ref type="bibr" target="#b6">(Fan et al., 2019;</ref><ref type="bibr" target="#b20">Wu et al., 2020b)</ref>, Aspect Level Sentiment Classification (ALSC) <ref type="bibr" target="#b21">(Xiao et al., 2021;</ref><ref type="bibr" target="#b10">Li et al., 2021)</ref>, Aspect Sentiment Pair Extraction (ASPE) <ref type="bibr" target="#b11">(Li et al., 2019;</ref><ref type="bibr" target="#b8">Ji et al., 2020;</ref><ref type="bibr" target="#b3">Chen and Qian, 2020</ref>; Table <ref type="table">1</ref> gives an example of different ABSA subtasks for the sentence 'Good service but poor taste'. This paper mainly concentrate on ASTE, which extracts triplets of all aspects in a sentence with the corresponding opinion and the sentiment polarity for each aspect simultaneously.</p><p>Although researches have been conducted in the area, ASTE still faces many challenges:</p><p>• Complicated relations. The corresponding relations between aspects and opinions can be one-to-one, one-to-many, many-to-one, and even many-to-many. It is hard to detect these relations accurately and unambiguously.</p><p>• Multiple sentiment polarities. Each sentence may contain multiple sentiment polarities, which are usually influenced by corresponding relations between aspects and opinions. Therefore, relations need to be integrated into the sentiment classification task in a proper way.</p><p>• Unclear boundaries. Aspects and opinions often contain multiple successive words, making their boundaries difficult to be detected.</p><p>To address the above challenges, we propose a Multi-Task Dual-Tree Network for ASTE, namely MTDTN. The constituency tree and dependency tree are two parsing methods of a sentence in Natural Language Processing (NLP), and the latter has been widely used in ABSA tasks <ref type="bibr" target="#b16">(Wang et al., 2020;</ref><ref type="bibr" target="#b15">Pereg et al., 2020)</ref>. Although the two trees of one sentence can be transformed into each other, it may require hops over the structure in graph neural networks or self-attentions. Thus our model employs both types of trees for AOCE and ASTE, respectively. The constituency tree is applied in the coextraction module to detect constituent boundaries, and the dependency tree is applied in the triplet extraction module to capture relations between aspects and opinions. Moreover, for the reason that different layers of BERT <ref type="bibr" target="#b5">(Devlin et al., 2019)</ref> capture hierarchical features, with surface features in lower layers, syntactic features in middle layers and semantic features in higher layers <ref type="bibr" target="#b7">(Jawahar et al., 2019)</ref>, we employ self-attention weights of the middle layer to modify the dependency graph. The modified graph can reduce inevitable parsing errors and imply more accurate relations between words. Finally, we use a similar tagging scheme as the Grid Tagging Scheme <ref type="bibr" target="#b19">(Wu et al., 2020a)</ref> for triplet extraction and design a Transition-Based Inference Strategy (TBIS) to transfer the boundary information from the co-extraction module to the triplet extraction module.</p><p>The contributions of our work can be summarized as follows:</p><p>• We propose a Multi-Task Dual-Tree Network for ASTE, employing a constituency tree and a modified dependency tree in two sub-tasks of AOCE and ASTE, respectively.</p><p>• We design a Transition-Based Inference Strategy that transfers the boundary information from tags of AOCE to ASTE through a transition matrix.</p><p>• We conduct extensive experiments on four popular datasets, and the results show that our model outperforms state-of-the-art models.</p></div>
<div xmlns="http://www.tei-c.org/ns/1.0"><head n="2">Related work</head><p>Aspect-Opinion Co-Extraction (AOCE) has been focused on in recent years, aiming to explore the interactions between Aspect Term Extraction (ATE) and Opinion Term Extraction (OTE). Initially, models have been proposed to co-extract aspects and opinions in a sentence, treating the task as a sequence labeling problem <ref type="bibr" target="#b17">(Wang et al., 2017;</ref><ref type="bibr" target="#b4">Dai and Song, 2019;</ref><ref type="bibr">He et al., 2019)</ref>. However, they do not consider the relations between corresponding aspects and opinions. Then <ref type="bibr" target="#b26">(Zhao et al., 2020)</ref> define the Aspect Opinion Pair Extraction (AOPE) task and propose a span-based multi-task learning framework. <ref type="bibr">(Chen et al., 2020)</ref> propose a synchronous double-channel recurrent network to obtain aspect-opinion pairs and achieve great performance. To further explore the interactions between paired terms and sentiment polarity, <ref type="bibr" target="#b14">(Peng et al., 2020)</ref> first define the task of Aspect-Sentiment Triplet Extraction (ASTE) and propose a two-stage model to address it. Following this work, a positionaware tagging scheme <ref type="bibr" target="#b24">(Xu et al., 2020</ref>) and a grid tagging scheme <ref type="bibr" target="#b19">(Wu et al., 2020a)</ref> are designed to jointly extract the triplets in an end-to-end manner. <ref type="bibr" target="#b2">(Chen et al., 2021b)</ref> further represent the semantic and syntactic relations between word pairs by a graph to enhance the vanilla grid tagging scheme. Interactions between aspect spans and opinion spans are also studied to not only consider word-to-word interactions <ref type="bibr" target="#b23">(Xu et al., 2021)</ref>. <ref type="bibr" target="#b1">(Chen et al., 2021a)</ref> transform the triplet extraction task into a machine reading comprehension (MRC) task with well-designed queries.</p></div>
<div xmlns="http://www.tei-c.org/ns/1.0"><head n="3">Task Definition</head><p>Given an input sentence X = {x 1 , x 2 , • • • , x n } of length n, we then formulate two sub-tasks as two different sequence labeling problems.</p></div>
<div xmlns="http://www.tei-c.org/ns/1.0"><head n="3.1">Aspect-Opinion Co-Extraction</head><p>AOCE aims to extract all aspect terms and opinion terms appearing in a sentence. We use 5 tags in Y = {BA, IA, BO, IO, OT } to label each word x i . BA and BO denote the beginning of an aspect term or an opinion term, IA and IO denote the inside of an aspect term or an opinion term, OT denotes the outside of both kinds of terms.</p></div>
<div xmlns="http://www.tei-c.org/ns/1.0"><head n="3.2">Aspect-Sentiment Triplet Extraction</head><p>ASTE aims to extract triplets of all aspect terms in a sentence with the corresponding opinion term and the sentiment polarity for each aspect term simultaneously. We employ the Grid Tagging Schema <ref type="bibr" target="#b19">(Wu et al., 2020a)</ref> </p></div>
<div xmlns="http://www.tei-c.org/ns/1.0"><head n="4.2">Shared BERT Encoder</head><p>Since pre-trained models show powerful performance in Natural Language Understanding (NLU) tasks, we choose BERT <ref type="bibr" target="#b5">(Devlin et al., 2019)</ref> as the text encoder of our model. For a given sentence X, the following representations can be generated on the pre-trained BERT:</p><formula xml:id="formula_0">H [1:L] = BERT (X)<label>(1)</label></formula><p>where H [1:L] denote hidden states of all layers of BERT and L is the max layer.</p><p>For the reason that BERT is proven to capture a rich hierarchy of linguistic information, different layers are selected for two sub-tasks:</p><formula xml:id="formula_1">H ce = H L H te = H l (2)</formula><p>where H ce and H te are inputs for the co-extraction module and the triplet extraction module respectively, H L denotes hidden states of the highest BERT layer which contains more semantic information, H l denotes hidden states of the lth BERT layer which contains more syntactic information.</p><p>We assume that the co-extraction pays more attention to semantic features and the triplet extraction pays more attention to syntactic features because the latter needs to describe word-to-word relations.</p></div>
<div xmlns="http://www.tei-c.org/ns/1.0"><head n="4.3">Co-Extraction Module</head><p>The constituency tree is based on the formalism of context-free grammars. In this type of tree, a sentence is divided into constituents which are subphrases that belong to specific categories in the grammar. For instance, a verb phrase (VP) can be formed of a verb (V) and a noun phrase (NP).</p><p>For a given sentence, we employ CoreNLP to generate a constituency tree and then construct an undirected heterogeneous graph based on the tree. The graph contains n + m nodes, where n leaf nodes are tokens in the sentence, and m internal nodes are constituents in the tree. There are two types of edges in the graph: self-loop edges of leaf nodes and edges between each node and its parent node in the tree. In the forward process, leaf nodes are initialized with H ce and internal nodes are randomly initialized embeddings that can be updated among training.</p><p>Then we apply Graph Convolution Networks (GCN) (Kipf and Welling, 2016) over the generated graph, concatenating the representation of leaf nodes and internal nodes as the initial input:</p><formula xml:id="formula_2">H 0 = [H ce ; e(c)]<label>(3)</label></formula><p>where c denotes the list of constituents in the tree and e denotes the lookup table of constituent embeddings.</p><p>The GCN operation can be written as:</p><formula xml:id="formula_3">h k+1 i = ReLU ( n+m j=1 (A ij W k+1 h k j )) (4)</formula><p>where k is the number of the current layer, A ∈ R (n+m)×(n+m) denotes the adjacency matrix of the graph, W ∈ R d×d is trainable weight, d denotes the hidden size of BERT.</p><p>After K layers of GCNs, the final representation of each token is then fed into a fully-connected layer followed by a softmax layer to yield a probability distribution over Y:</p><formula xml:id="formula_4">p ce i = sof tmax(W c h K i + b c )<label>(5)</label></formula><p>where W c ∈ R d×|Y| and b c ∈ R |Y| are trainable weight and bias. </p></div>
<div xmlns="http://www.tei-c.org/ns/1.0"><head n="4.4">Triplet Extraction Module</head><p>The dependency tree of a sentence is a directed acyclic graph with words as nodes and relations as edges. The relation between any two words in the tree can be described as a "head-dependent" pair.</p><p>For the same sentence as in the co-extraction module, we employ CoreNLP to generate a dependency tree and then construct an undirected isomorphic dependency graph based on the tree without relations .</p><p>The dependency graph generated by tools may have inevitable parsing errors. Different from <ref type="bibr" target="#b21">(Xiao et al., 2021)</ref> which employs self-attention weights of layers all over BERT to supply the dependency graph, we only make use of the middle layer which contains more syntactic information to modify it:</p><formula xml:id="formula_5">A att = sof tmax( Q att W Q att (K att W K att ) T √ d ) A modi i,j =      1, α ≤ A att i,j A dep i,j , β &lt; A att i,j &lt; α 0, A att i,j ≤ β (6)</formula><p>where Q att and K att are both equal to H te , W Q att and W K att denote trainable weights, A dep ∈ R n×n and A modi ∈ R n×n denote adjacency matrices of the original dependency graph and the modified graph respectively, α and β are hyper-parameters.</p><p>In order to receive the modified dependency graph, we design a Dep-Enhanced Transformer Decoder (DETD) as shown in Figure <ref type="figure" target="#fig_1">2</ref>, which uses H ce as input to the first sub-layer and H te as key and value to the second sub-layer:</p><formula xml:id="formula_6">T = DETD(H te , H ce , A modi )<label>(7)</label></formula><p>where</p><formula xml:id="formula_7">T = {t 1 , t 2 , • • • , t n } denotes the output of DETD.</formula><p>Unlike the vanilla transformer decoder, we use multi-head attention instead of masked multi-head attention in the first sub-layer. Since the vanilla transformer does not explicitly encode syntactic features, in the second sub-layer, we incorporate the modified dependency graph into multi-head cross-attention by changing the calculation method of the attention coefficients:</p><formula xml:id="formula_8">A =sof tmax( (QW Q (KW K ) T ) * A modi √ d ) CA dep =F F (AV )</formula><p>O =LN (I + CA(I) + CA dep (I)) (8) where I denotes the input of and O denotes the output of multi-head cross-attention, Q is equal to I, K and V are both equal to H te , W Q and W K denote trainable weights, * denotes an element-wise multiplication between A modi and the dot product of Q and K, F F and LN are feed-forward network and layer normalization in transformer, CA and CA dep denote the vanilla and the dep-enhanced cross-attention respectively.</p><p>Finally, we concatenate the DETD representations of word x i and x j to represent the word-pair (x i , x j ), i.e., r ij = [t i ; t j ], where [; ] is the concatenation operation. Then r ij is sent to a fullyconnected layer to calculate the temporary triplet tag probability:</p><formula xml:id="formula_9">z ij = W s r ij + b s<label>(9)</label></formula><p>where W s ∈ R d×|G| and b s ∈ R |G| are trainable weight and bias.</p></div>
<div xmlns="http://www.tei-c.org/ns/1.0"><head n="4.5">Transition-Based Inference Strategy</head><p>The inference strategy of the original Grid Tagging Schema (GTS) <ref type="bibr" target="#b19">(Wu et al., 2020a)</ref> requires indefinite iterations to capture word-to-word relations, which will increase the time complexity. Inspired by boundary guidance in E2E-ABSA <ref type="bibr" target="#b11">(Li et al., 2019)</ref>, we further propose a Transition-Based Inference Strategy (TBIS) to accelerate the convergence. Firstly, we use a similar approach to the original GTS, leveraging features of distributions of the temporary triplet tag probability and capturing the associated features between x i /x j and others to obtain more accurate results. The new probability q ij can be calculated as follows:</p><formula xml:id="formula_10">z i = maxpooling(z i,: ) z j = maxpooling(z j,: ) r ij = [r ij ; z i ; z j ; z ij ] o ij = W o r ij + b o q ij = W s o ij + b s (10)</formula><p>where z i,: = (z 1:i,i , z i,i:n ) according to the upper triangular grid in GTS, W o and b o are trainable weight and bias, W s and b s share the same parameters as above.</p><p>Secondly, we encode the constraints between co-extraction tags and triplet extraction tags into a transition matrix W g ∈ R |Y|×|G| as shown in Figure <ref type="figure" target="#fig_2">3</ref>. The matrix is initialized as follows and updated as a linear layer during training:</p><formula xml:id="formula_11">W g ij = 1 |T i | if j ∈ T i 0, Otherwise<label>(11)</label></formula><p>where T i is the set of valid triplet extraction tags in G corresponding to the ith co-extraction tag in Y. We transfer boundary information of aspects and opinions by mapping the probability scores of the co-extraction tag space to the triplet tag space.</p><p>The transition-based score of x i is calculated as follows:</p><formula xml:id="formula_12">g i = (W g ) T p ce i<label>(12)</label></formula><p>A gating mechanism is applied to fuse the transition-based score with the triplet extraction tag probability. We calculate a gating score α i ∈ R based on the confidence score c i :</p><formula xml:id="formula_13">c i = (p ce i ) T p ce i α i = ϵc i<label>(13)</label></formula><p>where c i represents co-extraction module's confidence in the predicted result p ce i , ϵ is a hyperparameter to control the contribution of the transition-based score g i in the final result.</p><p>Finally, q ij is fused with g i by the gating score α i and the result is fed into a softmax layer to yield a probability distribution over G:</p><formula xml:id="formula_14">p te ij = sof tmax(α i g i + (1 − α i )q ij )<label>(14)</label></formula></div>
<div xmlns="http://www.tei-c.org/ns/1.0"><head n="4.6">Joint Training Loss</head><p>Training losses for two sub-tasks are both defined as cross-entropy loss:</p><formula xml:id="formula_15">L ce = − n i=1 k∈Y I(y ce i = k)log(p ce i|k )<label>(15)</label></formula><formula xml:id="formula_16">L te = − n i=1 n j=i k∈G I(y te ij = k)log(p te ij|k ) (16)</formula><p>where y ce i denotes the ground truth tag of word x i in co-extraction, y te ij denotes the ground truth tag of the relation between word x i and x j in triplet extraction, p ce i and p te i,j denote predicted tagging distributions, I(•) is the indicator function, Y and G denote two label sets.</p><p>To jointly train two sub-tasks and make them mutually beneficial, we combine the above loss functions to form the final objective, where the hyper-parameter γ denotes their ratio.</p><formula xml:id="formula_17">L = γL ce + L te (17)</formula><p>5 Experiments</p></div>
<div xmlns="http://www.tei-c.org/ns/1.0"><head n="5.1">Datasets and Metrics</head><p>Experiments are conducted on datasets created by Wu <ref type="bibr" target="#b19">(Wu et al., 2020a)</ref>. There are four datasets, among which 14res, 15res and 16res are in the restaurant domain, and 14lap is in the laptop domain. The statistics of all datasets are listed in Table <ref type="table" target="#tab_1">2</ref>. Following previous works, we employ precision, recall and micro F1-score as metrics. During training, we use the model that performed best on the development set for testing. For reproducibility, on each dataset we train the model 5 times with different random seeds and report the averaged results. </p></div>
<div xmlns="http://www.tei-c.org/ns/1.0"><head n="5.2">Baselines</head><p>We compare our model with the following baselines to evaluate the performance of MTDTN, where part of them are pipeline models and others are end-to-end models.</p><p>• Peng-unified-R+PD <ref type="bibr" target="#b14">(Peng et al., 2020)</ref> propose a two-stage framework to address the ASTE task. In the first stage, Peng-unified-R extracts aspects with sentiment and opinions by utilizing mutual influence between aspects and opinions. In the second stage, an MLPbased classifier (PD) is applied to all possible triplets to determine whether each triplet is valid or not.</p><p>• Li-unified-R+PD is a pipeline model combined by <ref type="bibr" target="#b14">(Peng et al., 2020)</ref>, which first employs a modified model Li-unified-R <ref type="bibr" target="#b11">(Li et al., 2019)</ref> to extract aspects with sentiment and opinions and then applies PD to obtain all the valid triplets.</p><p>• Peng-unified-R+IOG is a pipeline model combined by <ref type="bibr" target="#b19">(Wu et al., 2020a)</ref>, which first uses Peng-unified-R <ref type="bibr" target="#b14">(Peng et al., 2020)</ref> to extract aspects with sentiment and then employ IOG <ref type="bibr" target="#b6">(Fan et al., 2019)</ref> to generate triplets. IOG can effectively encode aspect information to extract the corresponding opinion.</p><p>• IMN+IOG is another pipeline model combined by <ref type="bibr" target="#b19">(Wu et al., 2020a)</ref>, which first uses <ref type="bibr">IMN (He et al., 2019)</ref> to extract aspects with sentiment and then employ IOG <ref type="bibr" target="#b6">(Fan et al., 2019)</ref> to generate triplets.</p><p>• GTS <ref type="bibr" target="#b19">(Wu et al., 2020a)</ref> propose a unified grid tagging scheme to address the ASTE task and design an inference strategy to exploit mutual indications between different opinion factors.</p><p>• S 3 E 2 (Chen et al., 2021b) further represent the semantic and syntactic relations between word pairs by a graph neural network to enhance the vanilla GTS.</p><p>• BMRC <ref type="bibr" target="#b1">(Chen et al., 2021a)</ref> convert the ASTE task into a multi-turn machine reading comprehension (MRC) task with well-designed queries.  <ref type="bibr" target="#b12">(Loshchilov and Hutter, 2018)</ref> as the optimizer with the weight decay of 0.01 and the warmup rate of 0.1. The learning rate is set to 2e-5 for the BERT parameter group and 1e-3 for other parameter groups. The batch size is set to 32 with a max sequence length of 128.</p><p>When constructing graphs for constituency trees and dependency trees, we only keep edges associated with the first sub-word of each word tokenized by BERT. We set the middle layer l to 8 for 14res, 14lap and 9 for 15res, 16res respectively. We set the thresholds α and β to 0.1 and 0.9 to generate the modified graph. For the joint training loss, the ratio γ is set to 1. All experiments are conducted on two Nvidia RTX 3080 GPUs.</p></div>
<div xmlns="http://www.tei-c.org/ns/1.0"><head n="5.4">Main Results</head><p>The main results of baselines and our MTDTN model are shown in Table <ref type="table" target="#tab_2">3</ref>. According to the results, MTDTN outperforms all baselines and achieves state-of-the-art performances on four popular datasets, which proving our model's effectiveness.</p><p>In general, due to the strong text expression ability of pre-trained models, the BERT-based models like GTS-BERT, BMRC-BERT and MTDTN surpass other models which do not employ BERT as the text encoder layer significantly.</p><p>More importantly, MTDTN achieves 0.68%, 3.54%, 2.13% and 1.93% absolute F1 scores gain over GTS-BERT, which is the state-of-the-art method we followed on four datasets. We think it is because our model can accurately locate aspects and opinions and capture the relation between them by introducing syntactic information and internal interaction of multiple tasks.</p><p>Then, compared with BMRC-BERT, which is another state-of-the-art model, MTDTN achieves an absolute F1 score increase of 0.87%, 0.29%, 2.06%, 2.02% on four datasets. BMRC-BERT converts the ASTE task into a machine reading comprehension task, while the restrictive query may not correctly capture the relation between aspects and opinions. This may be the actual cause of the performance difference.</p></div>
<div xmlns="http://www.tei-c.org/ns/1.0"><head n="5.5">Ablation Study</head><p>To verify the validity of different modules in our MTDTN, we further carry out an ablation study as shown in Table <ref type="table" target="#tab_3">4</ref>. Firstly, we verify the effectiveness of the multitask framework by removing the co-extraction module, which is 'MTDTN w/o CE' in the table. It can be observed that there is a certain decline in performance, which shows that the auxiliary task is fully effective in extracting triplets from sentences.</p><p>After that, we replace TBIS with the original inference strategy in GTS, which refers to 'MTDTN w/o TBIS'. We can see the performance drops, which shows that the designed inference strategy can utilize the boundary information of aspects and opinions in the AOCE task to promote the ASTE task.</p><p>Then, we remove DETD and replace it with a vanilla transformer decoder without masked multihead attention. It can be seen from 'MTDTN w/o DETD' that the model's performance is significantly declined, showing that the syntactic information can help the model better capture the relations between words.</p><p>More detailed, 'MTDTN w/o MG' means directly replacing the modified graph with the dependency graph generated by the parser. The dropping in performance shows that the modified graph can reduce parsing errors and is more suitable for the specific task.  In this section, we compare three graphs as in Figure <ref type="figure" target="#fig_4">4</ref> on four datasets, the results are shown in Table <ref type="table" target="#tab_4">5</ref>, where 'POS sequence' denotes simple addition of POS embeddings to H ce , 'None' denotes H ce directly being sent to the tag decoder. In 'Iso-morphic graph (constituent)' and 'POS sequence', embeddings of constituents and POS are randomly initialized and updated during training. In 'Isomorphic graph (word)', embeddings of phrases are calculated from the average of word embeddings it contains. We observe that the model using a heterogeneous graph obtains better AOCE performance than other methods on all datasets except 16res. This may be because the fact that the node interaction of heterogeneous graphs is more explainable compared to isomorphic graphs. On the one hand, embeddings of constituents can obtain information from the fully trained hidden states of words. On the other hand, the word representation can also get boundary information and constituent information from the graph of the constituency tree.</p></div>
<div xmlns="http://www.tei-c.org/ns/1.0"><head n="5.6">Analysis of Graph Type</head></div>
<div xmlns="http://www.tei-c.org/ns/1.0"><head n="5.7">Analysis of BERT Layer</head><p>To investigate the effect of different BERT layers modifying the dependency graph and being the key and value of DETD, we evaluate our MTDTN model with each layer of BERT on four datasets. As shown in Figure <ref type="figure" target="#fig_5">5</ref>, MTDTN with the 8th or 9th layer of BERT performs the best. The results are consistent with the hierarchical characteristics of BERT <ref type="bibr" target="#b7">(Jawahar et al., 2019)</ref> that middle layers capture rich syntactic features. Therefore, employing self-attention weights of the middle layer to modify the dependency graph can reduce parsing errors and make it suit the specific task better.</p></div>
<div xmlns="http://www.tei-c.org/ns/1.0"><head n="6">Conclusions</head><p>In this paper, we propose a multi-task framework for Aspect Sentiment Triplet Extraction (ASTE) with Aspect Opinion Co-Extraction (AOCE) as an auxiliary task. The two sub-tasks utilize two types of trees to capture different information of the text. For a given sentence, a constituency tree is employed by a graph convolution network for AOCE, and a modified dependency tree is employed by a special transformer decoder for ASTE. We further designed a Transition-Based Inference Strategy (TBIS) to enhance information interaction between sub-tasks by transferring the boundary information from AOCE to ASTE through a transition matrix. The whole model is called Multi-Task Dual-Tree Network (MTDTN) and extensive experiments demonstrate that our model achieves stateof-the-art performance on four popular datasets.</p></div><figure xmlns="http://www.tei-c.org/ns/1.0" xml:id="fig_0"><head>Figure 1 :</head><label>1</label><figDesc>Figure 1: The overall architecture of our proposed MTDTN.</figDesc><graphic coords="4,67.68,70.87,459.92,246.51" type="bitmap" /></figure>
<figure xmlns="http://www.tei-c.org/ns/1.0" xml:id="fig_1"><head>Figure 2 :</head><label>2</label><figDesc>Figure 2: Dep-Enhanced Transformer Decoder.</figDesc><graphic coords="4,306.54,359.22,217.47,133.49" type="bitmap" /></figure>
<figure xmlns="http://www.tei-c.org/ns/1.0" xml:id="fig_2"><head>Figure 3 :</head><label>3</label><figDesc>Figure 3: Constraints between co-extraction tags and triplet extraction tags.</figDesc></figure>
<figure xmlns="http://www.tei-c.org/ns/1.0" xml:id="fig_3"><head></head><label></label><figDesc>(a) Heterogeneous graph with nodes of constituent and word. (b) Isomorphic graph with nodes of constituent. (c) Isomorphic graph with nodes of word.</figDesc></figure>
<figure xmlns="http://www.tei-c.org/ns/1.0" xml:id="fig_4"><head>Figure 4 :</head><label>4</label><figDesc>Figure 4: Different types of graph.</figDesc><graphic coords="8,77.95,570.91,204.09,83.14" type="bitmap" /></figure>
<figure xmlns="http://www.tei-c.org/ns/1.0" xml:id="fig_5"><head>Figure 5 :</head><label>5</label><figDesc>Figure 5: Impact of different BERT layers</figDesc><graphic coords="8,77.95,470.21,204.09,83.76" type="bitmap" /></figure>
<figure xmlns="http://www.tei-c.org/ns/1.0" type="table" xml:id="tab_0"><head></head><label></label><figDesc>, which uses 6 tags in G = {A, O, N EG, N EU, P OS, N } to label the relation between two words x i and x j . A and O denote x i and x j are in the same aspect term or opinion term, N EG, N EU and P OS denote x i and x j are separately in an aspect term and another opinion term with the corresponding sentiment polarity, N denotes x i and x j have no above relations.</figDesc><table><row><cell>4 Proposed Model</cell></row><row><cell>4.1 Model Overview</cell></row><row><cell>The overview of our model is shown in Figure 1. It</cell></row><row><cell>first accepts a sentence X as the input into a shared</cell></row><row><cell>BERT encoder, then different layers of BERT are</cell></row><row><cell>sent to different downstream modules. For the co-</cell></row><row><cell>extraction module, we employ the consistency tree</cell></row><row><cell>to construct a heterogeneous graph and apply multi-</cell></row><row><cell>layers of Graph Convolution Networks over it to</cell></row><row><cell>generate the final representation. For the triplet</cell></row></table><note>extraction module, we propose a Dep-Enhanced Transformer Decoder (DETD), which receives a modified dependency graph constructed from the dependency tree to incorporate the syntactic information. Finally, a Transition-Based Inference Strategy (TBIS) is designed, transferring the boundary information from the co-extraction module to the triplet extraction module through a transition matrix.</note></figure>
<figure xmlns="http://www.tei-c.org/ns/1.0" type="table" xml:id="tab_1"><head>Table 2 :</head><label>2</label><figDesc>Statistics of datasets (#S, #P, #neg, #neu, and #pos denote the number of sentences, pairs, negative triplets, neutral triplets, and positive triplets, respectively.)</figDesc><table><row><cell cols="2">Datasets</cell><cell>#S</cell><cell>#P</cell><cell cols="3">#neg #neu #pos</cell></row><row><cell></cell><cell cols="4">Train 1,259 2,356 491</cell><cell cols="2">172 1693</cell></row><row><cell>14res</cell><cell>Dev</cell><cell>315</cell><cell>580</cell><cell>107</cell><cell>46</cell><cell>427</cell></row><row><cell></cell><cell>Test</cell><cell>493</cell><cell cols="2">1008 156</cell><cell>427</cell><cell>784</cell></row><row><cell></cell><cell cols="2">Train 899</cell><cell cols="2">1452 533</cell><cell>111</cell><cell>808</cell></row><row><cell>14lap</cell><cell>Dev</cell><cell>225</cell><cell>383</cell><cell>136</cell><cell>48</cell><cell>199</cell></row><row><cell></cell><cell>Test</cell><cell>332</cell><cell>547</cell><cell>116</cell><cell>67</cell><cell>364</cell></row><row><cell></cell><cell cols="2">Train 603</cell><cell cols="2">1038 210</cell><cell>29</cell><cell>799</cell></row><row><cell>15res</cell><cell>Dev</cell><cell>151</cell><cell>239</cell><cell>49</cell><cell>9</cell><cell>181</cell></row><row><cell></cell><cell>Test</cell><cell>325</cell><cell>493</cell><cell>144</cell><cell>25</cell><cell>324</cell></row><row><cell></cell><cell cols="2">Train 863</cell><cell cols="2">1421 330</cell><cell>55</cell><cell>1036</cell></row><row><cell>16res</cell><cell>Dev</cell><cell>216</cell><cell>348</cell><cell>77</cell><cell>8</cell><cell>263</cell></row><row><cell></cell><cell>Test</cell><cell>328</cell><cell>525</cell><cell>79</cell><cell>30</cell><cell>416</cell></row></table></figure>
<figure xmlns="http://www.tei-c.org/ns/1.0" type="table" xml:id="tab_2"><head>Table 3 :</head><label>3</label><figDesc>Main results of triplet extraction (%). All methods' results are from original papers or the paper of GTS. The mark '-' means that the paper of BMRC does not release the precision and the recall on each dataset.</figDesc><table><row><cell>Methods</cell><cell>P</cell><cell>14res R</cell><cell>F1</cell><cell>P</cell><cell>14lap R</cell><cell>F1</cell><cell>P</cell><cell>15res R</cell><cell>F1</cell><cell>P</cell><cell>16res R</cell><cell>F1</cell></row><row><cell>Li-unified-R+PD</cell><cell cols="12">41.44 68.79 51.68 42.25 42.78 42.47 43.34 50.73 46.69 38.19 53.47 44.51</cell></row><row><cell cols="13">Peng-unified-R+PD 44.18 62.99 51.89 40.40 47.24 43.50 40.97 54.68 46.79 46.76 62.97 53.62</cell></row><row><cell cols="13">Peng-unified-R+IOG 58.89 60.41 59.64 48.62 45.52 47.02 51.70 46.04 48.71 59.25 58.09 58.67</cell></row><row><cell>IMN+IOG</cell><cell cols="9">59.57 63.88 61.65 49.21 46.23 47.68 55.24 52.33 53.75</cell><cell>-</cell><cell>-</cell><cell>-</cell></row><row><cell>GTS-CNN</cell><cell cols="12">70.79 61.71 65.94 55.93 47.52 51.38 60.09 53.57 56.64 62.63 66.98 64.73</cell></row><row><cell>GTS-BiLSTM</cell><cell cols="12">67.28 61.91 64.49 59.42 45.13 51.30 63.26 50.71 56.29 66.07 65.05 65.56</cell></row><row><cell>S3E2</cell><cell cols="12">69.08 64.55 66.74 59.43 46.23 52.01 61.06 56.44 58.66 71.08 63.13 66.87</cell></row><row><cell>GTS-BERT</cell><cell cols="12">70.92 69.49 70.20 57.52 51.92 54.58 59.29 58.07 58.67 68.58 66.60 67.58</cell></row><row><cell>BMRC-BERT</cell><cell>-</cell><cell>-</cell><cell>70.01</cell><cell>-</cell><cell>-</cell><cell>57.83</cell><cell>-</cell><cell>-</cell><cell>58.74</cell><cell>-</cell><cell>-</cell><cell>67.49</cell></row><row><cell>Ours</cell><cell cols="12">70.00 71.78 70.88 61.98 54.71 58.12 59.03 62.68 60.80 69.04 69.98 69.51</cell></row><row><cell cols="3">5.3 Implementation Details</cell><cell></cell><cell></cell><cell></cell><cell></cell><cell></cell><cell></cell><cell></cell><cell></cell><cell></cell><cell></cell></row><row><cell cols="6">For the shared BERT encoder, we choose the un-</cell><cell></cell><cell></cell><cell></cell><cell></cell><cell></cell><cell></cell><cell></cell></row><row><cell cols="6">cased version of BERT-base (Devlin et al., 2019)</cell><cell></cell><cell></cell><cell></cell><cell></cell><cell></cell><cell></cell><cell></cell></row><row><cell cols="6">with 12 stacked Transformer blocks, 12 attention</cell><cell></cell><cell></cell><cell></cell><cell></cell><cell></cell><cell></cell><cell></cell></row><row><cell cols="6">heads and the hidden size of 768, which is imple-</cell><cell></cell><cell></cell><cell></cell><cell></cell><cell></cell><cell></cell><cell></cell></row><row><cell cols="6">mented based on HuggingFace's Transformers</cell><cell></cell><cell></cell><cell></cell><cell></cell><cell></cell><cell></cell><cell></cell></row><row><cell cols="6">(Wolf et al., 2020) library. While training the joint</cell><cell></cell><cell></cell><cell></cell><cell></cell><cell></cell><cell></cell><cell></cell></row><row><cell cols="2">model, we employ AdamW</cell><cell></cell><cell></cell><cell></cell><cell></cell><cell></cell><cell></cell><cell></cell><cell></cell><cell></cell><cell></cell><cell></cell></row></table></figure>
<figure xmlns="http://www.tei-c.org/ns/1.0" type="table" xml:id="tab_3"><head>Table 4 :</head><label>4</label><figDesc>Results of ablation study for ASTE task (F1%).</figDesc><table><row><cell>Methods</cell><cell>14res 14lap 15res 16res</cell></row><row><cell>MTDTN</cell><cell>70.88 58.12 60.80 69.51</cell></row><row><cell>MTDTN w/o CE</cell><cell>70.13 56.98 58.61 67.28</cell></row><row><cell cols="2">MTDTN w/o TBIS 70.33 57.39 59.51 67.69</cell></row><row><cell cols="2">MTDTN w/o DETD 68.81 54.56 58.11 67.03</cell></row><row><cell>MTDTN w/o MG</cell><cell>69.80 56.32 59.83 68.94</cell></row></table></figure>
<figure xmlns="http://www.tei-c.org/ns/1.0" type="table" xml:id="tab_4"><head>Table 5 :</head><label>5</label><figDesc>Results of graph analysis for AOCE task (F1%).</figDesc><table><row><cell>Methods</cell><cell>14res 14lap 15res 16res</cell></row><row><cell>Heterogeneous graph</cell><cell>87.37 86.07 81.67 81.79</cell></row><row><cell cols="2">Isomorphic graph (constituent) 86.22 85.07 81.39 81.42</cell></row><row><cell>Isomorphic graph (word)</cell><cell>85.06 84.23 80.28 82.15</cell></row><row><cell>POS sequence</cell><cell>85.14 83.72 80.12 82.69</cell></row><row><cell>None</cell><cell>84.77 84.02 79.22 82.44</cell></row></table></figure>
		</body>
		<back>

			<div type="acknowledgement">
<div xmlns="http://www.tei-c.org/ns/1.0"><head>Acknowledge</head><p>This research work has been sponsored by Ant Group Security and Risk Management Fund, and the Joint Funds of the National Natural Science Foundation of China (Grant No. U21B2020).</p></div>
			</div>

			<div type="references">

				<listBibl>

<biblStruct xml:id="b0">
	<analytic>
		<title level="a" type="main">Synchronous double-channel recurrent network for aspect-opinion pair extraction</title>
		<author>
			<persName><forename type="first">Shaowei</forename><surname>Chen</surname></persName>
		</author>
		<author>
			<persName><forename type="first">Jie</forename><surname>Liu</surname></persName>
		</author>
		<author>
			<persName><forename type="first">Yu</forename><surname>Wang</surname></persName>
		</author>
		<author>
			<persName><forename type="first">Wenzheng</forename><surname>Zhang</surname></persName>
		</author>
		<author>
			<persName><forename type="first">Ziming</forename><surname>Chi</surname></persName>
		</author>
	</analytic>
	<monogr>
		<title level="m">Proc. of ACL</title>
				<meeting>of ACL</meeting>
		<imprint>
			<date type="published" when="2020">2020</date>
		</imprint>
	</monogr>
	<note type="raw_reference">Shaowei Chen, Jie Liu, Yu Wang, Wenzheng Zhang, and Ziming Chi. 2020. Synchronous double-channel recurrent network for aspect-opinion pair extraction. In Proc. of ACL.</note>
</biblStruct>

<biblStruct xml:id="b1">
	<analytic>
		<title level="a" type="main">Bidirectional machine reading comprehension for aspect sentiment triplet extraction</title>
		<author>
			<persName><forename type="first">Shaowei</forename><surname>Chen</surname></persName>
		</author>
		<author>
			<persName><forename type="first">Yu</forename><surname>Wang</surname></persName>
		</author>
		<author>
			<persName><forename type="first">Jie</forename><surname>Liu</surname></persName>
		</author>
		<author>
			<persName><forename type="first">Yuelin</forename><surname>Wang</surname></persName>
		</author>
	</analytic>
	<monogr>
		<title level="m">Proc. of AAAI</title>
				<meeting>of AAAI</meeting>
		<imprint>
			<date type="published" when="2021">2021a</date>
		</imprint>
	</monogr>
	<note type="raw_reference">Shaowei Chen, Yu Wang, Jie Liu, and Yuelin Wang. 2021a. Bidirectional machine reading comprehen- sion for aspect sentiment triplet extraction. In Proc. of AAAI.</note>
</biblStruct>

<biblStruct xml:id="b2">
	<analytic>
		<title level="a" type="main">Semantic and syntactic enhanced aspect sentiment triplet extraction</title>
		<author>
			<persName><forename type="first">Zhexue</forename><surname>Chen</surname></persName>
		</author>
		<author>
			<persName><forename type="first">Hong</forename><surname>Huang</surname></persName>
		</author>
		<author>
			<persName><forename type="first">Bang</forename><surname>Liu</surname></persName>
		</author>
		<author>
			<persName><forename type="first">Xuanhua</forename><surname>Shi</surname></persName>
		</author>
		<author>
			<persName><forename type="first">Hai</forename><surname>Jin</surname></persName>
		</author>
	</analytic>
	<monogr>
		<title level="m">Proc. of ACL</title>
				<meeting>of ACL</meeting>
		<imprint>
			<date type="published" when="2021">2021b</date>
		</imprint>
	</monogr>
	<note type="raw_reference">Zhexue Chen, Hong Huang, Bang Liu, Xuanhua Shi, and Hai Jin. 2021b. Semantic and syntactic enhanced aspect sentiment triplet extraction. In Proc. of ACL.</note>
</biblStruct>

<biblStruct xml:id="b3">
	<analytic>
		<title level="a" type="main">Relation-aware collaborative learning for unified aspect-based sentiment analysis</title>
		<author>
			<persName><forename type="first">Zhuang</forename><surname>Chen</surname></persName>
		</author>
		<author>
			<persName><forename type="first">Tieyun</forename><surname>Qian</surname></persName>
		</author>
	</analytic>
	<monogr>
		<title level="m">Proc. of ACL</title>
				<meeting>of ACL</meeting>
		<imprint>
			<date type="published" when="2020">2020</date>
		</imprint>
	</monogr>
	<note type="raw_reference">Zhuang Chen and Tieyun Qian. 2020. Relation-aware collaborative learning for unified aspect-based senti- ment analysis. In Proc. of ACL.</note>
</biblStruct>

<biblStruct xml:id="b4">
	<analytic>
		<title level="a" type="main">Neural aspect and opinion term extraction with mined rules as weak supervision</title>
		<author>
			<persName><forename type="first">Hongliang</forename><surname>Dai</surname></persName>
		</author>
		<author>
			<persName><forename type="first">Yangqiu</forename><surname>Song</surname></persName>
		</author>
	</analytic>
	<monogr>
		<title level="m">Proc. of ACL</title>
				<meeting>of ACL</meeting>
		<imprint>
			<date type="published" when="2019">2019</date>
		</imprint>
	</monogr>
	<note type="raw_reference">Hongliang Dai and Yangqiu Song. 2019. Neural aspect and opinion term extraction with mined rules as weak supervision. In Proc. of ACL.</note>
</biblStruct>

<biblStruct xml:id="b5">
	<analytic>
		<title level="a" type="main">Bert: Pre-training of deep bidirectional transformers for language understanding</title>
		<author>
			<persName><forename type="first">Jacob</forename><surname>Devlin</surname></persName>
		</author>
		<author>
			<persName><forename type="first">Ming-Wei</forename><surname>Chang</surname></persName>
		</author>
		<author>
			<persName><forename type="first">Kenton</forename><surname>Lee</surname></persName>
		</author>
		<author>
			<persName><forename type="first">Kristina</forename><surname>Toutanova</surname></persName>
		</author>
	</analytic>
	<monogr>
		<title level="m">Proc. of NAACL</title>
				<meeting>of NAACL</meeting>
		<imprint>
			<date type="published" when="2019">2019</date>
		</imprint>
	</monogr>
	<note type="raw_reference">Jacob Devlin, Ming-Wei Chang, Kenton Lee, and Kristina Toutanova. 2019. Bert: Pre-training of deep bidirectional transformers for language understand- ing. In Proc. of NAACL.</note>
</biblStruct>

<biblStruct xml:id="b6">
	<analytic>
		<title level="a" type="main">An interactive multi-task learning network for end-to-end aspect-based sentiment analysis</title>
		<author>
			<persName><forename type="first">Zhifang</forename><surname>Fan</surname></persName>
		</author>
		<author>
			<persName><forename type="first">Zhen</forename><surname>Wu</surname></persName>
		</author>
		<author>
			<persName><forename type="first">Xinyu</forename><surname>Dai</surname></persName>
		</author>
		<author>
			<persName><forename type="first">Shujian</forename><surname>Huang</surname></persName>
		</author>
		<author>
			<persName><forename type="first">Jiajun</forename><surname>Chen</surname></persName>
		</author>
	</analytic>
	<monogr>
		<title level="m">Proc. of NAACL. Ruidan He, Wee Sun Lee, Hwee Tou Ng, and Daniel Dahlmeier</title>
				<meeting>of NAACL. Ruidan He, Wee Sun Lee, Hwee Tou Ng, and Daniel Dahlmeier</meeting>
		<imprint>
			<date type="published" when="2019">2019. 2019</date>
		</imprint>
	</monogr>
	<note>Proc. of ACL</note>
	<note type="raw_reference">Zhifang Fan, Zhen Wu, Xinyu Dai, Shujian Huang, and Jiajun Chen. 2019. Target-oriented opinion words extraction with target-fused neural sequence labeling. In Proc. of NAACL. Ruidan He, Wee Sun Lee, Hwee Tou Ng, and Daniel Dahlmeier. 2019. An interactive multi-task learn- ing network for end-to-end aspect-based sentiment analysis. In Proc. of ACL.</note>
</biblStruct>

<biblStruct xml:id="b7">
	<analytic>
		<title level="a" type="main">What does bert learn about the structure of language?</title>
		<author>
			<persName><forename type="first">Ganesh</forename><surname>Jawahar</surname></persName>
		</author>
		<author>
			<persName><forename type="first">Benoît</forename><surname>Sagot</surname></persName>
		</author>
		<author>
			<persName><forename type="first">Djamé</forename><surname>Seddah</surname></persName>
		</author>
	</analytic>
	<monogr>
		<title level="m">Proc. of ACL</title>
				<meeting>of ACL</meeting>
		<imprint>
			<date type="published" when="2019">2019</date>
		</imprint>
	</monogr>
	<note type="raw_reference">Ganesh Jawahar, Benoît Sagot, and Djamé Seddah. 2019. What does bert learn about the structure of language? In Proc. of ACL.</note>
</biblStruct>

<biblStruct xml:id="b8">
	<analytic>
		<title level="a" type="main">A unified labeling model for open-domain aspect-based sentiment analysis</title>
		<author>
			<persName><forename type="first">Qian</forename><surname>Ji</surname></persName>
		</author>
		<author>
			<persName><forename type="first">Xiang</forename><surname>Lin</surname></persName>
		</author>
		<author>
			<persName><forename type="first">Yinghua</forename><surname>Ma</surname></persName>
		</author>
		<author>
			<persName><forename type="first">Gongshen</forename><surname>Liu</surname></persName>
		</author>
		<author>
			<persName><forename type="first">Shilin</forename><surname>Wang</surname></persName>
		</author>
	</analytic>
	<monogr>
		<title level="m">Proc. of DSC</title>
				<meeting>of DSC</meeting>
		<imprint>
			<date type="published" when="2020">2020</date>
		</imprint>
	</monogr>
	<note type="raw_reference">Qian Ji, Xiang Lin, Yinghua Ma, Gongshen Liu, and Shilin Wang. 2020. A unified labeling model for open-domain aspect-based sentiment analysis. In Proc. of DSC.</note>
</biblStruct>

<biblStruct xml:id="b9">
	<monogr>
		<title level="m" type="main">Semisupervised classification with graph convolutional networks</title>
		<author>
			<persName><forename type="first">N</forename><surname>Thomas</surname></persName>
		</author>
		<author>
			<persName><forename type="first">Max</forename><surname>Kipf</surname></persName>
		</author>
		<author>
			<persName><surname>Welling</surname></persName>
		</author>
		<idno type="arXiv">arXiv:1609.02907</idno>
		<imprint>
			<date type="published" when="2016">2016</date>
		</imprint>
	</monogr>
	<note type="report_type">arXiv preprint</note>
	<note type="raw_reference">Thomas N Kipf and Max Welling. 2016. Semi- supervised classification with graph convolutional networks. arXiv preprint arXiv:1609.02907.</note>
</biblStruct>

<biblStruct xml:id="b10">
	<analytic>
		<title level="a" type="main">Dual graph convolutional networks for aspect-based sentiment analysis</title>
		<author>
			<persName><forename type="first">Ruifan</forename><surname>Li</surname></persName>
		</author>
		<author>
			<persName><forename type="first">Hao</forename><surname>Chen</surname></persName>
		</author>
		<author>
			<persName><forename type="first">Fangxiang</forename><surname>Feng</surname></persName>
		</author>
		<author>
			<persName><forename type="first">Zhanyu</forename><surname>Ma</surname></persName>
		</author>
		<author>
			<persName><forename type="first">Xiaojie</forename><surname>Wang</surname></persName>
		</author>
		<author>
			<persName><forename type="first">Eduard</forename><surname>Hovy</surname></persName>
		</author>
	</analytic>
	<monogr>
		<title level="m">Proc. of ACL</title>
				<meeting>of ACL</meeting>
		<imprint>
			<date type="published" when="2021">2021</date>
		</imprint>
	</monogr>
	<note type="raw_reference">Ruifan Li, Hao Chen, Fangxiang Feng, Zhanyu Ma, Xiaojie Wang, and Eduard Hovy. 2021. Dual graph convolutional networks for aspect-based sentiment analysis. In Proc. of ACL.</note>
</biblStruct>

<biblStruct xml:id="b11">
	<analytic>
		<title level="a" type="main">A unified model for opinion target extraction and target sentiment prediction</title>
		<author>
			<persName><forename type="first">Xin</forename><surname>Li</surname></persName>
		</author>
		<author>
			<persName><forename type="first">Lidong</forename><surname>Bing</surname></persName>
		</author>
		<author>
			<persName><forename type="first">Piji</forename><surname>Li</surname></persName>
		</author>
		<author>
			<persName><forename type="first">Wai</forename><surname>Lam</surname></persName>
		</author>
	</analytic>
	<monogr>
		<title level="m">Proc. of AAAI</title>
				<meeting>of AAAI</meeting>
		<imprint>
			<date type="published" when="2019">2019</date>
		</imprint>
	</monogr>
	<note type="raw_reference">Xin Li, Lidong Bing, Piji Li, and Wai Lam. 2019. A unified model for opinion target extraction and target sentiment prediction. In Proc. of AAAI.</note>
</biblStruct>

<biblStruct xml:id="b12">
	<monogr>
		<author>
			<persName><forename type="first">Ilya</forename><surname>Loshchilov</surname></persName>
		</author>
		<author>
			<persName><forename type="first">Frank</forename><surname>Hutter</surname></persName>
		</author>
		<idno type="arXiv">arXiv:1711.05101</idno>
		<title level="m">Fixing weight decay regularization in adam</title>
				<imprint>
			<date type="published" when="2018">2018</date>
		</imprint>
	</monogr>
	<note type="report_type">arXiv preprint</note>
	<note type="raw_reference">Ilya Loshchilov and Frank Hutter. 2018. Fixing weight decay regularization in adam. arXiv preprint arXiv:1711.05101.</note>
</biblStruct>

<biblStruct xml:id="b13">
	<analytic>
		<title level="a" type="main">Grace: Gradient harmonized and cascaded labeling for aspect-based sentiment analysis</title>
		<author>
			<persName><forename type="first">Huaishao</forename><surname>Luo</surname></persName>
		</author>
		<author>
			<persName><forename type="first">Lei</forename><surname>Ji</surname></persName>
		</author>
		<author>
			<persName><forename type="first">Tianrui</forename><surname>Li</surname></persName>
		</author>
		<author>
			<persName><forename type="first">Daxin</forename><surname>Jiang</surname></persName>
		</author>
		<author>
			<persName><forename type="first">Nan</forename><surname>Duan</surname></persName>
		</author>
	</analytic>
	<monogr>
		<title level="m">Proc. of EMNLP</title>
				<meeting>of EMNLP</meeting>
		<imprint>
			<date type="published" when="2020">2020</date>
		</imprint>
	</monogr>
	<note type="raw_reference">Huaishao Luo, Lei Ji, Tianrui Li, Daxin Jiang, and Nan Duan. 2020. Grace: Gradient harmonized and cas- caded labeling for aspect-based sentiment analysis. In Proc. of EMNLP.</note>
</biblStruct>

<biblStruct xml:id="b14">
	<analytic>
		<title level="a" type="main">Knowing what, how and why: A near complete solution for aspect-based sentiment analysis</title>
		<author>
			<persName><forename type="first">Haiyun</forename><surname>Peng</surname></persName>
		</author>
		<author>
			<persName><forename type="first">Lu</forename><surname>Xu</surname></persName>
		</author>
		<author>
			<persName><forename type="first">Lidong</forename><surname>Bing</surname></persName>
		</author>
		<author>
			<persName><forename type="first">Fei</forename><surname>Huang</surname></persName>
		</author>
		<author>
			<persName><forename type="first">Wei</forename><surname>Lu</surname></persName>
		</author>
		<author>
			<persName><forename type="first">Luo</forename><surname>Si</surname></persName>
		</author>
	</analytic>
	<monogr>
		<title level="m">Proc. of AAAI</title>
				<meeting>of AAAI</meeting>
		<imprint>
			<date type="published" when="2020">2020</date>
		</imprint>
	</monogr>
	<note type="raw_reference">Haiyun Peng, Lu Xu, Lidong Bing, Fei Huang, Wei Lu, and Luo Si. 2020. Knowing what, how and why: A near complete solution for aspect-based sentiment analysis. In Proc. of AAAI.</note>
</biblStruct>

<biblStruct xml:id="b15">
	<analytic>
		<title level="a" type="main">Syntactically aware cross-domain aspect and opinion terms extraction</title>
		<author>
			<persName><forename type="first">Oren</forename><surname>Pereg</surname></persName>
		</author>
		<author>
			<persName><forename type="first">Daniel</forename><surname>Korat</surname></persName>
		</author>
		<author>
			<persName><forename type="first">Moshe</forename><surname>Wasserblat</surname></persName>
		</author>
	</analytic>
	<monogr>
		<title level="m">Proc. of COLING</title>
				<meeting>of COLING</meeting>
		<imprint>
			<date type="published" when="2020">2020</date>
		</imprint>
	</monogr>
	<note type="raw_reference">Oren Pereg, Daniel Korat, and Moshe Wasserblat. 2020. Syntactically aware cross-domain aspect and opinion terms extraction. In Proc. of COLING.</note>
</biblStruct>

<biblStruct xml:id="b16">
	<analytic>
		<title level="a" type="main">Relational graph attention network for aspect-based sentiment analysis</title>
		<author>
			<persName><forename type="first">Kai</forename><surname>Wang</surname></persName>
		</author>
		<author>
			<persName><forename type="first">Weizhou</forename><surname>Shen</surname></persName>
		</author>
		<author>
			<persName><forename type="first">Yunyi</forename><surname>Yang</surname></persName>
		</author>
		<author>
			<persName><forename type="first">Xiaojun</forename><surname>Quan</surname></persName>
		</author>
		<author>
			<persName><forename type="first">Rui</forename><surname>Wang</surname></persName>
		</author>
	</analytic>
	<monogr>
		<title level="m">Proc. of ACL</title>
				<meeting>of ACL</meeting>
		<imprint>
			<date type="published" when="2020">2020</date>
		</imprint>
	</monogr>
	<note type="raw_reference">Kai Wang, Weizhou Shen, Yunyi Yang, Xiaojun Quan, and Rui Wang. 2020. Relational graph attention net- work for aspect-based sentiment analysis. In Proc. of ACL.</note>
</biblStruct>

<biblStruct xml:id="b17">
	<analytic>
		<title level="a" type="main">Coupled multi-layer attentions for co-extraction of aspect and opinion terms</title>
		<author>
			<persName><forename type="first">Wenya</forename><surname>Wang</surname></persName>
		</author>
		<author>
			<persName><forename type="first">Sinno</forename><surname>Jialin Pan</surname></persName>
		</author>
		<author>
			<persName><forename type="first">Daniel</forename><surname>Dahlmeier</surname></persName>
		</author>
		<author>
			<persName><forename type="first">Xiaokui</forename><surname>Xiao</surname></persName>
		</author>
	</analytic>
	<monogr>
		<title level="m">Proc. of AAAI</title>
				<meeting>of AAAI</meeting>
		<imprint>
			<date type="published" when="2017">2017</date>
		</imprint>
	</monogr>
	<note type="raw_reference">Wenya Wang, Sinno Jialin Pan, Daniel Dahlmeier, and Xiaokui Xiao. 2017. Coupled multi-layer attentions for co-extraction of aspect and opinion terms. In Proc. of AAAI.</note>
</biblStruct>

<biblStruct xml:id="b18">
	<analytic>
		<title level="a" type="main">Transformers: State-of-the-art natural language processing</title>
		<author>
			<persName><forename type="first">Thomas</forename><surname>Wolf</surname></persName>
		</author>
		<author>
			<persName><forename type="first">Julien</forename><surname>Chaumond</surname></persName>
		</author>
		<author>
			<persName><forename type="first">Lysandre</forename><surname>Debut</surname></persName>
		</author>
		<author>
			<persName><forename type="first">Victor</forename><surname>Sanh</surname></persName>
		</author>
		<author>
			<persName><forename type="first">Clement</forename><surname>Delangue</surname></persName>
		</author>
		<author>
			<persName><forename type="first">Anthony</forename><surname>Moi</surname></persName>
		</author>
		<author>
			<persName><forename type="first">Pierric</forename><surname>Cistac</surname></persName>
		</author>
		<author>
			<persName><forename type="first">Morgan</forename><surname>Funtowicz</surname></persName>
		</author>
		<author>
			<persName><forename type="first">Joe</forename><surname>Davison</surname></persName>
		</author>
		<author>
			<persName><forename type="first">Sam</forename><surname>Shleifer</surname></persName>
		</author>
	</analytic>
	<monogr>
		<title level="m">Proc. of EMNLP</title>
				<meeting>of EMNLP</meeting>
		<imprint>
			<date type="published" when="2020">2020</date>
		</imprint>
	</monogr>
	<note type="raw_reference">Thomas Wolf, Julien Chaumond, Lysandre Debut, Vic- tor Sanh, Clement Delangue, Anthony Moi, Pier- ric Cistac, Morgan Funtowicz, Joe Davison, Sam Shleifer, et al. 2020. Transformers: State-of-the-art natural language processing. In Proc. of EMNLP.</note>
</biblStruct>

<biblStruct xml:id="b19">
	<analytic>
		<title level="a" type="main">Grid tagging scheme for end-to-end fine-grained opinion extraction</title>
		<author>
			<persName><forename type="first">Zhen</forename><surname>Wu</surname></persName>
		</author>
		<author>
			<persName><forename type="first">Chengcan</forename><surname>Ying</surname></persName>
		</author>
		<author>
			<persName><forename type="first">Fei</forename><surname>Zhao</surname></persName>
		</author>
		<author>
			<persName><forename type="first">Zhifang</forename><surname>Fan</surname></persName>
		</author>
		<author>
			<persName><forename type="first">Xinyu</forename><surname>Dai</surname></persName>
		</author>
		<author>
			<persName><forename type="first">Rui</forename><surname>Xia</surname></persName>
		</author>
	</analytic>
	<monogr>
		<title level="m">Proc. of EMNLP</title>
				<meeting>of EMNLP</meeting>
		<imprint>
			<date type="published" when="2020">2020a</date>
		</imprint>
	</monogr>
	<note type="raw_reference">Zhen Wu, Chengcan Ying, Fei Zhao, Zhifang Fan, Xinyu Dai, and Rui Xia. 2020a. Grid tagging scheme for end-to-end fine-grained opinion extraction. In Proc. of EMNLP.</note>
</biblStruct>

<biblStruct xml:id="b20">
	<analytic>
		<title level="a" type="main">Latent opinions transfer network for target-oriented opinion words extraction</title>
		<author>
			<persName><forename type="first">Zhen</forename><surname>Wu</surname></persName>
		</author>
		<author>
			<persName><forename type="first">Fei</forename><surname>Zhao</surname></persName>
		</author>
		<author>
			<persName><forename type="first">Xin-Yu</forename><surname>Dai</surname></persName>
		</author>
		<author>
			<persName><forename type="first">Shujian</forename><surname>Huang</surname></persName>
		</author>
		<author>
			<persName><forename type="first">Jiajun</forename><surname>Chen</surname></persName>
		</author>
	</analytic>
	<monogr>
		<title level="m">Proc. of AAAI</title>
				<meeting>of AAAI</meeting>
		<imprint>
			<date type="published" when="2020">2020b</date>
		</imprint>
	</monogr>
	<note type="raw_reference">Zhen Wu, Fei Zhao, Xin-Yu Dai, Shujian Huang, and Jiajun Chen. 2020b. Latent opinions transfer network for target-oriented opinion words extraction. In Proc. of AAAI.</note>
</biblStruct>

<biblStruct xml:id="b21">
	<analytic>
		<title level="a" type="main">Bert4gcn: Using bert intermediate layers to augment gcn for aspect-based sentiment classification</title>
		<author>
			<persName><forename type="first">Zeguan</forename><surname>Xiao</surname></persName>
		</author>
		<author>
			<persName><forename type="first">Jiarun</forename><surname>Wu</surname></persName>
		</author>
		<author>
			<persName><forename type="first">Qingliang</forename><surname>Chen</surname></persName>
		</author>
		<author>
			<persName><forename type="first">Congjian</forename><surname>Deng</surname></persName>
		</author>
	</analytic>
	<monogr>
		<title level="m">Proc. of EMNLP</title>
				<meeting>of EMNLP</meeting>
		<imprint>
			<date type="published" when="2021">2021</date>
		</imprint>
	</monogr>
	<note type="raw_reference">Zeguan Xiao, Jiarun Wu, Qingliang Chen, and Con- gjian Deng. 2021. Bert4gcn: Using bert intermediate layers to augment gcn for aspect-based sentiment classification. In Proc. of EMNLP.</note>
</biblStruct>

<biblStruct xml:id="b22">
	<analytic>
		<title level="a" type="main">Double embeddings and cnn-based sequence labeling for aspect extraction</title>
		<author>
			<persName><forename type="first">Hu</forename><surname>Xu</surname></persName>
		</author>
		<author>
			<persName><forename type="first">Bing</forename><surname>Liu</surname></persName>
		</author>
		<author>
			<persName><forename type="first">Lei</forename><surname>Shu</surname></persName>
		</author>
		<author>
			<persName><forename type="first">Philip</forename><surname>Yu</surname></persName>
		</author>
	</analytic>
	<monogr>
		<title level="m">Proc. of ACL</title>
				<meeting>of ACL</meeting>
		<imprint>
			<date type="published" when="2018">2018</date>
		</imprint>
	</monogr>
	<note type="raw_reference">Hu Xu, Bing Liu, Lei Shu, and S Yu Philip. 2018. Dou- ble embeddings and cnn-based sequence labeling for aspect extraction. In Proc. of ACL.</note>
</biblStruct>

<biblStruct xml:id="b23">
	<analytic>
		<title level="a" type="main">Learning span-level interactions for aspect sentiment triplet extraction</title>
		<author>
			<persName><forename type="first">Lu</forename><surname>Xu</surname></persName>
		</author>
		<author>
			<persName><forename type="first">Yew</forename></persName>
		</author>
		<author>
			<persName><forename type="first">Ken</forename><surname>Chia</surname></persName>
		</author>
		<author>
			<persName><forename type="first">Lidong</forename><surname>Bing</surname></persName>
		</author>
	</analytic>
	<monogr>
		<title level="m">Proc. of ACL</title>
				<meeting>of ACL</meeting>
		<imprint>
			<date type="published" when="2021">2021</date>
		</imprint>
	</monogr>
	<note type="raw_reference">Lu Xu, Yew Ken Chia, and Lidong Bing. 2021. Learn- ing span-level interactions for aspect sentiment triplet extraction. In Proc. of ACL.</note>
</biblStruct>

<biblStruct xml:id="b24">
	<analytic>
		<title level="a" type="main">Position-aware tagging for aspect sentiment triplet extraction</title>
		<author>
			<persName><forename type="first">Lu</forename><surname>Xu</surname></persName>
		</author>
		<author>
			<persName><forename type="first">Hao</forename><surname>Li</surname></persName>
		</author>
		<author>
			<persName><forename type="first">Wei</forename><surname>Lu</surname></persName>
		</author>
		<author>
			<persName><forename type="first">Lidong</forename><surname>Bing</surname></persName>
		</author>
	</analytic>
	<monogr>
		<title level="m">Proc. of EMNLP</title>
				<meeting>of EMNLP</meeting>
		<imprint>
			<date type="published" when="2020">2020</date>
		</imprint>
	</monogr>
	<note type="raw_reference">Lu Xu, Hao Li, Wei Lu, and Lidong Bing. 2020. Position-aware tagging for aspect sentiment triplet extraction. In Proc. of EMNLP.</note>
</biblStruct>

<biblStruct xml:id="b25">
	<analytic>
		<title level="a" type="main">Constituency lattice encoding for aspect term extraction</title>
		<author>
			<persName><forename type="first">Yunyi</forename><surname>Yang</surname></persName>
		</author>
		<author>
			<persName><forename type="first">Kun</forename><surname>Li</surname></persName>
		</author>
		<author>
			<persName><forename type="first">Xiaojun</forename><surname>Quan</surname></persName>
		</author>
		<author>
			<persName><forename type="first">Weizhou</forename><surname>Shen</surname></persName>
		</author>
		<author>
			<persName><forename type="first">Qinliang</forename><surname>Su</surname></persName>
		</author>
	</analytic>
	<monogr>
		<title level="m">Proc. of COLING</title>
				<meeting>of COLING</meeting>
		<imprint>
			<date type="published" when="2020">2020</date>
		</imprint>
	</monogr>
	<note type="raw_reference">Yunyi Yang, Kun Li, Xiaojun Quan, Weizhou Shen, and Qinliang Su. 2020. Constituency lattice encoding for aspect term extraction. In Proc. of COLING.</note>
</biblStruct>

<biblStruct xml:id="b26">
	<analytic>
		<title level="a" type="main">Spanmlt: A span-based multi-task learning framework for pair-wise aspect and opinion terms extraction</title>
		<author>
			<persName><forename type="first">He</forename><surname>Zhao</surname></persName>
		</author>
		<author>
			<persName><forename type="first">Longtao</forename><surname>Huang</surname></persName>
		</author>
		<author>
			<persName><forename type="first">Rong</forename><surname>Zhang</surname></persName>
		</author>
		<author>
			<persName><forename type="first">Quan</forename><surname>Lu</surname></persName>
		</author>
		<author>
			<persName><forename type="first">Hui</forename><surname>Xue</surname></persName>
		</author>
	</analytic>
	<monogr>
		<title level="m">Proc. of ACL</title>
				<meeting>of ACL</meeting>
		<imprint>
			<date type="published" when="2020">2020</date>
		</imprint>
	</monogr>
	<note type="raw_reference">He Zhao, Longtao Huang, Rong Zhang, Quan Lu, and Hui Xue. 2020. Spanmlt: A span-based multi-task learning framework for pair-wise aspect and opinion terms extraction. In Proc. of ACL.</note>
</biblStruct>

				</listBibl>
			</div>
		</back>
	</text>
</TEI>
