<?xml version="1.0" encoding="UTF-8"?>
<TEI xml:space="preserve" xmlns="http://www.tei-c.org/ns/1.0" 
xmlns:xsi="http://www.w3.org/2001/XMLSchema-instance" 
xsi:schemaLocation="http://www.tei-c.org/ns/1.0 https://raw.githubusercontent.com/kermitt2/grobid/master/grobid-home/schemas/xsd/Grobid.xsd"
 xmlns:xlink="http://www.w3.org/1999/xlink">
	<teiHeader xml:lang="en">
		<fileDesc>
			<titleStmt>
				<title level="a" type="main">Mono vs Multilingual BERT for Hate Speech Detection and Text Classification: A Case Study in Marathi</title>
			</titleStmt>
			<publicationStmt>
				<publisher/>
				<availability status="unknown"><licence/></availability>
			</publicationStmt>
			<sourceDesc>
				<biblStruct>
					<analytic>
						<author>
							<persName><forename type="first">Abhishek</forename><surname>Velankar</surname></persName>
							<email>velankarabhishek@gmail.com</email>
							<affiliation key="aff0">
								<orgName type="institution">Pune Institute of Computer Technology L3Cube Pune</orgName>
							</affiliation>
						</author>
						<author>
							<persName><forename type="first">Hrushikesh</forename><surname>Patil</surname></persName>
							<affiliation key="aff1">
								<orgName type="institution">Pune Institute of Computer Technology L3Cube Pune</orgName>
							</affiliation>
						</author>
						<author>
							<persName><forename type="first">Raviraj</forename><surname>Joshi</surname></persName>
							<email>ravirajoshi@gmail.com</email>
							<affiliation key="aff2">
								<orgName type="institution">Indian Institute of Technology Madras L3Cube Pune</orgName>
							</affiliation>
						</author>
						<title level="a" type="main">Mono vs Multilingual BERT for Hate Speech Detection and Text Classification: A Case Study in Marathi</title>
					</analytic>
					<monogr>
						<imprint>
							<date/>
						</imprint>
					</monogr>
					<idno type="MD5">42D3AF5027F948433DBCE208C71EDE7B</idno>
				</biblStruct>
			</sourceDesc>
		</fileDesc>
		<encodingDesc>
			<appInfo>
				<application version="0.7.3-SNAPSHOT" ident="GROBID" when="2023-01-12T08:40+0000">
					<desc>GROBID - A machine learning software for extracting information from scholarly documents</desc>
					<ref target="https://github.com/kermitt2/grobid"/>
				</application>
			</appInfo>
		</encodingDesc>
		<profileDesc>
			<textClass>
				<keywords>
					<term>Natural Language Processing</term>
					<term>Text Classification</term>
					<term>Hate Speech Detection</term>
					<term>Sentiment Analysis</term>
					<term>BERT</term>
					<term>Marathi BERT</term>
				</keywords>
			</textClass>
			<abstract>
<div xmlns="http://www.tei-c.org/ns/1.0"><p>Transformers are the most eminent architectures used for a vast range of Natural Language Processing tasks. These models are pre-trained over a large text corpus and are meant to serve state-of-the-art results over tasks like text classification. In this work, we conduct a comparative study between monolingual and multilingual BERT models. We focus on the Marathi language and evaluate the models on the datasets for hate speech detection, sentiment analysis, and simple text classification in Marathi. We use standard multilingual models such as mBERT, indicBERT, and xlm-RoBERTa and compare them with MahaBERT, MahaALBERT, and MahaRoBERTa, the monolingual models for Marathi. We further show that Marathi monolingual models outperform the multilingual BERT variants in five different downstream fine-tuning experiments. We also evaluate sentence embeddings from these models by freezing the BERT encoder layers. We show that monolingual MahaBERT-based models provide rich representations as compared to sentence embeddings from multi-lingual counterparts. However, we observe that these embeddings are not generic enough and do not work well on out-of-domain social media datasets. We consider two Marathi hate speech datasets L3Cube-MahaHate, HASOC-2021, a Marathi sentiment classification dataset L3Cube-MahaSent, and Marathi Headline, Articles classification datasets.</p></div>
			</abstract>
		</profileDesc>
	</teiHeader>
	<text xml:lang="en">
		<body>
<div xmlns="http://www.tei-c.org/ns/1.0"><head>I. INTRODUCTION</head><p>The language models like BERT, built over the transformer architecture, have gained a lot of popularity due to the promising results on an extensive range of natural language processing tasks. These large models make use of attention mechanism from transformers and understand the language deeper in terms of context. These models can be fine-tuned on domain-specific data to obtain state-of-the-art solutions.</p><p>More recently, there has been a significant amount of research on monolingual and multilingual language models, specifically the BERT variants. Due to the variety of text corpus in terms of languages used for training, multilingual models find notable benefits over multiple applications, specifically for the languages that are low in resources <ref type="bibr" target="#b0">[1]</ref>- <ref type="bibr" target="#b2">[3]</ref>. However, the monolingual models, when used in the Supported by L3Cube Pune corresponding language, outperform the multilingual versions in tasks like text classification. Both the categories of models find their use in several problems like next sentence prediction, named entity recognition, sentiment analysis, etc. Recently, a substantial amount of work can be seen with the use of these models in native languages. <ref type="bibr" target="#b3">[4]</ref> propose monolingual BERT models for the Arabic language and show that these models achieve state-of-the-art performances. Additionally, <ref type="bibr" target="#b4">[5]</ref>, <ref type="bibr" target="#b5">[6]</ref>, <ref type="bibr" target="#b6">[7]</ref> show that the single language models, when used for the corresponding language tasks, perform more efficiently than the multilingual variants. <ref type="bibr" target="#b7">[8]</ref> analyze the effectiveness of multilingual models over the monolingual counterparts for 6 different languages including English and German. Our work focuses on hate speech detection, sentiment analysis, and simple text classification in Marathi <ref type="bibr" target="#b8">[9]</ref>- <ref type="bibr" target="#b11">[12]</ref>. We evaluate monolingual and multilingual BERT models on Marathi corpus to compare the performance. A similar analysis for Hindi and Marathi named entity recognition has been performed in <ref type="bibr" target="#b12">[13]</ref>.</p><p>Marathi is a regional language in India. It is majorly spoken by the people in Maharashtra <ref type="bibr" target="#b13">[14]</ref>. Additionally, after Hindi and Bengali, it is considered as the third most popular language in India <ref type="bibr" target="#b14">[15]</ref>, <ref type="bibr" target="#b15">[16]</ref>. However, the Marathi language is greatly overlooked in terms of language resources which suggests the need of widening the research in this area.</p><p>In this work, we perform a comparative analysis of monolingual and multilingual BERT models for Marathi. We finetune these models over the Marathi corpus, which contains hate speech detection and simple text classification datasets. We consider standard multilingual models i.e mBERT, in-dicBERT, and xlm-RoBERTa, and compare them with Marathi monolingual counterparts i.e. MahaBERT, MahaALBERT, and MahaRoBERTa. We further show that the monolingual models when used in Marathi, outperform the multilingual equivalents. Moreover, we evaluate sentence representations from these models and show that the monolingual models provide superior sentence representations. The advantage of using monolingual models is more visible when extracted sentence embeddings are used for classification. This research is aimed to help the community by giving an insight into the appropriate arXiv:2204.08669v1 [cs.CL] 19 Apr 2022 use of these single and multilingual models when applied to single language tasks.</p></div>
<div xmlns="http://www.tei-c.org/ns/1.0"><head>II. RELATED WORK</head><p>The BERT is currently one of the most effective language models in terms of performance when different NLP tasks like text classification are concerned. The previous research has shown how BERT captures the language context in an efficient way <ref type="bibr" target="#b16">[17]</ref>, <ref type="bibr" target="#b17">[18]</ref>, <ref type="bibr" target="#b18">[19]</ref>.</p><p>Recently, a lot of work can be seen in single and multilanguage NLP applications. Several efforts have been made to build monolingual variants of BERT and shown to be effective over a quantity of single language downstream tasks. In <ref type="bibr" target="#b19">[20]</ref> authors publish a German monolingual BERT model based on RoBERTa. The experiments have been performed in the tasks like named entity recognition (NER) and text classification to evaluate the model performance. They further propose that, with the only little tuning of hyperparameters, the model outperformed all other tested German and multilingual BERT models. A monolingual RoBERTa language model trained on Czech data has been presented in <ref type="bibr" target="#b20">[21]</ref>. The authors show that the model significantly outperforms equally-sized multilingual and Czech language-oriented model variants. Other works for single language-specific BERT models include models built in Vietnamese, Hindi, Bengali, etc. <ref type="bibr" target="#b21">[22]</ref>, <ref type="bibr" target="#b22">[23]</ref>. In <ref type="bibr" target="#b23">[24]</ref> authors propose model evaluations on toxicity detection in Spanish comments. They show that transformers obtain better results than statistical models. Furthermore, they conclude monolingual BERT models provide better results in their pretrained language as compared to multilingual models.</p></div>
<div xmlns="http://www.tei-c.org/ns/1.0"><head>III. DATASETS</head><p>• HASOC'21 Marathi dataset <ref type="bibr" target="#b24">[25]</ref>:</p><p>A Marathi binary dataset provided in HASOC'21 shared task divided into hateful and non-hateful categories.</p><p>It consists of a total of 1874 training and 625 testing samples.</p><p>• L3Cube-MahaHate <ref type="bibr" target="#b11">[12]</ref>: </p><formula xml:id="formula_0">A</formula></div>
<div xmlns="http://www.tei-c.org/ns/1.0"><head>IV. EXPERIMENTS</head></div>
<div xmlns="http://www.tei-c.org/ns/1.0"><head>A. Transformer models</head><p>BERT is a deep transformer model, pre-trained over large text corpus in a self-supervised manner, and provides a great ability to promptly adapt to a broad range of downstream tasks. There are a lot of different flavors of BERT available openly, some popular variants are ALBERT and RoBERTa. In this work, we are focusing on both multilingual and monolingual models for text classification and hate speech detection tasks. Following standard multilingual BERT models which use Marathi as one of the training languages are used:</p><p>• Multilingual-BERT (mBERT) 1 : It is a BERT-base model <ref type="bibr" target="#b25">[26]</ref> trained on and usable with 104 languages with Wikipedia using a masked language modeling (MLM) and next sentence prediction (NSP) objective.</p><p>• IndicBERT 2 : a multilingual ALBERT model released by Ai4Bharat <ref type="bibr" target="#b26">[27]</ref>, trained on large-scale corpora. The training languages include 12 major Indian languages.</p><p>The model has been proven to be working better for the tasks in Indic languages.</p><p>• XLM-RoBERTa 3 : a multilingual version of the RoBERTa model <ref type="bibr" target="#b27">[28]</ref>. It is pre-trained on 2.5TB of filtered CommonCrawl data containing 100 languages with the Masked language modeling (MLM) objective and can be used for downstream tasks.</p><p>To compare with the above models, the following Marathi monolingual models are used <ref type="bibr" target="#b13">[14]</ref>:</p><p>• MahaBERT 4 : a multilingual BERT model fine-tuned on L3Cube-MahaCorpus and other publicly available Marathi monolingual datasets containing a total of 752M tokens.   </p></div>
<div xmlns="http://www.tei-c.org/ns/1.0"><head>B. Evaluation results</head><p>The BERT transformer models have been evaluated on hate speech detection and text classification datasets. We used standard multilingual BERT variants namely indicBERT, mBERT and xlm-RoBERTa to obtain baseline classification results. Additionally, monolingual Marathi models have been used for comparison. These single language models include MahaBERT, MahaAlBERT, and MahaRoBERTa are based on the BERT-base, AlBERT, and RoBERTa-base models respectively.</p><p>The experiments have been performed in two schemes. Firstly, we obtained the results by fine-tuning all the BERT layers i.e pre-trained layers as well as classification layers. Furthermore, we froze the pre-trained embedding and encoder layers and trained only the classifier to obtain the results. Using this setup we aim to evaluate the sentence embeddings generated by these monolingual and multilingual models. All the classification results are displayed in Table <ref type="table" target="#tab_2">I</ref>.</p><p>For all the monolingual and multilingual models, the frozen settings i.e freezing BERT embedding and encoder layers are underperforming as compared to their non-freeze counterparts. The difference in accuracy is too high for L3Cube-MahaSent and L3Cube-MahaHate. This indicates that the pre-trained models do not provide generic discriminative sentence embeddings for the classification task. However, the mono-lingual model does provide better sentence embeddings as compared to the multi-lingual counterpart. This shows the importance of monolingual pretraining for obtaining rich sentence embeddings. Since the pre-training data is mostly comprised of Marathi news articles the frozen setting works comparatively well on the Articles and Headlines dataset. In general, the monolingual models have outperformed the multilingual models on all the datasets. For hate speech detection datasets, particularly the MahaRoBERTa model is working the best. In the case of other text classification datasets, the MahaAlBERT model is giving the best accuracy.</p></div>
<div xmlns="http://www.tei-c.org/ns/1.0"><head>V. CONCLUSION</head><p>In this paper, we have presented a comparison between monolingual and multilingual transformer-based models, particularly the variants of BERT. We have evaluated these models on hate speech detection and text classification datasets. We have used standard multilingual models namely mBERT, indicBERT, and xlm-RoBERTa for evaluation. On the other hand, we have used Marathi monolingual models trained exclusively on large Marathi corpus i.e. MahaBERT, Ma-haAlBERT, and MahaRoBERTa for comparison. The MahaAl-BERT model performs the best in the case of simple text classification whereas MahaRoBERTa gives the best results for hate speech detection tasks. The monolingual versions for all the datasets have outperformed the standard multilingual models when focused on single language tasks. The monolingual models also provide better sentence representations. However, these sentence representations do not generalize well across the tasks, thus highlighting the need for better sentence embedding models.</p></div><figure xmlns="http://www.tei-c.org/ns/1.0" xml:id="fig_0"><head>Fig. 1 :</head><label>1</label><figDesc>Fig. 1: BERT architectures with freeze and non-freeze training mode</figDesc><graphic coords="3,72.93,279.08,257.03,151.35" type="bitmap" /></figure>
<figure xmlns="http://www.tei-c.org/ns/1.0" type="table" xml:id="tab_0"><head></head><label></label><figDesc>hate speech detection dataset in Marathi consists of 25000 tweet samples divided into 4 major classes namely hate, offensive, profane, and not. The dataset consists of 21500 train, 2000 test, and 1500 validation examples. A Sentiment Analysis dataset in Marathi includes tweets classified as positive, negative, and neutral. It has 12114 train, 2250 test, and 1500 validation examples.</figDesc><table><row><cell>• Articles:</cell></row><row><cell>A text classification dataset containing Marathi news</cell></row><row><cell>articles classified into sports, entertainment, and lifestyle</cell></row><row><cell>with 3823 train, 479 test, and 477 validation samples.</cell></row></table><note>• Headlines:A Marathi news headlines dataset containing the headlines containing three classes viz. entertainment, sports, and state. It consists of 9672 train, 1210 test, and 1210 validation samples.• L3Cube-MahaSent<ref type="bibr" target="#b9">[10]</ref>:</note></figure>
<figure xmlns="http://www.tei-c.org/ns/1.0" type="table" xml:id="tab_2"><head>TABLE I :</head><label>I</label><figDesc>Classification accuracies for monolingual and multilingual models</figDesc><table><row><cell>Model</cell><cell>Training</cell><cell>HASOC</cell><cell>L3Cube-</cell><cell>L3Cube-</cell><cell>Articles</cell><cell>Headlines</cell></row><row><cell></cell><cell>Mode</cell><cell></cell><cell>MahaHate</cell><cell>MahaSent</cell><cell></cell><cell></cell></row><row><cell></cell><cell></cell><cell cols="3">Multilingual BERT Variants</cell><cell></cell><cell></cell></row><row><cell>mBERT</cell><cell>Freeze</cell><cell>0.770</cell><cell>0.516</cell><cell>0.653</cell><cell>0.901</cell><cell>0.907</cell></row><row><cell></cell><cell>Non-Freeze</cell><cell>0.875</cell><cell>0.783</cell><cell>0.786</cell><cell>0.976</cell><cell>0.947</cell></row><row><cell>IndicBERT</cell><cell>Freeze</cell><cell>0.710</cell><cell>0.436</cell><cell>0.656</cell><cell>0.828</cell><cell>0.877</cell></row><row><cell></cell><cell>Non-Freeze</cell><cell>0.870</cell><cell>0.711</cell><cell>0.833</cell><cell>0.987</cell><cell>0.937</cell></row><row><cell>xlm-RoBERTa</cell><cell>Freeze</cell><cell>0.755</cell><cell>0.487</cell><cell>0.666</cell><cell>0.91</cell><cell>0.79</cell></row><row><cell></cell><cell>Non-Freeze</cell><cell>0.862</cell><cell>0.787</cell><cell>0.820</cell><cell>0.985</cell><cell>0.925</cell></row><row><cell></cell><cell></cell><cell cols="3">Monolingual BERT Variants</cell><cell></cell><cell></cell></row><row><cell>MahaBERT</cell><cell>Freeze</cell><cell>0.824</cell><cell>0.580</cell><cell>0.666</cell><cell>0.939</cell><cell></cell></row><row><cell></cell><cell>Non-Freeze</cell><cell>0.883</cell><cell>0.802</cell><cell>0.828</cell><cell>0.987</cell><cell>0.944</cell></row><row><cell>MahaAlBERT</cell><cell>Freeze</cell><cell>0.800</cell><cell>0.587</cell><cell>0.717</cell><cell>0.991</cell><cell>0.927</cell></row><row><cell></cell><cell>Non-Freeze</cell><cell>0.866</cell><cell>0.764</cell><cell>0.841</cell><cell>0.991</cell><cell>0.945</cell></row><row><cell>MahaRoBERTa</cell><cell>Freeze</cell><cell>0.782</cell><cell>0.531</cell><cell>0.698</cell><cell>0.904</cell><cell>0.864</cell></row><row><cell></cell><cell>Non-Freeze</cell><cell>0.890</cell><cell>0.803</cell><cell>0.834</cell><cell>0.985</cell><cell>0.942</cell></row></table></figure>
			<note xmlns="http://www.tei-c.org/ns/1.0" place="foot" n="1" xml:id="foot_0">https://huggingface.co/bert-base-multilingual-cased</note>
			<note xmlns="http://www.tei-c.org/ns/1.0" place="foot" n="2" xml:id="foot_1">https://huggingface.co/ai4bharat/indic-bert</note>
			<note xmlns="http://www.tei-c.org/ns/1.0" place="foot" n="3" xml:id="foot_2">https://huggingface.co/xlm-roberta-base</note>
			<note xmlns="http://www.tei-c.org/ns/1.0" place="foot" n="4" xml:id="foot_3">https://huggingface.co/l3cube-pune/marathi-bert</note>
			<note xmlns="http://www.tei-c.org/ns/1.0" place="foot" n="5" xml:id="foot_4">https://huggingface.co/l3cube-pune/marathi-albert</note>
			<note xmlns="http://www.tei-c.org/ns/1.0" place="foot" n="6" xml:id="foot_5">https://huggingface.co/l3cube-pune/marathi-roberta</note>
		</body>
		<back>

			<div type="acknowledgement">
<div xmlns="http://www.tei-c.org/ns/1.0"><head>ACKNOWLEDGMENT</head><p>This work was done under the L3Cube Pune mentorship program. We would like to express our gratitude towards our mentors at L3Cube for their continuous support and encouragement.</p></div>
			</div>

			<div type="references">

				<listBibl>

<biblStruct xml:id="b0">
	<analytic>
		<title level="a" type="main">How multilingual is multilingual bert?</title>
		<author>
			<persName><forename type="first">T</forename><surname>Pires</surname></persName>
		</author>
		<author>
			<persName><forename type="first">E</forename><surname>Schlinger</surname></persName>
		</author>
		<author>
			<persName><forename type="first">D</forename><surname>Garrette</surname></persName>
		</author>
		<idno type="DOI">10.18653/v1/p19-1493</idno>
		<ptr target="https://doi.org/10.18653/v1/p19-1493" />
	</analytic>
	<monogr>
		<title level="m">Proceedings of the 57th Conference of the Association for Computational Linguistics, ACL 2019</title>
				<editor>
			<persName><forename type="first">Long</forename><surname>Papers</surname></persName>
		</editor>
		<editor>
			<persName><forename type="first">A</forename><surname>Korhonen</surname></persName>
		</editor>
		<editor>
			<persName><forename type="first">D</forename><forename type="middle">R</forename><surname>Traum</surname></persName>
		</editor>
		<editor>
			<persName><forename type="first">L</forename><surname>Màrquez</surname></persName>
		</editor>
		<meeting>the 57th Conference of the Association for Computational Linguistics, ACL 2019<address><addrLine>Florence, Italy</addrLine></address></meeting>
		<imprint>
			<publisher>Association for Computational Linguistics</publisher>
			<date type="published" when="2019-08-02">July 28-August 2, 2019. 2019</date>
			<biblScope unit="volume">1</biblScope>
			<biblScope unit="page" from="4996" to="5001" />
		</imprint>
	</monogr>
	<note type="raw_reference">T. Pires, E. Schlinger, and D. Garrette, &quot;How multilingual is multilingual bert?&quot; in Proceedings of the 57th Conference of the Association for Computational Linguistics, ACL 2019, Florence, Italy, July 28-August 2, 2019, Volume 1: Long Papers, A. Korhonen, D. R. Traum, and L. Màrquez, Eds. Association for Computational Linguistics, 2019, pp. 4996-5001. [Online]. Available: https://doi.org/10.18653/v1/p19-1493</note>
</biblStruct>

<biblStruct xml:id="b1">
	<analytic>
		<title level="a" type="main">How multilingual is multilingual BERT?</title>
	</analytic>
	<monogr>
		<title level="m">Proceedings of the 57th Annual Meeting of the Association for Computational Linguistics</title>
				<meeting>the 57th Annual Meeting of the Association for Computational Linguistics</meeting>
		<imprint/>
	</monogr>
	<note type="raw_reference">--, &quot;How multilingual is multilingual BERT?&quot; in Proceedings of the 57th Annual Meeting of the Association for Computational Linguistics.</note>
</biblStruct>

<biblStruct xml:id="b2">
	<analytic>
		<title level="a" type="main">Evaluation of deep learning models for hostility detection in hindi text</title>
		<author>
			<persName><forename type="first">R</forename><surname>Joshi</surname></persName>
		</author>
		<author>
			<persName><forename type="first">R</forename><surname>Karnavat</surname></persName>
		</author>
		<author>
			<persName><forename type="first">K</forename><surname>Jirapure</surname></persName>
		</author>
		<author>
			<persName><forename type="first">R</forename><surname>Joshi</surname></persName>
		</author>
	</analytic>
	<monogr>
		<title level="m">2021 6th International Conference for Convergence in Technology (I2CT)</title>
				<imprint>
			<publisher>IEEE</publisher>
			<date type="published" when="2021">2021</date>
			<biblScope unit="page" from="1" to="5" />
		</imprint>
	</monogr>
	<note type="raw_reference">R. Joshi, R. Karnavat, K. Jirapure, and R. Joshi, &quot;Evaluation of deep learning models for hostility detection in hindi text,&quot; in 2021 6th International Conference for Convergence in Technology (I2CT). IEEE, 2021, pp. 1-5.</note>
</biblStruct>

<biblStruct xml:id="b3">
	<analytic>
		<title level="a" type="main">JABER: junior arabic bert</title>
		<author>
			<persName><forename type="first">A</forename><surname>Ghaddar</surname></persName>
		</author>
		<author>
			<persName><forename type="first">Y</forename><surname>Wu</surname></persName>
		</author>
		<author>
			<persName><forename type="first">A</forename><surname>Rashid</surname></persName>
		</author>
		<author>
			<persName><forename type="first">K</forename><surname>Bibi</surname></persName>
		</author>
		<author>
			<persName><forename type="first">M</forename><surname>Rezagholizadeh</surname></persName>
		</author>
		<author>
			<persName><forename type="first">C</forename><surname>Xing</surname></persName>
		</author>
		<author>
			<persName><forename type="first">Y</forename><surname>Wang</surname></persName>
		</author>
		<author>
			<persName><forename type="first">D</forename><surname>Xinyu</surname></persName>
		</author>
		<author>
			<persName><forename type="first">Z</forename><surname>Wang</surname></persName>
		</author>
		<author>
			<persName><forename type="first">B</forename><surname>Huai</surname></persName>
		</author>
		<author>
			<persName><forename type="first">X</forename><surname>Jiang</surname></persName>
		</author>
		<author>
			<persName><forename type="first">Q</forename><surname>Liu</surname></persName>
		</author>
		<author>
			<persName><forename type="first">P</forename><surname>Langlais</surname></persName>
		</author>
		<idno>abs/2112.04329</idno>
		<ptr target="https://arxiv.org/abs/2112.04329" />
	</analytic>
	<monogr>
		<title level="j">CoRR</title>
		<imprint>
			<date type="published" when="2021">2021</date>
		</imprint>
	</monogr>
	<note type="raw_reference">A. Ghaddar, Y. Wu, A. Rashid, K. Bibi, M. Rezagholizadeh, C. Xing, Y. Wang, D. Xinyu, Z. Wang, B. Huai, X. Jiang, Q. Liu, and P. Langlais, &quot;JABER: junior arabic bert,&quot; CoRR, vol. abs/2112.04329, 2021. [Online]. Available: https://arxiv.org/abs/2112.04329</note>
</biblStruct>

<biblStruct xml:id="b4">
	<analytic>
		<title level="a" type="main">FlauBERT: Unsupervised language model pre-training for French</title>
		<author>
			<persName><forename type="first">H</forename><surname>Le</surname></persName>
		</author>
		<author>
			<persName><forename type="first">L</forename><surname>Vial</surname></persName>
		</author>
		<author>
			<persName><forename type="first">J</forename><surname>Frej</surname></persName>
		</author>
		<author>
			<persName><forename type="first">V</forename><surname>Segonne</surname></persName>
		</author>
		<author>
			<persName><forename type="first">M</forename><surname>Coavoux</surname></persName>
		</author>
		<author>
			<persName><forename type="first">B</forename><surname>Lecouteux</surname></persName>
		</author>
		<author>
			<persName><forename type="first">A</forename><surname>Allauzen</surname></persName>
		</author>
		<author>
			<persName><forename type="first">B</forename><surname>Crabbé</surname></persName>
		</author>
		<author>
			<persName><forename type="first">L</forename><surname>Besacier</surname></persName>
		</author>
		<author>
			<persName><forename type="first">D</forename><surname>Schwab</surname></persName>
		</author>
		<ptr target="https://aclanthology.org/2020.lrec-1.302" />
	</analytic>
	<monogr>
		<title level="m">Proceedings of the 12th Language Resources and Evaluation Conference</title>
				<meeting>the 12th Language Resources and Evaluation Conference<address><addrLine>Marseille, France</addrLine></address></meeting>
		<imprint>
			<publisher>European Language Resources Association</publisher>
			<date type="published" when="2020-05">May 2020</date>
			<biblScope unit="page" from="2479" to="2490" />
		</imprint>
	</monogr>
	<note type="raw_reference">H. Le, L. Vial, J. Frej, V. Segonne, M. Coavoux, B. Lecouteux, A. Allauzen, B. Crabbé, L. Besacier, and D. Schwab, &quot;FlauBERT: Unsupervised language model pre-training for French,&quot; in Proceedings of the 12th Language Resources and Evaluation Conference. Marseille, France: European Language Resources Association, May 2020, pp. 2479-2490. [Online]. Available: https://aclanthology.org/2020.lrec-1. 302</note>
</biblStruct>

<biblStruct xml:id="b5">
	<analytic>
		<title level="a" type="main">Monolingual versus multilingual bertology for vietnamese extractive multi-document summarization</title>
		<author>
			<persName><forename type="first">H</forename><forename type="middle">Q</forename><surname>To</surname></persName>
		</author>
		<author>
			<persName><forename type="first">K</forename><forename type="middle">V</forename><surname>Nguyen</surname></persName>
		</author>
		<author>
			<persName><forename type="first">N</forename><forename type="middle">L</forename><surname>Nguyen</surname></persName>
		</author>
		<author>
			<persName><forename type="first">A</forename><forename type="middle">G</forename><surname>Nguyen</surname></persName>
		</author>
		<ptr target="https://arxiv.org/abs/2108.13741" />
	</analytic>
	<monogr>
		<title level="j">CoRR</title>
		<imprint>
			<date type="published" when="2021">2108.13741, 2021</date>
		</imprint>
	</monogr>
	<note type="raw_reference">H. Q. To, K. V. Nguyen, N. L. Nguyen, and A. G. Nguyen, &quot;Monolingual versus multilingual bertology for vietnamese extractive multi-document summarization,&quot; CoRR, vol. abs/2108.13741, 2021. [Online]. Available: https://arxiv.org/abs/2108.13741</note>
</biblStruct>

<biblStruct xml:id="b6">
	<analytic>
		<title level="a" type="main">Training dataset and dictionary sizes matter in BERT models: the case of baltic languages</title>
		<author>
			<persName><forename type="first">M</forename><surname>Ulcar</surname></persName>
		</author>
		<author>
			<persName><forename type="first">M</forename><surname>Robnik-Sikonja</surname></persName>
		</author>
		<idno>abs/2112.10553</idno>
		<ptr target="https://arxiv.org/abs/2112.10553" />
	</analytic>
	<monogr>
		<title level="j">CoRR</title>
		<imprint>
			<date type="published" when="2021">2021</date>
		</imprint>
	</monogr>
	<note type="raw_reference">M. Ulcar and M. Robnik-Sikonja, &quot;Training dataset and dictionary sizes matter in BERT models: the case of baltic languages,&quot; CoRR, vol. abs/2112.10553, 2021. [Online]. Available: https://arxiv.org/abs/2112. 10553</note>
</biblStruct>

<biblStruct xml:id="b7">
	<analytic>
		<title level="a" type="main">Is multilingual BERT fluent in language generation</title>
		<author>
			<persName><forename type="first">S</forename><surname>Rönnqvist</surname></persName>
		</author>
		<author>
			<persName><forename type="first">J</forename><surname>Kanerva</surname></persName>
		</author>
		<author>
			<persName><forename type="first">T</forename><surname>Salakoski</surname></persName>
		</author>
		<author>
			<persName><forename type="first">F</forename><surname>Ginter</surname></persName>
		</author>
		<ptr target="http://arxiv.org/abs/1910.03806" />
	</analytic>
	<monogr>
		<title level="j">CoRR</title>
		<imprint>
			<date type="published" when="1910">1910.03806, 2019</date>
		</imprint>
	</monogr>
	<note type="raw_reference">S. Rönnqvist, J. Kanerva, T. Salakoski, and F. Ginter, &quot;Is multilingual BERT fluent in language generation?&quot; CoRR, vol. abs/1910.03806, 2019. [Online]. Available: http://arxiv.org/abs/1910.03806</note>
</biblStruct>

<biblStruct xml:id="b8">
	<analytic>
		<title level="a" type="main">Hate and offensive speech detection in hindi and marathi</title>
		<author>
			<persName><forename type="first">A</forename><surname>Velankar</surname></persName>
		</author>
		<author>
			<persName><forename type="first">H</forename><surname>Patil</surname></persName>
		</author>
		<author>
			<persName><forename type="first">A</forename><surname>Gore</surname></persName>
		</author>
		<author>
			<persName><forename type="first">S</forename><surname>Salunke</surname></persName>
		</author>
		<author>
			<persName><forename type="first">R</forename><surname>Joshi</surname></persName>
		</author>
		<ptr target="https://arxiv.org/abs/2110.12200" />
	</analytic>
	<monogr>
		<title level="j">CoRR</title>
		<imprint>
			<date type="published" when="2021">2110.12200, 2021</date>
		</imprint>
	</monogr>
	<note type="raw_reference">A. Velankar, H. Patil, A. Gore, S. Salunke, and R. Joshi, &quot;Hate and offensive speech detection in hindi and marathi,&quot; CoRR, vol. abs/2110.12200, 2021. [Online]. Available: https://arxiv.org/abs/2110. 12200</note>
</biblStruct>

<biblStruct xml:id="b9">
	<analytic>
		<title level="a" type="main">L3cubemahasent: A marathi tweet-based sentiment analysis dataset</title>
		<author>
			<persName><forename type="first">A</forename><surname>Kulkarni</surname></persName>
		</author>
		<author>
			<persName><forename type="first">M</forename><surname>Mandhane</surname></persName>
		</author>
		<author>
			<persName><forename type="first">M</forename><surname>Likhitkar</surname></persName>
		</author>
		<author>
			<persName><forename type="first">G</forename><surname>Kshirsagar</surname></persName>
		</author>
		<author>
			<persName><forename type="first">R</forename><surname>Joshi</surname></persName>
		</author>
		<ptr target="https://aclanthology.org/2021.wassa-1.23/" />
	</analytic>
	<monogr>
		<title level="m">Proceedings of the Eleventh Workshop on Computational Approaches to Subjectivity, Sentiment and Social Media Analysis</title>
				<editor>
			<persName><forename type="first">O</forename><forename type="middle">D</forename><surname>Clercq</surname></persName>
		</editor>
		<editor>
			<persName><forename type="first">A</forename><surname>Balahur</surname></persName>
		</editor>
		<editor>
			<persName><forename type="first">J</forename><surname>Sedoc</surname></persName>
		</editor>
		<editor>
			<persName><forename type="first">V</forename><surname>Barrière</surname></persName>
		</editor>
		<editor>
			<persName><forename type="first">S</forename><surname>Tafreshi</surname></persName>
		</editor>
		<editor>
			<persName><forename type="first">S</forename><surname>Buechel</surname></persName>
		</editor>
		<editor>
			<persName><forename type="first">V</forename><surname>Hoste</surname></persName>
		</editor>
		<meeting>the Eleventh Workshop on Computational Approaches to Subjectivity, Sentiment and Social Media Analysis</meeting>
		<imprint>
			<publisher>Association for Computational Linguistics</publisher>
			<date type="published" when="2021-04-19">April 19, 2021. 2021</date>
			<biblScope unit="page" from="213" to="220" />
		</imprint>
	</monogr>
	<note>WASSA@EACL 2021</note>
	<note type="raw_reference">A. Kulkarni, M. Mandhane, M. Likhitkar, G. Kshirsagar, and R. Joshi, &quot;L3cubemahasent: A marathi tweet-based sentiment analysis dataset,&quot; in Proceedings of the Eleventh Workshop on Computational Approaches to Subjectivity, Sentiment and Social Media Analysis, WASSA@EACL 2021, Online, April 19, 2021, O. D. Clercq, A. Balahur, J. Sedoc, V. Barrière, S. Tafreshi, S. Buechel, and V. Hoste, Eds. Association for Computational Linguistics, 2021, pp. 213-220. [Online]. Available: https://aclanthology.org/2021.wassa-1.23/</note>
</biblStruct>

<biblStruct xml:id="b10">
	<analytic>
		<title level="a" type="main">Experimental evaluation of deep learning models for marathi text classification</title>
		<author>
			<persName><forename type="first">A</forename><surname>Kulkarni</surname></persName>
		</author>
		<author>
			<persName><forename type="first">M</forename><surname>Mandhane</surname></persName>
		</author>
		<author>
			<persName><forename type="first">M</forename><surname>Likhitkar</surname></persName>
		</author>
		<author>
			<persName><forename type="first">G</forename><surname>Kshirsagar</surname></persName>
		</author>
		<author>
			<persName><forename type="first">J</forename><surname>Jagdale</surname></persName>
		</author>
		<author>
			<persName><forename type="first">R</forename><surname>Joshi</surname></persName>
		</author>
	</analytic>
	<monogr>
		<title level="m">Proceedings of the 2nd International Conference on Recent Trends in Machine Learning, IoT, Smart Cities and Applications</title>
				<meeting>the 2nd International Conference on Recent Trends in Machine Learning, IoT, Smart Cities and Applications</meeting>
		<imprint>
			<publisher>Springer</publisher>
			<date type="published" when="2022">2022</date>
			<biblScope unit="page" from="605" to="613" />
		</imprint>
	</monogr>
	<note type="raw_reference">A. Kulkarni, M. Mandhane, M. Likhitkar, G. Kshirsagar, J. Jagdale, and R. Joshi, &quot;Experimental evaluation of deep learning models for marathi text classification,&quot; in Proceedings of the 2nd International Conference on Recent Trends in Machine Learning, IoT, Smart Cities and Applications. Springer, 2022, pp. 605-613.</note>
</biblStruct>

<biblStruct xml:id="b11">
	<analytic>
		<title level="a" type="main">L3cube-mahahate: A tweet-based marathi hate speech detection dataset and BERT models</title>
		<author>
			<persName><forename type="first">A</forename><surname>Velankar</surname></persName>
		</author>
		<author>
			<persName><forename type="first">H</forename><surname>Patil</surname></persName>
		</author>
		<author>
			<persName><forename type="first">A</forename><surname>Gore</surname></persName>
		</author>
		<author>
			<persName><forename type="first">S</forename><surname>Salunke</surname></persName>
		</author>
		<author>
			<persName><forename type="first">R</forename><surname>Joshi</surname></persName>
		</author>
		<idno type="DOI">10.48550/arXiv.2203.13778</idno>
		<idno>abs/2203.13778</idno>
		<ptr target="https://doi.org/10.48550/arXiv.2203.13778" />
	</analytic>
	<monogr>
		<title level="j">CoRR</title>
		<imprint>
			<date type="published" when="2022">2022</date>
		</imprint>
	</monogr>
	<note type="raw_reference">A. Velankar, H. Patil, A. Gore, S. Salunke, and R. Joshi, &quot;L3cube- mahahate: A tweet-based marathi hate speech detection dataset and BERT models,&quot; CoRR, vol. abs/2203.13778, 2022. [Online]. Available: https://doi.org/10.48550/arXiv.2203.13778</note>
</biblStruct>

<biblStruct xml:id="b12">
	<analytic>
		<title level="a" type="main">Mono vs multilingual BERT: A case study in hindi and marathi named entity recognition</title>
		<author>
			<persName><forename type="first">O</forename><surname>Litake</surname></persName>
		</author>
		<author>
			<persName><forename type="first">M</forename><surname>Sabane</surname></persName>
		</author>
		<author>
			<persName><forename type="first">P</forename><surname>Patil</surname></persName>
		</author>
		<author>
			<persName><forename type="first">A</forename><surname>Ranade</surname></persName>
		</author>
		<author>
			<persName><forename type="first">R</forename><surname>Joshi</surname></persName>
		</author>
		<idno type="DOI">10.48550/arXiv.2203.12907</idno>
		<ptr target="https://doi.org/10.48550/arXiv.2203.12907" />
	</analytic>
	<monogr>
		<title level="j">CoRR</title>
		<imprint>
			<date type="published" when="2022">2203.12907, 2022</date>
		</imprint>
	</monogr>
	<note type="raw_reference">O. Litake, M. Sabane, P. Patil, A. Ranade, and R. Joshi, &quot;Mono vs multilingual BERT: A case study in hindi and marathi named entity recognition,&quot; CoRR, vol. abs/2203.12907, 2022. [Online]. Available: https://doi.org/10.48550/arXiv.2203.12907</note>
</biblStruct>

<biblStruct xml:id="b13">
	<analytic>
		<title level="a" type="main">L3cube-mahacorpus and mahabert: Marathi monolingual corpus, marathi BERT language models, and resources</title>
		<author>
			<persName><forename type="first">R</forename><surname>Joshi</surname></persName>
		</author>
		<idno>abs/2202.01159</idno>
		<ptr target="https://arxiv.org/abs/2202.01159" />
	</analytic>
	<monogr>
		<title level="j">CoRR</title>
		<imprint>
			<date type="published" when="2022">2022</date>
		</imprint>
	</monogr>
	<note type="raw_reference">R. Joshi, &quot;L3cube-mahacorpus and mahabert: Marathi monolingual corpus, marathi BERT language models, and resources,&quot; CoRR, vol. abs/2202.01159, 2022. [Online]. Available: https://arxiv.org/abs/2202. 01159</note>
</biblStruct>

<biblStruct xml:id="b14">
	<analytic>
		<title level="a" type="main">Deep learning for hindi text classification: A comparison</title>
		<author>
			<persName><forename type="first">R</forename><surname>Joshi</surname></persName>
		</author>
		<author>
			<persName><forename type="first">P</forename><surname>Goel</surname></persName>
		</author>
		<author>
			<persName><forename type="first">R</forename><surname>Joshi</surname></persName>
		</author>
		<idno type="DOI">10.1007/978-3-030-44689-5_9</idno>
		<ptr target="https://doi.org/10.1007/978-3-030-44689-59" />
	</analytic>
	<monogr>
		<title level="m">Intelligent Human Computer Interaction -11th International Conference, IHCI 2019</title>
				<editor>
			<persName><forename type="first">U</forename><forename type="middle">S</forename><surname>Science</surname></persName>
		</editor>
		<editor>
			<persName><forename type="first">S</forename><surname>Tiwary</surname></persName>
		</editor>
		<editor>
			<persName><surname>Chaudhury</surname></persName>
		</editor>
		<meeting><address><addrLine>Allahabad, India</addrLine></address></meeting>
		<imprint>
			<publisher>Springer</publisher>
			<date type="published" when="2019">December 12-14, 2019. 2019</date>
			<biblScope unit="volume">11886</biblScope>
			<biblScope unit="page" from="94" to="101" />
		</imprint>
	</monogr>
	<note>Proceedings, ser. Lecture Notes in Computer</note>
	<note type="raw_reference">R. Joshi, P. Goel, and R. Joshi, &quot;Deep learning for hindi text classification: A comparison,&quot; in Intelligent Human Computer Interaction -11th International Conference, IHCI 2019, Allahabad, India, December 12-14, 2019, Proceedings, ser. Lecture Notes in Computer Science, U. S. Tiwary and S. Chaudhury, Eds., vol. 11886. Springer, 2019, pp. 94-101. [Online]. Available: https://doi.org/10.1007/978-3-030-44689-5 9</note>
</biblStruct>

<biblStruct xml:id="b15">
	<analytic>
		<title level="a" type="main">A comparative study on different types of approaches to bengali document categorization</title>
		<author>
			<persName><forename type="first">M</forename><forename type="middle">S</forename><surname>Islam</surname></persName>
		</author>
		<author>
			<persName><forename type="first">F</forename><forename type="middle">E M</forename><surname>Jubayer</surname></persName>
		</author>
		<author>
			<persName><forename type="first">S</forename><forename type="middle">I</forename><surname>Ahmed</surname></persName>
		</author>
		<idno>abs/1701.08694</idno>
		<ptr target="http://arxiv.org/abs/1701.08694" />
	</analytic>
	<monogr>
		<title level="j">CoRR</title>
		<imprint>
			<date type="published" when="2017">2017</date>
		</imprint>
	</monogr>
	<note type="raw_reference">M. S. Islam, F. E. M. Jubayer, and S. I. Ahmed, &quot;A comparative study on different types of approaches to bengali document categorization,&quot; CoRR, vol. abs/1701.08694, 2017. [Online]. Available: http://arxiv.org/abs/1701.08694</note>
</biblStruct>

<biblStruct xml:id="b16">
	<analytic>
		<title level="a" type="main">What does BERT learn about the structure of language</title>
		<author>
			<persName><forename type="first">G</forename><surname>Jawahar</surname></persName>
		</author>
		<author>
			<persName><forename type="first">B</forename><surname>Sagot</surname></persName>
		</author>
		<author>
			<persName><forename type="first">D</forename><surname>Seddah</surname></persName>
		</author>
		<ptr target="https://aclanthology.org/P19-1356" />
	</analytic>
	<monogr>
		<title level="m">Proceedings of the 57th Annual Meeting of the Association for Computational Linguistics</title>
				<meeting>the 57th Annual Meeting of the Association for Computational Linguistics<address><addrLine>Florence, Italy</addrLine></address></meeting>
		<imprint>
			<publisher>Association for Computational Linguistics</publisher>
			<date type="published" when="2019-07">Jul. 2019</date>
			<biblScope unit="page" from="3651" to="3657" />
		</imprint>
	</monogr>
	<note type="raw_reference">G. Jawahar, B. Sagot, and D. Seddah, &quot;What does BERT learn about the structure of language?&quot; in Proceedings of the 57th Annual Meeting of the Association for Computational Linguistics. Florence, Italy: Association for Computational Linguistics, Jul. 2019, pp. 3651-3657. [Online]. Available: https://aclanthology.org/P19-1356</note>
</biblStruct>

<biblStruct xml:id="b17">
	<analytic>
		<title level="a" type="main">BERT rediscovers the classical NLP pipeline</title>
		<author>
			<persName><forename type="first">I</forename><surname>Tenney</surname></persName>
		</author>
		<author>
			<persName><forename type="first">D</forename><surname>Das</surname></persName>
		</author>
		<author>
			<persName><forename type="first">E</forename><surname>Pavlick</surname></persName>
		</author>
		<ptr target="https://aclanthology.org/P19-1452" />
	</analytic>
	<monogr>
		<title level="m">Proceedings of the 57th Annual Meeting of the Association for Computational Linguistics</title>
				<meeting>the 57th Annual Meeting of the Association for Computational Linguistics<address><addrLine>Florence, Italy</addrLine></address></meeting>
		<imprint>
			<publisher>Association for Computational Linguistics</publisher>
			<date type="published" when="2019-07">Jul. 2019</date>
			<biblScope unit="page" from="4593" to="4601" />
		</imprint>
	</monogr>
	<note type="raw_reference">I. Tenney, D. Das, and E. Pavlick, &quot;BERT rediscovers the classical NLP pipeline,&quot; in Proceedings of the 57th Annual Meeting of the Association for Computational Linguistics. Florence, Italy: Association for Computational Linguistics, Jul. 2019, pp. 4593-4601. [Online]. Available: https://aclanthology.org/P19-1452</note>
</biblStruct>

<biblStruct xml:id="b18">
	<analytic>
		<title level="a" type="main">What&apos;s so special about BERT&apos;s layers? a closer look at the NLP pipeline in monolingual and multilingual models</title>
		<author>
			<persName><forename type="first">W</forename><surname>Vries</surname></persName>
		</author>
		<author>
			<persName><forename type="first">A</forename><surname>Van Cranenburgh</surname></persName>
		</author>
		<author>
			<persName><forename type="first">M</forename><surname>Nissim</surname></persName>
		</author>
		<ptr target="https://aclanthology.org/2020.findings-emnlp.389" />
	</analytic>
	<monogr>
		<title level="m">Findings of the Association for Computational Linguistics: EMNLP 2020</title>
				<imprint>
			<publisher>Association for Computational Linguistics</publisher>
			<date type="published" when="2020-11">Nov. 2020</date>
			<biblScope unit="page" from="4339" to="4350" />
		</imprint>
	</monogr>
	<note type="raw_reference">W. de Vries, A. van Cranenburgh, and M. Nissim, &quot;What&apos;s so special about BERT&apos;s layers? a closer look at the NLP pipeline in monolingual and multilingual models,&quot; in Findings of the Association for Computational Linguistics: EMNLP 2020. Online: Association for Computational Linguistics, Nov. 2020, pp. 4339-4350. [Online]. Available: https://aclanthology.org/2020.findings-emnlp.389</note>
</biblStruct>

<biblStruct xml:id="b19">
	<analytic>
		<title level="a" type="main">Gottbert: a pure german language model</title>
		<author>
			<persName><forename type="first">R</forename><surname>Scheible</surname></persName>
		</author>
		<author>
			<persName><forename type="first">F</forename><surname>Thomczyk</surname></persName>
		</author>
		<author>
			<persName><forename type="first">P</forename><surname>Tippmann</surname></persName>
		</author>
		<author>
			<persName><forename type="first">V</forename><surname>Jaravine</surname></persName>
		</author>
		<author>
			<persName><forename type="first">M</forename><surname>Boeker</surname></persName>
		</author>
		<ptr target="https://arxiv.org/abs/2012.02110" />
	</analytic>
	<monogr>
		<title level="j">CoRR</title>
		<imprint>
			<date type="published" when="2012">2012.02110. 2020</date>
		</imprint>
	</monogr>
	<note type="raw_reference">R. Scheible, F. Thomczyk, P. Tippmann, V. Jaravine, and M. Boeker, &quot;Gottbert: a pure german language model,&quot; CoRR, vol. abs/2012.02110, 2020. [Online]. Available: https://arxiv.org/abs/2012.02110</note>
</biblStruct>

<biblStruct xml:id="b20">
	<analytic>
		<title level="a" type="main">Robeczech: Czech roberta, a monolingual contextualized language representation model</title>
		<author>
			<persName><forename type="first">M</forename><surname>Straka</surname></persName>
		</author>
		<author>
			<persName><forename type="first">J</forename><surname>Náplava</surname></persName>
		</author>
		<author>
			<persName><forename type="first">J</forename><surname>Straková</surname></persName>
		</author>
		<author>
			<persName><forename type="first">D</forename><surname>Samuel</surname></persName>
		</author>
		<ptr target="https://arxiv.org/abs/2105.11314" />
	</analytic>
	<monogr>
		<title level="j">CoRR</title>
		<imprint>
			<date type="published" when="2021">2105.11314, 2021</date>
		</imprint>
	</monogr>
	<note type="raw_reference">M. Straka, J. Náplava, J. Straková, and D. Samuel, &quot;Robeczech: Czech roberta, a monolingual contextualized language representation model,&quot; CoRR, vol. abs/2105.11314, 2021. [Online]. Available: https://arxiv.org/abs/2105.11314</note>
</biblStruct>

<biblStruct xml:id="b21">
	<analytic>
		<title level="a" type="main">Phobert: Pre-trained language models for vietnamese</title>
		<author>
			<persName><forename type="first">D</forename><forename type="middle">Q</forename><surname>Nguyen</surname></persName>
		</author>
		<author>
			<persName><forename type="first">A</forename><forename type="middle">T</forename><surname>Nguyen</surname></persName>
		</author>
		<ptr target="https://arxiv.org/abs/2003.00744" />
	</analytic>
	<monogr>
		<title level="j">CoRR</title>
		<imprint>
			<date type="published" when="2003">2003.00744, 2020</date>
		</imprint>
	</monogr>
	<note type="raw_reference">D. Q. Nguyen and A. T. Nguyen, &quot;Phobert: Pre-trained language models for vietnamese,&quot; CoRR, vol. abs/2003.00744, 2020. [Online]. Available: https://arxiv.org/abs/2003.00744</note>
</biblStruct>

<biblStruct xml:id="b22">
	<analytic>
		<title level="a" type="main">Indic-transformers: An analysis of transformer language models for indian languages</title>
		<author>
			<persName><forename type="first">K</forename><surname>Jain</surname></persName>
		</author>
		<author>
			<persName><forename type="first">A</forename><surname>Deshpande</surname></persName>
		</author>
		<author>
			<persName><forename type="first">K</forename><surname>Shridhar</surname></persName>
		</author>
		<author>
			<persName><forename type="first">F</forename><surname>Laumann</surname></persName>
		</author>
		<author>
			<persName><forename type="first">A</forename><surname>Dash</surname></persName>
		</author>
		<ptr target="https://arxiv.org/abs/2011.02323" />
	</analytic>
	<monogr>
		<title level="j">CoRR</title>
		<imprint>
			<date type="published" when="2011">2011.02323, 2020</date>
		</imprint>
	</monogr>
	<note type="raw_reference">K. Jain, A. Deshpande, K. Shridhar, F. Laumann, and A. Dash, &quot;Indic-transformers: An analysis of transformer language models for indian languages,&quot; CoRR, vol. abs/2011.02323, 2020. [Online]. Available: https://arxiv.org/abs/2011.02323</note>
</biblStruct>

<biblStruct xml:id="b23">
	<analytic>
		<title level="a" type="main">AI-UPV at iberlef-2021 DETOXIS task: Toxicity detection in immigration-related web news comments using transformers and statistical models</title>
		<author>
			<persName><forename type="first">A</forename><forename type="middle">F M</forename><surname>De Paula</surname></persName>
		</author>
		<author>
			<persName><forename type="first">I</forename><forename type="middle">B</forename><surname>Schlicht</surname></persName>
		</author>
		<idno>abs/2111.04530</idno>
		<ptr target="https://arxiv.org/abs/2111.04530" />
	</analytic>
	<monogr>
		<title level="j">CoRR</title>
		<imprint>
			<date type="published" when="2021">2021</date>
		</imprint>
	</monogr>
	<note type="raw_reference">A. F. M. de Paula and I. B. Schlicht, &quot;AI-UPV at iberlef-2021 DETOXIS task: Toxicity detection in immigration-related web news comments using transformers and statistical models,&quot; CoRR, vol. abs/2111.04530, 2021. [Online]. Available: https://arxiv.org/abs/2111.04530</note>
</biblStruct>

<biblStruct xml:id="b24">
	<analytic>
		<title level="a" type="main">Overview of the hasoc subtrack at fire 2021: Hate speech and offensive content identification in english and indo-aryan languages and conversational hate speech</title>
		<author>
			<persName><forename type="first">S</forename><surname>Modha</surname></persName>
		</author>
		<author>
			<persName><forename type="first">T</forename><surname>Mandl</surname></persName>
		</author>
		<author>
			<persName><forename type="first">G</forename><forename type="middle">K</forename><surname>Shahi</surname></persName>
		</author>
		<author>
			<persName><forename type="first">H</forename><surname>Madhu</surname></persName>
		</author>
		<author>
			<persName><forename type="first">S</forename><surname>Satapara</surname></persName>
		</author>
		<author>
			<persName><forename type="first">T</forename><surname>Ranasinghe</surname></persName>
		</author>
		<author>
			<persName><forename type="first">M</forename><surname>Zampieri</surname></persName>
		</author>
	</analytic>
	<monogr>
		<title level="m">Forum for Information Retrieval Evaluation</title>
				<imprint>
			<date type="published" when="2021">2021</date>
			<biblScope unit="page" from="1" to="3" />
		</imprint>
	</monogr>
	<note type="raw_reference">S. Modha, T. Mandl, G. K. Shahi, H. Madhu, S. Satapara, T. Ranasinghe, and M. Zampieri, &quot;Overview of the hasoc subtrack at fire 2021: Hate speech and offensive content identification in english and indo-aryan languages and conversational hate speech,&quot; in Forum for Information Retrieval Evaluation, 2021, pp. 1-3.</note>
</biblStruct>

<biblStruct xml:id="b25">
	<analytic>
		<title level="a" type="main">BERT: pre-training of deep bidirectional transformers for language understanding</title>
		<author>
			<persName><forename type="first">J</forename><surname>Devlin</surname></persName>
		</author>
		<author>
			<persName><forename type="first">M</forename><surname>Chang</surname></persName>
		</author>
		<author>
			<persName><forename type="first">K</forename><surname>Lee</surname></persName>
		</author>
		<author>
			<persName><forename type="first">K</forename><surname>Toutanova</surname></persName>
		</author>
		<idno>abs/1810.04805</idno>
		<ptr target="http://arxiv.org/abs/1810.04805" />
	</analytic>
	<monogr>
		<title level="j">CoRR</title>
		<imprint>
			<date type="published" when="2018">2018</date>
		</imprint>
	</monogr>
	<note type="raw_reference">J. Devlin, M. Chang, K. Lee, and K. Toutanova, &quot;BERT: pre-training of deep bidirectional transformers for language understanding,&quot; CoRR, vol. abs/1810.04805, 2018. [Online]. Available: http://arxiv.org/abs/ 1810.04805</note>
</biblStruct>

<biblStruct xml:id="b26">
	<analytic>
		<title level="a" type="main">IndicNLPSuite: Monolingual Corpora, Evaluation Benchmarks and Pre-trained Multilingual Language Models for Indian Languages</title>
		<author>
			<persName><forename type="first">D</forename><surname>Kakwani</surname></persName>
		</author>
		<author>
			<persName><forename type="first">A</forename><surname>Kunchukuttan</surname></persName>
		</author>
		<author>
			<persName><forename type="first">S</forename><surname>Golla</surname></persName>
		</author>
		<author>
			<persName><forename type="first">G</forename><forename type="middle">N C</forename></persName>
		</author>
		<author>
			<persName><forename type="first">A</forename><surname>Bhattacharyya</surname></persName>
		</author>
		<author>
			<persName><forename type="first">M</forename><forename type="middle">M</forename><surname>Khapra</surname></persName>
		</author>
		<author>
			<persName><forename type="first">P</forename><surname>Kumar</surname></persName>
		</author>
	</analytic>
	<monogr>
		<title level="m">Findings of EMNLP</title>
				<imprint>
			<date type="published" when="2020">2020</date>
		</imprint>
	</monogr>
	<note type="raw_reference">D. Kakwani, A. Kunchukuttan, S. Golla, G. N.C., A. Bhattacharyya, M. M. Khapra, and P. Kumar, &quot;IndicNLPSuite: Monolingual Corpora, Evaluation Benchmarks and Pre-trained Multilingual Language Models for Indian Languages,&quot; in Findings of EMNLP, 2020.</note>
</biblStruct>

<biblStruct xml:id="b27">
	<analytic>
		<title level="a" type="main">Unsupervised cross-lingual representation learning at scale</title>
		<author>
			<persName><forename type="first">A</forename><surname>Conneau</surname></persName>
		</author>
		<author>
			<persName><forename type="first">K</forename><surname>Khandelwal</surname></persName>
		</author>
		<author>
			<persName><forename type="first">N</forename><surname>Goyal</surname></persName>
		</author>
		<author>
			<persName><forename type="first">V</forename><surname>Chaudhary</surname></persName>
		</author>
		<author>
			<persName><forename type="first">G</forename><surname>Wenzek</surname></persName>
		</author>
		<author>
			<persName><forename type="first">F</forename><surname>Guzmán</surname></persName>
		</author>
		<author>
			<persName><forename type="first">E</forename><surname>Grave</surname></persName>
		</author>
		<author>
			<persName><forename type="first">M</forename><surname>Ott</surname></persName>
		</author>
		<author>
			<persName><forename type="first">L</forename><surname>Zettlemoyer</surname></persName>
		</author>
		<author>
			<persName><forename type="first">V</forename><surname>Stoyanov</surname></persName>
		</author>
		<ptr target="http://arxiv.org/abs/1911.02116" />
	</analytic>
	<monogr>
		<title level="j">CoRR</title>
		<imprint>
			<date type="published" when="1911">1911.02116. 2019</date>
		</imprint>
	</monogr>
	<note type="raw_reference">A. Conneau, K. Khandelwal, N. Goyal, V. Chaudhary, G. Wenzek, F. Guzmán, E. Grave, M. Ott, L. Zettlemoyer, and V. Stoyanov, &quot;Unsupervised cross-lingual representation learning at scale,&quot; CoRR, vol. abs/1911.02116, 2019. [Online]. Available: http://arxiv.org/abs/ 1911.02116</note>
</biblStruct>

				</listBibl>
			</div>
		</back>
	</text>
</TEI>
