<?xml version="1.0" encoding="UTF-8"?>
<TEI xml:space="preserve" xmlns="http://www.tei-c.org/ns/1.0" 
xmlns:xsi="http://www.w3.org/2001/XMLSchema-instance" 
xsi:schemaLocation="http://www.tei-c.org/ns/1.0 https://raw.githubusercontent.com/kermitt2/grobid/master/grobid-home/schemas/xsd/Grobid.xsd"
 xmlns:xlink="http://www.w3.org/1999/xlink">
	<teiHeader xml:lang="en">
		<fileDesc>
			<titleStmt>
				<title level="a" type="main">Neural Paraphrase Generation using Transfer Learning</title>
			</titleStmt>
			<publicationStmt>
				<publisher/>
				<availability status="unknown"><licence/></availability>
			</publicationStmt>
			<sourceDesc>
				<biblStruct>
					<analytic>
						<author>
							<persName><forename type="first">Florin</forename><surname>Brad</surname></persName>
							<email>fbrad@bitdefender.com</email>
							<affiliation key="aff0">
								<address>
									<settlement>Bitdefender</settlement>
									<country key="RO">Romania</country>
								</address>
							</affiliation>
						</author>
						<author>
							<persName><forename type="first">Traian</forename><surname>Rebedea</surname></persName>
							<email>traian.rebedea@cs.pub.ro</email>
							<affiliation key="aff1">
								<orgName type="institution">University Politehnica of Bucharest</orgName>
							</affiliation>
						</author>
						<title level="a" type="main">Neural Paraphrase Generation using Transfer Learning</title>
					</analytic>
					<monogr>
						<imprint>
							<date/>
						</imprint>
					</monogr>
					<idno type="MD5">DFF6AA6601EEB66FA843BAE2CE75B7D9</idno>
				</biblStruct>
			</sourceDesc>
		</fileDesc>
		<encodingDesc>
			<appInfo>
				<application version="0.7.3-SNAPSHOT" ident="GROBID" when="2023-01-12T09:08+0000">
					<desc>GROBID - A machine learning software for extracting information from scholarly documents</desc>
					<ref target="https://github.com/kermitt2/grobid"/>
				</application>
			</appInfo>
		</encodingDesc>
		<profileDesc>
			<abstract>
<div xmlns="http://www.tei-c.org/ns/1.0"><p>Progress in statistical paraphrase generation has been hindered for a long time by the lack of large monolingual parallel corpora. In this paper, we adapt the neural machine translation approach to paraphrase generation and perform transfer learning from the closely related task of entailment generation. We evaluate the model on the Microsoft Research Paraphrase (MSRP) corpus and show that the model is able to generate sentences that capture part of the original meaning, but fails to pick up on important words or to show large lexical variation.</p></div>
			</abstract>
		</profileDesc>
	</teiHeader>
	<text xml:lang="en">
		<body>
<div xmlns="http://www.tei-c.org/ns/1.0"><head n="1">Introduction</head><p>Paraphrase generation is the problem of restating a given sentence such that its overall meaning is preserved. This can be seen as a task useful in and of itself or it can serve in proxy applications such as sentence summarization, sentence simplification, question expansion in question answering or rephrasing utterances generated by a conversational agent.</p><p>Paraphrase generation has been previously treated as a monolingual machine translation (MT) problem <ref type="bibr" target="#b15">(Quirk et al., 2004;</ref><ref type="bibr" target="#b7">Finch et al., 2004)</ref>. Lately, Neural Machine Translation (NMT) has revived interest in statistical machine translation through the use of sequence-to-sequence (SEQ2SEQ) models that learn to maximize the probability of a sentence in a target language, given a sentence in a source language <ref type="bibr" target="#b4">(Cho et al., 2014;</ref><ref type="bibr" target="#b16">Sutskever et al., 2014)</ref>. The SEQ2SEQ model is composed of an encoder that recurrently consumes the words in the source sentence and a decoder that sequentially predicts words in the target sentence, conditioned on the encoder's last hidden state and the previously translated words. This model was later improved by using an attention mechanism <ref type="bibr" target="#b1">(Bahdanau et al., 2014)</ref> that allowed the decoder to focus on the relevant words from the source sentence.</p><p>NMT can then be used for paraphrase generation by maximizing the probability P (Y |Y ), where (Y, Y ) is a pair of paraphrases. While parallel corpora are abundantly available for machine translation, paraphrase corpora featuring pairs of complex sentences are prohibitively small for training large models. We propose to overcome this aspect by performing transfer learning from a similar task -entailment generation, which is facilitated by the large number of entailment pairs featured in the Stanford Natural Language Inference <ref type="bibr">(Bowman et al., 2015, SNLI)</ref> corpus.</p></div>
<div xmlns="http://www.tei-c.org/ns/1.0"><head n="2">Related Work</head><p>Paraphrase generation has been recently explored as a statistical machine translation problem in a neural setting. <ref type="bibr" target="#b14">Prakash et al. (2016)</ref> used a stacked-LSTM (Long Short-Term Memory) SEQ2SEQ network with residual connections and demonstrated strong performance over the simple and attentionenhanced SEQ2SEQ models. They report superior scores on several datasets: the Paraphrase Database corpus <ref type="bibr">(Ganitkevitch et al., 2013, PPDB)</ref>, captions from Common Objects in Context <ref type="bibr">(Lin et al., 2014, MSCOCO)</ref>, and question pairs from WikiAnswers <ref type="bibr" target="#b6">(Fader et al., 2013)</ref>. <ref type="bibr" target="#b11">Mallinson et al. (2017)</ref> adapt the NMT architecture to incorporate bilingual pivoting and report improvements over the baseline in simi-larity prediction, paraphrase identification as well as paraphrase generation.</p><p>Our work is different in that we focus on transfer learning to improve performance, using state of the art neural models employed mainly for machine translation.</p><p>Transfer learning has been recently investigated by <ref type="bibr" target="#b12">Mou et al. (2016)</ref>, who distinguish two settings: semantically equivalent transfer (where both source and target tasks are natural language inference) and semantically different transfer (where the source task is natural language inference and the target task is paraphrase detection). They report increased performance only in the former setting. <ref type="bibr" target="#b17">Zoph et al. (2016)</ref> train a parent model on a highresource language pair (such as English-French) in order to improve low-resource language pairs. They manage to improve the baseline with an average 5.6 BLEU points.</p></div>
<div xmlns="http://www.tei-c.org/ns/1.0"><head n="3">Experiments</head><p>Paraphrases can be seen as mostly bidirectional textual entailments (Androutsopoulos and Malakasiotis, 2010). Sentential paraphrase corpora are prohibitively small for training large neural networks, but textual entailment corpora are quite large thanks to the SNLI dataset. Our aim is to exploit this situation by performing transfer learning from the entailment generation (EG) task (given sentence S, generate sentence T that can be inferred from S) to the paraphrase generation (PG) task. We also fine-tune the weights on the larger PPDB corpus before transferring to the Microsoft Research Paraphrase Corpus <ref type="bibr">(Dolan and Brockett, 2005, MSRP)</ref>, used for the paraphrase detection task. In addition, we also test the multiple transfer in reverse order.</p></div>
<div xmlns="http://www.tei-c.org/ns/1.0"><head n="3.1">Model</head><p>We use the state of the art SEQ2SEQ models with attention 1 , described in <ref type="bibr" target="#b10">Luong et al. (2015)</ref>. We train a 2-layer LSTM with 2000 hidden units and word embeddings of size 1000.</p></div>
<div xmlns="http://www.tei-c.org/ns/1.0"><head n="3.2">Datasets</head><p>We use the MSRP and PPDB datasets featuring paraphrase pairs and the SNLI dataset featuring tex- tual entailments. We discard the negative examples from the MSRP dataset. We discard the neutral and contradiction examples and only keep entailment pairs from the SNLI corpus. We also use the small (XS) phrasal subset of the PPDB dataset, due to its higher-scoring pairs as compared to the other variants of PPDB. We also augmented all datasets with the inverse pair (Y, X) for each pair of sentences (X, Y ) -this approach is completely justified for paraphrases, but it also makes sense for SNLI if we treat an entailment pair just as a paraphrase pair.</p><p>The MSRP dataset is small, but it features long sentences with lots of numbers and proper nouns, which is rather problematic when predicting words from fixed-size vocabularies. The PPDB dataset contains a large number of short, but high-quality paraphrase pairs. We hypothesize that the SNLI entailments could prove useful in paraphrase generation, due to the large lexical overlap between the premise and the hypothesis.</p><p>An overview of the datasets and their train/validation/test sizes is shown in Table <ref type="table" target="#tab_0">1</ref>.</p></div>
<div xmlns="http://www.tei-c.org/ns/1.0"><head n="3.3">Transfer learning</head><p>In order to perform transfer learning in scenarios of type X −→ Y , where X and Y are two datasets for the same or different tasks, we follow the next steps. We train the SEQ2SEQ models on dataset X, keeping the configuration with the lowest perplexity on the validation set of X. We then transfer the parameters to a new model that are retrained on dataset Y.</p><p>Transfer learning in scenarios of type X −→ Y −→ Z is similar to the process described above, but with the additional transfer from task/dataset Y to task/dataset Z.</p><p>All models are compared with the MSRP baseline, where a SEQ2SEQ model is trained on the MSRP training set alone.  </p></div>
<div xmlns="http://www.tei-c.org/ns/1.0"><head n="3.4">Training</head><p>All models are trained using stochastic gradient descent (SGD), with a learning rate decay of 0.5 if the validation perplexity does not decrease on consecutive epochs. The models are trained for 20 epochs each. We perform early stopping by keeping the configurations with the lowest perplexity on the validation set.</p></div>
<div xmlns="http://www.tei-c.org/ns/1.0"><head n="3.5">Evaluation</head><p>To generate paraphrases, we use beam-search with a beam size of 5. We report the BLEU score <ref type="bibr" target="#b13">(Papineni et al., 2002)</ref> and the perplexity of the reconstructed sentences for the MSRP test corpus. Although no standard metric has proved conclusive for evaluating paraphrase generation, BLEU score has been shown to correlate fairly well with human judgements (Chen and Dolan, 2011), especially when more references are being used. We also plot the perplexity on the training and validations sets of different transfer scenarios. </p></div>
<div xmlns="http://www.tei-c.org/ns/1.0"><head>Transfer learning improves perplexity and BLEU score</head><p>In Figure <ref type="figure" target="#fig_0">1</ref> we notice that transferring from the PPDB paraphrases yields lower perplexities than from the SNLI entailments. Not surprisingly, the additional transfer further lowers perplexity. However, Figure <ref type="figure" target="#fig_1">2</ref> shows that perplexity is slightly lower when transferring from entailments through additional paraphrases than the other way around.</p><p>The higher BLEU scores in Table <ref type="table">2</ref> also seem to correlate well with the lower validation perplexities, with SNLI −→ PPDB −→ MSRP proving to be the best transfer setting. One possible explanation is that entailment pairs have a stronger lexical, but a weaker semantic overlap. Then phrasal (multi-word) paraphrases from PPDB are used to improve the semantic equivalence needed for paraphrasing. We turn to qualitative analysis, where we generate sentences using the SNLI −→ PPDB −→ MSRP model. <ref type="table">3</ref> show that the model is able to restate parts of the input sentences, but fails to retain the whole meaning.</p></div>
<div xmlns="http://www.tei-c.org/ns/1.0"><head n="4.2">Qualitative results</head></div>
<div xmlns="http://www.tei-c.org/ns/1.0"><head>Results in Table</head><p>In the first two examples, the models drops the proper names and the description following the dialogue. The second example shows little variation in the input sentence. The third example reflects a more diverse vocabulary, but again suffers from dropping parts of the input. The fourth example re-</p></div>
<div xmlns="http://www.tei-c.org/ns/1.0"><head>Source sentence</head></div>
<div xmlns="http://www.tei-c.org/ns/1.0"><head>Decoded sentence</head><p>Target sentence current chief operating officer mike butcher and group chief financial officer alex arena will report to so the chief executive officer and chief financial officer to report to so .</p><p>pccw ' s chief operating officer , mike butcher , and alex arena , the chief financial officer , will report directly to mr so .</p><p>" there ' s no reason for you to keep your skills up , " the judge told the convicted crack cocaine kingpin .</p><p>" there is no reason for you to keep your skills up . " " there ' s no reason for you to keep your skills up , " u . s . district judge j . frederick motz told mcgriff after he was sentenced .</p><p>those reports were denied by the interior minister , prince nayef .</p><p>such reports were refused by internal affairs .</p><p>however , the saudi interior minister , prince nayef , denied the reports .</p><p>the letter bomb sent to prodi exploded in his hands but he was unhurt .</p><p>the letter was sent to prodi in his hand but he was surrounded .</p><p>it exploded in his hands , but the former italian prime minister was unhurt .</p><p>Table <ref type="table">3</ref>: Four examples of source sentences from the MSRP test set, along with the decoded and the target sentences tains part of the original meaning, but doesn't contain important words such as 'bomb' and 'exploded'.</p><p>The truncation effect may be due to training on the entailment pairs, because most of the hypotheses featured in the SNLI dataset are shorter than the premises.</p><p>Also, without a copying mechanism, it is challenging for SEQ2SEQ models to predict proper names, especially if they are rare or out of training vocabulary.</p></div>
<div xmlns="http://www.tei-c.org/ns/1.0"><head n="5">Conclusions and future work</head><p>In this paper, we investigated the use of SEQ2SEQ neural models for paraphrase generation. The major limitation in training such models is the shortage of corpora with (complex) sentential paraphrases, which we overcame by performing transfer learning, first using textual entailment and then phrasal paraphrase pairs.</p><p>We showed that transfer learning improves the BLEU score of the generated paraphrases in all transfer settings and that transfer works best when transferring entailments to short paraphrases and then to the longer paraphrases from the MSRP corpus.</p><p>Qualitative results showed promising results, with the model being able to restate parts of the input sentence fairly well. Further areas of research should address the lexical variety and should look into incorporating copying mechanism into the network so that rare or unknown words are picked up during paraphrasing.</p></div><figure xmlns="http://www.tei-c.org/ns/1.0" xml:id="fig_0"><head>Figure 1 :</head><label>1</label><figDesc>Figure 1: Perplexities with direct transfer</figDesc><graphic coords="3,72.00,54.99,226.80,156.31" type="bitmap" /></figure>
<figure xmlns="http://www.tei-c.org/ns/1.0" xml:id="fig_1"><head>Figure 2 :</head><label>2</label><figDesc>Figure 2: Perplexities with one-hop transfer</figDesc><graphic coords="3,313.20,54.99,226.80,156.31" type="bitmap" /></figure>
<figure xmlns="http://www.tei-c.org/ns/1.0" type="table" xml:id="tab_0"><head>Table 1 :</head><label>1</label><figDesc>Datasets statistics (number of pairs)</figDesc><table><row><cell>Dataset</cell><cell cols="2">Train Validation</cell><cell>Test</cell></row><row><cell>MSRP</cell><cell>3,854</cell><cell cols="2">1,652 2,294</cell></row><row><cell cols="2">PPDB(XS) 457,000</cell><cell>114,888</cell><cell>-</cell></row><row><cell>SNLI</cell><cell>183,416</cell><cell cols="2">3,329 3,368</cell></row></table><note>1 https://github.com/harvardnlp/seq2seq-attn</note></figure>
		</body>
		<back>
			<div type="references">

				<listBibl>

<biblStruct xml:id="b0">
	<analytic>
		<title level="a" type="main">A survey of paraphrasing and textual entailment methods</title>
	</analytic>
	<monogr>
		<title level="j">Journal of Artificial Intelligence Research</title>
		<imprint>
			<biblScope unit="volume">38</biblScope>
			<biblScope unit="page" from="135" to="187" />
			<date type="published" when="2010">2010</date>
		</imprint>
	</monogr>
	<note>Ion Androutsopoulos and Prodromos Malakasiotis</note>
	<note type="raw_reference">Ion Androutsopoulos and Prodromos Malakasiotis. 2010. A survey of paraphrasing and textual entailment methods. Journal of Artificial Intelligence Research, 38:135-187.</note>
</biblStruct>

<biblStruct xml:id="b1">
	<monogr>
		<title level="m" type="main">Neural machine translation by jointly learning to align and translate</title>
		<author>
			<persName><forename type="first">Dzmitry</forename><surname>Bahdanau</surname></persName>
		</author>
		<author>
			<persName><forename type="first">Kyunghyun</forename><surname>Cho</surname></persName>
		</author>
		<author>
			<persName><forename type="first">Yoshua</forename><surname>Bengio</surname></persName>
		</author>
		<idno>CoRR, abs/1409.0473</idno>
		<imprint>
			<date type="published" when="2014">2014</date>
		</imprint>
	</monogr>
	<note type="raw_reference">Dzmitry Bahdanau, Kyunghyun Cho, and Yoshua Ben- gio. 2014. Neural machine translation by jointly learning to align and translate. CoRR, abs/1409.0473.</note>
</biblStruct>

<biblStruct xml:id="b2">
	<monogr>
		<title level="m" type="main">A large annotated corpus for learning natural language inference</title>
		<author>
			<persName><forename type="first">R</forename><surname>Samuel</surname></persName>
		</author>
		<author>
			<persName><forename type="first">Gabor</forename><surname>Bowman</surname></persName>
		</author>
		<author>
			<persName><forename type="first">Christopher</forename><surname>Angeli</surname></persName>
		</author>
		<author>
			<persName><forename type="first">Christopher</forename><forename type="middle">D</forename><surname>Potts</surname></persName>
		</author>
		<author>
			<persName><surname>Manning</surname></persName>
		</author>
		<idno>CoRR, abs/1508.05326</idno>
		<imprint>
			<date type="published" when="2015">2015</date>
		</imprint>
	</monogr>
	<note type="raw_reference">Samuel R. Bowman, Gabor Angeli, Christopher Potts, and Christopher D. Manning. 2015. A large annotated corpus for learning natural language inference. CoRR, abs/1508.05326.</note>
</biblStruct>

<biblStruct xml:id="b3">
	<analytic>
		<title level="a" type="main">Collecting Highly Parallel Data for Paraphrase Evaluation</title>
		<author>
			<persName><forename type="first">D</forename></persName>
		</author>
		<author>
			<persName><forename type="first">Chen</forename></persName>
		</author>
		<author>
			<persName><forename type="first">W B</forename><surname>Dolan</surname></persName>
		</author>
	</analytic>
	<monogr>
		<title level="m">Proceedings of the 49th Annual Meeting of the Association for Computational Linguistics</title>
				<meeting>the 49th Annual Meeting of the Association for Computational Linguistics</meeting>
		<imprint>
			<date type="published" when="2011">2011</date>
			<biblScope unit="page" from="190" to="200" />
		</imprint>
	</monogr>
	<note type="raw_reference">D L Chen and W B Dolan. 2011. Collecting Highly Par- allel Data for Paraphrase Evaluation. Proceedings of the 49th Annual Meeting of the Association for Com- putational Linguistics, pages 190-200.</note>
</biblStruct>

<biblStruct xml:id="b4">
	<analytic>
		<title level="a" type="main">Learning Phrase Representations using RNN Encoder-Decoder for Statistical Machine Translation</title>
		<author>
			<persName><forename type="first">Kyunghyun</forename><surname>Cho</surname></persName>
		</author>
		<author>
			<persName><forename type="first">Bart</forename><surname>Van Merrienboer</surname></persName>
		</author>
		<author>
			<persName><forename type="first">Caglar</forename><surname>Gulcehre</surname></persName>
		</author>
		<author>
			<persName><forename type="first">Dzmitry</forename><surname>Bahdanau</surname></persName>
		</author>
		<author>
			<persName><forename type="first">Fethi</forename><surname>Bougares</surname></persName>
		</author>
		<author>
			<persName><forename type="first">Holger</forename><surname>Schwenk</surname></persName>
		</author>
		<author>
			<persName><forename type="first">Yoshua</forename><surname>Bengio</surname></persName>
		</author>
	</analytic>
	<monogr>
		<title level="m">Proceedings of the 2014 Conference on Empirical Methods in Natural Language Processing (EMNLP)</title>
				<meeting>the 2014 Conference on Empirical Methods in Natural Language Processing (EMNLP)</meeting>
		<imprint>
			<date type="published" when="2014">2014</date>
			<biblScope unit="page" from="1724" to="1734" />
		</imprint>
	</monogr>
	<note type="raw_reference">Kyunghyun Cho, Bart van Merrienboer, Caglar Gulcehre, Dzmitry Bahdanau, Fethi Bougares, Holger Schwenk, and Yoshua Bengio. 2014. Learning Phrase Repre- sentations using RNN Encoder-Decoder for Statistical Machine Translation. Proceedings of the 2014 Confer- ence on Empirical Methods in Natural Language Pro- cessing (EMNLP), pages 1724-1734.</note>
</biblStruct>

<biblStruct xml:id="b5">
	<analytic>
		<title level="a" type="main">Automatically Constructing a Corpus of Sentential Paraphrases</title>
		<author>
			<persName><forename type="first">William</forename><forename type="middle">B</forename><surname>Dolan</surname></persName>
		</author>
		<author>
			<persName><forename type="first">Chris</forename><surname>Brockett</surname></persName>
		</author>
	</analytic>
	<monogr>
		<title level="m">Proceedings of the Third International Workshop on Paraphrasing (IWP2005)</title>
				<meeting>the Third International Workshop on Paraphrasing (IWP2005)</meeting>
		<imprint>
			<date type="published" when="2005">2005</date>
			<biblScope unit="page" from="9" to="16" />
		</imprint>
	</monogr>
	<note type="raw_reference">William B. Dolan and Chris Brockett. 2005. Automati- cally Constructing a Corpus of Sentential Paraphrases. Proceedings of the Third International Workshop on Paraphrasing (IWP2005), pages 9-16.</note>
</biblStruct>

<biblStruct xml:id="b6">
	<analytic>
		<title level="a" type="main">Paraphrase-Driven Learning for Open Question Answering</title>
		<author>
			<persName><forename type="first">Anthony</forename><surname>Fader</surname></persName>
		</author>
		<author>
			<persName><forename type="first">Luke</forename><surname>Zettlemoyer</surname></persName>
		</author>
		<author>
			<persName><forename type="first">Oren</forename><surname>Etzioni</surname></persName>
		</author>
	</analytic>
	<monogr>
		<title level="j">Acl</title>
		<imprint>
			<biblScope unit="page" from="1608" to="1618" />
			<date type="published" when="2013">2013</date>
		</imprint>
	</monogr>
	<note type="raw_reference">Anthony Fader, Luke Zettlemoyer, and Oren Etzioni. 2013. Paraphrase-Driven Learning for Open Question Answering. Acl, pages 1608-1618.</note>
</biblStruct>

<biblStruct xml:id="b7">
	<analytic>
		<title level="a" type="main">Paraphrasing as machine translation</title>
		<author>
			<persName><forename type="first">Andrew</forename><surname>Finch</surname></persName>
		</author>
		<author>
			<persName><forename type="first">Taro</forename><surname>Watanabe</surname></persName>
		</author>
		<author>
			<persName><forename type="first">Yasuhiro</forename><surname>Akiba</surname></persName>
		</author>
		<author>
			<persName><forename type="first">Eiichiro</forename><surname>Sumita</surname></persName>
		</author>
	</analytic>
	<monogr>
		<title level="j">Journal of Natural Language Processing</title>
		<imprint>
			<biblScope unit="volume">11</biblScope>
			<biblScope unit="issue">5</biblScope>
			<biblScope unit="page" from="87" to="111" />
			<date type="published" when="2004">2004</date>
		</imprint>
	</monogr>
	<note type="raw_reference">Andrew Finch, Taro Watanabe, Yasuhiro Akiba, and Eiichiro Sumita. 2004. Paraphrasing as machine translation. Journal of Natural Language Processing, 11(5):87-111.</note>
</biblStruct>

<biblStruct xml:id="b8">
	<monogr>
		<title level="m" type="main">PPDB: the paraphrase database</title>
		<author>
			<persName><forename type="first">Juri</forename><surname>Ganitkevitch</surname></persName>
		</author>
		<author>
			<persName><forename type="first">Benjamin</forename><surname>Van Durme</surname></persName>
		</author>
		<author>
			<persName><forename type="first">Chris</forename><surname>Callison-Burch</surname></persName>
		</author>
		<imprint>
			<date type="published" when="2013">2013</date>
			<biblScope unit="page" from="758" to="764" />
		</imprint>
	</monogr>
	<note type="raw_reference">Juri Ganitkevitch, Benjamin Van Durme, and Chris Callison-Burch. 2013. PPDB: the paraphrase database. pages 758-764.</note>
</biblStruct>

<biblStruct xml:id="b9">
	<monogr>
		<author>
			<persName><forename type="first">Tsung-Yi</forename><surname>Lin</surname></persName>
		</author>
		<author>
			<persName><forename type="first">Michael</forename><surname>Maire</surname></persName>
		</author>
		<author>
			<persName><forename type="first">Serge</forename><surname>Belongie</surname></persName>
		</author>
		<author>
			<persName><forename type="first">D</forename><surname>Lubomir</surname></persName>
		</author>
		<author>
			<persName><forename type="first">Ross</forename><forename type="middle">B</forename><surname>Bourdev</surname></persName>
		</author>
		<author>
			<persName><surname>Girshick</surname></persName>
		</author>
		<author>
			<persName><forename type="first">Pietro</forename><surname>Hays</surname></persName>
		</author>
		<author>
			<persName><forename type="first">Deva</forename><surname>Perona</surname></persName>
		</author>
		<author>
			<persName><forename type="first">Piotr</forename><surname>Ramanan</surname></persName>
		</author>
		<author>
			<persName><forename type="first">Lawrence</forename><surname>Dollár</surname></persName>
		</author>
		<author>
			<persName><surname>Zitnick</surname></persName>
		</author>
		<idno>{arXiv}:1405.0312</idno>
		<title level="m">Microsoft {COCO:} Common Objects in Context</title>
				<imprint>
			<date type="published" when="2014">2014</date>
			<biblScope unit="page" from="740" to="755" />
		</imprint>
	</monogr>
	<note type="raw_reference">Tsung-Yi Lin, Michael Maire, Serge Belongie, Lubomir D Bourdev, Ross B Girshick, Hays, Pietro Perona, Deva Ramanan, Piotr Dollár, and C Lawrence Zitnick. 2014. Microsoft {COCO:} Common Objects in Context. {arXiv}:1405.0312, pages 740-755.</note>
</biblStruct>

<biblStruct xml:id="b10">
	<monogr>
		<title level="m" type="main">Effective approaches to attention-based neural machine translation</title>
		<author>
			<persName><forename type="first">Minh-Thang</forename><surname>Luong</surname></persName>
		</author>
		<author>
			<persName><forename type="first">Hieu</forename><surname>Pham</surname></persName>
		</author>
		<author>
			<persName><forename type="first">Christopher</forename><forename type="middle">D</forename><surname>Manning</surname></persName>
		</author>
		<idno>CoRR, abs/1508.04025</idno>
		<imprint>
			<date type="published" when="2015">2015</date>
		</imprint>
	</monogr>
	<note type="raw_reference">Minh-Thang Luong, Hieu Pham, and Christopher D. Manning. 2015. Effective approaches to attention-based neural machine translation. CoRR, abs/1508.04025.</note>
</biblStruct>

<biblStruct xml:id="b11">
	<analytic>
		<title level="a" type="main">Paraphrasing revisited with neural machine translation</title>
		<author>
			<persName><forename type="first">Jonathan</forename><surname>Mallinson</surname></persName>
		</author>
		<author>
			<persName><forename type="first">Rico</forename><surname>Sennrich</surname></persName>
		</author>
		<author>
			<persName><forename type="first">Mirella</forename><surname>Lapata</surname></persName>
		</author>
	</analytic>
	<monogr>
		<title level="m">Proceedings of the 15th Conference of the European Chapter of the Association for Computational Linguistics</title>
		<title level="s">Long Papers</title>
		<meeting>the 15th Conference of the European Chapter of the Association for Computational Linguistics<address><addrLine>Valencia, Spain</addrLine></address></meeting>
		<imprint>
			<publisher>Association for Computational Linguistics</publisher>
			<date type="published" when="2017-04">2017. April</date>
			<biblScope unit="volume">1</biblScope>
			<biblScope unit="page" from="881" to="893" />
		</imprint>
	</monogr>
	<note type="raw_reference">Jonathan Mallinson, Rico Sennrich, and Mirella Lap- ata. 2017. Paraphrasing revisited with neural machine translation. In Proceedings of the 15th Conference of the European Chapter of the Association for Computa- tional Linguistics: Volume 1, Long Papers, pages 881- 893, Valencia, Spain, April. Association for Computa- tional Linguistics.</note>
</biblStruct>

<biblStruct xml:id="b12">
	<monogr>
		<title level="m" type="main">How transferable are neural networks in NLP applications</title>
		<author>
			<persName><forename type="first">Lili</forename><surname>Mou</surname></persName>
		</author>
		<author>
			<persName><forename type="first">Zhao</forename><surname>Meng</surname></persName>
		</author>
		<author>
			<persName><forename type="first">Rui</forename><surname>Yan</surname></persName>
		</author>
		<author>
			<persName><forename type="first">Ge</forename><surname>Li</surname></persName>
		</author>
		<author>
			<persName><forename type="first">Yan</forename><surname>Xu</surname></persName>
		</author>
		<author>
			<persName><forename type="first">Lu</forename><surname>Zhang</surname></persName>
		</author>
		<author>
			<persName><forename type="first">Zhi</forename><surname>Jin</surname></persName>
		</author>
		<imprint>
			<date type="published" when="2016">2016</date>
			<biblScope unit="page" from="479" to="489" />
		</imprint>
	</monogr>
	<note type="raw_reference">Lili Mou, Zhao Meng, Rui Yan, Ge Li, Yan Xu, Lu Zhang, and Zhi Jin. 2016. How transferable are neural networks in NLP applications? pages 479-489.</note>
</biblStruct>

<biblStruct xml:id="b13">
	<analytic>
		<title level="a" type="main">Bleu: A method for automatic evaluation of machine translation</title>
		<author>
			<persName><forename type="first">Kishore</forename><surname>Papineni</surname></persName>
		</author>
		<author>
			<persName><forename type="first">Salim</forename><surname>Roukos</surname></persName>
		</author>
		<author>
			<persName><forename type="first">Todd</forename><surname>Ward</surname></persName>
		</author>
		<author>
			<persName><forename type="first">Wei-Jing</forename><surname>Zhu</surname></persName>
		</author>
	</analytic>
	<monogr>
		<title level="m">Proceedings of the 40th Annual Meeting on Association for Computational Linguistics, ACL &apos;02</title>
				<meeting>the 40th Annual Meeting on Association for Computational Linguistics, ACL &apos;02<address><addrLine>Stroudsburg, PA, USA</addrLine></address></meeting>
		<imprint>
			<date type="published" when="2002">2002</date>
			<biblScope unit="page" from="311" to="318" />
		</imprint>
	</monogr>
	<note>Association for Computational Linguistics</note>
	<note type="raw_reference">Kishore Papineni, Salim Roukos, Todd Ward, and Wei- Jing Zhu. 2002. Bleu: A method for automatic evaluation of machine translation. In Proceedings of the 40th Annual Meeting on Association for Computa- tional Linguistics, ACL &apos;02, pages 311-318, Strouds- burg, PA, USA. Association for Computational Lin- guistics.</note>
</biblStruct>

<biblStruct xml:id="b14">
	<monogr>
		<title level="m" type="main">Neural Paraphrase Generation with Stacked Residual LSTM Networks</title>
		<author>
			<persName><forename type="first">Aaditya</forename><surname>Prakash</surname></persName>
		</author>
		<author>
			<persName><forename type="first">Sadid</forename><forename type="middle">A</forename><surname>Hasan</surname></persName>
		</author>
		<author>
			<persName><forename type="first">Kathy</forename><surname>Lee</surname></persName>
		</author>
		<author>
			<persName><forename type="first">Vivek</forename><surname>Datla</surname></persName>
		</author>
		<author>
			<persName><forename type="first">Ashequl</forename><surname>Qadir</surname></persName>
		</author>
		<author>
			<persName><forename type="first">Joey</forename><surname>Liu</surname></persName>
		</author>
		<author>
			<persName><forename type="first">Oladimeji</forename><surname>Farri</surname></persName>
		</author>
		<imprint>
			<date type="published" when="2016">2016</date>
			<publisher>Coling</publisher>
		</imprint>
	</monogr>
	<note type="raw_reference">Aaditya Prakash, Sadid A. Hasan, Kathy Lee, Vivek Datla, Ashequl Qadir, Joey Liu, and Oladimeji Farri. 2016. Neural Paraphrase Generation with Stacked Residual LSTM Networks. Coling.</note>
</biblStruct>

<biblStruct xml:id="b15">
	<monogr>
		<title level="m" type="main">Monolingual machine translation for paraphrase generation</title>
		<author>
			<persName><forename type="first">Chris</forename><surname>Quirk</surname></persName>
		</author>
		<author>
			<persName><forename type="first">Chris</forename><surname>Brockett</surname></persName>
		</author>
		<author>
			<persName><forename type="first">William</forename><forename type="middle">B</forename><surname>Dolan</surname></persName>
		</author>
		<imprint>
			<date type="published" when="2004">2004</date>
			<biblScope unit="page" from="142" to="149" />
		</imprint>
	</monogr>
	<note type="raw_reference">Chris Quirk, Chris Brockett, and William B. Dolan. 2004. Monolingual machine translation for paraphrase generation. pages 142-149.</note>
</biblStruct>

<biblStruct xml:id="b16">
	<analytic>
		<title level="a" type="main">Sequence to sequence learning with neural networks</title>
		<author>
			<persName><forename type="first">Ilya</forename><surname>Sutskever</surname></persName>
		</author>
		<author>
			<persName><forename type="first">Oriol</forename><surname>Vinyals</surname></persName>
		</author>
		<author>
			<persName><forename type="first">Quoc V</forename><surname>Le</surname></persName>
		</author>
	</analytic>
	<monogr>
		<title level="m">Advances in Neural Information Processing Systems (NIPS)</title>
				<imprint>
			<date type="published" when="2014">2014</date>
			<biblScope unit="page" from="3104" to="3112" />
		</imprint>
	</monogr>
	<note type="raw_reference">Ilya Sutskever, Oriol Vinyals, and Quoc V Le. 2014. Sequence to sequence learning with neural networks. Advances in Neural Information Processing Systems (NIPS), pages 3104-3112.</note>
</biblStruct>

<biblStruct xml:id="b17">
	<monogr>
		<title level="m" type="main">Transfer Learning for Low-Resource Neural Machine Translation</title>
		<author>
			<persName><forename type="first">Barret</forename><surname>Zoph</surname></persName>
		</author>
		<author>
			<persName><forename type="first">Deniz</forename><surname>Yuret</surname></persName>
		</author>
		<author>
			<persName><forename type="first">Jonathan</forename><surname>May</surname></persName>
		</author>
		<author>
			<persName><forename type="first">Kevin</forename><surname>Knight</surname></persName>
		</author>
		<imprint>
			<date type="published" when="2016">2016</date>
			<publisher>Emnlp</publisher>
			<biblScope unit="page">8</biblScope>
		</imprint>
	</monogr>
	<note type="raw_reference">Barret Zoph, Deniz Yuret, Jonathan May, and Kevin Knight. 2016. Transfer Learning for Low-Resource Neural Machine Translation. Emnlp, page 8.</note>
</biblStruct>

				</listBibl>
			</div>
		</back>
	</text>
</TEI>
