<?xml version="1.0" encoding="UTF-8"?>
<TEI xml:space="preserve" xmlns="http://www.tei-c.org/ns/1.0" 
xmlns:xsi="http://www.w3.org/2001/XMLSchema-instance" 
xsi:schemaLocation="http://www.tei-c.org/ns/1.0 https://raw.githubusercontent.com/kermitt2/grobid/master/grobid-home/schemas/xsd/Grobid.xsd"
 xmlns:xlink="http://www.w3.org/1999/xlink">
	<teiHeader xml:lang="en">
		<fileDesc>
			<titleStmt>
				<title level="a" type="main">LCHQA-Summ: Multi-perspective Summarization of Publicly Sourced Consumer Health Answers</title>
			</titleStmt>
			<publicationStmt>
				<publisher/>
				<availability status="unknown"><licence/></availability>
			</publicationStmt>
			<sourceDesc>
				<biblStruct>
					<analytic>
						<author>
							<persName><forename type="first">Asma</forename><forename type="middle">Ben</forename><surname>Abacha</surname></persName>
						</author>
						<author>
							<persName><forename type="first">Yassine</forename><surname>M'rabet</surname></persName>
						</author>
						<author>
							<persName><forename type="first">Yuhao</forename><surname>Zhang</surname></persName>
						</author>
						<author>
							<persName><forename type="first">Nestor</forename><surname>Alvaro</surname></persName>
						</author>
						<author>
							<persName><forename type="first">Mike</forename><forename type="middle">2018</forename><surname>Conway</surname></persName>
						</author>
						<author>
							<persName><forename type="first">Son</forename><surname>Doan</surname></persName>
						</author>
						<author>
							<persName><forename type="first">John</forename><surname>Lofi</surname></persName>
						</author>
						<author>
							<persName><forename type="first">Nigel</forename><surname>Overington</surname></persName>
						</author>
						<author>
							<persName><surname>Collier</surname></persName>
						</author>
						<author>
							<persName><forename type="first">Karen</forename><surname>Dunn Lopez</surname></persName>
						</author>
						<author>
							<persName><forename type="first">Camillo</forename><surname>Lu</surname></persName>
						</author>
						<author>
							<persName><forename type="first">Tamara</forename><surname>Macieira</surname></persName>
						</author>
						<author>
							<persName><roleName>Sabita</roleName><forename type="first">Vanessa</forename><surname>Sousa</surname></persName>
						</author>
						<author>
							<persName><forename type="first">Abhinaya</forename><surname>Acharya</surname></persName>
						</author>
						<author>
							<persName><surname>Balasubramanian</surname></persName>
						</author>
						<author>
							<persName><surname>Khawllah</surname></persName>
						</author>
						<author>
							<persName><forename type="first">Gail</forename><forename type="middle">M</forename><surname>Roussi</surname></persName>
						</author>
						<author>
							<persName><forename type="first">Yves</forename><forename type="middle">A</forename><surname>Keenan</surname></persName>
						</author>
						<author>
							<persName><forename type="first">Al</forename><surname>Lussier</surname></persName>
						</author>
						<author>
							<persName><forename type="first">Dina</forename><surname>Demner-Fushman</surname></persName>
						</author>
						<author>
							<persName><forename type="first">Yassine</forename><surname>Mrabet</surname></persName>
						</author>
						<author>
							<persName><forename type="first">Alexander</forename><forename type="middle">R</forename><surname>Fabbri</surname></persName>
						</author>
						<author>
							<persName><forename type="first">Irene</forename><surname>Li</surname></persName>
						</author>
						<author>
							<persName><forename type="first">Tianwei</forename><surname>She</surname></persName>
						</author>
						<author>
							<persName><forename type="first">Suyi</forename><surname>Li</surname></persName>
						</author>
						<author>
							<persName><forename type="first">Xiaojian</forename><surname>Wu</surname></persName>
						</author>
						<author>
							<persName><forename type="first">Srini</forename><surname>Iyer</surname></persName>
						</author>
						<author>
							<persName><forename type="first">Mike</forename><surname>Lewis</surname></persName>
						</author>
						<author>
							<persName><forename type="first">Yinhan</forename><surname>Liu</surname></persName>
						</author>
						<author>
							<persName><roleName>Marjan</roleName><forename type="first">Naman</forename><surname>Goyal</surname></persName>
						</author>
						<author>
							<persName><forename type="first">Abdelrahman</forename><surname>Ghazvininejad</surname></persName>
						</author>
						<author>
							<persName><forename type="first">Omer</forename><surname>Mohamed</surname></persName>
						</author>
						<author>
							<persName><surname>Levy</surname></persName>
						</author>
						<author>
							<persName><forename type="first">Yuanjie</forename><surname>Liu</surname></persName>
						</author>
						<author>
							<persName><forename type="first">Shasha</forename><surname>Li</surname></persName>
						</author>
						<author>
							<persName><forename type="first">Yunbo</forename><surname>Cao</surname></persName>
						</author>
						<author>
							<persName><forename type="first">Chin-Yew</forename><surname>Lin</surname></persName>
						</author>
						<author>
							<persName><forename type="first">Helen</forename><surname>Chen</surname></persName>
						</author>
						<author>
							<persName><forename type="first">Alexander</forename><surname>Wong</surname></persName>
						</author>
						<author>
							<persName><surname>Umls</surname></persName>
						</author>
						<author>
							<persName><forename type="first">Khalil</forename><surname>Mrini</surname></persName>
						</author>
						<author>
							<persName><forename type="first">Franck</forename><surname>Dernoncourt</surname></persName>
						</author>
						<author>
							<persName><forename type="first">Seunghyun</forename><surname>Yoon</surname></persName>
						</author>
						<author>
							<persName><forename type="first">Albert</forename><surname>Park</surname></persName>
						</author>
						<author>
							<persName><surname>Tracking</surname></persName>
						</author>
						<author>
							<persName><forename type="first">Colin</forename><surname>Raffel</surname></persName>
						</author>
						<author>
							<persName><forename type="first">Noam</forename><surname>Shazeer</surname></persName>
						</author>
						<author>
							<persName><forename type="first">Adam</forename><surname>Roberts</surname></persName>
						</author>
						<author>
							<persName><forename type="first">Kather- 239 Ine</forename><surname>Lee</surname></persName>
						</author>
						<author>
							<persName><forename type="first">Sharan</forename><surname>Narang</surname></persName>
						</author>
						<author>
							<persName><forename type="first">Michael</forename><surname>Matena</surname></persName>
						</author>
						<author>
							<persName><surname>Yanqi</surname></persName>
						</author>
						<author>
							<persName><forename type="first">Wei</forename><surname>Zhou</surname></persName>
						</author>
						<author>
							<persName><forename type="first">Peter</forename><forename type="middle">J</forename><surname>Li</surname></persName>
						</author>
						<author>
							<persName><surname>Liu</surname></persName>
						</author>
						<author>
							<persName><forename type="first">Stephen</forename><forename type="middle">E</forename><surname>Robertson</surname></persName>
						</author>
						<author>
							<persName><forename type="first">Steve</forename><surname>Walker</surname></persName>
						</author>
						<author>
							<persName><forename type="first">Susan</forename><surname>Jones</surname></persName>
						</author>
						<author>
							<persName><forename type="first">Micheline</forename><surname>Hancock-Beaulieu</surname></persName>
						</author>
						<author>
							<affiliation key="aff0">
								<address>
									<addrLine>156 Chaitanya Shivade, Curtis Langlotz</addrLine>
									<country>and Dina</country>
								</address>
							</affiliation>
						</author>
						<author>
							<affiliation key="aff1">
								<address>
									<addrLine>165 biomedical informatics</addrLine>
									<postCode>58</postCode>
								</address>
							</affiliation>
						</author>
						<author>
							<affiliation key="aff2">
								<orgName type="department">174 Ilias Chalkidis</orgName>
								<address>
									<addrLine>Sotiris Kotitsas</addrLine>
									<settlement>Manos Fergadiotis</settlement>
									<country>Pro</country>
								</address>
							</affiliation>
						</author>
						<author>
							<affiliation key="aff3">
								<address>
									<postCode>208</postCode>
								</address>
							</affiliation>
						</author>
						<author>
							<affiliation key="aff4">
								<address>
									<addrLine>Yuanxin Wang</addrLine>
									<postCode>214</postCode>
									<settlement>George Michalopoulos, Hussam Kaka</settlement>
								</address>
							</affiliation>
						</author>
						<author>
							<affiliation key="aff5">
								<address>
									<addrLine>224 Trung Bui, Walter Chang, Emilia Farcas</addrLine>
									<country>and Ndapa</country>
								</address>
							</affiliation>
						</author>
						<author>
							<affiliation key="aff6">
								<orgName type="department">246 In</orgName>
							</affiliation>
						</author>
						<author>
							<affiliation key="aff7">
								<orgName type="department">Max Savery</orgName>
								<address>
									<settlement>Asma Ben Abacha, Soumya Gayen</settlement>
								</address>
							</affiliation>
						</author>
						<title level="a" type="main">LCHQA-Summ: Multi-perspective Summarization of Publicly Sourced Consumer Health Answers</title>
					</analytic>
					<monogr>
						<imprint>
							<date/>
						</imprint>
					</monogr>
					<idno type="MD5">46728175BEBCF7E470F334BAEBCB3217</idno>
					<idno type="arXiv">arXiv:2104.08536.198</idno>
				</biblStruct>
			</sourceDesc>
		</fileDesc>
		<encodingDesc>
			<appInfo>
				<application version="0.7.3-SNAPSHOT" ident="GROBID" when="2023-01-12T08:44+0000">
					<desc>GROBID - A machine learning software for extracting information from scholarly documents</desc>
					<ref target="https://github.com/kermitt2/grobid"/>
				</application>
			</appInfo>
		</encodingDesc>
		<profileDesc>
			<abstract>
<div xmlns="http://www.tei-c.org/ns/1.0"><p>Community question answering forums provide a convenient platform for people to source answers to their questions including those related to healthcare from the general public. The answers to user queries are generally long and contain multiple different perspectives, redundancy or irrelevant answers. This presents a novel challenge for domain-specific concise and correct multi-answer summarization which we propose in this paper.</p><p>tive multi-document summarization approach for 042 consumer health answer summarization. We also 043 observe that these answers present several perspec-044 tives. For example, in Table 1, Answers 1 and 3 045 describe the the cause of hay fever symptoms while 046 Answer 2 shares a personal experience and possible 047 treatments. Answer 4 provides some suggestions 048 that can potentially solve the problem. This moti-049 vates us to tackle the summarization problem while</p><p>050 covering the different perspectives as done by (Fab-051 bri et al., 2021). 052 Towards this, we frame our research objectives as 053 follows: (i) Develop a novel gold standard Laymen-054 sourced Consumer Health Question Answer Sum-055 maries (LCHQA-Summ) dataset with summaries 056 covering the breadth of perspectives across vari-057 ous healthcare topics. (ii) Propose an automated 058 health answer summarization pipeline to generate 059 perspective-specific answer summaries. 060 2 Proposed Plan of Research 061 2.1 Data Collection and Annotation 062 We begin by collecting dataset from popular CQA 063 forum -Yahoo! Answers 1 . In particular, we plan to 064 use Yahoo! L6 corpus that consist of 4.5 million 065 questions across different topics, their answers and 066 metadata such as question categories, number of 067 answers, best answer, date, language etc. Since, our 068 goal is focused on consumer healthcare domain, we 069 selected the "Health" category which has 21 sub-070 categories like Allergies, Diabetes, Heart Diseases 071 and so on. It is also necessary to remove outliers 072 in terms of number of answers which can range 073 from as low as zero and as high as 2235 answers 074 in response to a single query. We finally retain 075 posts where number of answers range from 4 − 6. 076 The final data includes 77K question-answer pairs. 077 To curate a gold dataset of manually written multi-adapt a Natural Language Inference (NLI) based 126 transfer learning approach as done by (Yin et al., 127 2019) for assigning perspective labels to the sen-128 tences. Based on the performance of this method 129 we would also experiment with more refined rules 130 to improve performance across specific classes. 131 Summarization of answers: In the final stage 132 of the pipeline, we aim to propose a perspective-133 guided multi-document answer summarization ap-134 proach focusing on answer summary generation 135 conditioned over the given perspective. We plan 136 to infuse the perspective in terms of the exter-137 nal knowledge to the pre-trained encoder decoder 138 models such as BART (Lewis et al., 2020) and 139 T5 (Raffel et al., 2020) which has shown state-of-140 the-art performance on the answer summarization 141 task(Yadav et al., 2021; Mrini et al., 2021). To-142 wards this, we will begin by inducing perspective 143 information into the encoder as well as decoder to 144 train the model which incorporates the underlying 145 perspective while generating the summary. 146 3 Conclusion 147 Overall in this paper we present the novel problem 148 of multi-perspective abstractive answer summariza-149 tion from CQA forums focusing on the healthcare 150 domain. We outline a data annotation process, fol-151 lowed by a three-step approach for automatic sum-152 mary generation with a focus on the perspectives 153 present in these answers.</p></div>
			</abstract>
		</profileDesc>
	</teiHeader>
	<text xml:lang="en">
		<body>
<div xmlns="http://www.tei-c.org/ns/1.0"><head n="1">Introduction</head><p>Community Question Answering (CQA) platforms like Yahoo!Answers, Stack Exchange, Reddit, Quora, etc., are vast repositories of questionanswer pairs where common people ask questions as well as contribute answers across various domains. One such domain is healthcare. People not only seek answers from experts but also from the general public which is facilitated by these websites. The reasons for sourcing laymen contributed answers could be to avoid the use of medical jargon in the language used by the experts <ref type="bibr">(Boyd et al., 2018)</ref>, opportunity to freely express themselves <ref type="bibr">(Park and Conway, 2018)</ref> and share their experiences <ref type="bibr">(Alvaro et al., 2015)</ref>. The posts also give a fair idea of public opinion on specific health issues <ref type="bibr">(Odlum and Yoon, 2015)</ref>. However, often these answers are long-winded and irrelevant. These challenges necessitate summarization of answers in CQA forums, especially for healthcare domain which directly impacts the well-being of people.</p><p>Majority of the existing works in answer summarization is in the general domain <ref type="bibr">(Liu et al., 2008;</ref><ref type="bibr">Fabbri et al., 2019</ref><ref type="bibr">Fabbri et al., , 2021))</ref>. There has been a limited study towards summarizing answer in the healthcare domain <ref type="bibr">(Savery et al., 2020;</ref><ref type="bibr">Abacha et al., 2021;</ref><ref type="bibr">Demner-Fushman et al., 2020)</ref>, which is confined to expert sourced answers. To the best of our knowledge healthcare related question-answers from CQA forums have not been harnessed yet.</p><p>To bridge the gap, we bring forward an abstrac-Question Why are my hay fever symptoms worse early in the morning and how I can stop suffering the first two hours after I wake up? Context Allergies Answer 1</p><p>It's because the pollen counts are higher in the morning. Plants release their pollen earlier in the day, thus anyone with hayfever will find this part of the day more annoying. Answer 2 I have similar problems. When I wake up I have a stuffy nose but then in like an hour or two and I'm fine. I take Zyrtec every morning but before I go to bed I take a Benadryl and that seems to help. Answer 3</p><p>Because pollen is released early in the day, rises with the warm air and falls again in the evening. Answer 4</p><p>It may help if you wash the rid of any pollen that might be left in there. Summary Perspectives:</p><p>Perspective 1 Plants release pollen early in the day. Perspective 2</p><p>Pollen counts are higher in the morning. Perspective 3 I have similar problems for an hour or two after I wake up. Perspective 4</p><p>Taking Benadryl before bed and Zyrtec in the morning has helped me. Perspective 5</p><p>Washing your hair at night can get rid of any left-over pollen. an experience and a treatment). Given the success 122 of transfer learning along with zero-shot and few-</p></div><figure xmlns="http://www.tei-c.org/ns/1.0" type="table" xml:id="tab_0"><head>Table 1 :</head><label>1</label><figDesc>An example illustrating question, context and answers from Yahoo! L6 dataset. This is followed by an abstractive summary of the answers showcasing 5 different perspectives.</figDesc><table><row><cell>079</cell><cell>perspective abstractive summaries from the data</cell></row><row><cell>080</cell><cell>we sample a subset of the data and put forward the</cell></row><row><cell>081</cell><cell>following annotation strategy:</cell></row><row><cell></cell><cell>(1) Validate if a question is related to medical do-</cell></row><row><cell>096</cell><cell></cell></row><row><cell>097</cell><cell>describe cause of the problem, 3 and 4 narrates</cell></row><row><cell>098</cell><cell>experience as well as treatment and 5 suggests so-</cell></row><row><cell>099</cell><cell>lution.</cell></row><row><cell>100</cell><cell>2.2 Automated Summarization Pipeline</cell></row><row><cell>101</cell><cell>For obtaining system generated multi-perspective</cell></row><row><cell>102</cell><cell>summaries of consumer health answers, we devise</cell></row><row><cell>103</cell><cell>a three-step pipeline described next.</cell></row><row><cell>104 105</cell><cell>Relevant Sentence Extraction: This step is to be applied at the sentence level with the goal of</cell></row><row><cell>106</cell><cell>finding the answer sentences that are relevant to</cell></row><row><cell>107</cell><cell>the question. As a baseline we would use BM25</cell></row><row><cell>108</cell><cell>(Robertson et al., 1994) to compute relevance of</cell></row><row><cell>109</cell><cell>each answer sentence to a given question and retain</cell></row><row><cell>110</cell><cell>those with score above a threshold as relevant. A</cell></row><row><cell>111</cell><cell>similar approach is measuring semantic similarity</cell></row><row><cell></cell><cell>between the embeddings of each answer sentence</cell></row></table><note>082main or not, that is if it pertains to diseases or 083 conditions, drug or treatment, medical diagnosis 084 or therapeutic procedure, any other related medical 085 topic. This helps to weed out any irrelevant ques-086 tion, especially in more generic sub-categories like 087 "Other-Health" and "Other-Health &amp; Beauty". 088 (2) The next step is to generate abstractive multi-089 perspective summaries of answers to valid med-090 ical question. Based on our preliminary dataset 091 analysis, we have identified 6 major perspec-092 tives-information, cause, treatment, suggestion, 093 experience and clarification that describes most of 094 the consumer answers. Example of such summary 095 is shown in Table 1, where perspective 1 and 2 112 and question using cosine similarity or mutual in-113 formation. For this we propose to use Sentence-114 BERT(Reimers and Gurevych, 2019) (SBERT) and 115 UmlsBERT (Michalopoulos et al., 2021) represen-116 tations. 117 Perspective Type Identification: Allocating per-</note></figure>
			<note xmlns="http://www.tei-c.org/ns/1.0" place="foot" n="1" xml:id="foot_0">http://answers.yahoo.com 1</note>
		</body>
		<back>
			<div type="references">

				<listBibl/>
			</div>
		</back>
	</text>
</TEI>
