<?xml version="1.0" encoding="UTF-8"?>
<TEI xml:space="preserve" xmlns="http://www.tei-c.org/ns/1.0" 
xmlns:xsi="http://www.w3.org/2001/XMLSchema-instance" 
xsi:schemaLocation="http://www.tei-c.org/ns/1.0 https://raw.githubusercontent.com/kermitt2/grobid/master/grobid-home/schemas/xsd/Grobid.xsd"
 xmlns:xlink="http://www.w3.org/1999/xlink">
	<teiHeader xml:lang="en">
		<fileDesc>
			<titleStmt>
				<title level="a" type="main">Docalog: Multi-document Dialogue System using Transformer-based Span Retrieval</title>
			</titleStmt>
			<publicationStmt>
				<publisher/>
				<availability status="unknown"><licence/></availability>
			</publicationStmt>
			<sourceDesc>
				<biblStruct>
					<analytic>
						<author>
							<persName><forename type="first">Sayed</forename><surname>Hesam Alavian</surname></persName>
							<affiliation key="aff0">
								<orgName type="department">Computer Engineering Department</orgName>
								<orgName type="institution" key="instit1">AI Group</orgName>
								<orgName type="institution" key="instit2">Sharif University of Technology</orgName>
								<address>
									<settlement>Tehran</settlement>
									<country key="IR">Iran</country>
								</address>
							</affiliation>
						</author>
						<author>
							<persName><forename type="first">Ali</forename><surname>Satvaty</surname></persName>
							<affiliation key="aff0">
								<orgName type="department">Computer Engineering Department</orgName>
								<orgName type="institution" key="instit1">AI Group</orgName>
								<orgName type="institution" key="instit2">Sharif University of Technology</orgName>
								<address>
									<settlement>Tehran</settlement>
									<country key="IR">Iran</country>
								</address>
							</affiliation>
						</author>
						<author>
							<persName><forename type="first">Sadra</forename><surname>Sabouri</surname></persName>
							<affiliation key="aff1">
								<orgName type="department">Electrical Engineering Department</orgName>
								<orgName type="institution">Sharif University of Technology</orgName>
								<address>
									<settlement>Tehran</settlement>
									<country key="IR">Iran</country>
								</address>
							</affiliation>
						</author>
						<author>
							<persName><forename type="first">Ehsaneddin</forename><surname>Asgari</surname></persName>
							<email>asgari@berkeley.edu</email>
							<affiliation key="aff2">
								<orgName type="department">Data:Lab</orgName>
								<orgName type="institution" key="instit1">NLP Expert Center</orgName>
								<orgName type="institution" key="instit2">Volkswagen AG</orgName>
								<address>
									<settlement>Munich</settlement>
									<country key="DE">Germany</country>
								</address>
							</affiliation>
						</author>
						<author>
							<persName><forename type="first">Hossein</forename><surname>Sameti</surname></persName>
							<email>sameti@sharif.edu</email>
							<affiliation key="aff0">
								<orgName type="department">Computer Engineering Department</orgName>
								<orgName type="institution" key="instit1">AI Group</orgName>
								<orgName type="institution" key="instit2">Sharif University of Technology</orgName>
								<address>
									<settlement>Tehran</settlement>
									<country key="IR">Iran</country>
								</address>
							</affiliation>
						</author>
						<title level="a" type="main">Docalog: Multi-document Dialogue System using Transformer-based Span Retrieval</title>
					</analytic>
					<monogr>
						<imprint>
							<date/>
						</imprint>
					</monogr>
					<idno type="MD5">78053DEEDCBEBFEDEAF45A46856D4C4D</idno>
				</biblStruct>
			</sourceDesc>
		</fileDesc>
		<encodingDesc>
			<appInfo>
				<application version="0.7.3-SNAPSHOT" ident="GROBID" when="2023-01-12T07:23+0000">
					<desc>GROBID - A machine learning software for extracting information from scholarly documents</desc>
					<ref target="https://github.com/kermitt2/grobid"/>
				</application>
			</appInfo>
		</encodingDesc>
		<profileDesc>
			<abstract>
<div xmlns="http://www.tei-c.org/ns/1.0"><p>Information-seeking dialogue systems, including knowledge identification and response generation, aim to respond to users with fluent, coherent, and informative answers based on users' needs. This paper discusses our proposed approach, Docalog, for the DialDoc-22 (Multi-Doc2Dial) shared task. Docalog identifies the most relevant knowledge in the associated document, in a multi-document setting. Docalog, is a three-stage pipeline consisting of (1) a document retriever model (DR. TEIT), ( <ref type="formula">2</ref>) an answer span prediction model, and (3) an ultimate span picker deciding on the most likely answer span, out of all predicted spans. In the test phase of MultiDoc2Dial 2022, Docalog achieved f1scores of 36.07% and 28.44% and SacreBLEU scores of 23.70% and 20.52%, respectively on the MDD-SEEN and MDD-UNSEEN folds.</p></div>
			</abstract>
		</profileDesc>
	</teiHeader>
	<text xml:lang="en">
		<body>
<div xmlns="http://www.tei-c.org/ns/1.0"><head n="1">Introduction</head><p>Introducing a machine-generated dialogue with a human level of intelligence has been consistently among dreams of artificial intelligence with a vast number of applications in different domains, ranging from entertainment <ref type="bibr" target="#b0">(Baena-Perez et al., 2020)</ref> to healthcare systems <ref type="bibr" target="#b16">(Montenegro et al., 2019;</ref><ref type="bibr" target="#b1">Bharti et al., 2020)</ref>. In such a system, the machine has to (i) understand the flow of conversation, (ii) raise informative questions, and (iii) answer problems in different domains of interest, and in some cases it has to act as an all-knowing agent <ref type="bibr" target="#b7">(Dazeley et al., 2021)</ref>. Recent advances in NLP have made this dream closer to reality. In the last decade, the success of the neural language model in language understanding and generation has encouraged more and more contributions from both academia and industry in the area of conversational artificial intelligence <ref type="bibr" target="#b11">(Fu et al., 2020)</ref>.</p><p>The major efforts in conversational artificial intelligence can be categorized into three subareas <ref type="bibr" target="#b25">(Zaib et al., 2021)</ref>:</p><p>(i) chat-oriented systems, where the aim is to engage the users through a natural and fluent conversation <ref type="bibr" target="#b17">(Nio et al., 2014)</ref>, the examples are Alexa<ref type="foot" target="#foot_0">1</ref> , Siri<ref type="foot" target="#foot_1">2</ref> , or Cortana<ref type="foot" target="#foot_2">3</ref> ; (ii) task-oriented systems, which are designed for a particular action, such as reserving a restaurant or planning an event by understanding the conversation <ref type="bibr" target="#b24">(Yan et al., 2017)</ref>; and (iii) QA dialog systems attempting to answer the user exploiting information deducted from a collection of seen documents or a knowledge base, for instance CoQA <ref type="bibr" target="#b19">(Reddy et al., 2019)</ref>, QuAC <ref type="bibr" target="#b4">(Choi et al., 2018)</ref>. Our work in this paper also falls in the third category.</p><p>In this system paper, we present our work on the DialDoc Shared Task 2022 centered on developing a QA dialogue system. A common approach to this problem comprises two subtasks of (i) knowledge identification (KI) to retrieve the knowledge from the documents and (ii) response generation <ref type="bibr">(RG)</ref> to generate an answer based on the retrieved knowledge <ref type="bibr" target="#b10">(Feng et al., 2020b;</ref><ref type="bibr" target="#b13">Kim et al., 2021)</ref>. The multi-document scenario, meaning that the related documents have to be retrieved before the answer generation, is the main distinction between the DialDoc Shared Tasks in 2021 and 2022. To tackle this problem, we propose a three-stage pipeline, called Docalog, consisting of (1) document retriever model (DR. TEIT), (2) an answer span prediction model, a state-of-the-art transformer-based model taking single documents (DR. TEIT results) as input and outputting the answer span for every input document, and (3) an ultimate span picker deciding on the most likely answer span, out of all predicted spans in the step (2). In Multidoc2dial 2022 challenge, during the test phase, DocAlog achieved an f1-score of 36.07% and a SacreBLEU of 23.70% on the MDD-SEEN, and an f1-score of 28.44% and a SacreBLEU of 20.52% on the MDD-UNSEEN.</p></div>
<div xmlns="http://www.tei-c.org/ns/1.0"><head n="2">Related Work</head><p>The main focus of DialDoc shared tasks has been on developing task-oriented information-seeking dialogue systems, an important setting in the domain of conversational AI <ref type="bibr" target="#b9">(Feng et al., 2021)</ref>. Some of the performing models in this domain have been CAiRE <ref type="bibr" target="#b22">(Xu et al., 2021)</ref>, SCIRDT <ref type="bibr" target="#b14">(Li et al., 2021)</ref>, and RWTH <ref type="bibr" target="#b6">(Daheim et al., 2021)</ref>. The proposed approaches of CAiRE and SCIRDT utilize additional data for the augmentation of pre-trained language models in span detection, and RWTH <ref type="bibr" target="#b6">(Daheim et al., 2021)</ref> model uses neural retrievers for obtaining the most relevant document passages.</p><p>In a broader context, the major work in document-grounded dialogue modeling can be divided into the following categories: (i) QA in an unstructured content, e.g., CoQA <ref type="bibr" target="#b19">(Reddy et al., 2019)</ref>, QuAC <ref type="bibr" target="#b4">(Choi et al., 2018)</ref>, ShARC <ref type="bibr" target="#b20">(Saeidi et al., 2018</ref><ref type="bibr">), DoQA (Campos et al., 2020)</ref>, and Doc2Dial <ref type="bibr" target="#b10">(Feng et al., 2020b)</ref> (ii) QA in a semi-structured content, such as tables or lists, e.g., SQA <ref type="bibr" target="#b12">(Iyyer et al., 2017)</ref>, and HybridQA <ref type="bibr" target="#b3">(Chen et al., 2020)</ref> and thirdly (iii) QA in a multimedia content (images and videos with associated textual descriptions), e.g., RecipeQA <ref type="bibr" target="#b23">(Yagcioglu et al., 2018)</ref>, PsTuts-VQA <ref type="bibr" target="#b5">(Colas et al., 2020)</ref>, and MIMOQA <ref type="bibr" target="#b21">(Singh et al., 2021)</ref>.</p></div>
<div xmlns="http://www.tei-c.org/ns/1.0"><head n="3">Materials and Models</head></div>
<div xmlns="http://www.tei-c.org/ns/1.0"><head n="3.1">MultiDoc2Dial Shared Task Dataset</head><p>Training material used in this shared task is derived from the MultiDoc2Dial, a new dataset constructed based on Doc2Dial dataset V1.0.1 <ref type="bibr" target="#b10">(Feng et al., 2020b)</ref>. It contains a collection of documents and conversations exchanged between the user(s) and an agent grounded in the associated documents.</p></div>
<div xmlns="http://www.tei-c.org/ns/1.0"><head n="3.2">Model</head><p>The three-stage workflow of Docalog is depicted in Figure <ref type="figure" target="#fig_0">1</ref>. Firstly, DR. TEIT predicts the N best documents based on the user input (q t ), and a query history of the respective user (q 1:(t−1) ). Afterward, the span prediction model finds matching spans for a given query for each of the N best documents in the step before. Eventually, the ultimate span picker selects the most related span among predicted spans using a combination of the cosine similarity between the query and the span embeddings, as well as char-level TF-IDF-based cosine similarity between the query and the span vectors.</p></div>
<div xmlns="http://www.tei-c.org/ns/1.0"><head n="3.2.1">Document Retriever</head><p>In our retrieval model to encode the texts, we use a pre-trained language-agnostic BERT sentence embedding (LaBSE) <ref type="bibr" target="#b8">(Feng et al., 2020a)</ref>. One of our contributions here is to include the dialogue history in our document retriever model. We also found that the title tokens and their synonyms are extremely useful in document-changing dialogues, i.e., questions changing the context document during the conversation.</p><p>Our document retriever model, Document Retriever with Title Embedding and IDF on Texts (DR. TEIT), uses two scoring measures and aggregates them through a hyper-parameter in a convex combination (Eq. 1).</p><formula xml:id="formula_0">λS T E + (1 − λ)S T I ,<label>(1)</label></formula><p>where S T E is the title embedding based on the similarity between the sequence of query and the history (q 1..t ) and the document titles. S T I is a character n-gram (2 ≤ n ≤ 8) similarity score calculated between the aggregation of the query and the history (q 1..t ) and the document texts using TF-IDF-based cosine similarity (Figure <ref type="figure" target="#fig_0">1-c</ref>).</p></div>
<div xmlns="http://www.tei-c.org/ns/1.0"><head n="3.2.2">Span Predictor</head><p>Our span predictor is a RoBERTa language model <ref type="bibr" target="#b26">(Zhuang et al., 2021)</ref> fine-tuned to predict the start and the end positions of the answer span, similar to CAiRE <ref type="bibr" target="#b22">(Xu et al., 2021)</ref>, one of the best performing models in DialDoc-2021. To model the history of questions, we append the last two history turns to the current question, as also proposed in <ref type="bibr" target="#b18">(Ohsugi et al., 2019)</ref>, and feed it to the model as part of the current question. Prior to training our model on the DialDoc 2022 dataset, to gain more global knowledge in question answering, the span predictor of Docalog undergoes a pre-training phase on several CQA datasets such as CoQA <ref type="bibr" target="#b19">(Reddy et al., 2019)</ref>, QuAC <ref type="bibr" target="#b4">(Choi et al., 2018</ref><ref type="bibr">), DoQA (Campos et al., 2020)</ref>, and Doc2Dial <ref type="bibr" target="#b10">(Feng et al., 2020b)</ref>. Next, we fine-tune this model on the MultiDoc2Dial dataset using the grounding documents for each question. In this fine-tuning stage, we consider the task as a single-document question answering task. Therefore, at each training step, we only feed the model with the grounding document. The reason behind having a standalone span prediction model is to prevent the propagation of the retrieval error in the training phase.</p></div>
<div xmlns="http://www.tei-c.org/ns/1.0"><head n="3.2.3">Ultimate Span Picker</head><p>As discussed, the span detector provides the mostlikely spans for each of the N best documents by the retriever. Since the answer-span probabilities are not comparable across documents, we need to rank the top-N identified spans searching for the ultimate answer. Therefore, similar to our document retriever, we use a convex combination between the embedding-based and character-level-based co-sine similarities of the query and the detected spans through a hyper-parameter α that can be tuned on a validation set:</p><formula xml:id="formula_1">αS SE + (1 − α)S SI ,<label>(2)</label></formula><p>where S SE is the span embedding similarity and S SI is character-level TF-IDF similarity.</p><p>To summarize the workflow of Docalog, (1) a document retriever model using both embedding and character-level information retrieves the N most relevant documents to the current question. Based on the validation data we choose the hyper-parameter N in a way that we ensure selecting the answer document. (2) Using a trained span detector model, for each N document we detect the answer spans. (3) We use another document retriever model, this time to select the best-detected span, and the ultimate answer to the question is the post-processed version of this final span.</p></div>
<div xmlns="http://www.tei-c.org/ns/1.0"><head n="3.2.4">Experimental Settings</head><p>For the span prediction, we use a large RoBERTa language model<ref type="foot" target="#foot_3">4</ref>  <ref type="bibr" target="#b15">(Liu et al., 2019)</ref>. During the training and the prediction phase, we feed the documents to the model with a stride size of 128 tokens. We pre-train our span-prediction model for 1 epoch on the CQA datasets and then fine-tuning was done on the MultiDoc2Dial dataset for 3 epochs. Our pre-training lasted around 13 hours and our fine-tuning step 15 hours, both of which were processed on a GeForce RTX 3070 GPU with 12GB memory.</p><p>Availablity: Our implementation of Docalog is available at github 5 .</p></div>
<div xmlns="http://www.tei-c.org/ns/1.0"><head n="4">Results</head><p>Document Retriever: in our experiments, Dr. TEIT achieved a Precision@5 of 86% and a Mean Reciprocal Rank (MRR) of 0.72 indicating that on average, the hit is among the first two retrieved documents and it would be more than sufficient to take top-5 documents to the next step, i.e., span detection.</p></div>
<div xmlns="http://www.tei-c.org/ns/1.0"><head>Docalog Results:</head><p>In our final model, we combine DR. TEIT, as the retriever with our span predictor model. The comprehensive report of Docalog is provided in Table <ref type="table" target="#tab_0">1</ref>. We obtained the best F1 score of 36.07% with Docalog@1, suggesting that the ultimate span picker needs further improvements.</p><p>5 https://github.com/Sharif-SLPL-NLP/Docalog-2022</p></div>
<div xmlns="http://www.tei-c.org/ns/1.0"><head n="5">Conclusions</head><p>We proposed Docalog, a solution for the DialDoc-22 challenge. Docalog is a three-stage pipeline consisting of (1) a document retriever model (DR. TEIT), (2) an answer span prediction model, and</p><p>(3) an ultimate span picker deciding on the most likely answer span, out of all predicted spans. Our experiments show that combining contextualized embedding information with character-level similarities between the answer and the question history can effectively help in the prediction of the ultimate answer. In the test phase of Multi-Doc2Dial 2022, Docalog achieved f1-scores of 36.07% and 28.44% and SacreBLEU scores of 23.70% and 20.52%, respectively on the MDD-SEEN and MDD-UNSEEN folds.</p></div><figure xmlns="http://www.tei-c.org/ns/1.0" xml:id="fig_0"><head>Figure 1 :</head><label>1</label><figDesc>Figure 1: Docalog model architecture and the overview diagram: a) a standalone answer span prediction model. b) our three-stage model consists of (i) Dr. TEIT retriever model connected to the (ii) the span prediction model, and (iii) an aggregator which works as an ultimate span-picker deciding on the most likely span of the answer, out of all predicted spans. c) A detailed view of Dr. TEIT, the retriever architecture.</figDesc></figure>
<figure xmlns="http://www.tei-c.org/ns/1.0" type="table" xml:id="tab_0"><head>Table 1 :</head><label>1</label><figDesc>Docalog results on Multidoc2dial 2022 challenge. Docalog@k indicates our method when working on the best k documents retrieved by the document retriever for the span detection and providing the final answer.</figDesc><table><row><cell>Phase</cell><cell>Model</cell><cell>F 1 U</cell><cell cols="3">SacreBLEU METEOR RougeL</cell><cell>F 1 G</cell><cell>EM G</cell></row><row><cell></cell><cell>baseline</cell><cell>36.23%</cell><cell>21.41%</cell><cell>34.16%</cell><cell cols="3">34.01% 44.90% 28.64%</cell></row><row><cell>MDD-SEEN (Dev)</cell><cell cols="2">Docalog@1 36.84% Docalog@2 34.99% Docalog@3 35.19%</cell><cell>21.80% 23.30% 22.73 %</cell><cell>36.67% 33.81% 35.20%</cell><cell cols="3">34.44% 49.18% 36.18% 32.89% 46.62% 35.1% 33.56% 48.39% 35.67%</cell></row><row><cell></cell><cell>baseline</cell><cell>18.66%</cell><cell>5.99%</cell><cell>16.40%</cell><cell>16.95%</cell><cell>-</cell><cell>-</cell></row><row><cell>MDD-UNSEEN (Dev)</cell><cell cols="2">Docalog@1 26.12% Docalog@2 24.75%</cell><cell>17.72% 15.07%</cell><cell>25.52% 24.59%</cell><cell cols="3">24.47% 33.36% 13.42% 22.76% 29.64% 9.59%</cell></row><row><cell></cell><cell cols="2">Docalog@3 22.37%</cell><cell>14.21%</cell><cell>23.68%</cell><cell cols="2">21.02% 25.31%</cell><cell>7.75%</cell></row><row><cell></cell><cell>baseline</cell><cell>35.85%</cell><cell>22.26%</cell><cell>34.28%</cell><cell>33.82%</cell><cell>-</cell><cell>-</cell></row><row><cell>MDD-SEEN (Test)</cell><cell cols="2">Docalog@1 36.07% Docalog@2 33.41%</cell><cell>23.70% 20.30%</cell><cell>35.67% 33.52%</cell><cell cols="3">34.44% 48.11% 34.19% 31.74% 44.11% 29.34%</cell></row><row><cell></cell><cell cols="2">Docalog@3 29.90%</cell><cell>16.81%</cell><cell>30.25%</cell><cell cols="3">28.13% 39.33% 24.50%</cell></row><row><cell></cell><cell>baseline</cell><cell>19.26%</cell><cell>6.32%</cell><cell>16.77%</cell><cell>17.16%</cell><cell>-</cell><cell>-</cell></row><row><cell>MDD-UNSEEN (Test)</cell><cell cols="2">Docalog@1 28.44% Docalog@2 28.43%</cell><cell>20.52% 20.51%</cell><cell>27.54% 27.54%</cell><cell cols="3">26.57% 35.41% 15.87% 26.57% 35.41% 15.87%</cell></row><row><cell></cell><cell cols="2">Docalog@3 28.40%</cell><cell>20.51%</cell><cell>27.54%</cell><cell cols="3">26.57% 35.41% 15.87%</cell></row></table></figure>
			<note xmlns="http://www.tei-c.org/ns/1.0" place="foot" n="1" xml:id="foot_0">https://developer.amazon.com/en-US/alexa</note>
			<note xmlns="http://www.tei-c.org/ns/1.0" place="foot" n="2" xml:id="foot_1">https://www.apple.com/uk/siri/</note>
			<note xmlns="http://www.tei-c.org/ns/1.0" place="foot" n="3" xml:id="foot_2">https://www.microsoft.com/en-us/cortana</note>
			<note xmlns="http://www.tei-c.org/ns/1.0" place="foot" n="4" xml:id="foot_3">https://github.com/huggingface/transformers</note>
		</body>
		<back>
			<div type="references">

				<listBibl>

<biblStruct xml:id="b0">
	<analytic>
		<title level="a" type="main">A framework to create conversational agents for the development of video games by end-users</title>
		<author>
			<persName><forename type="first">Rubén</forename><surname>Baena-Perez</surname></persName>
		</author>
		<author>
			<persName><forename type="first">Iván</forename><surname>Ruiz-Rube</surname></persName>
		</author>
		<author>
			<persName><forename type="first">Juan</forename><surname>Manuel Dodero</surname></persName>
		</author>
		<author>
			<persName><forename type="first">Miguel</forename><forename type="middle">Angel</forename><surname>Bolivar</surname></persName>
		</author>
	</analytic>
	<monogr>
		<title level="m">International Conference on Optimization and Learning</title>
				<imprint>
			<publisher>Springer</publisher>
			<date type="published" when="2020">2020</date>
			<biblScope unit="page" from="216" to="226" />
		</imprint>
	</monogr>
	<note type="raw_reference">Rubén Baena-Perez, Iván Ruiz-Rube, Juan Manuel Do- dero, and Miguel Angel Bolivar. 2020. A framework to create conversational agents for the development of video games by end-users. In International Confer- ence on Optimization and Learning, pages 216-226. Springer.</note>
</biblStruct>

<biblStruct xml:id="b1">
	<analytic>
		<title level="a" type="main">Medbot: Conversational artificial intelligence powered chatbot for delivering tele-health after covid-19</title>
		<author>
			<persName><forename type="first">Urmil</forename><surname>Bharti</surname></persName>
		</author>
		<author>
			<persName><forename type="first">Deepali</forename><surname>Bajaj</surname></persName>
		</author>
		<author>
			<persName><forename type="first">Hunar</forename><surname>Batra</surname></persName>
		</author>
	</analytic>
	<monogr>
		<title level="m">2020 5th international conference on communication and electronics systems (ICCES)</title>
				<imprint>
			<publisher>IEEE</publisher>
			<date type="published" when="2020">2020</date>
			<biblScope unit="page" from="870" to="875" />
		</imprint>
	</monogr>
	<note>Shreya Lalit, Shweta Lalit, and Aayushi Gangwani</note>
	<note type="raw_reference">Urmil Bharti, Deepali Bajaj, Hunar Batra, Shreya Lalit, Shweta Lalit, and Aayushi Gangwani. 2020. Medbot: Conversational artificial intelligence powered chatbot for delivering tele-health after covid-19. In 2020 5th international conference on communication and electronics systems (ICCES), pages 870-875. IEEE.</note>
</biblStruct>

<biblStruct xml:id="b2">
	<analytic>
		<title level="a" type="main">DoQA -accessing domain-specific FAQs via conversational QA</title>
		<author>
			<persName><forename type="first">Jon</forename><surname>Ander Campos</surname></persName>
		</author>
		<author>
			<persName><forename type="first">Arantxa</forename><surname>Otegi</surname></persName>
		</author>
		<author>
			<persName><forename type="first">Aitor</forename><surname>Soroa</surname></persName>
		</author>
		<idno type="DOI">10.18653/v1/2020.acl-main.652</idno>
	</analytic>
	<monogr>
		<title level="m">Proceedings of the 58th Annual Meeting of the Association for Computational Linguistics</title>
				<meeting>the 58th Annual Meeting of the Association for Computational Linguistics</meeting>
		<imprint>
			<publisher>Online. Association for Computational Linguistics</publisher>
			<date type="published" when="2020">2020</date>
			<biblScope unit="page" from="7302" to="7314" />
		</imprint>
	</monogr>
	<note>Jan Deriu, Mark Cieliebak, and Eneko Agirre</note>
	<note type="raw_reference">Jon Ander Campos, Arantxa Otegi, Aitor Soroa, Jan De- riu, Mark Cieliebak, and Eneko Agirre. 2020. DoQA -accessing domain-specific FAQs via conversational QA. In Proceedings of the 58th Annual Meeting of the Association for Computational Linguistics, pages 7302-7314, Online. Association for Computational Linguistics.</note>
</biblStruct>

<biblStruct xml:id="b3">
	<analytic>
		<title level="a" type="main">Hy-bridQA: A dataset of multi-hop question answering over tabular and textual data</title>
		<author>
			<persName><forename type="first">Wenhu</forename><surname>Chen</surname></persName>
		</author>
		<author>
			<persName><forename type="first">Hanwen</forename><surname>Zha</surname></persName>
		</author>
		<author>
			<persName><forename type="first">Zhiyu</forename><surname>Chen</surname></persName>
		</author>
		<author>
			<persName><forename type="first">Wenhan</forename><surname>Xiong</surname></persName>
		</author>
		<author>
			<persName><forename type="first">Hong</forename><surname>Wang</surname></persName>
		</author>
		<author>
			<persName><forename type="first">William</forename><surname>Yang</surname></persName>
		</author>
		<author>
			<persName><forename type="first">Wang</forename></persName>
		</author>
		<idno type="DOI">10.18653/v1/2020.findings-emnlp.91</idno>
	</analytic>
	<monogr>
		<title level="m">Findings of the Association for Computational Linguistics: EMNLP 2020</title>
				<imprint>
			<publisher>Online. Association for Computational Linguistics</publisher>
			<date type="published" when="2020">2020</date>
			<biblScope unit="page" from="1026" to="1036" />
		</imprint>
	</monogr>
	<note type="raw_reference">Wenhu Chen, Hanwen Zha, Zhiyu Chen, Wenhan Xiong, Hong Wang, and William Yang Wang. 2020. Hy- bridQA: A dataset of multi-hop question answering over tabular and textual data. In Findings of the Asso- ciation for Computational Linguistics: EMNLP 2020, pages 1026-1036, Online. Association for Computa- tional Linguistics.</note>
</biblStruct>

<biblStruct xml:id="b4">
	<analytic>
		<title level="a" type="main">QuAC: Question answering in context</title>
		<author>
			<persName><forename type="first">Eunsol</forename><surname>Choi</surname></persName>
		</author>
		<author>
			<persName><forename type="first">He</forename><surname>He</surname></persName>
		</author>
		<author>
			<persName><forename type="first">Mohit</forename><surname>Iyyer</surname></persName>
		</author>
		<author>
			<persName><forename type="first">Mark</forename><surname>Yatskar</surname></persName>
		</author>
		<author>
			<persName><forename type="first">Wentau</forename><surname>Yih</surname></persName>
		</author>
		<author>
			<persName><forename type="first">Yejin</forename><surname>Choi</surname></persName>
		</author>
		<author>
			<persName><forename type="first">Percy</forename><surname>Liang</surname></persName>
		</author>
		<author>
			<persName><forename type="first">Luke</forename><surname>Zettlemoyer</surname></persName>
		</author>
		<idno type="DOI">10.18653/v1/D18-1241</idno>
	</analytic>
	<monogr>
		<title level="m">Proceedings of the 2018 Conference on Empirical Methods in Natural Language Processing</title>
				<meeting>the 2018 Conference on Empirical Methods in Natural Language Processing<address><addrLine>Brussels, Belgium</addrLine></address></meeting>
		<imprint>
			<publisher>Association for Computational Linguistics</publisher>
			<date type="published" when="2018">2018</date>
			<biblScope unit="page" from="2174" to="2184" />
		</imprint>
	</monogr>
	<note type="raw_reference">Eunsol Choi, He He, Mohit Iyyer, Mark Yatskar, Wen- tau Yih, Yejin Choi, Percy Liang, and Luke Zettle- moyer. 2018. QuAC: Question answering in context. In Proceedings of the 2018 Conference on Empiri- cal Methods in Natural Language Processing, pages 2174-2184, Brussels, Belgium. Association for Com- putational Linguistics.</note>
</biblStruct>

<biblStruct xml:id="b5">
	<analytic>
		<title level="a" type="main">TutorialVQA: Question answering dataset for tutorial videos</title>
		<author>
			<persName><forename type="first">Anthony</forename><surname>Colas</surname></persName>
		</author>
		<author>
			<persName><forename type="first">Seokhwan</forename><surname>Kim</surname></persName>
		</author>
		<author>
			<persName><forename type="first">Franck</forename><surname>Dernoncourt</surname></persName>
		</author>
		<author>
			<persName><forename type="first">Siddhesh</forename><surname>Gupte</surname></persName>
		</author>
		<author>
			<persName><forename type="first">Zhe</forename><surname>Wang</surname></persName>
		</author>
		<author>
			<persName><forename type="first">Doo Soon</forename><surname>Kim</surname></persName>
		</author>
	</analytic>
	<monogr>
		<title level="m">Proceedings of the 12th Language Resources and Evaluation Conference</title>
				<meeting>the 12th Language Resources and Evaluation Conference<address><addrLine>Marseille, France</addrLine></address></meeting>
		<imprint>
			<publisher>European Language Resources Association</publisher>
			<date type="published" when="2020">2020</date>
			<biblScope unit="page" from="5450" to="5455" />
		</imprint>
	</monogr>
	<note type="raw_reference">Anthony Colas, Seokhwan Kim, Franck Dernoncourt, Siddhesh Gupte, Zhe Wang, and Doo Soon Kim. 2020. TutorialVQA: Question answering dataset for tutorial videos. In Proceedings of the 12th Lan- guage Resources and Evaluation Conference, pages 5450-5455, Marseille, France. European Language Resources Association.</note>
</biblStruct>

<biblStruct xml:id="b6">
	<analytic>
		<title level="a" type="main">Cascaded span extraction and response generation for document-grounded dialog</title>
		<author>
			<persName><forename type="first">Nico</forename><surname>Daheim</surname></persName>
		</author>
		<author>
			<persName><forename type="first">David</forename><surname>Thulke</surname></persName>
		</author>
		<author>
			<persName><forename type="first">Christian</forename><surname>Dugast</surname></persName>
		</author>
		<author>
			<persName><forename type="first">Hermann</forename><surname>Ney</surname></persName>
		</author>
		<idno type="DOI">10.18653/v1/2021.dialdoc-1.8</idno>
	</analytic>
	<monogr>
		<title level="m">Proceedings of the 1st Workshop on Documentgrounded Dialogue and Conversational Question Answering</title>
				<meeting>the 1st Workshop on Documentgrounded Dialogue and Conversational Question Answering</meeting>
		<imprint>
			<publisher>Online. Association for Computational Linguistics</publisher>
			<date type="published" when="2021">2021. DialDoc 2021</date>
			<biblScope unit="page" from="57" to="62" />
		</imprint>
	</monogr>
	<note type="raw_reference">Nico Daheim, David Thulke, Christian Dugast, and Hermann Ney. 2021. Cascaded span extraction and response generation for document-grounded dialog. In Proceedings of the 1st Workshop on Document- grounded Dialogue and Conversational Question An- swering (DialDoc 2021), pages 57-62, Online. Asso- ciation for Computational Linguistics.</note>
</biblStruct>

<biblStruct xml:id="b7">
	<analytic>
		<title level="a" type="main">Levels of explainable artificial intelligence for human-aligned conversational explanations</title>
		<author>
			<persName><forename type="first">Richard</forename><surname>Dazeley</surname></persName>
		</author>
		<author>
			<persName><forename type="first">Peter</forename><surname>Vamplew</surname></persName>
		</author>
		<author>
			<persName><forename type="first">Cameron</forename><surname>Foale</surname></persName>
		</author>
		<author>
			<persName><forename type="first">Charlotte</forename><surname>Young</surname></persName>
		</author>
		<author>
			<persName><forename type="first">Sunil</forename><surname>Aryal</surname></persName>
		</author>
		<author>
			<persName><forename type="first">Francisco</forename><surname>Cruz</surname></persName>
		</author>
	</analytic>
	<monogr>
		<title level="j">Artificial Intelligence</title>
		<imprint>
			<biblScope unit="volume">299</biblScope>
			<biblScope unit="page">103525</biblScope>
			<date type="published" when="2021">2021</date>
		</imprint>
	</monogr>
	<note type="raw_reference">Richard Dazeley, Peter Vamplew, Cameron Foale, Charlotte Young, Sunil Aryal, and Francisco Cruz. 2021. Levels of explainable artificial intelligence for human-aligned conversational explanations. Artifi- cial Intelligence, 299:103525.</note>
</biblStruct>

<biblStruct xml:id="b8">
	<monogr>
		<author>
			<persName><forename type="first">Fangxiaoyu</forename><surname>Feng</surname></persName>
		</author>
		<author>
			<persName><forename type="first">Yinfei</forename><surname>Yang</surname></persName>
		</author>
		<author>
			<persName><forename type="first">Daniel</forename><surname>Cer</surname></persName>
		</author>
		<author>
			<persName><forename type="first">Naveen</forename><surname>Arivazhagan</surname></persName>
		</author>
		<author>
			<persName><forename type="first">Wei</forename><surname>Wang</surname></persName>
		</author>
		<idno type="arXiv">arXiv:2007.01852</idno>
		<title level="m">Languageagnostic bert sentence embedding</title>
				<imprint>
			<date type="published" when="2020">2020a</date>
		</imprint>
	</monogr>
	<note type="report_type">arXiv preprint</note>
	<note type="raw_reference">Fangxiaoyu Feng, Yinfei Yang, Daniel Cer, Naveen Arivazhagan, and Wei Wang. 2020a. Language- agnostic bert sentence embedding. arXiv preprint arXiv:2007.01852.</note>
</biblStruct>

<biblStruct xml:id="b9">
	<analytic>
		<title level="a" type="main">MultiDoc2Dial: Modeling dialogues grounded in multiple documents</title>
		<author>
			<persName><forename type="first">Song</forename><surname>Feng</surname></persName>
		</author>
		<author>
			<persName><forename type="first">Sankalp</forename><surname>Siva</surname></persName>
		</author>
		<author>
			<persName><forename type="first">Hui</forename><surname>Patel</surname></persName>
		</author>
		<author>
			<persName><forename type="first">Sachindra</forename><surname>Wan</surname></persName>
		</author>
		<author>
			<persName><surname>Joshi</surname></persName>
		</author>
		<idno type="DOI">10.18653/v1/2021.emnlp-main.498</idno>
	</analytic>
	<monogr>
		<title level="m">Proceedings of the 2021 Conference on Empirical Methods in Natural Language Processing</title>
				<meeting>the 2021 Conference on Empirical Methods in Natural Language Processing</meeting>
		<imprint>
			<publisher>Dominican Republic. Association for Computational Linguistics</publisher>
			<date type="published" when="2021">2021</date>
			<biblScope unit="page" from="6162" to="6176" />
		</imprint>
		<respStmt>
			<orgName>Online and Punta Cana</orgName>
		</respStmt>
	</monogr>
	<note type="raw_reference">Song Feng, Siva Sankalp Patel, Hui Wan, and Sachindra Joshi. 2021. MultiDoc2Dial: Modeling dialogues grounded in multiple documents. In Proceedings of the 2021 Conference on Empirical Methods in Natu- ral Language Processing, pages 6162-6176, Online and Punta Cana, Dominican Republic. Association for Computational Linguistics.</note>
</biblStruct>

<biblStruct xml:id="b10">
	<analytic>
		<title level="a" type="main">doc2dial: A goal-oriented document-grounded dialogue dataset</title>
		<author>
			<persName><forename type="first">Song</forename><surname>Feng</surname></persName>
		</author>
		<author>
			<persName><forename type="first">Hui</forename><surname>Wan</surname></persName>
		</author>
		<author>
			<persName><forename type="first">Chulaka</forename><surname>Gunasekara</surname></persName>
		</author>
		<author>
			<persName><forename type="first">Siva</forename><surname>Patel</surname></persName>
		</author>
		<author>
			<persName><forename type="first">Sachindra</forename><surname>Joshi</surname></persName>
		</author>
		<author>
			<persName><forename type="first">Luis</forename><surname>Lastras</surname></persName>
		</author>
		<idno type="DOI">10.18653/v1/2020.emnlp-main.652</idno>
	</analytic>
	<monogr>
		<title level="m">Proceedings of the 2020 Conference on Empirical Methods in Natural Language Processing (EMNLP)</title>
				<meeting>the 2020 Conference on Empirical Methods in Natural Language Processing (EMNLP)</meeting>
		<imprint>
			<publisher>Online. Association for Computational Linguistics</publisher>
			<date type="published" when="2020">2020b</date>
			<biblScope unit="page" from="8118" to="8128" />
		</imprint>
	</monogr>
	<note type="raw_reference">Song Feng, Hui Wan, Chulaka Gunasekara, Siva Patel, Sachindra Joshi, and Luis Lastras. 2020b. doc2dial: A goal-oriented document-grounded dialogue dataset. In Proceedings of the 2020 Conference on Empirical Methods in Natural Language Processing (EMNLP), pages 8118-8128, Online. Association for Computa- tional Linguistics.</note>
</biblStruct>

<biblStruct xml:id="b11">
	<analytic>
		<title level="a" type="main">Tutorial on conversational recommendation systems</title>
		<author>
			<persName><forename type="first">Zuohui</forename><surname>Fu</surname></persName>
		</author>
		<author>
			<persName><forename type="first">Yikun</forename><surname>Xian</surname></persName>
		</author>
		<author>
			<persName><forename type="first">Yongfeng</forename><surname>Zhang</surname></persName>
		</author>
		<author>
			<persName><forename type="first">Yi</forename><surname>Zhang</surname></persName>
		</author>
	</analytic>
	<monogr>
		<title level="m">Fourteenth ACM Conference on Recommender Systems</title>
				<imprint>
			<date type="published" when="2020">2020</date>
			<biblScope unit="page" from="751" to="753" />
		</imprint>
	</monogr>
	<note type="raw_reference">Zuohui Fu, Yikun Xian, Yongfeng Zhang, and Yi Zhang. 2020. Tutorial on conversational recommendation systems. In Fourteenth ACM Conference on Recom- mender Systems, pages 751-753.</note>
</biblStruct>

<biblStruct xml:id="b12">
	<analytic>
		<title level="a" type="main">Search-based neural structured learning for sequential question answering</title>
		<author>
			<persName><forename type="first">Mohit</forename><surname>Iyyer</surname></persName>
		</author>
		<author>
			<persName><forename type="first">Wen-Tau</forename><surname>Yih</surname></persName>
		</author>
		<author>
			<persName><forename type="first">Ming-Wei</forename><surname>Chang</surname></persName>
		</author>
		<idno type="DOI">10.18653/v1/P17-1167</idno>
	</analytic>
	<monogr>
		<title level="m">Proceedings of the 55th Annual Meeting of the Association for Computational Linguistics</title>
		<title level="s">Long Papers</title>
		<meeting>the 55th Annual Meeting of the Association for Computational Linguistics<address><addrLine>Vancouver, Canada</addrLine></address></meeting>
		<imprint>
			<publisher>Association for Computational Linguistics</publisher>
			<date type="published" when="2017">2017</date>
			<biblScope unit="volume">1</biblScope>
			<biblScope unit="page" from="1821" to="1831" />
		</imprint>
	</monogr>
	<note type="raw_reference">Mohit Iyyer, Wen-tau Yih, and Ming-Wei Chang. 2017. Search-based neural structured learning for sequen- tial question answering. In Proceedings of the 55th Annual Meeting of the Association for Computational Linguistics (Volume 1: Long Papers), pages 1821- 1831, Vancouver, Canada. Association for Computa- tional Linguistics.</note>
</biblStruct>

<biblStruct xml:id="b13">
	<analytic>
		<title level="a" type="main">Document-grounded goal-oriented dialogue systems on pre-trained language model with diverse input representation</title>
		<author>
			<persName><forename type="first">Boeun</forename><surname>Kim</surname></persName>
		</author>
		<author>
			<persName><forename type="first">Dohaeng</forename><surname>Lee</surname></persName>
		</author>
		<author>
			<persName><forename type="first">Sihyung</forename><surname>Kim</surname></persName>
		</author>
		<author>
			<persName><forename type="first">Yejin</forename><surname>Lee</surname></persName>
		</author>
		<author>
			<persName><forename type="first">Jin-Xia</forename><surname>Huang</surname></persName>
		</author>
		<author>
			<persName><forename type="first">Oh-Woog</forename><surname>Kwon</surname></persName>
		</author>
		<author>
			<persName><forename type="first">Harksoo</forename><surname>Kim</surname></persName>
		</author>
		<idno type="DOI">10.18653/v1/2021.dialdoc-1.12</idno>
	</analytic>
	<monogr>
		<title level="m">Proceedings of the 1st Workshop on Document-grounded Dialogue and Conversational Question Answering</title>
				<meeting>the 1st Workshop on Document-grounded Dialogue and Conversational Question Answering</meeting>
		<imprint>
			<publisher>Online. Association for Computational Linguistics</publisher>
			<date type="published" when="2021">2021. DialDoc 2021</date>
			<biblScope unit="page" from="98" to="102" />
		</imprint>
	</monogr>
	<note type="raw_reference">Boeun Kim, Dohaeng Lee, Sihyung Kim, Yejin Lee, Jin-Xia Huang, Oh-Woog Kwon, and Harksoo Kim. 2021. Document-grounded goal-oriented dialogue systems on pre-trained language model with diverse input representation. In Proceedings of the 1st Work- shop on Document-grounded Dialogue and Conver- sational Question Answering (DialDoc 2021), pages 98-102, Online. Association for Computational Lin- guistics.</note>
</biblStruct>

<biblStruct xml:id="b14">
	<analytic>
		<title level="a" type="main">Technical report on shared task in DialDoc21</title>
		<author>
			<persName><forename type="first">Jiapeng</forename><surname>Li</surname></persName>
		</author>
		<author>
			<persName><forename type="first">Mingda</forename><surname>Li</surname></persName>
		</author>
		<author>
			<persName><forename type="first">Longxuan</forename><surname>Ma</surname></persName>
		</author>
		<author>
			<persName><forename type="first">Wei-Nan</forename><surname>Zhang</surname></persName>
		</author>
		<author>
			<persName><forename type="first">Ting</forename><surname>Liu</surname></persName>
		</author>
		<idno type="DOI">10.18653/v1/2021.dialdoc-1.7</idno>
	</analytic>
	<monogr>
		<title level="m">Proceedings of the 1st Workshop on Document-grounded Dialogue and Conversational Question Answering</title>
				<meeting>the 1st Workshop on Document-grounded Dialogue and Conversational Question Answering</meeting>
		<imprint>
			<publisher>Online. Association for Computational Linguistics</publisher>
			<date type="published" when="2021">2021. DialDoc 2021</date>
			<biblScope unit="page" from="52" to="56" />
		</imprint>
	</monogr>
	<note type="raw_reference">Jiapeng Li, Mingda Li, Longxuan Ma, Wei-Nan Zhang, and Ting Liu. 2021. Technical report on shared task in DialDoc21. In Proceedings of the 1st Workshop on Document-grounded Dialogue and Conversational Question Answering (DialDoc 2021), pages 52-56, Online. Association for Computational Linguistics.</note>
</biblStruct>

<biblStruct xml:id="b15">
	<monogr>
		<author>
			<persName><forename type="first">Yinhan</forename><surname>Liu</surname></persName>
		</author>
		<author>
			<persName><forename type="first">Myle</forename><surname>Ott</surname></persName>
		</author>
		<author>
			<persName><forename type="first">Naman</forename><surname>Goyal</surname></persName>
		</author>
		<author>
			<persName><forename type="first">Jingfei</forename><surname>Du</surname></persName>
		</author>
		<author>
			<persName><forename type="first">Mandar</forename><surname>Joshi</surname></persName>
		</author>
		<author>
			<persName><forename type="first">Danqi</forename><surname>Chen</surname></persName>
		</author>
		<author>
			<persName><forename type="first">Omer</forename><surname>Levy</surname></persName>
		</author>
		<author>
			<persName><forename type="first">Mike</forename><surname>Lewis</surname></persName>
		</author>
		<author>
			<persName><forename type="first">Luke</forename><surname>Zettlemoyer</surname></persName>
		</author>
		<author>
			<persName><forename type="first">Veselin</forename><surname>Stoyanov</surname></persName>
		</author>
		<idno type="arXiv">arXiv:1907.11692</idno>
		<title level="m">Roberta: A robustly optimized bert pretraining approach</title>
				<imprint>
			<date type="published" when="2019">2019</date>
		</imprint>
	</monogr>
	<note type="report_type">arXiv preprint</note>
	<note type="raw_reference">Yinhan Liu, Myle Ott, Naman Goyal, Jingfei Du, Man- dar Joshi, Danqi Chen, Omer Levy, Mike Lewis, Luke Zettlemoyer, and Veselin Stoyanov. 2019. Roberta: A robustly optimized bert pretraining ap- proach. arXiv preprint arXiv:1907.11692.</note>
</biblStruct>

<biblStruct xml:id="b16">
	<analytic>
		<title level="a" type="main">Survey of conversational agents in health</title>
		<author>
			<persName><forename type="first">Joao</forename><surname>Luis</surname></persName>
		</author>
		<author>
			<persName><forename type="first">Zeni</forename><surname>Montenegro</surname></persName>
		</author>
		<author>
			<persName><forename type="first">Cristiano André</forename><surname>Da</surname></persName>
		</author>
		<author>
			<persName><forename type="first">Costa</forename></persName>
		</author>
		<author>
			<persName><forename type="first">Rodrigo</forename><surname>Da</surname></persName>
		</author>
		<author>
			<persName><forename type="first">Rosa</forename><surname>Righi</surname></persName>
		</author>
	</analytic>
	<monogr>
		<title level="j">Expert Systems with Applications</title>
		<imprint>
			<biblScope unit="volume">129</biblScope>
			<biblScope unit="page" from="56" to="67" />
			<date type="published" when="2019">2019</date>
		</imprint>
	</monogr>
	<note type="raw_reference">Joao Luis Zeni Montenegro, Cristiano André da Costa, and Rodrigo da Rosa Righi. 2019. Survey of con- versational agents in health. Expert Systems with Applications, 129:56-67.</note>
</biblStruct>

<biblStruct xml:id="b17">
	<analytic>
		<title level="a" type="main">Utilizing humanto-human conversation examples for a multi domain chat-oriented dialog system</title>
		<author>
			<persName><forename type="first">Lasguido</forename><surname>Nio</surname></persName>
		</author>
		<author>
			<persName><forename type="first">Sakriani</forename><surname>Sakti</surname></persName>
		</author>
		<author>
			<persName><forename type="first">Graham</forename><surname>Neubig</surname></persName>
		</author>
		<author>
			<persName><forename type="first">Tomoki</forename><surname>Toda</surname></persName>
		</author>
		<author>
			<persName><forename type="first">Satoshi</forename><surname>Nakamura</surname></persName>
		</author>
	</analytic>
	<monogr>
		<title level="j">IEICE TRANS-ACTIONS on Information and Systems</title>
		<imprint>
			<biblScope unit="volume">97</biblScope>
			<biblScope unit="issue">6</biblScope>
			<biblScope unit="page" from="1497" to="1505" />
			<date type="published" when="2014">2014</date>
		</imprint>
	</monogr>
	<note type="raw_reference">Lasguido Nio, Sakriani Sakti, Graham Neubig, Tomoki Toda, and Satoshi Nakamura. 2014. Utilizing human- to-human conversation examples for a multi do- main chat-oriented dialog system. IEICE TRANS- ACTIONS on Information and Systems, 97(6):1497- 1505.</note>
</biblStruct>

<biblStruct xml:id="b18">
	<analytic>
		<title level="a" type="main">A simple but effective method to incorporate multi-turn context with BERT for conversational machine comprehension</title>
		<author>
			<persName><forename type="first">Yasuhito</forename><surname>Ohsugi</surname></persName>
		</author>
		<author>
			<persName><forename type="first">Itsumi</forename><surname>Saito</surname></persName>
		</author>
		<author>
			<persName><forename type="first">Kyosuke</forename><surname>Nishida</surname></persName>
		</author>
		<author>
			<persName><forename type="first">Hisako</forename><surname>Asano</surname></persName>
		</author>
		<author>
			<persName><forename type="first">Junji</forename><surname>Tomita</surname></persName>
		</author>
		<idno type="DOI">10.18653/v1/W19-4102</idno>
	</analytic>
	<monogr>
		<title level="m">Proceedings of the First Workshop on NLP for Conversational AI</title>
				<meeting>the First Workshop on NLP for Conversational AI<address><addrLine>Florence, Italy</addrLine></address></meeting>
		<imprint>
			<publisher>Association for Computational Linguistics</publisher>
			<date type="published" when="2019">2019</date>
			<biblScope unit="page" from="11" to="17" />
		</imprint>
	</monogr>
	<note type="raw_reference">Yasuhito Ohsugi, Itsumi Saito, Kyosuke Nishida, Hisako Asano, and Junji Tomita. 2019. A simple but effective method to incorporate multi-turn context with BERT for conversational machine comprehen- sion. In Proceedings of the First Workshop on NLP for Conversational AI, pages 11-17, Florence, Italy. Association for Computational Linguistics.</note>
</biblStruct>

<biblStruct xml:id="b19">
	<analytic>
		<title level="a" type="main">Coqa: A conversational question answering challenge</title>
		<author>
			<persName><forename type="first">Siva</forename><surname>Reddy</surname></persName>
		</author>
		<author>
			<persName><forename type="first">Danqi</forename><surname>Chen</surname></persName>
		</author>
		<author>
			<persName><forename type="first">Christopher</forename><forename type="middle">D</forename><surname>Manning</surname></persName>
		</author>
		<idno type="DOI">10.1162/tacl_a_00266</idno>
	</analytic>
	<monogr>
		<title level="j">Transactions of the Association for Computational Linguistics</title>
		<imprint>
			<biblScope unit="volume">7</biblScope>
			<biblScope unit="page" from="249" to="266" />
			<date type="published" when="2019">2019</date>
		</imprint>
	</monogr>
	<note type="raw_reference">Siva Reddy, Danqi Chen, and Christopher D Manning. 2019. Coqa: A conversational question answering challenge. Transactions of the Association for Com- putational Linguistics, 7:249-266.</note>
</biblStruct>

<biblStruct xml:id="b20">
	<analytic>
		<title level="a" type="main">Interpretation of natural language rules in conversational machine reading</title>
		<author>
			<persName><forename type="first">Marzieh</forename><surname>Saeidi</surname></persName>
		</author>
		<author>
			<persName><forename type="first">Max</forename><surname>Bartolo</surname></persName>
		</author>
		<author>
			<persName><forename type="first">Patrick</forename><surname>Lewis</surname></persName>
		</author>
		<author>
			<persName><forename type="first">Sameer</forename><surname>Singh</surname></persName>
		</author>
		<author>
			<persName><forename type="first">Tim</forename><surname>Rocktäschel</surname></persName>
		</author>
		<author>
			<persName><forename type="first">Mike</forename><surname>Sheldon</surname></persName>
		</author>
		<author>
			<persName><forename type="first">Guillaume</forename><surname>Bouchard</surname></persName>
		</author>
		<author>
			<persName><forename type="first">Sebastian</forename><surname>Riedel</surname></persName>
		</author>
		<idno type="DOI">10.18653/v1/D18-1233</idno>
	</analytic>
	<monogr>
		<title level="m">Proceedings of the 2018 Conference on Empirical Methods in Natural Language Processing</title>
				<meeting>the 2018 Conference on Empirical Methods in Natural Language Processing<address><addrLine>Brussels, Belgium</addrLine></address></meeting>
		<imprint>
			<publisher>Association for Computational Linguistics</publisher>
			<date type="published" when="2018">2018</date>
			<biblScope unit="page" from="2087" to="2097" />
		</imprint>
	</monogr>
	<note type="raw_reference">Marzieh Saeidi, Max Bartolo, Patrick Lewis, Sameer Singh, Tim Rocktäschel, Mike Sheldon, Guillaume Bouchard, and Sebastian Riedel. 2018. Interpretation of natural language rules in conversational machine reading. In Proceedings of the 2018 Conference on Empirical Methods in Natural Language Processing, pages 2087-2097, Brussels, Belgium. Association for Computational Linguistics.</note>
</biblStruct>

<biblStruct xml:id="b21">
	<analytic>
		<title level="a" type="main">MIMOQA: Multimodal input multimodal output question answering</title>
		<author>
			<persName><forename type="first">Hrituraj</forename><surname>Singh</surname></persName>
		</author>
		<author>
			<persName><forename type="first">Anshul</forename><surname>Nasery</surname></persName>
		</author>
		<author>
			<persName><forename type="first">Denil</forename><surname>Mehta</surname></persName>
		</author>
		<author>
			<persName><forename type="first">Aishwarya</forename><surname>Agarwal</surname></persName>
		</author>
		<author>
			<persName><forename type="first">Jatin</forename><surname>Lamba</surname></persName>
		</author>
		<author>
			<persName><forename type="first">Balaji</forename><surname>Vasan Srinivasan</surname></persName>
		</author>
		<idno type="DOI">10.18653/v1/2021.naacl-main.418</idno>
	</analytic>
	<monogr>
		<title level="m">Proceedings of the 2021 Conference of the North American Chapter</title>
				<meeting>the 2021 Conference of the North American Chapter</meeting>
		<imprint>
			<publisher>Online. Association for Computational Linguistics</publisher>
			<date type="published" when="2021">2021</date>
			<biblScope unit="page" from="5317" to="5332" />
		</imprint>
	</monogr>
	<note type="raw_reference">Hrituraj Singh, Anshul Nasery, Denil Mehta, Aishwarya Agarwal, Jatin Lamba, and Balaji Vasan Srinivasan. 2021. MIMOQA: Multimodal input multimodal out- put question answering. In Proceedings of the 2021 Conference of the North American Chapter of the Association for Computational Linguistics: Human Language Technologies, pages 5317-5332, Online. Association for Computational Linguistics.</note>
</biblStruct>

<biblStruct xml:id="b22">
	<analytic>
		<title level="a" type="main">CAiRE in DialDoc21: Data augmentation for information seeking dialogue system</title>
		<author>
			<persName><forename type="first">Yan</forename><surname>Xu</surname></persName>
		</author>
		<author>
			<persName><forename type="first">Etsuko</forename><surname>Ishii</surname></persName>
		</author>
		<author>
			<persName><forename type="first">Genta</forename><surname>Indra Winata</surname></persName>
		</author>
		<author>
			<persName><forename type="first">Zhaojiang</forename><surname>Lin</surname></persName>
		</author>
		<author>
			<persName><forename type="first">Andrea</forename><surname>Madotto</surname></persName>
		</author>
		<author>
			<persName><forename type="first">Zihan</forename><surname>Liu</surname></persName>
		</author>
		<author>
			<persName><forename type="first">Peng</forename><surname>Xu</surname></persName>
		</author>
		<author>
			<persName><forename type="first">Pascale</forename><surname>Fung</surname></persName>
		</author>
		<idno type="DOI">10.18653/v1/2021.dialdoc-1.6</idno>
	</analytic>
	<monogr>
		<title level="m">Proceedings of the 1st Workshop on Documentgrounded Dialogue and Conversational Question Answering</title>
				<meeting>the 1st Workshop on Documentgrounded Dialogue and Conversational Question Answering</meeting>
		<imprint>
			<publisher>Online. Association for Computational Linguistics</publisher>
			<date type="published" when="2021">2021. DialDoc 2021</date>
			<biblScope unit="page" from="46" to="51" />
		</imprint>
	</monogr>
	<note type="raw_reference">Yan Xu, Etsuko Ishii, Genta Indra Winata, Zhaojiang Lin, Andrea Madotto, Zihan Liu, Peng Xu, and Pas- cale Fung. 2021. CAiRE in DialDoc21: Data aug- mentation for information seeking dialogue system. In Proceedings of the 1st Workshop on Document- grounded Dialogue and Conversational Question An- swering (DialDoc 2021), pages 46-51, Online. Asso- ciation for Computational Linguistics.</note>
</biblStruct>

<biblStruct xml:id="b23">
	<analytic>
		<title level="a" type="main">RecipeQA: A challenge dataset for multimodal comprehension of cooking recipes</title>
		<author>
			<persName><forename type="first">Semih</forename><surname>Yagcioglu</surname></persName>
		</author>
		<author>
			<persName><forename type="first">Aykut</forename><surname>Erdem</surname></persName>
		</author>
		<author>
			<persName><forename type="first">Erkut</forename><surname>Erdem</surname></persName>
		</author>
		<author>
			<persName><forename type="first">Nazli</forename><surname>Ikizler-Cinbis</surname></persName>
		</author>
		<idno type="DOI">10.18653/v1/D18-1166</idno>
	</analytic>
	<monogr>
		<title level="m">Proceedings of the 2018 Conference on Empirical Methods in Natural Language Processing</title>
				<meeting>the 2018 Conference on Empirical Methods in Natural Language Processing<address><addrLine>Brussels, Belgium</addrLine></address></meeting>
		<imprint>
			<publisher>Association for Computational Linguistics</publisher>
			<date type="published" when="2018">2018</date>
			<biblScope unit="page" from="1358" to="1368" />
		</imprint>
	</monogr>
	<note type="raw_reference">Semih Yagcioglu, Aykut Erdem, Erkut Erdem, and Na- zli Ikizler-Cinbis. 2018. RecipeQA: A challenge dataset for multimodal comprehension of cooking recipes. In Proceedings of the 2018 Conference on Empirical Methods in Natural Language Processing, pages 1358-1368, Brussels, Belgium. Association for Computational Linguistics.</note>
</biblStruct>

<biblStruct xml:id="b24">
	<analytic>
		<title level="a" type="main">Building task-oriented dialogue systems for online shopping</title>
		<author>
			<persName><forename type="first">Nan</forename><surname>Zhao Yan</surname></persName>
		</author>
		<author>
			<persName><forename type="first">Peng</forename><surname>Duan</surname></persName>
		</author>
		<author>
			<persName><forename type="first">Ming</forename><surname>Chen</surname></persName>
		</author>
		<author>
			<persName><forename type="first">Jianshe</forename><surname>Zhou</surname></persName>
		</author>
		<author>
			<persName><forename type="first">Zhoujun</forename><surname>Zhou</surname></persName>
		</author>
		<author>
			<persName><surname>Li</surname></persName>
		</author>
	</analytic>
	<monogr>
		<title level="m">Thirty-first AAAI conference on artificial intelligence</title>
				<imprint>
			<date type="published" when="2017">2017</date>
		</imprint>
	</monogr>
	<note type="raw_reference">Zhao Yan, Nan Duan, Peng Chen, Ming Zhou, Jianshe Zhou, and Zhoujun Li. 2017. Building task-oriented dialogue systems for online shopping. In Thirty-first AAAI conference on artificial intelligence.</note>
</biblStruct>

<biblStruct xml:id="b25">
	<monogr>
		<author>
			<persName><forename type="first">Munazza</forename><surname>Zaib</surname></persName>
		</author>
		<author>
			<persName><forename type="first">Wei</forename><forename type="middle">Emma</forename><surname>Zhang</surname></persName>
		</author>
		<author>
			<persName><forename type="first">Adnan</forename><surname>Quan Z Sheng</surname></persName>
		</author>
		<author>
			<persName><forename type="first">Yang</forename><surname>Mahmood</surname></persName>
		</author>
		<author>
			<persName><surname>Zhang</surname></persName>
		</author>
		<idno type="arXiv">arXiv:2106.00874</idno>
		<title level="m">Conversational question answering: A survey</title>
				<imprint>
			<date type="published" when="2021">2021</date>
		</imprint>
	</monogr>
	<note type="report_type">arXiv preprint</note>
	<note type="raw_reference">Munazza Zaib, Wei Emma Zhang, Quan Z Sheng, Ad- nan Mahmood, and Yang Zhang. 2021. Conversa- tional question answering: A survey. arXiv preprint arXiv:2106.00874.</note>
</biblStruct>

<biblStruct xml:id="b26">
	<analytic>
		<title level="a" type="main">A robustly optimized BERT pre-training approach with post-training</title>
		<author>
			<persName><forename type="first">Liu</forename><surname>Zhuang</surname></persName>
		</author>
		<author>
			<persName><forename type="first">Lin</forename><surname>Wayne</surname></persName>
		</author>
		<author>
			<persName><forename type="first">Shi</forename><surname>Ya</surname></persName>
		</author>
		<author>
			<persName><surname>Zhao</surname></persName>
		</author>
	</analytic>
	<monogr>
		<title level="m">Proceedings of the 20th Chinese National Conference on Computational Linguistics</title>
				<meeting>the 20th Chinese National Conference on Computational Linguistics<address><addrLine>Huhhot, China</addrLine></address></meeting>
		<imprint>
			<publisher>Chinese Information Processing Society of China</publisher>
			<date type="published" when="2021-06">Jun. 2021</date>
			<biblScope unit="page" from="1218" to="1227" />
		</imprint>
	</monogr>
	<note type="raw_reference">Liu Zhuang, Lin Wayne, Shi Ya, and Zhao Jun. 2021. A robustly optimized BERT pre-training approach with post-training. In Proceedings of the 20th Chinese National Conference on Computational Linguistics, pages 1218-1227, Huhhot, China. Chinese Informa- tion Processing Society of China.</note>
</biblStruct>

				</listBibl>
			</div>
		</back>
	</text>
</TEI>
