<?xml version="1.0" encoding="UTF-8"?>
<TEI xml:space="preserve" xmlns="http://www.tei-c.org/ns/1.0" 
xmlns:xsi="http://www.w3.org/2001/XMLSchema-instance" 
xsi:schemaLocation="http://www.tei-c.org/ns/1.0 https://raw.githubusercontent.com/kermitt2/grobid/master/grobid-home/schemas/xsd/Grobid.xsd"
 xmlns:xlink="http://www.w3.org/1999/xlink">
	<teiHeader xml:lang="en">
		<fileDesc>
			<titleStmt>
				<title level="a" type="main">Towards Better Characterization of Paraphrases</title>
			</titleStmt>
			<publicationStmt>
				<publisher/>
				<availability status="unknown"><licence/></availability>
			</publicationStmt>
			<sourceDesc>
				<biblStruct>
					<analytic>
						<author role="corresp">
							<persName><forename type="first">Timothy</forename><surname>Liu</surname></persName>
							<email>timothy_liu@mymail.sutd.edu.sg</email>
							<affiliation key="aff0">
								<orgName type="institution">Singapore University of Technology</orgName>
							</affiliation>
						</author>
						<author>
							<persName><forename type="first">De</forename><forename type="middle">Wen</forename><surname>Soh</surname></persName>
							<affiliation key="aff0">
								<orgName type="institution">Singapore University of Technology</orgName>
							</affiliation>
						</author>
						<title level="a" type="main">Towards Better Characterization of Paraphrases</title>
					</analytic>
					<monogr>
						<imprint>
							<date/>
						</imprint>
					</monogr>
					<idno type="MD5">82B50142B621801178BAC56FFE37F57A</idno>
				</biblStruct>
			</sourceDesc>
		</fileDesc>
		<encodingDesc>
			<appInfo>
				<application version="0.7.3-SNAPSHOT" ident="GROBID" when="2023-01-12T09:12+0000">
					<desc>GROBID - A machine learning software for extracting information from scholarly documents</desc>
					<ref target="https://github.com/kermitt2/grobid"/>
				</application>
			</appInfo>
		</encodingDesc>
		<profileDesc>
			<abstract>
<div xmlns="http://www.tei-c.org/ns/1.0"><p>To effectively characterize the nature of paraphrase pairs without expert human annotation, we propose two new metrics: word position deviation (WPD) and lexical deviation (LD). WPD measures the degree of structural alteration, while LD measures the difference in vocabulary used. We apply these metrics to better understand the commonly-used MRPC dataset and study how it differs from PAWS, another paraphrase identification dataset. We also perform a detailed study on MRPC and propose improvements to the dataset, showing that it improves generalizability of models trained on the dataset. Lastly, we apply our metrics to filter the output of a paraphrase generation model and show how it can be used to generate specific forms of paraphrases for data augmentation or robustness testing of NLP models.</p></div>
			</abstract>
		</profileDesc>
	</teiHeader>
	<text xml:lang="en">
		<body>
<div xmlns="http://www.tei-c.org/ns/1.0"><head n="1">Introduction</head><p>A robust understanding of semantic meaning, despite variances in sentence expression, is an integral part of natural language processing (NLP) tasks. However, many existing NLP models exhibit shortcomings in understanding real-world variations in natural language. These models are often overreliant on learned spurious correlations resulting in poor generalization <ref type="bibr" target="#b18">(Sanchez et al., 2018;</ref><ref type="bibr">Mc-Coy et al., 2019)</ref>. This problem is challenging to address since it is difficult to distinguish spurious correlations from useful features <ref type="bibr" target="#b5">(Gardner et al., 2021)</ref>.</p><p>One way of improving the performance and robustness of NLP model is to increase the size of the dataset <ref type="bibr" target="#b7">(Hestness et al., 2017)</ref>. It is possible to do so in an efficient manner through data augmentation, or the process of generating new data out of existing examples, thus creating more training data or test cases <ref type="bibr" target="#b4">(Feng et al., 2021;</ref><ref type="bibr" target="#b2">Chen et al., 2021)</ref>. This would also enhance the capability to detecting error in a wide range of NLP systems. We can also condition language models to generate paraphrases of input sentences <ref type="bibr" target="#b21">(Witteveen and Andrews, 2019)</ref> through the use of large language models such as GPT <ref type="bibr" target="#b15">(Radford et al., 2019)</ref>. However, commonly used paraphrase datasets and paraphrase generation techniques that rely on such datasets suffer from several shortfalls, such as being noisy due to loose labelling in these datasets and lack of accurate, controllable generation. In this paper, we make three key contributions to address this issue.</p><p>Firstly, we propose two new metrics for better understanding of paraphrase pairs: word position deviation and lexical deviation. We show, with examples, how these metrics are more effective at quantitatively capturing the linguistic characteristics of paraphrase pair than existing methods such as ROGUE-L, SELF-BLEU and edit distance.</p><p>Secondly, we apply the proposed metrics to better understand the commonly used Microsoft Research Paraphrase Corpus (MRPC) <ref type="bibr" target="#b3">(Dolan and Brockett, 2005)</ref> dataset. We also study how MRPC differs from Paraphrase Adversaries from Word Scrambling (PAWS) <ref type="bibr" target="#b24">(Zhang et al., 2019)</ref>, another paraphrase identification dataset. In the process, we perform a detailed study on MRPC and propose some revisions to the dataset. We demonstrate that this improves the quality of paraphrase identification models trained on MRPC, with higher transferability to other paraphrase identification datasets.</p><p>Lastly, we demonstrate the applicability of our proposed metrics. By applying our metrics to filter the output of a paraphrase generation model, we show how it can be used to generate specific forms of paraphrases, which can be used as training data for data augmentation purposes and to generate test cases for robustness testing of NLP models.</p></div>
<div xmlns="http://www.tei-c.org/ns/1.0"><head n="2">Related Work</head><p>There have been several survey papers done to better understand the task of paraphrase identification and generation. A Survey of Paraphrasing and Textual Entailment Methods <ref type="bibr" target="#b0">(Androutsopoulos and Malakasiotis, 2010)</ref> presented a comprehensive survey and review on the the aforementioned tasks. In this paper, the authors helped to properly define the tasks and identified some methods and their associated challenges. This was followed up by a more recent survey specifically on the task of paraphrase identification, A Survey on Paraphrase Recognition <ref type="bibr" target="#b12">(Magnolini, 2014)</ref>, where the focus of the survey was the performance of various statistical and non-deep learning approaches on paraphrase identification on the MRPC dataset. Additionally, in On Paraphrase Identification Corpora <ref type="bibr" target="#b17">(Rus et al., 2014)</ref>, the authors performed a survey of various paraphrase datasets, also highlighting several issues with paraphrase datasets, including MRPC, and providing some recommendations for improving the curation of paraphrase datasets.</p><p>There have also been previous work on the task of better quantifying various characteristics of paraphrase pairs. In Texygen: A Benchmarking Platform for Text Generation Models <ref type="bibr" target="#b25">(Zhu et al., 2018)</ref>, SELF-BLEU was proposed to measure the diversity in text generation. However, it suffers from limitations inherent to BLEU-style metrics: it captures the differences in presence of n-grams, but not their sequence, and is thus mostly limited to capturing the differences of vocabulary, but not the overall structure of a sentence. In Paraphrasing with Large Language Models <ref type="bibr" target="#b21">(Witteveen and Andrews, 2019)</ref>, ROUGE-L is used as a measurement of paraphrase diversity, where lower ROUGE-L scores correspond to greater diversity in paraphrasing generation. However, ROUGE-L mainly measures degree of similarity in sub-sequences, but not the order in which the sub-sequences occur, and thus cannot accurately capture the possible structural differences present in paraphrase pairs.</p><p>In our paper, we take a deeper look at some of the issues related to MRPC, proposing some useful improvements. We also build upon previous attempts to characterise paraphrases through the use of quantitative metrics, demonstrating how our proposed metrics can capture various different paraphrasing techniques better than previously proposed metrics.</p><p>3 What is a Paraphrase?</p></div>
<div xmlns="http://www.tei-c.org/ns/1.0"><head n="3.1">Definition of Paraphrase</head><p>To facilitate more precise discussions in our paper, we clearly define a paraphrase as follows:</p><p>Definition 1 (Paraphrase). A sentence is a paraphrase of another sentence if they are not identical but share the same semantic meaning.</p><p>Therefore, there are two distinct criteria in order to fulfill the definition of being a paraphrase pair:</p><p>1. The two sentences must have the same meaning: it is impossible to derive different information from a paraphrase of a sentence.</p><p>Where two sentences are not certain to have exactly the same meaning, a common interpretation of both sentences should be the same in order for it to be a reasonable paraphrase. This also implies that both sentences in a paraphrase pair necessarily entail each other.</p><p>2. The two sentences must not be identical, for example having lexical differences (differences in vocabulary) or structural differences (differences in word order, punctuation and syntax).</p><p>In A Survey of Paraphrasing and Textual Entailment Methods <ref type="bibr" target="#b0">(Androutsopoulos and Malakasiotis, 2010)</ref>, the following example is provided, which we shall discuss:</p><p>1. Wonderworks Ltd. constructed the new bridge.</p><p>2. The new bridge was constructed by Wonderworks Ltd.</p><p>3. Wonderworks Ltd. is the constructor of the new bridge.</p><p>It is argued that sentence 3 is not a precise paraphrase of sentences 1 and 2 as it is not stated precisely in sentence 3 that the bridge was completed. For the purposes of our discussion, we would consider sentence 3 a reasonable paraphrase as well as it is very likely that all three sentences would be interpreted in the same way, and thus share the same semantic meaning based on the most common interpretation of the sentences.</p><p>These examples illustrate that it is non-trivial to precisely define what is a paraphrase pair, as there is some variance (depending on subjective interpretation) on what would be a precise paraphrase. This problem is observed to have caused issues due to the imprecise definitions used while creating paraphrase datasets, such as the MRPC dataset which is very widely used. By adhering strictly to the definition of a paraphrase as detailed in this section, we hope to better facilitate discussion throughout the paper.</p></div>
<div xmlns="http://www.tei-c.org/ns/1.0"><head n="3.2">Paraphrase Datasets</head><p>In this paper, we will utilize and compare two commonly used paraphrase datasets, MRPC and PAWS.</p></div>
<div xmlns="http://www.tei-c.org/ns/1.0"><head n="3.2.1">Microsoft Research Paraphrase Corpus (MRPC)</head><p>The Microsoft Research Paraphrase Corpus (MRPC) is a corpus consists of sentence pairs collected from web news articles <ref type="bibr" target="#b3">(Dolan and Brockett, 2005)</ref>. This dataset is widely used as a benchmark for the paraphrase identification task. It can be used directly or indirectly as part of the GLUE benchmark <ref type="bibr" target="#b20">(Wang et al., 2019)</ref>. In particular, as part of the GLUE benchmark, the dataset has been used for training and evaluation in more than 50 research papers as can be determined from the GLUE leaderboard<ref type="foot" target="#foot_0">1</ref> . It is also less commonly used as a paraphrase generation dataset, in works such as <ref type="bibr" target="#b8">(Huang and Chang, 2021)</ref>. MRPC contains 4076 training and 1725 test examples.</p></div>
<div xmlns="http://www.tei-c.org/ns/1.0"><head n="3.2.2">Paraphrase Adversaries from Word Scrambling (PAWS)</head><p>The Paraphrase Adversaries from Word Scrambling (PAWS) is a dataset contains sentence pairs extracted from Wikipedia and the Quora Question Pairs (QQP) dataset <ref type="bibr" target="#b24">(Zhang et al., 2019)</ref>. While it is less commonly used than MRPC, it is a high quality and larger dataset, and is used in a number of papers such as <ref type="bibr" target="#b23">(Yu and Ettinger, 2021)</ref>, <ref type="bibr" target="#b19">(Tu et al., 2020)</ref> and <ref type="bibr" target="#b1">(Chen et al., 2020)</ref>  4 Proposed Metrics</p></div>
<div xmlns="http://www.tei-c.org/ns/1.0"><head n="4.1">Objectives</head><p>Our objective is to comprehensively evaluate the diverse linguistic phenomena involved in paraphrasing, which can include techniques such as synonym substitution, negation, diathesis alternation, coordination changes and more. We can broadly classify these techniques into the use of structural alternations and lexical alternations to achieve paraphrasing. Thus, to better characterise a paraphrase pair, we propose two metrics: word position deviation and lexical deviation. These two metrics are introduced so as to provide a quantitative understanding on what type of paraphrase it is along the two types of changes. A key design consideration of these metrics is the need to be able to capture the extents of structural and lexical alterations in an efficient manner, without resorting to costly human annotation or large amounts of computation. We will use these metrics to provide a good understanding of the characteristics of paraphrase pairs both at a individual (paraphrase pair) level and at an aggregate level over the whole dataset. In addition, we apply these metrics to filter outputs from paraphrase generation systems to select for specific types of paraphrases.</p></div>
<div xmlns="http://www.tei-c.org/ns/1.0"><head n="4.2">Key Definitions</head><p>In this section, we define some terms that will be used across various metrics computations. Let s1 and s2 denote two sentences. We will also refer to the pair of sentences (s 1 , s 2 ) as a paraphrase pair.</p><p>Definition 4.1 (Set of common words). The set of common words C (s1,s2) of a paraphrase pair is the set of words, in uncased lemmatized form, which occurs in both s 1 and s 2 . Definition 4.2 (Set of all words). The set of all words A (s1,s2) of a paraphrase pair is the complete set of words, in uncased lemmatized form, which occurs in either or both sentences s 1 and s 2 . Thus, given two sentences:</p><p>• s 1 : Yesterday, Bob met Tom at the store.</p><p>• s 2 : Tom met Bob yesterday while they were at the store.</p><p>• C (s1,s2) : { yesterday, bob, meet, tom, at, the, store }</p><p>• A (s1,s2) : { yesterday, bob, meet, tom, at, the, store, while, they, be }</p><p>We will also use the notation N C (s1,s2) to refer to the size of set C (s1,s2) and N A (s1,s2) to refer to the size of set A (s1,s2) . We use N C and N A for short when it is obvious which statements s 1 and s 2 we are referring to. For a word W and a sentence s, we denote by N s (W ) the number of times that the word W appears in the sentence s.</p></div>
<div xmlns="http://www.tei-c.org/ns/1.0"><head n="4.3">Word Position Deviation (WPD)</head><p>We propose the word position deviation (WPD) of a paraphrase pair as a metric that effectively captures the degree of deviation in the structure of paraphrased sentences by looking at changes in word positions. WPD can be intuitively understood as the mean of how much words shift in position after a paraphrase. We find that this proposed metric is effective in identifying the amount of structural alterations present in paraphrase pairs.</p><p>To properly define WPD, we first introduce the concept of normalized word position in a paraphrase pair. Definition 4.3 (Normalized Word Position). Let s be a sentence and W be a word. For 1 ≤ n ≤ N s (W ), the normalized word position ρ s,n (W ) of n-th appearance of W in s is its index divided by the index of the last word. Thus, a normalized word position value ranges from the first word in the sentence having a value of 0.0 and last word having value of 1.0. For example, if the second appearance of W has index a and the last word has index b in the sentence s, then ρ s,2 (W ) = a/b.</p><p>In WPD, we consider the mean differences between the normalized word positions. For any given word that is common in both sentences in a paraphrase pair (s 1 , s 2 ), we can calculate the relative position shift as the difference in normalized word position. Definition 4.4 (Relative Position Shift). The relative position shift of a word W with respect to sentence s 1 in paraphrase pair (s 1 , s 2 ) is denoted as δ s1,s2 (W ), only defined for words in C (s1,s2) , and has the expression</p><formula xml:id="formula_0">δ s1,s2 (W ) = Ns 1 (W ) n=1 min 1≤k≤Ns 2 (W ) |ρ s 1 ,n (W ) − ρ s 2 ,k (W )| N s 1 (W ) .<label>(1)</label></formula><p>For each occurrence of W in s 1 , we calculate the smallest difference between its normalized word position and that of the occurrences of W in s 2 . We then average these smallest differences over all occurrence of W in s 1 to get the relative position shift of W with respect to s 1 in paraphrase pair (s 1 , s 2 ).</p><p>In a simple case with only one occurrence of W in each sentence, this reduces to the distance between ρ s 1 ,1 (W ) and ρ s 2 ,1 (W ), which is</p><formula xml:id="formula_1">δ s1,s2 (W ) = |ρ s 1 ,1 (W ) − ρ s 2 ,1 (W )|. (2)</formula><p>To the concepts described above, a simple example is provided in Figure <ref type="figure" target="#fig_0">1</ref> below.</p><p>We can see that if we had a word W is near the start of s 1 and near the end of s 2 , δ s1,s2 (W ) is In a generalised case where there can be multiple occurrences of W can be present in s 1 or s 2 , the mean distance between one occurrence and the nearest occurrence in the other sentence is considered. However, such instances are much rarer. We illustrate the handling of using a real example, showing how the word his occurs twice, resulting in a mean δ("his") of 0.263. Thus, we can now define WPD.</p><p>Definition 4.5 (Word Position Deviation). Let (s 1 , s 2 ) be a paraphrase pair. The WPD of (s 1 , s 2 ), denoted as σ pos (s1, s2), is the mean of all the relative position shifts of all the words in the set C (s1,s2) , namely,</p><formula xml:id="formula_2">σ pos (s1, s2) = 1 N C W ∈C max{δ s1,s2 (W ), δ s2,s1 (W )}.<label>(3)</label></formula><p>Below are additional examples of the WPD computation on paraphrases in the MRPC dataset. To aid visualization of what the metric measures, the common words are underlined and coloured to aid comparison.</p></div>
<div xmlns="http://www.tei-c.org/ns/1.0"><head n="4.4">Lexical Deviation (LD)</head><p>We propose lexical deviation (LD), a metric that effectively captures the degree of deviation in the vocabulary used between the sentences in a paraphrase pair. We find that the proposed metric is effective in identifying and ranking paraphrase pairs from various datasets according to meaningful differences in their usage of lexical changes to perform paraphrasing.</p><p>Definition 4.6 (Lexical Deviation). Let (s 1 , s 2 ) be a paraphrase pair. The lexical deviation σ lex (s 1 , s 2 ) for a paraphrase pair (s 1 , s 2 ) is defined by</p><formula xml:id="formula_3">σ lex (s 1 , s 2 ) = 1 − N C N A . (<label>4</label></formula><formula xml:id="formula_4">)</formula><p>For a case where there is complete reuse of words (in other words, N C = N A ), the metric will compute to 0.0. Likewise, in a case where there is no reuse of words, the metric computes to 1.0.</p><p>For the purpose of computing the total set of words and the set of common words, we consider words that are the same after lemmatization (ignoring capitalization) to be the same word. Therefore, we do not consider words that are of different forms (e.g. tense) and capitalization to be different words. This allows our metric to more accurately capture the range of vocabulary used. As word forms tend to vary when used as part of different sentence structures, we do not wish to capture that in this metric, which focuses on the diversity of vocabulary (using of different words), and not the grammatical usage of a word. In addition, we consider changes in capitalization a trivial paraphrase, and hence do not consider it in this metric.</p></div>
<div xmlns="http://www.tei-c.org/ns/1.0"><head n="5">Application of Metrics</head><p>To demonstrate the applicability of our proposed metrics of WPD and LD, we compare them against other metrics with similar purposes: ROGUE-L <ref type="bibr" target="#b11">(Lin, 2004)</ref>, SELF-BLEU <ref type="bibr" target="#b25">(Zhu et al., 2018)</ref> and Damerau-Levenshtein edit distance <ref type="bibr" target="#b10">(Levenshtein, 1965)</ref>. In the examples below, we show that with WPD and LD, we can effectively distinguish between different types of paraphrases that have similar scores via various other metrics. In Example Pair 1 (Figure <ref type="figure" target="#fig_2">3</ref>), we show that two paraphrases can have very similar ROGUE-L scores of 0.76 and 0.75, where ROUGE-L primarily measures the degree of sub-string similarity (longest common sub-strings). However, with WPD, we are able to additionally distinguish the degree in which the similar sub-strings have been shuffled in position, which is a structural alteration to the sentence.  Lastly, in Example Pair 3 (Figure <ref type="figure" target="#fig_4">5</ref>), we show that two paraphrases can have very similar Damerau-Levenshtein edit distance, but feature two completely different types of paraphrasing method.</p></div>
<div xmlns="http://www.tei-c.org/ns/1.0"><head n="5.1">Comparing MRPC and PAWS</head></div>
<div xmlns="http://www.tei-c.org/ns/1.0"><head n="5.1.1">Degree of Structural Paraphrasing</head><p>Using WPD, we are able to obtain an aggregate view of both the MRPC and PAWS datasets. We see that both datasets feature similar distributions of structural paraphrasing, where the average amount of structural paraphrasing is fairly low and MRPC features more structural paraphrasing compared to PAWS. A visualization is provided in Figure <ref type="figure" target="#fig_5">6</ref> below. Hence, we would expect the MRPC dataset to be somewhat more diverse in structural paraphrases as compared to PAWS. </p></div>
<div xmlns="http://www.tei-c.org/ns/1.0"><head n="5.1.2">Degree of Lexical Paraphrasing</head><p>Using LD, we are able to obtain an aggregate view of both the MRPC and PAWS datasets to see that both datasets feature a very different distribution of lexical paraphrasing. A visualization is provided in Figure <ref type="figure" target="#fig_6">7</ref> below. MRPC features a large amount of lexical paraphrasing, in contrast to PAWS where lexical paraphrasing is almost absent. Hence, we would expect the MRPC dataset to be substantially more diverse in having different examples of lexical paraphrases as compared to PAWS. We investigated the source of high LD in MRPC and determined that the reason is due to large inconsistencies in entities, such as named entities and quantities, present in MRPC paraphrase pairs. We can see that many of the examples at the high-end of lexical deviation are not reasonable paraphrases of each other as they contain extremely different information in each sentence. When used as training data for paraphrase identification or generation tasks, this can introduce undesired behaviour into models. For example, this can make paraphrase generation models more prone to "hallucinating" additional information in paraphrases, while paraphrase identification models are less able to detect such inconsistencies.</p><p>Hence, this motivates us to more closely inspect the quality and consistency of labels in the MRPC dataset, and then propose improvements.</p></div>
<div xmlns="http://www.tei-c.org/ns/1.0"><head n="5.2">Evaluation of MRPC Label Quality</head><p>Despite its wide usage as a benchmark for paraphrase identification, the labels in the MRPC dataset are not of a consistently high quality. This is a result of the annotation process used to create the MRPC dataset.</p><p>The annotation process used for MRPC, as described in the paper Automatically constructing a corpus of sentential paraphrases (Dolan and <ref type="bibr" target="#b3">Brockett, 2005)</ref>, is as follows: a collection of news articles is collected from the web over a 2-year period, and candidates for paraphrase pairs are extracted using automated approaches, followed by human evaluation used to determine if two similar sentences are paraphrases. However, the instructions given to the human annotators of the pairs were "illdefined". Compounding the issue is that several classes of named entities in the text were replaced by generic tags, introducing large amounts of ambiguity. As a result, the annotators labelled sentences with very inconsistent entities as valid paraphrases, leading to a relatively large number of sentences inside that are not in fact reasonable paraphrases, despite being labelled as such. Thus, models that perform well on MRPC may not able to correctly identify paraphrases in a precise manner. We can show this in Section 5.2.2, where a state-of-the-art language model that performs well on MRPC has nearly random performance on PAWS, despite both being paraphrase identification datasets.</p><p>To illustrate this issue, we use an example of a sentence pair, labelled as a paraphrase, from the MRPC dataset:</p><p>Stock Exchange" and "Friday") are present across the two. In other words, there is a great inconsistency in the entities present between each of the paraphrase pairs. In this case, this results in a large discrepancy in the information contained in each sentence, and thus the two sentences are not in fact paraphrases despite being labelled as such in MRPC. In MRPC, there are a total of 3900 paraphrase pairs. Of those, 3016 (77%) have at least 1 inconsistent entity. Thus, this is a common issue in MRPC.</p></div>
<div xmlns="http://www.tei-c.org/ns/1.0"><head n="5.2.1">Proposed Amendments to MRPC</head><p>With the aim to improve the precision of sentence pairs labelled as paraphrases in MRPC, we proposed some amendments to MRPC, including the following specific objectives:</p><p>1. Automatically correcting the inconsistency in entities;</p><p>2. Rectifying the labels where automated correction is not possible.</p><p>Our process to achieve this has two main steps. First, we search for inconsistent examples where the inconsistency is limited to singular instances of any type of quantity. For example, one instance of a monetary value that differs between two sentences in a paraphrase pair.</p><p>Next, when a match is found, we proceed with a to correct the paraphrase. In this specific scenario, as we know that both values share the same type, we can correct one of the values to be identical to the instance in the other sentence, making it a more precise paraphrase. In order to avoid being overly zealous in this replacement, we inspect the most frequent replacements to ensure that no unintended replacements occur.</p><p>Of the 3016 inconsistent paraphrase pairs in MRPC, 476 (16%) can be corrected using our approach. For the rest of the paraphrase pairs that we cannot correct, we label them as nonparaphrases. After the corrections, 2064 (53%) out of the original 3900 paraphrase pairs are relabelled as non-paraphrases. This also changes the ratio of paraphrase:non-paraphrase in MRPC from approximately 8:5 to approximately 4:8. We term this revised version of MRPC as MRPC-R1.</p><p>To illustrate the corrections to text performed during the creation of MRPC-R1, a few examples are shown in the table below: </p></div>
<div xmlns="http://www.tei-c.org/ns/1.0"><head n="5.2.2">Evaluating Changes to MRPC</head><p>In order to evaluate the differences in quality of the datasets, we compare the transferability of a model trained on MRPC and MRPC-R1 to the PAWS test set.</p><p>Our training setup is as follows: We used a stateof-the-art DeBERTa <ref type="bibr" target="#b6">(He et al., 2021)</ref> pretrained langauage model and fine-tuned it on each of the following: MRPC training set, MRPC-R1 training set, and lastly for a baseline, the PAWS training set). We performed the training using the Hugging-Face Transformers library <ref type="bibr" target="#b22">(Wolf et al., 2020)</ref> and PyTorch <ref type="bibr" target="#b14">(Paszke et al., 2019)</ref>, learning rate of 1e-5, and the Adam optimizer <ref type="bibr" target="#b9">(Kingma and Ba, 2015)</ref>. For MRPC and MRPC-R1, we use a batch size of 32, and for PAWS, which has a much larger training set, we use a batch size of 128. We did not perform extensive hyper-parameter tuning. We tested two variations of the DeBERTa model: DeBERTa-base (140M parameters) and DeBERTa-large (400M parameters) Each of the models are evaluated every 50 steps on the PAWS development set, and the best model checkpoint is evaluated against the PAWS test set. We report the results below (median from 5 runs). From our results, we can see that training on MRPC-R1 results in much better scores on the PAWS test set for both models. Additionally, if we use the more powerful DeBERTa-large model, the model overfits more on MRPC training data. Thus, DeBERTa-large scores lower than DeBERTabase on the PAWS test set. However, DeBERTalarge performs better than DeBERTa-base when trained on MRPC-R1, showing that more powerful models benefit more from MRPC-R1. Thus, we can see that that MRPC-R1 has greater transferability to the PAWS test set. These results demonstrate that we have increased the generalization ability of the trained model through the improving the consistency and quality of the labels in MRPC.</p></div>
<div xmlns="http://www.tei-c.org/ns/1.0"><head n="5.3">Evaluation and Filtering for Paraphrase Generation</head><p>To demonstrate the applicability of our metrics to filter and thus control the output from a paraphrase generation model, we combine the paraphrase pairs from MRPC-R1 and PAWS to form a corpus to train a sequence-to-sequence T5 (Raffel et al., 2020) transformer language model to generate paraphrases. We performed the training using the HuggingFace Transformers library and PyTorch, using the the pretrained T5-large model (770M parameters). We performed training for a total of 10 epochs with a batch size of 16, learning rate of 1e-5, the Adam optimizer and did not perform extensive hyper-parameter tuning. By using WPD and LD, we are able to effectively filter for specific types of paraphrases.</p><p>In the following example, we pass "I keep a glass of water next to my bed when I sleep." as an input to be paraphrased by the model. Some of the outputs are sampled and ranked below according to WPD, showing how WPD can be used to select paraphrases with varying extents of structural paraphrases, and the results can be seen in the table below: We can also do the same for LD, where we can see that the lower the the extent of word overlap between the original and paraphrase, the greater the LD value. Words are marked with italics to visually indicate words that have changed from the source sentence. The results can be seen in the table below: Thus, we can use WPD, LD, or a combination of both to select specific types of paraphrases, therefore efficiently obtaining specific variations of data for data augmentation or robustness testing purposes.</p></div>
<div xmlns="http://www.tei-c.org/ns/1.0"><head n="6">Ethical Considerations</head><p>To the best of our knowledge, we do not introduce any ethical concerns in this work. Our work is based on the existing MRPC and PAWS datasets, which are sampled from online news articles as well as Wikipedia. Hence we expect our findings to generalize well to other English datasets in the general domain. Generalization of our work to domains where usage of language is markedly different (for example, in some forms of technical writing) is not certain. When our proposed metrics are used in conjunction with other technology (such as large generative language models), it does not affect the existing ethical considerations of using those technology.</p></div>
<div xmlns="http://www.tei-c.org/ns/1.0"><head n="7">Conclusions and Future Work</head><p>In our paper, we have proposed two new metrics to better understand paraphrase pairs: word position deviation (WPD) and lexical deviation (LD). We have applied these metrics to better understand the MRPC and PAWS datasets, and also to filter the output of a paraphrase generation model to obtain specific forms of paraphrases. However, our metrics still have some limitations, which can be address in future work. Although we are able to measure the extent of structural and lexical alterations, we cannot determine the fine-grained type of alterations that is being made, for example, a specific form of structural alteration or word substitution. We anticipate that improvements in this area would be valuable to improve our ability to effectively characterize various properties of paraphrases, leading to better data augmentation and robustness testing approaches that eventually resulting in better performing NLP systems.</p></div><figure xmlns="http://www.tei-c.org/ns/1.0" xml:id="fig_0"><head>Figure 1 :</head><label>1</label><figDesc>Figure 1: Illustration of individual words' relative position shifts.</figDesc><graphic coords="4,313.23,70.84,204.10,69.04" type="bitmap" /></figure>
<figure xmlns="http://www.tei-c.org/ns/1.0" xml:id="fig_1"><head>Figure 2 :</head><label>2</label><figDesc>Figure 2: Illustration of a special case where multiple instances of a word occurs.</figDesc></figure>
<figure xmlns="http://www.tei-c.org/ns/1.0" xml:id="fig_2"><head>Figure 3 :</head><label>3</label><figDesc>Figure 3: Example Pair 1</figDesc><graphic coords="5,77.94,618.29,204.10,105.20" type="bitmap" /></figure>
<figure xmlns="http://www.tei-c.org/ns/1.0" xml:id="fig_3"><head>Figure 4 :</head><label>4</label><figDesc>Figure 4: Example Pair 2</figDesc><graphic coords="5,313.23,189.46,204.10,105.45" type="bitmap" /></figure>
<figure xmlns="http://www.tei-c.org/ns/1.0" xml:id="fig_4"><head>Figure 5 :</head><label>5</label><figDesc>Figure 5: Example Pair 3</figDesc><graphic coords="5,313.23,452.88,204.10,105.32" type="bitmap" /></figure>
<figure xmlns="http://www.tei-c.org/ns/1.0" xml:id="fig_5"><head>Figure 6 :</head><label>6</label><figDesc>Figure 6: Visualization of WPD in MRPC and PAWS.</figDesc><graphic coords="6,189.35,137.37,99.78,65.24" type="bitmap" /></figure>
<figure xmlns="http://www.tei-c.org/ns/1.0" xml:id="fig_6"><head>Figure 7 :</head><label>7</label><figDesc>Figure 7: Visualization of LD in MRPC and PAWS.</figDesc><graphic coords="6,189.35,407.21,99.78,65.24" type="bitmap" /></figure>
<figure xmlns="http://www.tei-c.org/ns/1.0" xml:id="fig_7"><head>Figure 8 :</head><label>8</label><figDesc>Figure 8: Some problematic sentence pairs from MRPC that are not reasonable paraphrases.</figDesc><graphic coords="6,77.94,623.48,204.10,61.66" type="bitmap" /></figure>
<figure xmlns="http://www.tei-c.org/ns/1.0" xml:id="fig_8"><head>Figure 9 :</head><label>9</label><figDesc>Figure 9: Correcting some examples from MRPC</figDesc><graphic coords="7,313.23,70.85,204.10,91.24" type="bitmap" /></figure>
<figure xmlns="http://www.tei-c.org/ns/1.0" xml:id="fig_9"><head></head><label></label><figDesc>glass of water beside my bed when I sleep. 0.02 A glass of water is kept next to my bed when I sleep.</figDesc></figure>
<figure xmlns="http://www.tei-c.org/ns/1.0" xml:id="fig_10"><head></head><label></label><figDesc>GeneratedParaphrase LD When I sleep I keep a glass of water next to my bed. 0.00 I keep a glass of water beside my bed when I sleep. 0.23 During the night, I keep a glass of water next to my bed. 0.33</figDesc></figure>
			<note xmlns="http://www.tei-c.org/ns/1.0" place="foot" n="1" xml:id="foot_0">https://gluebenchmark.com/leaderboard</note>
			<note xmlns="http://www.tei-c.org/ns/1.0" place="foot" n="1" xml:id="foot_1">. The stock rose $2.11, or about 11 percent, to close Friday at $21.51 on the New York Stock Exchange.</note>
			<note xmlns="http://www.tei-c.org/ns/1.0" place="foot" n="2" xml:id="foot_2">. PG&amp;E Corp. shares jumped $1.63 or 8 percent to $21.03 on the New York Stock Exchange on Friday.In this example, which is labelled as a paraphrase-pair, there are a total of 9 entities across the paraphrase pair, but only 2 ("the New York</note>
		</body>
		<back>
			<div type="annex">
<div xmlns="http://www.tei-c.org/ns/1.0"><head>A Appendix</head><p>A.1 Models Checkpoints, Data, Hardware This section lists down the specific pretrained model checkpoints and data used for various purposes in this paper.</p><p>• Lemmatization (used for WPD, LD computation): SpaCy Lemmatizer, which uses the spacy-lookups-data package.</p><p>• Named Entity Recognition (used for MRPC dataset corrections): SpaCy en_core_web_trf model.</p><p>• Paraphrase classification models: Finetuned from the microsoft/deberta-base and microsoft/deberta-large checkpoints.</p><p>• Paraphrase generation model: Fine-tuned from the t5-large checkpoint.</p><p>For model fine-tuning, a single RTX 3090 was used. Automatic mixed precision and TF32 is enabled.</p></div>
<div xmlns="http://www.tei-c.org/ns/1.0"><head>A.2 Code Implementation</head><p>The code relevant to this paper can be found in this GitHub repository: https://github.com/ tlkh/paraphrase-metrics </p></div>			</div>
			<div type="references">

				<listBibl>

<biblStruct xml:id="b0">
	<analytic>
		<title level="a" type="main">A survey of paraphrasing and textual entailment methods</title>
		<author>
			<persName><forename type="first">I</forename><surname>Androutsopoulos</surname></persName>
		</author>
		<author>
			<persName><forename type="first">P</forename><surname>Malakasiotis</surname></persName>
		</author>
		<idno type="DOI">10.1613/jair.2985</idno>
	</analytic>
	<monogr>
		<title level="j">Journal of Artificial Intelligence Research</title>
		<imprint>
			<biblScope unit="volume">38</biblScope>
			<biblScope unit="page" from="135" to="187" />
			<date type="published" when="2010">2010</date>
		</imprint>
	</monogr>
	<note type="raw_reference">I. Androutsopoulos and P. Malakasiotis. 2010. A sur- vey of paraphrasing and textual entailment meth- ods. Journal of Artificial Intelligence Research, 38:135-187.</note>
</biblStruct>

<biblStruct xml:id="b1">
	<monogr>
		<title level="m" type="main">Pointwise paraphrase appraisal is potentially problematic</title>
		<author>
			<persName><forename type="first">Hannah</forename><surname>Chen</surname></persName>
		</author>
		<author>
			<persName><forename type="first">Yangfeng</forename><surname>Ji</surname></persName>
		</author>
		<author>
			<persName><forename type="first">David</forename><surname>Evans</surname></persName>
		</author>
		<imprint>
			<date type="published" when="2020">2020</date>
		</imprint>
	</monogr>
	<note type="raw_reference">Hannah Chen, Yangfeng Ji, and David Evans. 2020. Pointwise paraphrase appraisal is potentially prob- lematic.</note>
</biblStruct>

<biblStruct xml:id="b2">
	<monogr>
		<title level="m" type="main">An empirical survey of data augmentation for limited data learning in nlp</title>
		<author>
			<persName><forename type="first">Jiaao</forename><surname>Chen</surname></persName>
		</author>
		<author>
			<persName><forename type="first">Derek</forename><surname>Tam</surname></persName>
		</author>
		<author>
			<persName><forename type="first">Colin</forename><surname>Raffel</surname></persName>
		</author>
		<author>
			<persName><forename type="first">Mohit</forename><surname>Bansal</surname></persName>
		</author>
		<author>
			<persName><forename type="first">Diyi</forename><surname>Yang</surname></persName>
		</author>
		<imprint>
			<date type="published" when="2021">2021</date>
		</imprint>
	</monogr>
	<note type="raw_reference">Jiaao Chen, Derek Tam, Colin Raffel, Mohit Bansal, and Diyi Yang. 2021. An empirical survey of data augmentation for limited data learning in nlp.</note>
</biblStruct>

<biblStruct xml:id="b3">
	<analytic>
		<title level="a" type="main">Automatically constructing a corpus of sentential paraphrases</title>
		<author>
			<persName><forename type="first">B</forename><surname>William</surname></persName>
		</author>
		<author>
			<persName><forename type="first">Chris</forename><surname>Dolan</surname></persName>
		</author>
		<author>
			<persName><surname>Brockett</surname></persName>
		</author>
	</analytic>
	<monogr>
		<title level="m">Proceedings of the Third International Workshop on Paraphrasing (IWP2005)</title>
				<meeting>the Third International Workshop on Paraphrasing (IWP2005)</meeting>
		<imprint>
			<date type="published" when="2005">2005</date>
		</imprint>
	</monogr>
	<note type="raw_reference">William B Dolan and Chris Brockett. 2005. Automati- cally constructing a corpus of sentential paraphrases. In Proceedings of the Third International Workshop on Paraphrasing (IWP2005).</note>
</biblStruct>

<biblStruct xml:id="b4">
	<analytic>
		<title level="a" type="main">A survey of data augmentation approaches for NLP</title>
		<author>
			<persName><forename type="first">Y</forename><surname>Steven</surname></persName>
		</author>
		<author>
			<persName><forename type="first">Varun</forename><surname>Feng</surname></persName>
		</author>
		<author>
			<persName><forename type="first">Jason</forename><surname>Gangal</surname></persName>
		</author>
		<author>
			<persName><forename type="first">Sarath</forename><surname>Wei</surname></persName>
		</author>
		<author>
			<persName><forename type="first">Soroush</forename><surname>Chandar</surname></persName>
		</author>
		<author>
			<persName><forename type="first">Teruko</forename><surname>Vosoughi</surname></persName>
		</author>
		<author>
			<persName><forename type="first">Eduard</forename><surname>Mitamura</surname></persName>
		</author>
		<author>
			<persName><surname>Hovy</surname></persName>
		</author>
		<idno type="DOI">10.18653/v1/2021.findings-acl.84</idno>
	</analytic>
	<monogr>
		<title level="m">Findings of the Association for Computational Linguistics: ACL-IJCNLP 2021</title>
				<imprint>
			<publisher>Online. Association for Computational Linguistics</publisher>
			<date type="published" when="2021">2021</date>
			<biblScope unit="page" from="968" to="988" />
		</imprint>
	</monogr>
	<note type="raw_reference">Steven Y. Feng, Varun Gangal, Jason Wei, Sarath Chan- dar, Soroush Vosoughi, Teruko Mitamura, and Ed- uard Hovy. 2021. A survey of data augmentation approaches for NLP. In Findings of the Association for Computational Linguistics: ACL-IJCNLP 2021, pages 968-988, Online. Association for Computa- tional Linguistics.</note>
</biblStruct>

<biblStruct xml:id="b5">
	<monogr>
		<author>
			<persName><forename type="first">Matt</forename><surname>Gardner</surname></persName>
		</author>
		<author>
			<persName><forename type="first">William</forename><surname>Merrill</surname></persName>
		</author>
		<author>
			<persName><forename type="first">Jesse</forename><surname>Dodge</surname></persName>
		</author>
		<author>
			<persName><forename type="first">Matthew</forename><forename type="middle">E</forename><surname>Peters</surname></persName>
		</author>
		<author>
			<persName><forename type="first">Alexis</forename><surname>Ross</surname></persName>
		</author>
		<author>
			<persName><forename type="first">Sameer</forename><surname>Singh</surname></persName>
		</author>
		<author>
			<persName><forename type="first">Noah</forename><surname>Smith</surname></persName>
		</author>
		<title level="m">Competency problems: On finding and removing artifacts in language data</title>
				<imprint>
			<date type="published" when="2021">2021</date>
		</imprint>
	</monogr>
	<note type="raw_reference">Matt Gardner, William Merrill, Jesse Dodge, Matthew E. Peters, Alexis Ross, Sameer Singh, and Noah Smith. 2021. Competency problems: On finding and removing artifacts in language data.</note>
</biblStruct>

<biblStruct xml:id="b6">
	<monogr>
		<title level="m" type="main">Deberta: Decoding-enhanced bert with disentangled attention</title>
		<author>
			<persName><forename type="first">Pengcheng</forename><surname>He</surname></persName>
		</author>
		<author>
			<persName><forename type="first">Xiaodong</forename><surname>Liu</surname></persName>
		</author>
		<author>
			<persName><forename type="first">Jianfeng</forename><surname>Gao</surname></persName>
		</author>
		<author>
			<persName><forename type="first">Weizhu</forename><surname>Chen</surname></persName>
		</author>
		<imprint>
			<date type="published" when="2021">2021</date>
		</imprint>
	</monogr>
	<note type="raw_reference">Pengcheng He, Xiaodong Liu, Jianfeng Gao, and Weizhu Chen. 2021. Deberta: Decoding-enhanced bert with disentangled attention.</note>
</biblStruct>

<biblStruct xml:id="b7">
	<monogr>
		<title/>
		<author>
			<persName><forename type="first">Joel</forename><surname>Hestness</surname></persName>
		</author>
		<author>
			<persName><forename type="first">Sharan</forename><surname>Narang</surname></persName>
		</author>
		<author>
			<persName><forename type="first">Newsha</forename><surname>Ardalani</surname></persName>
		</author>
		<author>
			<persName><forename type="first">Gregory</forename><surname>Diamos</surname></persName>
		</author>
		<author>
			<persName><forename type="first">Heewoo</forename><surname>Jun</surname></persName>
		</author>
		<author>
			<persName><forename type="first">Hassan</forename><surname>Kianinejad</surname></persName>
		</author>
		<author>
			<persName><forename type="first">Md</forename><surname>Mostofa</surname></persName>
		</author>
		<author>
			<persName><forename type="first">Ali</forename><surname>Patwary</surname></persName>
		</author>
		<author>
			<persName><forename type="first">Yang</forename><surname>Yang</surname></persName>
		</author>
		<author>
			<persName><forename type="first">Yanqi</forename><surname>Zhou</surname></persName>
		</author>
		<imprint>
			<date type="published" when="2017">2017</date>
		</imprint>
	</monogr>
	<note>Deep learning scaling is predictable, empirically</note>
	<note type="raw_reference">Joel Hestness, Sharan Narang, Newsha Ardalani, Gre- gory Diamos, Heewoo Jun, Hassan Kianinejad, Md. Mostofa Ali Patwary, Yang Yang, and Yanqi Zhou. 2017. Deep learning scaling is predictable, empiri- cally.</note>
</biblStruct>

<biblStruct xml:id="b8">
	<monogr>
		<title level="m" type="main">Generating syntactically controlled paraphrases without using annotated parallel pairs</title>
		<author>
			<persName><forename type="first">Kuan-Hao</forename><surname>Huang</surname></persName>
		</author>
		<author>
			<persName><forename type="first">Kai-Wei</forename><surname>Chang</surname></persName>
		</author>
		<imprint>
			<date type="published" when="2021">2021</date>
		</imprint>
	</monogr>
	<note type="raw_reference">Kuan-Hao Huang and Kai-Wei Chang. 2021. Generat- ing syntactically controlled paraphrases without us- ing annotated parallel pairs.</note>
</biblStruct>

<biblStruct xml:id="b9">
	<monogr>
		<title level="m" type="main">Adam: A method for stochastic optimization</title>
		<author>
			<persName><forename type="first">P</forename><surname>Diederik</surname></persName>
		</author>
		<author>
			<persName><forename type="first">Jimmy</forename><surname>Kingma</surname></persName>
		</author>
		<author>
			<persName><surname>Ba</surname></persName>
		</author>
		<idno>CoRR, abs/1412.6980</idno>
		<imprint>
			<date type="published" when="2015">2015</date>
		</imprint>
	</monogr>
	<note type="raw_reference">Diederik P. Kingma and Jimmy Ba. 2015. Adam: A method for stochastic optimization. CoRR, abs/1412.6980.</note>
</biblStruct>

<biblStruct xml:id="b10">
	<analytic>
		<title level="a" type="main">Binary codes capable of correcting deletions, insertions, and reversals. Soviet physics</title>
		<author>
			<persName><forename type="first">V</forename><surname>Levenshtein</surname></persName>
		</author>
	</analytic>
	<monogr>
		<title level="j">Doklady</title>
		<imprint>
			<biblScope unit="volume">10</biblScope>
			<biblScope unit="page" from="707" to="710" />
			<date type="published" when="1965">1965</date>
		</imprint>
	</monogr>
	<note type="raw_reference">V. Levenshtein. 1965. Binary codes capable of cor- recting deletions, insertions, and reversals. Soviet physics. Doklady, 10:707-710.</note>
</biblStruct>

<biblStruct xml:id="b11">
	<analytic>
		<title level="a" type="main">ROUGE: A package for automatic evaluation of summaries</title>
		<author>
			<persName><forename type="first">Chin-Yew</forename><surname>Lin</surname></persName>
		</author>
	</analytic>
	<monogr>
		<title level="m">Text Summarization Branches Out</title>
				<meeting><address><addrLine>Barcelona, Spain</addrLine></address></meeting>
		<imprint>
			<publisher>Association for Computational Linguistics</publisher>
			<date type="published" when="2004">2004</date>
			<biblScope unit="page" from="74" to="81" />
		</imprint>
	</monogr>
	<note type="raw_reference">Chin-Yew Lin. 2004. ROUGE: A package for auto- matic evaluation of summaries. In Text Summariza- tion Branches Out, pages 74-81, Barcelona, Spain. Association for Computational Linguistics.</note>
</biblStruct>

<biblStruct xml:id="b12">
	<analytic>
		<title level="a" type="main">A survey on paraphrase recognition</title>
		<author>
			<persName><forename type="first">Simone</forename><surname>Magnolini</surname></persName>
		</author>
	</analytic>
	<monogr>
		<title level="m">DWAI@AI*IA</title>
				<imprint>
			<date type="published" when="2014">2014</date>
		</imprint>
	</monogr>
	<note type="raw_reference">Simone Magnolini. 2014. A survey on paraphrase recognition. In DWAI@AI*IA.</note>
</biblStruct>

<biblStruct xml:id="b13">
	<analytic>
		<title level="a" type="main">Right for the wrong reasons: Diagnosing syntactic heuristics in natural language inference</title>
		<author>
			<persName><forename type="first">Tom</forename><surname>Mccoy</surname></persName>
		</author>
		<author>
			<persName><forename type="first">Ellie</forename><surname>Pavlick</surname></persName>
		</author>
		<author>
			<persName><forename type="first">Tal</forename><surname>Linzen</surname></persName>
		</author>
		<idno type="DOI">10.18653/v1/P19-1334</idno>
	</analytic>
	<monogr>
		<title level="m">Proceedings of the 57th Annual Meeting of the Association for Computational Linguistics</title>
				<meeting>the 57th Annual Meeting of the Association for Computational Linguistics<address><addrLine>Florence, Italy</addrLine></address></meeting>
		<imprint>
			<date type="published" when="2019">2019</date>
			<biblScope unit="page" from="3428" to="3448" />
		</imprint>
	</monogr>
	<note>Association for Computational Linguistics</note>
	<note type="raw_reference">Tom McCoy, Ellie Pavlick, and Tal Linzen. 2019. Right for the wrong reasons: Diagnosing syntactic heuristics in natural language inference. In Proceed- ings of the 57th Annual Meeting of the Association for Computational Linguistics, pages 3428-3448, Florence, Italy. Association for Computational Lin- guistics.</note>
</biblStruct>

<biblStruct xml:id="b14">
	<analytic>
		<title level="a" type="main">Pytorch: An imperative style, high-performance deep learning library</title>
		<author>
			<persName><forename type="first">Adam</forename><surname>Paszke</surname></persName>
		</author>
		<author>
			<persName><forename type="first">Sam</forename><surname>Gross</surname></persName>
		</author>
		<author>
			<persName><forename type="first">Francisco</forename><surname>Massa</surname></persName>
		</author>
		<author>
			<persName><forename type="first">Adam</forename><surname>Lerer</surname></persName>
		</author>
		<author>
			<persName><forename type="first">James</forename><surname>Bradbury</surname></persName>
		</author>
		<author>
			<persName><forename type="first">Gregory</forename><surname>Chanan</surname></persName>
		</author>
		<author>
			<persName><forename type="first">Trevor</forename><surname>Killeen</surname></persName>
		</author>
		<author>
			<persName><forename type="first">Zeming</forename><surname>Lin</surname></persName>
		</author>
		<author>
			<persName><forename type="first">Natalia</forename><surname>Gimelshein</surname></persName>
		</author>
		<author>
			<persName><forename type="first">Luca</forename><surname>Antiga</surname></persName>
		</author>
		<author>
			<persName><forename type="first">Alban</forename><surname>Desmaison</surname></persName>
		</author>
		<author>
			<persName><forename type="first">Andreas</forename><surname>Kopf</surname></persName>
		</author>
		<author>
			<persName><forename type="first">Edward</forename><surname>Yang</surname></persName>
		</author>
		<author>
			<persName><forename type="first">Zachary</forename><surname>Devito</surname></persName>
		</author>
		<author>
			<persName><forename type="first">Martin</forename><surname>Raison</surname></persName>
		</author>
		<author>
			<persName><forename type="first">Alykhan</forename><surname>Tejani</surname></persName>
		</author>
		<author>
			<persName><forename type="first">Sasank</forename><surname>Chilamkurthy</surname></persName>
		</author>
		<author>
			<persName><forename type="first">Benoit</forename><surname>Steiner</surname></persName>
		</author>
		<author>
			<persName><forename type="first">Lu</forename><surname>Fang</surname></persName>
		</author>
		<author>
			<persName><forename type="first">Junjie</forename><surname>Bai</surname></persName>
		</author>
		<author>
			<persName><forename type="first">Soumith</forename><surname>Chintala</surname></persName>
		</author>
	</analytic>
	<monogr>
		<title level="m">Advances in Neural Information Processing Systems</title>
				<editor>
			<persName><forename type="first">H</forename><surname>Wallach</surname></persName>
		</editor>
		<editor>
			<persName><forename type="first">H</forename><surname>Larochelle</surname></persName>
		</editor>
		<editor>
			<persName><forename type="first">A</forename><surname>Beygelzimer</surname></persName>
		</editor>
		<editor>
			<persName><forename type="first">F</forename><surname>Alché-Buc</surname></persName>
		</editor>
		<editor>
			<persName><forename type="first">E</forename><surname>Fox</surname></persName>
		</editor>
		<editor>
			<persName><forename type="first">R</forename><surname>Garnett</surname></persName>
		</editor>
		<imprint>
			<publisher>Curran Associates, Inc</publisher>
			<date type="published" when="2019">2019</date>
			<biblScope unit="volume">32</biblScope>
			<biblScope unit="page" from="8024" to="8035" />
		</imprint>
	</monogr>
	<note type="raw_reference">Adam Paszke, Sam Gross, Francisco Massa, Adam Lerer, James Bradbury, Gregory Chanan, Trevor Killeen, Zeming Lin, Natalia Gimelshein, Luca Antiga, Alban Desmaison, Andreas Kopf, Edward Yang, Zachary DeVito, Martin Raison, Alykhan Te- jani, Sasank Chilamkurthy, Benoit Steiner, Lu Fang, Junjie Bai, and Soumith Chintala. 2019. Py- torch: An imperative style, high-performance deep learning library. In H. Wallach, H. Larochelle, A. Beygelzimer, F. d&apos;Alché-Buc, E. Fox, and R. Gar- nett, editors, Advances in Neural Information Pro- cessing Systems 32, pages 8024-8035. Curran Asso- ciates, Inc.</note>
</biblStruct>

<biblStruct xml:id="b15">
	<monogr>
		<title level="m" type="main">Language models are unsupervised multitask learners</title>
		<author>
			<persName><forename type="first">Alec</forename><surname>Radford</surname></persName>
		</author>
		<author>
			<persName><forename type="first">Jeff</forename><surname>Wu</surname></persName>
		</author>
		<author>
			<persName><forename type="first">Rewon</forename><surname>Child</surname></persName>
		</author>
		<author>
			<persName><forename type="first">David</forename><surname>Luan</surname></persName>
		</author>
		<author>
			<persName><forename type="first">Dario</forename><surname>Amodei</surname></persName>
		</author>
		<author>
			<persName><forename type="first">Ilya</forename><surname>Sutskever</surname></persName>
		</author>
		<imprint>
			<date type="published" when="2019">2019</date>
		</imprint>
	</monogr>
	<note type="raw_reference">Alec Radford, Jeff Wu, Rewon Child, David Luan, Dario Amodei, and Ilya Sutskever. 2019. Language models are unsupervised multitask learners.</note>
</biblStruct>

<biblStruct xml:id="b16">
	<analytic>
		<title level="a" type="main">Exploring the limits of transfer learning with a unified text-totext transformer</title>
		<author>
			<persName><forename type="first">Colin</forename><surname>Raffel</surname></persName>
		</author>
		<author>
			<persName><forename type="first">Noam</forename><surname>Shazeer</surname></persName>
		</author>
		<author>
			<persName><forename type="first">Adam</forename><surname>Roberts</surname></persName>
		</author>
		<author>
			<persName><forename type="first">Katherine</forename><surname>Lee</surname></persName>
		</author>
		<author>
			<persName><forename type="first">Sharan</forename><surname>Narang</surname></persName>
		</author>
		<author>
			<persName><forename type="first">Michael</forename><surname>Matena</surname></persName>
		</author>
		<author>
			<persName><forename type="first">Yanqi</forename><surname>Zhou</surname></persName>
		</author>
		<author>
			<persName><forename type="first">Wei</forename><surname>Li</surname></persName>
		</author>
		<author>
			<persName><forename type="first">Peter</forename><forename type="middle">J</forename><surname>Liu</surname></persName>
		</author>
	</analytic>
	<monogr>
		<title level="j">Journal of Machine Learning Research</title>
		<imprint>
			<biblScope unit="volume">21</biblScope>
			<biblScope unit="issue">140</biblScope>
			<biblScope unit="page" from="1" to="67" />
			<date type="published" when="2020">2020</date>
		</imprint>
	</monogr>
	<note type="raw_reference">Colin Raffel, Noam Shazeer, Adam Roberts, Kather- ine Lee, Sharan Narang, Michael Matena, Yanqi Zhou, Wei Li, and Peter J. Liu. 2020. Exploring the limits of transfer learning with a unified text-to- text transformer. Journal of Machine Learning Re- search, 21(140):1-67.</note>
</biblStruct>

<biblStruct xml:id="b17">
	<analytic>
		<title level="a" type="main">On paraphrase identification corpora</title>
		<author>
			<persName><forename type="first">Rajendra</forename><surname>Vasile Rus</surname></persName>
		</author>
		<author>
			<persName><forename type="first">Mihai</forename><surname>Banjade</surname></persName>
		</author>
		<author>
			<persName><surname>Lintean</surname></persName>
		</author>
	</analytic>
	<monogr>
		<title level="m">Proceedings of the Ninth International Conference on Language Resources and Evaluation (LREC&apos;14)</title>
				<meeting>the Ninth International Conference on Language Resources and Evaluation (LREC&apos;14)<address><addrLine>Reykjavik, Iceland</addrLine></address></meeting>
		<imprint>
			<publisher>European Language Resources Association (ELRA</publisher>
			<date type="published" when="2014">2014</date>
			<biblScope unit="page" from="2422" to="2429" />
		</imprint>
	</monogr>
	<note type="raw_reference">Vasile Rus, Rajendra Banjade, and Mihai Lintean. 2014. On paraphrase identification corpora. In Proceedings of the Ninth International Conference on Language Resources and Evaluation (LREC&apos;14), pages 2422-2429, Reykjavik, Iceland. European Language Resources Association (ELRA).</note>
</biblStruct>

<biblStruct xml:id="b18">
	<analytic>
		<title level="a" type="main">Behavior analysis of NLI models: Uncovering the influence of three factors on robustness</title>
		<author>
			<persName><forename type="first">Ivan</forename><surname>Sanchez</surname></persName>
		</author>
		<author>
			<persName><forename type="first">Jeff</forename><surname>Mitchell</surname></persName>
		</author>
		<author>
			<persName><forename type="first">Sebastian</forename><surname>Riedel</surname></persName>
		</author>
		<idno type="DOI">10.18653/v1/N18-1179</idno>
	</analytic>
	<monogr>
		<title level="m">Proceedings of the 2018 Conference of the North American Chapter of the Association for Computational Linguistics: Human Language Technologies</title>
		<title level="s">Long Papers</title>
		<meeting>the 2018 Conference of the North American Chapter of the Association for Computational Linguistics: Human Language Technologies<address><addrLine>New Orleans, Louisiana</addrLine></address></meeting>
		<imprint>
			<publisher>Association for Computational Linguistics</publisher>
			<date type="published" when="2018">2018</date>
			<biblScope unit="volume">1</biblScope>
			<biblScope unit="page" from="1975" to="1985" />
		</imprint>
	</monogr>
	<note type="raw_reference">Ivan Sanchez, Jeff Mitchell, and Sebastian Riedel. 2018. Behavior analysis of NLI models: Uncover- ing the influence of three factors on robustness. In Proceedings of the 2018 Conference of the North American Chapter of the Association for Computa- tional Linguistics: Human Language Technologies, Volume 1 (Long Papers), pages 1975-1985, New Orleans, Louisiana. Association for Computational Linguistics.</note>
</biblStruct>

<biblStruct xml:id="b19">
	<monogr>
		<title level="m" type="main">An empirical study on robustness to spurious correlations using pre-trained language models</title>
		<author>
			<persName><forename type="first">Lifu</forename><surname>Tu</surname></persName>
		</author>
		<author>
			<persName><forename type="first">Garima</forename><surname>Lalwani</surname></persName>
		</author>
		<imprint>
			<date type="published" when="2020">2020</date>
		</imprint>
	</monogr>
	<note>Spandana Gella, and He He</note>
	<note type="raw_reference">Lifu Tu, Garima Lalwani, Spandana Gella, and He He. 2020. An empirical study on robustness to spurious correlations using pre-trained language models.</note>
</biblStruct>

<biblStruct xml:id="b20">
	<monogr>
		<title level="m" type="main">Glue: A multi-task benchmark and analysis platform for natural language understanding</title>
		<author>
			<persName><forename type="first">Alex</forename><surname>Wang</surname></persName>
		</author>
		<author>
			<persName><forename type="first">Amanpreet</forename><surname>Singh</surname></persName>
		</author>
		<author>
			<persName><forename type="first">Julian</forename><surname>Michael</surname></persName>
		</author>
		<author>
			<persName><forename type="first">Felix</forename><surname>Hill</surname></persName>
		</author>
		<author>
			<persName><forename type="first">Omer</forename><surname>Levy</surname></persName>
		</author>
		<author>
			<persName><forename type="first">Samuel</forename><forename type="middle">R</forename><surname>Bowman</surname></persName>
		</author>
		<imprint>
			<date type="published" when="2019">2019</date>
		</imprint>
	</monogr>
	<note type="raw_reference">Alex Wang, Amanpreet Singh, Julian Michael, Felix Hill, Omer Levy, and Samuel R. Bowman. 2019. Glue: A multi-task benchmark and analysis platform for natural language understanding.</note>
</biblStruct>

<biblStruct xml:id="b21">
	<analytic>
		<title level="a" type="main">Paraphrasing with large language models</title>
		<author>
			<persName><forename type="first">Sam</forename><surname>Witteveen</surname></persName>
		</author>
		<author>
			<persName><forename type="first">Martin</forename><surname>Andrews</surname></persName>
		</author>
		<idno type="DOI">10.18653/v1/D19-5623</idno>
	</analytic>
	<monogr>
		<title level="m">Proceedings of the 3rd Workshop on Neural Generation and Translation</title>
				<meeting>the 3rd Workshop on Neural Generation and Translation<address><addrLine>Hong Kong</addrLine></address></meeting>
		<imprint>
			<publisher>Association for Computational Linguistics</publisher>
			<date type="published" when="2019">2019</date>
			<biblScope unit="page" from="215" to="220" />
		</imprint>
	</monogr>
	<note type="raw_reference">Sam Witteveen and Martin Andrews. 2019. Paraphras- ing with large language models. In Proceedings of the 3rd Workshop on Neural Generation and Trans- lation, pages 215-220, Hong Kong. Association for Computational Linguistics.</note>
</biblStruct>

<biblStruct xml:id="b22">
	<analytic>
		<title level="a" type="main">Transformers: State-of-the-art natural language processing</title>
		<author>
			<persName><forename type="first">Thomas</forename><surname>Wolf</surname></persName>
		</author>
		<author>
			<persName><forename type="first">Lysandre</forename><surname>Debut</surname></persName>
		</author>
		<author>
			<persName><forename type="first">Victor</forename><surname>Sanh</surname></persName>
		</author>
		<author>
			<persName><forename type="first">Julien</forename><surname>Chaumond</surname></persName>
		</author>
		<author>
			<persName><forename type="first">Clement</forename><surname>Delangue</surname></persName>
		</author>
		<author>
			<persName><forename type="first">Anthony</forename><surname>Moi</surname></persName>
		</author>
		<author>
			<persName><forename type="first">Pierric</forename><surname>Cistac</surname></persName>
		</author>
		<author>
			<persName><forename type="first">Tim</forename><surname>Rault</surname></persName>
		</author>
		<author>
			<persName><forename type="first">Remi</forename><surname>Louf</surname></persName>
		</author>
		<author>
			<persName><forename type="first">Morgan</forename><surname>Funtowicz</surname></persName>
		</author>
		<author>
			<persName><forename type="first">Joe</forename><surname>Davison</surname></persName>
		</author>
		<author>
			<persName><forename type="first">Sam</forename><surname>Shleifer</surname></persName>
		</author>
		<author>
			<persName><forename type="first">Clara</forename><surname>Patrick Von Platen</surname></persName>
		</author>
		<author>
			<persName><forename type="first">Yacine</forename><surname>Ma</surname></persName>
		</author>
		<author>
			<persName><forename type="first">Julien</forename><surname>Jernite</surname></persName>
		</author>
		<author>
			<persName><forename type="first">Canwen</forename><surname>Plu</surname></persName>
		</author>
		<author>
			<persName><forename type="first">Teven</forename><surname>Xu</surname></persName>
		</author>
		<author>
			<persName><forename type="first">Sylvain</forename><surname>Le Scao</surname></persName>
		</author>
		<author>
			<persName><forename type="first">Mariama</forename><surname>Gugger</surname></persName>
		</author>
		<author>
			<persName><forename type="first">Quentin</forename><surname>Drame</surname></persName>
		</author>
		<author>
			<persName><forename type="first">Alexander</forename><surname>Lhoest</surname></persName>
		</author>
		<author>
			<persName><surname>Rush</surname></persName>
		</author>
		<idno type="DOI">10.18653/v1/2020.emnlp-demos.6</idno>
	</analytic>
	<monogr>
		<title level="m">Proceedings of the 2020 Conference on Empirical Methods in Natural Language Processing: System Demonstrations</title>
				<meeting>the 2020 Conference on Empirical Methods in Natural Language Processing: System Demonstrations</meeting>
		<imprint>
			<publisher>Online. Association for Computational Linguistics</publisher>
			<date type="published" when="2020">2020</date>
			<biblScope unit="page" from="38" to="45" />
		</imprint>
	</monogr>
	<note type="raw_reference">Thomas Wolf, Lysandre Debut, Victor Sanh, Julien Chaumond, Clement Delangue, Anthony Moi, Pier- ric Cistac, Tim Rault, Remi Louf, Morgan Funtow- icz, Joe Davison, Sam Shleifer, Patrick von Platen, Clara Ma, Yacine Jernite, Julien Plu, Canwen Xu, Teven Le Scao, Sylvain Gugger, Mariama Drame, Quentin Lhoest, and Alexander Rush. 2020. Trans- formers: State-of-the-art natural language process- ing. In Proceedings of the 2020 Conference on Em- pirical Methods in Natural Language Processing: System Demonstrations, pages 38-45, Online. Asso- ciation for Computational Linguistics.</note>
</biblStruct>

<biblStruct xml:id="b23">
	<monogr>
		<title level="m" type="main">On the interplay between fine-tuning and composition in transformers</title>
		<author>
			<persName><forename type="first">Lang</forename><surname>Yu</surname></persName>
		</author>
		<author>
			<persName><forename type="first">Allyson</forename><surname>Ettinger</surname></persName>
		</author>
		<imprint>
			<date type="published" when="2021">2021</date>
		</imprint>
	</monogr>
	<note type="raw_reference">Lang Yu and Allyson Ettinger. 2021. On the interplay between fine-tuning and composition in transform- ers.</note>
</biblStruct>

<biblStruct xml:id="b24">
	<monogr>
		<title level="m" type="main">Paws: Paraphrase adversaries from word scrambling</title>
		<author>
			<persName><forename type="first">Yuan</forename><surname>Zhang</surname></persName>
		</author>
		<author>
			<persName><forename type="first">Jason</forename><surname>Baldridge</surname></persName>
		</author>
		<author>
			<persName><forename type="first">Luheng</forename><surname>He</surname></persName>
		</author>
		<imprint>
			<date type="published" when="2019">2019</date>
		</imprint>
	</monogr>
	<note type="raw_reference">Yuan Zhang, Jason Baldridge, and Luheng He. 2019. Paws: Paraphrase adversaries from word scram- bling.</note>
</biblStruct>

<biblStruct xml:id="b25">
	<monogr>
		<title level="m" type="main">Texygen: A benchmarking platform for text generation models</title>
		<author>
			<persName><forename type="first">Yaoming</forename><surname>Zhu</surname></persName>
		</author>
		<author>
			<persName><forename type="first">Sidi</forename><surname>Lu</surname></persName>
		</author>
		<author>
			<persName><forename type="first">Lei</forename><surname>Zheng</surname></persName>
		</author>
		<author>
			<persName><forename type="first">Jiaxian</forename><surname>Guo</surname></persName>
		</author>
		<author>
			<persName><forename type="first">Weinan</forename><surname>Zhang</surname></persName>
		</author>
		<author>
			<persName><forename type="first">Jun</forename><surname>Wang</surname></persName>
		</author>
		<author>
			<persName><forename type="first">Yong</forename><surname>Yu</surname></persName>
		</author>
		<imprint>
			<date type="published" when="2018">2018</date>
		</imprint>
	</monogr>
	<note type="raw_reference">Yaoming Zhu, Sidi Lu, Lei Zheng, Jiaxian Guo, Weinan Zhang, Jun Wang, and Yong Yu. 2018. Texy- gen: A benchmarking platform for text generation models.</note>
</biblStruct>

				</listBibl>
			</div>
		</back>
	</text>
</TEI>
