<?xml version="1.0" encoding="UTF-8"?>
<TEI xml:space="preserve" xmlns="http://www.tei-c.org/ns/1.0" 
xmlns:xsi="http://www.w3.org/2001/XMLSchema-instance" 
xsi:schemaLocation="http://www.tei-c.org/ns/1.0 https://raw.githubusercontent.com/kermitt2/grobid/master/grobid-home/schemas/xsd/Grobid.xsd"
 xmlns:xlink="http://www.w3.org/1999/xlink">
	<teiHeader xml:lang="en">
		<fileDesc>
			<titleStmt>
				<title level="a" type="main">Investigating person-specific errors in chat-oriented dialogue systems</title>
			</titleStmt>
			<publicationStmt>
				<publisher/>
				<availability status="unknown"><licence/></availability>
			</publicationStmt>
			<sourceDesc>
				<biblStruct>
					<analytic>
						<author>
							<persName><forename type="first">Koh</forename><surname>Mitsuda</surname></persName>
							<email>koh.mitsuda.td@hco.ntt.co.jp</email>
							<affiliation key="aff0">
								<orgName type="institution">NTT Corporation</orgName>
								<address>
									<country key="JP">Japan</country>
								</address>
							</affiliation>
						</author>
						<author>
							<persName><forename type="first">Ryuichiro</forename><surname>Higashinaka</surname></persName>
							<email>ryuichiro.higashinaka.tp@hco.ntt.co.jp</email>
							<affiliation key="aff0">
								<orgName type="institution">NTT Corporation</orgName>
								<address>
									<country key="JP">Japan</country>
								</address>
							</affiliation>
						</author>
						<author>
							<persName><forename type="first">Tingxuan</forename><surname>Li</surname></persName>
							<affiliation key="aff1">
								<orgName type="institution">University of Tsukuba</orgName>
								<address>
									<country key="JP">Japan</country>
								</address>
							</affiliation>
						</author>
						<author>
							<persName><forename type="first">Sen</forename><surname>Yoshida</surname></persName>
							<email>sen.yoshida.tu@hco.ntt.co.jp</email>
							<affiliation key="aff0">
								<orgName type="institution">NTT Corporation</orgName>
								<address>
									<country key="JP">Japan</country>
								</address>
							</affiliation>
						</author>
						<title level="a" type="main">Investigating person-specific errors in chat-oriented dialogue systems</title>
					</analytic>
					<monogr>
						<imprint>
							<date/>
						</imprint>
					</monogr>
					<idno type="MD5">D7F4B349A4D8B43E5AEF28EA89EDE22B</idno>
				</biblStruct>
			</sourceDesc>
		</fileDesc>
		<encodingDesc>
			<appInfo>
				<application version="0.7.3-SNAPSHOT" ident="GROBID" when="2023-01-12T07:22+0000">
					<desc>GROBID - A machine learning software for extracting information from scholarly documents</desc>
					<ref target="https://github.com/kermitt2/grobid"/>
				</application>
			</appInfo>
		</encodingDesc>
		<profileDesc>
			<abstract>
<div xmlns="http://www.tei-c.org/ns/1.0"><p>Creating chatbots to behave like real people is important in terms of believability. Errors in general chatbots and chatbots that follow a rough persona have been studied, but those in chatbots that behave like real people have not been thoroughly investigated. We collected a large amount of user interactions of a generation-based chatbot trained from largescale dialogue data of a specific character, i.e., "target person" and analyzed errors related to that person. We found that person-specific errors can be divided into two types: errors in attributes and those in relations, each of which can be divided into two levels: self and other. The correspondence with an existing taxonomy of errors was also investigated, and person-specific errors that should be addressed in the future were clarified.</p></div>
			</abstract>
		</profileDesc>
	</teiHeader>
	<text xml:lang="en">
		<body>
<div xmlns="http://www.tei-c.org/ns/1.0"><head n="1">Introduction</head><p>Creating chatbots to behave like real people is important in terms of believability <ref type="bibr" target="#b15">(Traum et al., 2015;</ref><ref type="bibr" target="#b5">Higashinaka et al., 2018)</ref>. Errors in general chatbots <ref type="bibr" target="#b3">(Higashinaka et al., 2021)</ref> and chatbots that follow a rough persona <ref type="bibr" target="#b7">(Li et al., 2016;</ref><ref type="bibr" target="#b16">Zhang et al., 2018;</ref><ref type="bibr" target="#b17">Zhou et al., 2020;</ref><ref type="bibr" target="#b6">Inoue et al., 2020;</ref><ref type="bibr" target="#b13">Song et al., 2020;</ref><ref type="bibr" target="#b11">Roller et al., 2020)</ref> have been studied, but those in chatbots that behave like real people have not been thoroughly investigated.</p><p>We analyzed dialogue data between a chatbot that imitates a certain person and users to identify "errors related to the target person" (hereafter referred to as person-specific errors). We collected a large amount of dialogue data between users and the latest generation-based chatbot trained with a large amount of dialogue data of the target person and analyzed the errors. The results indicate that person-specific errors can be divided into two types: errors in attributes and those in relations, each of which can be divided into two levels: self * Work carried out during internship at NTT. and other. The correspondence with the existing taxonomy of errors was also investigated, and errors that should be addressed in the future were clarified.</p></div>
<div xmlns="http://www.tei-c.org/ns/1.0"><head n="2">Dialogue data collection</head><p>We used a chatbot that imitates a specific person. By making the chatbot available to the public, we collected dialogue data from a large number of users.</p></div>
<div xmlns="http://www.tei-c.org/ns/1.0"><head n="2.1">Chatbot</head><p>In our previous study, we collected a large amount of dialogue data on a target person and created a chatbot by fine-tuning a pre-trained encoderdecoder Transformer model <ref type="bibr" target="#b9">(Mitsuda et al., 2021)</ref>. The specific character (i.e., target person) was Amadeus Kurisu, a character in a famous Japanese video game (STEINS;GATE). We used a roleplay-based question-answering (QA) scheme proposed by <ref type="bibr" target="#b5">Higashinaka et al. (2018)</ref>, in which fans of a character provided questions and answers by role-playing to collect the dialogue data on that character. We collected a large amount of QA pairs (44,805) from the fans. To add multiturn dialogues, we additionally created 4,500 dialogues (24,750 utterances) by manually extending the collected QA pairs.</p><p>As a pre-trained dialogue model, we used the Japanese version of BlenderBot (Japanesedialog-transformers<ref type="foot" target="#foot_0">1</ref> ) created by <ref type="bibr" target="#b14">Sugiyama et al. (2021)</ref>. They pre-trained the encoder-decoder Transformer using 2.1B dialogues crawled from Twitter in Japanese then fine-tuned the model with the corpora including the Japanese version of Per-sonaChat <ref type="bibr" target="#b16">(Zhang et al., 2018)</ref> and <ref type="bibr">EmpatheticDialogues (Rashkin et al., 2018)</ref>. We created the chatbot for Kurisu by further fine-tuning the model with the collected QA pairs and extended dialogue data. To evaluate the fine-tuned model, 20 workers interacted with the chatbot by performing 15turn dialogues (a turn corresponds to a user utterance and chatbot utterance: hereafter, system utterance) three times. The subjective evaluation results on naturalness, characterness, and informativeness were 3.87, 3.90, and 3.58, respectively (on a 5-point Likert scale).</p></div>
<div xmlns="http://www.tei-c.org/ns/1.0"><head n="2.2">Large-scale user study</head><p>The chatbot described in the previous section was made public on the Internet, and the dialogues between a large number of users, mostly the fans of Kurisu, and the chatbot were collected. The chatbot was accessible using the direct message function of Twitter for three days. After users agreed to the terms of usage, they could interact with the chatbot. Users could stop the dialogue at any time or interact with it as much as they wanted during the period. At the end of the study, a user questionnaire (on a 5-point Likert scale) was sent out by direct message to the users to evaluate user satisfaction. Note that the users were not paid for their participation.</p><p>We were able to collect the logs of 1,170 user interactions with the chatbot. The total number of user utterances was 80,608, and the average number of utterances for each user was 68.9, indicating that the users used the chatbot for a relatively long time. The average user-satisfaction rating was 4.59 (63.6% response rate), which we believe is very high.</p></div>
<div xmlns="http://www.tei-c.org/ns/1.0"><head n="3">Error analysis</head><p>To extract system utterances causing personspecific errors from the data, we collected four types of information: dialogue breakdown labels, comments on the reasons for the breakdown <ref type="bibr" target="#b4">(Higashinaka et al., 2015)</ref>, flags indicating whether the comments were about the person in question, and error types in chat-oriented dialogue systems <ref type="bibr" target="#b3">(Higashinaka et al., 2021)</ref>. We first collected the dialogue breakdown labels and comments on their reasons. If the comments contained keywords related to Kurisu, we considered the system utterances with those comments as indicating person-specific errors and extracted the comments for analysis. We also annotated system utterances with the error types in chat-oriented dialogue systems for investigating the correspondence between the existing taxonomy of errors and person-specific errors. </p></div>
<div xmlns="http://www.tei-c.org/ns/1.0"><head n="3.1">Dialogue breakdown annotation</head><p>We sampled and annotated 13% (= 10,611/80,608) of the data due to the limited annotation resources.</p><p>The sampled system utterances were annotated with the three types of breakdown labels <ref type="bibr" target="#b4">(Higashinaka et al., 2015)</ref> of "not a breakdown (NB)", "possible breakdown (PB)", and "breakdown (B)".</p><p>Five crowdworkers who had sufficient knowledge of Kurisu annotated these labels to the system utterances independently. The workers were instructed to provide comments to describe the errors that led to the breakdowns.</p><p>Table <ref type="table" target="#tab_0">1</ref> shows the annotation results of the dialogue breakdown labels. The percentage of NBs was 89%, indicating that the dialogue was successful in the majority of cases. The interannotator agreement rate was 0.23 for the Fleiss' kappa when NB/PB/B were treated separately and 0.30 when PB/B were merged, which was at the same level as in the study by <ref type="bibr" target="#b4">Higashinaka et al. (2015)</ref>, which we consider reasonable due to the subjective nature of the task. In the following analysis, the system utterances in which more than half the workers marked PB or B were considered for error analysis. The number of such utterances was 817 (7.7%). The error comments (2,846) given to these utterances were also retrieved for analysis.</p></div>
<div xmlns="http://www.tei-c.org/ns/1.0"><head n="3.2">Annotation of error types and person-related flags</head><p>Two types of information were assigned to the erroneous system utterances and error comments.</p><p>The first is the error types in chat-oriented dialogue systems <ref type="bibr" target="#b3">(Higashinaka et al., 2021)</ref>. This labeling was done by an in-house expert worker.</p><p>The second is a flag indicating whether personrelated keywords are present in the error comment. By referring to the resources of Kurisu, we manually created a lexicon of that character.  The size of the lexicon was 53 words. If a word in the lexicon was included in each comment, it was flagged as that related to Kurisu. For example, the lexicon includes Kurisu, Mayuri (the name of Kurisu's friend), @channel (the website that Kurisu is familiar with), and Akihabara (the place where Kurisu resides). o Table <ref type="table" target="#tab_2">2</ref> shows the annotation results of the error types and number of person-specific errors for each type. In the total number of dialogue breakdowns (817), 168 (20.1%) were caused by personspecific errors, and more than half (53.1%) of the utterances in (I4) Wrong information were personspecific errors.</p></div>
<div xmlns="http://www.tei-c.org/ns/1.0"><head n="4">Person-specific error analysis</head><p>We automatically clustered the error comments related to the target person and investigated the characteristics the person-specific errors.</p></div>
<div xmlns="http://www.tei-c.org/ns/1.0"><head n="4.1">Clustering person-specific errors</head><p>We used hierarchical clustering by using bag-ofwords as the clustering method. The 168 comments annotated to the 168 person-specific errors shown in Table <ref type="table" target="#tab_2">2</ref> were used for clustering. A Japanese morphological analyzer JTAG <ref type="bibr" target="#b1">(Fuchi and Takagi, 1998)</ref> was used. Low-frequency words (those appearing less than three times in the 168 comments) were excluded. The vector  Table <ref type="table">3</ref>: Matrix of person-specific errors of each comment was normalized for the clustering. Single-linkage clustering, Ward's method, and squared Euclidean distance were specified as clustering parameters. The number of clusters was set so that the size of each cluster would be at least 10% of the total comments. Figure <ref type="figure" target="#fig_0">1</ref> shows the clustering results of the comments. The figure shows four clusters with the comments that were nearest to the centroid of each cluster, representing salient comments. In Cluster 1, the chatbot was not able to properly discuss topics related to the environment around Kurisu. In Cluster 2, the chatbot suddenly called the user by a different name (e.g., the name of the Kurisu's friend), or gave a name that was irrelevant to the current topic. In Cluster 3, the chatbot provided incorrect information about Kurisu. In Cluster 4, the chatbot mistakenly called Kurisu by a differ-ent name. From such an observation, we can see that Clusters1 and 3 are about errors related to the knowledge of the target person, and Clusters 2 and 4 are about errors regarding the misrecognition of relationships. In addition, Clusters 3 and 4 are about errors regarding the target person, while Clusters 1 and 2 are errors about the target person's environment.</p><p>On the basis of the above interpretation, we conclude that person-specific errors can be divided into two types: errors in attributes (regarding people and things) and errors in relations between them, each of which can be further divided into two levels: self (the target person) and other (surrounding environment of the person such as friends). The matrix of person-specific errors is given in Table <ref type="table">3</ref>: (P1) Self-recognition error corresponds to Cluster 3, (P2) Self-relation error corresponds to Cluster 4, (P3) Other-recognition error corresponds to Cluster 1, and (P4) Other-relation error corresponds to Cluster 2.</p></div>
<div xmlns="http://www.tei-c.org/ns/1.0"><head n="4.2">Definition of person-specific errors</head><p>Each error type is described in detail using actual dialogue examples taken from user interactions with the chatbot. The dialogues were originally in Japanese and translated by the authors. User and the chatbot is denoted as 'U' and the chatbot is denoted as 'S' in the following dialogues.</p><p>(P1): Self-recognition error: The error is related to the target person's, i.e., Kurisu's, information (profile, likes/dislikes, experience, etc.).</p><p>(1) U: I like you Kurisu.</p><p>S: I am neither AI nor AI Kurisu. (2) U: You are so blunt to me Christina! S: Hello, I'm AI Christina.</p><p>Underlines indicate phrases that are regarded as the cause of the dialogue breakdown by the authors. In dialogue (1), since Kurisu is an AI character, the profile of Kurisu is wrong. In dialogue (2), the chatbot should not have used the nickname "Christina," because Kurisu dislikes it. Her likes and dislikes are wrong.</p><p>(P2): Self-relation error: This error means that the chatbot mistook the target person for another person (acquaintance, user, or famous person) or thing.</p><p>(3) S: My name is Kurisu Makise. Today's experiment is almost over.</p><p>U: I want to talk a lot more. S: Are you really Kurisu Makise? (4) U: Who is Mayuri? (Kurisu's friend).</p><p>S: She is also known as Kurisu Makise.</p><p>In dialogue (3), since the chatbot called the user Kurisu Makise, it mistook itself for another person (i.e., the user). In dialogue (4), the user was asking about Mayuri, but the chatbot talked about itself, mistaking itself for someone else (i.e., Mayuri).</p><p>(P3): Other-recognition error: This error indicates the inability to respond to topics of the people surrounding the target person (acquaintances, user, or famous people) or things that the target person is knowledgeable about (favorite things, etc.).</p><p>(5) S: Even boys can be cute, you know. U: Oh, oh. For example? S: Mayuri, Mayuri, (Kurisu's frined), etc. (6) U: "nurupo" (Internet slang Kurisu knows) S: My name is Amadeus Kurisu.</p><p>In dialogue (5), since Mayuri is not a boy, the knowledge about the person around Kurisu was incorrect. In dialogue (6), since "nurupo" is an Internet slang that Kurisu knows well, the chatbot has to reply with the traditional response ("ga"), but it was not able to do that.</p><p>(P4): Other-relation error: This error is that the chatbot mistook a person or thing other than the target person (an acquaintance, user, or famous person) for another person or thing.</p><p>(7) U: I love Amadeus Kurisu. S: Yes. I like you too. Mayuri. (8) U: What's Suzuha (Kurisu's friend) doing? S: Well, Mayuri's voice will save the world.</p><p>In dialogue (7), the chatbot called the user "Mayuri", and the system mistook someone other than Kurisu for someone else (in this case, the target person's friend). In dialogue (8), the chatbot responded to a question about Suzuha with Mayuri., i.e., the person (Suzuha) was mistaken for another person (Mayuri).</p></div>
<div xmlns="http://www.tei-c.org/ns/1.0"><head n="4.3">Evaluation of person-specific errors</head><p>To evaluate the validity of the types of personspecific errors, we investigated inter-annotator agreement in the annotation of the four types (P1-P4). We applied the methods described in  Section 3 to the data not used in the above analysis, resulting in 50 new person-specific error instances obtained from sampled 3,200 system utterances. When annotating the types of personspecific errors, only an utterance labeled as a dialogue breakdown and its preceding three utterances were given to annotators as a context. Two in-house expert annotators conducted the annotation. The definition of person-specific errors described in Section 4.2 was given to the workers as instruction. As a result, the inter-annotator agreement was 0.46 in Cohen's kappa, which indicates a moderate agreement and suggests the validity of the types of person-specific errors.</p></div>
<div xmlns="http://www.tei-c.org/ns/1.0"><head n="4.4">Correspondence with existing error types</head><p>Table <ref type="table" target="#tab_5">4</ref> shows the correspondence between person-specific errors and the conventional error taxonomy. The table was created by merging the results shown in Table <ref type="table" target="#tab_2">2</ref> and Figure <ref type="figure" target="#fig_0">1</ref>. Errors on the self-level appeared most frequently, accounting for about half (42.3% + 15.5% = 57.8%) of the person-specific errors. The fact that there were many errors on the others level suggests that the person's environment, such as friends, was also frequently talked about. Each person-specific error corresponded to multiple error types in the conventional taxonomy; thus, we were able to discover different aspects of errors. The (P1) Self-recognition error was particularly common in (I10) Unclear intention, that is, meaning uttering an unknown intention, such as suddenly changing what the person calls oneself (e.g. from "I" to a nickname). In addition, (P1) Self-recognition error was a common error in (I4) Wrong information, i.e., uttering incorrect information about oneself. The (P2) Self-relation error was also common, especially in (I4) Wrong information, i.e., an error of confusing oneself with a user or oneself with a friend. The (P2) Self-relation error was the next most common in (I10) Unclear intention, such as suddenly men-tioning a close friend in a conversation about oneself. In (P3) Other-recognition error and (P4) Other-relation error, there were system utterances of not being able to respond appropriately to topics about people/things the target person is familar with, e.g., incorrect information about them or confusion between users and friends.</p><p>From the results of investigating person-specific errors, it became clear that the most common errors were regarding information about the target person then its surrounding environment. Among the error types in the conventional taxonomy, the (I4) Wrong information appeared frequently, confirming the importance of studies on personaconsistent dialogue. In addition to information about the target person, knowledge about the target person's environment is also considered important. Current dialogue systems often do not explicitly model the relationships between people and things, therefore a model that takes into account the knowledge graphs of relationships would be effective <ref type="bibr" target="#b2">(Ghazvininejad et al., 2018;</ref><ref type="bibr" target="#b0">Dinan et al., 2019)</ref>.</p></div>
<div xmlns="http://www.tei-c.org/ns/1.0"><head n="5">Summary and future work</head><p>We analyzed dialogue data between a chatbot that imitates a specific person and users to identify person-specific errors that have not been considered thoroughly before. We found that personspecific errors can be divided into four types: self-recognition error, self-relation error, otherrecognition error, and other-relation error, which are useful as a guideline for constructing chatbots that are based on specific people.</p><p>Future work includes the application of unlikelihood training <ref type="bibr" target="#b17">(Li et al., 2020)</ref> or a classifier to estimate the identity of a speaker <ref type="bibr" target="#b12">(Shuster et al., 2021)</ref> for suppressing person-specific errors. We focused on one specific person in this paper; thus, it will also be important to consider the generality of the results.</p></div><figure xmlns="http://www.tei-c.org/ns/1.0" xml:id="fig_0"><head>Figure 1 :</head><label>1</label><figDesc>Figure 1: Clusters of comments given to personspecific errors</figDesc></figure>
<figure xmlns="http://www.tei-c.org/ns/1.0" type="table" xml:id="tab_0"><head>Table 1 :</head><label>1</label><figDesc>Statistics of annotated dialogue breakdown labels</figDesc><table><row><cell>No. of system utterances</cell><cell>10,611</cell></row><row><cell>No. of users (dialogues)</cell><cell>385</cell></row><row><cell>No. of workers for dialogue breakdown annotation</cell><cell>5</cell></row><row><cell>No. of annotated dialogue breakdown labels</cell><cell>53,055</cell></row><row><cell>No. of not breakdowns (NBs)</cell><cell>47,200 (89.0%)</cell></row><row><cell>No. of possible breakdowns (PBs)</cell><cell>3,678 (6.9%)</cell></row><row><cell>No. of breakdowns (Bs)</cell><cell>2,177 (4.1%)</cell></row><row><cell>No. of NB utterances (by majority)</cell><cell>9,794 (92.3%)</cell></row><row><cell>No. of PB/B utterances (by majority)</cell><cell>817 (7.7%)</cell></row></table></figure>
<figure xmlns="http://www.tei-c.org/ns/1.0" type="table" xml:id="tab_2"><head>Table 2 :</head><label>2</label><figDesc>Results of labeling each error-containing utterance with error type<ref type="bibr" target="#b3">(Higashinaka et al., 2021)</ref> and whether it was person-specific error. Numbers in each column indicate number of utterances, and those in parentheses indicate percentage of total number of utterances containing errors.</figDesc><table /></figure>
<figure xmlns="http://www.tei-c.org/ns/1.0" type="table" xml:id="tab_3"><head></head><label></label><figDesc>Cluster 1 (size: 37) • The chatbot is Kurisu, but it didn't understand Mozart (Kurisu's favorite artist). • I find it strange that Kurisu calls Okabe (Kurisu's friend) "senpai" (senior colleague). • Kurisu was asked about Okabe but she didn't answer the question.</figDesc><table><row><cell>Cluster 2 (size: 34)</cell></row><row><cell>• It's a breakdown that chatbot suddenly called</cell></row><row><cell>Suzuha as Mayuri (they are Kurisu's friends).</cell></row><row><cell>• The chatbot recognized the user as Mayuri.</cell></row><row><cell>• It doesn't make sense that the story about a gift</cell></row><row><cell>for Mayuri changed to a story about a gift from</cell></row><row><cell>Mayuri.</cell></row><row><cell>Cluster 3 (size: 71)</cell></row><row><cell>• It's strange because the original Kurisu</cell></row><row><cell>shouldn't be there.</cell></row><row><cell>• Kurisu mistook itself for a man (Kurisu is a</cell></row><row><cell>woman).</cell></row><row><cell>• If the setting allows Kurisu to regard herself as</cell></row><row><cell>human, then it's OK. (Kurisu is an AI)</cell></row><row><cell>Cluster 4 (size: 26)</cell></row><row><cell>• Kurisu said her last name is Ueda (common</cell></row><row><cell>name in Japan), which is strange</cell></row><row><cell>• It is strange that Kurisu called herself</cell></row><row><cell>Christmas.</cell></row><row><cell>• It is strange that Kurisu called herself Mozart.</cell></row></table></figure>
<figure xmlns="http://www.tei-c.org/ns/1.0" type="table" xml:id="tab_5"><head>Table 4 :</head><label>4</label><figDesc>Correspondence between person-specific errors and conventional error taxonomy. Percentages show those from total number of person-specific errors (168).</figDesc><table /></figure>
			<note xmlns="http://www.tei-c.org/ns/1.0" place="foot" n="1" xml:id="foot_0">https://github.com/nttcslab/ japanese-dialog-transformers</note>
		</body>
		<back>
			<div type="references">

				<listBibl>

<biblStruct xml:id="b0">
	<analytic>
		<title level="a" type="main">Wizard of Wikipedia: Knowledge-powered conversational agents</title>
		<author>
			<persName><forename type="first">Emily</forename><surname>Dinan</surname></persName>
		</author>
		<author>
			<persName><forename type="first">Stephen</forename><surname>Roller</surname></persName>
		</author>
		<author>
			<persName><forename type="first">Kurt</forename><surname>Shuster</surname></persName>
		</author>
		<author>
			<persName><forename type="first">Angela</forename><surname>Fan</surname></persName>
		</author>
		<author>
			<persName><forename type="first">Michael</forename><surname>Auli</surname></persName>
		</author>
		<author>
			<persName><forename type="first">Jason</forename><surname>Weston</surname></persName>
		</author>
	</analytic>
	<monogr>
		<title level="m">Proc. of ICLR</title>
				<meeting>of ICLR</meeting>
		<imprint>
			<date type="published" when="2019">2019</date>
			<biblScope unit="page" from="1" to="18" />
		</imprint>
	</monogr>
	<note type="raw_reference">Emily Dinan, Stephen Roller, Kurt Shuster, Angela Fan, Michael Auli, and Jason Weston. 2019. Wizard of Wikipedia: Knowledge-powered conversational agents. In Proc. of ICLR, pages 1-18.</note>
</biblStruct>

<biblStruct xml:id="b1">
	<analytic>
		<title level="a" type="main">Japanese morphological analyzer using word co-occurrence -JTAG</title>
		<author>
			<persName><forename type="first">Takeshi</forename><surname>Fuchi</surname></persName>
		</author>
		<author>
			<persName><forename type="first">Shinichiro</forename><surname>Takagi</surname></persName>
		</author>
	</analytic>
	<monogr>
		<title level="m">Proc. of COLING</title>
				<meeting>of COLING</meeting>
		<imprint>
			<date type="published" when="1998">1998</date>
			<biblScope unit="page" from="409" to="413" />
		</imprint>
	</monogr>
	<note type="raw_reference">Takeshi Fuchi and Shinichiro Takagi. 1998. Japanese morphological analyzer using word co-occurrence - JTAG-. In Proc. of COLING, pages 409-413.</note>
</biblStruct>

<biblStruct xml:id="b2">
	<analytic>
		<title level="a" type="main">A knowledge-grounded neural conversation model</title>
		<author>
			<persName><forename type="first">Marjan</forename><surname>Ghazvininejad</surname></persName>
		</author>
		<author>
			<persName><forename type="first">Chris</forename><surname>Brockett</surname></persName>
		</author>
		<author>
			<persName><forename type="first">Ming-Wei</forename><surname>Chang</surname></persName>
		</author>
		<author>
			<persName><forename type="first">Bill</forename><surname>Dolan</surname></persName>
		</author>
		<author>
			<persName><forename type="first">Jianfeng</forename><surname>Gao</surname></persName>
		</author>
		<author>
			<persName><forename type="first">Wen-Tau</forename><surname>Yih</surname></persName>
		</author>
		<author>
			<persName><forename type="first">Michel</forename><surname>Galley</surname></persName>
		</author>
	</analytic>
	<monogr>
		<title level="m">Proc. of AAAI</title>
				<meeting>of AAAI</meeting>
		<imprint>
			<date type="published" when="2018">2018</date>
			<biblScope unit="page" from="5110" to="5117" />
		</imprint>
	</monogr>
	<note type="raw_reference">Marjan Ghazvininejad, Chris Brockett, Ming-Wei Chang, Bill Dolan, Jianfeng Gao, Wen-tau Yih, and Michel Galley. 2018. A knowledge-grounded neural conversation model. In Proc. of AAAI, pages 5110- 5117.</note>
</biblStruct>

<biblStruct xml:id="b3">
	<analytic>
		<title level="a" type="main">Integrated taxonomy of errors in chat-oriented dialogue systems</title>
		<author>
			<persName><forename type="first">Ryuichiro</forename><surname>Higashinaka</surname></persName>
		</author>
		<author>
			<persName><forename type="first">Masahiro</forename><surname>Araki</surname></persName>
		</author>
		<author>
			<persName><forename type="first">Hiroshi</forename><surname>Tsukahara</surname></persName>
		</author>
		<author>
			<persName><forename type="first">Masahiro</forename><surname>Mizukami</surname></persName>
		</author>
	</analytic>
	<monogr>
		<title level="m">Proc. of SIGDIAL</title>
				<meeting>of SIGDIAL</meeting>
		<imprint>
			<date type="published" when="2021">2021</date>
			<biblScope unit="page" from="89" to="98" />
		</imprint>
	</monogr>
	<note type="raw_reference">Ryuichiro Higashinaka, Masahiro Araki, Hiroshi Tsukahara, and Masahiro Mizukami. 2021. Inte- grated taxonomy of errors in chat-oriented dialogue systems. In Proc. of SIGDIAL, pages 89-98.</note>
</biblStruct>

<biblStruct xml:id="b4">
	<analytic>
		<title level="a" type="main">Fatal or not? finding errors that lead to dialogue breakdowns in chat-oriented dialogue systems</title>
		<author>
			<persName><forename type="first">Ryuichiro</forename><surname>Higashinaka</surname></persName>
		</author>
		<author>
			<persName><forename type="first">Masahiro</forename><surname>Mizukami</surname></persName>
		</author>
		<author>
			<persName><forename type="first">Kotaro</forename><surname>Funakoshi</surname></persName>
		</author>
		<author>
			<persName><forename type="first">Masahiro</forename><surname>Araki</surname></persName>
		</author>
		<author>
			<persName><forename type="first">Hiroshi</forename><surname>Tsukahara</surname></persName>
		</author>
		<author>
			<persName><forename type="first">Yuka</forename><surname>Kobayashi</surname></persName>
		</author>
	</analytic>
	<monogr>
		<title level="m">Proc. of EMNLP</title>
				<meeting>of EMNLP</meeting>
		<imprint>
			<date type="published" when="2015">2015</date>
			<biblScope unit="page" from="2243" to="2248" />
		</imprint>
	</monogr>
	<note type="raw_reference">Ryuichiro Higashinaka, Masahiro Mizukami, Kotaro Funakoshi, Masahiro Araki, Hiroshi Tsukahara, and Yuka Kobayashi. 2015. Fatal or not? finding errors that lead to dialogue breakdowns in chat-oriented di- alogue systems. In Proc. of EMNLP, pages 2243- 2248.</note>
</biblStruct>

<biblStruct xml:id="b5">
	<analytic>
		<title level="a" type="main">Role play-based question-answering by real users for building chatbots with consistent personalities</title>
		<author>
			<persName><forename type="first">Ryuichiro</forename><surname>Higashinaka</surname></persName>
		</author>
		<author>
			<persName><forename type="first">Masahiro</forename><surname>Mizukami</surname></persName>
		</author>
		<author>
			<persName><forename type="first">Hidetoshi</forename><surname>Kawabata</surname></persName>
		</author>
		<author>
			<persName><forename type="first">Emi</forename><surname>Yamaguchi</surname></persName>
		</author>
		<author>
			<persName><forename type="first">Noritake</forename><surname>Adachi</surname></persName>
		</author>
		<author>
			<persName><forename type="first">Junji</forename><surname>Tomita</surname></persName>
		</author>
	</analytic>
	<monogr>
		<title level="m">Proc. of SIGDIAL</title>
				<meeting>of SIGDIAL</meeting>
		<imprint>
			<date type="published" when="2018">2018</date>
			<biblScope unit="page" from="264" to="272" />
		</imprint>
	</monogr>
	<note type="raw_reference">Ryuichiro Higashinaka, Masahiro Mizukami, Hidetoshi Kawabata, Emi Yamaguchi, Noritake Adachi, and Junji Tomita. 2018. Role play-based question-answering by real users for building chatbots with consistent personalities. In Proc. of SIGDIAL, pages 264-272.</note>
</biblStruct>

<biblStruct xml:id="b6">
	<analytic>
		<title level="a" type="main">An attentive listening system with android ERICA: Comparison of autonomous and woz interactions</title>
		<author>
			<persName><forename type="first">Koji</forename><surname>Inoue</surname></persName>
		</author>
		<author>
			<persName><forename type="first">Divesh</forename><surname>Lala</surname></persName>
		</author>
		<author>
			<persName><forename type="first">Kenta</forename><surname>Yamamoto</surname></persName>
		</author>
		<author>
			<persName><forename type="first">Shizuka</forename><surname>Nakamura</surname></persName>
		</author>
		<author>
			<persName><forename type="first">Katsuya</forename><surname>Takanashi</surname></persName>
		</author>
		<author>
			<persName><forename type="first">Tatsuya</forename><surname>Kawahara</surname></persName>
		</author>
	</analytic>
	<monogr>
		<title level="m">Proc. of SIGDIAL</title>
				<meeting>of SIGDIAL</meeting>
		<imprint>
			<date type="published" when="2020">2020</date>
			<biblScope unit="page" from="118" to="127" />
		</imprint>
	</monogr>
	<note type="raw_reference">Koji Inoue, Divesh Lala, Kenta Yamamoto, Shizuka Nakamura, Katsuya Takanashi, and Tatsuya Kawa- hara. 2020. An attentive listening system with an- droid ERICA: Comparison of autonomous and woz interactions. In Proc. of SIGDIAL, pages 118-127.</note>
</biblStruct>

<biblStruct xml:id="b7">
	<analytic>
		<title level="a" type="main">A persona-based neural conversation model</title>
		<author>
			<persName><forename type="first">Jiwei</forename><surname>Li</surname></persName>
		</author>
		<author>
			<persName><forename type="first">Michel</forename><surname>Galley</surname></persName>
		</author>
		<author>
			<persName><forename type="first">Chris</forename><surname>Brockett</surname></persName>
		</author>
		<author>
			<persName><forename type="first">Georgios</forename><surname>Spithourakis</surname></persName>
		</author>
		<author>
			<persName><forename type="first">Jianfeng</forename><surname>Gao</surname></persName>
		</author>
		<author>
			<persName><forename type="first">Bill</forename><surname>Dolan</surname></persName>
		</author>
	</analytic>
	<monogr>
		<title level="m">Proc. of ACL</title>
				<meeting>of ACL</meeting>
		<imprint>
			<date type="published" when="2016">2016</date>
			<biblScope unit="page" from="994" to="1003" />
		</imprint>
	</monogr>
	<note type="raw_reference">Jiwei Li, Michel Galley, Chris Brockett, Georgios Sp- ithourakis, Jianfeng Gao, and Bill Dolan. 2016. A persona-based neural conversation model. In Proc. of ACL, pages 994-1003.</note>
</biblStruct>

<biblStruct xml:id="b8">
	<analytic>
		<title level="a" type="main">Don&apos;t say that! making inconsistent dialogue unlikely with unlikelihood training</title>
		<author>
			<persName><forename type="first">Margaret</forename><surname>Li</surname></persName>
		</author>
		<author>
			<persName><forename type="first">Stephen</forename><surname>Roller</surname></persName>
		</author>
		<author>
			<persName><forename type="first">Ilia</forename><surname>Kulikov</surname></persName>
		</author>
		<author>
			<persName><forename type="first">Sean</forename><surname>Welleck</surname></persName>
		</author>
		<author>
			<persName><forename type="first">Y-Lan</forename><surname>Boureau</surname></persName>
		</author>
		<author>
			<persName><forename type="first">Kyunghyun</forename><surname>Cho</surname></persName>
		</author>
		<author>
			<persName><forename type="first">Jason</forename><surname>Weston</surname></persName>
		</author>
	</analytic>
	<monogr>
		<title level="m">Proc. of ACL</title>
				<meeting>of ACL</meeting>
		<imprint>
			<date type="published" when="2020">2020</date>
			<biblScope unit="page" from="4715" to="4728" />
		</imprint>
	</monogr>
	<note type="raw_reference">Margaret Li, Stephen Roller, Ilia Kulikov, Sean Welleck, Y-Lan Boureau, Kyunghyun Cho, and Ja- son Weston. 2020. Don&apos;t say that! making inconsis- tent dialogue unlikely with unlikelihood training. In Proc. of ACL, pages 4715-4728.</note>
</biblStruct>

<biblStruct xml:id="b9">
	<analytic>
		<title level="a" type="main">Fine-tuning a pretrained transformer-based encoder-decoder model with user-generated question-answer pairs to realize character-like chatbots</title>
		<author>
			<persName><forename type="first">Koh</forename><surname>Mitsuda</surname></persName>
		</author>
		<author>
			<persName><forename type="first">Ryuichiro</forename><surname>Higashinaka</surname></persName>
		</author>
		<author>
			<persName><forename type="first">Hiroaki</forename><surname>Sugiyama</surname></persName>
		</author>
		<author>
			<persName><forename type="first">Masahiro</forename><surname>Mizukami</surname></persName>
		</author>
		<author>
			<persName><forename type="first">Tetsuya</forename><surname>Kinebuchi</surname></persName>
		</author>
		<author>
			<persName><forename type="first">Ryuta</forename><surname>Nakamura</surname></persName>
		</author>
		<author>
			<persName><forename type="first">Noritake</forename><surname>Adachi</surname></persName>
		</author>
		<author>
			<persName><forename type="first">Hidetoshi</forename><surname>Kawabata</surname></persName>
		</author>
	</analytic>
	<monogr>
		<title level="m">Proc. of IWSDS</title>
				<meeting>of IWSDS</meeting>
		<imprint>
			<date type="published" when="2021">2021</date>
			<biblScope unit="page" from="1" to="14" />
		</imprint>
	</monogr>
	<note type="raw_reference">Koh Mitsuda, Ryuichiro Higashinaka, Hiroaki Sugiyama, Masahiro Mizukami, Tetsuya Kineb- uchi, Ryuta Nakamura, Noritake Adachi, and Hidetoshi Kawabata. 2021. Fine-tuning a pre- trained transformer-based encoder-decoder model with user-generated question-answer pairs to realize character-like chatbots. In Proc. of IWSDS, pages 1-14.</note>
</biblStruct>

<biblStruct xml:id="b10">
	<analytic>
		<title level="a" type="main">Event2Mind: Commonsense inference on events, intents, and reactions</title>
		<author>
			<persName><forename type="first">Maarten</forename><surname>Hannah Rashkin</surname></persName>
		</author>
		<author>
			<persName><forename type="first">Emily</forename><surname>Sap</surname></persName>
		</author>
		<author>
			<persName><forename type="first">Noah</forename><forename type="middle">A</forename><surname>Allaway</surname></persName>
		</author>
		<author>
			<persName><surname>Smith Yejin</surname></persName>
		</author>
		<author>
			<persName><surname>Choi</surname></persName>
		</author>
	</analytic>
	<monogr>
		<title level="m">Proc. of ACL</title>
				<meeting>of ACL</meeting>
		<imprint>
			<date type="published" when="2018">2018</date>
			<biblScope unit="page" from="463" to="473" />
		</imprint>
	</monogr>
	<note type="raw_reference">Hannah Rashkin, Maarten Sap, and Emily Allaway Noah A. Smith Yejin Choi. 2018. Event2Mind: Commonsense inference on events, intents, and re- actions. In Proc. of ACL, pages 463-473.</note>
</biblStruct>

<biblStruct xml:id="b11">
	<monogr>
		<title level="m" type="main">Open-domain conversational agents: Current progress, open problems, and future directions</title>
		<author>
			<persName><forename type="first">Stephen</forename><surname>Roller</surname></persName>
		</author>
		<author>
			<persName><forename type="first">Y-Lan</forename><surname>Boureau</surname></persName>
		</author>
		<author>
			<persName><forename type="first">Jason</forename><surname>Weston</surname></persName>
		</author>
		<author>
			<persName><forename type="first">Antoine</forename><surname>Bordes</surname></persName>
		</author>
		<author>
			<persName><forename type="first">Emily</forename><surname>Dinan</surname></persName>
		</author>
		<author>
			<persName><forename type="first">Angela</forename><surname>Fan</surname></persName>
		</author>
		<author>
			<persName><forename type="first">David</forename><surname>Gunning</surname></persName>
		</author>
		<author>
			<persName><forename type="first">Da</forename><surname>Ju</surname></persName>
		</author>
		<author>
			<persName><forename type="first">Margaret</forename><surname>Li</surname></persName>
		</author>
		<author>
			<persName><forename type="first">Spencer</forename><surname>Poff</surname></persName>
		</author>
		<idno type="arXiv">arXiv:2006.12442</idno>
		<imprint>
			<date type="published" when="2020">2020</date>
		</imprint>
	</monogr>
	<note type="report_type">arXiv preprint</note>
	<note type="raw_reference">Stephen Roller, Y-Lan Boureau, Jason Weston, An- toine Bordes, Emily Dinan, Angela Fan, David Gunning, Da Ju, Margaret Li, Spencer Poff, et al. 2020. Open-domain conversational agents: Cur- rent progress, open problems, and future directions. arXiv preprint arXiv:2006.12442.</note>
</biblStruct>

<biblStruct xml:id="b12">
	<monogr>
		<title level="m" type="main">Am I me or you? state-of-the-art dialogue models cannot maintain an identity</title>
		<author>
			<persName><forename type="first">Kurt</forename><surname>Shuster</surname></persName>
		</author>
		<author>
			<persName><forename type="first">Jack</forename><surname>Urbanek</surname></persName>
		</author>
		<author>
			<persName><forename type="first">Arthur</forename><surname>Szlam</surname></persName>
		</author>
		<author>
			<persName><forename type="first">Jason</forename><surname>Weston</surname></persName>
		</author>
		<idno type="arXiv">arXiv:2112.05843</idno>
		<imprint>
			<date type="published" when="2021">2021</date>
		</imprint>
	</monogr>
	<note type="report_type">arXiv preprint</note>
	<note type="raw_reference">Kurt Shuster, Jack Urbanek, Arthur Szlam, and Jason Weston. 2021. Am I me or you? state-of-the-art dialogue models cannot maintain an identity. arXiv preprint arXiv:2112.05843.</note>
</biblStruct>

<biblStruct xml:id="b13">
	<monogr>
		<author>
			<persName><forename type="first">Haoyu</forename><surname>Song</surname></persName>
		</author>
		<author>
			<persName><forename type="first">Yan</forename><surname>Wang</surname></persName>
		</author>
		<author>
			<persName><forename type="first">Wei-Nan</forename><surname>Zhang</surname></persName>
		</author>
		<author>
			<persName><forename type="first">Xiaojiang</forename><surname>Liu</surname></persName>
		</author>
		<author>
			<persName><forename type="first">Ting</forename><surname>Liu</surname></persName>
		</author>
		<idno type="arXiv">arXiv:2004.07672</idno>
		<title level="m">Generate, delete and rewrite: A three-stage framework for improving persona consistency of dialogue generation</title>
				<imprint>
			<date type="published" when="2020">2020</date>
		</imprint>
	</monogr>
	<note type="report_type">arXiv preprint</note>
	<note type="raw_reference">Haoyu Song, Yan Wang, Wei-Nan Zhang, Xiaojiang Liu, and Ting Liu. 2020. Generate, delete and rewrite: A three-stage framework for improving persona consistency of dialogue generation. arXiv preprint arXiv:2004.07672.</note>
</biblStruct>

<biblStruct xml:id="b14">
	<monogr>
		<title level="m" type="main">Empirical analysis of training strategies of transformerbased Japanese chit-chat systems</title>
		<author>
			<persName><forename type="first">Hiroaki</forename><surname>Sugiyama</surname></persName>
		</author>
		<author>
			<persName><forename type="first">Masahiro</forename><surname>Mizukami</surname></persName>
		</author>
		<author>
			<persName><forename type="first">Tsunehiro</forename><surname>Arimoto</surname></persName>
		</author>
		<author>
			<persName><forename type="first">Hiromi</forename><surname>Narimatsu</surname></persName>
		</author>
		<author>
			<persName><forename type="first">Yuya</forename><surname>Chiba</surname></persName>
		</author>
		<author>
			<persName><forename type="first">Hideharu</forename><surname>Nakajima</surname></persName>
		</author>
		<author>
			<persName><forename type="first">Toyomi</forename><surname>Meguro</surname></persName>
		</author>
		<idno type="arXiv">arXiv:2109.05217</idno>
		<imprint>
			<date type="published" when="2021">2021</date>
		</imprint>
	</monogr>
	<note type="report_type">arXiv preprint</note>
	<note type="raw_reference">Hiroaki Sugiyama, Masahiro Mizukami, Tsunehiro Arimoto, Hiromi Narimatsu, Yuya Chiba, Hideharu Nakajima, and Toyomi Meguro. 2021. Empiri- cal analysis of training strategies of transformer- based Japanese chit-chat systems. arXiv preprint arXiv:2109.05217.</note>
</biblStruct>

<biblStruct xml:id="b15">
	<analytic>
		<title level="a" type="main">New dimensions in testimony: Digitally preserving a holocaust survivor&apos;s interactive storytelling</title>
		<author>
			<persName><forename type="first">David</forename><surname>Traum</surname></persName>
		</author>
		<author>
			<persName><forename type="first">Andrew</forename><surname>Jones</surname></persName>
		</author>
		<author>
			<persName><forename type="first">Kia</forename><surname>Hays</surname></persName>
		</author>
		<author>
			<persName><forename type="first">Heather</forename><surname>Maio</surname></persName>
		</author>
		<author>
			<persName><forename type="first">Oleg</forename><surname>Alexander</surname></persName>
		</author>
		<author>
			<persName><forename type="first">Ron</forename><surname>Artstein</surname></persName>
		</author>
		<author>
			<persName><forename type="first">Paul</forename><surname>Debevec</surname></persName>
		</author>
		<author>
			<persName><forename type="first">Alesia</forename><surname>Gainer</surname></persName>
		</author>
		<author>
			<persName><forename type="first">Kallirroi</forename><surname>Georgila</surname></persName>
		</author>
		<author>
			<persName><forename type="first">Kathleen</forename><surname>Haase</surname></persName>
		</author>
	</analytic>
	<monogr>
		<title level="m">Proc. of ICIDS</title>
				<meeting>of ICIDS</meeting>
		<imprint>
			<date type="published" when="2015">2015</date>
			<biblScope unit="page" from="269" to="281" />
		</imprint>
	</monogr>
	<note type="raw_reference">David Traum, Andrew Jones, Kia Hays, Heather Maio, Oleg Alexander, Ron Artstein, Paul Debevec, Ale- sia Gainer, Kallirroi Georgila, Kathleen Haase, et al. 2015. New dimensions in testimony: Digitally preserving a holocaust survivor&apos;s interactive story- telling. In Proc. of ICIDS, pages 269-281.</note>
</biblStruct>

<biblStruct xml:id="b16">
	<analytic>
		<title level="a" type="main">Personalizing dialogue agents: I have a dog, do you have pets too?</title>
		<author>
			<persName><forename type="first">Saizheng</forename><surname>Zhang</surname></persName>
		</author>
		<author>
			<persName><forename type="first">Emily</forename><surname>Dinan</surname></persName>
		</author>
		<author>
			<persName><forename type="first">Jack</forename><surname>Urbanek</surname></persName>
		</author>
		<author>
			<persName><forename type="first">Arthur</forename><surname>Szlam</surname></persName>
		</author>
		<author>
			<persName><forename type="first">Douwe</forename><surname>Kiela</surname></persName>
		</author>
		<author>
			<persName><forename type="first">Jason</forename><surname>Weston</surname></persName>
		</author>
	</analytic>
	<monogr>
		<title level="m">Proc. of ACL</title>
				<meeting>of ACL</meeting>
		<imprint>
			<date type="published" when="2018">2018</date>
			<biblScope unit="page" from="2204" to="2213" />
		</imprint>
	</monogr>
	<note type="raw_reference">Saizheng Zhang, Emily Dinan, Jack Urbanek, Arthur Szlam, Douwe Kiela, and Jason Weston. 2018. Per- sonalizing dialogue agents: I have a dog, do you have pets too? In Proc. of ACL, pages 2204-2213.</note>
</biblStruct>

<biblStruct xml:id="b17">
	<analytic>
		<title level="a" type="main">The design and implementation of XiaoIce, an empathetic social chatbot</title>
		<author>
			<persName><forename type="first">Li</forename><surname>Zhou</surname></persName>
		</author>
		<author>
			<persName><forename type="first">Jianfeng</forename><surname>Gao</surname></persName>
		</author>
		<author>
			<persName><forename type="first">Di</forename><surname>Li</surname></persName>
		</author>
		<author>
			<persName><forename type="first">Heung-Yeung</forename><surname>Shum</surname></persName>
		</author>
	</analytic>
	<monogr>
		<title level="j">Computational Linguistics</title>
		<imprint>
			<biblScope unit="volume">46</biblScope>
			<biblScope unit="issue">1</biblScope>
			<biblScope unit="page" from="53" to="93" />
			<date type="published" when="2020">2020</date>
		</imprint>
	</monogr>
	<note type="raw_reference">Li Zhou, Jianfeng Gao, Di Li, and Heung-Yeung Shum. 2020. The design and implementation of XiaoIce, an empathetic social chatbot. Computational Lin- guistics, 46(1):53-93.</note>
</biblStruct>

				</listBibl>
			</div>
		</back>
	</text>
</TEI>
