<?xml version="1.0" encoding="UTF-8"?>
<TEI xml:space="preserve" xmlns="http://www.tei-c.org/ns/1.0" 
xmlns:xsi="http://www.w3.org/2001/XMLSchema-instance" 
xsi:schemaLocation="http://www.tei-c.org/ns/1.0 https://raw.githubusercontent.com/kermitt2/grobid/master/grobid-home/schemas/xsd/Grobid.xsd"
 xmlns:xlink="http://www.w3.org/1999/xlink">
	<teiHeader xml:lang="en">
		<fileDesc>
			<titleStmt>
				<title level="a" type="main">Evaluating Gender Bias in Speech Translation</title>
			</titleStmt>
			<publicationStmt>
				<publisher/>
				<availability status="unknown"><licence/></availability>
			</publicationStmt>
			<sourceDesc>
				<biblStruct>
					<analytic>
						<author>
							<persName><forename type="first">Marta</forename><forename type="middle">R</forename><surname>Costa-Jussà</surname></persName>
							<affiliation key="aff0">
								<orgName type="institution" key="instit1">TALP Research Center</orgName>
								<orgName type="institution" key="instit2">Universitat Politècnica de Catalunya</orgName>
								<address>
									<settlement>Barcelona</settlement>
									<country key="ES">Spain</country>
								</address>
							</affiliation>
						</author>
						<author>
							<persName><forename type="first">Christine</forename><surname>Basta</surname></persName>
							<email>christine.raouf.saad.basta@upc.edu</email>
							<affiliation key="aff0">
								<orgName type="institution" key="instit1">TALP Research Center</orgName>
								<orgName type="institution" key="instit2">Universitat Politècnica de Catalunya</orgName>
								<address>
									<settlement>Barcelona</settlement>
									<country key="ES">Spain</country>
								</address>
							</affiliation>
							<affiliation key="aff1">
								<orgName type="department">Institute of Graduate Studies and Research</orgName>
								<orgName type="institution">Alexandria University</orgName>
								<address>
									<country key="EG">Egypt</country>
								</address>
							</affiliation>
						</author>
						<author>
							<persName><forename type="first">Gerard</forename><forename type="middle">I</forename><surname>Gállego</surname></persName>
							<email>gerard.ion.gallego@upc.edu</email>
							<affiliation key="aff0">
								<orgName type="institution" key="instit1">TALP Research Center</orgName>
								<orgName type="institution" key="instit2">Universitat Politècnica de Catalunya</orgName>
								<address>
									<settlement>Barcelona</settlement>
									<country key="ES">Spain</country>
								</address>
							</affiliation>
						</author>
						<title level="a" type="main">Evaluating Gender Bias in Speech Translation</title>
					</analytic>
					<monogr>
						<imprint>
							<date/>
						</imprint>
					</monogr>
					<idno type="MD5">50DC8B06A13E4BB6820FE764535E2F29</idno>
					<idno type="DOI">10.5281/zenodo.4139080)</idno>
				</biblStruct>
			</sourceDesc>
		</fileDesc>
		<encodingDesc>
			<appInfo>
				<application version="0.7.3-SNAPSHOT" ident="GROBID" when="2023-01-12T09:20+0000">
					<desc>GROBID - A machine learning software for extracting information from scholarly documents</desc>
					<ref target="https://github.com/kermitt2/grobid"/>
				</application>
			</appInfo>
		</encodingDesc>
		<profileDesc>
			<textClass>
				<keywords>
					<term>challenge set</term>
					<term>multilinguality</term>
					<term>direct speech-to-text translation</term>
				</keywords>
			</textClass>
			<abstract>
<div xmlns="http://www.tei-c.org/ns/1.0"><p>The scientific community is increasingly aware of the necessity to embrace pluralism and consistently represent major and minor social groups. Currently, there are no standard evaluation techniques for different types of biases. Accordingly, there is an urgent need to provide evaluation sets and protocols to measure existing biases in our automatic systems. Evaluating the biases should be an essential step towards mitigating them in the systems. This paper introduces WinoST, a new freely available challenge set for evaluating gender bias in speech translation. WinoST is the speech version of WinoMT, an MT challenge set, and both follow an evaluation protocol to measure gender accuracy. Using an S-Transformer end-to-end speech translation system, we report the gender bias evaluation on four language pairs, and we reveal the inaccuracies in translations generating gender-stereotyped translations.</p></div>
			</abstract>
		</profileDesc>
	</teiHeader>
	<text xml:lang="en">
		<body>
<div xmlns="http://www.tei-c.org/ns/1.0"><head n="1.">Introduction</head><p>There is a massive lack of representation of diverse gender, race, cultural groups in the power structures. These problems permeate data science causing unbalanced progress in this area, which misrepresents social groups by gender, race, and nationality. Biases have been shown in Machine Translation (MT) systems when translating from high-resource languages to low-resourced ones <ref type="bibr" target="#b1">(Aharoni et al., 2019)</ref> and from less-morphological languages to highmorphological ones producing gender-stereotyped forms in inaccurate translations <ref type="bibr" target="#b31">(Stanovsky et al., 2019;</ref><ref type="bibr" target="#b26">Prates et al., 2020;</ref><ref type="bibr" target="#b27">Saunders and Byrne, 2020a)</ref>. Additionally, Automatic Speech Recognition (ASR) has demonstrated biases having a higher error rate for female voices than for males <ref type="bibr" target="#b32">(Tatman, 2017)</ref>. Speech Translation (ST) is at the intersection of ASR and MT tasks, perpetuating biases from both tasks. While this is still an uncovered challenge in most artificial intelligence tasks, the scientific community is making huge efforts towards bringing to light this challenge. In the short term, researchers are devoting efforts towards bias evaluation, detection, and mitigation methods. On the other hand, there is multidisciplinary work in education, politics, and communications in the long-term perspective. For addressing this problem in MT, some papers propose evaluating gender bias in MT <ref type="bibr" target="#b31">(Stanovsky et al., 2019;</ref><ref type="bibr" target="#b22">Levy et al., 2021)</ref>, creating multilingual balanced data to train fairer systems <ref type="bibr">(Costa-jussà et al., 2020)</ref>, or using equalizing techniques to mitigate the effect of unbalanced training data <ref type="bibr" target="#b18">(Font and Costa-jussà, 2019;</ref><ref type="bibr" target="#b27">Saunders and Byrne, 2020a)</ref>. Finally, in ST, <ref type="bibr" target="#b4">(Bentivogli et al., 2020)</ref> have proposed the MuST-SHE corpus, a natural benchmark for automatically evaluating gender bias. The main contribution of our work is providing a large-scale multilingual ST challenge set,<ref type="foot" target="#foot_0">1</ref> which follows an evaluation protocol for the analysis of gender bias, previously proposed for MT <ref type="bibr" target="#b31">(Stanovsky et al., 2019)</ref> (see Table <ref type="table">1</ref>). This set mainly evaluates the gender bias by analysing the inflection of the gendered words in the sentences, from English to any other language. Additional bias can be detected considering different speakers' gender, but such bias is out of the scope of our challenge set. Although the synthetic challenge set can propagate stereotypes as described by <ref type="bibr" target="#b7">(Blodgett et al., 2020)</ref>, it still remains valuable to evaluate and monitor the model's performance and provide insights into how the model treats gender-related issues <ref type="bibr" target="#b8">(Blodgett et al., 2021)</ref>.</p></div>
<div xmlns="http://www.tei-c.org/ns/1.0"><head n="2.">Bias Statement</head><p>As proposed in previous work <ref type="bibr" target="#b7">(Blodgett et al., 2020)</ref> and suggested in related venues,<ref type="foot" target="#foot_1">2</ref> we formulate the bias statement of our work. Our work focuses on proposing a challenge set and benefit from an evaluation protocol for the application of ST. Our challenge set serves to measure how accurately gendered source spoken words are translated. It includes stereotypical and antistereotypical examples, adding value to the evaluation analysis. The main contribution of our proposal is to have an objective evaluation protocol that can measure how biased our ST systems are. We consider that our work is based on a synthetic dataset simplified to a binary gender, which does not aim to be a mirror of reality. However, we are contributing to exhibiting that current systems contain biases while sustaining that long-term policies are required to solve this problem <ref type="bibr" target="#b16">(D'Ignazio and Klein, 2018)</ref>.</p><p>Table <ref type="table">1</ref>: ST Gender Bias (GB) benchmarks comparison, MuST-SHE and WinoST with respect to the GB in speaker's voice, GB in sentence content and language pairs covered by each benchmark. X stands for any language, meaning that WinoST can be evaluated from English to any other language.</p></div>
<div xmlns="http://www.tei-c.org/ns/1.0"><head>MuST-SHE</head><p>WinoST (Ours)</p><formula xml:id="formula_0">GB in sent. content ✓ ✓ GB in speaker voice ✓ Language pairs En − → Fr, Es, It En − → X</formula></div>
<div xmlns="http://www.tei-c.org/ns/1.0"><head n="3.">Gender Bias within MT systems and Related Work</head><p>Grammatical gendered languages have richer grammar for expressing gender. In these languages, gender has to be assigned to all nouns, and consequently, all the articles, verbs, and adjectives have to correspond with the gender of this noun. This leads to incorrect translation from a natural gendered language (English) to a grammatical gendered marking language (Spanish) due to the lack of explicit evidence of the gender in the source <ref type="bibr" target="#b19">(Gonen and Webster, 2020)</ref>. Thus, gender bias occurs due to the gender information loss and over-prevalence of gendered forms in the training data. An illustrative example would be the translation from The doctor spoke to the responsible nurse in the hospital. to its Spanish version. The Spanish translation would be El médico habló con la enfermera responsable en el hospital., assuming the nurse to be female and the doctor to be male. Although nothing in the text mentions their genders, the systems would translate in a biased manner. Generally speaking, MT systems have proven to have biased outputs. Even in more context, translations seem to ignore the context in sentences with the masculine and stereotyped gendered roles <ref type="bibr" target="#b31">(Stanovsky et al., 2019;</ref><ref type="bibr" target="#b27">Saunders and Byrne, 2020a)</ref>. The main reason for such bias is training models on human-biased data <ref type="bibr" target="#b13">(Costa-jussà, 2019)</ref>.</p><p>Researchers have recently dedicated efforts to attempt resolving such bias. We can thereby describe three research lines of gender bias in MT: mitigating gender bias in MT, detecting issues in translation, and creating the challenge test sets to evaluate gender bias in the systems.</p><p>Regarding the first research line, approaches have been dedicated to solving the translation bias from a neutral gendered language to a grammatically gendered marking one. Adding a gender tag of the speaker during training enhances the translation quality, as demonstrated in <ref type="bibr" target="#b33">(Vanmassenhove et al., 2018)</ref>. It facilitates the gender prediction correctly when translating from English to other gendered languages, giving control over the translation hypothesis gender. This was confirmed in recent work by <ref type="bibr" target="#b3">(Basta et al., 2020)</ref>, who proved that adding gender helps to increase the accuracy of gendered translations. Moreover, the authors showed that increasing context has a better effect on gendered translations, leading to higher per-formance. <ref type="bibr" target="#b24">(Moryossef et al., 2019)</ref> incorporate gender information by prepending a short phrase for each sentence in inference time, which acts as a gender label. Recent work <ref type="bibr" target="#b28">(Saunders and Byrne, 2020b</ref>; Costajussà and de Jorge, 2020) has treated gender biasing as a domain-adaptation problem, in which the system is fine-tuned instead of retrained for mitigating gender bias. They have adapted a set of synthetic sentences with equal numbers of entities using masculine and feminine inflections to fine-tune the MT system. <ref type="bibr" target="#b18">(Font and Costa-jussà, 2019)</ref> introduced the idea of adjusting the word embeddings, which improved performance on an English-Spanish occupations task.</p><p>Concerning research for detecting gender translation issues, <ref type="bibr" target="#b26">(Prates et al., 2020)</ref> have examined Google translations and proved that mentions of stereotyped professions are more reliably translated than those antistereotyped. In their study, they have used sentence templates filled with word lists of professions and adjectives. The authors in <ref type="bibr" target="#b10">(Cho et al., 2019)</ref> also have studied the pronouns' translations for the Korean language using sentence templates. The recent work (Gonen and Webster, 2020) has proposed a BERT-based perpetuation method to identify gender issues in MT automatically. The technique discovers new sources of bias beyond the word lists used previously. The most related line of research to our work is creating challenge sets. The first MT challenge set was introduced by <ref type="bibr" target="#b31">(Stanovsky et al., 2019)</ref>, called WinoMT.</p><p>WinoMT is a test set of 3,888 sentences, where each sentence contains two human entities, where one of them is co-referent to a pronoun. The evaluation depends on comparing the translated entity with the golden gender, with the objective of a correctly gendered translation. The authors identified three metrics for the evaluation: accuracy, △G and △S. The accuracy is the percentage of correctly gendered translated entities compared to the gender of golden entities. △G is the difference in F1 score between the set of sentences with male entities and female entities set. △S is the difference in accuracy between the set of sentences with pro-stereotypical entities and the set with anti-stereotypical entities. A pro-stereotypical set identifies 'developer' as male and 'hairdresser' as female. An anti-stereotypical identifies the former as female and the latter as male. As far as we know, the only existing related work for studying gender bias in speech is presented in <ref type="bibr" target="#b4">(Bentivogli et al., 2020)</ref>. They created a benchmark dataset that evaluates two categories of gender bias: one related to the speaker gender and another to the utterance content. The benchmark is limited to English-to-French, English-to-Spanish and English-to-Italian language pairs. Given that the closest work to ours is MuST-SHE <ref type="bibr" target="#b4">(Bentivogli et al., 2020)</ref>, as follows we detail the key difference between the two resources: while MuST-SHE contains naturally occurring gender phenomena, WinoST is a synthetic challenge set. This difference has several implications, not only in terms of size of the resources themselves (generating synthetic data is somehow easier than collecting them in the wild) but also in terms of their applicability in realistic evaluation settings. Both types of resources are useful and much needed. Therefore, we see some complementarity here rather than concurrent alternatives where one is better than the other.</p></div>
<div xmlns="http://www.tei-c.org/ns/1.0"><head n="4.">Speech Translation System</head><p>We trained a ST system to evaluate its gender bias with the methodology we are presenting. We used an end-toend ST approach that directly translates the utterance without obtaining the intermediate transcriptions. This task was introduced by <ref type="bibr" target="#b5">(Bérard et al., 2016)</ref>, and recently it had a growing interest in the research community <ref type="bibr" target="#b35">(Weiss et al., 2017;</ref><ref type="bibr" target="#b34">Vila et al., 2018;</ref><ref type="bibr" target="#b23">Liu et al., 2019)</ref>. The data we used to train it is the MuST-C corpus, that consists of speech fragments from TED Talks, its transcriptions and translations into 8 European languages (Di <ref type="bibr" target="#b14">Gangi et al., 2019a)</ref>.</p><p>The architecture we used is the S-Transformer, a popular adaptation of the Transformer for ST <ref type="bibr" target="#b15">(Di Gangi et al., 2019b)</ref>. It applies a stack of convolutions and self-attention layers to process the log-Mel spectrograms extracted from the speech utterances. The two bidimensional (2D) convolutional layers are in charge of capturing local patterns in the spectrogram, in both time and frequency dimensions. Moreover, they reduce the features maps by four, which is crucial to avoid memory issues that happen when feeding the Transformer with long sequences. Then, the two 2D selfattention layers, which were introduced by <ref type="bibr" target="#b17">(Dong et al., 2018)</ref>, model long-range dependencies that convolutional layers cannot capture. Finally, the self-attention layers of the Transformer encoder also include a logarithmic distance penalty that biases them towards the local context <ref type="bibr" target="#b30">(Sperber et al., 2018)</ref>. Following a common approach, we pre-trained the S-Transformer encoder for ASR to improve the performance of the final ST system, as introduced by <ref type="bibr" target="#b6">(Bérard et al., 2018)</ref> and recommended by the authors of the S-Transformer.</p></div>
<div xmlns="http://www.tei-c.org/ns/1.0"><head n="5.">Proposed Gender Evaluation: WinoST challenge set</head><p>WinoST is the speech version of WinoMT, recorded in off-voice by an American female speaker, and consists , where she refers to developer, meaning that the developer is actually a female.</p><p>WinoST serves as an input of the ST system to be evaluated, and the output text of the systems follows the same evaluation protocol as WinoMT <ref type="bibr" target="#b31">(Stanovsky et al., 2019)</ref>. Figure <ref type="figure" target="#fig_0">1</ref> shows the block diagram of this procedure. As a side-product, and not shown in the figure, WinoST can also be used as a challenge set for evaluating ASR gender bias. Further technical details on WinoST are reported in Table 2, including number of files, total hours/words, audio recording and format. The voice mastering process we applied to the recordings includes dynamic voice processing, broadcasting, equalization and filtering. WinoST is available under the MIT License<ref type="foot" target="#foot_2">3</ref> with the limitation that recordings cannot be used for speech synthesis, text to speech, voice conversion or other applications where the speaker voice is imitated or reproduced. </p></div>
<div xmlns="http://www.tei-c.org/ns/1.0"><head n="6.">Experiments</head><p>In this section, we are describing the first experiments with WinoST. We limit our experiments to four language pairs, but WinoST is extendable to any language pair with English as source language. The only requirement is to have a part-of-speech for the target language. We describe the baseline ST systems that we are using and the results that we obtain in gender accuracy.</p></div>
<div xmlns="http://www.tei-c.org/ns/1.0"><head n="6.1.">Data preprocessing</head><p>Before training the model, we preprocessed both speech and text data. We extracted 40-dimensional log-Mel spectrograms from the audio files, using a window size of 25 ms and hop length of 10 ms, with XNMT <ref type="bibr" target="#b25">(Neubig et al., 2018)</ref>. <ref type="foot" target="#foot_3">4</ref> We normalized the punctuation from text data, we tokenized it, and we de-escaped special characters, using the Moses scripts.<ref type="foot" target="#foot_4">5</ref> Furthermore, in the case of transcriptions, we lowercased them, and we removed the punctuation. We used the BPE algorithm <ref type="bibr" target="#b29">(Sennrich et al., 2016)</ref> for encoding translation texts, using a vocabulary size of 8000 for each language, but a character-level encoding in the case of transcriptions.</p></div>
<div xmlns="http://www.tei-c.org/ns/1.0"><head n="6.2.">System Details</head><p>The model we used has two convolutional layers with a kernel size of 3, 64 channels and a stride of 2. The Transformer has an embedding size of 512, 6 layers at the encoder and decoder, 8 self-attention heads, and a feed-forward network hidden size of 1024. We trained the S-Transformer with an Adam optimizer, with a learning rate of 5 • 10 −3 , and an inverse square root scheduler. The training has a warm-up stage of 4000 updates, in which the learning rate grows from 3•10 −4 . We used a cross-entropy loss with label smoothing by a factor of 0.1. Moreover, a dropout of 0.1 and a gradient clipping to 20 were applied. Furthermore, we generated the outputs with a beam search of size 5. We loaded 8 sentences per update, with a frequency of 64, which supposes an effective batch size of 512. Those audios longer than 14 seconds and sentences with more than 300 tokens weren't used during training.</p></div>
<div xmlns="http://www.tei-c.org/ns/1.0"><head n="6.3.">Results</head><p>This section describes the results of evaluating the ST system on WinoST and its performance in terms of gender. We are also interested in evaluating ASR English transcriptions and perceive if they contain any gender bias.</p><p>General ASR and ST Evaluation: We use the standard WER and BLEU measures to report the ASR and ST performance, respectively in Table <ref type="table">5</ref>. Our results concur with the results in (Di <ref type="bibr" target="#b14">Gangi et al., 2019a)</ref>.</p><p>Gender Bias Evaluation in ST: Our main objective is evaluating the accuracy of the systems for each of the language pairs. The high accuracy demonstrates that the system is able to translate the gender of the entities correctly. We also report △G and △S in Table 4. Ideally, these values should be close to 0. High △G indicates that the system translates males better, and high △S denotes that the system tends to translate pro-stereotypical entities better than anti-stereotypical entities.</p><p>The English-to-German (en-de) system has the highest accuracy 51%. This system also shows the minor difference in treating males and females translations (lowest △G, 1.7) and the minor difference in the prostereotypical and the anti-stereotypical entities (lowest △S, 1.5). The surprising behaviour comes with the English-to-Italian (en-it) system, which has the lowest accuracy of 37.3%, but still performs reasonably towards the anti-stereotypical entities translations, with the second lowest △S difference (5.6). However, the system still favors the male translations with a high △G difference (23.6). Both English-to-Spanish (enes) and English-to-French (en-fr) have similar accuracies (45.2 and 43.2, respectively). However, there is a big difference in the △S, which is much higher in the case of en-es (25.7), showing higher bias towards male translations. With these accuracy results, we are showing that the four translation directions present a significant amount of bias and they are far from approaching gender parity in performance. Moreover, after manually investigating the translation outputs, we observe that some professions are not correctly translated. 'nurse' is always translated to the female version in en-es and en-it, and similarly, 'developer' is always translated to the male version in en-it and en-fr, showing that stereotypes are perpetuated in ST. Many inflection errors, as illustrated in Table <ref type="table" target="#tab_1">3</ref>, can occur due to these stereotyped translations. Example 1 shows an anti-stereotypical co-reference case of 'nurse'. One of the common errors happens when translating the gendered adjective or pronoun correctly according to the context while referencing the wrong gendered stereotyped profession, shown in example 2 and 4. Another common problem is mismatched pronouns, the translation of the noun contradicts the profession's translation, due to biased translation in one of them, e.g. example 3. Example 5 shows a biased translation with a neutral pronoun.</p><p>Gender Bias in ST vs MT: Using the S-Transformer, the gender accuracy in the four languages is lower than the reported accuracy of MT commercial systems in the original WinoMT paper <ref type="bibr" target="#b31">(Stanovsky et al., 2019)</ref>.</p><p>The best reported accuracies from commercial systems reached 74.1% in en-de, 59.4 % in en-es, 63.6% in enfr and 42.4% in en-it, while in ST case, it is lower for all language pairs as shown in Table <ref type="table">5</ref>. This may be due to the fact that ST is much more challenging than MT, and lower system performance implies higher biases. This big gap is reduced when comparing in terms of △G and △S. In this case, ST becomes closer to MT (when comparing in absolute terms), showing even better results in: △G for en-it (in MT, 27.8); △S for en-de (in MT, 12.5) and en-it (in MT, 9.4).</p><p>Gender Bias Evaluation in ASR: ASR systems have demonstrated gender biases for female speakers outputs <ref type="bibr" target="#b32">(Tatman, 2017)</ref>. However, gender bias associated with the context has not been studied in ASR yet, The gender of "nurse" is correctly inferred from the coreference.</p><p>2</p><p>The construction worker asked the nurse for an examination because she was injured</p><p>[ES] El trabajador de la construcción le pidió a la enfermera una examinación porque estaba herida "Construction worker" is stereotyped to its male inflection, with a mismatched adjective gender.</p><p>3 The construction worker asked the nurse for an examination because he was the best and WinoST allows this analysis. We may expect that ASR is less prone to show gender bias in contextual patterns because of the nature of the task, which inherently combines the purpose of acoustic and language modeling. The acoustic part does not consider long context information, but it tends to benefit from local context information <ref type="bibr" target="#b30">(Sperber et al., 2018)</ref>. However, the language modeling part takes into consideration the long-range context, and thus it may induce bias <ref type="bibr" target="#b9">(Bordia and Bowman, 2019;</ref><ref type="bibr" target="#b2">Basta and Costa-jussà, 2021)</ref>.</p><p>For further analysis of employing WinoST for ASR gender bias evaluation, it is required to distinguish between the gender's errors in transcriptions and the general ones. Therefore, we computed the global accuracy in WinoST for the ASR best system in Table <ref type="table">5</ref>, en-fr, and got a 74.5% accuracy. However, this global accuracy includes 680 misspelled professions. Discarding these misspelling errors, we obtained a 98.72% accuracy of predicting pronouns, showing that the amount of gender bias at the context level is quite low in ASR.</p></div>
<div xmlns="http://www.tei-c.org/ns/1.0"><head n="7.">Conclusions</head><p>This paper presents a new freely available challenge set for evaluating gender bias in ST. This challenge set, WinoST, can benefit from the evaluation protocol, which is widely used for MT. Our set is only based on evaluating the gender inaccuracies in translations in ST systems, mainly relying on the gender information extracted from the context and not from the audio signal.</p><p>We used an S-Transformer end-to-end ST system and evaluated their accuracy in terms of gender bias with this new challenge set. Results show that gender accuracy is much lower for ST than for MT, but we have to take into account that ST has also a lower quality than MT. Finally, we show that ASR can exhibit a little gender bias at the contextual-level.</p><p>WinoST shares similar limitations as WinoMT, which is the fact of using a synthetic challenge set. Having a synthetic set is positive because of providing a controlled evaluation, and also it is negative because we might be introducing some artificial biases. Therefore, further work could find in the wild transcriptions (with parallel speech utterances) that hold the valuable patterns designed in WinoMT, following <ref type="bibr" target="#b22">(Levy et al., 2021)</ref>. As mentioned, future work includes making a challenge set from real-life examples, which excerpts human data bias. These examples should be covered by different speakers for studying the effect of gender of such speakers. Following the study of correlation of BLEU and gender bias accuracy <ref type="bibr" target="#b20">(Kocmi et al., 2020)</ref>, it would be useful to study the correlation between ASR quality and gender bias accuracy. Another approach is to study whether the accent of the speaker imposes bias in the translations. We assume that different accents may have an impact on the ST system. In this paper, we have focused on creating a benchmark for gender bias assessment, we are considering binary gender only. However, there is a need in the community for creating benchmarks for other types of biases, e.g. non-binary gender, racial bias <ref type="bibr" target="#b21">(Koenecke et al., 2020)</ref>.</p></div><figure xmlns="http://www.tei-c.org/ns/1.0" xml:id="fig_0"><head>Figure 1 :</head><label>1</label><figDesc>Figure 1: WinoST Evaluation Block Diagram for Speech Translation</figDesc><graphic coords="3,307.28,62.81,218.27,85.43" type="bitmap" /></figure>
<figure xmlns="http://www.tei-c.org/ns/1.0" type="table" xml:id="tab_0"><head>Table 2 :</head><label>2</label><figDesc>WinoST details.    </figDesc><table><row><cell># Files</cell><cell>3, 888</cell></row><row><cell># Hours</cell><cell>∼ 6</cell></row><row><cell># Words</cell><cell>∼ 50, 500</cell></row><row><cell cols="2">Audio format WAV (48 KHz, 16-bit)</cell></row></table></figure>
<figure xmlns="http://www.tei-c.org/ns/1.0" type="table" xml:id="tab_1"><head>Table 3 :</head><label>3</label><figDesc>Examples of outputs for different sentences from the WinoST corpus. Words in blue, red, and orange indicate male, female and neutral entities, respectively.</figDesc><table><row><cell>Source transcription</cell><cell>[Target lang.] Predicted transla-</cell><cell>Phenomenon</cell></row><row><cell></cell><cell>tion</cell><cell></cell></row><row><cell>1 The nurse sent the carpenter to</cell><cell>[ES] El enfermero envió el</cell><cell></cell></row><row><cell>the hospital because he was ex-</cell><cell>carpintero al hospital porque era</cell><cell></cell></row><row><cell>tremely cautious</cell><cell>extremadamente consciente</cell><cell></cell></row></table></figure>
<figure xmlns="http://www.tei-c.org/ns/1.0" type="table" xml:id="tab_2"><head>Table 4 :</head><label>4</label><figDesc>WinoMT Gender Evaluation for four language pairs. Acc.(% of instances the translation had the correct gender)(the higher the better) △G notes difference in F1 score between masculine and feminine sentences (the higher the worse) and △S notes difference in accuracy between pro/anti stereotypical sentences (the higher the worse).</figDesc><table><row><cell></cell><cell></cell><cell></cell><cell>[ES] El trabajador de la con-</cell><cell>"Nurse" is stereotyped to its</cell></row><row><cell></cell><cell></cell><cell></cell><cell>strucción le pidió a la enfermera</cell><cell>female inflection, with a mis-</cell></row><row><cell></cell><cell></cell><cell></cell><cell>una examinación porque él era el</cell><cell>matched pronoun and adjective</cell></row><row><cell></cell><cell></cell><cell></cell><cell>mejor</cell><cell>gender.</cell></row><row><cell cols="3">4 The farmer asked the designer</cell><cell>[FR] L'agriculteur a demandé au</cell><cell>Although the pronoun is trans-</cell></row><row><cell cols="2">what she could do to help</cell><cell></cell><cell>designer ce qu'elle pouvait faire</cell><cell>lated correctly, "farmer" has a bi-</cell></row><row><cell></cell><cell></cell><cell></cell><cell>pour aider</cell><cell>ased translation form.</cell></row><row><cell cols="3">5 The writer wrote a book about</cell><cell>[FR] L'écrivain a écrit un livre sur</cell><cell>Biased form for "carpenter" with</cell></row><row><cell cols="3">the carpenter because her story</cell><cell>le charpentier, parce que son his-</cell><cell>a neutral possessive gender</cell></row><row><cell cols="2">is very moving</cell><cell></cell><cell>toire est très émouvante</cell></row><row><cell>ST</cell><cell cols="3">Acc. (↑) △G (↓) △S (↓)</cell></row><row><cell>en-de</cell><cell>51.0</cell><cell>1.7</cell><cell>1.5</cell></row><row><cell>en-es</cell><cell>45.2</cell><cell>25.7</cell><cell>12.3</cell></row><row><cell>en-fr</cell><cell>43.2</cell><cell>13.7</cell><cell>14.5</cell></row><row><cell>en-it</cell><cell>37.3</cell><cell>23.6</cell><cell>5.6</cell></row><row><cell cols="4">Table 5: WER and BLEU (%) scores for the MuST-C</cell></row><row><cell>corpus.</cell><cell></cell><cell></cell><cell></cell></row><row><cell cols="4">Language ASR (WER ↓) ST (BLEU ↑)</cell></row><row><cell>en-de</cell><cell cols="2">24.24</cell><cell>17.8</cell></row><row><cell>en-es</cell><cell cols="2">24.76</cell><cell>21.9</cell></row><row><cell>en-fr</cell><cell cols="2">23.98</cell><cell>28.2</cell></row><row><cell>en-it</cell><cell cols="2">24.18</cell><cell>18.3</cell></row></table></figure>
			<note xmlns="http://www.tei-c.org/ns/1.0" place="foot" n="1" xml:id="foot_0">Freely available inZenodo (10.5281/zenodo.4139080)   </note>
			<note xmlns="http://www.tei-c.org/ns/1.0" place="foot" n="2" xml:id="foot_1">https://genderbiasnlp.talp.cat/gebnlp2020/how-to-writea-bias-statement/</note>
			<note xmlns="http://www.tei-c.org/ns/1.0" place="foot" n="3" xml:id="foot_2">https://github.com/gabrielStanovsky/ mt_gender/blob/master/LICENSE</note>
			<note xmlns="http://www.tei-c.org/ns/1.0" place="foot" n="4" xml:id="foot_3">https://github.com/neulab/xnmt</note>
			<note xmlns="http://www.tei-c.org/ns/1.0" place="foot" n="5" xml:id="foot_4">https://github.com/moses-smt/mosesdecoder</note>
		</body>
		<back>
			<div type="references">

				<listBibl>

<biblStruct xml:id="b0">
	<monogr>
		<title level="m" type="main">Acknowledgements This work is supported by the European Research Council (ERC) under the European Union&apos;s Horizon 2020 research and innovation programme (grant agreement No. 947657), the Catalan Agency for Management of University and Research Grants (AGAUR) through the FI PhD Scholarship, Universitat Politècnica de Catalunya with the collaboration of Banco de Santander and the Spanish Ministerio de Ciencia e Innovación through the project</title>
		<idno type="DOI">I00/AEI/10.13039/501100011033</idno>
		<imprint>
			<biblScope unit="page" from="D2019" to="107579R" />
		</imprint>
	</monogr>
	<note type="raw_reference">Acknowledgements This work is supported by the European Research Council (ERC) under the European Union&apos;s Hori- zon 2020 research and innovation programme (grant agreement No. 947657), the Catalan Agency for Management of University and Research Grants (AGAUR) through the FI PhD Scholarship, Univer- sitat Politècnica de Catalunya with the collaboration of Banco de Santander and the Spanish Ministerio de Ciencia e Innovación through the project PID2019- 107579RB-I00 / AEI / 10.13039/501100011033.</note>
</biblStruct>

<biblStruct xml:id="b1">
	<analytic>
		<title level="a" type="main">Massively multilingual nmt</title>
		<author>
			<persName><forename type="first">R</forename><surname>Aharoni</surname></persName>
		</author>
		<author>
			<persName><forename type="first">M</forename><surname>Johnson</surname></persName>
		</author>
		<author>
			<persName><forename type="first">O</forename><surname>Firat</surname></persName>
		</author>
	</analytic>
	<monogr>
		<title level="m">NAACL</title>
				<imprint>
			<date type="published" when="2019">2019</date>
			<biblScope unit="page" from="3874" to="3884" />
		</imprint>
	</monogr>
	<note type="raw_reference">Aharoni, R., Johnson, M., and Firat, O. (2019). Mas- sively multilingual nmt. In NAACL, pages 3874- 3884.</note>
</biblStruct>

<biblStruct xml:id="b2">
	<monogr>
		<title level="m" type="main">Impact of gender debiased word embeddings in language modeling</title>
		<author>
			<persName><forename type="first">C</forename><surname>Basta</surname></persName>
		</author>
		<author>
			<persName><forename type="first">M</forename><forename type="middle">R</forename><surname>Costa-Jussà</surname></persName>
		</author>
		<idno>CoRR, abs/2105.00908</idno>
		<imprint>
			<date type="published" when="2021">2021</date>
		</imprint>
	</monogr>
	<note type="raw_reference">Basta, C. and Costa-jussà, M. R. (2021). Impact of gender debiased word embeddings in language mod- eling. CoRR, abs/2105.00908.</note>
</biblStruct>

<biblStruct xml:id="b3">
	<analytic>
		<title level="a" type="main">Towards mitigating gender bias in a decoder-based neural machine translation model by adding contextual information</title>
		<author>
			<persName><forename type="first">C</forename><surname>Basta</surname></persName>
		</author>
		<author>
			<persName><forename type="first">M</forename><forename type="middle">R</forename><surname>Costa-Jussà</surname></persName>
		</author>
		<author>
			<persName><forename type="first">J</forename><forename type="middle">A R</forename><surname>Fonollosa</surname></persName>
		</author>
	</analytic>
	<monogr>
		<title level="m">4th WiNLP</title>
				<imprint>
			<date type="published" when="2020">2020</date>
			<biblScope unit="page" from="99" to="102" />
		</imprint>
	</monogr>
	<note type="raw_reference">Basta, C., Costa-jussà, M. R., and Fonollosa, J. A. R. (2020). Towards mitigating gender bias in a decoder-based neural machine translation model by adding contextual information. In 4th WiNLP, pages 99-102.</note>
</biblStruct>

<biblStruct xml:id="b4">
	<analytic>
		<title level="a" type="main">Gender in danger? evaluating speech translation technology on the MuST-SHE corpus</title>
		<author>
			<persName><forename type="first">L</forename><surname>Bentivogli</surname></persName>
		</author>
		<author>
			<persName><forename type="first">B</forename><surname>Savoldi</surname></persName>
		</author>
		<author>
			<persName><forename type="first">M</forename><surname>Negri</surname></persName>
		</author>
		<author>
			<persName><forename type="first">M</forename><forename type="middle">A</forename><surname>Di Gangi</surname></persName>
		</author>
		<author>
			<persName><forename type="first">R</forename><surname>Cattoni</surname></persName>
		</author>
		<author>
			<persName><forename type="first">M</forename><surname>Turchi</surname></persName>
		</author>
	</analytic>
	<monogr>
		<title level="m">ACL</title>
				<imprint>
			<date type="published" when="2020">2020</date>
			<biblScope unit="page" from="6923" to="6933" />
		</imprint>
	</monogr>
	<note type="raw_reference">Bentivogli, L., Savoldi, B., Negri, M., Di Gangi, M. A., Cattoni, R., and Turchi, M. (2020). Gender in dan- ger? evaluating speech translation technology on the MuST-SHE corpus. In ACL, pages 6923-6933.</note>
</biblStruct>

<biblStruct xml:id="b5">
	<analytic>
		<title level="a" type="main">Listen and Translate: A Proof of Concept for End-to-End Speech-to-Text Translation</title>
		<author>
			<persName><forename type="first">A</forename><surname>Bérard</surname></persName>
		</author>
		<author>
			<persName><forename type="first">O</forename><surname>Pietquin</surname></persName>
		</author>
		<author>
			<persName><forename type="first">L</forename><surname>Besacier</surname></persName>
		</author>
		<author>
			<persName><forename type="first">C</forename><surname>Servan</surname></persName>
		</author>
	</analytic>
	<monogr>
		<title level="m">NIPS Workshop on</title>
				<imprint>
			<date type="published" when="2016">2016</date>
		</imprint>
	</monogr>
	<note>dio processing</note>
	<note type="raw_reference">Bérard, A., Pietquin, O., Besacier, L., and Servan, C. (2016). Listen and Translate: A Proof of Concept for End-to-End Speech-to-Text Translation. In NIPS Workshop on end-to-end learning for speech and au- dio processing.</note>
</biblStruct>

<biblStruct xml:id="b6">
	<analytic>
		<title level="a" type="main">End-to-End ASR of Audiobooks</title>
		<author>
			<persName><forename type="first">A</forename><surname>Bérard</surname></persName>
		</author>
		<author>
			<persName><forename type="first">L</forename><surname>Besacier</surname></persName>
		</author>
		<author>
			<persName><forename type="first">A</forename><forename type="middle">C</forename><surname>Kocabiyikoglu</surname></persName>
		</author>
		<author>
			<persName><forename type="first">O</forename><surname>Pietquin</surname></persName>
		</author>
	</analytic>
	<monogr>
		<title level="m">ICASSP</title>
				<imprint>
			<date type="published" when="2018">2018</date>
		</imprint>
	</monogr>
	<note type="raw_reference">Bérard, A., Besacier, L., Kocabiyikoglu, A. C., and Pietquin, O. (2018). End-to-End ASR of Audio- books. In ICASSP.</note>
</biblStruct>

<biblStruct xml:id="b7">
	<analytic>
		<title level="a" type="main">Language (technology) is power: A critical survey of &quot;bias&quot; in NLP</title>
		<author>
			<persName><forename type="first">S</forename><forename type="middle">L</forename><surname>Blodgett</surname></persName>
		</author>
		<author>
			<persName><forename type="first">S</forename><surname>Barocas</surname></persName>
		</author>
		<author>
			<persName><forename type="first">Iii</forename><surname>Daumé</surname></persName>
		</author>
		<author>
			<persName><forename type="first">H</forename><surname>Wallach</surname></persName>
		</author>
		<author>
			<persName><forename type="first">H</forename></persName>
		</author>
	</analytic>
	<monogr>
		<title level="m">ACL</title>
				<imprint>
			<date type="published" when="2020">2020</date>
			<biblScope unit="page" from="5454" to="5476" />
		</imprint>
	</monogr>
	<note type="raw_reference">Blodgett, S. L., Barocas, S., Daumé III, H., and Wal- lach, H. (2020). Language (technology) is power: A critical survey of &quot;bias&quot; in NLP. In ACL, pages 5454-5476.</note>
</biblStruct>

<biblStruct xml:id="b8">
	<analytic>
		<title level="a" type="main">Stereotyping Norwegian salmon: An inventory of pitfalls in fairness benchmark datasets</title>
		<author>
			<persName><forename type="first">S</forename><forename type="middle">L</forename><surname>Blodgett</surname></persName>
		</author>
		<author>
			<persName><forename type="first">G</forename><surname>Lopez</surname></persName>
		</author>
		<author>
			<persName><forename type="first">A</forename><surname>Olteanu</surname></persName>
		</author>
		<author>
			<persName><forename type="first">R</forename><surname>Sim</surname></persName>
		</author>
		<author>
			<persName><forename type="first">H</forename><surname>Wallach</surname></persName>
		</author>
	</analytic>
	<monogr>
		<title level="m">Proceedings of the 59th Annual Meeting of the Association for Computational Linguistics and the 11th International Joint Conference on Natural Language Processing</title>
		<title level="s">Long Papers</title>
		<meeting>the 59th Annual Meeting of the Association for Computational Linguistics and the 11th International Joint Conference on Natural Language Processing</meeting>
		<imprint>
			<publisher>Association for Computational Linguistics</publisher>
			<date type="published" when="2021-08">2021. August</date>
			<biblScope unit="volume">1</biblScope>
			<biblScope unit="page" from="1004" to="1015" />
		</imprint>
	</monogr>
	<note type="raw_reference">Blodgett, S. L., Lopez, G., Olteanu, A., Sim, R., and Wallach, H. (2021). Stereotyping Norwegian salmon: An inventory of pitfalls in fairness bench- mark datasets. In Proceedings of the 59th Annual Meeting of the Association for Computational Lin- guistics and the 11th International Joint Conference on Natural Language Processing (Volume 1: Long Papers), pages 1004-1015, Online, August. Associ- ation for Computational Linguistics.</note>
</biblStruct>

<biblStruct xml:id="b9">
	<analytic>
		<title level="a" type="main">Identifying and reducing gender bias in word-level language models</title>
		<author>
			<persName><forename type="first">S</forename><surname>Bordia</surname></persName>
		</author>
		<author>
			<persName><forename type="first">S</forename><forename type="middle">R</forename><surname>Bowman</surname></persName>
		</author>
	</analytic>
	<monogr>
		<title level="m">NAACL: SRW</title>
				<imprint>
			<date type="published" when="2019">2019</date>
			<biblScope unit="page" from="7" to="15" />
		</imprint>
	</monogr>
	<note type="raw_reference">Bordia, S. and Bowman, S. R. (2019). Identifying and reducing gender bias in word-level language models. In NAACL: SRW, pages 7-15.</note>
</biblStruct>

<biblStruct xml:id="b10">
	<analytic>
		<title level="a" type="main">On measuring gender bias in translation of gender-neutral pronouns</title>
		<author>
			<persName><forename type="first">W</forename><forename type="middle">I</forename><surname>Cho</surname></persName>
		</author>
		<author>
			<persName><forename type="first">J</forename><forename type="middle">W</forename><surname>Kim</surname></persName>
		</author>
		<author>
			<persName><forename type="first">S</forename><forename type="middle">M</forename><surname>Kim</surname></persName>
		</author>
		<author>
			<persName><forename type="first">N</forename><forename type="middle">S</forename><surname>Kim</surname></persName>
		</author>
	</analytic>
	<monogr>
		<title level="m">GeBNLP Workshop</title>
				<imprint>
			<date type="published" when="2019">2019</date>
			<biblScope unit="page" from="173" to="181" />
		</imprint>
	</monogr>
	<note type="raw_reference">Cho, W. I., Kim, J. W., Kim, S. M., and Kim, N. S. (2019). On measuring gender bias in translation of gender-neutral pronouns. In GeBNLP Workshop, pages 173-181.</note>
</biblStruct>

<biblStruct xml:id="b11">
	<analytic>
		<title level="a" type="main">Fine-tuning neural machine translation on genderbalanced datasets</title>
		<author>
			<persName><forename type="first">M</forename><forename type="middle">R</forename><surname>Costa-Jussà</surname></persName>
		</author>
		<author>
			<persName><forename type="first">A</forename><surname>De Jorge</surname></persName>
		</author>
	</analytic>
	<monogr>
		<title level="m">Proceedings of the Second Workshop on Gender Bias in Natural Language Processing</title>
				<meeting>the Second Workshop on Gender Bias in Natural Language Processing<address><addrLine>Barcelona, Spain</addrLine></address></meeting>
		<imprint>
			<date type="published" when="2020-12">2020. December</date>
			<biblScope unit="page" from="26" to="34" />
		</imprint>
	</monogr>
	<note>Association for Computational Linguistics</note>
	<note type="raw_reference">Costa-jussà, M. R. and de Jorge, A. (2020). Fine-tuning neural machine translation on gender- balanced datasets. In Proceedings of the Second Workshop on Gender Bias in Natural Language Pro- cessing, pages 26-34, Barcelona, Spain (Online), December. Association for Computational Linguis- tics.</note>
</biblStruct>

<biblStruct xml:id="b12">
	<analytic>
		<title level="a" type="main">Gebiotoolkit: Automatic extraction of gender-balanced multilingual corpus of wikipedia biographies</title>
		<author>
			<persName><forename type="first">M</forename><forename type="middle">R</forename><surname>Costa-Jussà</surname></persName>
		</author>
		<author>
			<persName><forename type="first">P</forename><forename type="middle">L</forename><surname>Lin</surname></persName>
		</author>
		<author>
			<persName><forename type="first">C</forename><surname>España-Bonet</surname></persName>
		</author>
	</analytic>
	<monogr>
		<title level="m">LREC</title>
				<imprint>
			<date type="published" when="2020">2020</date>
		</imprint>
	</monogr>
	<note type="raw_reference">Costa-jussà, M. R., Lin, P. L., and España-Bonet, C. (2020). Gebiotoolkit: Automatic extraction of gender-balanced multilingual corpus of wikipedia biographies. In LREC.</note>
</biblStruct>

<biblStruct xml:id="b13">
	<analytic>
		<title level="a" type="main">An analysis of gender bias studies in natural language processing</title>
		<author>
			<persName><forename type="first">M</forename><forename type="middle">R</forename><surname>Costa-Jussà</surname></persName>
		</author>
	</analytic>
	<monogr>
		<title level="j">Nature Machine Intelligence</title>
		<imprint>
			<biblScope unit="volume">1</biblScope>
			<date type="published" when="2019">2019</date>
		</imprint>
	</monogr>
	<note type="raw_reference">Costa-jussà, M. R. (2019). An analysis of gender bias studies in natural language processing. Nature Ma- chine Intelligence, 1.</note>
</biblStruct>

<biblStruct xml:id="b14">
	<analytic>
		<title level="a" type="main">Must-c: a multilingual speech translation corpus</title>
		<author>
			<persName><forename type="first">Di</forename><surname>Gangi</surname></persName>
		</author>
		<author>
			<persName><forename type="first">M</forename><forename type="middle">A</forename><surname>Cattoni</surname></persName>
		</author>
		<author>
			<persName><forename type="first">R</forename><surname>Bentivogli</surname></persName>
		</author>
		<author>
			<persName><forename type="first">L</forename><surname>Negri</surname></persName>
		</author>
		<author>
			<persName><forename type="first">M</forename><surname>Turchi</surname></persName>
		</author>
		<author>
			<persName><forename type="first">M</forename></persName>
		</author>
	</analytic>
	<monogr>
		<title level="m">NAACL</title>
				<imprint>
			<date type="published" when="2019">2019a</date>
		</imprint>
	</monogr>
	<note type="raw_reference">Di Gangi, M. A., Cattoni, R., Bentivogli, L., Negri, M., and Turchi, M. (2019a). Must-c: a multilingual speech translation corpus. In NAACL.</note>
</biblStruct>

<biblStruct xml:id="b15">
	<analytic>
		<title level="a" type="main">Adapting Transformer to End-to-End Spoken Language Translation</title>
		<author>
			<persName><forename type="first">Di</forename><surname>Gangi</surname></persName>
		</author>
		<author>
			<persName><forename type="first">M</forename><forename type="middle">A</forename><surname>Negri</surname></persName>
		</author>
		<author>
			<persName><forename type="first">M</forename><surname>Turchi</surname></persName>
		</author>
		<author>
			<persName><forename type="first">M</forename></persName>
		</author>
	</analytic>
	<monogr>
		<title level="m">Interspeech</title>
				<imprint>
			<date type="published" when="2019">2019b</date>
			<biblScope unit="page" from="1133" to="1137" />
		</imprint>
	</monogr>
	<note type="raw_reference">Di Gangi, M. A., Negri, M., and Turchi, M. (2019b). Adapting Transformer to End-to-End Spoken Lan- guage Translation. In Interspeech, pages 1133- 1137.</note>
</biblStruct>

<biblStruct xml:id="b16">
	<monogr>
		<title level="m" type="main">Data Feminism</title>
		<author>
			<persName><forename type="first">C</forename><surname>D'ignazio</surname></persName>
		</author>
		<author>
			<persName><forename type="first">L</forename><surname>Klein</surname></persName>
		</author>
		<imprint>
			<date type="published" when="2018">2018</date>
			<publisher>MIT Press</publisher>
		</imprint>
	</monogr>
	<note type="raw_reference">D&apos;Ignazio, C. and Klein, L. (2018). Data Feminism. MIT Press.</note>
</biblStruct>

<biblStruct xml:id="b17">
	<analytic>
		<title level="a" type="main">Speechtransformer: A no-recurrence sequence-to-sequence model for speech recognition</title>
		<author>
			<persName><forename type="first">L</forename><surname>Dong</surname></persName>
		</author>
		<author>
			<persName><forename type="first">S</forename><surname>Xu</surname></persName>
		</author>
		<author>
			<persName><forename type="first">B</forename><surname>Xu</surname></persName>
		</author>
	</analytic>
	<monogr>
		<title level="m">ICASSP</title>
				<imprint>
			<date type="published" when="2018">2018</date>
			<biblScope unit="page" from="5884" to="5888" />
		</imprint>
	</monogr>
	<note type="raw_reference">Dong, L., Xu, S., and Xu, B. (2018). Speech- transformer: A no-recurrence sequence-to-sequence model for speech recognition. In ICASSP, pages 5884-5888.</note>
</biblStruct>

<biblStruct xml:id="b18">
	<analytic>
		<title level="a" type="main">Equalizing gender bias in nmt with word embeddings techniques</title>
		<author>
			<persName><forename type="first">J</forename><forename type="middle">E</forename><surname>Font</surname></persName>
		</author>
		<author>
			<persName><forename type="first">M</forename><forename type="middle">R</forename><surname>Costa-Jussà</surname></persName>
		</author>
	</analytic>
	<monogr>
		<title level="m">Proceedings of the First Workshop on Gender Bias in Natural Language Processing</title>
				<meeting>the First Workshop on Gender Bias in Natural Language Processing<address><addrLine>Florence, Italy</addrLine></address></meeting>
		<imprint>
			<date type="published" when="2019">2019</date>
			<biblScope unit="page" from="147" to="154" />
		</imprint>
	</monogr>
	<note type="raw_reference">Font, J. E. and Costa-jussà, M. R. (2019). Equaliz- ing gender bias in nmt with word embeddings tech- niques. In Proceedings of the First Workshop on Gender Bias in Natural Language Processing, pages 147-154, Florence, Italy.</note>
</biblStruct>

<biblStruct xml:id="b19">
	<analytic>
		<title level="a" type="main">Automatically identifying gender issues in machine translation using perturbations</title>
		<author>
			<persName><forename type="first">H</forename><surname>Gonen</surname></persName>
		</author>
		<author>
			<persName><forename type="first">K</forename><surname>Webster</surname></persName>
		</author>
	</analytic>
	<monogr>
		<title level="m">Findings of the Association for Computational Linguistics: EMNLP 2020</title>
				<imprint>
			<date type="published" when="2020">2020</date>
			<biblScope unit="page" from="1991" to="1995" />
		</imprint>
	</monogr>
	<note type="raw_reference">Gonen, H. and Webster, K. (2020). Automatically identifying gender issues in machine translation us- ing perturbations. In Findings of the Association for Computational Linguistics: EMNLP 2020, pages 1991-1995.</note>
</biblStruct>

<biblStruct xml:id="b20">
	<analytic>
		<title level="a" type="main">Gender coreference and bias evaluation at wmt 2020</title>
		<author>
			<persName><forename type="first">T</forename><surname>Kocmi</surname></persName>
		</author>
		<author>
			<persName><forename type="first">T</forename><surname>Limisiewicz</surname></persName>
		</author>
		<author>
			<persName><forename type="first">G</forename><surname>Stanovsky</surname></persName>
		</author>
	</analytic>
	<monogr>
		<title level="m">Proceedings of the Fifth Conference on Machine Translation</title>
				<meeting>the Fifth Conference on Machine Translation</meeting>
		<imprint>
			<date type="published" when="2020">2020</date>
			<biblScope unit="page" from="357" to="364" />
		</imprint>
	</monogr>
	<note type="raw_reference">Kocmi, T., Limisiewicz, T., and Stanovsky, G. (2020). Gender coreference and bias evaluation at wmt 2020. In Proceedings of the Fifth Conference on Machine Translation, pages 357-364.</note>
</biblStruct>

<biblStruct xml:id="b21">
	<analytic>
		<title level="a" type="main">Racial disparities in automated speech recognition</title>
		<author>
			<persName><forename type="first">A</forename><surname>Koenecke</surname></persName>
		</author>
		<author>
			<persName><forename type="first">A</forename><surname>Nam</surname></persName>
		</author>
		<author>
			<persName><forename type="first">E</forename><surname>Lake</surname></persName>
		</author>
		<author>
			<persName><forename type="first">J</forename><surname>Nudell</surname></persName>
		</author>
		<author>
			<persName><forename type="first">M</forename><surname>Quartey</surname></persName>
		</author>
		<author>
			<persName><forename type="first">Z</forename><surname>Mengesha</surname></persName>
		</author>
		<author>
			<persName><forename type="first">C</forename><surname>Toups</surname></persName>
		</author>
		<author>
			<persName><forename type="first">J</forename><forename type="middle">R</forename><surname>Rickford</surname></persName>
		</author>
		<author>
			<persName><forename type="first">D</forename><surname>Jurafsky</surname></persName>
		</author>
		<author>
			<persName><forename type="first">S</forename><surname>Goel</surname></persName>
		</author>
	</analytic>
	<monogr>
		<title level="j">Proceedings of the National Academy of Sciences</title>
		<imprint>
			<biblScope unit="volume">117</biblScope>
			<biblScope unit="issue">14</biblScope>
			<biblScope unit="page" from="7684" to="7689" />
			<date type="published" when="2020">2020</date>
		</imprint>
	</monogr>
	<note type="raw_reference">Koenecke, A., Nam, A., Lake, E., Nudell, J., Quartey, M., Mengesha, Z., Toups, C., Rickford, J. R., Ju- rafsky, D., and Goel, S. (2020). Racial disparities in automated speech recognition. Proceedings of the National Academy of Sciences, 117(14):7684-7689.</note>
</biblStruct>

<biblStruct xml:id="b22">
	<analytic>
		<title level="a" type="main">Collecting a largescale gender bias dataset for coreference resolution and machine translation</title>
		<author>
			<persName><forename type="first">S</forename><surname>Levy</surname></persName>
		</author>
		<author>
			<persName><forename type="first">K</forename><surname>Lazar</surname></persName>
		</author>
	</analytic>
	<monogr>
		<title level="m">EMNLP findings</title>
				<imprint>
			<date type="published" when="2021">2021. 2021</date>
		</imprint>
	</monogr>
	<note type="raw_reference">Levy, S., Lazar, K., et al. (2021). Collecting a large- scale gender bias dataset for coreference resolution and machine translation. In EMNLP findings, 2021.</note>
</biblStruct>

<biblStruct xml:id="b23">
	<analytic>
		<title level="a" type="main">Endto-End Speech Translation with Knowledge Distillation</title>
		<author>
			<persName><forename type="first">Y</forename><surname>Liu</surname></persName>
		</author>
		<author>
			<persName><forename type="first">H</forename><surname>Xiong</surname></persName>
		</author>
		<author>
			<persName><forename type="first">J</forename><surname>Zhang</surname></persName>
		</author>
	</analytic>
	<monogr>
		<title level="m">Interspeech</title>
				<imprint>
			<date type="published" when="2019">2019</date>
			<biblScope unit="page" from="1128" to="1132" />
		</imprint>
	</monogr>
	<note type="raw_reference">Liu, Y., Xiong, H., Zhang, J., and et al. (2019). End- to-End Speech Translation with Knowledge Distilla- tion. In Interspeech, pages 1128-1132.</note>
</biblStruct>

<biblStruct xml:id="b24">
	<analytic>
		<title level="a" type="main">Filling gender &amp; number gaps in neural machine translation with black-box context injection</title>
		<author>
			<persName><forename type="first">A</forename><surname>Moryossef</surname></persName>
		</author>
		<author>
			<persName><forename type="first">R</forename><surname>Aharoni</surname></persName>
		</author>
		<author>
			<persName><forename type="first">Y</forename><surname>Goldberg</surname></persName>
		</author>
	</analytic>
	<monogr>
		<title level="m">Proceedings of the First Workshop on Gender Bias in Natural Language Processing</title>
				<meeting>the First Workshop on Gender Bias in Natural Language Processing</meeting>
		<imprint>
			<date type="published" when="2019">2019</date>
			<biblScope unit="page" from="49" to="54" />
		</imprint>
	</monogr>
	<note type="raw_reference">Moryossef, A., Aharoni, R., and Goldberg, Y. (2019). Filling gender &amp; number gaps in neural machine translation with black-box context injection. In Pro- ceedings of the First Workshop on Gender Bias in Natural Language Processing, pages 49-54.</note>
</biblStruct>

<biblStruct xml:id="b25">
	<analytic>
		<title level="a" type="main">XNMT: The eXtensible neural machine translation toolkit</title>
		<author>
			<persName><forename type="first">G</forename><surname>Neubig</surname></persName>
		</author>
		<author>
			<persName><forename type="first">M</forename><surname>Sperber</surname></persName>
		</author>
		<author>
			<persName><forename type="first">X</forename><surname>Wang</surname></persName>
		</author>
		<author>
			<persName><forename type="first">M</forename><surname>Felix</surname></persName>
		</author>
		<author>
			<persName><forename type="first">A</forename><surname>Matthews</surname></persName>
		</author>
		<author>
			<persName><forename type="first">S</forename><surname>Padmanabhan</surname></persName>
		</author>
		<author>
			<persName><forename type="first">Y</forename><surname>Qi</surname></persName>
		</author>
		<author>
			<persName><forename type="first">D</forename><surname>Sachan</surname></persName>
		</author>
		<author>
			<persName><forename type="first">P</forename><surname>Arthur</surname></persName>
		</author>
		<author>
			<persName><forename type="first">P</forename><surname>Godard</surname></persName>
		</author>
		<author>
			<persName><forename type="first">J</forename><surname>Hewitt</surname></persName>
		</author>
		<author>
			<persName><forename type="first">R</forename><surname>Riad</surname></persName>
		</author>
		<author>
			<persName><forename type="first">L</forename><surname>Wang</surname></persName>
		</author>
	</analytic>
	<monogr>
		<title level="m">AMTA</title>
				<imprint>
			<date type="published" when="2018">2018</date>
			<biblScope unit="page" from="185" to="192" />
		</imprint>
	</monogr>
	<note type="raw_reference">Neubig, G., Sperber, M., Wang, X., Felix, M., Matthews, A., Padmanabhan, S., Qi, Y., Sachan, D., Arthur, P., Godard, P., Hewitt, J., Riad, R., and Wang, L. (2018). XNMT: The eXtensible neural machine translation toolkit. In AMTA, pages 185- 192.</note>
</biblStruct>

<biblStruct xml:id="b26">
	<analytic>
		<title level="a" type="main">Assessing gender bias in mt: a case study with google translate</title>
		<author>
			<persName><forename type="first">M</forename><forename type="middle">O</forename><surname>Prates</surname></persName>
		</author>
		<author>
			<persName><forename type="first">P</forename><forename type="middle">H</forename><surname>Avelar</surname></persName>
		</author>
		<author>
			<persName><forename type="first">L</forename><forename type="middle">C</forename><surname>Lamb</surname></persName>
		</author>
	</analytic>
	<monogr>
		<title level="j">Neural Comput &amp; Applic</title>
		<imprint>
			<date type="published" when="2020">2020</date>
		</imprint>
	</monogr>
	<note type="raw_reference">Prates, M. O., Avelar, P. H., and Lamb, L. C. (2020). Assessing gender bias in mt: a case study with google translate. Neural Comput &amp; Applic.</note>
</biblStruct>

<biblStruct xml:id="b27">
	<analytic>
		<title level="a" type="main">Reducing gender bias in neural machine translation as a domain adaptation problem</title>
		<author>
			<persName><forename type="first">D</forename><surname>Saunders</surname></persName>
		</author>
		<author>
			<persName><forename type="first">B</forename><surname>Byrne</surname></persName>
		</author>
	</analytic>
	<monogr>
		<title level="m">Proceedings of the 58th Annual Meeting of the Association for Computational Linguistics, ACL 2020</title>
				<meeting>the 58th Annual Meeting of the Association for Computational Linguistics, ACL 2020<address><addrLine>Online</addrLine></address></meeting>
		<imprint>
			<date type="published" when="2020-07-05">2020a. July 5-10, 2020</date>
			<biblScope unit="page" from="7724" to="7736" />
		</imprint>
	</monogr>
	<note>Association for Computational Linguistics</note>
	<note type="raw_reference">Saunders, D. and Byrne, B. (2020a). Reducing gender bias in neural machine translation as a domain adap- tation problem. In Proceedings of the 58th Annual Meeting of the Association for Computational Lin- guistics, ACL 2020, Online, July 5-10, 2020, pages 7724-7736. Association for Computational Linguis- tics.</note>
</biblStruct>

<biblStruct xml:id="b28">
	<analytic>
		<title level="a" type="main">Reducing gender bias in nmt as a domain adaptation problem</title>
		<author>
			<persName><forename type="first">D</forename><surname>Saunders</surname></persName>
		</author>
		<author>
			<persName><forename type="first">B</forename><surname>Byrne</surname></persName>
		</author>
	</analytic>
	<monogr>
		<title level="m">ACL</title>
				<imprint>
			<date type="published" when="2020">2020b</date>
			<biblScope unit="page" from="7724" to="7736" />
		</imprint>
	</monogr>
	<note type="raw_reference">Saunders, D. and Byrne, B. (2020b). Reducing gender bias in nmt as a domain adaptation problem. In ACL, pages 7724-7736.</note>
</biblStruct>

<biblStruct xml:id="b29">
	<analytic>
		<title level="a" type="main">Nmt of rare words with subword units</title>
		<author>
			<persName><forename type="first">R</forename><surname>Sennrich</surname></persName>
		</author>
		<author>
			<persName><forename type="first">B</forename><surname>Haddow</surname></persName>
		</author>
		<author>
			<persName><forename type="first">A</forename><surname>Birch</surname></persName>
		</author>
	</analytic>
	<monogr>
		<title level="m">ACL</title>
				<imprint>
			<date type="published" when="2016">2016</date>
			<biblScope unit="page" from="1715" to="1725" />
		</imprint>
	</monogr>
	<note type="raw_reference">Sennrich, R., Haddow, B., and Birch, A. (2016). Nmt of rare words with subword units. In ACL, pages 1715-1725.</note>
</biblStruct>

<biblStruct xml:id="b30">
	<monogr>
		<title level="m" type="main">Self-Attentional Acoustic Models</title>
		<author>
			<persName><forename type="first">M</forename><surname>Sperber</surname></persName>
		</author>
		<author>
			<persName><forename type="first">J</forename><surname>Niehues</surname></persName>
		</author>
		<author>
			<persName><forename type="first">G</forename><surname>Neubig</surname></persName>
		</author>
		<author>
			<persName><forename type="first">S</forename><surname>Stüker</surname></persName>
		</author>
		<author>
			<persName><forename type="first">A</forename><surname>Waibel</surname></persName>
		</author>
		<imprint>
			<date type="published" when="2018">2018</date>
		</imprint>
	</monogr>
	<note>InterSpeech</note>
	<note type="raw_reference">Sperber, M., Niehues, J., Neubig, G., Stüker, S., and Waibel, A. (2018). Self-Attentional Acoustic Mod- els. In InterSpeech.</note>
</biblStruct>

<biblStruct xml:id="b31">
	<analytic>
		<title level="a" type="main">Evaluating gender bias in mt</title>
		<author>
			<persName><forename type="first">G</forename><surname>Stanovsky</surname></persName>
		</author>
		<author>
			<persName><forename type="first">N</forename><forename type="middle">A</forename><surname>Smith</surname></persName>
		</author>
		<author>
			<persName><forename type="first">L</forename><surname>Zettlemoyer</surname></persName>
		</author>
	</analytic>
	<monogr>
		<title level="m">ACL</title>
				<imprint>
			<date type="published" when="2019">2019</date>
		</imprint>
	</monogr>
	<note type="raw_reference">Stanovsky, G., Smith, N. A., and Zettlemoyer, L. (2019). Evaluating gender bias in mt. In ACL.</note>
</biblStruct>

<biblStruct xml:id="b32">
	<analytic>
		<title level="a" type="main">Gender and dialect bias in YouTube&apos;s automatic captions</title>
		<author>
			<persName><forename type="first">R</forename><surname>Tatman</surname></persName>
		</author>
	</analytic>
	<monogr>
		<title level="m">Proc. 1st ACL Workshop on Ethics in NLP</title>
				<meeting>1st ACL Workshop on Ethics in NLP</meeting>
		<imprint>
			<date type="published" when="2017">2017</date>
			<biblScope unit="page" from="53" to="59" />
		</imprint>
	</monogr>
	<note type="raw_reference">Tatman, R. (2017). Gender and dialect bias in YouTube&apos;s automatic captions. In Proc. 1st ACL Workshop on Ethics in NLP, pages 53-59.</note>
</biblStruct>

<biblStruct xml:id="b33">
	<analytic>
		<title level="a" type="main">Getting gender right in nmt</title>
		<author>
			<persName><forename type="first">E</forename><surname>Vanmassenhove</surname></persName>
		</author>
		<author>
			<persName><forename type="first">C</forename><surname>Hardmeier</surname></persName>
		</author>
		<author>
			<persName><forename type="first">A</forename><surname>Way</surname></persName>
		</author>
	</analytic>
	<monogr>
		<title level="m">EMNLP</title>
				<imprint>
			<date type="published" when="2018">2018</date>
		</imprint>
	</monogr>
	<note type="raw_reference">Vanmassenhove, E., Hardmeier, C., and Way, A. (2018). Getting gender right in nmt. In EMNLP.</note>
</biblStruct>

<biblStruct xml:id="b34">
	<analytic>
		<title level="a" type="main">End-to-End Speech Translation with the Transformer</title>
		<author>
			<persName><forename type="first">L</forename><surname>Vila</surname></persName>
		</author>
		<author>
			<persName><forename type="first">C</forename><surname>Escolano</surname></persName>
		</author>
		<author>
			<persName><forename type="first">J</forename><forename type="middle">A R</forename><surname>Fonollosa</surname></persName>
		</author>
		<author>
			<persName><forename type="first">M</forename><forename type="middle">R</forename><surname>Costajussà</surname></persName>
		</author>
	</analytic>
	<monogr>
		<title level="m">IberSPEECH</title>
				<imprint>
			<date type="published" when="2018">2018</date>
			<biblScope unit="page" from="60" to="63" />
		</imprint>
	</monogr>
	<note type="raw_reference">Vila, L., Escolano, C., Fonollosa, J. A. R., and Costa- jussà, M. R. (2018). End-to-End Speech Translation with the Transformer. In IberSPEECH, pages 60- 63.</note>
</biblStruct>

<biblStruct xml:id="b35">
	<monogr>
		<title level="m" type="main">Sequence-to-sequence models can directly translate foreign speech</title>
		<author>
			<persName><forename type="first">R</forename><forename type="middle">J</forename><surname>Weiss</surname></persName>
		</author>
		<author>
			<persName><forename type="first">J</forename><surname>Chorowski</surname></persName>
		</author>
		<author>
			<persName><forename type="first">N</forename><surname>Jaitly</surname></persName>
		</author>
		<author>
			<persName><forename type="first">Y</forename><surname>Wu</surname></persName>
		</author>
		<author>
			<persName><forename type="first">Z</forename><surname>Chen</surname></persName>
		</author>
		<editor>Interspeech</editor>
		<imprint>
			<date type="published" when="2017">2017</date>
			<biblScope unit="page" from="2625" to="2629" />
		</imprint>
	</monogr>
	<note type="raw_reference">Weiss, R. J., Chorowski, J., Jaitly, N., Wu, Y., and Chen, Z. (2017). Sequence-to-sequence models can directly translate foreign speech. In Interspeech, pages 2625-2629.</note>
</biblStruct>

				</listBibl>
			</div>
		</back>
	</text>
</TEI>
