<?xml version="1.0" encoding="UTF-8"?>
<TEI xml:space="preserve" xmlns="http://www.tei-c.org/ns/1.0" 
xmlns:xsi="http://www.w3.org/2001/XMLSchema-instance" 
xsi:schemaLocation="http://www.tei-c.org/ns/1.0 https://raw.githubusercontent.com/kermitt2/grobid/master/grobid-home/schemas/xsd/Grobid.xsd"
 xmlns:xlink="http://www.w3.org/1999/xlink">
	<teiHeader xml:lang="en">
		<fileDesc>
			<titleStmt>
				<title level="a" type="main">Aspect-Based Emotion Analysis and Multimodal Coreference: A Case Study of Customer Comments on Adidas Instagram Posts</title>
			</titleStmt>
			<publicationStmt>
				<publisher/>
				<availability status="unknown"><licence/></availability>
			</publicationStmt>
			<sourceDesc>
				<biblStruct>
					<analytic>
						<author>
							<persName><forename type="first">Luna</forename><surname>De Bruyne</surname></persName>
							<email>luna.debruyne@ugent.be</email>
							<affiliation key="aff0">
								<orgName type="department">LT 3 , Language and Translation Technology Team</orgName>
								<orgName type="institution">Ghent University Groot</orgName>
								<address>
									<addrLine>Brittannielaan 45</addrLine>
									<postCode>9000</postCode>
									<settlement>Ghent</settlement>
									<country key="BE">Belgium</country>
								</address>
							</affiliation>
						</author>
						<author>
							<persName><forename type="first">Akbar</forename><surname>Karimi</surname></persName>
							<email>akbar.karimi@unipr.it</email>
							<affiliation key="aff1">
								<orgName type="laboratory">IMP Lab</orgName>
								<orgName type="institution">University of Parma Parco Area delle Scienze</orgName>
								<address>
									<addrLine>181/A</addrLine>
									<postCode>43124</postCode>
									<settlement>Parma</settlement>
									<country key="IT">Italy</country>
								</address>
							</affiliation>
						</author>
						<author>
							<persName><forename type="first">Orphée</forename><surname>De Clercq</surname></persName>
							<email>orphee.declercq@ugent.be</email>
							<affiliation key="aff0">
								<orgName type="department">LT 3 , Language and Translation Technology Team</orgName>
								<orgName type="institution">Ghent University Groot</orgName>
								<address>
									<addrLine>Brittannielaan 45</addrLine>
									<postCode>9000</postCode>
									<settlement>Ghent</settlement>
									<country key="BE">Belgium</country>
								</address>
							</affiliation>
						</author>
						<author>
							<persName><forename type="first">Andrea</forename><surname>Prati</surname></persName>
							<email>andrea.prati@unipr.it</email>
							<affiliation key="aff1">
								<orgName type="laboratory">IMP Lab</orgName>
								<orgName type="institution">University of Parma Parco Area delle Scienze</orgName>
								<address>
									<addrLine>181/A</addrLine>
									<postCode>43124</postCode>
									<settlement>Parma</settlement>
									<country key="IT">Italy</country>
								</address>
							</affiliation>
						</author>
						<author>
							<persName><forename type="first">Véronique</forename><surname>Hoste</surname></persName>
							<email>veronique.hoste@ugent.be</email>
							<affiliation key="aff0">
								<orgName type="department">LT 3 , Language and Translation Technology Team</orgName>
								<orgName type="institution">Ghent University Groot</orgName>
								<address>
									<addrLine>Brittannielaan 45</addrLine>
									<postCode>9000</postCode>
									<settlement>Ghent</settlement>
									<country key="BE">Belgium</country>
								</address>
							</affiliation>
						</author>
						<title level="a" type="main">Aspect-Based Emotion Analysis and Multimodal Coreference: A Case Study of Customer Comments on Adidas Instagram Posts</title>
					</analytic>
					<monogr>
						<imprint>
							<date/>
						</imprint>
					</monogr>
					<idno type="MD5">1D9644029D9A55E72BB2975FE60A8221</idno>
				</biblStruct>
			</sourceDesc>
		</fileDesc>
		<encodingDesc>
			<appInfo>
				<application version="0.7.3-SNAPSHOT" ident="GROBID" when="2023-01-12T07:34+0000">
					<desc>GROBID - A machine learning software for extracting information from scholarly documents</desc>
					<ref target="https://github.com/kermitt2/grobid"/>
				</application>
			</appInfo>
		</encodingDesc>
		<profileDesc>
			<textClass>
				<keywords>
					<term>ABSA</term>
					<term>ABEA</term>
					<term>Sentiment Analysis</term>
					<term>Emotion Detection</term>
					<term>Multimodal Coreference</term>
				</keywords>
			</textClass>
			<abstract>
<div xmlns="http://www.tei-c.org/ns/1.0"><p>While aspect-based sentiment analysis of user-generated content has received a lot of attention in the past years, emotion detection at the aspect level has been relatively unexplored. Moreover, given the rise of more visual content on social media platforms, we want to meet the ever-growing share of multimodal content. In this paper, we present a multimodal dataset for Aspect-Based Emotion Analysis (ABEA). Additionally, we take the first steps in investigating the utility of multimodal coreference resolution in an ABEA framework. The presented dataset consists of 4,900 comments on 175 images and is annotated with aspect and emotion categories and the emotional dimensions of valence and arousal. Our preliminary experiments suggest that ABEA does not benefit from multimodal coreference resolution, and that aspect and emotion classification only requires textual information. However, when more specific information about the aspects is desired, image recognition could be essential.</p></div>
			</abstract>
		</profileDesc>
	</teiHeader>
	<text xml:lang="en">
		<body>
<div xmlns="http://www.tei-c.org/ns/1.0"><head n="1.">Introduction</head><p>Nowadays, all large companies and brands own a designated page or channel on social media platforms which allows them to directly communicate with various stakeholders, most notably the general public. This rise of social media communication has also propagated research on automatically analysing usergenerated content which is often full of opinions and emotions. As a consequence, research on sentiment and emotion analysis has thrived. Since companies not only want to know which general opinions their stakeholders hold on their company or brand, but also want to learn which products or which features of their products are greatly appreciated or disliked by the online community, the research domain of sentiment analysis has started to focus more and more on fine-grained sentiment analysis (positive/negative/neutral) at the feature or aspect level <ref type="bibr" target="#b7">(Liu, 2012)</ref>. This is referred to as Aspect-Based Sentiment Analysis (ABSA), which focuses on the detection of all sentiment expressions within a given document and the concepts and aspects (or features) to which they refer. Following the task description in the SemEval 2015 shared task on this topic <ref type="bibr" target="#b13">(Pontiki et al., 2015)</ref>, aspect-based sentiment analysis can be decomposed into three subtasks: aspect term extraction, aspect category classification and aspect term polarity classification. In its original sense, sentiment analysis involves classifying instances as one of the three classes positive, negative, and neutral, but more recently, many research objectives shifted to extracting more fine-grained emotional information like the emotional categories anger, sadness, and joy <ref type="bibr" target="#b10">(Mohammad, 2016)</ref>. When performing emotion detection at the aspect level, we can analogously refer to this as Aspect-Based Emotion Analysis (ABEA) <ref type="bibr" target="#b11">(Padme and Kulkarni, 2018)</ref>. Given the rise of more visual content, which is illustrated by the popularity of platforms such as Instagram and TikTok, we want to investigate whether text-based models are sufficient to classify social media content which clearly exhibits both textual and visual information in terms of aspect and sentiment/emotion. Moreover, whenever images are presented, text is often used to pinpoint specific aspects of an image (e.g. "Love the color of these"). By closely analysing these instances, and especially those where anaphors are used, we wish to get more insights in whether it would be helpful to include visual information in the ABEA pipeline by means of multimodal coreference resolution. We perform a case study using customer comments on the Adidas Instagram page by collecting 4,900 comments on 175 Instagram images, and annotating them with aspect categories and emotional information. Moreover, the annotators indicated for each comment whether the image was necessary for a full understanding of the comment. By comparing the performance of the aspect classification and emotion analysis models on both types of comments, we can assess whether comments that rely on visual information for a full understanding are more difficult to classify than comments that do not rely on visual information. The contributions of this paper are twofold. Firstly, we present a multimodal dataset that can be used in the context of aspect-based sentiment and emotion detection, consisting of 4,900 comments on 175 images and annotated with both aspect and emotion labels. The dataset is freely available for further study 2 . Moreover, we assess the utility of multimodal coreference resolution in an ABEA framework. The next section of this paper will be dedicated to the description of related work (Section 2). In Section 3, we describe the data collection and annotation process. The methodology of the experiments to assess the importance of visual content for ABEA and the results of these experiments are reported in Section 4. The results are further discussed in Section 5, followed by a conclusion in Section 6.</p></div>
<div xmlns="http://www.tei-c.org/ns/1.0"><head n="2.">Related Work</head><p>In its original use, the goal of sentiment analysis was to classify text documents in terms of polarity, i.e. positive or negative <ref type="bibr">(Pang et al., 2002)</ref>. Through the years, the objective of sentiment analysis evolved to extracting more fine-grained insights about subjective information in texts and the need for sentiment analysis on the feature or aspect level was first expressed by <ref type="bibr" target="#b7">Liu (2012)</ref>. ABSA received a lot of attention in the context of a shared task at SemEval 2014 <ref type="bibr" target="#b12">(Pontiki et al., 2014)</ref> and 2015 <ref type="bibr" target="#b13">(Pontiki et al., 2015)</ref>, which provided datasets of English reviews in two domains (laptops and restaurants), annotated with aspect terms, aspect categories and sentiment labels. The evolution of extracting more and more fine-grained subjective information also caused a switch in focus from polarity to emotion <ref type="bibr" target="#b10">(Mohammad, 2016)</ref>. Instead of focusing on the positive/negative dichotomy, the goal in emotion analysis is to extract specific emotional states, such as the basic emotion categories of Ekman: anger, disgust, fear, joy, sadness, and surprise <ref type="bibr" target="#b4">(Ekman, 1992)</ref>. Recently, various studies performed emotion detection based on emotional dimensions instead of categories, e.g. the work of <ref type="bibr" target="#b1">Buechel and Hahn (2016)</ref> and <ref type="bibr" target="#b9">Mohammad and Kiritchenko (2018)</ref>. They follow the theory of <ref type="bibr" target="#b8">Mehrabian and Russell (1974)</ref>, who claim that every emotional state can be represented by the three dimensions valence (or pleasuredispleasure), arousal (or activation-deactivation) and dominance (dominance-submissiveness). Also the circumplex model of affect <ref type="bibr" target="#b15">(Russell, 1980)</ref>, which only focuses on the dimensions valence and arousal, has been used in emotion detection studies <ref type="bibr" target="#b14">(Preot ¸iuc-Pietro et al., 2016)</ref>. Mostly, emotion detection is performed at the sentence or document level. Analogously to ABSA, one could analyse emotions at the aspect level as well, resulting in Aspect-Based Emotion Analysis (ABEA). Some studies have been carried out on this subject <ref type="bibr" target="#b11">(Padme and Kulkarni, 2018)</ref>, but there are no publicly available datasets that have specifically been made for ABEA.</p><p>2 https://lt3.ugent.be/resources/multimodal-abea/ A problem in aspect-based sentiment and emotion analysis is that aspect terms are often not explicitly mentioned. This can manifest itself in various ways, e.g. by an implicit aspect that can only be inferred from the contextual meaning (e.g. "My mouth is still watering!", which has a food-related but implicit aspect) or by an anaphor referring to an antecedent previously mentioned in the text (e.g. "They were absolutely horrible."). In an age where visual content is becoming more and more prevalent -see also the work on multimodal NLP <ref type="bibr" target="#b5">(Kruk et al., 2019)</ref> -it is even possible that these implicit aspects can only be understood with the help of the image accompanying the text. Looking at both ABSA and ABEA, the same first two subtasks can be defined: aspect term extraction and aspect category classification. Regarding the latter, one could hypothesize that this task might suffer from these implicit aspects and that coreference resolution is needed to overcome this. However, previous research has shown that coreference resolution does not necessarily improve aspect term classification <ref type="bibr">(De Clercq and Hoste, 2020)</ref>. When linking anaphors to their correct antecedent in restaurant reviews, this additional semantic information did not really help to better classify the aspects into predefined categories, suggesting that the models have enough with the contextual lexical information alone. However, in the context of multimodal coreference, where text and image appear together, this has not been investigated yet.</p></div>
<div xmlns="http://www.tei-c.org/ns/1.0"><head n="3.">Dataset</head></div>
<div xmlns="http://www.tei-c.org/ns/1.0"><head n="3.1.">Dataset Collection</head><p>The Adidas Instagram page (@adidasoriginals) has more than 37 million followers with a great number of comments on each post, which makes it a rich page for collecting opinions on the brand and its products. In order to scrape all the posts on the Instagram page, we first obtained their shortcodes, by which each unique post can be identified. This was done using the Selenium package and the Beautiful Soup library in Python. The Selenium package automates browsing and interacting with the web. We used it to automatically open the page and scroll down until all posts were visible. Then, using the Beautiful Soup library, we extracted the shortcode for each post from the HTML source code of the fully loaded page. The next step was to open each post and click on the "Load more comments" button in order to acquire all the comments under each post. After all comments were loaded, once again using the HTML source code, we extracted the comments for individual posts. Since our objective was to annotate only the English comments, we used the langdetect library<ref type="foot" target="#foot_0">3</ref> to recognize the language of the comment and filter out the non-English ones. Our tool for downloading shortcodes and com-  ments is available on GitHub<ref type="foot" target="#foot_1">4</ref> . In order to download the Instagram images, we used the scraper software package<ref type="foot" target="#foot_2">5</ref> . This software contains a command line utility that takes as input a file containing a list of the shortcodes and the name of the directory in which we want to store the images. The shortcode is used to build an absolute path for the post. For each post, the web page is downloaded in HTML format and then the temporary image URL path is collected from the metadata. Subsequently, for each image URL, an HTTP request is made to download the image and save it on the hard disk.</p></div>
<div xmlns="http://www.tei-c.org/ns/1.0"><head n="3.2.">Dataset Annotation</head><p>The comments of 175 Instagram images were annotated by two students who were enrolled in the final year of a Bachelor's program in Applied Linguistics. The annotators were provided with an Excel file containing the image and comment.</p><p>They were asked to view the comments from the perspective of the person who wrote them and to indicate whether an emotion was expressed. If that was the case, they were asked to specify this emotion. Initially, the emotions of interest were anger, fear, joy, love, and sadness, conforming to De Bruyne et al. ( <ref type="formula">2020</ref>). However, after a trial annotation round, fear was removed from the label set as it was almost never indicated. However, the category longing was included instead to account for the emotion of desire, which was often expressed in the context of wanting the Adidas product that was represented in the Instagram post. Additionally, the annotators had to rate the emotional dimensions from the circumplex model of affect (Russell, 1980), namely valence (from low to high degree of pleasure) and arousal (from low to high degree of activation), on a 5-point scale. Note that valence is equivalent to sentiment or polarity, but that arousal is not equivalent to emotion intensity: when one is depressed, for example, the emotion has a high intensity but a low degree of arousal.</p><p>In the next step, the annotators had to indicate the aspect term associated with the emotion (or 'null' if the aspect was not mentioned explicitly in the text) and assign the appropriate aspect category (main and subcategory) for this aspect term. The aspect taxonomy is shown in onomies for different domains (retail, hotel, ...) have been drawn up in close collaboration with representative partners from the industry and on the basis of which the more generic taxonomy as presented here was derived. When multiple emotions and aspects were present in an Instagram post, the sentence was split up according to the number of aspects. It is worth noting that these comments were not taken into account for the remainder of this paper. In the last step of the annotation process, the annotators were asked to indicate whether the image was necessary for a full understanding of the comment or not (e.g., in the case of "Love the color of these", the image is needed to know which color and what product is referred to). In total, 5,140 comments were annotated in this manner. After filtering out the comments with multiple aspects or erroneous annotations, our final dataset comprises 4,900 comments, of which 2,615 were annotated as emotional and 2,285 were neutral. Two annotated examples are shown in Table <ref type="table" target="#tab_1">2</ref>. The comments accompanying the first ten images were annotated by both annotators (trial annotation round consisting of 90 comments) in order to calculate interannotator agreement (in the final dataset, only Annotator 1's annotations of the first 90 comments were taken into account). For the emotion categories and aspect categories, Cohen's Kappa was calculated. For the emotional dimensions (valence and arousal), Krippendorff's alpha was used. The agreement scores are shown in Table <ref type="table">3</ref> and reveal a moderate to substantial agreement for aspect and emotion categories, and a fair to moderate agreement for emotional dimensions. After this initial trial annotation round, the annotators sat together to align their annotation method. The remaining comments were more or less equally divided among the annotators. The annotators were free to discuss the annotations with each other when necessary in order to further guarantee consistency. A summary of the data annotations can be found in Tables 4 and 5. Out of the 2,615 emotional comments, joy is the most dominant category (1,198 comments), followed by anger and longing (593 and 589 comments, respectively). As regards the aspect categories, the product category was clearly most prevalent. We therefore decided to only keep the subcategories for this particular category, but work with the main cat- means that the image was needed for understanding the comment, ¶ means that the image was not needed and the text alone was sufficient.</p><p>egories for the other aspect classes. The store/office class was omitted, as there were no instances annotated with this category. A notable part of the instances contained an implicit aspect term: for 695 out of 2,615 emotional comments, it was not possible to indicate the aspect term associated with the emotion and they received the null tag as aspect term. Moreover, 883 of the instances where an aspect term could be indicated, contained an anaphoric pronoun (this, that, these, those and it). We can thus say that 1,578 instances (i.e. 60%) contained an implicit aspect term. Moreover, for the vast majority of emotional instances, the image was needed to completely understand the comment (2,317 out of 2,615 instances).</p></div>
<div xmlns="http://www.tei-c.org/ns/1.0"><head n="4.">Experiments &amp; Results</head><p>In order to investigate the influence of visual content on the first two subtasks of aspect-based emotion analysis (aspect category classification and emotion analysis), we applied RoBERTa models <ref type="bibr" target="#b6">(Liu et al., 2019)</ref> to our data and compared the performance on the comments for which the annotators indicated that no visual *For emotion classification, the neutral instances were filtered out from the subsets, as it was not indicated whether visual information was needed for neutral instances.</p><p>information was needed for a complete understanding versus the comments where the text alone sufficed. As we are dealing with short social media texts, we use the RoBERTa-based language model trained on Twitter data from <ref type="bibr" target="#b0">Barbieri et al. (2020)</ref>. For aspect classification, we use the base model (twitter-roberta-base<ref type="foot" target="#foot_4">7</ref> ) and for emotion, valence and arousal classification, we use the twitter-roberta-emotion model<ref type="foot" target="#foot_5">8</ref> .</p><p>For emotion classification, all instances were used (4,900 comments), while for valence, arousal and aspect classification only the non-neutral tweets were taken into account (2,615 comments). We used 10-fold cross validation to finetune the RoBERTa models for 3 epochs, with a dropout of 0.2, maximum sequence length and batch size of 64 and learning rate of 5e-05.</p><p>Table <ref type="table">6</ref> shows the accuracy of these models. We report the performance on the full subsets, but also calculate the accuracy after filtering the instances based on whether visual information was required for full understanding. On the full dataset, aspect classification is 78% accurate. For emotion classification, accuracy is 68%, and for valence and arousal classification it amounts to 56% and 61%, respectively. Emotion classification results per emotion category are shown in Table 7, which reveals a high performance for the categories anger, joy, love and longing (between 78% and 88% accuracy), but a notably lower performance for sadness (43%) and the neutral category (49%).</p><p>Contrary to what we expected, the aspect and valence classification models perform better on comments where visual information is needed, compared to comments where the text alone suffices. Especially for aspect, the difference is substantial (82% versus 54%). This is counter-intuitive, as the models do not actually have access to that visual information. In the next section, this will be examined in closer detail. means that the image was needed for understanding the comment, ¶ means that the image was not needed and text alone was sufficient. When the classifier made a correct prediction, it is indicated with a C; when a false prediction was made, it is indicated with an F.</p></div>
<div xmlns="http://www.tei-c.org/ns/1.0"><head n="5.">Discussion</head><p>We take a closer look at the comments and predictions to get more insights into the importance of visual information for classification. More specifically, we investigate implicit aspect mentions in the comments. The pronouns this, that, these, those and it appear in the aspect term of 883 of the 2,615 non-neutral comments, and 695 comments have the null tag as aspect term. The vast majority of these comments are indicated by the annotators as needing the image for full understanding (869 of the comments with pronouns and 622 of the comments with null, i.e. 1,491 out of 1,578 or 94%). However, given the results shown in Table <ref type="table">6</ref>, it does not seem that these implicit aspects cause problems for the classifier, as the performance of aspect classification is even higher for these instances. This suggests that aspect-based sentiment and emotion analysis would not benefit from multimodal coreference resolution. However, a lot depends on the aspect labels of interest. In our case, the aspect labels seem broad enough to only rely on the text for extracting the aspects. Some examples are shown in Table <ref type="table" target="#tab_6">8</ref>. In the sentence "where can I get these same ones" for example, one does need the image to know to what specific entity is being referred, but the text alone is enough to know that</p></div><figure xmlns="http://www.tei-c.org/ns/1.0" type="table" xml:id="tab_0"><head>Table 1 :</head><label>1</label><figDesc>Still no one reply to me of this wind jacket. As I've leave my phone number to your retail shop staff in Causewaybay! Even no stock or when will restock! But until now still no feedback. Aspect taxonomy and examples from the dataset for each main category.</figDesc><table><row><cell cols="3">Main Category Subcategories</cell><cell></cell><cell>Example</cell><cell></cell></row><row><cell>Company</cell><cell cols="2">General, reliability</cell><cell></cell><cell cols="3">Looks likes I'm Adidas fan now. Got to make daddy in law happy @jazminchristine</cell></row><row><cell>Marcom</cell><cell cols="2">General, promotions</cell><cell></cell><cell cols="2">Thanks for the birthday coupon</cell></row><row><cell></cell><cell cols="3">General, friendliness, ser-</cell><cell></cell><cell></cell></row><row><cell>Personnel</cell><cell cols="3">vice, reception, speed, in-formation, availability, fa-</cell><cell></cell><cell></cell></row><row><cell></cell><cell>miliarity</cell><cell></cell><cell></cell><cell cols="3">What the hell of customer services? Very disappointed</cell></row><row><cell>Product</cell><cell cols="3">General, price, quality, availability, variety</cell><cell cols="3">Hope it will be available in the philippines.</cell></row><row><cell>Social media</cell><cell>Content</cell><cell></cell><cell></cell><cell cols="3">I was 2013 in chicago...very nice and very nice picture ;) @adidasoriginals</cell></row><row><cell></cell><cell cols="3">General, parking, location,</cell><cell></cell><cell></cell></row><row><cell>Store/Office</cell><cell cols="3">cleanliness, lay-out, open-</cell><cell cols="2">(no examples in the dataset)</cell></row><row><cell></cell><cell>ing hours</cell><cell></cell><cell></cell><cell></cell><cell></cell></row><row><cell>Website</cell><cell cols="3">General, user-friendliness information,</cell><cell cols="3">What's wrong with the app? I've been trying to place an order 3 days already</cell></row><row><cell>Comment</cell><cell cols="4">Emotion Valence Arousal</cell><cell>Aspect</cell><cell>Image needed?</cell></row><row><cell cols="2">Hope it will be available in the philippines.</cell><cell>Longing</cell><cell>3</cell><cell>1</cell><cell cols="2">Product -availability Yes ( )</cell></row><row><cell cols="2">Been rockin your shoes</cell><cell></cell><cell></cell><cell></cell><cell></cell></row><row><cell cols="2">since the 90s! bas, Gazelles, Superstars, Sam-</cell><cell>Joy</cell><cell>4</cell><cell>3</cell><cell>Product -general</cell><cell>No ( ¶)</cell></row><row><cell cols="2">NMDs! Thank you!</cell><cell></cell><cell></cell><cell></cell><cell></cell></row></table></figure>
<figure xmlns="http://www.tei-c.org/ns/1.0" type="table" xml:id="tab_1"><head>Table 2 :</head><label>2</label><figDesc>Examples of annotated comments.</figDesc><table /></figure>
<figure xmlns="http://www.tei-c.org/ns/1.0" type="table" xml:id="tab_3"><head>Table 4 :</head><label>4</label><figDesc>Number of comments per emotion category / emotional rating.means that the image was needed for understanding the comment, ¶means that the image was not needed and the text alone was sufficient.</figDesc><table><row><cell>sentiment-and-emotion-an/</cell></row></table></figure>
<figure xmlns="http://www.tei-c.org/ns/1.0" type="table" xml:id="tab_4"><head>Table 5 :</head><label>5</label><figDesc>Number of comments per aspect category.</figDesc><table /></figure>
<figure xmlns="http://www.tei-c.org/ns/1.0" type="table" xml:id="tab_6"><head>Table 8 :</head><label>8</label><figDesc>Examples of comments that include an anaphor.</figDesc><table><row><cell>Emotion</cell><cell>All</cell><cell></cell><cell>¶</cell></row><row><cell>Neutral</cell><cell>0.487</cell><cell>-</cell><cell>-</cell></row><row><cell>Anger</cell><cell cols="3">0.789 0.776 0.836</cell></row><row><cell>Joy</cell><cell cols="3">0.866 0.868 0.843</cell></row><row><cell>Love</cell><cell cols="3">0.881 0.873 0.963</cell></row><row><cell>Longing</cell><cell cols="3">0.785 0.777 0.875</cell></row><row><cell>Sadness</cell><cell cols="3">0.432 0.424 0.455</cell></row><row><cell cols="5">Table 7: Accuracy per emotion category for the com-</cell></row><row><cell cols="5">plete dataset (All), and for subsets of the data contain-</cell></row><row><cell cols="5">ing either only instances where visual information was</cell></row><row><cell cols="5">needed for full understanding ( ) or instances where</cell></row><row><cell cols="3">visual information was not needed ( ¶).</cell><cell></cell></row><row><cell>Comment</cell><cell>Aspect</cell><cell></cell><cell>/  ¶</cell><cell>F/C</cell></row><row><cell>Super super in love with this work of art</cell><cell cols="2">Product -general</cell><cell></cell><cell>C</cell></row><row><cell>where can I get these same ones</cell><cell cols="2">Product -availability</cell><cell></cell><cell>C</cell></row><row><cell>The same in black and I will buy this zxflux !!!</cell><cell cols="2">Product -variety</cell><cell></cell><cell>C</cell></row><row><cell>@ 6079 this pic is awesome</cell><cell cols="2">Social me-dia</cell><cell></cell><cell>F</cell></row></table></figure>
			<note xmlns="http://www.tei-c.org/ns/1.0" place="foot" n="3" xml:id="foot_0">https://pypi.org/project/langdetect</note>
			<note xmlns="http://www.tei-c.org/ns/1.0" place="foot" n="4" xml:id="foot_1">https://github.com/akkarimi/instascraper</note>
			<note xmlns="http://www.tei-c.org/ns/1.0" place="foot" n="5" xml:id="foot_2">https://github.com/hachreak/scraper</note>
			<note xmlns="http://www.tei-c.org/ns/1.0" place="foot" n="6" xml:id="foot_3">https://lt3.ugent.be/projects/multilingual-aspect-based-</note>
			<note xmlns="http://www.tei-c.org/ns/1.0" place="foot" n="7" xml:id="foot_4">https://huggingface.co/cardiffnlp/twitter-roberta-base</note>
			<note xmlns="http://www.tei-c.org/ns/1.0" place="foot" n="8" xml:id="foot_5">https://huggingface.co/cardiffnlp/twitter-roberta-baseemotion</note>
		</body>
		<back>
			<div type="annex">
<div xmlns="http://www.tei-c.org/ns/1.0"><p>this comment is about a product (and the availability thereof). However, when one needs to know which specific product the comment is about, image recognition is still needed. Most of the aspects in the dataset are subcategories of the product category (cfr. Table <ref type="table">5</ref>). When we look at the top three aspects in the comments with implicit aspect, product -general is dominant as well (1,123 comments) followed by the social media (244 comments) and product -availability category (130 comments).</p><p>The majority of the product -general and productavailability instances with implicit aspect are correctly classified (1,165 out of 1,253, i.e. 93%). For the social media category however, only 102 out of 244 instances are correctly classified (42%) and are often misclassified as product -general.</p><p>For emotion classification, one would expect that there is no difference in performance between the subset and the ¶ subset, as emotional information (contrary to aspect information) is probably only present in the textual comment and not in the originally posted picture. As shown in Table <ref type="table">6</ref>, there is only little difference between the subsets. When performing χ 2 tests, we indeed find no significant difference at a 5% significance level between the performance on the subsets, neither when taking into account all emotional instances, nor when looking at the individual emotion categories (see Table <ref type="table">9</ref>).</p></div>
<div xmlns="http://www.tei-c.org/ns/1.0"><head n="6.">Conclusion</head><p>We presented a multimodal dataset that can be used in the context of aspect-based sentiment and emotion detection, consisting of 4,900 comments on 175 images and annotated with both aspect and emotion labels. We assessed the utility of multimodal coreference resolution in an ABEA framework. Based on these preliminary experiments, we can assume that ABEA does not benefit from multimodal coreference resolution. However, when more specific information is needed than broad aspect categories (e.g. product type, product color, etc), computer vision techniques will become necessary.</p></div>
<div xmlns="http://www.tei-c.org/ns/1.0"><head n="7.">Acknowledgements</head><p>This work was partially funded by the Research Foundation-Flanders under a Strategic Basic Research fellowship with Grant No. 3S004019. Authors would also like to thank Leonardo Rossi for his help with downloading the images in the dataset.</p></div>			</div>
			<div type="references">

				<listBibl>

<biblStruct xml:id="b0">
	<analytic>
		<title level="a" type="main">TweetEval: Unified benchmark and comparative evaluation for tweet classification</title>
		<author>
			<persName><forename type="first">F</forename><surname>Bibliographical References Barbieri</surname></persName>
		</author>
		<author>
			<persName><forename type="first">J</forename><surname>Camacho-Collados</surname></persName>
		</author>
		<author>
			<persName><forename type="first">L</forename><surname>Espinosa Anke</surname></persName>
		</author>
		<author>
			<persName><forename type="first">L</forename><surname>Neves</surname></persName>
		</author>
	</analytic>
	<monogr>
		<title level="m">Findings of the Association for Computational Linguistics: EMNLP 2020</title>
				<imprint>
			<publisher>Association for Computational Linguistics</publisher>
			<date type="published" when="2020-11">2020. November</date>
			<biblScope unit="page" from="1644" to="1650" />
		</imprint>
	</monogr>
	<note type="raw_reference">Bibliographical References Barbieri, F., Camacho-Collados, J., Espinosa Anke, L., and Neves, L. (2020). TweetEval: Unified bench- mark and comparative evaluation for tweet classifi- cation. In Findings of the Association for Computa- tional Linguistics: EMNLP 2020, pages 1644-1650, Online, November. Association for Computational Linguistics.</note>
</biblStruct>

<biblStruct xml:id="b1">
	<analytic>
		<title level="a" type="main">Emotion analysis as a regression problem -dimensional models and their implications on emotion representation and metrical evaluation</title>
		<author>
			<persName><forename type="first">S</forename><surname>Buechel</surname></persName>
		</author>
		<author>
			<persName><forename type="first">U</forename><surname>Hahn</surname></persName>
		</author>
	</analytic>
	<monogr>
		<title level="m">ECAI 2016 -Proceedings of the 22nd European Conference on Artificial Intelligence</title>
				<meeting><address><addrLine>The Hague</addrLine></address></meeting>
		<imprint>
			<publisher>IOS Press</publisher>
			<date type="published" when="2016">2016</date>
			<biblScope unit="page" from="1114" to="1122" />
		</imprint>
	</monogr>
	<note>The Netherlands</note>
	<note type="raw_reference">Buechel, S. and Hahn, U. (2016). Emotion analy- sis as a regression problem -dimensional models and their implications on emotion representation and metrical evaluation. In ECAI 2016 -Proceedings of the 22nd European Conference on Artificial Intelli- gence, pages 1114-1122, The Hague, The Nether- lands. IOS Press.</note>
</biblStruct>

<biblStruct xml:id="b2">
	<analytic>
		<title level="a" type="main">An emotional mess! deciding on a framework for building a Dutch emotion-annotated corpus</title>
		<author>
			<persName><forename type="first">L</forename><surname>De Bruyne</surname></persName>
		</author>
		<author>
			<persName><forename type="first">O</forename><surname>De Clercq</surname></persName>
		</author>
		<author>
			<persName><forename type="first">V</forename><surname>Hoste</surname></persName>
		</author>
	</analytic>
	<monogr>
		<title level="m">Proceedings of the 12th Language Resources and Evaluation Conference</title>
				<meeting>the 12th Language Resources and Evaluation Conference<address><addrLine>Marseille, France</addrLine></address></meeting>
		<imprint>
			<date type="published" when="2020-05">2020. May</date>
			<biblScope unit="page" from="1643" to="1651" />
		</imprint>
	</monogr>
	<note>European Language Resources Association</note>
	<note type="raw_reference">De Bruyne, L., De Clercq, O., and Hoste, V. (2020). An emotional mess! deciding on a framework for building a Dutch emotion-annotated corpus. In Pro- ceedings of the 12th Language Resources and Eval- uation Conference, pages 1643-1651, Marseille, France, May. European Language Resources Asso- ciation.</note>
</biblStruct>

<biblStruct xml:id="b3">
	<analytic>
		<title level="a" type="main">It&apos;s absolutely divine! can fine-grained sentiment analysis benefit from coreference resolution?</title>
		<author>
			<persName><forename type="first">O</forename><surname>De Clercq</surname></persName>
		</author>
		<author>
			<persName><forename type="first">V</forename><surname>Hoste</surname></persName>
		</author>
	</analytic>
	<monogr>
		<title level="m">Proceedings of the Third Workshop on Computational Models of Reference, Anaphora and Coreference (CRAC 2020)</title>
				<meeting>the Third Workshop on Computational Models of Reference, Anaphora and Coreference (CRAC 2020)</meeting>
		<imprint>
			<date type="published" when="2020">2020</date>
			<biblScope unit="page" from="11" to="21" />
		</imprint>
	</monogr>
	<note>Association for Computational Linguistics (ACL</note>
	<note type="raw_reference">De Clercq, O. and Hoste, V. (2020). It&apos;s absolutely divine! can fine-grained sentiment analysis benefit from coreference resolution? In Proceedings of the Third Workshop on Computational Models of Ref- erence, Anaphora and Coreference (CRAC 2020), pages 11-21. Association for Computational Lin- guistics (ACL).</note>
</biblStruct>

<biblStruct xml:id="b4">
	<analytic>
		<title level="a" type="main">An argument for basic emotions</title>
		<author>
			<persName><forename type="first">P</forename><surname>Ekman</surname></persName>
		</author>
	</analytic>
	<monogr>
		<title level="j">Cognition &amp; Emotion</title>
		<imprint>
			<biblScope unit="volume">6</biblScope>
			<biblScope unit="issue">3-4</biblScope>
			<biblScope unit="page" from="169" to="200" />
			<date type="published" when="1992">1992</date>
		</imprint>
	</monogr>
	<note type="raw_reference">Ekman, P. (1992). An argument for basic emotions. Cognition &amp; Emotion, 6(3-4):169-200.</note>
</biblStruct>

<biblStruct xml:id="b5">
	<analytic>
		<title level="a" type="main">Integrating text and image: Determining multimodal document intent in Instagram posts</title>
		<author>
			<persName><forename type="first">J</forename><surname>Kruk</surname></persName>
		</author>
		<author>
			<persName><forename type="first">J</forename><surname>Lubin</surname></persName>
		</author>
		<author>
			<persName><forename type="first">K</forename><surname>Sikka</surname></persName>
		</author>
		<author>
			<persName><forename type="first">X</forename><surname>Lin</surname></persName>
		</author>
		<author>
			<persName><forename type="first">D</forename><surname>Jurafsky</surname></persName>
		</author>
		<author>
			<persName><forename type="first">A</forename><surname>Divakaran</surname></persName>
		</author>
	</analytic>
	<monogr>
		<title level="m">Proceedings of the 2019 Conference on Empirical Methods in Natural Language Processing and the 9th International Joint Conference on Natural Language Processing (EMNLP-IJCNLP)</title>
				<meeting>the 2019 Conference on Empirical Methods in Natural Language Processing and the 9th International Joint Conference on Natural Language Processing (EMNLP-IJCNLP)<address><addrLine>Hong Kong, China</addrLine></address></meeting>
		<imprint>
			<publisher>Association for Computational Linguistics</publisher>
			<date type="published" when="2019-11">2019. November</date>
			<biblScope unit="page" from="4622" to="4632" />
		</imprint>
	</monogr>
	<note type="raw_reference">Kruk, J., Lubin, J., Sikka, K., Lin, X., Jurafsky, D., and Divakaran, A. (2019). Integrating text and image: Determining multimodal document intent in Insta- gram posts. In Proceedings of the 2019 Conference on Empirical Methods in Natural Language Process- ing and the 9th International Joint Conference on Natural Language Processing (EMNLP-IJCNLP), pages 4622-4632, Hong Kong, China, November. Association for Computational Linguistics.</note>
</biblStruct>

<biblStruct xml:id="b6">
	<monogr>
		<author>
			<persName><forename type="first">Y</forename><surname>Liu</surname></persName>
		</author>
		<author>
			<persName><forename type="first">M</forename><surname>Ott</surname></persName>
		</author>
		<author>
			<persName><forename type="first">N</forename><surname>Goyal</surname></persName>
		</author>
		<author>
			<persName><forename type="first">J</forename><surname>Du</surname></persName>
		</author>
		<author>
			<persName><forename type="first">M</forename><surname>Joshi</surname></persName>
		</author>
		<author>
			<persName><forename type="first">D</forename><surname>Chen</surname></persName>
		</author>
		<author>
			<persName><forename type="first">O</forename><surname>Levy</surname></persName>
		</author>
		<author>
			<persName><forename type="first">M</forename><surname>Lewis</surname></persName>
		</author>
		<author>
			<persName><forename type="first">L</forename><surname>Zettlemoyer</surname></persName>
		</author>
		<author>
			<persName><forename type="first">V</forename><surname>Stoyanov</surname></persName>
		</author>
		<idno type="arXiv">arXiv:1907.11692</idno>
		<title level="m">Roberta: A robustly optimized bert pretraining approach</title>
				<imprint>
			<date type="published" when="2019">2019</date>
		</imprint>
	</monogr>
	<note type="report_type">arXiv preprint</note>
	<note type="raw_reference">Liu, Y., Ott, M., Goyal, N., Du, J., Joshi, M., Chen, D., Levy, O., Lewis, M., Zettlemoyer, L., and Stoyanov, V. (2019). Roberta: A robustly op- timized bert pretraining approach. arXiv preprint arXiv:1907.11692.</note>
</biblStruct>

<biblStruct xml:id="b7">
	<monogr>
		<title level="m" type="main">Sentiment analysis and opinion mining. Synthesis lectures on human language technologies</title>
		<author>
			<persName><forename type="first">B</forename><surname>Liu</surname></persName>
		</author>
		<imprint>
			<date type="published" when="2012">2012</date>
			<biblScope unit="volume">5</biblScope>
			<biblScope unit="page" from="1" to="167" />
		</imprint>
	</monogr>
	<note type="raw_reference">Liu, B. (2012). Sentiment analysis and opinion min- ing. Synthesis lectures on human language technolo- gies, 5(1):1-167.</note>
</biblStruct>

<biblStruct xml:id="b8">
	<monogr>
		<title level="m" type="main">An Approach to Environmental Psychology</title>
		<author>
			<persName><forename type="first">A</forename><surname>Mehrabian</surname></persName>
		</author>
		<author>
			<persName><forename type="first">J</forename><forename type="middle">A</forename><surname>Russell</surname></persName>
		</author>
		<imprint>
			<date type="published" when="1974">1974</date>
			<publisher>MIT Press</publisher>
		</imprint>
	</monogr>
	<note type="raw_reference">Mehrabian, A. and Russell, J. A. (1974). An Approach to Environmental Psychology. MIT Press.</note>
</biblStruct>

<biblStruct xml:id="b9">
	<analytic>
		<title level="a" type="main">Understanding emotions: A dataset of tweets to study interactions between affect categories</title>
		<author>
			<persName><forename type="first">S</forename><surname>Mohammad</surname></persName>
		</author>
		<author>
			<persName><forename type="first">S</forename><surname>Kiritchenko</surname></persName>
		</author>
	</analytic>
	<monogr>
		<title level="m">Proceedings of the Eleventh International Conference on Language Resources and Evaluation (LREC 2018)</title>
				<meeting>the Eleventh International Conference on Language Resources and Evaluation (LREC 2018)<address><addrLine>Miyazaki, Japan</addrLine></address></meeting>
		<imprint>
			<publisher>European Language Resources Association (ELRA</publisher>
			<date type="published" when="2018">2018</date>
			<biblScope unit="page" from="198" to="209" />
		</imprint>
	</monogr>
	<note type="raw_reference">Mohammad, S. and Kiritchenko, S. (2018). Under- standing emotions: A dataset of tweets to study interactions between affect categories. In Proceed- ings of the Eleventh International Conference on Language Resources and Evaluation (LREC 2018), pages 198-209, Miyazaki, Japan. European Lan- guage Resources Association (ELRA).</note>
</biblStruct>

<biblStruct xml:id="b10">
	<analytic>
		<title level="a" type="main">Sentiment analysis: Detecting valence, emotions, and other affectual states from text</title>
		<author>
			<persName><forename type="first">S</forename><forename type="middle">M</forename><surname>Mohammad</surname></persName>
		</author>
	</analytic>
	<monogr>
		<title level="m">Emotion measurement</title>
				<imprint>
			<publisher>Elsevier</publisher>
			<date type="published" when="2016">2016</date>
			<biblScope unit="page" from="201" to="237" />
		</imprint>
	</monogr>
	<note type="raw_reference">Mohammad, S. M. (2016). Sentiment analysis: De- tecting valence, emotions, and other affectual states from text. In Emotion measurement, pages 201-237. Elsevier.</note>
</biblStruct>

<biblStruct xml:id="b11">
	<analytic>
		<title level="a" type="main">Aspect based emotion analysis on online user-generated reviews</title>
		<author>
			<persName><forename type="first">S</forename><forename type="middle">B</forename><surname>Padme</surname></persName>
		</author>
		<author>
			<persName><forename type="first">P</forename><forename type="middle">V</forename><surname>Kulkarni</surname></persName>
		</author>
	</analytic>
	<monogr>
		<title level="m">2018 9th International Conference on Computing, Communication and Networking Technologies (ICC-CNT)</title>
				<imprint>
			<date type="published" when="2018">2018</date>
			<biblScope unit="page" from="1" to="5" />
		</imprint>
	</monogr>
	<note type="raw_reference">Padme, S. B. and Kulkarni, P. V. (2018). Aspect based emotion analysis on online user-generated reviews. In 2018 9th International Conference on Computing, Communication and Networking Technologies (ICC- CNT), pages 1-5.</note>
</biblStruct>

<biblStruct xml:id="b12">
	<analytic>
		<title level="a" type="main">SemEval-2014 task 4: Aspect based sentiment analysis</title>
		<author>
			<persName><forename type="first">M</forename><surname>Pontiki</surname></persName>
		</author>
		<author>
			<persName><forename type="first">D</forename><surname>Galanis</surname></persName>
		</author>
		<author>
			<persName><forename type="first">J</forename><surname>Pavlopoulos</surname></persName>
		</author>
		<author>
			<persName><forename type="first">H</forename><surname>Papageorgiou</surname></persName>
		</author>
		<author>
			<persName><forename type="first">I</forename><surname>Androutsopoulos</surname></persName>
		</author>
		<author>
			<persName><forename type="first">S</forename><surname>Manandhar</surname></persName>
		</author>
	</analytic>
	<monogr>
		<title level="m">Proceedings of the 8th International Workshop on Semantic Evaluation</title>
				<meeting>the 8th International Workshop on Semantic Evaluation<address><addrLine>Dublin, Ireland</addrLine></address></meeting>
		<imprint>
			<publisher>Association for Computational Linguistics</publisher>
			<date type="published" when="2014-08">2014. 2014. August</date>
			<biblScope unit="page" from="27" to="35" />
		</imprint>
	</monogr>
	<note type="raw_reference">Pontiki, M., Galanis, D., Pavlopoulos, J., Papageor- giou, H., Androutsopoulos, I., and Manandhar, S. (2014). SemEval-2014 task 4: Aspect based senti- ment analysis. In Proceedings of the 8th Interna- tional Workshop on Semantic Evaluation (SemEval 2014), pages 27-35, Dublin, Ireland, August. Asso- ciation for Computational Linguistics.</note>
</biblStruct>

<biblStruct xml:id="b13">
	<monogr>
		<author>
			<persName><forename type="first">M</forename><surname>Pontiki</surname></persName>
		</author>
		<author>
			<persName><forename type="first">D</forename><surname>Galanis</surname></persName>
		</author>
		<author>
			<persName><forename type="first">H</forename><surname>Papageorgiou</surname></persName>
		</author>
		<author>
			<persName><forename type="first">S</forename><surname>Manandhar</surname></persName>
		</author>
		<author>
			<persName><forename type="first">I</forename><surname>Androutsopoulos</surname></persName>
		</author>
		<title level="m">Proceedings of the 9th international workshop on semantic evaluation</title>
				<meeting>the 9th international workshop on semantic evaluation</meeting>
		<imprint>
			<date type="published" when="2015">2015. SemEval 2015</date>
			<biblScope unit="page" from="486" to="495" />
		</imprint>
	</monogr>
	<note>Semeval-2015 task 12: Aspect based sentiment analysis</note>
	<note type="raw_reference">Pontiki, M., Galanis, D., Papageorgiou, H., Manand- har, S., and Androutsopoulos, I. (2015). Semeval- 2015 task 12: Aspect based sentiment analysis. In Proceedings of the 9th international workshop on se- mantic evaluation (SemEval 2015), pages 486-495.</note>
</biblStruct>

<biblStruct xml:id="b14">
	<analytic>
		<title level="a" type="main">Modelling valence and arousal in facebook posts</title>
		<author>
			<persName><forename type="first">D</forename><surname>Preot ¸iuc-Pietro</surname></persName>
		</author>
		<author>
			<persName><forename type="first">H</forename><forename type="middle">A</forename><surname>Schwartz</surname></persName>
		</author>
		<author>
			<persName><forename type="first">G</forename><surname>Park</surname></persName>
		</author>
		<author>
			<persName><forename type="first">J</forename><surname>Eichstaedt</surname></persName>
		</author>
		<author>
			<persName><forename type="first">M</forename><surname>Kern</surname></persName>
		</author>
		<author>
			<persName><forename type="first">L</forename><surname>Ungar</surname></persName>
		</author>
		<author>
			<persName><forename type="first">E</forename><surname>Shulman</surname></persName>
		</author>
	</analytic>
	<monogr>
		<title level="m">Proceedings of the 7th workshop on computational approaches to subjectivity, sentiment and social media analysis</title>
				<meeting>the 7th workshop on computational approaches to subjectivity, sentiment and social media analysis</meeting>
		<imprint>
			<date type="published" when="2016">2016</date>
			<biblScope unit="page" from="9" to="15" />
		</imprint>
	</monogr>
	<note type="raw_reference">Preot ¸iuc-Pietro, D., Schwartz, H. A., Park, G., Eich- staedt, J., Kern, M., Ungar, L., and Shulman, E. (2016). Modelling valence and arousal in facebook posts. In Proceedings of the 7th workshop on com- putational approaches to subjectivity, sentiment and social media analysis, pages 9-15.</note>
</biblStruct>

<biblStruct xml:id="b15">
	<analytic>
		<title level="a" type="main">A circumplex model of affect</title>
		<author>
			<persName><forename type="first">J</forename><forename type="middle">A</forename><surname>Russell</surname></persName>
		</author>
	</analytic>
	<monogr>
		<title level="j">Journal of personality and social psychology</title>
		<imprint>
			<biblScope unit="volume">39</biblScope>
			<biblScope unit="issue">6</biblScope>
			<biblScope unit="page">1161</biblScope>
			<date type="published" when="1980">1980</date>
		</imprint>
	</monogr>
	<note type="raw_reference">Russell, J. A. (1980). A circumplex model of af- fect. Journal of personality and social psychology, 39(6):1161.</note>
</biblStruct>

				</listBibl>
			</div>
		</back>
	</text>
</TEI>
