<?xml version="1.0" encoding="UTF-8"?>
<TEI xml:space="preserve" xmlns="http://www.tei-c.org/ns/1.0" 
xmlns:xsi="http://www.w3.org/2001/XMLSchema-instance" 
xsi:schemaLocation="http://www.tei-c.org/ns/1.0 https://raw.githubusercontent.com/kermitt2/grobid/master/grobid-home/schemas/xsd/Grobid.xsd"
 xmlns:xlink="http://www.w3.org/1999/xlink">
	<teiHeader xml:lang="en">
		<fileDesc>
			<titleStmt>
				<title level="a" type="main">Structural Bias for Aspect Sentiment Triplet Extraction</title>
			</titleStmt>
			<publicationStmt>
				<publisher/>
				<availability status="unknown"><licence/></availability>
			</publicationStmt>
			<sourceDesc>
				<biblStruct>
					<analytic>
						<author>
							<persName><forename type="first">Chen</forename><surname>Zhang</surname></persName>
							<email>czhang@bit.edu.cn</email>
							<affiliation key="aff0">
								<orgName type="institution">Beijing Institute of Technology</orgName>
							</affiliation>
						</author>
						<author>
							<persName><forename type="first">Lei</forename><surname>Ren</surname></persName>
							<affiliation key="aff0">
								<orgName type="institution">Beijing Institute of Technology</orgName>
							</affiliation>
						</author>
						<author>
							<persName><forename type="first">Fang</forename><surname>Ma</surname></persName>
							<affiliation key="aff0">
								<orgName type="institution">Beijing Institute of Technology</orgName>
							</affiliation>
						</author>
						<author>
							<persName><forename type="first">Jingang</forename><surname>Wang</surname></persName>
							<email>wangjingang02@meituan.com</email>
							<affiliation key="aff0">
								<orgName type="institution">Beijing Institute of Technology</orgName>
							</affiliation>
						</author>
						<author>
							<persName><forename type="first">Wei</forename><surname>Wu</surname></persName>
							<affiliation key="aff0">
								<orgName type="institution">Beijing Institute of Technology</orgName>
							</affiliation>
						</author>
						<author>
							<persName><forename type="first">Dawei</forename><surname>Song</surname></persName>
							<email>dwsong@bit.edu.cn</email>
							<affiliation key="aff0">
								<orgName type="institution">Beijing Institute of Technology</orgName>
							</affiliation>
						</author>
						<title level="a" type="main">Structural Bias for Aspect Sentiment Triplet Extraction</title>
					</analytic>
					<monogr>
						<imprint>
							<date/>
						</imprint>
					</monogr>
					<idno type="MD5">BAFA8DB41050C3A9EAA18E915A48666A</idno>
				</biblStruct>
			</sourceDesc>
		</fileDesc>
		<encodingDesc>
			<appInfo>
				<application version="0.7.3-SNAPSHOT" ident="GROBID" when="2023-01-12T09:27+0000">
					<desc>GROBID - A machine learning software for extracting information from scholarly documents</desc>
					<ref target="https://github.com/kermitt2/grobid"/>
				</application>
			</appInfo>
		</encodingDesc>
		<profileDesc>
			<abstract>
<div xmlns="http://www.tei-c.org/ns/1.0"><p>Structural bias has recently been exploited for aspect sentiment triplet extraction (ASTE) and led to improved performance. On the other hand, it is recognized that explicitly incorporating structural bias would have a negative impact on efficiency, whereas pretrained language models (PLMs) can already capture implicit structures. Thus, a natural question arises: Is structural bias still a necessity in the context of PLMs? To answer the question, we propose to address the efficiency issues by using an adapter to integrate structural bias in the PLM and using a cheap-to-compute relative position structure in place of the syntactic dependency structure. Benchmarking evaluation is conducted on the SemEval datasets. The results show that our proposed structural adapter is beneficial to PLMs and achieves state-of-theart performance over a range of strong baselines, yet with a light parameter demand and low latency. Meanwhile, we give rise to the concern that the current evaluation default with data of small scale is under-confident. Consequently, we release a large-scale dataset for ASTE. The results on the new dataset hint that the structural adapter is confidently effective and efficient to a large scale. Overall, we draw the conclusion that structural bias shall still be a necessity even with PLMs. 1  </p></div>
			</abstract>
		</profileDesc>
	</teiHeader>
	<text xml:lang="en">
		<body>
<div xmlns="http://www.tei-c.org/ns/1.0"><head n="1">Introduction</head><p>Aspect sentiment triplet extraction (ASTE) is a task central to fine-grained opinion mining. Compared to aspect sentiment classification that only aims to predict sentiment polarities for various aspects, ASTE instead extracts descriptive opinion units in the form of triplets (i.e., aspect-opinionsentiment tuples). For example, (food, great, POS) and (service, dreadful, NEG) are aspect sentiment While ASTE can be generally tackled with neural models in either a pipeline manner <ref type="bibr" target="#b17">(Peng et al., 2020)</ref> or a multi-task manner <ref type="bibr" target="#b28">(Xu et al., 2020;</ref><ref type="bibr" target="#b32">Zhang et al., 2020;</ref><ref type="bibr" target="#b25">Wu et al., 2020a;</ref><ref type="bibr" target="#b0">Chen et al., 2021a;</ref><ref type="bibr" target="#b27">Xu et al., 2021)</ref>, the aspect sentiment triplets can be rather derivable from dependency structures (e.g., syntactic dependency trees) with hand-crafted rules <ref type="bibr" target="#b24">(Wu et al., 2009;</ref><ref type="bibr" target="#b20">Sun et al., 2017)</ref>. For the example in Figure <ref type="figure" target="#fig_0">1</ref> (bottom), the triplets can be recognized via certain structural dependency relations. <ref type="foot" target="#foot_0">2</ref> Various studies are motivated by this intuition and exploit dependency bias to enhance neural ASTE models <ref type="bibr" target="#b1">(Chen et al., 2021b</ref>), yet without a necessary comparison with pretrained language models (PLMs). On the other hand, recent advances find that using PLMs can already achieve compelling performance <ref type="bibr" target="#b29">(Yan et al., 2021;</ref><ref type="bibr" target="#b33">Zhang et al., 2021;</ref><ref type="bibr" target="#b8">Huang et al., 2021)</ref> owing to implicit structures captured by PLMs <ref type="bibr" target="#b26">(Wu et al., 2020b)</ref>. It signals that, compared with PLMs, explicit structural biases such as dependency bias, may become cumbersome <ref type="bibr" target="#b3">(Dai et al., 2021)</ref> due to parameter inefficiency and latency inefficiency. That is, combining dependencies into models can require redundant parameters to achieve structure encoding, while producing structures can also require increased latency to achieve external parsing. Therefore, a critical question naturally arises: Is structural bias still a necessity for ASTE in the context of PLMs?</p><p>In this paper, we aspire to answer the question from two perspectives: 1) whether structural bias can be incorporated into PLMs in a flexible way in terms of both parameter and latency efficiency; and 2) whether structural bias can enhance PLMs for ASTE.</p><p>To boost the parameter efficiency, we develop the idea of adapter and put forward a parameterefficient adapter that can incorporate structural bias. The adapter <ref type="bibr">(Houlsby et al., 2019)</ref> was proposed initially to integrate additional modules into PLMs and enable PLMs to leverage inductive bias efficiently. Although feasible, such adapters can be far from lightweight. For example, <ref type="bibr" target="#b11">Liu et al. (2021)</ref> introduces a series of linear transformations in their proposed adapter which involve numerous parameters. In contrast, instead of introducing carefullydesigned plugins, we propose to use structured attention maps induced with structures, to additively impact the raw attention maps in self-attention, thus requiring only a tiny amount of incremental parameters.</p><p>To improve the latency efficiency, we argue that dependency distance is a sufficient simplification of the dependency graph since the simplification has been proven equally powerful in downstream tasks like aspect sentiment classification <ref type="bibr" target="#b31">(Zhang et al., 2019b)</ref>. On this basis, we further propose to use relative distance as an alternative to the dependency distance. The intuition lies in the observation that opinions predominantly locate closely to their corresponding aspects <ref type="bibr" target="#b28">(Xu et al., 2020;</ref><ref type="bibr" target="#b13">Ma et al., 2021)</ref>, and thus we posit that using relative distance bias would suffice for the purpose of ASTE. In fact, the relative distance is also exhibited to bring merits to the transformer architectures in previous work <ref type="bibr" target="#b19">(Shaw et al., 2018;</ref><ref type="bibr" target="#b18">Raffel et al., 2020)</ref>. As the relative distance can be obtained with cheap operations in lower latency, the latency efficiency issue is thereby resolved.</p><p>We conduct a benchmarking comparative study on the SemEval datasets <ref type="bibr" target="#b16">(Pontiki et al., 2014)</ref>. The results show that models with the proposed structural adapter achieve the state-of-the-art (SOTA) performance compared with an array of strong baselines, indicating that incorporating structural bias is beneficial to PLMs. We also conduct a further study on how the relative distance-derived structural adapter overwhelms its alternatives. The results demonstrate that the structural adapter is an appealing choice. Specifically, our structural adapter realizes a 1,000× scale-down in terms of incremental parameters and a 1,000× speed-up of distance derivation.</p><p>In summary, structural bias can be flexibly incorporated into PLMs and improve both parameter and latency efficiency. The structural adapter is imposed with only a light parameter demand. The relative distance can be implemented with low latency. Moreover, the structural adapter vastly improves the SOTA performance. Therefore, structural bias is still be a necessity even in the context of PLMs to achieve a better ASTE performance.</p><p>Last but not least, in the view that current benchmarks are of small scales, we create a large-scale ASTE dataset termed Lasted. Lasted is collected from one of the largest review platform in China, namely DianPing. <ref type="foot" target="#foot_1">3</ref> The dataset will be released to facilitate a more confident evaluation for ASTE and other possible research directions. The results on Lasted hint that structural adapter confidently improves the performance. Furthermore, compared with the results on the SemEval datasets, the model performance generally tends to be lower on this dataset, suggesting that the large-scale deployment of ASTE systems is still challenging.</p></div>
<div xmlns="http://www.tei-c.org/ns/1.0"><head n="2">Methodology</head></div>
<div xmlns="http://www.tei-c.org/ns/1.0"><head n="2.1">Task Formulation</head><p>Given a sequence of tokens {t i } n i=1 as input, ASTE requires a model to output a set of triplets {(a, o, s) i } m i=1 , where a, o, s are the aspect, opinion, and sentiment, respectively. Concretely, an aspect a can be decomposed to two elements, i.e. (a 0 , a 1 ), that separately denote the start and end positions. Likewise, an opinion o can be decomposed similarly.</p></div>
<div xmlns="http://www.tei-c.org/ns/1.0"><head n="2.2">PLM with Structural Adapter</head><p>When a PLM is employed as the backbone, the tokens are first transformed to embeddings, and then manipulated by subsequent transformer blocks. While the PLM can capture semantic interactions, we additionally present how to include structural interactions with a structural adapter. Q, K, and V separately stand for linear-transformed queries, keys, and values. R stands for distances.</p></div>
<div xmlns="http://www.tei-c.org/ns/1.0"><head n="2.2.1">Embedding</head><p>The tokens are generally augmented and encoded with the PLM. For example, if the PLM being used is a BERT <ref type="bibr" target="#b4">(Devlin et al., 2019)</ref>, the tokens should be augmented as:</p><formula xml:id="formula_0">[CLS] t 1 . . . t i . . . t n [SEP]</formula><p>After that, the augmented tokens are converted to embeddings {t i } n+1 i=0 .</p></div>
<div xmlns="http://www.tei-c.org/ns/1.0"><head n="2.2.2">Transformer Block</head><p>The input embeddings are operated by the succeeding transformer blocks <ref type="bibr" target="#b21">(Vaswani et al., 2017)</ref>, each of which consists of a self-attention module and a feed-forward network module. The self-attention module is typically organized in a query-key-value formulation. Specifically, for any input {x i } n i=1 , the output can be roughly written as:</p><formula xml:id="formula_1">z i = n j=1 α ij (x j W V ) α ij = softmax j (e ij ) e ij = x i W Q (x j W K ) ⊤ √ d<label>(1)</label></formula><p>Here, we omit special tokens and multiple heads for simplicity. The parameters W Q , W K and W V are learnable linear transformations for the query, key, and value. d is the head dimensionality.</p></div>
<div xmlns="http://www.tei-c.org/ns/1.0"><head n="2.2.3">Structural Adapter</head><p>In order to integrate the dependency or relative distance into the self-attention, the structural adapter is imposed to derive structured attention maps to bias the raw attention maps induced with the selfattention additively. The procedure is depicted as below:</p><formula xml:id="formula_2">e ij = x i W Q (x j W K + r ij ) ⊤ √ d = x i W Q (x j W K ) ⊤ √ d raw attention map + x i W Q r ⊤ ij √ d structured attention map<label>(2)</label></formula><p>where r ij indicates the distance embedding between two tokens t i and t j . It is also noteworthy that each relation embedding is shared across different heads, but kept independent from one layer to another layer. This behavior is inspired by <ref type="bibr" target="#b19">Shaw et al. (2018)</ref>, which is originally proposed to encode the relative positions but found to be applicable to encode arbitrary relations <ref type="bibr" target="#b22">(Wang et al., 2020)</ref>. The differences between self-attention and self-attention with the structural adapter applied are shown in Figure <ref type="figure" target="#fig_1">2</ref>.</p></div>
<div xmlns="http://www.tei-c.org/ns/1.0"><head n="2.2.4">Distance Derivation</head><p>Specifically, the dependency distance between two tokens is obtained by computing the shortest distance on the dependency graph with the networkx toolkit,<ref type="foot" target="#foot_2">4</ref> and the dependency graph is produced with an off-the-shelf dependency parser stanza <ref type="bibr" target="#b17">(Qi et al., 2020)</ref>. <ref type="foot" target="#foot_3">5</ref> The relative distance between two tokens can be yielded by enumerating the number of tokens lying in-between.</p><p>We follow the de facto implementation that treats the distance from t i to t j different from that from t j to t i . We assign one to positive and the other to negative <ref type="bibr" target="#b18">(Raffel et al., 2020)</ref>. We also manually set a distance threshold that denotes the maximum distance τ . In doing so, we intend to avoid introducing too many parameters while maintaining as much information as possible. Henceforth, we will refer to the structural adapter with the dependency distance and relative distance as STRUCTAPT-DEP and STRUCTAPT-REL. The derivation of both dependency distance and relative distance is illustrated in Figure <ref type="figure">3</ref>.</p></div>
<div xmlns="http://www.tei-c.org/ns/1.0"><head n="2.3">Triplet Parser</head><p>Learning from two multi-task triplet parsing architectures MTL <ref type="bibr" target="#b32">(Zhang et al., 2020)</ref> and GTS <ref type="bibr" target="#b25">(Wu et al., 2020a)</ref>, we establish a triplet parser that comprises two independent taggers (i.e., one for aspect and the other for opinion tagging), a sentiment scorer, and a triplet decoder. Conceptually, the two taggers are used to uncover continuous tokens that form an aspect or opinion span. The sentiment scorer is used to determine the token-level sentiment relation (if there is one) between two candidate tokens. Moreover, the triplet decoder produces triplets by gathering the information from the taggers and the sentiment scorer.</p></div>
<div xmlns="http://www.tei-c.org/ns/1.0"><head n="2.3.1">Aspect and Opinion Taggers</head><p>Following MTL, the taggers generate aspect and opinion tags in {B,I,O} format, after which the aspect and opinion spans are inferred with {B,I,O} tags. Presuming the hidden states of the PLM are {h i } n i=1 in spite of augmented tokens, the taggers are depicted as:</p><formula xml:id="formula_3">r (a) i = ReLU(W (a) 1 h i + b (a) 1 ) y (a) i = softmax(W (a) 2 r (a) i + b (a) 2 ) r (o) i = ReLU(W (o) 1 h i + b (o) 1 ) y (o) i = softmax(W (o) 2 r (o) i + b (o) 2 ) (3)</formula><p>where {W</p><formula xml:id="formula_4">(a) 1 , b (a) 1 , W (a) 2 , b (a) 2 }, {W (o) 1 , b (o) 1 , W (o) 2 , b (o)</formula><p>2 } are two sets of weights and biases for two feed-forward networks customized to aspect and opinion tagging.</p></div>
<div xmlns="http://www.tei-c.org/ns/1.0"><head n="2.3.2">Sentiment Scorer</head><p>The sentiment scorer produces token-level sentiment relations among all tokens. In addition to {POS, NEG, NEU}, there is also a NONE relation to account for the case of no relation. Unlike the sentiment scorer in MTL and GTS that only predicts uni-directional sentiment relations, we present a sentiment scorer that predicts bi-directional sentiment relations. The uni-directional relation means: a sentiment relation between an aspect token and an opinion token is always directed from the aspect token to the opinion token. In contrast, the bi-directional means: a sentiment relation is both directed from the aspect token to the opinion token and directed from the opinion token to the aspect token. This behavior allows more information to be transduced to the subsequent triplet decoding process to alleviate potential errors. Similarly, the sentiment scorer can be described as:</p><formula xml:id="formula_5">r (h) i = ReLU(W (h) 1 h i + b (h) 1 ) r (d) i = ReLU(W (d) 1 h i + b (d) 1 ) y (s) i,j = softmax(r (h)⊤ i W (s) 2 r (d) j + W (h) 2 r (h) i + W (d) 2 r (d) j + b (s) 2 ) (4) Here, {W (h) 1 , b (h) 1 },{W (d) 1 , b (d)</formula><p>1 } are weights and biases separately for two feed-forward networks yielding head and dependent representations. These head and dependent representations are then organized in a biaffine manner <ref type="bibr" target="#b5">(Dozat and Manning, 2017)</ref>, where {W</p><formula xml:id="formula_6">(h) 2 , b (h) 2 , W (d) 2 , b (d)</formula><p>2 } are weights and biases. The biaffine module predicts both aspect-to-opinion and opinion-to-aspect relations at the same time, since either aspects or opinions can be heads or dependents interchangeably.</p><p>Additionally, y (s) refers to a sentiment probability map where y (s) i,j indicates a probability over 4 sentiment relations from the i-th token to the j-th one. If we apply the argmax operation on the probability map, we get a sentiment relation map. An example of the sentiment relation map is given in Figure <ref type="figure" target="#fig_2">4</ref> (left).</p></div>
<div xmlns="http://www.tei-c.org/ns/1.0"><head n="2.3.3">Triplet Decoder</head><p>Span-level sentiment relations are viable by searching for the most frequent sentiment relation in the set of indexed sentiment relations. Assume there are 2 tokens in a predicted target span and 1 token in a predicted opinion span, then we say there are 2*(2*1)=4 indexed sentiment relations between the two spans with the bi-directional interplay. Finding the most frequent sentiment relation in inclusive sentiment relations produced with the sentiment relation map gives the sentiment relation between the two spans. The algorithm is detailed in Figure <ref type="figure" target="#fig_2">4</ref> (right). As the bi-directional interplay is considered, the potential error (i.e., producing a NONE or NEG relation instead of a POS one.) in the example is alleviated.</p><formula xml:id="formula_7">Sentiment Relation Map N N N N N N N N N N N N N N - N N N N N N + + N N t 1 t 2 t 3 t 4 t 5 Aspect Opinion Grid Decoding N N N N N N N N N N N N N N - N N N N N N + + N N t</formula><p>Since the whole multi-task learning framework is generally borrowed from MTL while the triplet decoding strategy is adapted from the grid decoding in GTS, we name the proposed model as Multi-task learning with Grid decoding (MuG).</p></div>
<div xmlns="http://www.tei-c.org/ns/1.0"><head n="2.4">Finetuning</head><p>The PLM, the structural adapter, and the triplet parser can be jointly optimized by minimizing an overall objective that contains two sources of losses, i.e., tagging loss L t and parsing loss L p . Both losses can be measured by the cross-entropy functions. The joint objective is formulated as follows:</p><formula xml:id="formula_8">min θ L = min θ L t + L p (5)</formula><p>where θ stands for all parameters, which might be disassembled to {θ PLM , θ Adapter , θ Parser }.</p><p>3 Benchmarking Evaluation</p></div>
<div xmlns="http://www.tei-c.org/ns/1.0"><head n="3.1">Data</head><p>We conduct a comparative study on 4 benchmarking datasets from SemEval 2014, 2015, and 2016 <ref type="bibr" target="#b16">(Pontiki et al., 2014)</ref>, in which one contains data from laptop domain (L) and the other three contain data from restaurant domain (R).</p><p>The triplet annotations are obtained from <ref type="bibr" target="#b28">Xu et al. (2020)</ref>. The statistics of these datasets are displayed in Appendix A.</p></div>
<div xmlns="http://www.tei-c.org/ns/1.0"><head n="3.2">Models</head><p>We compare a wide range of baseline models with varying backbones (e.g., BiLSTM, BERT) and different paradigms (i.e., extractive vs. generative). We list these baselines according to their paradigms as below:</p><p>Extractive Paradigm</p><p>• KWHW <ref type="bibr" target="#b17">(Peng et al., 2020</ref>) is a pipeline system that first extracts aspect-sentiment pairs and opinions, and then pairs them in a binary manner. • JET o <ref type="bibr" target="#b28">(Xu et al., 2020</ref>) is a position-aware sequence tagging system that jointly extracts triplets. • MTL <ref type="bibr" target="#b32">(Zhang et al., 2020</ref>) is a multi-task learning system which realizes aspect and opinion extraction with tagging while sentiment relation extraction with parsing. • GTS <ref type="bibr" target="#b25">(Wu et al., 2020a)</ref> transforms the triplet extraction problem as a grid tagging problem and achieves the extraction via a grid decoding algorithm. • Span <ref type="bibr" target="#b27">(Xu et al., 2021)</ref> is a span-level triplet extraction system that learns span-level interactions for a more accurate triplet prediction.</p></div>
<div xmlns="http://www.tei-c.org/ns/1.0"><head>Generative Paradigm</head><p>• UGF <ref type="bibr" target="#b29">(Yan et al., 2021</ref>) is a unified generative system based on BART <ref type="bibr" target="#b10">(Lewis et al., 2020)</ref> for all sub-tasks in aspect sentiment analysis. • GAS <ref type="bibr" target="#b33">(Zhang et al., 2021)</ref> likewise is built upon T5 <ref type="bibr" target="#b18">(Raffel et al., 2020)</ref> where extractive constraints are applied to the decoding space.</p><p>On another note, we have some variants in the comparative study to facilitate the understanding of our adapter. To examine the broad applicability of our structural adapter, we additionally test the structural adapter through the lens of the SOTA extractive systems, namely GTS and Span. To conduct a fair comparison, we initiate the PLM in our model not only with BERT <ref type="bibr" target="#b4">(Devlin et al., 2019)</ref> but also with RoBERTa <ref type="bibr" target="#b12">(Liu et al., 2019)</ref> to see whether our model with the adapter is competitive with those enhanced by advanced generative PLMs.</p></div>
<div xmlns="http://www.tei-c.org/ns/1.0"><head n="3.3">Implementation and Metrics</head><p>Typically, the adapter-based finetuning only tunes θ Adapter and θ Parser , and freezes θ PLM . As a randomly initialized adapter can be an unsteady factor to the PLM, standard finetuning (i.e., tuning all parameters) can result in performance with high variance <ref type="bibr">(Houlsby et al., 2019)</ref>. However, suboptimal phenomenon has been observed in the literature <ref type="bibr" target="#b11">(Liu et al., 2021</ref>) that such adapter-based finetuning is less promising than standard fine-tuning if the adapter is intended to integrate discrete information (e.g., structural information in our case). Thus, we adapt θ Adapter and θ PLM to the concerned task via finetuning all parameters (i.e., θ PLM , θ Adapter , and θ Parser ). Other implementation details are listed in Appendix B.</p><p>Following the common practice in the area, we adopt the exact match precision, recall, and F1 scores as the evaluation metrics. Namely, only when the corresponding elements from two triplets exactly match each other, will it be counted as one match. Further, to gain a robust evaluation, we average values over 10 runs and employ the mean value as the final number.</p></div>
<div xmlns="http://www.tei-c.org/ns/1.0"><head n="3.4">Performance Analysis</head><p>From the results presented in Table <ref type="table" target="#tab_1">1</ref>, we discover two key findings. The first is that the structural adapter incorporated with the relative distance can primarily improve performance across different models and different PLMs, though the improvements over RoBERTa are not as consistent as those over BERT on different datasets. The second is that the previous SOTA models are further boosted by the structural adapter and yield new SOTA results. These findings generally indicate the effectiveness, thus necessity, of the structural adapter. Conversely, the dependency distance is prone to parsing errors and sometimes underperforms the relative distance.</p><p>Moreover, we surprisingly observe that MuG with RoBERTa is a relatively strong baseline even compared with those remarkable generative ASTE models. Concretely, MuG with RoBERTa approximates or outperforms GAS with T5 in terms of F1 scores. phenomenon encourages some retrospectives on whether generative ASTE models are superior to extractive ones, or the superiority is resulted by the generative PLM.</p><p>It can be arguable that the improvements of the structural adapter are marginal; however, we conjecture the inherent reason is that the data for evaluation is of small scale. According to the aforementioned unstable behavior of the adapter when encountering small-scale data in Section 3.3, we think the evaluation is under-confident and there-fore conduct a large-scale evaluation in Section 4 to verify the guess and to get more confident results.</p></div>
<div xmlns="http://www.tei-c.org/ns/1.0"><head n="3.5">Parameter Analysis</head><p>We examine the gap between the structural adapter and structural layer (with dependency distance or relative distance, referred to as STRUCTLYR-DEP and STRUCTLYR-REL respectively) from the perspective of incremental parameter scale. The structural layer is exactly a stack of additional transformer layers built upon the PLM, each of which is applied with the structural adapter. The best number of stacked layers is 2 in our pilot study.</p><p>The incremental parameters in Table <ref type="table">2</ref> mean that additional parameters are brought to MuG. The structural adapter achieves 1,000× scale-down without performance loss compared with the structural layer. Contrarily, it seems that structural layers risk the model on the under-fitting issue due to over-parameterization and get degraded performance compared with MuG. We hereby argue that parameter efficiency of the structural adapter is permissible.</p></div>
<div xmlns="http://www.tei-c.org/ns/1.0"><head n="3.6">Latency Analysis</head><p>To better understand the difference between latency consumed by dependency distance derivation and relative distance derivation. We test the latency caused by the above two derivation procedures.</p><p>While dependency distance derivation costs around 4 micro-seconds per token (250 tokens/ms in other words), relative distance derivation only spends 3e-3 micro-seconds per token (333,000 tokens/ms in other words). That is, the relative distance derivation enjoys a 1,000× speed-up compared with the dependency distance derivation. Hence, the latency efficiency of relative distance derivation is numerically verified.</p></div>
<div xmlns="http://www.tei-c.org/ns/1.0"><head n="4">Large-scale Evaluation</head></div>
<div xmlns="http://www.tei-c.org/ns/1.0"><head n="4.1">Data</head><p>Being aware that the above benchmarking evaluation may be under-confident considering that the data is of small scale, we release a large-scale ASTE dataset, short-named Lasted. The data is collected from one of the largest review platform in China, namely DianPing. After necessary preprocessing steps, these reviews are manually annotated by 10 proficient assessors. For sanity, doublecheck on these annotations is carried out by a researcher who has devoted herself to the area for </p><formula xml:id="formula_9">Model L14 R14 R15 R16 P R F 1 P R F 1 P R F 1 P R</formula></div>
<div xmlns="http://www.tei-c.org/ns/1.0"><head>years.</head><p>For clarity, the pre-processing steps include: 1) removing user identities for privacy consideration; 2) chunking the reviews to shorter examples as they are generally too long (e.g., longer than 512); 3) tokenizing these examples; 4) removing examples without annotations, with less than 4 tokens, or with more than 128 tokens; 5) removing triplets in an example if the triplet has more than 8 tokens in the aspect or has more than 16 tokens in the target, for a too long aspect or opinion indicates the triplet may be not well annotated. Ultimately, these examples are formatted in the format we mentioned in Section 2.1.</p><p>We attain the dataset with a total of 27,835 examples. We uniformly split it into train, development,  and test sets with a ratio of 7: 1: 2. The statistics are shown in Table <ref type="table" target="#tab_3">3</ref>, where we also include SemEval R14 for comparison purpose. From the statistics, we can summarize that Lasted is a much larger dataset with longer sentences, which sets a more challenging benchmark for models to achieve a high performance.</p><formula xml:id="formula_10">Dataset #S #T #T/S #</formula></div>
<div xmlns="http://www.tei-c.org/ns/1.0"><head n="4.2">Models</head><p>We conduct experiments based on GTS and MuG. know that only BERT-base is officially released by <ref type="bibr" target="#b4">Devlin et al. (2019)</ref> for Chinese, we retrieve RoBERTa-base and RoBERTa-large released by <ref type="bibr" target="#b2">Cui et al. (2019)</ref> on Hugging Face.<ref type="foot" target="#foot_4">6</ref> </p></div>
<div xmlns="http://www.tei-c.org/ns/1.0"><head n="4.3">Implementation and Metrics</head><p>The implementation and metrics strictly follow those used in the benchmarking evaluation, with exceptions listed in Appendix B.</p></div>
<div xmlns="http://www.tei-c.org/ns/1.0"><head n="4.4">Analysis</head><p>We can see from Table <ref type="table" target="#tab_4">4</ref> that the adapter is still promising under large-scale evaluation. With the notice that the evaluation results should be more confident, we hence can safely conclude that the structural adapter is effective and structural bias is a necessity for ASTE even in the context of PLMs. However, the metrics on Lasted are consistently lower than expected, implying the deployment of ASTE systems is still challenging. The structural adapter does not improve RoBERTa-large, we leave the question of how to combine it with large PLMs for future work.</p></div>
<div xmlns="http://www.tei-c.org/ns/1.0"><head n="5">Related Work</head></div>
<div xmlns="http://www.tei-c.org/ns/1.0"><head n="5.1">Aspect Sentiment Triplet Extraction</head><p>Aspect sentiment triplet extraction is a recently proposed task to extract aspects, opinions, and sentiment relations <ref type="bibr" target="#b17">(Peng et al., 2020)</ref>, serving as a complete solution to aspect sentiment analysis <ref type="bibr" target="#b30">(Zhang et al., 2019a;</ref><ref type="bibr" target="#b14">Ma et al., 2022)</ref>. While the first-ever work delving into the task takes a pipeline system, succeeding work shifts their attention from pipeline models to joint models. <ref type="bibr" target="#b32">Zhang et al. (2020)</ref> and <ref type="bibr" target="#b25">Wu et al. (2020a)</ref> share similar spirits to treat three sub-tasks in a multi-task manner. Specifically, <ref type="bibr" target="#b25">Wu et al. (2020a)</ref> proposes to consider the extraction of three elements in a unified grid tagging scheme. Later studies exploit inductive biases such as spanlevel interactions <ref type="bibr" target="#b27">(Xu et al., 2021)</ref> and structural bias <ref type="bibr" target="#b1">(Chen et al., 2021b)</ref>. To our surprise, none of them inspects whether inductive biases, particularly structural bias that is shown beneficial in other PLM-enhanced tasks <ref type="bibr" target="#b23">(Wang et al., 2022)</ref>, are significant for PLM-enhanced ASTE models. Our work seeks to answer this question by putting forward a flexible adapter and checking whether the adapter is a necessity.</p></div>
<div xmlns="http://www.tei-c.org/ns/1.0"><head n="5.2">Adapter for PLM</head><p>An adapter is an emergent concept which means an efficient module injected into the PLM so that the PLM can better adapt to downstream tasks <ref type="bibr">(Houlsby et al., 2019)</ref>. Applications including speed translation <ref type="bibr" target="#b9">(Le et al., 2021)</ref>, language transfer <ref type="bibr" target="#b6">(He et al., 2021)</ref>, etc. have been witnessed. Traditionally, parameters of the PLM should not be tuned during fine-tuning once the adapter is armed. Nevertheless, recent work <ref type="bibr" target="#b11">(Liu et al., 2021)</ref> finds that when injecting discrete information, unfreezing the parameters of the PLM will bring further performance gain. While previous adapters are modules and thus far from truly lightweight, we propose to leverage the structured attention as a sort of adapter, which is lightweight.</p></div>
<div xmlns="http://www.tei-c.org/ns/1.0"><head n="6">Conclusion</head><p>In this paper, we are concerned about the parameter and latency inefficiency issues of incorporating structural bias to PLMs for aspect sentiment triplet extraction, and raise the question on whether structural bias is a necessity. To answer the question, we propose to use an adapter to integrate the relative position structure into PLMs for a light parameter demand compared with incremental layers and low latency compared with the syntactic dependency structure. We carry out benchmarking experiments on SemEval benchmarks and large-scale experiments on our newly released Lasted dataset as a supplementary. The results in two rounds of evaluations show that the structural adapter is an appealing choice regarding its effectiveness, parameter efficiency, and latency efficiency, implying the structural bias, in the form of the structural adapter,</p></div>
<div xmlns="http://www.tei-c.org/ns/1.0"><head>A Data Statistics of SemEval B Full Implementation Details</head><p>Our models are implemented with PyTorch and verified on an Nvidia V100, and they are generally trained with following instructions.</p><p>For parameter settings in the benchmarking evaluation, the batch size is 8 for models without the adapter, whereas it is 6 for models with the adapter for stability, and the maximum norm for gradients is 1. The learning rate is set hierarchically, where the learning rate for the PLM and adapter is searched with {1e-5,2e-5,3e-5,5e-5} while that for the triplet parser is set 10 times of the former.</p><p>The training procedure is scheduled as such: the number of maximum training epochs is 20, and the number of patience epochs is 5. Learning rates are warmed up for the first 2 epochs and decayed for the rest epochs. The threshold for the maximum distance τ is 8. For parameter settings in the large-scale evaluation, the batch size is accordingly doubled, since we have data of a much larger scale.</p></div><figure xmlns="http://www.tei-c.org/ns/1.0" xml:id="fig_0"><head>Figure 1 :</head><label>1</label><figDesc>Figure 1: Triplet (top) and dependency structures (bottom) of an illustrative sentence. Spans shaded in yellow are aspects, spans shaded in red are opinions, and arcs indicate either sentiment or structural relations. Irrelevant structural relations are neglected for brevity.</figDesc></figure>
<figure xmlns="http://www.tei-c.org/ns/1.0" xml:id="fig_1"><head>Figure 2 :</head><label>2</label><figDesc>Figure2: Differences between self-attention (left) and self-attention with the structural adapter applied (right). Q, K, and V separately stand for linear-transformed queries, keys, and values. R stands for distances.</figDesc></figure>
<figure xmlns="http://www.tei-c.org/ns/1.0" xml:id="fig_2"><head>Figure 4 :</head><label>4</label><figDesc>Figure 4: Sentiment relation map (left) and grid decoding algorithm (right). N, +, -respectively are short for NONE, POS, NEG relations. Gradient colors indicate either aspect-to-opinion relations or opinion-to-aspect relations within the bi-directional interplay. The grid decoding algorithm refers to tagged aspects and opinions to index the sentiment relation map.</figDesc></figure>
<figure xmlns="http://www.tei-c.org/ns/1.0" type="table" xml:id="tab_0"><head></head><label></label><figDesc>Derivation procedures of dependency distance (middle) and relative distance (bottom) given a sequence of tokens (top). Large distance values like 9 in this example may be clipped by the threshold τ . And distances will be made directional when employed, e.g., distance from t 1 to t 2 is set to 1 while that from t 2 to t 1 is actually set to -1.</figDesc><table><row><cell>Tokens</cell><cell>t 1</cell><cell>t 2</cell><cell>t 3</cell><cell>t 4</cell><cell>t 5</cell><cell>t 6</cell><cell>t 7</cell><cell>t 8</cell><cell>t 9</cell><cell>t 10</cell></row><row><cell></cell><cell></cell><cell>t 3</cell><cell></cell><cell></cell><cell></cell><cell></cell><cell></cell><cell>4</cell><cell></cell><cell></cell></row><row><cell></cell><cell>t 1</cell><cell>t 4</cell><cell>t 7</cell><cell></cell><cell></cell><cell></cell><cell>1</cell><cell></cell><cell></cell><cell></cell></row><row><cell>Dependency</cell><cell></cell><cell></cell><cell></cell><cell></cell><cell></cell><cell>1</cell><cell></cell><cell></cell><cell></cell><cell></cell></row><row><cell>Distance</cell><cell>t 2</cell><cell>t 5</cell><cell>t 6</cell><cell>t 8</cell><cell></cell><cell>t 1</cell><cell>t 2</cell><cell>t 3</cell><cell></cell><cell>t 10</cell></row><row><cell></cell><cell></cell><cell></cell><cell>t 9</cell><cell></cell><cell>t 10</cell><cell></cell><cell></cell><cell></cell><cell></cell><cell></cell></row><row><cell></cell><cell></cell><cell></cell><cell></cell><cell></cell><cell>9</cell><cell></cell><cell></cell><cell></cell><cell></cell><cell></cell></row><row><cell></cell><cell></cell><cell></cell><cell></cell><cell>2</cell><cell></cell><cell></cell><cell></cell><cell></cell><cell></cell><cell></cell></row><row><cell>Relative</cell><cell></cell><cell></cell><cell>1</cell><cell></cell><cell></cell><cell></cell><cell></cell><cell></cell><cell></cell><cell></cell></row><row><cell>Distance</cell><cell></cell><cell></cell><cell></cell><cell></cell><cell></cell><cell></cell><cell></cell><cell></cell><cell></cell><cell></cell></row><row><cell></cell><cell></cell><cell></cell><cell>t 1</cell><cell>t 2</cell><cell>t 3</cell><cell>t 10</cell><cell></cell><cell></cell><cell></cell><cell></cell></row><row><cell>Figure 3:</cell><cell></cell><cell></cell><cell></cell><cell></cell><cell></cell><cell></cell><cell></cell><cell></cell><cell></cell><cell></cell></row></table></figure>
<figure xmlns="http://www.tei-c.org/ns/1.0" type="table" xml:id="tab_1"><head>Table 1 :</head><label>1</label><figDesc>F 1 KWHW BiLSTM * 37.38 50.38 42.87 43.24 63.66 51.46 48.07 57.51 52.32 46.96 64.24 54.21 JET o BiLSTM * 53.03 33.89 41.35 61.50 55.13 58.14 64.37 44.33 52.50 70.94 57.00 63.21 MTL BiLSTM ‡ 51.00 40.07 44.81 63.87 54.76 58.90 57.50 42.56 48.73 59.03 54.84 56.73 GTS STRUCTAPT-REL 64.72 56.80 60.47 72.53 71.75 72.13 62.80 63.79 63.17 68.94 70.74 69.80 MuG BERT 58.30 52.21 55.06 68.40 67.64 68.00 60.65 54.12 57.10 66.26 67.39 66.74 w/ STRUCTAPT-DEP 59.39 52.95 55.95 67.69 68.90 68.27 60.74 55.77 58.11 64.73 68.33 66.45 w/ STRUCTAPT-REL 59.54 52.56 55.75 68.92 68.12 68.50 59.83 56.78 58.17 65.31 68.83 67.01 STRUCTAPT-DEP 64.18 56.41 60.03 71.62 71.92 71.72 63.96 61.67 62.70 68.85 71.81 70.28 w/ STRUCTAPT-REL 64.12 57.16 60.53 73.26 71.93 71.17 62.86 63.82 63.12 69.15 74.12 70.44 Benchmarking evaluation results. The marker * indicates results of the model are cited from Xu et al. (2020). The marker † indicates results of the model are cited from its original paper. The marker ‡ indicates results of the model are reproduced from its released code. Results are replaced by -to indicate they are not available. F1 scores are underlined to indicate they outperform their adapter-ablated counterparts. F1 scores are boldfaced to indicate they are the best-performing ones in their areas.</figDesc><table><row><cell>BiLSTM  ‡</cell><cell cols="12">60.32 38.98 47.25 71.08 56.38 62.85 66.60 46.91 55.02 68.75 56.02 61.71</cell></row><row><cell>JET o BERT *</cell><cell cols="12">55.39 47.33 51.04 70.56 55.94 62.40 64.45 51.96 57.53 70.42 58.37 63.83</cell></row><row><cell>GTS BERT  ‡</cell><cell cols="12">57.09 50.33 53.48 69.49 67.75 68.59 61.59 58.21 59.81 65.75 68.32 66.99</cell></row><row><cell cols="13">w/ STRUCTAPT-REL 57.89 51.57 54.47 68.94 68.26 68.60 62.17 58.63 60.28 66.17 69.79 67.91</cell></row><row><cell>Span BERT  ‡</cell><cell cols="12">62.57 56.02 59.08 71.77 70.42 71.06 62.06 63.26 62.63 68.57 71.12 69.79</cell></row><row><cell>w/ UGF BART  †</cell><cell cols="12">61.41 56.19 58.69 65.52 64.99 65.25 59.14 59.38 59.26 66.60 68.68 67.62</cell></row><row><cell>GAS T5  †</cell><cell>-</cell><cell>-</cell><cell>60.78</cell><cell>-</cell><cell>-</cell><cell>72.16</cell><cell>-</cell><cell>-</cell><cell>62.10</cell><cell>-</cell><cell>-</cell><cell>70.10</cell></row><row><cell>MuG RoBERTa</cell><cell cols="12">64.18 57.03 60.33 70.47 71.88 71.16 63.78 61.88 62.79 68.61 72.20 70.34</cell></row><row><cell>w/ Model</cell><cell cols="3">#Params+ L14</cell><cell>R14</cell><cell></cell><cell></cell><cell></cell><cell></cell><cell></cell><cell></cell><cell></cell><cell></cell></row><row><cell>MuG BERT</cell><cell></cell><cell cols="3">0.00 M 55.06 68.00</cell><cell></cell><cell></cell><cell></cell><cell></cell><cell></cell><cell></cell><cell></cell><cell></cell></row><row><cell>w/ STRUCTLYR-DEP</cell><cell></cell><cell cols="3">14.17 M 52.52 67.03</cell><cell></cell><cell></cell><cell></cell><cell></cell><cell></cell><cell></cell><cell></cell><cell></cell></row><row><cell>w/ STRUCTLYR-REL</cell><cell></cell><cell cols="3">14.17 M 51.57 67.04</cell><cell></cell><cell></cell><cell></cell><cell></cell><cell></cell><cell></cell><cell></cell><cell></cell></row><row><cell>w/ STRUCTAPT-DEP</cell><cell></cell><cell cols="3">0.01 M 55.95 68.27</cell><cell></cell><cell></cell><cell></cell><cell></cell><cell></cell><cell></cell><cell></cell><cell></cell></row><row><cell>w/ STRUCTAPT-REL</cell><cell></cell><cell cols="3">0.01 M 55.75 68.50</cell><cell></cell><cell></cell><cell></cell><cell></cell><cell></cell><cell></cell><cell></cell><cell></cell></row><row><cell cols="5">Table 2: Parameter comparison. F1 scores are reported.</cell><cell></cell><cell></cell><cell></cell><cell></cell><cell></cell><cell></cell><cell></cell><cell></cell></row><row><cell cols="5">#Params+ is short for number of incremental parame-</cell><cell></cell><cell></cell><cell></cell><cell></cell><cell></cell><cell></cell><cell></cell><cell></cell></row><row><cell>ters.</cell><cell></cell><cell></cell><cell></cell><cell></cell><cell></cell><cell></cell><cell></cell><cell></cell><cell></cell><cell></cell><cell></cell><cell></cell></row></table></figure>
<figure xmlns="http://www.tei-c.org/ns/1.0" type="table" xml:id="tab_3"><head>Table 3 :</head><label>3</label><figDesc>Statistics of Lasted, with a comparison with</figDesc><table><row><cell>SemEval R14. #S denotes number of sentences, #T</cell></row><row><cell>denotes number of triplets, #T/S denotes average num-</cell></row><row><cell>ber of triplets per sentence, and #Tk/S denotes average</cell></row><row><cell>number of tokens per sentence.</cell></row></table></figure>
<figure xmlns="http://www.tei-c.org/ns/1.0" type="table" xml:id="tab_4"><head>Table 4 :</head><label>4</label><figDesc>While we only test GTS with BERT-base, we further test MuG with BERT-base, RoBERTa-base, and tentatively with RoBERTa-large. As we Large-scale evaluation results on Lasted. F1 scores are underlined to indicate they outperform their adapter-ablated counterparts.</figDesc><table><row><cell>Model</cell><cell></cell><cell>Lasted</cell></row><row><cell></cell><cell>P</cell><cell>R</cell><cell>F 1</cell></row><row><cell>GTS BERT-base</cell><cell cols="3">43.81 46.11 44.92</cell></row><row><cell cols="4">w/ STRUCTAPT-REL 45.38 46.22 45.79</cell></row><row><cell>MuG BERT-base</cell><cell cols="3">47.20 45.28 46.22</cell></row><row><cell cols="4">w/ STRUCTAPT-REL 49.64 45.02 47.22</cell></row><row><cell>MuG RoBERTa-base</cell><cell cols="3">48.10 44.98 46.49</cell></row><row><cell cols="4">w/ STRUCTAPT-REL 50.40 44.77 47.42</cell></row><row><cell>MuG RoBERTa-large</cell><cell cols="3">49.49 46.85 48.13</cell></row><row><cell cols="4">w/ STRUCTAPT-REL 48.33 47.91 48.13</cell></row></table></figure>
<figure xmlns="http://www.tei-c.org/ns/1.0" type="table" xml:id="tab_5"><head>Table 5 :</head><label>5</label><figDesc>Statistics of four datasets from SemEval. #S denotes number of sentences, #T denotes number of triplets, #T/S denotes average number of triplets per sentence, and #Tk/S denotes average number of tokens per sentence. L denotes laptop domain while R denotes restaurant domain.</figDesc><table><row><cell cols="2">Dataset</cell><cell>#S</cell><cell>#T</cell><cell>#T/S #Tk/S</cell></row><row><cell></cell><cell cols="4">train 906 1460 1.61 19.15</cell></row><row><cell>L14</cell><cell>dev</cell><cell>219</cell><cell cols="2">346 1.58 19.06</cell></row><row><cell></cell><cell>test</cell><cell>328</cell><cell cols="2">543 1.66 15.77</cell></row><row><cell></cell><cell cols="4">train 1266 2336 1.85 17.31</cell></row><row><cell>R14</cell><cell>dev</cell><cell>310</cell><cell cols="2">577 1.86 15.81</cell></row><row><cell></cell><cell>test</cell><cell>492</cell><cell cols="2">994 2.02 16.34</cell></row><row><cell></cell><cell cols="4">train 605 1013 1.67 14.80</cell></row><row><cell>R15</cell><cell>dev</cell><cell>148</cell><cell cols="2">249 1.68 14.34</cell></row><row><cell></cell><cell>test</cell><cell>322</cell><cell cols="2">485 1.51 15.63</cell></row><row><cell></cell><cell cols="4">train 857 1394 1.63 15.15</cell></row><row><cell>R16</cell><cell>dev</cell><cell>210</cell><cell cols="2">339 1.61 14.16</cell></row><row><cell></cell><cell>test</cell><cell>326</cell><cell cols="2">514 1.58 14.70</cell></row></table></figure>
			<note xmlns="http://www.tei-c.org/ns/1.0" place="foot" n="2" xml:id="foot_0">Please see https://downloads.cs.stanford.edu/ nlp/software/dependencies_manual.pdf for what these structural relations exactly stand for.</note>
			<note xmlns="http://www.tei-c.org/ns/1.0" place="foot" n="3" xml:id="foot_1">Please see https://www.dianping.com/.</note>
			<note xmlns="http://www.tei-c.org/ns/1.0" place="foot" n="4" xml:id="foot_2">Please see https://networkx.org/ for more information.</note>
			<note xmlns="http://www.tei-c.org/ns/1.0" place="foot" n="5" xml:id="foot_3">  5  Please see https://stanfordnlp.github.io/stanza/ for more information.</note>
			<note xmlns="http://www.tei-c.org/ns/1.0" place="foot" n="6" xml:id="foot_4">Please seehttps://huggingface.co/hfl/ chinese-roberta-wwm-ext for more information.</note>
		</body>
		<back>

			<div type="acknowledgement">
<div xmlns="http://www.tei-c.org/ns/1.0"><head>Acknowledgements</head><p>This research was supported in part by Natural Science Foundation of Beijing (grant number: 4222036) and Huawei Technologies (grant number: TC20201228005).</p></div>
			</div>

			<div type="annex">
<div xmlns="http://www.tei-c.org/ns/1.0"><p>is a necessity even with PLMs.</p></div>			</div>
			<div type="references">

				<listBibl>

<biblStruct xml:id="b0">
	<analytic>
		<title level="a" type="main">Bidirectional machine reading comprehension for aspect sentiment triplet extraction</title>
		<author>
			<persName><forename type="first">Shaowei</forename><surname>Chen</surname></persName>
		</author>
		<author>
			<persName><forename type="first">Yu</forename><surname>Wang</surname></persName>
		</author>
		<author>
			<persName><forename type="first">Jie</forename><surname>Liu</surname></persName>
		</author>
		<author>
			<persName><forename type="first">Yuelin</forename><surname>Wang</surname></persName>
		</author>
	</analytic>
	<monogr>
		<title level="m">AAAI</title>
				<imprint>
			<date type="published" when="2021">2021a</date>
			<biblScope unit="page" from="12666" to="12674" />
		</imprint>
	</monogr>
	<note type="raw_reference">Shaowei Chen, Yu Wang, Jie Liu, and Yuelin Wang. 2021a. Bidirectional machine reading comprehen- sion for aspect sentiment triplet extraction. In AAAI, pages 12666-12674.</note>
</biblStruct>

<biblStruct xml:id="b1">
	<analytic>
		<title level="a" type="main">Semantic and syntactic enhanced aspect sentiment triplet extraction</title>
		<author>
			<persName><forename type="first">Zhexue</forename><surname>Chen</surname></persName>
		</author>
		<author>
			<persName><forename type="first">Hong</forename><surname>Huang</surname></persName>
		</author>
		<author>
			<persName><forename type="first">Bang</forename><surname>Liu</surname></persName>
		</author>
		<author>
			<persName><forename type="first">Xuanhua</forename><surname>Shi</surname></persName>
		</author>
		<author>
			<persName><forename type="first">Hai</forename><surname>Jin</surname></persName>
		</author>
		<idno type="DOI">10.18653/v1/2021.findings-acl.128</idno>
	</analytic>
	<monogr>
		<title level="m">ACL</title>
				<imprint>
			<date type="published" when="2021">2021b</date>
			<biblScope unit="page" from="1474" to="1483" />
		</imprint>
	</monogr>
	<note type="raw_reference">Zhexue Chen, Hong Huang, Bang Liu, Xuanhua Shi, and Hai Jin. 2021b. Semantic and syntactic enhanced aspect sentiment triplet extraction. In ACL, pages 1474-1483.</note>
</biblStruct>

<biblStruct xml:id="b2">
	<monogr>
		<author>
			<persName><forename type="first">Yiming</forename><surname>Cui</surname></persName>
		</author>
		<author>
			<persName><forename type="first">Wanxiang</forename><surname>Che</surname></persName>
		</author>
		<author>
			<persName><forename type="first">Ting</forename><surname>Liu</surname></persName>
		</author>
		<author>
			<persName><forename type="first">Bing</forename><surname>Qin</surname></persName>
		</author>
		<author>
			<persName><forename type="first">Ziqing</forename><surname>Yang</surname></persName>
		</author>
		<author>
			<persName><forename type="first">Shijin</forename><surname>Wang</surname></persName>
		</author>
		<author>
			<persName><forename type="first">Guoping</forename><surname>Hu</surname></persName>
		</author>
		<idno>arXiv, abs/1906.08101</idno>
		<title level="m">Pretraining with whole word masking for Chinese BERT</title>
				<imprint>
			<date type="published" when="2019">2019</date>
		</imprint>
	</monogr>
	<note type="raw_reference">Yiming Cui, Wanxiang Che, Ting Liu, Bing Qin, Ziqing Yang, Shijin Wang, and Guoping Hu. 2019. Pre- training with whole word masking for Chinese BERT. arXiv, abs/1906.08101.</note>
</biblStruct>

<biblStruct xml:id="b3">
	<analytic>
		<title level="a" type="main">Does syntax matter? A strong baseline for aspect-based sentiment analysis with roberta</title>
		<author>
			<persName><forename type="first">Junqi</forename><surname>Dai</surname></persName>
		</author>
		<author>
			<persName><forename type="first">Hang</forename><surname>Yan</surname></persName>
		</author>
		<author>
			<persName><forename type="first">Tianxiang</forename><surname>Sun</surname></persName>
		</author>
		<author>
			<persName><forename type="first">Pengfei</forename><surname>Liu</surname></persName>
		</author>
		<author>
			<persName><forename type="first">Xipeng</forename><surname>Qiu</surname></persName>
		</author>
		<idno type="DOI">10.18653/v1/2021.naacl-main.146</idno>
	</analytic>
	<monogr>
		<title level="m">NAACL</title>
				<imprint>
			<date type="published" when="2021">2021</date>
			<biblScope unit="page" from="1816" to="1829" />
		</imprint>
	</monogr>
	<note type="raw_reference">Junqi Dai, Hang Yan, Tianxiang Sun, Pengfei Liu, and Xipeng Qiu. 2021. Does syntax matter? A strong baseline for aspect-based sentiment analysis with roberta. In NAACL, pages 1816-1829.</note>
</biblStruct>

<biblStruct xml:id="b4">
	<analytic>
		<title level="a" type="main">BERT: pre-training of deep bidirectional transformers for language understanding</title>
		<author>
			<persName><forename type="first">Jacob</forename><surname>Devlin</surname></persName>
		</author>
		<author>
			<persName><forename type="first">Ming-Wei</forename><surname>Chang</surname></persName>
		</author>
		<author>
			<persName><forename type="first">Kenton</forename><surname>Lee</surname></persName>
		</author>
		<author>
			<persName><forename type="first">Kristina</forename><surname>Toutanova</surname></persName>
		</author>
		<idno type="DOI">10.18653/v1/n19-1423</idno>
	</analytic>
	<monogr>
		<title level="m">NAACL</title>
				<imprint>
			<date type="published" when="2019">2019</date>
			<biblScope unit="page" from="4171" to="4186" />
		</imprint>
	</monogr>
	<note type="raw_reference">Jacob Devlin, Ming-Wei Chang, Kenton Lee, and Kristina Toutanova. 2019. BERT: pre-training of deep bidirectional transformers for language under- standing. In NAACL, pages 4171-4186.</note>
</biblStruct>

<biblStruct xml:id="b5">
	<monogr>
		<title level="m" type="main">Deep biaffine attention for neural dependency parsing</title>
		<author>
			<persName><forename type="first">Timothy</forename><surname>Dozat</surname></persName>
		</author>
		<author>
			<persName><forename type="first">Christopher</forename><forename type="middle">D</forename><surname>Manning</surname></persName>
		</author>
		<imprint>
			<date type="published" when="2017">2017</date>
		</imprint>
	</monogr>
	<note>In ICLR</note>
	<note type="raw_reference">Timothy Dozat and Christopher D. Manning. 2017. Deep biaffine attention for neural dependency pars- ing. In ICLR.</note>
</biblStruct>

<biblStruct xml:id="b6">
	<analytic>
		<title level="a" type="main">On the effectiveness of adapter-based tuning for pretrained language model adaptation</title>
		<author>
			<persName><forename type="first">Ruidan</forename><surname>He</surname></persName>
		</author>
		<author>
			<persName><forename type="first">Linlin</forename><surname>Liu</surname></persName>
		</author>
		<author>
			<persName><forename type="first">Hai</forename><surname>Ye</surname></persName>
		</author>
		<author>
			<persName><forename type="first">Qingyu</forename><surname>Tan</surname></persName>
		</author>
		<author>
			<persName><forename type="first">Bosheng</forename><surname>Ding</surname></persName>
		</author>
		<author>
			<persName><forename type="first">Liying</forename><surname>Cheng</surname></persName>
		</author>
		<author>
			<persName><forename type="first">Jia-Wei</forename><surname>Low</surname></persName>
		</author>
		<author>
			<persName><forename type="first">Lidong</forename><surname>Bing</surname></persName>
		</author>
		<author>
			<persName><forename type="first">Luo</forename><surname>Si</surname></persName>
		</author>
		<idno type="DOI">10.18653/v1/2021.acl-long.172</idno>
	</analytic>
	<monogr>
		<title level="m">ACL</title>
				<imprint>
			<date type="published" when="2021">2021</date>
			<biblScope unit="page" from="2208" to="2222" />
		</imprint>
	</monogr>
	<note type="raw_reference">Ruidan He, Linlin Liu, Hai Ye, Qingyu Tan, Bosheng Ding, Liying Cheng, Jia-Wei Low, Lidong Bing, and Luo Si. 2021. On the effectiveness of adapter-based tuning for pretrained language model adaptation. In ACL, pages 2208-2222.</note>
</biblStruct>

<biblStruct xml:id="b7">
	<analytic>
		<title level="a" type="main">Quentin de Laroussilhe, Andrea Gesmundo, Mona Attariyan, and Sylvain Gelly. 2019. Parameter-efficient transfer learning for NLP</title>
		<author>
			<persName><forename type="first">Neil</forename><surname>Houlsby</surname></persName>
		</author>
		<author>
			<persName><forename type="first">Andrei</forename><surname>Giurgiu</surname></persName>
		</author>
		<author>
			<persName><forename type="first">Stanislaw</forename><surname>Jastrzebski</surname></persName>
		</author>
		<author>
			<persName><forename type="first">Bruna</forename><surname>Morrone</surname></persName>
		</author>
	</analytic>
	<monogr>
		<title level="m">ICML</title>
				<imprint>
			<biblScope unit="page" from="2790" to="2799" />
		</imprint>
	</monogr>
	<note type="raw_reference">Neil Houlsby, Andrei Giurgiu, Stanislaw Jastrzebski, Bruna Morrone, Quentin de Laroussilhe, Andrea Ges- mundo, Mona Attariyan, and Sylvain Gelly. 2019. Parameter-efficient transfer learning for NLP. In ICML, pages 2790-2799.</note>
</biblStruct>

<biblStruct xml:id="b8">
	<monogr>
		<title level="m" type="main">First target and opinion then polarity: Enhancing target-opinion correlation for aspect sentiment triplet extraction</title>
		<author>
			<persName><forename type="first">Lianzhe</forename><surname>Huang</surname></persName>
		</author>
		<author>
			<persName><forename type="first">Peiyi</forename><surname>Wang</surname></persName>
		</author>
		<author>
			<persName><forename type="first">Sujian</forename><surname>Li</surname></persName>
		</author>
		<author>
			<persName><forename type="first">Tianyu</forename><surname>Liu</surname></persName>
		</author>
		<author>
			<persName><forename type="first">Xiaodong</forename><surname>Zhang</surname></persName>
		</author>
		<author>
			<persName><forename type="first">Zhicong</forename><surname>Cheng</surname></persName>
		</author>
		<author>
			<persName><forename type="first">Dawei</forename><surname>Yin</surname></persName>
		</author>
		<author>
			<persName><forename type="first">Houfeng</forename><surname>Wang</surname></persName>
		</author>
		<idno>arXiv, abs/2102.08549</idno>
		<imprint>
			<date type="published" when="2021">2021</date>
		</imprint>
	</monogr>
	<note type="raw_reference">Lianzhe Huang, Peiyi Wang, Sujian Li, Tianyu Liu, Xiaodong Zhang, Zhicong Cheng, Dawei Yin, and Houfeng Wang. 2021. First target and opinion then polarity: Enhancing target-opinion correla- tion for aspect sentiment triplet extraction. arXiv, abs/2102.08549.</note>
</biblStruct>

<biblStruct xml:id="b9">
	<analytic>
		<title level="a" type="main">Lightweight adapter tuning for multilingual speech translation</title>
		<author>
			<persName><forename type="first">Hang</forename><surname>Le</surname></persName>
		</author>
		<author>
			<persName><forename type="first">Juan</forename><forename type="middle">Miguel</forename><surname>Pino</surname></persName>
		</author>
		<author>
			<persName><forename type="first">Changhan</forename><surname>Wang</surname></persName>
		</author>
		<author>
			<persName><forename type="first">Jiatao</forename><surname>Gu</surname></persName>
		</author>
		<author>
			<persName><forename type="first">Didier</forename><surname>Schwab</surname></persName>
		</author>
		<author>
			<persName><forename type="first">Laurent</forename><surname>Besacier</surname></persName>
		</author>
		<idno type="DOI">10.18653/v1/2021.acl-short.103</idno>
	</analytic>
	<monogr>
		<title level="m">ACL</title>
				<imprint>
			<date type="published" when="2021">2021</date>
			<biblScope unit="page" from="817" to="824" />
		</imprint>
	</monogr>
	<note type="raw_reference">Hang Le, Juan Miguel Pino, Changhan Wang, Jiatao Gu, Didier Schwab, and Laurent Besacier. 2021. Lightweight adapter tuning for multilingual speech translation. In ACL, pages 817-824.</note>
</biblStruct>

<biblStruct xml:id="b10">
	<analytic>
		<title level="a" type="main">BART: denoising sequence-to-sequence pre-training for natural language generation, translation, and comprehension</title>
		<author>
			<persName><forename type="first">Mike</forename><surname>Lewis</surname></persName>
		</author>
		<author>
			<persName><forename type="first">Yinhan</forename><surname>Liu</surname></persName>
		</author>
		<author>
			<persName><forename type="first">Naman</forename><surname>Goyal</surname></persName>
		</author>
		<author>
			<persName><forename type="first">Marjan</forename><surname>Ghazvininejad</surname></persName>
		</author>
		<author>
			<persName><forename type="first">Abdelrahman</forename><surname>Mohamed</surname></persName>
		</author>
		<author>
			<persName><forename type="first">Omer</forename><surname>Levy</surname></persName>
		</author>
		<author>
			<persName><forename type="first">Veselin</forename><surname>Stoyanov</surname></persName>
		</author>
		<author>
			<persName><forename type="first">Luke</forename><surname>Zettlemoyer</surname></persName>
		</author>
		<idno type="DOI">10.18653/v1/2020.acl-main.703</idno>
	</analytic>
	<monogr>
		<title level="m">ACL</title>
				<imprint>
			<date type="published" when="2020">2020</date>
			<biblScope unit="page" from="7871" to="7880" />
		</imprint>
	</monogr>
	<note type="raw_reference">Mike Lewis, Yinhan Liu, Naman Goyal, Marjan Ghazvininejad, Abdelrahman Mohamed, Omer Levy, Veselin Stoyanov, and Luke Zettlemoyer. 2020. BART: denoising sequence-to-sequence pre-training for natural language generation, translation, and com- prehension. In ACL, pages 7871-7880.</note>
</biblStruct>

<biblStruct xml:id="b11">
	<analytic>
		<title level="a" type="main">Lexicon enhanced Chinese sequence labeling using BERT adapter</title>
		<author>
			<persName><forename type="first">Wei</forename><surname>Liu</surname></persName>
		</author>
		<author>
			<persName><forename type="first">Xiyan</forename><surname>Fu</surname></persName>
		</author>
		<author>
			<persName><forename type="first">Yue</forename><surname>Zhang</surname></persName>
		</author>
		<author>
			<persName><forename type="first">Wenming</forename><surname>Xiao</surname></persName>
		</author>
		<idno type="DOI">10.18653/v1/2021.acl-long.454</idno>
	</analytic>
	<monogr>
		<title level="m">ACL</title>
				<imprint>
			<date type="published" when="2021">2021</date>
			<biblScope unit="page" from="5847" to="5858" />
		</imprint>
	</monogr>
	<note type="raw_reference">Wei Liu, Xiyan Fu, Yue Zhang, and Wenming Xiao. 2021. Lexicon enhanced Chinese sequence labeling using BERT adapter. In ACL, pages 5847-5858.</note>
</biblStruct>

<biblStruct xml:id="b12">
	<monogr>
		<author>
			<persName><forename type="first">Yinhan</forename><surname>Liu</surname></persName>
		</author>
		<author>
			<persName><forename type="first">Myle</forename><surname>Ott</surname></persName>
		</author>
		<author>
			<persName><forename type="first">Naman</forename><surname>Goyal</surname></persName>
		</author>
		<author>
			<persName><forename type="first">Jingfei</forename><surname>Du</surname></persName>
		</author>
		<author>
			<persName><forename type="first">Mandar</forename><surname>Joshi</surname></persName>
		</author>
		<author>
			<persName><forename type="first">Danqi</forename><surname>Chen</surname></persName>
		</author>
		<author>
			<persName><forename type="first">Omer</forename><surname>Levy</surname></persName>
		</author>
		<author>
			<persName><forename type="first">Mike</forename><surname>Lewis</surname></persName>
		</author>
		<author>
			<persName><forename type="first">Luke</forename><surname>Zettlemoyer</surname></persName>
		</author>
		<author>
			<persName><forename type="first">Veselin</forename><surname>Stoyanov</surname></persName>
		</author>
		<idno>arXiv, abs/1907.11692</idno>
		<title level="m">Roberta: A robustly optimized BERT pretraining approach</title>
				<imprint>
			<date type="published" when="2019">2019</date>
		</imprint>
	</monogr>
	<note type="raw_reference">Yinhan Liu, Myle Ott, Naman Goyal, Jingfei Du, Man- dar Joshi, Danqi Chen, Omer Levy, Mike Lewis, Luke Zettlemoyer, and Veselin Stoyanov. 2019. Roberta: A robustly optimized BERT pretraining approach. arXiv, abs/1907.11692.</note>
</biblStruct>

<biblStruct xml:id="b13">
	<analytic>
		<title level="a" type="main">Exploiting position bias for robust aspect sentiment classification</title>
		<author>
			<persName><forename type="first">Fang</forename><surname>Ma</surname></persName>
		</author>
		<author>
			<persName><forename type="first">Chen</forename><surname>Zhang</surname></persName>
		</author>
		<author>
			<persName><forename type="first">Dawei</forename><surname>Song</surname></persName>
		</author>
		<idno type="DOI">10.18653/v1/2021.findings-acl.116</idno>
	</analytic>
	<monogr>
		<title level="m">ACL</title>
				<imprint>
			<date type="published" when="2021">2021</date>
			<biblScope unit="page" from="1352" to="1358" />
		</imprint>
	</monogr>
	<note type="raw_reference">Fang Ma, Chen Zhang, and Dawei Song. 2021. Exploit- ing position bias for robust aspect sentiment classifi- cation. In ACL, pages 1352-1358.</note>
</biblStruct>

<biblStruct xml:id="b14">
	<monogr>
		<title level="m" type="main">Aspect-specific context modeling for aspectbased sentiment analysis</title>
		<author>
			<persName><forename type="first">Fang</forename><surname>Ma</surname></persName>
		</author>
		<author>
			<persName><forename type="first">Chen</forename><surname>Zhang</surname></persName>
		</author>
		<author>
			<persName><forename type="first">Bo</forename><surname>Zhang</surname></persName>
		</author>
		<author>
			<persName><forename type="first">Dawei</forename><surname>Song</surname></persName>
		</author>
		<idno type="DOI">10.48550/arXiv.2207.08099</idno>
		<idno>arXiv, abs/2207.08099</idno>
		<imprint>
			<date type="published" when="2022">2022</date>
		</imprint>
	</monogr>
	<note type="raw_reference">Fang Ma, Chen Zhang, Bo Zhang, and Dawei Song. 2022. Aspect-specific context modeling for aspect- based sentiment analysis. arXiv, abs/2207.08099.</note>
</biblStruct>

<biblStruct xml:id="b15">
	<analytic>
		<title level="a" type="main">Knowing what, how and why: A near complete solution for aspect-based sentiment analysis</title>
		<author>
			<persName><forename type="first">Haiyun</forename><surname>Peng</surname></persName>
		</author>
		<author>
			<persName><forename type="first">Lu</forename><surname>Xu</surname></persName>
		</author>
		<author>
			<persName><forename type="first">Lidong</forename><surname>Bing</surname></persName>
		</author>
		<author>
			<persName><forename type="first">Fei</forename><surname>Huang</surname></persName>
		</author>
		<author>
			<persName><forename type="first">Wei</forename><surname>Lu</surname></persName>
		</author>
		<author>
			<persName><forename type="first">Luo</forename><surname>Si</surname></persName>
		</author>
	</analytic>
	<monogr>
		<title level="m">AAAI</title>
				<imprint>
			<date type="published" when="2020">2020</date>
			<biblScope unit="page" from="8600" to="8607" />
		</imprint>
	</monogr>
	<note type="raw_reference">Haiyun Peng, Lu Xu, Lidong Bing, Fei Huang, Wei Lu, and Luo Si. 2020. Knowing what, how and why: A near complete solution for aspect-based sentiment analysis. In AAAI, pages 8600-8607.</note>
</biblStruct>

<biblStruct xml:id="b16">
	<analytic>
		<title level="a" type="main">Harris Papageorgiou, Ion Androutsopoulos, and Suresh Manandhar</title>
		<author>
			<persName><forename type="first">Maria</forename><surname>Pontiki</surname></persName>
		</author>
		<author>
			<persName><forename type="first">Dimitris</forename><surname>Galanis</surname></persName>
		</author>
		<author>
			<persName><forename type="first">John</forename><surname>Pavlopoulos</surname></persName>
		</author>
		<idno type="DOI">10.3115/v1/s14-2004</idno>
	</analytic>
	<monogr>
		<title level="m">SemEval</title>
				<imprint>
			<date type="published" when="2014">2014</date>
			<biblScope unit="page" from="27" to="35" />
		</imprint>
	</monogr>
	<note>Semeval-2014 task 4: Aspect based sentiment analysis</note>
	<note type="raw_reference">Maria Pontiki, Dimitris Galanis, John Pavlopoulos, Har- ris Papageorgiou, Ion Androutsopoulos, and Suresh Manandhar. 2014. Semeval-2014 task 4: Aspect based sentiment analysis. In SemEval, pages 27-35.</note>
</biblStruct>

<biblStruct xml:id="b17">
	<analytic>
		<title level="a" type="main">Stanza: A python natural language processing toolkit for many human languages</title>
		<author>
			<persName><forename type="first">Peng</forename><surname>Qi</surname></persName>
		</author>
		<author>
			<persName><forename type="first">Yuhao</forename><surname>Zhang</surname></persName>
		</author>
		<author>
			<persName><forename type="first">Yuhui</forename><surname>Zhang</surname></persName>
		</author>
		<author>
			<persName><forename type="first">Jason</forename><surname>Bolton</surname></persName>
		</author>
		<author>
			<persName><forename type="first">Christopher</forename><forename type="middle">D</forename><surname>Manning</surname></persName>
		</author>
		<idno type="DOI">10.18653/v1/2020.acl-demos.14</idno>
	</analytic>
	<monogr>
		<title level="m">ACL</title>
				<imprint>
			<date type="published" when="2020">2020</date>
			<biblScope unit="page" from="101" to="108" />
		</imprint>
	</monogr>
	<note type="raw_reference">Peng Qi, Yuhao Zhang, Yuhui Zhang, Jason Bolton, and Christopher D. Manning. 2020. Stanza: A python natural language processing toolkit for many human languages. In ACL, pages 101-108.</note>
</biblStruct>

<biblStruct xml:id="b18">
	<analytic>
		<title level="a" type="main">Exploring the limits of transfer learning with a unified text-to-text transformer</title>
		<author>
			<persName><forename type="first">Colin</forename><surname>Raffel</surname></persName>
		</author>
		<author>
			<persName><forename type="first">Noam</forename><surname>Shazeer</surname></persName>
		</author>
		<author>
			<persName><forename type="first">Adam</forename><surname>Roberts</surname></persName>
		</author>
		<author>
			<persName><forename type="first">Katherine</forename><surname>Lee</surname></persName>
		</author>
		<author>
			<persName><forename type="first">Sharan</forename><surname>Narang</surname></persName>
		</author>
		<author>
			<persName><forename type="first">Michael</forename><surname>Matena</surname></persName>
		</author>
		<author>
			<persName><forename type="first">Yanqi</forename><surname>Zhou</surname></persName>
		</author>
		<author>
			<persName><forename type="first">Wei</forename><surname>Li</surname></persName>
		</author>
		<author>
			<persName><forename type="first">Peter</forename><forename type="middle">J</forename><surname>Liu</surname></persName>
		</author>
	</analytic>
	<monogr>
		<title level="j">JMLR</title>
		<imprint>
			<biblScope unit="volume">21</biblScope>
			<biblScope unit="page">67</biblScope>
			<date type="published" when="2020">2020</date>
		</imprint>
	</monogr>
	<note type="raw_reference">Colin Raffel, Noam Shazeer, Adam Roberts, Katherine Lee, Sharan Narang, Michael Matena, Yanqi Zhou, Wei Li, and Peter J. Liu. 2020. Exploring the limits of transfer learning with a unified text-to-text trans- former. JMLR, 21:140:1-140:67.</note>
</biblStruct>

<biblStruct xml:id="b19">
	<analytic>
		<title level="a" type="main">Self-attention with relative position representations</title>
		<author>
			<persName><forename type="first">Peter</forename><surname>Shaw</surname></persName>
		</author>
		<author>
			<persName><forename type="first">Jakob</forename><surname>Uszkoreit</surname></persName>
		</author>
		<author>
			<persName><forename type="first">Ashish</forename><surname>Vaswani</surname></persName>
		</author>
		<idno type="DOI">10.18653/v1/n18-2074</idno>
	</analytic>
	<monogr>
		<title level="m">NAACL</title>
				<imprint>
			<date type="published" when="2018">2018</date>
			<biblScope unit="page" from="464" to="468" />
		</imprint>
	</monogr>
	<note type="raw_reference">Peter Shaw, Jakob Uszkoreit, and Ashish Vaswani. 2018. Self-attention with relative position representations. In NAACL, pages 464-468.</note>
</biblStruct>

<biblStruct xml:id="b20">
	<analytic>
		<title level="a" type="main">Large-scale opinion relation extraction with distantly supervised neural network</title>
		<author>
			<persName><forename type="first">Changzhi</forename><surname>Sun</surname></persName>
		</author>
		<author>
			<persName><forename type="first">Yuanbin</forename><surname>Wu</surname></persName>
		</author>
		<author>
			<persName><forename type="first">Man</forename><surname>Lan</surname></persName>
		</author>
		<author>
			<persName><forename type="first">Shiliang</forename><surname>Sun</surname></persName>
		</author>
		<author>
			<persName><forename type="first">Qi</forename><surname>Zhang</surname></persName>
		</author>
		<idno type="DOI">10.18653/v1/e17-1097</idno>
	</analytic>
	<monogr>
		<title level="m">EACL</title>
				<imprint>
			<date type="published" when="2017">2017</date>
			<biblScope unit="page" from="1033" to="1043" />
		</imprint>
	</monogr>
	<note type="raw_reference">Changzhi Sun, Yuanbin Wu, Man Lan, Shiliang Sun, and Qi Zhang. 2017. Large-scale opinion relation extraction with distantly supervised neural network. In EACL, pages 1033-1043.</note>
</biblStruct>

<biblStruct xml:id="b21">
	<monogr>
		<title level="m" type="main">Attention is all you need</title>
		<author>
			<persName><forename type="first">Ashish</forename><surname>Vaswani</surname></persName>
		</author>
		<author>
			<persName><forename type="first">Noam</forename><surname>Shazeer</surname></persName>
		</author>
		<author>
			<persName><forename type="first">Niki</forename><surname>Parmar</surname></persName>
		</author>
		<author>
			<persName><forename type="first">Jakob</forename><surname>Uszkoreit</surname></persName>
		</author>
		<author>
			<persName><forename type="first">Llion</forename><surname>Jones</surname></persName>
		</author>
		<author>
			<persName><forename type="first">Aidan</forename><forename type="middle">N</forename><surname>Gomez</surname></persName>
		</author>
		<author>
			<persName><forename type="first">Lukasz</forename><surname>Kaiser</surname></persName>
		</author>
		<author>
			<persName><forename type="first">Illia</forename><surname>Polosukhin</surname></persName>
		</author>
		<editor>NeurIPS</editor>
		<imprint>
			<date type="published" when="2017">2017</date>
			<biblScope unit="page" from="5998" to="6008" />
		</imprint>
	</monogr>
	<note type="raw_reference">Ashish Vaswani, Noam Shazeer, Niki Parmar, Jakob Uszkoreit, Llion Jones, Aidan N. Gomez, Lukasz Kaiser, and Illia Polosukhin. 2017. Attention is all you need. In NeurIPS, pages 5998-6008.</note>
</biblStruct>

<biblStruct xml:id="b22">
	<analytic>
		<title level="a" type="main">RAT-SQL: relation-aware schema encoding and linking for textto-sql parsers</title>
		<author>
			<persName><forename type="first">Bailin</forename><surname>Wang</surname></persName>
		</author>
		<author>
			<persName><forename type="first">Richard</forename><surname>Shin</surname></persName>
		</author>
		<author>
			<persName><forename type="first">Xiaodong</forename><surname>Liu</surname></persName>
		</author>
		<author>
			<persName><forename type="first">Oleksandr</forename><surname>Polozov</surname></persName>
		</author>
		<author>
			<persName><forename type="first">Matthew</forename><surname>Richardson</surname></persName>
		</author>
		<idno type="DOI">10.18653/v1/2020.acl-main.677</idno>
	</analytic>
	<monogr>
		<title level="m">ACL</title>
				<imprint>
			<date type="published" when="2020">2020</date>
			<biblScope unit="page" from="7567" to="7578" />
		</imprint>
	</monogr>
	<note type="raw_reference">Bailin Wang, Richard Shin, Xiaodong Liu, Oleksandr Polozov, and Matthew Richardson. 2020. RAT-SQL: relation-aware schema encoding and linking for text- to-sql parsers. In ACL, pages 7567-7578.</note>
</biblStruct>

<biblStruct xml:id="b23">
	<analytic>
		<title level="a" type="main">Proton: Probing schema linking information from pre-trained language models for text-to-sql parsing</title>
		<author>
			<persName><forename type="first">Lihan</forename><surname>Wang</surname></persName>
		</author>
		<author>
			<persName><forename type="first">Bowen</forename><surname>Qin</surname></persName>
		</author>
		<author>
			<persName><forename type="first">Binyuan</forename><surname>Hui</surname></persName>
		</author>
		<author>
			<persName><forename type="first">Bowen</forename><surname>Li</surname></persName>
		</author>
		<author>
			<persName><forename type="first">Min</forename><surname>Yang</surname></persName>
		</author>
		<author>
			<persName><forename type="first">Bailin</forename><surname>Wang</surname></persName>
		</author>
		<author>
			<persName><forename type="first">Binhua</forename><surname>Li</surname></persName>
		</author>
		<author>
			<persName><forename type="first">Jian</forename><surname>Sun</surname></persName>
		</author>
		<author>
			<persName><forename type="first">Fei</forename><surname>Huang</surname></persName>
		</author>
		<author>
			<persName><forename type="first">Luo</forename><surname>Si</surname></persName>
		</author>
		<author>
			<persName><forename type="first">Yongbin</forename><surname>Li</surname></persName>
		</author>
		<idno type="DOI">10.1145/3534678.3539305</idno>
	</analytic>
	<monogr>
		<title level="m">KDD</title>
				<imprint>
			<date type="published" when="2022">2022</date>
			<biblScope unit="page" from="1889" to="1898" />
		</imprint>
	</monogr>
	<note type="raw_reference">Lihan Wang, Bowen Qin, Binyuan Hui, Bowen Li, Min Yang, Bailin Wang, Binhua Li, Jian Sun, Fei Huang, Luo Si, and Yongbin Li. 2022. Proton: Prob- ing schema linking information from pre-trained lan- guage models for text-to-sql parsing. In KDD, pages 1889-1898.</note>
</biblStruct>

<biblStruct xml:id="b24">
	<analytic>
		<title level="a" type="main">Phrase dependency parsing for opinion mining</title>
		<author>
			<persName><forename type="first">Yuanbin</forename><surname>Wu</surname></persName>
		</author>
		<author>
			<persName><forename type="first">Qi</forename><surname>Zhang</surname></persName>
		</author>
		<author>
			<persName><forename type="first">Xuanjing</forename><surname>Huang</surname></persName>
		</author>
		<author>
			<persName><forename type="first">Lide</forename><surname>Wu</surname></persName>
		</author>
	</analytic>
	<monogr>
		<title level="m">EMNLP</title>
				<imprint>
			<date type="published" when="2009">2009</date>
			<biblScope unit="page" from="1533" to="1541" />
		</imprint>
	</monogr>
	<note type="raw_reference">Yuanbin Wu, Qi Zhang, Xuanjing Huang, and Lide Wu. 2009. Phrase dependency parsing for opinion mining. In EMNLP, pages 1533-1541.</note>
</biblStruct>

<biblStruct xml:id="b25">
	<analytic>
		<title level="a" type="main">Grid tagging scheme for end-to-end fine-grained opinion extraction</title>
		<author>
			<persName><forename type="first">Zhen</forename><surname>Wu</surname></persName>
		</author>
		<author>
			<persName><forename type="first">Chengcan</forename><surname>Ying</surname></persName>
		</author>
		<author>
			<persName><forename type="first">Fei</forename><surname>Zhao</surname></persName>
		</author>
		<author>
			<persName><forename type="first">Zhifang</forename><surname>Fan</surname></persName>
		</author>
		<author>
			<persName><forename type="first">Xinyu</forename><surname>Dai</surname></persName>
		</author>
		<author>
			<persName><forename type="first">Rui</forename><surname>Xia</surname></persName>
		</author>
		<idno type="DOI">10.18653/v1/2020.findings-emnlp.234</idno>
	</analytic>
	<monogr>
		<title level="m">EMNLP</title>
				<imprint>
			<date type="published" when="2020">2020a</date>
			<biblScope unit="page" from="2576" to="2585" />
		</imprint>
	</monogr>
	<note type="raw_reference">Zhen Wu, Chengcan Ying, Fei Zhao, Zhifang Fan, Xinyu Dai, and Rui Xia. 2020a. Grid tagging scheme for end-to-end fine-grained opinion extraction. In EMNLP, pages 2576-2585.</note>
</biblStruct>

<biblStruct xml:id="b26">
	<analytic>
		<title level="a" type="main">Perturbed masking: Parameter-free probing for analyzing and interpreting BERT</title>
		<author>
			<persName><forename type="first">Zhiyong</forename><surname>Wu</surname></persName>
		</author>
		<author>
			<persName><forename type="first">Yun</forename><surname>Chen</surname></persName>
		</author>
		<author>
			<persName><forename type="first">Ben</forename><surname>Kao</surname></persName>
		</author>
		<author>
			<persName><forename type="first">Qun</forename><surname>Liu</surname></persName>
		</author>
		<idno type="DOI">10.18653/v1/2020.acl-main.383</idno>
	</analytic>
	<monogr>
		<title level="m">ACL</title>
				<imprint>
			<date type="published" when="2020">2020b</date>
			<biblScope unit="page" from="4166" to="4176" />
		</imprint>
	</monogr>
	<note type="raw_reference">Zhiyong Wu, Yun Chen, Ben Kao, and Qun Liu. 2020b. Perturbed masking: Parameter-free probing for ana- lyzing and interpreting BERT. In ACL, pages 4166- 4176.</note>
</biblStruct>

<biblStruct xml:id="b27">
	<analytic>
		<title level="a" type="main">Learning span-level interactions for aspect sentiment triplet extraction</title>
		<author>
			<persName><forename type="first">Lu</forename><surname>Xu</surname></persName>
		</author>
		<author>
			<persName><forename type="first">Yew</forename></persName>
		</author>
		<author>
			<persName><forename type="first">Ken</forename><surname>Chia</surname></persName>
		</author>
		<author>
			<persName><forename type="first">Lidong</forename><surname>Bing</surname></persName>
		</author>
		<idno type="DOI">10.18653/v1/2021.acl-long.367</idno>
	</analytic>
	<monogr>
		<title level="m">ACL</title>
				<imprint>
			<date type="published" when="2021">2021</date>
			<biblScope unit="page" from="4755" to="4766" />
		</imprint>
	</monogr>
	<note type="raw_reference">Lu Xu, Yew Ken Chia, and Lidong Bing. 2021. Learn- ing span-level interactions for aspect sentiment triplet extraction. In ACL, pages 4755-4766.</note>
</biblStruct>

<biblStruct xml:id="b28">
	<analytic>
		<title level="a" type="main">Position-aware tagging for aspect sentiment triplet extraction</title>
		<author>
			<persName><forename type="first">Lu</forename><surname>Xu</surname></persName>
		</author>
		<author>
			<persName><forename type="first">Hao</forename><surname>Li</surname></persName>
		</author>
		<author>
			<persName><forename type="first">Wei</forename><surname>Lu</surname></persName>
		</author>
		<author>
			<persName><forename type="first">Lidong</forename><surname>Bing</surname></persName>
		</author>
		<idno type="DOI">10.18653/v1/2020.emnlp-main.183</idno>
	</analytic>
	<monogr>
		<title level="m">EMNLP</title>
				<imprint>
			<date type="published" when="2020">2020</date>
			<biblScope unit="page" from="2339" to="2349" />
		</imprint>
	</monogr>
	<note type="raw_reference">Lu Xu, Hao Li, Wei Lu, and Lidong Bing. 2020. Position-aware tagging for aspect sentiment triplet extraction. In EMNLP, pages 2339-2349.</note>
</biblStruct>

<biblStruct xml:id="b29">
	<analytic>
		<title level="a" type="main">A unified generative framework for aspect-based sentiment analysis</title>
		<author>
			<persName><forename type="first">Hang</forename><surname>Yan</surname></persName>
		</author>
		<author>
			<persName><forename type="first">Junqi</forename><surname>Dai</surname></persName>
		</author>
		<author>
			<persName><forename type="first">Tuo</forename><surname>Ji</surname></persName>
		</author>
		<author>
			<persName><forename type="first">Xipeng</forename><surname>Qiu</surname></persName>
		</author>
		<author>
			<persName><forename type="first">Zheng</forename><surname>Zhang</surname></persName>
		</author>
		<idno type="DOI">10.18653/v1/2021.acl-long.188</idno>
	</analytic>
	<monogr>
		<title level="m">ACL</title>
				<imprint>
			<date type="published" when="2021">2021</date>
			<biblScope unit="page" from="2416" to="2429" />
		</imprint>
	</monogr>
	<note type="raw_reference">Hang Yan, Junqi Dai, Tuo Ji, Xipeng Qiu, and Zheng Zhang. 2021. A unified generative framework for aspect-based sentiment analysis. In ACL, pages 2416- 2429.</note>
</biblStruct>

<biblStruct xml:id="b30">
	<analytic>
		<title level="a" type="main">Aspect-based sentiment classification with aspectspecific graph convolutional networks</title>
		<author>
			<persName><forename type="first">Chen</forename><surname>Zhang</surname></persName>
		</author>
		<author>
			<persName><forename type="first">Qiuchi</forename><surname>Li</surname></persName>
		</author>
		<author>
			<persName><forename type="first">Dawei</forename><surname>Song</surname></persName>
		</author>
		<idno type="DOI">10.18653/v1/D19-1464</idno>
	</analytic>
	<monogr>
		<title level="m">EMNLP</title>
				<imprint>
			<date type="published" when="2019">2019a</date>
			<biblScope unit="page" from="4567" to="4577" />
		</imprint>
	</monogr>
	<note type="raw_reference">Chen Zhang, Qiuchi Li, and Dawei Song. 2019a. Aspect-based sentiment classification with aspect- specific graph convolutional networks. In EMNLP, pages 4567-4577.</note>
</biblStruct>

<biblStruct xml:id="b31">
	<analytic>
		<title level="a" type="main">Syntax-aware aspect-level sentiment classification with proximity-weighted convolution network</title>
		<author>
			<persName><forename type="first">Chen</forename><surname>Zhang</surname></persName>
		</author>
		<author>
			<persName><forename type="first">Qiuchi</forename><surname>Li</surname></persName>
		</author>
		<author>
			<persName><forename type="first">Dawei</forename><surname>Song</surname></persName>
		</author>
		<idno type="DOI">10.1145/3331184.3331351</idno>
	</analytic>
	<monogr>
		<title level="m">SIGIR</title>
				<imprint>
			<date type="published" when="2019">2019b</date>
			<biblScope unit="page" from="1145" to="1148" />
		</imprint>
	</monogr>
	<note type="raw_reference">Chen Zhang, Qiuchi Li, and Dawei Song. 2019b. Syntax-aware aspect-level sentiment classification with proximity-weighted convolution network. In SIGIR, pages 1145-1148.</note>
</biblStruct>

<biblStruct xml:id="b32">
	<analytic>
		<title level="a" type="main">A multi-task learning framework for opinion triplet extraction</title>
		<author>
			<persName><forename type="first">Chen</forename><surname>Zhang</surname></persName>
		</author>
		<author>
			<persName><forename type="first">Qiuchi</forename><surname>Li</surname></persName>
		</author>
		<author>
			<persName><forename type="first">Dawei</forename><surname>Song</surname></persName>
		</author>
		<author>
			<persName><forename type="first">Benyou</forename><surname>Wang</surname></persName>
		</author>
		<idno type="DOI">10.18653/v1/2020.findings-emnlp.72</idno>
	</analytic>
	<monogr>
		<title level="m">EMNLP</title>
				<imprint>
			<date type="published" when="2020">2020</date>
			<biblScope unit="page" from="819" to="828" />
		</imprint>
	</monogr>
	<note type="raw_reference">Chen Zhang, Qiuchi Li, Dawei Song, and Benyou Wang. 2020. A multi-task learning framework for opinion triplet extraction. In EMNLP, pages 819-828.</note>
</biblStruct>

<biblStruct xml:id="b33">
	<analytic>
		<title level="a" type="main">Towards generative aspect-based sentiment analysis</title>
		<author>
			<persName><forename type="first">Wenxuan</forename><surname>Zhang</surname></persName>
		</author>
		<author>
			<persName><forename type="first">Xin</forename><surname>Li</surname></persName>
		</author>
		<author>
			<persName><forename type="first">Yang</forename><surname>Deng</surname></persName>
		</author>
		<author>
			<persName><forename type="first">Lidong</forename><surname>Bing</surname></persName>
		</author>
		<author>
			<persName><forename type="first">Wai</forename><surname>Lam</surname></persName>
		</author>
		<idno type="DOI">10.18653/v1/2021.acl-short.64</idno>
	</analytic>
	<monogr>
		<title level="m">ACL</title>
				<imprint>
			<date type="published" when="2021">2021</date>
			<biblScope unit="page" from="504" to="510" />
		</imprint>
	</monogr>
	<note type="raw_reference">Wenxuan Zhang, Xin Li, Yang Deng, Lidong Bing, and Wai Lam. 2021. Towards generative aspect-based sentiment analysis. In ACL, pages 504-510.</note>
</biblStruct>

				</listBibl>
			</div>
		</back>
	</text>
</TEI>
