<?xml version="1.0" encoding="UTF-8"?>
<TEI xml:space="preserve" xmlns="http://www.tei-c.org/ns/1.0" 
xmlns:xsi="http://www.w3.org/2001/XMLSchema-instance" 
xsi:schemaLocation="http://www.tei-c.org/ns/1.0 https://raw.githubusercontent.com/kermitt2/grobid/master/grobid-home/schemas/xsd/Grobid.xsd"
 xmlns:xlink="http://www.w3.org/1999/xlink">
	<teiHeader xml:lang="en">
		<fileDesc>
			<titleStmt>
				<title level="a" type="main">CAMS: An Annotated Corpus for Causal Analysis of Mental Health Issues in Social Media Posts</title>
			</titleStmt>
			<publicationStmt>
				<publisher/>
				<availability status="unknown"><licence/></availability>
			</publicationStmt>
			<sourceDesc>
				<biblStruct>
					<analytic>
						<author>
							<persName><forename type="first">Muskan</forename><surname>Garg</surname></persName>
							<email>muskangarg@ufl.edu</email>
							<affiliation key="aff0">
								<orgName type="institution">Thapar Institute of Engineering &amp; Technology</orgName>
								<address>
									<country key="IN">India</country>
								</address>
							</affiliation>
							<affiliation key="aff6">
								<orgName type="institution">University of Florida</orgName>
								<address>
									<country key="US">USA</country>
								</address>
							</affiliation>
						</author>
						<author>
							<persName><forename type="first">Chandni</forename><surname>Saxena</surname></persName>
							<email>chandnisaxena@cuhk.edu.hk</email>
							<affiliation key="aff1">
								<orgName type="institution">The Chinese University of Hong Kong</orgName>
								<address>
									<settlement>Hong Kong SAR</settlement>
								</address>
							</affiliation>
						</author>
						<author>
							<persName><forename type="first">Veena</forename><surname>Krishnan</surname></persName>
							<email>vkrishnan@ddn.upes.in</email>
							<affiliation key="aff2">
								<orgName type="institution">University of Petroleum And Energy Studies</orgName>
								<address>
									<country key="IN">India</country>
								</address>
							</affiliation>
						</author>
						<author>
							<persName><forename type="first">Ruchi</forename><surname>Joshi</surname></persName>
							<email>rjoshi@jpr.amity.edu</email>
							<affiliation key="aff3">
								<orgName type="institution">Amity University Rajasthan</orgName>
								<address>
									<country key="IN">India</country>
								</address>
							</affiliation>
						</author>
						<author>
							<persName><forename type="first">Sriparna</forename><surname>Saha</surname></persName>
							<email>sriparna@iitp.ac.in</email>
							<affiliation key="aff4">
								<orgName type="institution">Indian Institute of Technology</orgName>
								<address>
									<settlement>Patna</settlement>
								</address>
							</affiliation>
						</author>
						<author>
							<persName><forename type="first">Vijay</forename><surname>Mago</surname></persName>
							<email>vmago@lakeheadu.ca</email>
							<affiliation key="aff5">
								<orgName type="institution">Lakehead University</orgName>
								<address>
									<country key="CA">Canada</country>
								</address>
							</affiliation>
						</author>
						<author>
							<persName><forename type="first">Bonnie</forename><forename type="middle">J</forename><surname>Dorr</surname></persName>
							<email>bonniejdorr@ufl.edu</email>
							<affiliation key="aff6">
								<orgName type="institution">University of Florida</orgName>
								<address>
									<country key="US">USA</country>
								</address>
							</affiliation>
						</author>
						<title level="a" type="main">CAMS: An Annotated Corpus for Causal Analysis of Mental Health Issues in Social Media Posts</title>
					</analytic>
					<monogr>
						<imprint>
							<date/>
						</imprint>
					</monogr>
					<idno type="MD5">E2C8513493BCFEFF93152D2BEB8F2DD9</idno>
				</biblStruct>
			</sourceDesc>
		</fileDesc>
		<encodingDesc>
			<appInfo>
				<application version="0.7.3-SNAPSHOT" ident="GROBID" when="2023-01-12T09:02+0000">
					<desc>GROBID - A machine learning software for extracting information from scholarly documents</desc>
					<ref target="https://github.com/kermitt2/grobid"/>
				</application>
			</appInfo>
		</encodingDesc>
		<profileDesc>
			<textClass>
				<keywords>
					<term>clinical depression</term>
					<term>clinical psychology</term>
					<term>intent classification</term>
					<term>suicidal tendency</term>
				</keywords>
			</textClass>
			<abstract>
<div xmlns="http://www.tei-c.org/ns/1.0"><p>Research community has witnessed substantial growth in the detection of mental health issues and their associated reasons from analysis of social media. We introduce a new dataset for Causal Analysis of Mental health issues in Social media posts (CAMS). Our contributions for causal analysis are two-fold: causal interpretation and causal categorization. We introduce an annotation schema for this task of causal analysis. We demonstrate the efficacy of our schema on two different datasets: (i) crawling and annotating 3155 Reddit posts and (ii) re-annotating the publicly available SDCNL dataset of 1896 instances for interpretable causal analysis. We further combine these into the CAMS dataset and make this resource publicly available along with associated source code: https://github.com/drmuskangarg/CAMS. We present experimental results of models learned from CAMS dataset and demonstrate that a classic Logistic Regression model outperforms the next best (CNN-LSTM) model by 4.9% accuracy.</p></div>
			</abstract>
		</profileDesc>
	</teiHeader>
	<text xml:lang="en">
		<body>
<div xmlns="http://www.tei-c.org/ns/1.0"><head n="1.">Introduction</head><p>With substantial growth in digitization of psychological phenomena, automated Natural Language Processing (NLP) has been applied by academic researchers and mental health practitioners to detect, classify or predict mental illness on social media. However, there is a critical need for identifying underlying causes of mental illness in the face of dire outcomes. For example, a person commits suicide every 11.1 minutes in the US 1 and 23% of deaths in the world are associated with mental disorders according to the World Health Organization. The pandemic lockdown has heightened the mental health crisis in UK <ref type="bibr" target="#b27">(Pierce et al., 2020)</ref> and US <ref type="bibr" target="#b24">(McGinty et al., 2020)</ref>.</p><p>In this context, people with mental disorders who decide to visit mental health practitioners for social well-being may face difficulty due to social stigma or unavailability of mental health practitioners, leaving those most in need to be neglected by the community. As a result, sufferers of mental health conditions are unable to take necessary steps for their treatment. Unfortunately, 80% of those with mental health conditions do not undergo clinical treatment and about 60% of those who take their own lives previously denied having any suicidal thoughts <ref type="bibr" target="#b30">(Sawhney et al., 2021)</ref>. Accordingly, social media platforms (e.g., Reddit, Twitter) are important resources for investigating the mental health of users based on their writings. </p></div>
<div xmlns="http://www.tei-c.org/ns/1.0"><head n="1.1.">Motivation</head><p>The research community has witnessed tremendous growth in the study of mental health classification on social media since 2013 <ref type="bibr" target="#b14">(Garg, 2021)</ref>. However, there is minimal automation for identifying potential causes that underlie mental illness. Online users suffering from depression may express their thoughts and grievances on social media unintentionally, for instance, the post (P ).</p><p>The reason behind depression in P is clearly interpreted from the word breakup, which serves as an indicator of a cause related to the notion of relationship. Through the application of automatic causal analysis, underlying reasons of this type may be extracted and potentially leveraged to address mental health problems.</p><p>Social, financial and emotional disturbances have a Dataset Task Avail. CLPsych <ref type="bibr" target="#b11">(Coppersmith et al., 2015)</ref> Depression detection for suicide risk S MDDL <ref type="bibr" target="#b32">(Shen et al., 2017)</ref> Depression candidate detection (D1, D2, D3) A RSDD <ref type="bibr" target="#b38">(Yates et al., 2017)</ref> Depression detection from Reddit data ASA SMHD <ref type="bibr" target="#b8">(Cohan et al., 2018)</ref> Multi-task mental illness from Reddit data ASA eRISK <ref type="bibr" target="#b20">(Losada et al., 2018)</ref> Early risk detection: CLEF A Pirina18 <ref type="bibr" target="#b28">(Pirina and C ¸öltekin, 2018)</ref> Depression detection from Reddit data A Ji18 <ref type="bibr" target="#b17">(Ji et al., 2018)</ref> Suicide risk detection from Reddit data AR Aladag18 <ref type="bibr" target="#b0">(Aladag et al., 2018)</ref> Suicide risk detection AR Sina Weibo <ref type="bibr" target="#b5">(Cao et al., 2019)</ref> Identifying candidates with suicide risk AR SRAR <ref type="bibr" target="#b15">(Gaur et al., 2019)</ref> Suicide risk from Reddit posts ASA Dreaddit <ref type="bibr" target="#b37">(Turcan and McKeown, 2019)</ref> Stress detection from Reddit posts A UMD-RD <ref type="bibr" target="#b33">(Shing et al., 2020)</ref> Suicide risk detection from Reddit data ASA SDCNL <ref type="bibr" target="#b16">(Haque et al., 2021)</ref> Suicide v/s depression from Reddit A CAMS (Ours)</p><p>Interpretable Causal analysis from Reddit A Table <ref type="table">1</ref>: Different mental health datasets and their availability. A: Available, ASA: Available via Signed Agreement, AR: Available on Request for research work huge impact on the mental health of online users. Here, we consider three levels of mental disorder analysis from automation to latent cause as shown in Figure <ref type="figure" target="#fig_0">1</ref>. We identify the intent (level 0 task) of a user by mental illness prediction and classification of social media posts. We further automate the process of identifying and categorizing the direct cause (Level 1) that a user may mention in the post. In the future, causal analysis may discern crucial protective factors for mental health and address some important societal needs. Domain experts refer to level 1 as a direct cause mentioned by a user, often accompanied by a latent cause (Level 2) when they are posted on social media. In this work, we focus on automation by introducing a dataset for Level 1: interpretable causal analysis.</p></div>
<div xmlns="http://www.tei-c.org/ns/1.0"><head n="1.2.">Challenges and Contributions</head><p>Mental health illness detection and analysis on social media presents many linguistic, technical and psychological challenges. Among many under-explored dimensions, some substantial research gaps are addressed as follows:</p><p>1. Dataset availability may be limited due to the sensitive nature of personal information.</p><p>2. There are many existing Level 0 studies for mental health detection but no substantial study for Level 1, e.g., in-depth causal analyses of disorders.</p><p>To address these challenges, we introduce the task of causal analysis. We first introduce an annotation scheme for causal analysis. The dataset annotations are carried out in two ways: (i) crawling and annotation of the Reddit dataset (ii) re-annotation of the existing SD-CNL dataset <ref type="bibr" target="#b16">(Haque et al., 2021)</ref> for the proposed task of Causal Analysis of Mental health on Social media (CAMS). There are no existing studies for this task as observed from Table 1. To the best of our knowledge, our work is the first to address causal analysis and to provide a publicly available dataset for this purpose. Our major contributions are:</p><p>1. Definition of Interpretable Causal Analysis and construction of an annotation schema for this new task.</p><p>2. Annotated web-crawled Reddit dataset of 3362 instances using our annotation schema.</p><p>3. Re-annotation of the existing SDCNL dataset as a robustness test for our annotation schema.</p><p>4. Combination of the datasets above and introduction of our new, publicly available CAMS dataset.</p><p>5. Demonstration of the performance of machine learning and deep learning models using CAMS.</p><p>Below we discuss relevant background (Section 2) and introduce the annotation scheme for causal analysis (Section 3). Section 4 presents our new CAMS resource, annotation, and validation. Annotations are verified by experts (clinical psychologist and rehabilitation counselor) and validated using statistical testing of Fleiss' Kappa agreement <ref type="bibr">(Falotico and Quatto, 2015)</ref>. We further use existing multi-class classifiers for interpretable causal analysis in Section 5. Section 6 provides concluding remarks and future research directions.</p></div>
<div xmlns="http://www.tei-c.org/ns/1.0"><head n="2.">Background</head><p>Reddit has become one of the most widely used social media platforms. <ref type="bibr" target="#b16">Haque et al. (2021)</ref> use two subreddits r/depression and r/suicidewatch to scrape the SDCNL data and to validate a label correction methodology through manual annotation of this dataset for depression versus suicide. They also address ethical issues impacting dataset availability and make their dataset publicly available. In this section, we discuss the evolution of mental health studies and the historical perspective of causal analysis.</p></div>
<div xmlns="http://www.tei-c.org/ns/1.0"><head n="2.1.">Evolution of Mental Health Studies</head><p>New NLP questions have emerged from investigations into predicting depression <ref type="bibr" target="#b12">(De Choudhury et al., 2013)</ref> and suicidal tendencies <ref type="bibr" target="#b22">(Masuda et al., 2013)</ref>. Researchers consider users' profiles <ref type="bibr" target="#b10">(Conway and O'Connor, 2016)</ref> to introduce the CLPsych shared task dataset <ref type="bibr" target="#b11">(Coppersmith et al., 2015)</ref> for solving the problem of Mental Illness Detection and Analysis on Social media (MIDAS). MIDAS has further benefited from exploiting social network features <ref type="bibr" target="#b19">(Lin et al., 2017)</ref>, attention mechanisms <ref type="bibr" target="#b26">(Nam et al., 2017)</ref>, handling imbalanced dataset <ref type="bibr" target="#b9">(Cong et al., 2018)</ref>, and explainability <ref type="bibr" target="#b5">(Cao et al., 2019)</ref>.</p><p>Additional research directions have emerged from the use of knowledge graphs <ref type="bibr" target="#b6">(Cao et al., 2020)</ref>, feature optimization techniques <ref type="bibr" target="#b31">(Shah et al., 2020)</ref>, longitudinal studies <ref type="bibr" target="#b30">(Sawhney et al., 2021)</ref>, and handling noisy labels <ref type="bibr" target="#b16">(Haque et al., 2021)</ref>. The 3-step theory (3ST) <ref type="bibr" target="#b18">(Klonsky et al., 2021)</ref> of suicide supports the argument of gradual development of suicidal tendencies (over time) associated with a range of potential causes.</p></div>
<div xmlns="http://www.tei-c.org/ns/1.0"><head n="2.2.">Historical Perspective: Causal Analysis on Social Media</head><p>Our work is relevant to causal analysis of human behavior on social media. Recent approaches are developed to study 'why online users post fake news' <ref type="bibr" target="#b7">(Cheng et al., 2021)</ref>, beliefs and stances behind online influence <ref type="bibr" target="#b23">(Mather et al., 2022)</ref>, and causal explanation analysis on social media <ref type="bibr" target="#b35">(Son et al., 2018)</ref>. The work of <ref type="bibr" target="#b35">Son et al. (2018)</ref> is the closest to ours in that it detects a connection between two discourse arguments to extract a causal relation based on annotated Facebook data. However, the dataset is limited and is not publicly available; thus, no recent developments are observed.</p><p>To address this issue, we annotate the Reddit dataset (the nature of Reddit data is different from that of Facebook) and further categorize causal explanations.</p></div>
<div xmlns="http://www.tei-c.org/ns/1.0"><head n="3.">Annotation Scheme</head></div>
<div xmlns="http://www.tei-c.org/ns/1.0"><head n="3.1.">Inferences from Literature</head><p>Potential reasons behind mental illness may be detected in posts that refer to insomnia, weight gain, or other indicators of worthlessness or excessive or inappropriate guilt. Underlying reasons may include: bias or abuse <ref type="bibr" target="#b29">(Radell et al., 2021)</ref>, loss of jobs or career <ref type="bibr" target="#b21">(Mandal et al., 2011)</ref>, physical/emotional illness leading to, or induced by, medication use <ref type="bibr" target="#b34">(Smith, 2015;</ref><ref type="bibr" target="#b36">Tran et al., 2019)</ref>, relationship dysfunction, e.g., marital issues <ref type="bibr" target="#b2">(Beach and Jones, 2002)</ref>, and alienation <ref type="bibr">(Edition and others, 2013)</ref>. This list is not exhaustive, but it is a starting point for our study, giving rise to five categories of reasons (plus 'no reason') for our automatic causal analysis: no reason, bias or abuse, jobs and careers, medication,<ref type="foot" target="#foot_0">2</ref> relationship, and alienation. </p></div>
<div xmlns="http://www.tei-c.org/ns/1.0"><head n="3.2.">Annotation Task</head><p>Table <ref type="table" target="#tab_0">2</ref> presents examples of data annotation involving the labeling of direct causes of mental health disorders in social media posts. There are two types of annotations: cause category and Inference. The Inference column contains textual data which represents the actual reason behind mental disorders. This inferred reason is further classified as one of the six different causal categories.</p></div>
<div xmlns="http://www.tei-c.org/ns/1.0"><head n="3.3.">Problem Formulation</head><p>The architecture for our automatic causal analysis is shown in Figure <ref type="figure" target="#fig_1">2</ref>. Social media text is provided to prediction/classification algorithms that filter out nonmental disorder from posts. The remaining mental disorder posts are then analyzed to detect reasons behind users' depression or suicidal tendencies. Finally, the reasons are classified into 5 causal categories and one 'no reason' category.</p><p>More formally, we introduce the problem of Causal Analysis of Mental health on Social media (CAMS) as a multi-class classification problem. We extract a set of social media posts as p = p 1 , p 2 , p 3 , ..., p n for n number of posts. We interpret the cause for every i th post p i as C pi and classify it into one of the predetermined categories y = y 0 , y 1 , y 2 , y 3 , y 4 , y 5 where y 0 : 'no reason', y 1 : 'bias or abuse', y 2 : 'Jobs and careers', y 3 : 'Medication', y 4 : 'Relationship', and y 5 : 'Alienation' as y pi .</p></div>
<div xmlns="http://www.tei-c.org/ns/1.0"><head n="3.4.">Guidelines for Annotation</head><p>Our professional guidelines support annotation of the post p i with causal inference C pi and class y pi . The a potential cause of illness (e.g., medication-induced depression).</p></div>
<div xmlns="http://www.tei-c.org/ns/1.0"><head>Text</head><p>Cause Inference That's all I can really say. Nothing is worth the effort... I don't think I am capable of taking steps to improve my life, because I just don't even fucking care. Why try... I just... ugh...</p></div>
<div xmlns="http://www.tei-c.org/ns/1.0"><head>Alienation</head><p>Nothing is worth the effort Does anyone feel like the only person that could understand your depression would be someone else that was depressed? It might suck you into a place that you don't want to be in again. 6. Alienation: Alienation is the feeling of life being worthless even after doing everything. There may be indicators of meaninglessness, loneliness, tired of daily routines, powerlessness, normlessness, isolation, and cultural estrangement.</p></div>
<div xmlns="http://www.tei-c.org/ns/1.0"><head>No reason -</head><p>Cy 5 : ["I don't know why am I living, everything seems to be meaningless"]</p><p>The student annotators were trained by experts (clinical psychologist and rehabilitation counselor) to pick those words and/ or phrases through which they have identified the y pi of the post p i , and rank them. The student annotators followed these guidelines thoroughly.</p></div>
<div xmlns="http://www.tei-c.org/ns/1.0"><head n="3.5.">Annotation Perplexity</head><p>The judgement of reasons behind online users' intentions is a complex task for human annotators, generally due to mentions of multiple reasons or the presence of ambiguity in human interpretations. Causal analysis can be viewed as a multivariate problem, resulting in multiple labels. The annotation scheme is not sophisticated enough to capture all the aspects of this phenomenon. We thus propose perplexity guidelines to simplify the task and facilitate future annotations.</p><p>Our mental health therapists and social NLP practitioners have constructed perplexity guidelines to handle the trade-off between task complexity and simplicity of the annotation scheme. The perplexity guidelines are:</p><p>1. Multiple reasons in the post: There are some posts with multiple reasons for conveyed feelings.</p><p>To resolve this, annotators must find a root cause among the direct causes mentioned by the user.</p><p>Example 1: I was of 11 years since when i realized and facing constant ignorance of my parents. 8 yrs later i lost my first girlfriend and alcoholic since then. My beer belly and obesity has made people biased towards me. I have lost everything and want to end up now.</p><p>In Example 1, the root cause of the mental disorder is negligence of parents. Thus, this post is assigned the Relationship category. is, we handle multiple causes by prioritizing the root cause or the most emphasized reason by the user. This perplexity guideline reduces annotation ambiguity and helps develop better models for automation of this task in the near future.</p></div>
<div xmlns="http://www.tei-c.org/ns/1.0"><head n="2.">Ambiguity in human interpretations:</head><p>The subjective nature of causal analysis makes this task even more complicated for human annotators. The six different causes are not atomic in nature. The human interpretation of the same post and the same inference may vary, even among experts.</p><p>Example 2: I wish I could stay alone somewhere and cry my self to sleep. I wish i won't wake up.</p><p>Example 2 contains some important words like alone and cry which convey the category as Alienation. However, two out of three annotators considered this to be the No reason category. As this is the subjective decision of every human annotator, we leave it at their discretion. However, the final category assigned by the human expert (following human annotation) is based on "majority rules," in this case, 'no reason.'</p><p>3. Subject of intent in the post: Many posts refer to the depression of loved ones and other acquaintances. Given that the goal of this task is to identify the cause behind mental depression of online users, experts agree that such posts are candidates for causal analysis.</p><p>Example 3: I love to do prepare meals for my cousin because I think he is suffering from depression due to his car accident last month.</p><p>In Example 3, the user is talking about their cousin who is purportedly suffering from depression. This text is passed through classification to detect depression; however, the third person usage precludes detection of a reason behind this condition. Although the user presents their own perspective on the reason for their cousin's condition (car accident), the input must include self-reported evidence for the reason. Thus, this example is annotated as No reason.</p><p>The professional training and guidelines are supported by perplexity guidelines. We have further deployed student annotators to label the dataset after they annotate the first 25 posts under the supervision of experts.</p></div>
<div xmlns="http://www.tei-c.org/ns/1.0"><head n="4.">CAMS Dataset</head><p>We introduce a new language resource for CAMS and elucidate the process of data collection (4.1) and data annotations (4.2). We further discuss the challenges and discuss future research directions (4.3). We make our dataset and the source code publicly available for future use.</p></div>
<div xmlns="http://www.tei-c.org/ns/1.0"><head n="4.1.">Overview of Data Collection</head><p>We demonstrate the efficacy of our annotated scheme as follows:</p><p>1. We collect 3362 Reddit posts which are available with subreddit r/depression using Python Reddit API Wrapper (PRAW). Experts remove empty and irrelevant instances from the crawled dataset resulting in 3155 samples.</p></div>
<div xmlns="http://www.tei-c.org/ns/1.0"><head n="4.2.">Dataset Annotations</head><p>After verification of the dataset by experts, three duly trained student annotators manually annotate the data in the format: &lt;text, cause, inference&gt; as shown in Table 2. In this section, we discuss the annotation process, verification by experts, and validation using statistical tests.</p><p>Annotation is carried out manually by annotators who are proficient in the language. They work independently for each post and follow the given guidelines. Each annotator takes one hour to annotate about 15 − 25 Reddit posts and 180 and 90 hours to annotate the crawled and existing dataset, respectively. The annotations are obtained as three separate files.</p><p>Several challenges have emerged during the annotation process, e.g., a countable (&lt; 10) set of non-English posts. For such cases, augmented guidelines instruct the annotator to mark the post as No reason. We recommend the removal of non-English posts as the CAMS dataset is proposed for English only. The annotated files are verified by a clinical psychologist and a rehabilitation counselor. This verification is performed over the annotations given by our trained annotators without bringing this to their knowledge and experts have given the final annotations.</p><p>We further validate three annotated files using Fliess' Kappa inter-observer agreement study. The agreement study for the crawled dataset is found to be 64.23%. We also study the inter-agreement annotations for the existing dataset as 73.42% and 60.23% for testing and training data of SDCNL, respectively. The trained annotators agree with 61.28% agreement among the annotators for the CAMS dataset. The resulting values are interpreted as per Table <ref type="table" target="#tab_1">3</ref>. Despite the increased subjectivity of the task, the student annotators substantially agree with their judgements.</p></div>
<div xmlns="http://www.tei-c.org/ns/1.0"><head n="4.3.">Discussion</head><p>Existing work on causal analysis is associated with finding discourse relations among words and identifying the segments that represent the reason behind the intended information. We extend this work to find the category of the cause using these interpreted segments. Since we are extending the causal interpretations to automatic categorization, our work is not directly comparable to any of the existing works. However, we glean insights into the characteristics of the CAMS dataset through further analysis. This section examines the word length of posts in the dataset (4.3.1) and varying number of instances in each class (4.3.2). Additionally, we discuss the social nature of the dataset (4.3.3).</p></div>
<div xmlns="http://www.tei-c.org/ns/1.0"><head n="4.3.1.">Length of the Posts</head><p>The length of posts varies from a few characters to thousands of words. One of the major challenges for automation is the construction of a multi-class classifier that is suitable for posts of varying word lengths. One of the possible solutions to this challenge is to extract the inference from the post and classify it using the inference text. We choose to explore this in the near future. Table <ref type="table" target="#tab_2">4</ref>, shows that, although there is consistency in the average number of words among all the classes, there is a huge variation in the word counts across posts.</p></div>
<div xmlns="http://www.tei-c.org/ns/1.0"><head n="4.3.2.">Imbalanced Dataset</head><p>Table <ref type="table" target="#tab_4">5</ref> shows that the number of posts for every cause varies widely, perhaps signifying that causes of mental health disorders are not well-distributed in society.  In the crawled corpus, the highest number of samples is observed for the Relationship and Alienation causal categories, which is perhaps an indicator that our society is less equipped to deal with issues pertaining to 'near &amp; dear ones' and 'loneliness / worthlessness', respectively. The number of posts with 'no reason' is smaller in the crawled corpus due to the cleaning of the dataset. Interestingly, there are fewer posts assigned 'Bias or abuse'-less than half of each of the two additional categories: 'Jobs and careers' and 'Medication'.</p></div>
<div xmlns="http://www.tei-c.org/ns/1.0"><head>Cause</head></div>
<div xmlns="http://www.tei-c.org/ns/1.0"><head n="4.3.3.">Social nature of the dataset</head><p>Our expert clinical psychologists have explored the social nature of the dataset, in light of our analysis above.</p><p>During re-annotation of existing dataset, the prevalence of some causes, e.g., Alienation and Relationship, point to the importance of the ability to take a societal pulse on a regular basis, especially in these unprecedented times of pandemic-induced distancing and shut-downs.</p><p>Other problems, e.g., Jobs and careers and bias and abuse depend upon good governance. The problem of medication depends upon technological/medical advances and accessible healthcare, or lack thereof. Additionally, online users often feel depressed but do not address any specific reason behind it, indicating that inferring relevant causes is a challenge if one uses NLP alone.</p></div>
<div xmlns="http://www.tei-c.org/ns/1.0"><head n="4.4.">Ethical Considerations</head><p>We emphasize that the sensitive nature of our work necessitates that we use the publicly available Reddit dataset <ref type="bibr" target="#b16">(Haque et al., 2021)</ref> in a purely observational manner <ref type="bibr" target="#b3">(Broer, 2020)</ref>. We claim that the given dataset does not disclose the user's personal information or identity. We further acknowledge the trade-off between privacy of data and effectiveness of our work <ref type="bibr" target="#b13">(Eskisabel-Azpiazu et al., 2017)</ref>. We ensure that our CAMS corpus is shared selectively and is subject to IRB approval to avoid any misuse. Our dataset is susceptible to the biases and prejudices of annotators who were trained by experts. There will be no ethical issues or legal impact with this causal analysis of mental illness.</p></div>
<div xmlns="http://www.tei-c.org/ns/1.0"><head n="5.">Corpus Utility for Machine Learning</head><p>We include traditional multi-class classifiers trained on CAMS training dataset and evaluate it on the CAMS test data. We choose the following Recurrent Neural Network (RNN) architectures: Long Short Term Memory (LSTM) model, Convolution Neural Network (CNN), Gated Recurrent Unit (GRU), Bidirectional GRU/LSTM (Bi-GRU/Bi-LSTM) and other hybrid models. In this section, we discuss the experimental setup (5.1) and analyze the results (5.2).</p></div>
<div xmlns="http://www.tei-c.org/ns/1.0"><head n="5.1.">Experimental Setup</head><p>We use the existing re-annotated SDCNL dataset for experimental results and analysis. We clean the dataset, pre-process the posts and then use GloVe 3 word embedding with 100 dimensions trained on Wikipedia for each token. We further set up RNN architectures with default settings (lr = 0.001, β 1 = 0.9, β 2 = 0.999, ϵ = 1e − 08) for the batch-size of 256. The categorical Cross Entropy loss function and the ADAM optimizer are used to perform the back-propagation learning on 20 epochs. The number of samples for three classes of the existing SDCNL dataset ('Bias or abuse', 'Jobs and careers', and 'Medication') are very few in comparison to the other three classes. We add 120+120+120 samples from the crawled corpus, to help balance the number of instances across the classes. As a result, the number of 3 https://nlp.stanford.edu/projects/glove/ </p></div>
<div xmlns="http://www.tei-c.org/ns/1.0"><head n="5.2.">Results and Discussion</head><p>We use multi-class classifiers to find causal categories and obtain the results reported in </p></div>
<div xmlns="http://www.tei-c.org/ns/1.0"><head n="5.2.1.">Error Analysis</head><p>The accuracy of multi-class classification is found to be around 40% to 50%. We undertake a comprehensive error analysis to explore the intricacies of our task. 3. Semantic Parsing: In a multi-class classification task, as the length of posts varies over a wide range, one may choose to summarize every post before applying a classifier. Our experiments with YAKE <ref type="bibr" target="#b4">(Campos et al., 2020)</ref> for keyword extraction yielded results that are further deteriorated.</p><p>From this we determine that it is important to identify the causal interpretation from the full text in order to perform multi-class classification. A future avenue of research involves the exploration of discourse relations to identify segments that represent independent causes that underlie mental health disorders.</p></div>
<div xmlns="http://www.tei-c.org/ns/1.0"><head n="5.2.2.">Implications and Limitations</head><p>The CAMS dataset provides a means for exploring the identification of reasons behind mental health disorders of online users. The notion of causal categorization is defined and used to proactively identify cases where users are at potential risk of mental depression and suicidal tendencies. The results of this work may be employed to explore the impact of unemployment, low grades, etc. Our analysis may also be useful for the study of online behavior. A major limitation of the CAMS dataset is that the users may intentionally post their intent of mental disorder on social media, e.g., for deliberately making new friends. In this work, we have assumed that the data has no such biasing.</p></div>
<div xmlns="http://www.tei-c.org/ns/1.0"><head n="6.">Conclusion</head><p>This paper introduces the task of causal analysis to identify the reasons behind mental depression and suicidal tendencies (intent). We have introduced CAMS: a dataset of 5051 instances, to categorize the direct causes of mental disorders through mentions by users in their posts. We transcend the work of Level 0 studies, moving to the next level (Level 1) for causal analysis. Our work is the combined effort of experts in the field of Social Natural Language Processing (Social NLP), including a rehabilitation counselor and clinical psychologists (CPsych). We have further implemented machine learning and deep learning models for causal analysis and found that Logistic Regression and CNN+LSTM gives the best performance, respectively.</p><p>In the future, we plan to extend the problem of causal analysis of mental health detection on social media as a multi-task problem. Another major future challenge for this work is the generation of explanations for multi-class classification, by leveraging causal analysis within the CAMS framework.</p></div>
<div xmlns="http://www.tei-c.org/ns/1.0"><head n="7.">Acknowledgement</head><p>We acknowledge our three student annotators: Simran jeet Kaur, Astha Jain and Ritika Bhardwaj. We also acknowledge Amrith Krishna for his kind support and for proofreading this manuscript. Publication costs are funded by NSERC Discovery Grant (RGPIN-2017-05377), held by Vijay Mago, Department of Computer Science, Lakehead University, Canada.</p></div><figure xmlns="http://www.tei-c.org/ns/1.0" xml:id="fig_0"><head>Figure 1 :</head><label>1</label><figDesc>Figure 1: The intent-cause analysis of mental health on social media</figDesc></figure>
<figure xmlns="http://www.tei-c.org/ns/1.0" xml:id="fig_1"><head>Figure 2 :</head><label>2</label><figDesc>Figure 2: Architecture of the causal analysis for mental health in social media posts</figDesc></figure>
<figure xmlns="http://www.tei-c.org/ns/1.0" type="table" xml:id="tab_0"><head>Table 2 :</head><label>2</label><figDesc>God help me.... I know I should go to the hospital. I know I have to keep fighting....if only to prove to my children, cursed with these genetic tendencies of mine, that life is worth living. My scars and cynicism are just a little too hard for anyone who tries to stay around too long. job .. I cant stand living with my dad.. Im afraid to apply to any developer jobs or show my skills off to employers..I dont even have a car rn... I just feel like a failure. Then, on the way to the pub, a group of girls basically called me unattractive. Funny how girls are never shy about calling me ugly, but they're apparently too shy to "approach me". Sample of the CAMS dataset for causal analysis in the format of &lt; text, cause, inf erence &gt;</figDesc><table><row><cell>Medication</cell><cell>go to the hospital, scars</cell></row><row><cell></cell><cell>and cynicism, genetic</cell></row><row><cell></cell><cell>tendencies</cell></row></table></figure>
<figure xmlns="http://www.tei-c.org/ns/1.0" type="table" xml:id="tab_1"><head>Table 3 :</head><label>3</label><figDesc>Interpretation of resulting values of Fliess' Kappa agreement study<ref type="bibr" target="#b25">(McHugh, 2012)</ref>.guidelines are developed through collaborative efforts with a clinical psychologist and a rehabilitation counselor. Student annotators label posts with their causal inference and causal class. The latter are annotated as follows:1. No reason: When there is no reason that identifies the cause of mental disorder in the post. The general drugs and other antiviral drugs can increase the risk of depression. The habit of using substances and alcohols can aggravate the problem of mental disorders. Moreover, medical problems like tumors, cancer, and other prolonged diseases can boost the presence of mental depression.</figDesc><table><row><cell>Cy 1 : ["No one speak to me because I am fat</cell></row><row><cell>and ugly.", "It has been 5 years now when</cell></row><row><cell>that horrible incident of ragging shattered</cell></row><row><cell>down all my confidence".]</cell></row><row><cell>3. Jobs and careers: Financial loss can have catas-</cell></row><row><cell>trophic effects on mental illness, relationships</cell></row><row><cell>and even physical health. Poor, meaningless</cell></row><row><cell>and unmanageable education, unemployment, un-</cell></row><row><cell>affordable home loans, poor financial advice, and</cell></row><row><cell>losing a job are some of the major concerns. It in-</cell></row><row><cell>cludes gossiping and/or social cliques, aggressive</cell></row><row><cell>bullying behavior, poor communication and un-</cell></row><row><cell>clear expectations, dictatorial management tech-</cell></row><row><cell>niques that don't embrace employee feedback.</cell></row><row><cell>The educational problems like picking up courses</cell></row></table><note>Cy 0 : ["I just want to die", "Want to end my life".] 2. Bias or abuse: A strong inclination of the mind or a preconceived opinion about something or someone. To avoid someone intentionally, or to prevent someone from taking part in the social activities of a group because they dislike the person or disapprove of their activities. It includes body shaming, physical, sexual, or emotional abuse.Cy 3 : ["I am chain smoker, want to quit, but I cant. My life is mess", "tried hard to leave drugs but this dire craving is killing me.."] 5. Relationships: When two people or a group of people fight, it may lead to a relationship or friendship drifting apart, for example, regular fights, breakups, divorce, mistrust, jealousy, betrayal, difference in opinion, inconsistency, conflicts, bad company, non-commitment, priority, envy. Problems like bad parenting and childhood trauma are also part of this category.Cy 4 : ["Cannot deal with this breakup anymore", "He dumped me and its killing me"]</note></figure>
<figure xmlns="http://www.tei-c.org/ns/1.0" type="table" xml:id="tab_2"><head>Table 4 :</head><label>4</label><figDesc>Word length variation in posts across causal classes for each dataset.</figDesc><table><row><cell>Class</cell><cell cols="3">Crawled corpus</cell><cell cols="3">SDCNL Training data</cell><cell cols="3">SDCNL Test data</cell></row><row><cell></cell><cell cols="2">Min Max</cell><cell>Avg</cell><cell cols="2">Min Max</cell><cell>Avg</cell><cell cols="2">Min Max</cell><cell>Avg</cell></row><row><cell>No reason</cell><cell>1</cell><cell>508</cell><cell>59.78</cell><cell>1</cell><cell>1785</cell><cell>68.58</cell><cell>1</cell><cell>1562</cell><cell>84.85</cell></row><row><cell>Bias or Abuse</cell><cell>6</cell><cell cols="2">2109 347.48</cell><cell>5</cell><cell cols="2">4378 227.24</cell><cell>6</cell><cell>578</cell><cell>149.80</cell></row><row><cell>Jobs and career</cell><cell>13</cell><cell cols="2">2258 228.28</cell><cell>17</cell><cell cols="2">2771 255.70</cell><cell>20</cell><cell cols="2">1481 206.95</cell></row><row><cell>Medication</cell><cell>5</cell><cell cols="2">1552 213.83</cell><cell>3</cell><cell cols="2">3127 205.86</cell><cell>11</cell><cell cols="2">1124 165.60</cell></row><row><cell>Relationship</cell><cell>2</cell><cell cols="2">3877 229.35</cell><cell>14</cell><cell cols="2">2739 240.08</cell><cell>9</cell><cell>756</cell><cell>202.56</cell></row><row><cell>Alienation</cell><cell>3</cell><cell cols="2">1592 153.86</cell><cell>1</cell><cell>899</cell><cell>147.01</cell><cell>12</cell><cell>683</cell><cell>145.67</cell></row></table></figure>
<figure xmlns="http://www.tei-c.org/ns/1.0" type="table" xml:id="tab_4"><head>Table 5 :</head><label>5</label><figDesc>Sample distribution of the CAMS dataset for different causes where CC is Crawled Corpus, Train S is the Training data of SDCNL dataset, Test S is the Test data of SDCNL dataset, and CAMS column contains the total number of samples in the dataset for each cause.</figDesc><table /></figure>
<figure xmlns="http://www.tei-c.org/ns/1.0" type="table" xml:id="tab_5"><head></head><label></label><figDesc>We use these training data to build and validate the multi-class classifier. We test this classifier on the 379 sample test data and analyze the results. The evaluation metrics used for this task are F1-measure and Accuracy.</figDesc><table><row><cell></cell><cell>0</cell><cell>35</cell><cell>7</cell><cell>1</cell><cell>9</cell><cell>5</cell><cell>4</cell><cell>Cause: #Instances</cell></row><row><cell></cell><cell></cell><cell></cell><cell></cell><cell></cell><cell></cell><cell></cell><cell></cell><cell>0 (No reason): 70</cell></row><row><cell></cell><cell>1</cell><cell>4</cell><cell>13</cell><cell>2</cell><cell>2</cell><cell>9</cell><cell>5</cell><cell>1 (Bias and abuse): 35 2 (Jobs and career): 48</cell></row><row><cell>Actual Cause</cell><cell>2 3 4</cell><cell>1 7 3</cell><cell cols="2">4 5 18 16 30 6</cell><cell>5 23 8</cell><cell>3 2 37</cell><cell>5 0 9</cell><cell>3 (Medication): 43 4 (Relationship): 91 5 (Alienation): 92</cell></row><row><cell></cell><cell>5</cell><cell cols="3">13 14 14</cell><cell>9</cell><cell cols="2">11 31</cell></row><row><cell></cell><cell></cell><cell>0</cell><cell>1</cell><cell>2</cell><cell>3</cell><cell>4</cell><cell>5</cell></row><row><cell></cell><cell></cell><cell></cell><cell></cell><cell cols="3">Predicted Cause</cell><cell></cell></row><row><cell cols="9">Figure 3: Confusion matrix of CNN+LSTM model on</cell></row><row><cell cols="2">test data</cell><cell></cell><cell></cell><cell></cell><cell></cell><cell></cell><cell></cell></row><row><cell cols="9">training samples increases from 1517 to 1877.</cell></row></table></figure>
<figure xmlns="http://www.tei-c.org/ns/1.0" type="table" xml:id="tab_6"><head>Table 6 .</head><label>6</label><figDesc>We test our performance with both machine learning and deep learning approaches. The two top-performing machine learning algorithms are based on Logistic Regression and Support Vector Machine. Whereas the former outperforms all existing techniques, the latter shows comparative results with deep learning models. The hybrid model, CNN-LSTM, attains the best performance among all deep learning mechanisms with 47.78% accuracy. It is interesting to observe that the results are consistent for all the classifiers with few exceptions for classes Bias or abuse and Medication.</figDesc><table><row><cell>We fur-</cell></row></table></figure>
<figure xmlns="http://www.tei-c.org/ns/1.0" type="table" xml:id="tab_7"><head></head><label></label><figDesc>Cause classification error:We obtain the confusion matrix for CNN+LSTM as shown in Figure3. We highlight the cells with more than 40% incorrect predictions. The predictions for Alienation and Relationship are incorrect and overlap with Bias or Abuse and Medication. This is due to complex interactions, as illustrated in the following perceivable overlap between Bias or Abuse and Relationship:</figDesc><table><row><cell>Classifier</cell><cell cols="7">F1: C0 F1: C1 F1: C2 F1: C3 F1: C4 F1: C5 Accuracy</cell></row><row><cell>LR</cell><cell>0.63</cell><cell>0.28</cell><cell>0.54</cell><cell>0.46</cell><cell>0.46</cell><cell>0.53</cell><cell>0.5013</cell></row><row><cell>SVM</cell><cell>0.54</cell><cell>0.23</cell><cell>0.56</cell><cell>0.44</cell><cell>0.48</cell><cell>0.45</cell><cell>0.4670</cell></row><row><cell>LSTM</cell><cell>0.54</cell><cell>0.27</cell><cell>0.52</cell><cell>0.46</cell><cell>0.42</cell><cell>0.51</cell><cell>0.4595</cell></row><row><cell>CNN</cell><cell>0.56</cell><cell>0.27</cell><cell>0.51</cell><cell>0.42</cell><cell>0.46</cell><cell>0.38</cell><cell>0.4378</cell></row><row><cell>GRU</cell><cell>0.51</cell><cell>0.27</cell><cell>0.54</cell><cell>0.47</cell><cell>0.48</cell><cell>0.42</cell><cell>0.4541</cell></row><row><cell>Bi-LSTM</cell><cell>0.55</cell><cell>0.12</cell><cell>0.41</cell><cell>0.23</cell><cell>0.44</cell><cell>0.50</cell><cell>0.4351</cell></row><row><cell>Bi-GRU</cell><cell>0.57</cell><cell>0.14</cell><cell>0.55</cell><cell>0.46</cell><cell>0.49</cell><cell>0.39</cell><cell>0.4568</cell></row><row><cell>CNN+GRU</cell><cell>0.51</cell><cell>0.14</cell><cell>0.49</cell><cell>0.36</cell><cell>0.27</cell><cell>0.45</cell><cell>0.4027</cell></row><row><cell>CNN+LSTM</cell><cell>0.54</cell><cell>0.22</cell><cell>0.54</cell><cell>0.47</cell><cell>0.54</cell><cell>0.47</cell><cell>0.4778</cell></row><row><cell cols="8">Table 6: Experimental results with CAMS dataset. F1 is computed for all six causal classes: 'No reason' (C0),</cell></row><row><cell cols="8">'Bias or abuse' (C1), 'Jobs and careers' (C2), 'Medication' (C3), 'Relationship' (C4), 'Alienation' (C5).</cell></row><row><cell cols="4">the major challenge is to train the model in such</cell><cell></cell><cell></cell><cell></cell><cell></cell></row><row><cell cols="4">a way that it understands the inferences and then</cell><cell></cell><cell></cell><cell></cell><cell></cell></row><row><cell cols="4">chooses the most emphasized causal category us-</cell><cell></cell><cell></cell><cell></cell><cell></cell></row><row><cell cols="4">ing optimization techniques. We view this chal-</cell><cell></cell><cell></cell><cell></cell><cell></cell></row><row><cell cols="2">lenge as an open research direction.</cell><cell></cell><cell></cell><cell></cell><cell></cell><cell></cell><cell></cell></row><row><cell cols="4">2. Overlapping class: The overlapping problem</cell><cell></cell><cell></cell><cell></cell><cell></cell></row><row><cell cols="4">of classes is observed with ambiguous results</cell><cell></cell><cell></cell><cell></cell><cell></cell></row><row><cell cols="4">for samples, e.g., for Relationship and Alien-</cell><cell></cell><cell></cell><cell></cell><cell></cell></row><row><cell cols="4">ation. This class representation problems can</cell><cell></cell><cell></cell><cell></cell><cell></cell></row><row><cell cols="4">be resolved with data augmentation (Ansari et</cell><cell></cell><cell></cell><cell></cell><cell></cell></row><row><cell cols="4">al., 2021) and demarcation of boundaries among</cell><cell></cell><cell></cell><cell></cell><cell></cell></row><row><cell cols="4">classes. In a real-time scenario, demarcation of</cell><cell></cell><cell></cell><cell></cell><cell></cell></row><row><cell cols="4">fixed boundaries is not possible due to subjectiv-</cell><cell></cell><cell></cell><cell></cell><cell></cell></row><row><cell cols="4">ity of the task. We recommend the approxima-</cell><cell></cell><cell></cell><cell></cell><cell></cell></row><row><cell cols="4">tion of a newly built model over handcrafted /</cell><cell></cell><cell></cell><cell></cell><cell></cell></row><row><cell cols="4">automated features accordingly. Further, we ob-</cell><cell></cell><cell></cell><cell></cell><cell></cell></row><row><cell cols="4">tain low performance for class 1 ('Bias or abuse')</cell><cell></cell><cell></cell><cell></cell><cell></cell></row><row><cell cols="4">due to annotators' perceived overlap with classes</cell><cell></cell><cell></cell><cell></cell><cell></cell></row><row><cell cols="4">4 and 5 ('Relationship' and 'Alienation'). Future</cell><cell></cell><cell></cell><cell></cell><cell></cell></row><row><cell cols="4">work is needed to mitigate such uncertainty. For</cell><cell></cell><cell></cell><cell></cell><cell></cell></row><row><cell cols="4">example, delineation of discourses within the text</cell><cell></cell><cell></cell><cell></cell><cell></cell></row><row><cell cols="4">would support a more definitive interpretation and</cell><cell></cell><cell></cell><cell></cell><cell></cell></row><row><cell>reliable annotation.</cell><cell></cell><cell></cell><cell></cell><cell></cell><cell></cell><cell></cell><cell></cell></row><row><cell></cell><cell></cell><cell></cell><cell></cell><cell></cell><cell cols="3">Example 4: My friends are ignoring me and</cell></row><row><cell></cell><cell></cell><cell></cell><cell></cell><cell></cell><cell cols="3">I am feeling bad about it. I have lost all my</cell></row><row><cell></cell><cell></cell><cell></cell><cell></cell><cell></cell><cell>friends.</cell><cell></cell><cell></cell></row></table><note>1.Example 4 is associated with biasing and friendship, in a case where someone feels ostracized by their friends. The emphasis on friends tips the balance in favor of the class Relationship. However,</note></figure>
			<note xmlns="http://www.tei-c.org/ns/1.0" place="foot" n="2" xml:id="foot_0">We recognize 'medication' as both an indicator of physical/emotional illness (e.g., an intent to alleviate illness) and</note>
			<note xmlns="http://www.tei-c.org/ns/1.0" place="foot" n="2" xml:id="foot_1">. We leverage the existing SDCNL dataset comprised of 1, 896 posts: 1517 training samples</note>
			<note xmlns="http://www.tei-c.org/ns/1.0" place="foot" n="378" xml:id="foot_2">and 378 testing samples, assumed as the cleaned dataset.3. We combine these two corpora, introducing them as the CAMS dataset, which is further annotated by our trained student annotators.4. We consult mental health practitioners, a clinical psychologist and a rehabilitation counselor, to verify the combined dataset.</note>
		</body>
		<back>
			<div type="references">

				<listBibl>

<biblStruct xml:id="b0">
	<analytic>
		<title level="a" type="main">Detecting suicidal ideation on forums: proof-of-concept study</title>
		<author>
			<persName><forename type="first">A</forename><forename type="middle">E</forename><surname>References Aladag</surname></persName>
		</author>
		<author>
			<persName><forename type="first">S</forename><surname>Muderrisoglu</surname></persName>
		</author>
		<author>
			<persName><forename type="first">N</forename><forename type="middle">B</forename><surname>Akbas</surname></persName>
		</author>
		<author>
			<persName><forename type="first">O</forename><surname>Zahmacioglu</surname></persName>
		</author>
		<author>
			<persName><forename type="first">H</forename><forename type="middle">O</forename><surname>Bingol</surname></persName>
		</author>
	</analytic>
	<monogr>
		<title level="j">Journal of medical Internet research</title>
		<imprint>
			<biblScope unit="volume">20</biblScope>
			<biblScope unit="issue">6</biblScope>
			<biblScope unit="page">e215</biblScope>
			<date type="published" when="2018">2018</date>
		</imprint>
	</monogr>
	<note type="raw_reference">References Aladag, A. E., Muderrisoglu, S., Akbas, N. B., Zah- macioglu, O., and Bingol, H. O. (2018). Detecting suicidal ideation on forums: proof-of-concept study. Journal of medical Internet research, 20(6):e215.</note>
</biblStruct>

<biblStruct xml:id="b1">
	<monogr>
		<title level="m" type="main">Data augmentation for mental health classification on social media</title>
		<author>
			<persName><forename type="first">G</forename><surname>Ansari</surname></persName>
		</author>
		<author>
			<persName><forename type="first">M</forename><surname>Garg</surname></persName>
		</author>
		<author>
			<persName><forename type="first">C</forename><surname>Saxena</surname></persName>
		</author>
		<idno type="arXiv">arXiv:2112.10064</idno>
		<imprint>
			<date type="published" when="2021">2021</date>
		</imprint>
	</monogr>
	<note type="report_type">arXiv preprint</note>
	<note type="raw_reference">Ansari, G., Garg, M., and Saxena, C. (2021). Data augmentation for mental health classification on so- cial media. arXiv preprint arXiv:2112.10064.</note>
</biblStruct>

<biblStruct xml:id="b2">
	<monogr>
		<title level="m" type="main">Marital and family therapy for depression in adults</title>
		<author>
			<persName><forename type="first">S</forename><forename type="middle">R</forename><surname>Beach</surname></persName>
		</author>
		<author>
			<persName><forename type="first">D</forename><forename type="middle">J</forename><surname>Jones</surname></persName>
		</author>
		<imprint>
			<date type="published" when="2002">2002</date>
		</imprint>
	</monogr>
	<note type="raw_reference">Beach, S. R. and Jones, D. J. (2002). Marital and fam- ily therapy for depression in adults.</note>
</biblStruct>

<biblStruct xml:id="b3">
	<analytic>
		<title level="a" type="main">Technology for our future? exploring the duty to report and processes of subjectification relating to digitalized suicide prevention</title>
		<author>
			<persName><forename type="first">T</forename><surname>Broer</surname></persName>
		</author>
	</analytic>
	<monogr>
		<title level="j">Information</title>
		<imprint>
			<biblScope unit="volume">11</biblScope>
			<biblScope unit="issue">3</biblScope>
			<biblScope unit="page">170</biblScope>
			<date type="published" when="2020">2020</date>
		</imprint>
	</monogr>
	<note type="raw_reference">Broer, T. (2020). Technology for our future? exploring the duty to report and processes of subjectification relating to digitalized suicide prevention. Informa- tion, 11(3):170.</note>
</biblStruct>

<biblStruct xml:id="b4">
	<analytic>
		<title level="a" type="main">Yake! keyword extraction from single documents using multiple local features</title>
		<author>
			<persName><forename type="first">R</forename><surname>Campos</surname></persName>
		</author>
		<author>
			<persName><forename type="first">V</forename><surname>Mangaravite</surname></persName>
		</author>
		<author>
			<persName><forename type="first">A</forename><surname>Pasquali</surname></persName>
		</author>
		<author>
			<persName><forename type="first">A</forename><surname>Jorge</surname></persName>
		</author>
		<author>
			<persName><forename type="first">C</forename><surname>Nunes</surname></persName>
		</author>
		<author>
			<persName><forename type="first">A</forename><surname>Jatowt</surname></persName>
		</author>
	</analytic>
	<monogr>
		<title level="j">Information Sciences</title>
		<imprint>
			<biblScope unit="volume">509</biblScope>
			<biblScope unit="page" from="257" to="289" />
			<date type="published" when="2020">2020</date>
		</imprint>
	</monogr>
	<note type="raw_reference">Campos, R., Mangaravite, V., Pasquali, A., Jorge, A., Nunes, C., and Jatowt, A. (2020). Yake! keyword extraction from single documents using multiple lo- cal features. Information Sciences, 509:257-289.</note>
</biblStruct>

<biblStruct xml:id="b5">
	<monogr>
		<title level="m" type="main">Latent suicide risk detection on microblog via suicide-oriented word embeddings and layered attention</title>
		<author>
			<persName><forename type="first">L</forename><surname>Cao</surname></persName>
		</author>
		<author>
			<persName><forename type="first">H</forename><surname>Zhang</surname></persName>
		</author>
		<author>
			<persName><forename type="first">L</forename><surname>Feng</surname></persName>
		</author>
		<author>
			<persName><forename type="first">Z</forename><surname>Wei</surname></persName>
		</author>
		<author>
			<persName><forename type="first">X</forename><surname>Wang</surname></persName>
		</author>
		<author>
			<persName><forename type="first">N</forename><surname>Li</surname></persName>
		</author>
		<author>
			<persName><forename type="first">X</forename><surname>He</surname></persName>
		</author>
		<idno type="arXiv">arXiv:1910.12038</idno>
		<imprint>
			<date type="published" when="2019">2019</date>
		</imprint>
	</monogr>
	<note type="report_type">arXiv preprint</note>
	<note type="raw_reference">Cao, L., Zhang, H., Feng, L., Wei, Z., Wang, X., Li, N., and He, X. (2019). Latent suicide risk detection on microblog via suicide-oriented word embeddings and layered attention. arXiv preprint arXiv:1910.12038.</note>
</biblStruct>

<biblStruct xml:id="b6">
	<monogr>
		<title level="m" type="main">Building and using personal knowledge graph to improve suicidal ideation detection on social media</title>
		<author>
			<persName><forename type="first">L</forename><surname>Cao</surname></persName>
		</author>
		<author>
			<persName><forename type="first">H</forename><surname>Zhang</surname></persName>
		</author>
		<author>
			<persName><forename type="first">L</forename><surname>Feng</surname></persName>
		</author>
		<imprint>
			<date type="published" when="2020">2020</date>
			<publisher>IEEE Transactions on Multimedia</publisher>
		</imprint>
	</monogr>
	<note type="raw_reference">Cao, L., Zhang, H., and Feng, L. (2020). Building and using personal knowledge graph to improve suicidal ideation detection on social media. IEEE Transac- tions on Multimedia.</note>
</biblStruct>

<biblStruct xml:id="b7">
	<monogr>
		<title level="m" type="main">Causal understanding of fake news dissemination on social media</title>
		<author>
			<persName><forename type="first">L</forename><surname>Cheng</surname></persName>
		</author>
		<author>
			<persName><forename type="first">R</forename><surname>Guo</surname></persName>
		</author>
		<author>
			<persName><forename type="first">K</forename><surname>Shu</surname></persName>
		</author>
		<author>
			<persName><forename type="first">H</forename><surname>Liu</surname></persName>
		</author>
		<imprint>
			<date type="published" when="2021">2021</date>
		</imprint>
	</monogr>
	<note type="raw_reference">Cheng, L., Guo, R., Shu, K., and Liu, H. (2021). Causal understanding of fake news dissemination on social media.</note>
</biblStruct>

<biblStruct xml:id="b8">
	<analytic>
		<title level="a" type="main">Smhd: a largescale resource for exploring online language usage for multiple mental health conditions</title>
		<author>
			<persName><forename type="first">A</forename><surname>Cohan</surname></persName>
		</author>
		<author>
			<persName><forename type="first">B</forename><surname>Desmet</surname></persName>
		</author>
		<author>
			<persName><forename type="first">A</forename><surname>Yates</surname></persName>
		</author>
		<author>
			<persName><forename type="first">L</forename><surname>Soldaini</surname></persName>
		</author>
		<author>
			<persName><forename type="first">S</forename><surname>Macavaney</surname></persName>
		</author>
		<author>
			<persName><forename type="first">N</forename><surname>Goharian</surname></persName>
		</author>
	</analytic>
	<monogr>
		<title level="m">27th International Conference on Computational Linguistics</title>
				<imprint>
			<publisher>ACL</publisher>
			<date type="published" when="2018">2018</date>
			<biblScope unit="page" from="1485" to="1497" />
		</imprint>
	</monogr>
	<note type="raw_reference">Cohan, A., Desmet, B., Yates, A., Soldaini, L., MacA- vaney, S., and Goharian, N. (2018). Smhd: a large- scale resource for exploring online language usage for multiple mental health conditions. In 27th Inter- national Conference on Computational Linguistics, pages 1485-1497. ACL.</note>
</biblStruct>

<biblStruct xml:id="b9">
	<analytic>
		<title level="a" type="main">Xa-bilstm: A deep learning approach for depression detection in imbalanced data</title>
		<author>
			<persName><forename type="first">Q</forename><surname>Cong</surname></persName>
		</author>
		<author>
			<persName><forename type="first">Z</forename><surname>Feng</surname></persName>
		</author>
		<author>
			<persName><forename type="first">F</forename><surname>Li</surname></persName>
		</author>
		<author>
			<persName><forename type="first">Y</forename><surname>Xiang</surname></persName>
		</author>
		<author>
			<persName><forename type="first">G</forename><surname>Rao</surname></persName>
		</author>
		<author>
			<persName><forename type="first">C</forename><surname>Tao</surname></persName>
		</author>
	</analytic>
	<monogr>
		<title level="m">2018 IEEE International Conference on Bioinformatics and Biomedicine (BIBM)</title>
				<imprint>
			<publisher>IEEE</publisher>
			<date type="published" when="2018">2018</date>
			<biblScope unit="page" from="1624" to="1627" />
		</imprint>
	</monogr>
	<note type="raw_reference">Cong, Q., Feng, Z., Li, F., Xiang, Y., Rao, G., and Tao, C. (2018). Xa-bilstm: A deep learning ap- proach for depression detection in imbalanced data. In 2018 IEEE International Conference on Bioinfor- matics and Biomedicine (BIBM), pages 1624-1627. IEEE.</note>
</biblStruct>

<biblStruct xml:id="b10">
	<monogr>
		<title level="m" type="main">Social media, big data, and mental health: current advances and ethical implications. Current opinion in psychology</title>
		<author>
			<persName><forename type="first">M</forename><surname>Conway</surname></persName>
		</author>
		<author>
			<persName><forename type="first">D</forename><surname>O'connor</surname></persName>
		</author>
		<imprint>
			<date type="published" when="2016">2016</date>
			<biblScope unit="volume">9</biblScope>
			<biblScope unit="page" from="77" to="82" />
		</imprint>
	</monogr>
	<note type="raw_reference">Conway, M. and O&apos;Connor, D. (2016). Social media, big data, and mental health: current advances and ethical implications. Current opinion in psychology, 9:77-82.</note>
</biblStruct>

<biblStruct xml:id="b11">
	<monogr>
		<author>
			<persName><forename type="first">G</forename><surname>Coppersmith</surname></persName>
		</author>
		<author>
			<persName><forename type="first">M</forename><surname>Dredze</surname></persName>
		</author>
		<author>
			<persName><forename type="first">C</forename><surname>Harman</surname></persName>
		</author>
		<author>
			<persName><forename type="first">K</forename><surname>Hollingshead</surname></persName>
		</author>
		<author>
			<persName><forename type="first">M</forename><surname>Mitchell</surname></persName>
		</author>
		<title level="m">Proceedings of the 2nd Workshop on Computational Linguistics and Clinical Psychology: From Linguistic Signal to Clinical Reality</title>
				<meeting>the 2nd Workshop on Computational Linguistics and Clinical Psychology: From Linguistic Signal to Clinical Reality</meeting>
		<imprint>
			<date type="published" when="2015">2015</date>
			<biblScope unit="page" from="31" to="39" />
		</imprint>
	</monogr>
	<note>Clpsych 2015 shared task: Depression and ptsd on twitter</note>
	<note type="raw_reference">Coppersmith, G., Dredze, M., Harman, C., Holling- shead, K., and Mitchell, M. (2015). Clpsych 2015 shared task: Depression and ptsd on twitter. In Pro- ceedings of the 2nd Workshop on Computational Linguistics and Clinical Psychology: From Linguis- tic Signal to Clinical Reality, pages 31-39.</note>
</biblStruct>

<biblStruct xml:id="b12">
	<analytic>
		<title level="a" type="main">Predicting depression via social media</title>
		<author>
			<persName><forename type="first">M</forename><surname>De Choudhury</surname></persName>
		</author>
		<author>
			<persName><forename type="first">M</forename><surname>Gamon</surname></persName>
		</author>
		<author>
			<persName><forename type="first">S</forename><surname>Counts</surname></persName>
		</author>
		<author>
			<persName><forename type="first">E</forename><surname>Horvitz</surname></persName>
		</author>
	</analytic>
	<monogr>
		<title level="m">Seventh international AAAI conference on weblogs and social media</title>
				<imprint>
			<date type="published" when="2013">2013</date>
		</imprint>
	</monogr>
	<note type="raw_reference">De Choudhury, M., Gamon, M., Counts, S., and Horvitz, E. (2013). Predicting depression via social media. In Seventh international AAAI conference on weblogs and social media.</note>
</biblStruct>

<biblStruct xml:id="b13">
	<analytic>
		<title level="a" type="main">An ethical inquiry into youth suicide prevention using social media mining</title>
		<author>
			<persName><forename type="first">F</forename><surname>Edition</surname></persName>
		</author>
	</analytic>
	<monogr>
		<title level="m">Fleiss&apos; kappa statistic without paradoxes</title>
				<editor>
			<persName><forename type="first">R</forename><surname>Falotico</surname></persName>
		</editor>
		<editor>
			<persName><forename type="first">P</forename><surname>Quatto</surname></persName>
		</editor>
		<imprint>
			<date type="published" when="2013">2013. 2017. 2015</date>
			<biblScope unit="volume">21</biblScope>
			<biblScope unit="page" from="463" to="470" />
		</imprint>
	</monogr>
	<note>Quality &amp; Quantity</note>
	<note type="raw_reference">Edition, F. et al. (2013). Diagnostic and statistical manual of mental disorders. Am Psychiatric Assoc, 21. Eskisabel-Azpiazu, A., Cerezo-Menéndez, R., and Gayo-Avello, D. (2017). An ethical inquiry into youth suicide prevention using social media mining. Internet Research Ethics for the Social Age, 227. Falotico, R. and Quatto, P. (2015). Fleiss&apos; kappa statistic without paradoxes. Quality &amp; Quantity, 49(2):463-470.</note>
</biblStruct>

<biblStruct xml:id="b14">
	<monogr>
		<title level="m" type="main">Quantifying the suicidal tendency on social media: A survey</title>
		<author>
			<persName><forename type="first">M</forename><surname>Garg</surname></persName>
		</author>
		<idno type="arXiv">arXiv:2110.03663</idno>
		<imprint>
			<date type="published" when="2021">2021</date>
		</imprint>
	</monogr>
	<note type="report_type">arXiv preprint</note>
	<note type="raw_reference">Garg, M. (2021). Quantifying the suicidal ten- dency on social media: A survey. arXiv preprint arXiv:2110.03663.</note>
</biblStruct>

<biblStruct xml:id="b15">
	<analytic>
		<title level="a" type="main">Knowledge-aware assessment of severity of suicide risk for early intervention</title>
		<author>
			<persName><forename type="first">M</forename><surname>Gaur</surname></persName>
		</author>
		<author>
			<persName><forename type="first">A</forename><surname>Alambo</surname></persName>
		</author>
		<author>
			<persName><forename type="first">J</forename><forename type="middle">P</forename><surname>Sain</surname></persName>
		</author>
		<author>
			<persName><forename type="first">U</forename><surname>Kursuncu</surname></persName>
		</author>
		<author>
			<persName><forename type="first">K</forename><surname>Thirunarayan</surname></persName>
		</author>
		<author>
			<persName><forename type="first">R</forename><surname>Kavuluru</surname></persName>
		</author>
		<author>
			<persName><forename type="first">A</forename><surname>Sheth</surname></persName>
		</author>
		<author>
			<persName><forename type="first">R</forename><surname>Welton</surname></persName>
		</author>
		<author>
			<persName><forename type="first">J</forename><surname>Pathak</surname></persName>
		</author>
	</analytic>
	<monogr>
		<title level="m">The World Wide Web Conference</title>
				<imprint>
			<date type="published" when="2019">2019</date>
			<biblScope unit="page" from="514" to="525" />
		</imprint>
	</monogr>
	<note type="raw_reference">Gaur, M., Alambo, A., Sain, J. P., Kursuncu, U., Thirunarayan, K., Kavuluru, R., Sheth, A., Welton, R., and Pathak, J. (2019). Knowledge-aware assess- ment of severity of suicide risk for early intervention. In The World Wide Web Conference, pages 514-525.</note>
</biblStruct>

<biblStruct xml:id="b16">
	<monogr>
		<title level="m" type="main">Deep learning for suicide and depression identification with unsupervised label correction</title>
		<author>
			<persName><forename type="first">A</forename><surname>Haque</surname></persName>
		</author>
		<author>
			<persName><forename type="first">V</forename><surname>Reddi</surname></persName>
		</author>
		<author>
			<persName><forename type="first">T</forename><surname>Giallanza</surname></persName>
		</author>
		<idno type="arXiv">arXiv:2102.09427</idno>
		<imprint>
			<date type="published" when="2021">2021</date>
		</imprint>
	</monogr>
	<note type="report_type">arXiv preprint</note>
	<note type="raw_reference">Haque, A., Reddi, V., and Giallanza, T. (2021). Deep learning for suicide and depression identification with unsupervised label correction. arXiv preprint arXiv:2102.09427.</note>
</biblStruct>

<biblStruct xml:id="b17">
	<analytic>
		<title level="a" type="main">Supervised learning for suicidal ideation detection in online user content</title>
		<author>
			<persName><forename type="first">S</forename><surname>Ji</surname></persName>
		</author>
		<author>
			<persName><forename type="first">C</forename><forename type="middle">P</forename><surname>Yu</surname></persName>
		</author>
		<author>
			<persName><forename type="first">S.-F</forename><surname>Fung</surname></persName>
		</author>
		<author>
			<persName><forename type="first">S</forename><surname>Pan</surname></persName>
		</author>
		<author>
			<persName><forename type="first">G</forename><surname>Long</surname></persName>
		</author>
	</analytic>
	<monogr>
		<title level="j">Complexity</title>
		<imprint>
			<date type="published" when="2018">2018. 2018</date>
		</imprint>
	</monogr>
	<note type="raw_reference">Ji, S., Yu, C. P., Fung, S.-f., Pan, S., and Long, G. (2018). Supervised learning for suicidal ideation de- tection in online user content. Complexity, 2018.</note>
</biblStruct>

<biblStruct xml:id="b18">
	<analytic>
		<title level="a" type="main">The three-step theory of suicide: Description, evidence, and some useful points of clarification</title>
		<author>
			<persName><forename type="first">E</forename><forename type="middle">D</forename><surname>Klonsky</surname></persName>
		</author>
		<author>
			<persName><forename type="first">M</forename><forename type="middle">C</forename><surname>Pachkowski</surname></persName>
		</author>
		<author>
			<persName><forename type="first">A</forename><surname>Shahnaz</surname></persName>
		</author>
		<author>
			<persName><forename type="first">A</forename><forename type="middle">M</forename><surname>May</surname></persName>
		</author>
	</analytic>
	<monogr>
		<title level="j">Preventive medicine</title>
		<imprint>
			<biblScope unit="volume">152</biblScope>
			<biblScope unit="page">106549</biblScope>
			<date type="published" when="2021">2021</date>
		</imprint>
	</monogr>
	<note type="raw_reference">Klonsky, E. D., Pachkowski, M. C., Shahnaz, A., and May, A. M. (2021). The three-step theory of sui- cide: Description, evidence, and some useful points of clarification. Preventive medicine, 152:106549.</note>
</biblStruct>

<biblStruct xml:id="b19">
	<analytic>
		<title level="a" type="main">Detecting stress based on social interactions in social networks</title>
		<author>
			<persName><forename type="first">H</forename><surname>Lin</surname></persName>
		</author>
		<author>
			<persName><forename type="first">J</forename><surname>Jia</surname></persName>
		</author>
		<author>
			<persName><forename type="first">J</forename><surname>Qiu</surname></persName>
		</author>
		<author>
			<persName><forename type="first">Y</forename><surname>Zhang</surname></persName>
		</author>
		<author>
			<persName><forename type="first">G</forename><surname>Shen</surname></persName>
		</author>
		<author>
			<persName><forename type="first">L</forename><surname>Xie</surname></persName>
		</author>
		<author>
			<persName><forename type="first">J</forename><surname>Tang</surname></persName>
		</author>
		<author>
			<persName><forename type="first">L</forename><surname>Feng</surname></persName>
		</author>
		<author>
			<persName><forename type="first">T.-S</forename><surname>Chua</surname></persName>
		</author>
	</analytic>
	<monogr>
		<title level="j">IEEE Transactions on Knowledge and Data Engineering</title>
		<imprint>
			<biblScope unit="volume">29</biblScope>
			<biblScope unit="issue">9</biblScope>
			<biblScope unit="page" from="1820" to="1833" />
			<date type="published" when="2017">2017</date>
		</imprint>
	</monogr>
	<note type="raw_reference">Lin, H., Jia, J., Qiu, J., Zhang, Y., Shen, G., Xie, L., Tang, J., Feng, L., and Chua, T.-S. (2017). Detect- ing stress based on social interactions in social net- works. IEEE Transactions on Knowledge and Data Engineering, 29(9):1820-1833.</note>
</biblStruct>

<biblStruct xml:id="b20">
	<analytic>
		<title level="a" type="main">Overview of erisk: early risk prediction on the internet</title>
		<author>
			<persName><forename type="first">D</forename><forename type="middle">E</forename><surname>Losada</surname></persName>
		</author>
		<author>
			<persName><forename type="first">F</forename><surname>Crestani</surname></persName>
		</author>
		<author>
			<persName><forename type="first">J</forename><surname>Parapar</surname></persName>
		</author>
	</analytic>
	<monogr>
		<title level="m">International conference of the crosslanguage evaluation forum for european languages</title>
				<imprint>
			<publisher>Springer</publisher>
			<date type="published" when="2018">2018</date>
			<biblScope unit="page" from="343" to="361" />
		</imprint>
	</monogr>
	<note type="raw_reference">Losada, D. E., Crestani, F., and Parapar, J. (2018). Overview of erisk: early risk prediction on the in- ternet. In International conference of the cross- language evaluation forum for european languages, pages 343-361. Springer.</note>
</biblStruct>

<biblStruct xml:id="b21">
	<analytic>
		<title level="a" type="main">Job loss and depression: The role of subjective expectations</title>
		<author>
			<persName><forename type="first">B</forename><surname>Mandal</surname></persName>
		</author>
		<author>
			<persName><forename type="first">P</forename><surname>Ayyagari</surname></persName>
		</author>
		<author>
			<persName><forename type="first">W</forename><forename type="middle">T</forename><surname>Gallo</surname></persName>
		</author>
	</analytic>
	<monogr>
		<title level="j">Social Science &amp; Medicine</title>
		<imprint>
			<biblScope unit="volume">72</biblScope>
			<biblScope unit="issue">4</biblScope>
			<biblScope unit="page" from="576" to="583" />
			<date type="published" when="2011">2011</date>
		</imprint>
	</monogr>
	<note type="raw_reference">Mandal, B., Ayyagari, P., and Gallo, W. T. (2011). Job loss and depression: The role of subjective expecta- tions. Social Science &amp; Medicine, 72(4):576-583.</note>
</biblStruct>

<biblStruct xml:id="b22">
	<analytic>
		<title level="a" type="main">Suicide ideation of individuals in online social networks</title>
		<author>
			<persName><forename type="first">N</forename><surname>Masuda</surname></persName>
		</author>
		<author>
			<persName><forename type="first">I</forename><surname>Kurahashi</surname></persName>
		</author>
		<author>
			<persName><forename type="first">H</forename><surname>Onari</surname></persName>
		</author>
	</analytic>
	<monogr>
		<title level="j">PloS one</title>
		<imprint>
			<biblScope unit="volume">8</biblScope>
			<biblScope unit="issue">4</biblScope>
			<biblScope unit="page">e62262</biblScope>
			<date type="published" when="2013">2013</date>
		</imprint>
	</monogr>
	<note type="raw_reference">Masuda, N., Kurahashi, I., and Onari, H. (2013). Suicide ideation of individuals in online social net- works. PloS one, 8(4):e62262.</note>
</biblStruct>

<biblStruct xml:id="b23">
	<analytic>
		<title level="a" type="main">From stance to concern: Adaptation of propositional analysis to new tasks and domains</title>
		<author>
			<persName><forename type="first">B</forename><surname>Mather</surname></persName>
		</author>
		<author>
			<persName><forename type="first">B</forename><forename type="middle">J</forename><surname>Dorr</surname></persName>
		</author>
		<author>
			<persName><forename type="first">A</forename><surname>Dalton</surname></persName>
		</author>
		<author>
			<persName><forename type="first">W</forename><surname>De Beaumont</surname></persName>
		</author>
		<author>
			<persName><forename type="first">O</forename><surname>Rambow</surname></persName>
		</author>
		<author>
			<persName><forename type="first">S</forename><forename type="middle">M</forename><surname>Schmer-Galunder</surname></persName>
		</author>
	</analytic>
	<monogr>
		<title level="m">Findings of the Association for Computational Linguistics: Human Language Technologies</title>
				<meeting><address><addrLine>Dublin, Ireland</addrLine></address></meeting>
		<imprint>
			<date type="published" when="2022-05">2022. May</date>
		</imprint>
	</monogr>
	<note type="raw_reference">Mather, B., Dorr, B. J., Dalton, A., de Beaumont, W., Rambow, O., and Schmer-Galunder, S. M. (2022). From stance to concern: Adaptation of propositional analysis to new tasks and domains. In Findings of the Association for Computational Linguistics: Hu- man Language Technologies, Dublin, Ireland, May.</note>
</biblStruct>

<biblStruct xml:id="b24">
	<analytic>
		<title level="a" type="main">Psychological distress and loneliness reported by us adults</title>
		<author>
			<persName><forename type="first">E</forename><forename type="middle">E</forename><surname>Mcginty</surname></persName>
		</author>
		<author>
			<persName><forename type="first">R</forename><surname>Presskreischer</surname></persName>
		</author>
		<author>
			<persName><forename type="first">H</forename><surname>Han</surname></persName>
		</author>
		<author>
			<persName><forename type="first">C</forename><forename type="middle">L</forename><surname>Barry</surname></persName>
		</author>
	</analytic>
	<monogr>
		<title level="j">Jama</title>
		<imprint>
			<biblScope unit="volume">324</biblScope>
			<biblScope unit="issue">1</biblScope>
			<biblScope unit="page" from="93" to="94" />
			<date type="published" when="2018-04">2020. 2018 and april 2020</date>
		</imprint>
	</monogr>
	<note type="raw_reference">McGinty, E. E., Presskreischer, R., Han, H., and Barry, C. L. (2020). Psychological distress and loneliness reported by us adults in 2018 and april 2020. Jama, 324(1):93-94.</note>
</biblStruct>

<biblStruct xml:id="b25">
	<analytic>
		<title level="a" type="main">Interrater reliability: the kappa statistic</title>
		<author>
			<persName><forename type="first">M</forename><forename type="middle">L</forename><surname>Mchugh</surname></persName>
		</author>
	</analytic>
	<monogr>
		<title level="j">Biochemia medica</title>
		<imprint>
			<biblScope unit="volume">22</biblScope>
			<biblScope unit="issue">3</biblScope>
			<biblScope unit="page" from="276" to="282" />
			<date type="published" when="2012">2012</date>
		</imprint>
	</monogr>
	<note type="raw_reference">McHugh, M. L. (2012). Interrater reliability: the kappa statistic. Biochemia medica, 22(3):276-282.</note>
</biblStruct>

<biblStruct xml:id="b26">
	<analytic>
		<title level="a" type="main">Dual attention networks for multimodal reasoning and matching</title>
		<author>
			<persName><forename type="first">H</forename><surname>Nam</surname></persName>
		</author>
		<author>
			<persName><forename type="first">J.-W</forename><surname>Ha</surname></persName>
		</author>
		<author>
			<persName><forename type="first">J</forename><surname>Kim</surname></persName>
		</author>
	</analytic>
	<monogr>
		<title level="m">Proceedings of the IEEE conference on computer vision and pattern recognition</title>
				<meeting>the IEEE conference on computer vision and pattern recognition</meeting>
		<imprint>
			<date type="published" when="2017">2017</date>
			<biblScope unit="page" from="299" to="307" />
		</imprint>
	</monogr>
	<note type="raw_reference">Nam, H., Ha, J.-W., and Kim, J. (2017). Dual attention networks for multimodal reasoning and matching. In Proceedings of the IEEE conference on computer vi- sion and pattern recognition, pages 299-307.</note>
</biblStruct>

<biblStruct xml:id="b27">
	<analytic>
		<title level="a" type="main">Mental health before and during the covid-19 pandemic: a longitudinal probability sample survey of the uk population</title>
		<author>
			<persName><forename type="first">M</forename><surname>Pierce</surname></persName>
		</author>
		<author>
			<persName><forename type="first">H</forename><surname>Hope</surname></persName>
		</author>
		<author>
			<persName><forename type="first">T</forename><surname>Ford</surname></persName>
		</author>
		<author>
			<persName><forename type="first">S</forename><surname>Hatch</surname></persName>
		</author>
		<author>
			<persName><forename type="first">M</forename><surname>Hotopf</surname></persName>
		</author>
		<author>
			<persName><forename type="first">A</forename><surname>John</surname></persName>
		</author>
		<author>
			<persName><forename type="first">E</forename><surname>Kontopantelis</surname></persName>
		</author>
		<author>
			<persName><forename type="first">R</forename><surname>Webb</surname></persName>
		</author>
		<author>
			<persName><forename type="first">S</forename><surname>Wessely</surname></persName>
		</author>
		<author>
			<persName><forename type="first">S</forename><surname>Mcmanus</surname></persName>
		</author>
	</analytic>
	<monogr>
		<title level="j">The Lancet Psychiatry</title>
		<imprint>
			<biblScope unit="volume">7</biblScope>
			<biblScope unit="issue">10</biblScope>
			<biblScope unit="page" from="883" to="892" />
			<date type="published" when="2020">2020</date>
		</imprint>
	</monogr>
	<note type="raw_reference">Pierce, M., Hope, H., Ford, T., Hatch, S., Hotopf, M., John, A., Kontopantelis, E., Webb, R., Wessely, S., McManus, S., et al. (2020). Mental health before and during the covid-19 pandemic: a longitudinal probability sample survey of the uk population. The Lancet Psychiatry, 7(10):883-892.</note>
</biblStruct>

<biblStruct xml:id="b28">
	<analytic>
		<title level="a" type="main">Identifying depression on reddit: The effect of training data</title>
		<author>
			<persName><forename type="first">I</forename><surname>Pirina</surname></persName>
		</author>
		<author>
			<persName><forename type="first">C</forename><forename type="middle">¸</forename><surname>¸öltekin</surname></persName>
		</author>
	</analytic>
	<monogr>
		<title level="m">Proceedings of the 2018 EMNLP Workshop SMM4H: The 3rd Social Media Mining for Health Applications Workshop &amp; Shared Task</title>
				<meeting>the 2018 EMNLP Workshop SMM4H: The 3rd Social Media Mining for Health Applications Workshop &amp; Shared Task</meeting>
		<imprint>
			<date type="published" when="2018">2018</date>
			<biblScope unit="page" from="9" to="12" />
		</imprint>
	</monogr>
	<note type="raw_reference">Pirina, I. and C ¸öltekin, C ¸. (2018). Identifying depres- sion on reddit: The effect of training data. In Pro- ceedings of the 2018 EMNLP Workshop SMM4H: The 3rd Social Media Mining for Health Applica- tions Workshop &amp; Shared Task, pages 9-12.</note>
</biblStruct>

<biblStruct xml:id="b29">
	<monogr>
		<title level="m" type="main">The impact of different types of abuse on depression</title>
		<author>
			<persName><forename type="first">M</forename><forename type="middle">L</forename><surname>Radell</surname></persName>
		</author>
		<author>
			<persName><forename type="first">E</forename><forename type="middle">G</forename><surname>Abo Hamza</surname></persName>
		</author>
		<author>
			<persName><forename type="first">W</forename><forename type="middle">H</forename><surname>Daghustani</surname></persName>
		</author>
		<author>
			<persName><forename type="first">A</forename><surname>Perveen</surname></persName>
		</author>
		<author>
			<persName><forename type="first">A</forename><forename type="middle">A</forename><surname>Moustafa</surname></persName>
		</author>
		<imprint>
			<date type="published" when="2021">2021. 2021</date>
			<publisher>Depression research and treatment</publisher>
		</imprint>
	</monogr>
	<note type="raw_reference">Radell, M. L., Abo Hamza, E. G., Daghustani, W. H., Perveen, A., and Moustafa, A. A. (2021). The im- pact of different types of abuse on depression. De- pression research and treatment, 2021.</note>
</biblStruct>

<biblStruct xml:id="b30">
	<analytic>
		<title level="a" type="main">Phase: Learning emotional phase-aware representations for suicide ideation detection on social media</title>
		<author>
			<persName><forename type="first">R</forename><surname>Sawhney</surname></persName>
		</author>
		<author>
			<persName><forename type="first">H</forename><surname>Joshi</surname></persName>
		</author>
		<author>
			<persName><forename type="first">L</forename><surname>Flek</surname></persName>
		</author>
		<author>
			<persName><forename type="first">R</forename><surname>Shah</surname></persName>
		</author>
	</analytic>
	<monogr>
		<title level="m">Proceedings of the 16th Conference of the European Chapter</title>
				<meeting>the 16th Conference of the European Chapter</meeting>
		<imprint>
			<publisher>Main Volume</publisher>
			<date type="published" when="2021">2021</date>
			<biblScope unit="page" from="2415" to="2428" />
		</imprint>
	</monogr>
	<note type="raw_reference">Sawhney, R., Joshi, H., Flek, L., and Shah, R. (2021). Phase: Learning emotional phase-aware representa- tions for suicide ideation detection on social media. In Proceedings of the 16th Conference of the Euro- pean Chapter of the Association for Computational Linguistics: Main Volume, pages 2415-2428.</note>
</biblStruct>

<biblStruct xml:id="b31">
	<analytic>
		<title level="a" type="main">A hybridized feature extraction approach to suicidal ideation detection from social media post</title>
		<author>
			<persName><forename type="first">F</forename><forename type="middle">M</forename><surname>Shah</surname></persName>
		</author>
		<author>
			<persName><forename type="first">F</forename><surname>Haque</surname></persName>
		</author>
		<author>
			<persName><forename type="first">R</forename><forename type="middle">U</forename><surname>Nur</surname></persName>
		</author>
		<author>
			<persName><forename type="first">S</forename><surname>Al Jahan</surname></persName>
		</author>
		<author>
			<persName><forename type="first">Z</forename><surname>Mamud</surname></persName>
		</author>
	</analytic>
	<monogr>
		<title level="m">2020 IEEE Region 10 Symposium (TENSYMP)</title>
				<imprint>
			<publisher>IEEE</publisher>
			<date type="published" when="2020">2020</date>
			<biblScope unit="page" from="985" to="988" />
		</imprint>
	</monogr>
	<note type="raw_reference">Shah, F. M., Haque, F., Nur, R. U., Al Jahan, S., and Mamud, Z. (2020). A hybridized feature extraction approach to suicidal ideation detection from social media post. In 2020 IEEE Region 10 Symposium (TENSYMP), pages 985-988. IEEE.</note>
</biblStruct>

<biblStruct xml:id="b32">
	<analytic>
		<title level="a" type="main">Depression detection via harvesting social media: A multimodal dictionary learning solution</title>
		<author>
			<persName><forename type="first">G</forename><surname>Shen</surname></persName>
		</author>
		<author>
			<persName><forename type="first">J</forename><surname>Jia</surname></persName>
		</author>
		<author>
			<persName><forename type="first">L</forename><surname>Nie</surname></persName>
		</author>
		<author>
			<persName><forename type="first">F</forename><surname>Feng</surname></persName>
		</author>
		<author>
			<persName><forename type="first">C</forename><surname>Zhang</surname></persName>
		</author>
		<author>
			<persName><forename type="first">T</forename><surname>Hu</surname></persName>
		</author>
		<author>
			<persName><forename type="first">T.-S</forename><surname>Chua</surname></persName>
		</author>
		<author>
			<persName><forename type="first">W</forename><surname>Zhu</surname></persName>
		</author>
	</analytic>
	<monogr>
		<title level="m">IJCAI</title>
				<imprint>
			<date type="published" when="2017">2017</date>
			<biblScope unit="page" from="3838" to="3844" />
		</imprint>
	</monogr>
	<note type="raw_reference">Shen, G., Jia, J., Nie, L., Feng, F., Zhang, C., Hu, T., Chua, T.-S., and Zhu, W. (2017). Depression de- tection via harvesting social media: A multimodal dictionary learning solution. In IJCAI, pages 3838- 3844.</note>
</biblStruct>

<biblStruct xml:id="b33">
	<analytic>
		<title level="a" type="main">A prioritization model for suicidality risk assessment</title>
		<author>
			<persName><forename type="first">H.-C</forename><surname>Shing</surname></persName>
		</author>
		<author>
			<persName><forename type="first">P</forename><surname>Resnik</surname></persName>
		</author>
		<author>
			<persName><forename type="first">D</forename><forename type="middle">W</forename><surname>Oard</surname></persName>
		</author>
	</analytic>
	<monogr>
		<title level="m">Proceedings of the 58th Annual Meeting of the Association for Computational Linguistics</title>
				<meeting>the 58th Annual Meeting of the Association for Computational Linguistics</meeting>
		<imprint>
			<date type="published" when="2020">2020</date>
			<biblScope unit="page" from="8124" to="8137" />
		</imprint>
	</monogr>
	<note type="raw_reference">Shing, H.-C., Resnik, P., and Oard, D. W. (2020). A prioritization model for suicidality risk assessment. In Proceedings of the 58th Annual Meeting of the Association for Computational Linguistics, pages 8124-8137.</note>
</biblStruct>

<biblStruct xml:id="b34">
	<analytic>
		<title level="a" type="main">Depression in cancer patients: Pathogenesis, implications and treatment</title>
		<author>
			<persName><forename type="first">H</forename><forename type="middle">R</forename><surname>Smith</surname></persName>
		</author>
	</analytic>
	<monogr>
		<title level="j">Oncology letters</title>
		<imprint>
			<biblScope unit="volume">9</biblScope>
			<biblScope unit="issue">4</biblScope>
			<biblScope unit="page" from="1509" to="1514" />
			<date type="published" when="2015">2015</date>
		</imprint>
	</monogr>
	<note type="raw_reference">Smith, H. R. (2015). Depression in cancer patients: Pathogenesis, implications and treatment. Oncology letters, 9(4):1509-1514.</note>
</biblStruct>

<biblStruct xml:id="b35">
	<monogr>
		<author>
			<persName><forename type="first">Y</forename><surname>Son</surname></persName>
		</author>
		<author>
			<persName><forename type="first">N</forename><surname>Bayas</surname></persName>
		</author>
		<author>
			<persName><forename type="first">H</forename><forename type="middle">A</forename><surname>Schwartz</surname></persName>
		</author>
		<idno type="arXiv">arXiv:1809.01202</idno>
		<title level="m">Causal explanation analysis on social media</title>
				<imprint>
			<date type="published" when="2018">2018</date>
		</imprint>
	</monogr>
	<note type="report_type">arXiv preprint</note>
	<note type="raw_reference">Son, Y., Bayas, N., and Schwartz, H. A. (2018). Causal explanation analysis on social media. arXiv preprint arXiv:1809.01202.</note>
</biblStruct>

<biblStruct xml:id="b36">
	<monogr>
		<title level="m" type="main">Depression among patients with hiv/aids: research development and effective interventions (gapresearch). International journal of environmental research and public health</title>
		<author>
			<persName><forename type="first">B</forename><forename type="middle">X</forename><surname>Tran</surname></persName>
		</author>
		<author>
			<persName><forename type="first">R</forename><surname>Ho</surname></persName>
		</author>
		<author>
			<persName><forename type="first">C</forename><forename type="middle">S</forename><surname>Ho</surname></persName>
		</author>
		<author>
			<persName><forename type="first">C</forename><forename type="middle">A</forename><surname>Latkin</surname></persName>
		</author>
		<author>
			<persName><forename type="first">H</forename><forename type="middle">T</forename><surname>Phan</surname></persName>
		</author>
		<author>
			<persName><forename type="first">G</forename><forename type="middle">H</forename><surname>Ha</surname></persName>
		</author>
		<author>
			<persName><forename type="first">G</forename><forename type="middle">T</forename><surname>Vu</surname></persName>
		</author>
		<author>
			<persName><forename type="first">J</forename><surname>Ying</surname></persName>
		</author>
		<author>
			<persName><forename type="first">M</forename><forename type="middle">W</forename><surname>Zhang</surname></persName>
		</author>
		<imprint>
			<date type="published" when="2019">2019</date>
			<biblScope unit="volume">16</biblScope>
			<biblScope unit="page">1772</biblScope>
		</imprint>
	</monogr>
	<note type="raw_reference">Tran, B. X., Ho, R., Ho, C. S., Latkin, C. A., Phan, H. T., Ha, G. H., Vu, G. T., Ying, J., and Zhang, M. W. (2019). Depression among pa- tients with hiv/aids: research development and effec- tive interventions (gapresearch). International jour- nal of environmental research and public health, 16(10):1772.</note>
</biblStruct>

<biblStruct xml:id="b37">
	<monogr>
		<title level="m" type="main">Dreaddit: A reddit dataset for stress analysis in social media</title>
		<author>
			<persName><forename type="first">E</forename><surname>Turcan</surname></persName>
		</author>
		<author>
			<persName><forename type="first">K</forename><surname>Mckeown</surname></persName>
		</author>
		<idno type="arXiv">arXiv:1911.00133</idno>
		<imprint>
			<date type="published" when="2019">2019</date>
		</imprint>
	</monogr>
	<note type="report_type">arXiv preprint</note>
	<note type="raw_reference">Turcan, E. and McKeown, K. (2019). Dreaddit: A red- dit dataset for stress analysis in social media. arXiv preprint arXiv:1911.00133.</note>
</biblStruct>

<biblStruct xml:id="b38">
	<monogr>
		<title level="m" type="main">Depression and self-harm risk assessment in online forums</title>
		<author>
			<persName><forename type="first">A</forename><surname>Yates</surname></persName>
		</author>
		<author>
			<persName><forename type="first">A</forename><surname>Cohan</surname></persName>
		</author>
		<author>
			<persName><forename type="first">N</forename><surname>Goharian</surname></persName>
		</author>
		<idno type="arXiv">arXiv:1709.01848</idno>
		<imprint>
			<date type="published" when="2017">2017</date>
		</imprint>
	</monogr>
	<note type="report_type">arXiv preprint</note>
	<note type="raw_reference">Yates, A., Cohan, A., and Goharian, N. (2017). De- pression and self-harm risk assessment in online fo- rums. arXiv preprint arXiv:1709.01848.</note>
</biblStruct>

				</listBibl>
			</div>
		</back>
	</text>
</TEI>
