<?xml version="1.0" encoding="UTF-8"?>
<TEI xml:space="preserve" xmlns="http://www.tei-c.org/ns/1.0" 
xmlns:xsi="http://www.w3.org/2001/XMLSchema-instance" 
xsi:schemaLocation="http://www.tei-c.org/ns/1.0 https://raw.githubusercontent.com/kermitt2/grobid/master/grobid-home/schemas/xsd/Grobid.xsd"
 xmlns:xlink="http://www.w3.org/1999/xlink">
	<teiHeader xml:lang="en">
		<fileDesc>
			<titleStmt>
				<title level="a" type="main">RuPAWS: A Russian Adversarial Dataset for Paraphrase Identification</title>
			</titleStmt>
			<publicationStmt>
				<publisher/>
				<availability status="unknown"><licence/></availability>
			</publicationStmt>
			<sourceDesc>
				<biblStruct>
					<analytic>
						<author>
							<persName><forename type="first">Nikita</forename><surname>Martynov</surname></persName>
							<affiliation key="aff0">
								<orgName type="institution">MTS AI</orgName>
								<address>
									<settlement>Moscow</settlement>
									<country key="RU">Russia</country>
								</address>
							</affiliation>
						</author>
						<author>
							<persName><forename type="first">Irina</forename><surname>Krotova</surname></persName>
							<email>ivkroto2@mts.ru</email>
							<affiliation key="aff0">
								<orgName type="institution">MTS AI</orgName>
								<address>
									<settlement>Moscow</settlement>
									<country key="RU">Russia</country>
								</address>
							</affiliation>
						</author>
						<author>
							<persName><forename type="first">Varvara</forename><surname>Logacheva</surname></persName>
							<email>v.logacheva@skoltech.ru</email>
							<affiliation key="aff1">
								<orgName type="institution">Skolkovo Institute of Science and Technology</orgName>
								<address>
									<settlement>Moscow</settlement>
									<country key="RU">Russia</country>
								</address>
							</affiliation>
						</author>
						<author>
							<persName><forename type="first">Alexander</forename><surname>Panchenko</surname></persName>
							<email>a.panchenko@skoltech.ru</email>
							<affiliation key="aff1">
								<orgName type="institution">Skolkovo Institute of Science and Technology</orgName>
								<address>
									<settlement>Moscow</settlement>
									<country key="RU">Russia</country>
								</address>
							</affiliation>
						</author>
						<author>
							<persName><forename type="first">Olga</forename><surname>Kozlova</surname></persName>
							<email>oskozlo9@mts.ru</email>
							<affiliation key="aff0">
								<orgName type="institution">MTS AI</orgName>
								<address>
									<settlement>Moscow</settlement>
									<country key="RU">Russia</country>
								</address>
							</affiliation>
						</author>
						<author>
							<persName><forename type="first">Nikita</forename><surname>Semenov</surname></persName>
							<email>nikita.semenov@mts.ru</email>
							<affiliation key="aff0">
								<orgName type="institution">MTS AI</orgName>
								<address>
									<settlement>Moscow</settlement>
									<country key="RU">Russia</country>
								</address>
							</affiliation>
						</author>
						<title level="a" type="main">RuPAWS: A Russian Adversarial Dataset for Paraphrase Identification</title>
					</analytic>
					<monogr>
						<imprint>
							<date/>
						</imprint>
					</monogr>
					<idno type="MD5">3E4059B0831A549FA91954BDE4C0BC03</idno>
				</biblStruct>
			</sourceDesc>
		</fileDesc>
		<encodingDesc>
			<appInfo>
				<application version="0.7.3-SNAPSHOT" ident="GROBID" when="2023-01-12T09:10+0000">
					<desc>GROBID - A machine learning software for extracting information from scholarly documents</desc>
					<ref target="https://github.com/kermitt2/grobid"/>
				</application>
			</appInfo>
		</encodingDesc>
		<profileDesc>
			<textClass>
				<keywords>
					<term>paraphrase detection</term>
					<term>Russian language</term>
					<term>dataset of paraphrases</term>
					<term>paraphrasing</term>
				</keywords>
			</textClass>
			<abstract>
<div xmlns="http://www.tei-c.org/ns/1.0"><p>Paraphrase identification task can be easily challenged by changing word order, e.g. as in "Can a good person become bad?". While for English this problem was tackled by the PAWS dataset <ref type="bibr" target="#b39">(Zhang et al., 2019)</ref>, datasets for Russian paraphrase detection lack non-paraphrase examples with high lexical overlap. We present RuPAWS, the first adversarial dataset for Russian paraphrase identification. Our dataset consists of examples from PAWS translated to the Russian language and manually annotated by native speakers. We compare it to the largest available dataset for Russian ParaPhraser and show that the best available paraphrase identifiers for the Russian language fail on the RuPAWS dataset. At the same time, the state-of-the-art paraphrasing model RuBERT trained on both RuPAWS and ParaPhraser obtains high performance on the RuPAWS dataset while maintaining its accuracy on the ParaPhraser benchmark. We also show that RuPAWS can measure the sensitivity of models to word order and syntax structure since simple baselines fail even when given RuPAWS training samples.</p></div>
			</abstract>
		</profileDesc>
	</teiHeader>
	<text xml:lang="en">
		<body>
<div xmlns="http://www.tei-c.org/ns/1.0"><head n="1.">Introduction</head><p>Paraphrase identification task can be easily challenged by negative examples with high lexical overlap, e.g. Can a good person become bad? and Can a bad person become good? Most of the existing paraphrase identification datasets lack challenging sentence pairs that have a high bag-of-words overlap but are not paraphrases. Negative examples of this type show the significance of syntax structure and word order. <ref type="bibr" target="#b39">Zhang et al. (2019)</ref> emphasize the importance of such examples and introduce PAWS, dataset constructed from Quora and Wikipedia, which consists of adversarial non-paraphrase pairs with high word overlap. <ref type="bibr" target="#b35">Yang et al. (2019)</ref> underline the lack of such adversarial examples in existing multilingual datasets for paraphrase identification, e.g. Multi30k <ref type="bibr" target="#b8">(Elliott et al., 2016)</ref> and Opusparcus <ref type="bibr" target="#b6">(Creutz, 2018)</ref>, and create Cross-lingual PAWS (PAWS-X) <ref type="bibr" target="#b35">(Yang et al., 2019)</ref>. The same challenges exist in the paraphrasing datasets for Russian. The only existing benchmark for Russian sentential paraphrase detection ParaPhraser <ref type="bibr" target="#b27">(Pivovarova et al., 2017)</ref> contains sentence pairs from news headlines and also lacks such challenging examples (See Figure <ref type="figure" target="#fig_0">1</ref>). Table <ref type="table" target="#tab_1">1</ref> shows, that the models trained on ParaPhraser tend to classify the non-paraphrase examples with high BOW overlap as a paraphrase. To bridge this gap and boost the research of Russian paraphrase identification, we create the Russian PAWS (RuPAWS) dataset, the first Russian adversarial dataset for paraphrase classification with high lexical overlap. Our new corpus consists of 8,814 examples from PAWS translated to Russian, cleaned and manually annotated by native speakers.</p></div>
<div xmlns="http://www.tei-c.org/ns/1.0"><head>* equal contribution</head><p>We show that state-of-the-art model for paraphrase identification RuBERT <ref type="bibr" target="#b17">(Kuratov and Arkhipov, 2019)</ref> trained on ParaPhraser fails on RuPAWS benchmark. By contrast, when adding RuPAWS examples RuBERT substantially improves its performance on challenging sentence pairs without significantly reducing performance on ParaPhraser. We also provide the evaluation of baseline models and show that RuPAWS can measure the sensitivity of models to word order and syntax structure. The RuPAWS dataset, including both test and train sets, and RuBERT trained on both ParaPhraser and RuPAWS will be released publicly at github<ref type="foot" target="#foot_0">1</ref> . Our contributions are as follows:</p><p>• We present RuPAWS -the first open adversarial paraphrase identification dataset for Russian, with high number of negative examples with high lexical overlap.</p><p>• We conduct an evaluation of baseline and state-ofthe-art models and demonstrate that RuPAWS can measure the sensitivity of models to word order and syntax structure of Russian language.</p><p>• We show that adding RuPAWS training data can substantially improve the performance of stateof-the-art models and make them more robust to real-world examples without significantly reducing their performance on previous benchmarks.</p></div>
<div xmlns="http://www.tei-c.org/ns/1.0"><head n="2.">Related work</head><p>According to <ref type="bibr" target="#b3">Androutsopoulos and Malakasiotis (2010)</ref> computational methods of paraphrasing are presented in three main task forms: paraphrase identification (or  <ref type="bibr">(June 3, 1821</ref><ref type="bibr">-February 6, 1910, Nantes)</ref> was a French military physician.</p><p>Эвари Байзо (3 июня 1821 -6 февраля 1910 -Нант) -французский военный физик. Evariste Baizeau <ref type="bibr">(June 3, 1821</ref><ref type="bibr">-February 6, 1910, Nantes)</ref> was a French military physicist. detection), paraphrase generation, and paraphrase extraction (e.g. from corpora). Paraphrase identification <ref type="bibr" target="#b30">(Socher et al., 2011;</ref><ref type="bibr" target="#b37">Zhang and Patrick, 2005;</ref><ref type="bibr" target="#b16">Jia et al., 2020)</ref> finds applications in many branches of natural language processing, such as machine translation <ref type="bibr" target="#b5">(Callison-Burch et al., 2006;</ref><ref type="bibr" target="#b20">Madnani et al., 2007;</ref><ref type="bibr" target="#b22">Mayhew et al., 2020;</ref><ref type="bibr" target="#b4">Apidianaki et al., 2018)</ref>, plagiarism detection <ref type="bibr" target="#b15">(Hunt et al., 2019)</ref>, text summarization <ref type="bibr" target="#b21">(Mani and Maybury, 2001;</ref><ref type="bibr" target="#b38">Zhang et al., 2017)</ref> including sense compression <ref type="bibr" target="#b24">(Napoles et al., 2011)</ref>. Question paraphrasing is a necessary part of knowledge-based question answering (QA) systems <ref type="bibr" target="#b9">(Fader et al., 2014;</ref><ref type="bibr" target="#b36">Yin et al., 2015)</ref>, which can be used to retrieve relevant documents and passages or when mapping user questions to list of a frequently asked questions <ref type="bibr" target="#b31">(Tomuro, 2003)</ref>. The paraphrase identification task is closely linked with paraphrase generation in the field of language resources, as many datasets have been created for training and evaluating both types of models. Sentential paraphrase datasets for English. Most of the work on paraphrase identification focuses primarly on English. This task inspired a number of SemEval evaluation tasks in 2012 <ref type="bibr" target="#b0">(Agirre et al., 2012)</ref>, 2013 <ref type="bibr" target="#b14">(Hendrickx et al., 2013)</ref>, 2015 <ref type="bibr" target="#b34">(Xu et al., 2015)</ref> and 2016 <ref type="bibr" target="#b1">(Agirre et al., 2016)</ref>, which have encouraged the development of baseline decisions and their further improvement. There also exist various paraphrase datasets for English, which consist of human-labeled sentential paraphrases as the dataset we release (See Table <ref type="table" target="#tab_2">2</ref> for detailed comparison). Microsoft Research Paraphrase Corpus (MRPC) <ref type="bibr" target="#b7">(Dolan and Brockett, 2005)</ref> contains 5,801 sentence pairs, each human labeled with a binary judgment as to whether the pair is a paraphrase. Sentence-level paraphrases were selected from a large corpus of topicclustered news data through the use of heuristic extraction techniques in conjunction with an SVM-based classifier. Next, the collected pairs were submitted to human annotators, who judged 67% of the original pairs as semantically equivalent. The Quora Question Pairs (QQP) includes 404290 question pairs from the Quora website, each annotated with a binary value indicating whether the two questions are a paraphrase of each other. MRPC and QQP are part of the GLUE similarity and paraphrase task <ref type="bibr" target="#b33">(Wang et al., 2018)</ref>. Twitter News URL Corpus (TURL) <ref type="bibr" target="#b18">(Lan et al., 2017)</ref> consists of 51,524 manually labeled sentence pairs captured from Twitter by linking tweets through shared URLs. The captured sentence pairs were given a similarity score ranging from 1 to 6.</p><p>Paraphrasing datasets for Russian. Russian is less represented in paraphrase research concerning resource development and algorithm evaluation. Two evaluation tasks focused on paraphrasing: AINL 2016 Paraphrase Detection Shared Task based on ParaPhraser corpus <ref type="bibr" target="#b27">(Pivovarova et al., 2017)</ref> and Dialogue Paraphrased Plagiarism Detection Competition in 2017 based on Para-Plag corpus with main focus on text-level rephrasing <ref type="bibr" target="#b29">(Sochenkov et al., 2017)</ref>. In addition, <ref type="bibr" target="#b13">Gudkov et al. (2020)</ref> presented the ParaPhraser Plus corpus distilled from a database of news headlines. There is also a part of some multilingual paraphrase resources, such as Opuscarpus <ref type="bibr" target="#b6">(Creutz, 2018)</ref> and PPDB <ref type="bibr" target="#b11">(Ganitkevitch et al., 2013)</ref>. The Paraphrase Detection Shared Task attracted attention to the Russian paraphrase identification and led to further research. <ref type="bibr" target="#b17">Kuratov and Arkhipov (2019)</ref> show that finetuning a monolingual BERT-based model (RuBERT) on the ParaPhraser corpus yields better results than previous approaches. In our work, we show that the performance of this model on complex sentence pairs with high-lexical overlap can be improved by adding our RuPAWS corpus to the training set.</p></div>
<div xmlns="http://www.tei-c.org/ns/1.0"><head>Adversarial paraphrasing datasets.</head><p>There is also a limited number of datasets with adversarial paraphrase examples, whose objective is to highlight the deficiencies of state-of-the-art models. Our work is based on the </p></div>
<div xmlns="http://www.tei-c.org/ns/1.0"><head n="3.">Dataset</head><p>The RuPAWS dataset creation is based on the machine translation of the original PAWS corpus from English to Russian and the further annotation of the resulting sentence pairs. Following <ref type="bibr" target="#b35">Yang et al. (2019)</ref>, we choose translation instead of repeating the PAWS data generation approach. Due to human resource constraints, the dataset was machine translated and then reviewed by human annotators, who are Russian native speakers. We also perform the data cleaning procedure before and after the machine translation stage to reduce the number of noisy sentences. As a result, we select 8814 human annotated translations of paraphrase and non-paraphrase pairs. For the detailed statistics on the amount of data on each stage please see Table <ref type="table" target="#tab_3">3</ref>.</p></div>
<div xmlns="http://www.tei-c.org/ns/1.0"><head n="3.1.">Data denoising</head><p>The original PAWS dataset was automatically generated by two methods: word swapping and back-translation.</p><p>Consequently, it contains a number of noisy or incoherent sentences which can yield ungrammatical sentences, for example I just turned 13 and I was I 5 or As , he is the and can borrow the Inromaru to become.</p><p>To eliminate the sentences of poor quality, we first remove the sentences with non-ASCII characters. Next, we provide a perplexity-based selection <ref type="bibr" target="#b19">(Lin et al., 1997;</ref><ref type="bibr" target="#b12">Gao et al., 2002)</ref> for the remaining sentence pairs by calculating the perplexity of each sentence with a large transformer-based GPT-2 model <ref type="bibr" target="#b28">(Radford et al., 2019)</ref>. We select the sentence pairs with a perplexity score lower than 7. In addition, PAWS contants some sentences which are not semantically similar. We use a multilingual BERT embedding model LaBSE <ref type="bibr" target="#b10">(Feng et al., 2020)</ref>, which establishes a new state of the art on multiple parallel text retrieval tasks, and rank the sentence pairs by a cosine similarity between LaBSE representations of the sentences. We remove the sentence pairs with a similarity score lower than 0.9.</p></div>
<div xmlns="http://www.tei-c.org/ns/1.0"><head n="3.2.">Machine translation</head><p>We use facebook/wmt19-en-ru model from <ref type="bibr" target="#b25">Ng et al. (2019)</ref>, the Facebook FAIR's submission to the WMT19 shared news translation task, for machine translation from English to Russian. However, different translation strategies work better for different sentences, so we use greedy inference, beam search, and top-k sampling to form a pool of possible sentence translations. Finally, we select the best candidate by cosine similarity between LaBSE embeddings of the original and translated sentences. In addition, we filter the resulting Russian sentence pairs with respect to perplexity of sentences and cosine similarity scores between their LaBSE representations, as described in Section 3.1.</p></div>
<div xmlns="http://www.tei-c.org/ns/1.0"><head n="3.3.">Human annotation</head><p>Even after the automatic post-processing, the machinetranslated data may contain noise and errors. We ask inhouse annotators to evaluate the resulting sentence pairs for meaning preservation and the correctness of the text.</p><p>In order to make the best use of limited resources, we selected the best sentence pairs and passed them to the annotators. It takes three 40-hours working weeks to annotate 10,119 sentence pairs by two raters. The sentence pairs were judged under the following criteria:</p><p>1. Both sentences are coherent, grammatically, and lexically correct, they are readable and their meaning is well understood. Even though the original sentence pairs from PAWS are labeled as paraphrases and non-paraphrases, these labels may become incorrect after the machinetranslations stage of the dataset creation. Therefore we annotate whether the sentence pairs are paraphrases or not. We accept only correct sentence pairs with full annotator agreement on both criteria (87% of all annotated data).</p></div>
<div xmlns="http://www.tei-c.org/ns/1.0"><head n="3.4.">Resulting dataset</head><p>We created RuPAWS -the first Russian dataset for paraphrase detection with a high number of adversarial nonparaphrase pairs with high word overlap. Our dataset contains 8,814 manually annotated sentence pairs from both parts of the PAWS dataset (QQP and Wiki). Nonparaphrases account for 61% of the total amount of Ru-PAWS. 47% of RuPAWS non-paraphrases have n-gram overlap over 0.5 in contrast to the ParaPhraser, where only 6% of non-paraphrases have overlap over 0.5 (See Figure <ref type="figure" target="#fig_0">1</ref>).</p></div>
<div xmlns="http://www.tei-c.org/ns/1.0"><head n="4.">Evaluation</head><p>To evaluate the RuPAWS dataset, we use it to train the paraphrase identification models.</p></div>
<div xmlns="http://www.tei-c.org/ns/1.0"><head n="4.1.">Models</head><p>The goal of RuPAWS is to investigate the models' ability to capture the sentence structure and word order. As discussed previously, paraphrase identification models tend to classify the sentence pair with high lexical overlap as a paraphrase. In our work, we consider three different models with varying complexity and expressiveness: two baseline encoders and one advanced model, that achieved state-of-the-art performance on Russian paraphrase identification. The first baseline is a bag-of-words (BOW) based on token unigram and bigram encoding. The second one is a bi-directional LSTM (BiLSTM) that produces a contextualized sentence encoding. In contrast to the simple BOW model, BiLSTM captures non-local contexts. For BiLSTM, we use pre-trained FastText word embeddings from <ref type="bibr" target="#b23">Mikolov et al. (2018)</ref> and keep them frozen during training. We used bi-directional LSTM with hidden size 64 and calculate sentence embedding as the last hidden state. For both BOW and BiLSTM, we calculate cosine similarity between sentence embeddings and treat value above 0.5 as a paraphrase. Finally, we evaluate RuBERT <ref type="bibr" target="#b17">(Kuratov and Arkhipov, 2019)</ref>, a deep bidirectional pre-trained monolingual transformer, that obtained state-of-the-art results on paraphrase identification task in Russian. Similar to <ref type="bibr" target="#b17">(Kuratov and Arkhipov, 2019)</ref>, when fine-tuning RuBERT, we encode both sentences jointly and classify embedding of the [CLS] token.</p></div>
<div xmlns="http://www.tei-c.org/ns/1.0"><head n="4.2.">Experiments and Results</head><p>Our goal is to understand how well the models trained on ParaPhraser generalize to RuPAWS challenging pairs and to test how well the selected models are able to learn on RuPAWS. We also test how well models trained on both ParaPhraser and RuPAWS perform on Para-Phraser. We use public implementation of RuBERT 2 model trained on the Russian part of Wikipedia and news data and fine-tune RuBERT with learning rate 2e −5 . There is no significant difference between BiLSTM and RuBERT trained on ParaPhraser when testing on RuPAWS challenging pairs. In contrast, adding RuPAWS samples to the training set lead to the gain of up to 41%. For example, the difference between BiLSTM and RuBERT trained on ParaPhraser is 0.6% on RuPAWS test, but it rises to 14.2% when trained on ParaPhraser and RuPAWS. There is also almost no negative impact on performance on ParaPhraser. Therefore, RuPAWS trained on ParaPhraser and RuPAWS shows the best performance on both datasets.</p></div>
<div xmlns="http://www.tei-c.org/ns/1.0"><head n="5.">Error analysis</head><p>Despite the fact that the RuBERT model trained on both RuPAWS and ParaPhraser datasets shows the best performance, it still fails to reach F 1 -score higher than 0.8. We perform a broad error analysis to find out the remaining problems and possible ways to improve our data and the model performance. Considering the different nature of paraphrase and non-paraphrase sentence pairs we inspect false negative and false positive classifications. We analyze common paraphrase and non-paraphrase types represented in our test data and their impact on the error distributions. Moreover, we add additional observations about the impact of named entities translation we encountered during our manual analysis.</p><p>2 http://docs.deeppavlov.ai/en/master/features/models/bert.html</p><p>Our test set consists of 741 paraphrase and 932 nonparaphrase pairs. The model results for 218 false positives and 130 false negatives. Both classes are of particular importance for paraphrase identification on realworld tasks. We perform our analysis on all of these samples and manually annotate 1,673 sentence pairs. Owning to the fact that the RuPAWS examples are PAWS samples translated into Russian, our manual annotation of non-paraphrase is based on PAWS example generation strategies. The PAWS automatic generation method is based on two techniques. The first one swaps the words to generate a sentence pair with the same BOW. This method tends to produce nonparaphrase sentence pairs. The second strategy is based on back-translation and usually produces paraphrases. It is not possible to completely transfer these sentence pair classes to our test data since additional lexical and syntax changes arise due to the following machine translation to Russian. However, we use the description of these techniques as a basis for our error analysis. We attribute these scores to an unequal distribution of non-paraphrase generation types and the domain of the original PAWS dataset, which contributes to the prevalence of the sentence pairs with named entities. We assume, that the addition of underrepresented nonparaphrase pairs will improve the quality of classification. We manually annotate 741 paraphrase pairs in the test set for the above-mentioned paraphrase categories.</p></div>
<div xmlns="http://www.tei-c.org/ns/1.0"><head n="5.1.">False positive errors</head></div>
<div xmlns="http://www.tei-c.org/ns/1.0"><head n="5.2.">False negative errors</head><p>The obtained accuracy scores and class frequencies are shown in Figure <ref type="figure">3</ref>. The most frequent paraphrase generation classes are lexical substitution (47%) and syntax change (37%), but the relationship between the category frequency and its accuracy score is not obvious. The addition/deletion paraphrasing type has the highest accuracy score (82%), and the lowest is 74% for the "other" category.</p><p>Named entities translation However, we extend the list of possible error classes with an additional class which we encountered during our manual annotation. The RuPAWS dataset was obtained by a machine translation from English to Russian, which has raised additional difficulties for the paraphrase classification models. As mentioned in Section 5.1 the dataset contains a large number of sentences with named entities. Russian and English languages have different graphic systems, thus when translating named entities different techniques can be used: translation, transliteration, or transcription. For example, the football club "Red Star Belgrade" can be translated as белградская "Red star", "Red Star Belgrade", "Red Star" из Белграда, "Красная звезда" Белграда. As another example, David Burtka as Дэвид Бартка, Давид Буртка or Дэвид Бертка. We manually annotate false negatives and find different named entity translations in 52% of paraphrase pairs. We assume, that an option for improving the paraphrase classification model is the further work on this particular problem.</p></div>
<div xmlns="http://www.tei-c.org/ns/1.0"><head n="6.">Conclusion</head><p>We introduce RuPAWS, the first adversarial paraphrase identification dataset for Russian with 8,814 human annotated sentence pairs with high lexical overlap. We compare our dataset to the ParaPhraser, the largest available dataset for Russian, and show that the best available state-of-the-art model for paraphrase identification RuBERT trained on ParaPhraser fails to solve many examples of the RuPAWS dataset. By contrast, when adding RuPAWS examples RuBERT improves its accuracy to 79% while maintaining performance on the ParaPhraser benchmark. We also conduct an evaluation of paraphrase identifiers and demonstrate that RuPAWS can measure the sensitivity of models to word order and syntax structure of Russian language.</p></div><figure xmlns="http://www.tei-c.org/ns/1.0" xml:id="fig_0"><head>Figure 1 :</head><label>1</label><figDesc>Figure 1: Distribution of non-paraphrases over n-gram overlap.</figDesc></figure>
<figure xmlns="http://www.tei-c.org/ns/1.0" xml:id="fig_1"><head>Figure 2 :</head><label>2</label><figDesc>Figure 2: Accuracy scores and frequency for nonparaphrase types presented in the RuPAWS test set.</figDesc></figure>
<figure xmlns="http://www.tei-c.org/ns/1.0" type="table" xml:id="tab_1"><head>Table 1 :</head><label>1</label><figDesc>Examples of non-paraphrases with high lexical overlap and corresponding scores by RuBERT trained on ParaPhraser (PP) and RuBERT trained on ParaPhraser + RuPAWS (PP + RuPAWS). Scores represent estimate of probability that these two sentences are paraphrases. All examples are from the test part of RuPAWS. Type column shows the type of adversarial non-paraphrase generation, boldface indicates the differences between two sentences.</figDesc><table /></figure>
<figure xmlns="http://www.tei-c.org/ns/1.0" type="table" xml:id="tab_2"><head>Table 2 :</head><label>2</label><figDesc>Comparison of the existing sentential datasets for paraphrase detection.</figDesc><table><row><cell></cell><cell>MRPC</cell><cell>QQP</cell><cell>TURL</cell><cell>PAWS</cell><cell>PAWS-X</cell><cell cols="2">ParaPhraser RuPAWS (ours)</cell></row><row><cell>Language</cell><cell cols="3">English English English</cell><cell>English</cell><cell>Multilingual</cell><cell>Russian</cell><cell>Russian</cell></row><row><cell>Size (sentence pairs)</cell><cell>5 801</cell><cell>404 290</cell><cell>51 524</cell><cell>108 463</cell><cell>320 065</cell><cell>9 151</cell><cell>8 814</cell></row><row><cell>% Positive class</cell><cell>18</cell><cell>37</cell><cell>25</cell><cell>33</cell><cell>44</cell><cell>63</cell><cell>39</cell></row><row><cell>Type</cell><cell>News</cell><cell>Social</cell><cell>Social</cell><cell cols="2">Social + Wiki Social + Wiki</cell><cell>News</cell><cell>Social + Wiki</cell></row><row><cell>Adversarial examples</cell><cell>No</cell><cell>No</cell><cell>No</cell><cell>Yes</cell><cell>Yes</cell><cell>No</cell><cell>Yes</cell></row><row><cell>Manual annotation</cell><cell>Yes</cell><cell>Yes</cell><cell>Yes</cell><cell>Yes</cell><cell>Dev&amp;Test</cell><cell>Yes</cell><cell>Yes</cell></row><row><cell></cell><cell cols="4">PAWS QQP PAWS W iki</cell><cell></cell><cell></cell><cell></cell></row><row><cell># Raw pairs</cell><cell></cell><cell>12 663</cell><cell cols="2">95 798</cell><cell></cell><cell></cell><cell></cell></row><row><cell>Noise-filtered pairs</cell><cell></cell><cell></cell><cell></cell><cell></cell><cell></cell><cell></cell><cell></cell></row><row><cell>Total # pairs</cell><cell></cell><cell>12 225</cell><cell cols="2">87 695</cell><cell></cell><cell></cell><cell></cell></row><row><cell>paraphrase</cell><cell></cell><cell>4 157</cell><cell cols="2">31 570</cell><cell></cell><cell></cell><cell></cell></row><row><cell>non-paraphrase</cell><cell></cell><cell>8 068</cell><cell cols="2">56 125</cell><cell></cell><cell></cell><cell></cell></row><row><cell cols="2">Machine-translated pairs</cell><cell></cell><cell></cell><cell></cell><cell></cell><cell></cell><cell></cell></row><row><cell>Total # pairs</cell><cell></cell><cell>6 076</cell><cell cols="2">38 558</cell><cell></cell><cell></cell><cell></cell></row><row><cell>paraphrase</cell><cell></cell><cell>2 082</cell><cell cols="2">13 967</cell><cell></cell><cell></cell><cell></cell></row><row><cell>non-paraphrase</cell><cell></cell><cell>3 994</cell><cell cols="2">24 591</cell><cell></cell><cell></cell><cell></cell></row><row><cell>Annotated pairs</cell><cell></cell><cell></cell><cell></cell><cell></cell><cell></cell><cell></cell><cell></cell></row><row><cell>Total # pairs</cell><cell></cell><cell>2 154</cell><cell cols="2">6 660</cell><cell></cell><cell></cell><cell></cell></row><row><cell>paraphrase</cell><cell></cell><cell>9 07</cell><cell cols="2">2 563</cell><cell></cell><cell></cell><cell></cell></row><row><cell>non-paraphrase</cell><cell></cell><cell>1 247</cell><cell cols="2">4 097</cell><cell></cell><cell></cell><cell></cell></row></table></figure>
<figure xmlns="http://www.tei-c.org/ns/1.0" type="table" xml:id="tab_3"><head>Table 3 :</head><label>3</label><figDesc>The number of sentence pairs on all stages of RuPAWS creation.</figDesc><table /><note>PAWS dataset<ref type="bibr" target="#b39">(Zhang et al., 2019)</ref>, which contains paraphrase and non-paraphrase pairs with high-lexical overlap.<ref type="bibr" target="#b35">(Yang et al., 2019)</ref> present the cross-lingual dataset PAWS-X, an extension of the PAWS examples to six languages: Spanish, French, German, Chinese, Japanese, and Korean. Conversely,<ref type="bibr" target="#b26">Nighojkar and Licato (2021)</ref> introduce the Adversarial Paraphrasing Task, which goal is to provide semantically equivalent but lexically and syntactically desperate paraphrases.</note></figure>
<figure xmlns="http://www.tei-c.org/ns/1.0" type="table" xml:id="tab_4"><head>Table 4 :</head><label>4</label><figDesc>Accuracy (%) of classification and F 1 (%) scores on ParaPhraser (PP) and training sets. PP indicates that the model is trained on the ParaPhraser training set and PP + RuPAWS shows that the model is trained on both ParaPhraser and RuPAWS training sets. Column names indicate the test set. Wikipedia and Quora Question Pairs (QQP) stand for the RuPAWS test set divided into separate parts, Wiki+QQP stands for the concatenated test set. Numbers in parenthesis indicate gains from adding RuPAWS to training data. * -RuPAWS as training data stands for the training sets from both Wiki and QQP parts of RuPAWS.</figDesc><table><row><cell>Model</cell><cell>PP</cell><cell></cell><cell></cell><cell>Wiki</cell><cell cols="2">RuPAWS QQP</cell><cell></cell><cell>Wiki+QQP</cell></row><row><cell></cell><cell>Acc.</cell><cell>F1</cell><cell>Acc.</cell><cell>F1</cell><cell>Acc.</cell><cell>F1</cell><cell>Acc.</cell><cell>F1</cell></row><row><cell>BOW</cell><cell></cell><cell></cell><cell></cell><cell></cell><cell></cell><cell></cell><cell></cell></row><row><cell>PP</cell><cell cols="3">62.5 60.5 34.7</cell><cell>54.9</cell><cell>45.4</cell><cell>60.2</cell><cell>35.0</cell><cell>55.5</cell></row><row><cell>PP + RuPAWS*</cell><cell cols="4">62.5 60.0 46.0 (+11.3) 55.6 (+0.7)</cell><cell>49.2 (+3.8)</cell><cell>61.0 (+0.8)</cell><cell cols="2">46.3 (+11.3) 56.0 (+0.5)</cell></row><row><cell>BiLSTM</cell><cell></cell><cell></cell><cell></cell><cell></cell><cell></cell><cell></cell><cell></cell></row><row><cell>PP</cell><cell cols="3">74.3 81.6 39.1</cell><cell>54.4</cell><cell>46.0</cell><cell>62.0</cell><cell>40.1</cell><cell>55.6</cell></row><row><cell>PP + RuPAWS*</cell><cell cols="4">66.3 74.1 65.4 (+26.3) 60.9 (+6.5)</cell><cell>52.4 (+6.4)</cell><cell>60.0</cell><cell cols="2">63.5 (+23.4) 60.7 (+5.1)</cell></row><row><cell>RuBERT</cell><cell></cell><cell></cell><cell></cell><cell></cell><cell></cell><cell></cell><cell></cell></row><row><cell>PP</cell><cell cols="3">85.0 87.7 38.4</cell><cell>55.5</cell><cell>46.0</cell><cell>63.0</cell><cell>39.1</cell><cell>56.2</cell></row><row><cell>PP + RuPAWS*</cell><cell>84.6</cell><cell cols="5">87.3 79.6 (+41.2) 75.4 (+19.2) 73.6 (+27.6) 71.3 (+8.3)</cell><cell cols="2">79.0 (+39.9) 74.9 (+18.7)</cell></row><row><cell cols="5">2. Whether or not the sentences are paraphrases of</cell><cell></cell><cell></cell><cell></cell></row><row><cell>each other.</cell><cell></cell><cell></cell><cell></cell><cell></cell><cell></cell><cell></cell><cell></cell></row></table></figure>
<figure xmlns="http://www.tei-c.org/ns/1.0" type="table" xml:id="tab_5"><head></head><label></label><figDesc>Table 4 shows results on the RuPAWS and ParaPhraser benchmarks. The models are trained on the ParaPhraser training examples and on the combination of Para-Phraser and RuPAWS. When training on two datasets, we sample instances from them in random order. The columns show the results of different test sets. BOW classifier is the simplest baseline model and considers only local context information, so it has the worst performance and shows almost no improvement from new examples when trained on ParaPhraser and Ru-PAWS jointly. BiLSTM outperforms BOW in almost all cases, but its performance is still lower than RuBERT scores. Stateof-the-art model RuBERT trained on ParaPhraser and RuPAWS shows the highest performance scores and substantial gains when added RuPAWS examples without significantly reducing its performance on the Para-Phraser test set. Therefore, performance changes on RuPAWS are more visible if the models are trained on both datasets.</figDesc><table /></figure>
<figure xmlns="http://www.tei-c.org/ns/1.0" type="table" xml:id="tab_7"><head></head><label></label><figDesc>In 2008Aker Yards was acquired by STX Europe.</figDesc><table><row><cell></cell><cell cols="4">• morphological changes: Фильм срежиссировал</cell></row><row><cell></cell><cell cols="4">Джон Тейлор, а спродюсировал Стюарт Легг.</cell></row><row><cell></cell><cell cols="4">The film was directed by John Taylor and produced</cell></row><row><cell></cell><cell cols="4">by Stuart Legg. / Фильм срежиссировал Джон</cell></row><row><cell></cell><cell cols="4">Тэйлор, а продюсером стал Стюарт Легг. The</cell></row><row><cell></cell><cell cols="4">film was directed by John Taylor and Stuart Legg</cell></row><row><cell></cell><cell cols="2">was a producer.</cell><cell></cell></row><row><cell></cell><cell cols="4">• addition/deletion: "Потез X" -французский</cell></row><row><cell></cell><cell cols="4">транспортный самолет общего назначения</cell></row><row><cell></cell><cell>1920-х</cell><cell>годов,</cell><cell cols="2">спроектированный</cell><cell>и</cell></row><row><cell></cell><cell cols="3">построенный фирмой Potez.</cell><cell>The Potez X</cell></row><row><cell></cell><cell cols="4">was a French 1920s general-purpose colonial</cell></row><row><cell></cell><cell cols="4">transport aircraft designed and built by Potez./</cell></row><row><cell></cell><cell cols="4">"Потез X" -французский транспортный</cell></row><row><cell></cell><cell cols="4">самолет 1920-х годов, спроектированный и</cell></row><row><cell></cell><cell cols="4">построенный компанией Potez. The Potez X</cell></row><row><cell></cell><cell cols="4">was a French 1920s colonial transport aircraft</cell></row><row><cell>Accuracy Frequency</cell><cell cols="4">designed and built by Potez. • other, which includes abbreviated words, change</cell></row><row><cell>0.8</cell><cell cols="4">of word format or combination of different para-</cell></row><row><cell>0.7</cell><cell cols="4">phrasing strategies: Саммерби родился в г.</cell></row><row><cell>0.6</cell><cell></cell><cell></cell><cell></cell></row><row><cell>0.5</cell><cell></cell><cell></cell><cell></cell></row><row><cell>0.4</cell><cell></cell><cell></cell><cell></cell></row><row><cell>0.3</cell><cell></cell><cell></cell><cell></cell></row><row><cell>0.2</cell><cell></cell><cell></cell><cell></cell></row><row><cell>0.1</cell><cell></cell><cell></cell><cell></cell></row><row><cell>0.0</cell><cell></cell><cell></cell><cell></cell></row><row><cell>l e x i c a l s u b s t i t u t i o n s y n t a x c h a n g e a d d i t i o n / d e l e t i o n m o r p h o l o g i c a l c h a n g e</cell><cell>o t h e r</cell><cell></cell><cell></cell></row><row><cell cols="2">Figure 3: Accuracy scores and frequency for paraphrase</cell><cell></cell><cell></cell></row><row><cell>types presented in the RuPAWS test set.</cell><cell></cell><cell></cell><cell></cell></row><row><cell cols="2">Different paraphrasing strategies In our analysis of</cell><cell></cell><cell></cell></row><row><cell cols="2">false negative errors, we rely on the paraphrase typology</cell><cell></cell><cell></cell></row><row><cell cols="2">proposed by Vila et al. (2014). According to them, we</cell><cell></cell><cell></cell></row><row><cell cols="2">divide the paraphrase sentence pairs from out test set</cell><cell></cell><cell></cell></row><row><cell>into five categories:</cell><cell></cell><cell></cell><cell></cell></row><row><cell cols="2">• lexical substitution: Он умер в 1909 году в</cell><cell></cell><cell></cell></row><row><cell cols="2">Монреале и был погребен в Калгари. He died in</cell><cell></cell><cell></cell></row><row><cell cols="2">1909 in Montreal and was buried in Calgary. / Он</cell><cell></cell><cell></cell></row><row><cell cols="2">умер в 1909 году в Монреале и был похоронен</cell><cell></cell><cell></cell></row><row><cell cols="2">в Калгари. He died in 1909 in Montreal and was</cell><cell></cell><cell></cell></row><row><cell>entombed in Calgary.</cell><cell></cell><cell></cell><cell></cell></row></table><note>• syntax-based changes: Aker Yards приобрела STX Europe в 2008 году. STX Europe was acquired by Aker Yards in 2008. / В 2008 году Aker Yards приобрела компания STX Europe. Сиренчестер в Англии и умер в г. Винчестер в Англии. Summerbee was born in Cirencester in England and died in Winchester in England. / Саммерби родился в городе Сиренчестер, Англия, и умер в Винчестере, Англия. Summerbee was born in the Cirencester city, England and died in Winchester, England.</note></figure>
			<note xmlns="http://www.tei-c.org/ns/1.0" place="foot" n="1" xml:id="foot_0">https://github.com/mts-ai/rupaws-dataset</note>
		</body>
		<back>
			<div type="references">

				<listBibl>

<biblStruct xml:id="b0">
	<analytic>
		<title level="a" type="main">Semeval-2012 task 6: A pilot on semantic textual similarity</title>
		<author>
			<persName><forename type="first">E</forename><surname>Bibliographical References Agirre</surname></persName>
		</author>
		<author>
			<persName><forename type="first">D</forename><surname>Cer</surname></persName>
		</author>
		<author>
			<persName><forename type="first">M</forename><surname>Diab</surname></persName>
		</author>
		<author>
			<persName><forename type="first">A</forename><surname>Gonzalez-Agirre</surname></persName>
		</author>
	</analytic>
	<monogr>
		<title level="m">* SEM 2012: The First Joint Conference on Lexical and Computational Semantics</title>
				<imprint>
			<date type="published" when="2012">2012. SemEval 2012</date>
			<biblScope unit="volume">1</biblScope>
			<biblScope unit="page" from="385" to="393" />
		</imprint>
	</monogr>
	<note>Proceedings of the Sixth International Workshop on Semantic Evaluation</note>
	<note type="raw_reference">Bibliographical References Agirre, E., Cer, D., Diab, M., and Gonzalez-Agirre, A. (2012). Semeval-2012 task 6: A pilot on se- mantic textual similarity. In * SEM 2012: The First Joint Conference on Lexical and Computational Semantics-Volume 1: Proceedings of the main con- ference and the shared task, and Volume 2: Proceed- ings of the Sixth International Workshop on Semantic Evaluation (SemEval 2012), pages 385-393.</note>
</biblStruct>

<biblStruct xml:id="b1">
	<analytic>
		<title level="a" type="main">Semeval-2016 task 1: Semantic textual similarity, monolingual and crosslingual evaluation</title>
		<author>
			<persName><forename type="first">E</forename><surname>Agirre</surname></persName>
		</author>
		<author>
			<persName><forename type="first">C</forename><surname>Banea</surname></persName>
		</author>
		<author>
			<persName><forename type="first">D</forename><surname>Cer</surname></persName>
		</author>
		<author>
			<persName><forename type="first">M</forename><surname>Diab</surname></persName>
		</author>
		<author>
			<persName><forename type="first">A</forename><surname>Gonzalez Agirre</surname></persName>
		</author>
		<author>
			<persName><forename type="first">R</forename><surname>Mihalcea</surname></persName>
		</author>
		<author>
			<persName><forename type="first">G</forename><surname>Rigau Claramunt</surname></persName>
		</author>
		<author>
			<persName><forename type="first">J</forename><surname>Wiebe</surname></persName>
		</author>
	</analytic>
	<monogr>
		<title level="m">SemEval-2016. 10th International Workshop on Semantic Evaluation</title>
				<imprint>
			<date type="published" when="2016-06-16">2016. 2016 Jun 16-17</date>
		</imprint>
	</monogr>
	<note type="raw_reference">Agirre, E., Banea, C., Cer, D., Diab, M., Gonza- lez Agirre, A., Mihalcea, R., Rigau Claramunt, G., and Wiebe, J. (2016). Semeval-2016 task 1: Se- mantic textual similarity, monolingual and cross- lingual evaluation. In SemEval-2016. 10th Interna- tional Workshop on Semantic Evaluation; 2016 Jun 16-17;</note>
</biblStruct>

<biblStruct xml:id="b2">
	<monogr>
		<title/>
		<author>
			<persName><forename type="first">C</forename><forename type="middle">A</forename><surname>San Diego</surname></persName>
		</author>
		<imprint>
			<date type="published" when="2016">2016</date>
			<publisher>ACL (Association for Computational Linguistics</publisher>
			<biblScope unit="page" from="497" to="511" />
			<pubPlace>Stroudsburg (PA</pubPlace>
		</imprint>
	</monogr>
	<note type="raw_reference">San Diego, CA. Stroudsburg (PA): ACL; 2016. p. 497-511. ACL (Association for Computational Linguistics).</note>
</biblStruct>

<biblStruct xml:id="b3">
	<analytic>
		<title level="a" type="main">A survey of paraphrasing and textual entailment methods</title>
		<author>
			<persName><forename type="first">I</forename><surname>Androutsopoulos</surname></persName>
		</author>
		<author>
			<persName><forename type="first">P</forename><surname>Malakasiotis</surname></persName>
		</author>
	</analytic>
	<monogr>
		<title level="j">Journal of Artificial Intelligence Research</title>
		<imprint>
			<biblScope unit="volume">38</biblScope>
			<biblScope unit="page" from="135" to="187" />
			<date type="published" when="2010">2010</date>
		</imprint>
	</monogr>
	<note type="raw_reference">Androutsopoulos, I. and Malakasiotis, P. (2010). A sur- vey of paraphrasing and textual entailment methods. Journal of Artificial Intelligence Research, 38:135- 187.</note>
</biblStruct>

<biblStruct xml:id="b4">
	<analytic>
		<title level="a" type="main">Automated paraphrase lattice creation for hyter machine translation evaluation</title>
		<author>
			<persName><forename type="first">M</forename><surname>Apidianaki</surname></persName>
		</author>
		<author>
			<persName><forename type="first">G</forename><surname>Wisniewski</surname></persName>
		</author>
		<author>
			<persName><forename type="first">A</forename><surname>Cocos</surname></persName>
		</author>
		<author>
			<persName><forename type="first">C</forename><surname>Callison-Burch</surname></persName>
		</author>
	</analytic>
	<monogr>
		<title level="m">Proceedings of the 2018 Conference of the North American Chapter</title>
		<title level="s">Short Papers</title>
		<meeting>the 2018 Conference of the North American Chapter</meeting>
		<imprint>
			<publisher>Human Language Technologies</publisher>
			<date type="published" when="2018">2018</date>
			<biblScope unit="volume">2</biblScope>
			<biblScope unit="page" from="480" to="485" />
		</imprint>
	</monogr>
	<note type="raw_reference">Apidianaki, M., Wisniewski, G., Cocos, A., and Callison-Burch, C. (2018). Automated paraphrase lattice creation for hyter machine translation eval- uation. In Proceedings of the 2018 Conference of the North American Chapter of the Association for Computational Linguistics: Human Language Tech- nologies, Volume 2 (Short Papers), pages 480-485.</note>
</biblStruct>

<biblStruct xml:id="b5">
	<analytic>
		<title level="a" type="main">Improved statistical machine translation using paraphrases</title>
		<author>
			<persName><forename type="first">C</forename><surname>Callison-Burch</surname></persName>
		</author>
		<author>
			<persName><forename type="first">P</forename><surname>Koehn</surname></persName>
		</author>
		<author>
			<persName><forename type="first">M</forename><surname>Osborne</surname></persName>
		</author>
	</analytic>
	<monogr>
		<title level="m">Proceedings of the Human Language Technology Conference of the NAACL, Main Conference</title>
				<meeting>the Human Language Technology Conference of the NAACL, Main Conference</meeting>
		<imprint>
			<date type="published" when="2006">2006</date>
			<biblScope unit="page" from="17" to="24" />
		</imprint>
	</monogr>
	<note type="raw_reference">Callison-Burch, C., Koehn, P., and Osborne, M. (2006). Improved statistical machine translation using para- phrases. In Proceedings of the Human Language Technology Conference of the NAACL, Main Con- ference, pages 17-24.</note>
</biblStruct>

<biblStruct xml:id="b6">
	<analytic>
		<title level="a" type="main">Open subtitles paraphrase corpus for six languages</title>
		<author>
			<persName><forename type="first">M</forename><surname>Creutz</surname></persName>
		</author>
	</analytic>
	<monogr>
		<title level="m">Proceedings of the Eleventh International Conference on Language Resources and Evaluation (LREC 2018)</title>
				<meeting>the Eleventh International Conference on Language Resources and Evaluation (LREC 2018)<address><addrLine>Miyazaki, Japan</addrLine></address></meeting>
		<imprint>
			<publisher>European Language Resources Association (ELRA</publisher>
			<date type="published" when="2018-05">2018. May</date>
		</imprint>
	</monogr>
	<note type="raw_reference">Creutz, M. (2018). Open subtitles paraphrase corpus for six languages. In Proceedings of the Eleventh In- ternational Conference on Language Resources and Evaluation (LREC 2018), Miyazaki, Japan, May. Eu- ropean Language Resources Association (ELRA).</note>
</biblStruct>

<biblStruct xml:id="b7">
	<analytic>
		<title level="a" type="main">Automatically constructing a corpus of sentential paraphrases</title>
		<author>
			<persName><forename type="first">W</forename><forename type="middle">B</forename><surname>Dolan</surname></persName>
		</author>
		<author>
			<persName><forename type="first">C</forename><surname>Brockett</surname></persName>
		</author>
	</analytic>
	<monogr>
		<title level="m">Proceedings of the Third International Workshop on Paraphrasing (IWP2005)</title>
				<meeting>the Third International Workshop on Paraphrasing (IWP2005)</meeting>
		<imprint>
			<date type="published" when="2005">2005</date>
		</imprint>
	</monogr>
	<note type="raw_reference">Dolan, W. B. and Brockett, C. (2005). Automatically constructing a corpus of sentential paraphrases. In Proceedings of the Third International Workshop on Paraphrasing (IWP2005).</note>
</biblStruct>

<biblStruct xml:id="b8">
	<monogr>
		<author>
			<persName><forename type="first">D</forename><surname>Elliott</surname></persName>
		</author>
		<author>
			<persName><forename type="first">S</forename><surname>Frank</surname></persName>
		</author>
		<author>
			<persName><forename type="first">K</forename><surname>Sima'an</surname></persName>
		</author>
		<author>
			<persName><forename type="first">L</forename><surname>Specia</surname></persName>
		</author>
		<idno type="arXiv">arXiv:1605.00459</idno>
		<title level="m">Multi30k: Multilingual english-german image descriptions</title>
				<imprint>
			<date type="published" when="2016">2016</date>
		</imprint>
	</monogr>
	<note type="report_type">arXiv preprint</note>
	<note type="raw_reference">Elliott, D., Frank, S., Sima&apos;an, K., and Specia, L. (2016). Multi30k: Multilingual english-german im- age descriptions. arXiv preprint arXiv:1605.00459.</note>
</biblStruct>

<biblStruct xml:id="b9">
	<analytic>
		<title level="a" type="main">Open question answering over curated and extracted knowledge bases</title>
		<author>
			<persName><forename type="first">A</forename><surname>Fader</surname></persName>
		</author>
		<author>
			<persName><forename type="first">L</forename><surname>Zettlemoyer</surname></persName>
		</author>
		<author>
			<persName><forename type="first">O</forename><surname>Etzioni</surname></persName>
		</author>
	</analytic>
	<monogr>
		<title level="m">Proceedings of the 20th ACM SIGKDD International Conference on Knowledge Discovery and Data Mining, KDD &apos;14</title>
				<meeting>the 20th ACM SIGKDD International Conference on Knowledge Discovery and Data Mining, KDD &apos;14<address><addrLine>New York, NY, USA</addrLine></address></meeting>
		<imprint>
			<publisher>Association for Computing Machinery</publisher>
			<date type="published" when="2014">2014</date>
			<biblScope unit="page" from="1156" to="1165" />
		</imprint>
	</monogr>
	<note type="raw_reference">Fader, A., Zettlemoyer, L., and Etzioni, O. (2014). Open question answering over curated and ex- tracted knowledge bases. In Proceedings of the 20th ACM SIGKDD International Conference on Knowl- edge Discovery and Data Mining, KDD &apos;14, page 1156-1165, New York, NY, USA. Association for Computing Machinery.</note>
</biblStruct>

<biblStruct xml:id="b10">
	<monogr>
		<title level="m" type="main">Language-agnostic BERT sentence embedding</title>
		<author>
			<persName><forename type="first">F</forename><surname>Feng</surname></persName>
		</author>
		<author>
			<persName><forename type="first">Y</forename><surname>Yang</surname></persName>
		</author>
		<author>
			<persName><forename type="first">D</forename><surname>Cer</surname></persName>
		</author>
		<author>
			<persName><forename type="first">N</forename><surname>Arivazhagan</surname></persName>
		</author>
		<author>
			<persName><forename type="first">W</forename><surname>Wang</surname></persName>
		</author>
		<idno>CoRR, abs/2007.01852</idno>
		<imprint>
			<date type="published" when="2020">2020</date>
		</imprint>
	</monogr>
	<note type="raw_reference">Feng, F., Yang, Y., Cer, D., Arivazhagan, N., and Wang, W. (2020). Language-agnostic BERT sentence em- bedding. CoRR, abs/2007.01852.</note>
</biblStruct>

<biblStruct xml:id="b11">
	<analytic>
		<title level="a" type="main">Ppdb: The paraphrase database</title>
		<author>
			<persName><forename type="first">J</forename><surname>Ganitkevitch</surname></persName>
		</author>
		<author>
			<persName><forename type="first">B</forename><surname>Van Durme</surname></persName>
		</author>
		<author>
			<persName><forename type="first">C</forename><surname>Callison-Burch</surname></persName>
		</author>
	</analytic>
	<monogr>
		<title level="m">Proceedings of the 2013 Conference of the North American Chapter</title>
				<meeting>the 2013 Conference of the North American Chapter</meeting>
		<imprint>
			<publisher>Human Language Technologies</publisher>
			<date type="published" when="2013">2013</date>
			<biblScope unit="page" from="758" to="764" />
		</imprint>
	</monogr>
	<note type="raw_reference">Ganitkevitch, J., Van Durme, B., and Callison-Burch, C. (2013). Ppdb: The paraphrase database. In Pro- ceedings of the 2013 Conference of the North Amer- ican Chapter of the Association for Computational Linguistics: Human Language Technologies, pages 758-764.</note>
</biblStruct>

<biblStruct xml:id="b12">
	<analytic>
		<title level="a" type="main">Toward a unified approach to statistical language modeling for chinese</title>
		<author>
			<persName><forename type="first">J</forename><surname>Gao</surname></persName>
		</author>
		<author>
			<persName><forename type="first">J</forename><surname>Goodman</surname></persName>
		</author>
		<author>
			<persName><forename type="first">M</forename><surname>Li</surname></persName>
		</author>
		<author>
			<persName><forename type="first">K.-F</forename><surname>Lee</surname></persName>
		</author>
	</analytic>
	<monogr>
		<title level="j">ACM Transactions on Asian Language Information Processing (TALIP)</title>
		<imprint>
			<biblScope unit="volume">1</biblScope>
			<biblScope unit="issue">1</biblScope>
			<biblScope unit="page" from="3" to="33" />
			<date type="published" when="2002">2002</date>
		</imprint>
	</monogr>
	<note type="raw_reference">Gao, J., Goodman, J., Li, M., and Lee, K.-F. (2002). To- ward a unified approach to statistical language mod- eling for chinese. ACM Transactions on Asian Lan- guage Information Processing (TALIP), 1(1):3-33.</note>
</biblStruct>

<biblStruct xml:id="b13">
	<analytic>
		<title level="a" type="main">Automatically ranked Russian paraphrase corpus for text generation</title>
		<author>
			<persName><forename type="first">V</forename><surname>Gudkov</surname></persName>
		</author>
		<author>
			<persName><forename type="first">O</forename><surname>Mitrofanova</surname></persName>
		</author>
		<author>
			<persName><forename type="first">E</forename><surname>Filippskikh</surname></persName>
		</author>
	</analytic>
	<monogr>
		<title level="m">Proceedings of the Fourth Workshop on Neural Generation and Translation</title>
				<meeting>the Fourth Workshop on Neural Generation and Translation</meeting>
		<imprint>
			<publisher>Online, July. Association for Computational Linguistics</publisher>
			<date type="published" when="2020">2020</date>
			<biblScope unit="page" from="54" to="59" />
		</imprint>
	</monogr>
	<note type="raw_reference">Gudkov, V., Mitrofanova, O., and Filippskikh, E. (2020). Automatically ranked Russian paraphrase corpus for text generation. In Proceedings of the Fourth Workshop on Neural Generation and Trans- lation, pages 54-59, Online, July. Association for Computational Linguistics.</note>
</biblStruct>

<biblStruct xml:id="b14">
	<analytic>
		<title level="a" type="main">SemEval-2013 task 4: Free paraphrases of noun compounds</title>
		<author>
			<persName><forename type="first">I</forename><surname>Hendrickx</surname></persName>
		</author>
		<author>
			<persName><forename type="first">Z</forename><surname>Kozareva</surname></persName>
		</author>
		<author>
			<persName><forename type="first">P</forename><surname>Nakov</surname></persName>
		</author>
		<author>
			<persName><forename type="first">D</forename><surname>Séaghdha</surname></persName>
		</author>
		<author>
			<persName><forename type="first">S</forename><surname>Szpakowicz</surname></persName>
		</author>
		<author>
			<persName><forename type="first">T</forename><surname>Veale</surname></persName>
		</author>
	</analytic>
	<monogr>
		<title level="m">Proceedings of the Seventh International Workshop on Semantic Evaluation</title>
				<meeting>the Seventh International Workshop on Semantic Evaluation<address><addrLine>Atlanta, Georgia, USA</addrLine></address></meeting>
		<imprint>
			<publisher>Association for Computational Linguistics</publisher>
			<date type="published" when="2013-06">2013. SemEval 2013. June</date>
			<biblScope unit="volume">2</biblScope>
			<biblScope unit="page" from="138" to="143" />
		</imprint>
	</monogr>
	<note>Second Joint Conference on Lexical and Computational Semantics (*SEM)</note>
	<note type="raw_reference">Hendrickx, I., Kozareva, Z., Nakov, P., Ó Séaghdha, D., Szpakowicz, S., and Veale, T. (2013). SemEval- 2013 task 4: Free paraphrases of noun compounds. In Second Joint Conference on Lexical and Compu- tational Semantics (*SEM), Volume 2: Proceedings of the Seventh International Workshop on Semantic Evaluation (SemEval 2013), pages 138-143, Atlanta, Georgia, USA, June. Association for Computational Linguistics.</note>
</biblStruct>

<biblStruct xml:id="b15">
	<analytic>
		<title level="a" type="main">Machine learning models for paraphrase identification and its applications on plagiarism detection</title>
		<author>
			<persName><forename type="first">E</forename><surname>Hunt</surname></persName>
		</author>
		<author>
			<persName><forename type="first">R</forename><surname>Janamsetty</surname></persName>
		</author>
		<author>
			<persName><forename type="first">C</forename><surname>Kinares</surname></persName>
		</author>
		<author>
			<persName><forename type="first">C</forename><surname>Koh</surname></persName>
		</author>
		<author>
			<persName><forename type="first">A</forename><surname>Sanchez</surname></persName>
		</author>
		<author>
			<persName><forename type="first">F</forename><surname>Zhan</surname></persName>
		</author>
		<author>
			<persName><forename type="first">M</forename><surname>Ozdemir</surname></persName>
		</author>
		<author>
			<persName><forename type="first">S</forename><surname>Waseem</surname></persName>
		</author>
		<author>
			<persName><forename type="first">O</forename><surname>Yolcu</surname></persName>
		</author>
		<author>
			<persName><forename type="first">B</forename><surname>Dahal</surname></persName>
		</author>
		<author>
			<persName><forename type="first">J</forename><surname>Zhan</surname></persName>
		</author>
		<author>
			<persName><forename type="first">L</forename><surname>Gewali</surname></persName>
		</author>
		<author>
			<persName><forename type="first">P</forename><surname>Oh</surname></persName>
		</author>
	</analytic>
	<monogr>
		<title level="m">2019 IEEE International Conference on Big Knowledge (ICBK)</title>
				<imprint>
			<date type="published" when="2019">2019</date>
			<biblScope unit="page" from="97" to="104" />
		</imprint>
	</monogr>
	<note type="raw_reference">Hunt, E., Janamsetty, R., Kinares, C., Koh, C., Sanchez, A., Zhan, F., Ozdemir, M., Waseem, S., Yolcu, O., Dahal, B., Zhan, J., Gewali, L., and Oh, P. (2019). Machine learning models for paraphrase identifica- tion and its applications on plagiarism detection. In 2019 IEEE International Conference on Big Knowl- edge (ICBK), pages 97-104.</note>
</biblStruct>

<biblStruct xml:id="b16">
	<analytic>
		<title level="a" type="main">How to ask good questions? try to leverage paraphrases</title>
		<author>
			<persName><forename type="first">X</forename><surname>Jia</surname></persName>
		</author>
		<author>
			<persName><forename type="first">W</forename><surname>Zhou</surname></persName>
		</author>
		<author>
			<persName><forename type="first">X</forename><surname>Sun</surname></persName>
		</author>
		<author>
			<persName><forename type="first">Y</forename><surname>Wu</surname></persName>
		</author>
	</analytic>
	<monogr>
		<title level="m">Proceedings of the 58th Annual Meeting of the Association for Computational Linguistics</title>
				<meeting>the 58th Annual Meeting of the Association for Computational Linguistics</meeting>
		<imprint>
			<date type="published" when="2020">2020</date>
			<biblScope unit="page" from="6130" to="6140" />
		</imprint>
	</monogr>
	<note type="raw_reference">Jia, X., Zhou, W., Sun, X., and Wu, Y. (2020). How to ask good questions? try to leverage paraphrases. In Proceedings of the 58th Annual Meeting of the Asso- ciation for Computational Linguistics, pages 6130- 6140.</note>
</biblStruct>

<biblStruct xml:id="b17">
	<monogr>
		<title level="m" type="main">Adaptation of deep bidirectional multilingual transformers for russian language</title>
		<author>
			<persName><forename type="first">Y</forename><surname>Kuratov</surname></persName>
		</author>
		<author>
			<persName><forename type="first">M</forename><surname>Arkhipov</surname></persName>
		</author>
		<idno type="arXiv">arXiv:1905.07213</idno>
		<imprint>
			<date type="published" when="2019">2019</date>
		</imprint>
	</monogr>
	<note type="report_type">arXiv preprint</note>
	<note type="raw_reference">Kuratov, Y. and Arkhipov, M. (2019). Adaptation of deep bidirectional multilingual transformers for rus- sian language. arXiv preprint arXiv:1905.07213.</note>
</biblStruct>

<biblStruct xml:id="b18">
	<analytic>
		<title level="a" type="main">A continuously growing dataset of sentential paraphrases</title>
		<author>
			<persName><forename type="first">W</forename><surname>Lan</surname></persName>
		</author>
		<author>
			<persName><forename type="first">S</forename><surname>Qiu</surname></persName>
		</author>
		<author>
			<persName><forename type="first">H</forename><surname>He</surname></persName>
		</author>
		<author>
			<persName><forename type="first">W</forename><surname>Xu</surname></persName>
		</author>
	</analytic>
	<monogr>
		<title level="m">Proceedings of the 2017 Conference on Empirical Methods in Natural Language Processing</title>
				<meeting>the 2017 Conference on Empirical Methods in Natural Language Processing<address><addrLine>Copenhagen, Denmark</addrLine></address></meeting>
		<imprint>
			<publisher>Association for Computational Linguistics</publisher>
			<date type="published" when="2017-09">2017. September</date>
			<biblScope unit="page" from="1224" to="1234" />
		</imprint>
	</monogr>
	<note type="raw_reference">Lan, W., Qiu, S., He, H., and Xu, W. (2017). A con- tinuously growing dataset of sentential paraphrases. In Proceedings of the 2017 Conference on Empiri- cal Methods in Natural Language Processing, pages 1224-1234, Copenhagen, Denmark, September. As- sociation for Computational Linguistics.</note>
</biblStruct>

<biblStruct xml:id="b19">
	<analytic>
		<title level="a" type="main">Chinese language model adaptation based on document classification and multiple domain-specific language models</title>
		<author>
			<persName><forename type="first">S.-C</forename><surname>Lin</surname></persName>
		</author>
		<author>
			<persName><forename type="first">C.-L</forename><surname>Tsai</surname></persName>
		</author>
		<author>
			<persName><forename type="first">L.-F</forename><surname>Chien</surname></persName>
		</author>
		<author>
			<persName><forename type="first">K.-J</forename><surname>Chen</surname></persName>
		</author>
		<author>
			<persName><forename type="first">L.-S</forename><surname>Lee</surname></persName>
		</author>
	</analytic>
	<monogr>
		<title level="m">Fifth European Conference on Speech Communication and Technology</title>
				<imprint>
			<date type="published" when="1997">1997</date>
		</imprint>
	</monogr>
	<note type="raw_reference">Lin, S.-C., Tsai, C.-L., Chien, L.-F., Chen, K.-J., and Lee, L.-S. (1997). Chinese language model adapta- tion based on document classification and multiple domain-specific language models. In Fifth European Conference on Speech Communication and Technol- ogy.</note>
</biblStruct>

<biblStruct xml:id="b20">
	<analytic>
		<title level="a" type="main">Using paraphrases for parameter tuning in statistical machine translation</title>
		<author>
			<persName><forename type="first">N</forename><surname>Madnani</surname></persName>
		</author>
		<author>
			<persName><forename type="first">N</forename><forename type="middle">F</forename><surname>Ayan</surname></persName>
		</author>
		<author>
			<persName><forename type="first">P</forename><surname>Resnik</surname></persName>
		</author>
		<author>
			<persName><forename type="first">B</forename><surname>Dorr</surname></persName>
		</author>
	</analytic>
	<monogr>
		<title level="m">Proceedings of the Second Workshop on Statistical Machine Translation</title>
				<meeting>the Second Workshop on Statistical Machine Translation</meeting>
		<imprint>
			<date type="published" when="2007">2007</date>
			<biblScope unit="page" from="120" to="127" />
		</imprint>
	</monogr>
	<note type="raw_reference">Madnani, N., Ayan, N. F., Resnik, P., and Dorr, B. (2007). Using paraphrases for parameter tuning in statistical machine translation. In Proceedings of the Second Workshop on Statistical Machine Translation, pages 120-127.</note>
</biblStruct>

<biblStruct xml:id="b21">
	<monogr>
		<title level="m" type="main">Automatic summarization</title>
		<author>
			<persName><forename type="first">I</forename><surname>Mani</surname></persName>
		</author>
		<author>
			<persName><forename type="first">M</forename><forename type="middle">T</forename><surname>Maybury</surname></persName>
		</author>
		<imprint>
			<date type="published" when="2001">2001</date>
		</imprint>
	</monogr>
	<note type="raw_reference">Mani, I. and Maybury, M. T. (2001). Automatic sum- marization.</note>
</biblStruct>

<biblStruct xml:id="b22">
	<analytic>
		<title level="a" type="main">Simultaneous translation and paraphrase for language education</title>
		<author>
			<persName><forename type="first">S</forename><surname>Mayhew</surname></persName>
		</author>
		<author>
			<persName><forename type="first">K</forename><surname>Bicknell</surname></persName>
		</author>
		<author>
			<persName><forename type="first">C</forename><surname>Brust</surname></persName>
		</author>
		<author>
			<persName><forename type="first">B</forename><surname>Mcdowell</surname></persName>
		</author>
		<author>
			<persName><forename type="first">W</forename><surname>Monroe</surname></persName>
		</author>
		<author>
			<persName><forename type="first">B</forename><surname>Settles</surname></persName>
		</author>
	</analytic>
	<monogr>
		<title level="m">Proceedings of the Fourth Workshop on Neural Generation and Translation</title>
				<meeting>the Fourth Workshop on Neural Generation and Translation</meeting>
		<imprint>
			<date type="published" when="2020">2020</date>
			<biblScope unit="page" from="232" to="243" />
		</imprint>
	</monogr>
	<note type="raw_reference">Mayhew, S., Bicknell, K., Brust, C., McDowell, B., Monroe, W., and Settles, B. (2020). Simultaneous translation and paraphrase for language education. Proceedings of the Fourth Workshop on Neural Generation and Translation, pages 232-243.</note>
</biblStruct>

<biblStruct xml:id="b23">
	<analytic>
		<title level="a" type="main">Advances in pre-training distributed word representations</title>
		<author>
			<persName><forename type="first">T</forename><surname>Mikolov</surname></persName>
		</author>
		<author>
			<persName><forename type="first">E</forename><surname>Grave</surname></persName>
		</author>
		<author>
			<persName><forename type="first">P</forename><surname>Bojanowski</surname></persName>
		</author>
		<author>
			<persName><forename type="first">C</forename><surname>Puhrsch</surname></persName>
		</author>
		<author>
			<persName><forename type="first">A</forename><surname>Joulin</surname></persName>
		</author>
	</analytic>
	<monogr>
		<title level="m">Proceedings of the International Conference on Language Resources and Evaluation</title>
				<meeting>the International Conference on Language Resources and Evaluation</meeting>
		<imprint>
			<date type="published" when="2018">2018. 2018</date>
		</imprint>
	</monogr>
	<note type="raw_reference">Mikolov, T., Grave, E., Bojanowski, P., Puhrsch, C., and Joulin, A. (2018). Advances in pre-training distributed word representations. In Proceedings of the International Conference on Language Resources and Evaluation (LREC 2018).</note>
</biblStruct>

<biblStruct xml:id="b24">
	<analytic>
		<title level="a" type="main">Paraphrastic sentence compression with a character-based metric: Tightening without deletion</title>
		<author>
			<persName><forename type="first">C</forename><surname>Napoles</surname></persName>
		</author>
		<author>
			<persName><forename type="first">C</forename><surname>Callison-Burch</surname></persName>
		</author>
		<author>
			<persName><forename type="first">J</forename><surname>Ganitkevitch</surname></persName>
		</author>
		<author>
			<persName><forename type="first">B</forename><surname>Van Durme</surname></persName>
		</author>
	</analytic>
	<monogr>
		<title level="m">Proceedings of the Workshop on Monolingual Text-To-Text Generation</title>
				<meeting>the Workshop on Monolingual Text-To-Text Generation</meeting>
		<imprint>
			<date type="published" when="2011">2011</date>
			<biblScope unit="page" from="84" to="90" />
		</imprint>
	</monogr>
	<note type="raw_reference">Napoles, C., Callison-Burch, C., Ganitkevitch, J., and Van Durme, B. (2011). Paraphrastic sentence com- pression with a character-based metric: Tightening without deletion. In Proceedings of the Workshop on Monolingual Text-To-Text Generation, pages 84-90.</note>
</biblStruct>

<biblStruct xml:id="b25">
	<analytic>
		<title level="a" type="main">Facebook fair&apos;s wmt19 news translation task submission</title>
		<author>
			<persName><forename type="first">N</forename><surname>Ng</surname></persName>
		</author>
		<author>
			<persName><forename type="first">K</forename><surname>Yee</surname></persName>
		</author>
		<author>
			<persName><forename type="first">A</forename><surname>Baevski</surname></persName>
		</author>
		<author>
			<persName><forename type="first">M</forename><surname>Ott</surname></persName>
		</author>
		<author>
			<persName><forename type="first">M</forename><surname>Auli</surname></persName>
		</author>
		<author>
			<persName><forename type="first">S</forename><surname>Edunov</surname></persName>
		</author>
	</analytic>
	<monogr>
		<title level="m">Proceedings of the Fourth Conference on Machine Translation</title>
				<meeting>the Fourth Conference on Machine Translation</meeting>
		<imprint>
			<date type="published" when="2019">2019</date>
			<biblScope unit="volume">2</biblScope>
			<biblScope unit="page" from="314" to="319" />
		</imprint>
	</monogr>
	<note>Shared Task Papers, Day 1)</note>
	<note type="raw_reference">Ng, N., Yee, K., Baevski, A., Ott, M., Auli, M., and Edunov, S. (2019). Facebook fair&apos;s wmt19 news translation task submission. In Proceedings of the Fourth Conference on Machine Translation (Volume 2: Shared Task Papers, Day 1), pages 314-319.</note>
</biblStruct>

<biblStruct xml:id="b26">
	<monogr>
		<title level="m" type="main">Improving paraphrase detection with the adversarial paraphrasing task</title>
		<author>
			<persName><forename type="first">A</forename><surname>Nighojkar</surname></persName>
		</author>
		<author>
			<persName><forename type="first">J</forename><surname>Licato</surname></persName>
		</author>
		<idno type="arXiv">arXiv:2106.07691</idno>
		<imprint>
			<date type="published" when="2021">2021</date>
		</imprint>
	</monogr>
	<note type="report_type">arXiv preprint</note>
	<note type="raw_reference">Nighojkar, A. and Licato, J. (2021). Improving para- phrase detection with the adversarial paraphrasing task. arXiv preprint arXiv:2106.07691.</note>
</biblStruct>

<biblStruct xml:id="b27">
	<analytic>
		<title level="a" type="main">Paraphraser: Russian paraphrase corpus and shared task</title>
		<author>
			<persName><forename type="first">L</forename><surname>Pivovarova</surname></persName>
		</author>
		<author>
			<persName><forename type="first">E</forename><surname>Pronoza</surname></persName>
		</author>
		<author>
			<persName><forename type="first">E</forename><surname>Yagunova</surname></persName>
		</author>
		<author>
			<persName><forename type="first">A</forename><surname>Pronoza</surname></persName>
		</author>
	</analytic>
	<monogr>
		<title level="m">Conference on Artificial Intelligence and Natural Language</title>
				<imprint>
			<publisher>Springer</publisher>
			<date type="published" when="2017">2017</date>
			<biblScope unit="page" from="211" to="225" />
		</imprint>
	</monogr>
	<note type="raw_reference">Pivovarova, L., Pronoza, E., Yagunova, E., and Pronoza, A. (2017). Paraphraser: Russian paraphrase cor- pus and shared task. In Conference on Artificial Intelligence and Natural Language, pages 211-225. Springer.</note>
</biblStruct>

<biblStruct xml:id="b28">
	<monogr>
		<title level="m" type="main">Language models are unsupervised multitask learners</title>
		<author>
			<persName><forename type="first">A</forename><surname>Radford</surname></persName>
		</author>
		<author>
			<persName><forename type="first">J</forename><surname>Wu</surname></persName>
		</author>
		<author>
			<persName><forename type="first">R</forename><surname>Child</surname></persName>
		</author>
		<author>
			<persName><forename type="first">D</forename><surname>Luan</surname></persName>
		</author>
		<author>
			<persName><forename type="first">D</forename><surname>Amodei</surname></persName>
		</author>
		<author>
			<persName><forename type="first">I</forename><surname>Sutskever</surname></persName>
		</author>
		<imprint>
			<date type="published" when="2019">2019</date>
		</imprint>
	</monogr>
	<note type="raw_reference">Radford, A., Wu, J., Child, R., Luan, D., Amodei, D., and Sutskever, I. (2019). Language models are un- supervised multitask learners.</note>
</biblStruct>

<biblStruct xml:id="b29">
	<analytic>
		<title level="a" type="main">The paraplag: Russian dataset for paraphrased plagiarism detection</title>
		<author>
			<persName><forename type="first">I</forename><surname>Sochenkov</surname></persName>
		</author>
		<author>
			<persName><forename type="first">D</forename><surname>Zubarev</surname></persName>
		</author>
		<author>
			<persName><forename type="first">I</forename><surname>Smirnov</surname></persName>
		</author>
	</analytic>
	<monogr>
		<title level="m">Computational Linguistics and Intellectual Technologies: Papers from the Annual International Conference</title>
				<imprint>
			<date type="published" when="2017">2017</date>
			<biblScope unit="volume">1</biblScope>
			<biblScope unit="page" from="284" to="297" />
		</imprint>
	</monogr>
	<note type="raw_reference">Sochenkov, I., Zubarev, D., and Smirnov, I. (2017). The paraplag: Russian dataset for paraphrased plagiarism detection. In Computational Linguistics and Intel- lectual Technologies: Papers from the Annual In- ternational Conference &quot;Dialogue, volume 1, pages 284-297.</note>
</biblStruct>

<biblStruct xml:id="b30">
	<analytic>
		<title level="a" type="main">Dynamic pooling and unfolding recursive autoencoders for paraphrase detection</title>
		<author>
			<persName><forename type="first">R</forename><surname>Socher</surname></persName>
		</author>
		<author>
			<persName><forename type="first">E</forename><forename type="middle">H</forename><surname>Huang</surname></persName>
		</author>
		<author>
			<persName><forename type="first">J</forename><surname>Pennington</surname></persName>
		</author>
		<author>
			<persName><forename type="first">A</forename><forename type="middle">Y</forename><surname>Ng</surname></persName>
		</author>
		<author>
			<persName><forename type="first">C</forename><forename type="middle">D</forename><surname>Manning</surname></persName>
		</author>
	</analytic>
	<monogr>
		<title level="m">NIPS</title>
				<imprint>
			<date type="published" when="2011">2011</date>
			<biblScope unit="volume">24</biblScope>
			<biblScope unit="page" from="801" to="809" />
		</imprint>
	</monogr>
	<note type="raw_reference">Socher, R., Huang, E. H., Pennington, J., Ng, A. Y., and Manning, C. D. (2011). Dynamic pooling and unfolding recursive autoencoders for paraphrase de- tection. In NIPS, volume 24, pages 801-809.</note>
</biblStruct>

<biblStruct xml:id="b31">
	<analytic>
		<title level="a" type="main">Interrogative reformulation patterns and acquisition of question paraphrases</title>
		<author>
			<persName><forename type="first">N</forename><surname>Tomuro</surname></persName>
		</author>
	</analytic>
	<monogr>
		<title level="m">Proceedings of the second international workshop on Paraphrasing</title>
				<meeting>the second international workshop on Paraphrasing</meeting>
		<imprint>
			<date type="published" when="2003">2003</date>
			<biblScope unit="page" from="33" to="40" />
		</imprint>
	</monogr>
	<note type="raw_reference">Tomuro, N. (2003). Interrogative reformulation pat- terns and acquisition of question paraphrases. In Proceedings of the second international workshop on Paraphrasing, pages 33-40.</note>
</biblStruct>

<biblStruct xml:id="b32">
	<analytic>
		<title level="a" type="main">Is this a paraphrase? what kind? paraphrase boundaries and typology</title>
		<author>
			<persName><forename type="first">M</forename><surname>Vila</surname></persName>
		</author>
		<author>
			<persName><forename type="first">M</forename><forename type="middle">A</forename><surname>Martí</surname></persName>
		</author>
		<author>
			<persName><forename type="first">H</forename><surname>Rodríguez</surname></persName>
		</author>
	</analytic>
	<monogr>
		<title level="j">Open Journal of Modern Linguistics</title>
		<imprint>
			<biblScope unit="volume">4</biblScope>
			<biblScope unit="issue">01</biblScope>
			<biblScope unit="page">205</biblScope>
			<date type="published" when="2014">2014</date>
		</imprint>
	</monogr>
	<note type="raw_reference">Vila, M., Martí, M. A., Rodríguez, H., et al. (2014). Is this a paraphrase? what kind? paraphrase boundaries and typology. Open Journal of Modern Linguistics, 4(01):205.</note>
</biblStruct>

<biblStruct xml:id="b33">
	<analytic>
		<title level="a" type="main">GLUE: A multi-task benchmark and analysis platform for natural language understanding</title>
		<author>
			<persName><forename type="first">A</forename><surname>Wang</surname></persName>
		</author>
		<author>
			<persName><forename type="first">A</forename><surname>Singh</surname></persName>
		</author>
		<author>
			<persName><forename type="first">J</forename><surname>Michael</surname></persName>
		</author>
		<author>
			<persName><forename type="first">F</forename><surname>Hill</surname></persName>
		</author>
		<author>
			<persName><forename type="first">O</forename><surname>Levy</surname></persName>
		</author>
		<author>
			<persName><forename type="first">S</forename><surname>Bowman</surname></persName>
		</author>
	</analytic>
	<monogr>
		<title level="m">Proceedings of the 2018 EMNLP Workshop BlackboxNLP: Analyzing and Interpreting Neural Networks for NLP</title>
				<meeting>the 2018 EMNLP Workshop BlackboxNLP: Analyzing and Interpreting Neural Networks for NLP<address><addrLine>Brussels, Belgium</addrLine></address></meeting>
		<imprint>
			<publisher>Association for Computational Linguistics</publisher>
			<date type="published" when="2018-11">2018. November</date>
			<biblScope unit="page" from="353" to="355" />
		</imprint>
	</monogr>
	<note type="raw_reference">Wang, A., Singh, A., Michael, J., Hill, F., Levy, O., and Bowman, S. (2018). GLUE: A multi-task bench- mark and analysis platform for natural language un- derstanding. In Proceedings of the 2018 EMNLP Workshop BlackboxNLP: Analyzing and Interpreting Neural Networks for NLP, pages 353-355, Brussels, Belgium, November. Association for Computational Linguistics.</note>
</biblStruct>

<biblStruct xml:id="b34">
	<monogr>
		<author>
			<persName><forename type="first">W</forename><surname>Xu</surname></persName>
		</author>
		<author>
			<persName><forename type="first">C</forename><surname>Callison-Burch</surname></persName>
		</author>
		<author>
			<persName><forename type="first">W</forename><forename type="middle">B</forename><surname>Dolan</surname></persName>
		</author>
		<title level="m">Proceedings of the 9th international workshop on semantic evaluation</title>
				<meeting>the 9th international workshop on semantic evaluation</meeting>
		<imprint>
			<date type="published" when="2015">2015. SemEval 2015</date>
			<biblScope unit="page" from="1" to="11" />
		</imprint>
	</monogr>
	<note>Semeval-2015 task 1: Paraphrase and semantic similarity in twitter</note>
	<note type="raw_reference">Xu, W., Callison-Burch, C., and Dolan, W. B. (2015). Semeval-2015 task 1: Paraphrase and semantic simi- larity in twitter (pit). In Proceedings of the 9th inter- national workshop on semantic evaluation (SemEval 2015), pages 1-11.</note>
</biblStruct>

<biblStruct xml:id="b35">
	<analytic>
		<title level="a" type="main">PAWS-X: A cross-lingual adversarial dataset for paraphrase identification</title>
		<author>
			<persName><forename type="first">Y</forename><surname>Yang</surname></persName>
		</author>
		<author>
			<persName><forename type="first">Y</forename><surname>Zhang</surname></persName>
		</author>
		<author>
			<persName><forename type="first">C</forename><surname>Tar</surname></persName>
		</author>
		<author>
			<persName><forename type="first">J</forename><surname>Baldridge</surname></persName>
		</author>
	</analytic>
	<monogr>
		<title level="m">Proceedings of the 2019 Conference on Empirical Methods in Natural Language Processing and the 9th International Joint Conference on Natural Language Processing (EMNLP-IJCNLP)</title>
				<meeting>the 2019 Conference on Empirical Methods in Natural Language Processing and the 9th International Joint Conference on Natural Language Processing (EMNLP-IJCNLP)<address><addrLine>Hong Kong, China</addrLine></address></meeting>
		<imprint>
			<publisher>Association for Computational Linguistics</publisher>
			<date type="published" when="2019-11">2019. November</date>
			<biblScope unit="page" from="3687" to="3692" />
		</imprint>
	</monogr>
	<note type="raw_reference">Yang, Y., Zhang, Y., Tar, C., and Baldridge, J. (2019). PAWS-X: A cross-lingual adversarial dataset for paraphrase identification. In Proceedings of the 2019 Conference on Empirical Methods in Natu- ral Language Processing and the 9th International Joint Conference on Natural Language Processing (EMNLP-IJCNLP), pages 3687-3692, Hong Kong, China, November. Association for Computational Linguistics.</note>
</biblStruct>

<biblStruct xml:id="b36">
	<analytic>
		<title level="a" type="main">Answering questions with complex semantic constraints on open knowledge bases</title>
		<author>
			<persName><forename type="first">P</forename><surname>Yin</surname></persName>
		</author>
		<author>
			<persName><forename type="first">N</forename><surname>Duan</surname></persName>
		</author>
		<author>
			<persName><forename type="first">B</forename><surname>Kao</surname></persName>
		</author>
		<author>
			<persName><forename type="first">J</forename><surname>Bao</surname></persName>
		</author>
		<author>
			<persName><forename type="first">M</forename><surname>Zhou</surname></persName>
		</author>
	</analytic>
	<monogr>
		<title level="m">Proceedings of the 24th ACM International on Conference on Information and Knowledge Management</title>
				<meeting>the 24th ACM International on Conference on Information and Knowledge Management</meeting>
		<imprint>
			<date type="published" when="2015">2015</date>
			<biblScope unit="page" from="1301" to="1310" />
		</imprint>
	</monogr>
	<note type="raw_reference">Yin, P., Duan, N., Kao, B., Bao, J., and Zhou, M. (2015). Answering questions with complex semantic constraints on open knowledge bases. In Proceed- ings of the 24th ACM International on Conference on Information and Knowledge Management, pages 1301-1310.</note>
</biblStruct>

<biblStruct xml:id="b37">
	<analytic>
		<title level="a" type="main">Paraphrase identification by text canonicalization</title>
		<author>
			<persName><forename type="first">Y</forename><surname>Zhang</surname></persName>
		</author>
		<author>
			<persName><forename type="first">J</forename><surname>Patrick</surname></persName>
		</author>
	</analytic>
	<monogr>
		<title level="m">Proceedings of the Australasian Language Technology Workshop 2005</title>
				<meeting>the Australasian Language Technology Workshop 2005</meeting>
		<imprint>
			<date type="published" when="2005">2005</date>
			<biblScope unit="page" from="160" to="166" />
		</imprint>
	</monogr>
	<note type="raw_reference">Zhang, Y. and Patrick, J. (2005). Paraphrase identifica- tion by text canonicalization. In Proceedings of the Australasian Language Technology Workshop 2005, pages 160-166.</note>
</biblStruct>

<biblStruct xml:id="b38">
	<analytic>
		<title level="a" type="main">Semantic sentence embeddings for paraphrasing and text summarization</title>
		<author>
			<persName><forename type="first">C</forename><surname>Zhang</surname></persName>
		</author>
		<author>
			<persName><forename type="first">S</forename><surname>Sah</surname></persName>
		</author>
		<author>
			<persName><forename type="first">T</forename><surname>Nguyen</surname></persName>
		</author>
		<author>
			<persName><forename type="first">D</forename><surname>Peri</surname></persName>
		</author>
		<author>
			<persName><forename type="first">A</forename><surname>Loui</surname></persName>
		</author>
		<author>
			<persName><forename type="first">C</forename><surname>Salvaggio</surname></persName>
		</author>
		<author>
			<persName><forename type="first">R</forename><surname>Ptucha</surname></persName>
		</author>
	</analytic>
	<monogr>
		<title level="m">2017 IEEE Global Conference on Signal and Information Processing (GlobalSIP)</title>
				<imprint>
			<publisher>IEEE</publisher>
			<date type="published" when="2017">2017</date>
			<biblScope unit="page" from="705" to="709" />
		</imprint>
	</monogr>
	<note type="raw_reference">Zhang, C., Sah, S., Nguyen, T., Peri, D., Loui, A., Salvaggio, C., and Ptucha, R. (2017). Semantic sen- tence embeddings for paraphrasing and text summa- rization. In 2017 IEEE Global Conference on Signal and Information Processing (GlobalSIP), pages 705- 709. IEEE.</note>
</biblStruct>

<biblStruct xml:id="b39">
	<analytic>
		<title level="a" type="main">PAWS: Paraphrase adversaries from word scrambling</title>
		<author>
			<persName><forename type="first">Y</forename><surname>Zhang</surname></persName>
		</author>
		<author>
			<persName><forename type="first">J</forename><surname>Baldridge</surname></persName>
		</author>
		<author>
			<persName><forename type="first">L</forename><surname>He</surname></persName>
		</author>
	</analytic>
	<monogr>
		<title level="m">Proceedings of the 2019 Conference of the North American Chapter of the Association for Computational Linguistics: Human Language Technologies</title>
		<title level="s">Long and Short Papers</title>
		<meeting>the 2019 Conference of the North American Chapter of the Association for Computational Linguistics: Human Language Technologies<address><addrLine>Minneapolis, Minnesota</addrLine></address></meeting>
		<imprint>
			<publisher>Association for Computational Linguistics</publisher>
			<date type="published" when="2019-06">2019. June</date>
			<biblScope unit="volume">1</biblScope>
			<biblScope unit="page" from="1298" to="1308" />
		</imprint>
	</monogr>
	<note type="raw_reference">Zhang, Y., Baldridge, J., and He, L. (2019). PAWS: Paraphrase adversaries from word scrambling. In Proceedings of the 2019 Conference of the North American Chapter of the Association for Computa- tional Linguistics: Human Language Technologies, Volume 1 (Long and Short Papers), pages 1298- 1308, Minneapolis, Minnesota, June. Association for Computational Linguistics.</note>
</biblStruct>

<biblStruct xml:id="b40">
	<monogr>
		<title level="m" type="main">Language Resource References</title>
		<imprint/>
	</monogr>
	<note type="raw_reference">Language Resource References</note>
</biblStruct>

				</listBibl>
			</div>
		</back>
	</text>
</TEI>
