<?xml version="1.0" encoding="UTF-8"?>
<TEI xml:space="preserve" xmlns="http://www.tei-c.org/ns/1.0" 
xmlns:xsi="http://www.w3.org/2001/XMLSchema-instance" 
xsi:schemaLocation="http://www.tei-c.org/ns/1.0 https://raw.githubusercontent.com/kermitt2/grobid/master/grobid-home/schemas/xsd/Grobid.xsd"
 xmlns:xlink="http://www.w3.org/1999/xlink">
	<teiHeader xml:lang="en">
		<fileDesc>
			<titleStmt>
				<title level="a" type="main">Detecting Users Prone to Spread Fake News on Arabic Twitter</title>
			</titleStmt>
			<publicationStmt>
				<publisher/>
				<availability status="unknown"><licence/></availability>
			</publicationStmt>
			<sourceDesc>
				<biblStruct>
					<analytic>
						<author>
							<persName><forename type="first">Zien</forename><surname>Sheikh</surname></persName>
							<affiliation key="aff0">
								<orgName type="department">Computer Science and Engineering Department</orgName>
								<address>
									<country>Qatar University</country>
								</address>
							</affiliation>
						</author>
						<author>
							<persName><forename type="first">Abdulaziz</forename><surname>Al-Ali</surname></persName>
							<email>a.alali@qu.edu.qa</email>
							<affiliation key="aff0">
								<orgName type="department">Computer Science and Engineering Department</orgName>
								<address>
									<country>Qatar University</country>
								</address>
							</affiliation>
							<affiliation key="aff1">
								<orgName type="laboratory">KINDI Center for Computing Research</orgName>
								<address>
									<country>Qatar University</country>
								</address>
							</affiliation>
						</author>
						<author>
							<persName><forename type="first">Tamer</forename><surname>Elsayed</surname></persName>
							<email>telsayed@qu.edu.qa</email>
							<affiliation key="aff0">
								<orgName type="department">Computer Science and Engineering Department</orgName>
								<address>
									<country>Qatar University</country>
								</address>
							</affiliation>
						</author>
						<title level="a" type="main">Detecting Users Prone to Spread Fake News on Arabic Twitter</title>
					</analytic>
					<monogr>
						<imprint>
							<date/>
						</imprint>
					</monogr>
					<idno type="MD5">5948FA52346AFFED41FC06EA1897C6F7</idno>
				</biblStruct>
			</sourceDesc>
		</fileDesc>
		<encodingDesc>
			<appInfo>
				<application version="0.7.3-SNAPSHOT" ident="GROBID" when="2023-01-12T08:38+0000">
					<desc>GROBID - A machine learning software for extracting information from scholarly documents</desc>
					<ref target="https://github.com/kermitt2/grobid"/>
				</application>
			</appInfo>
		</encodingDesc>
		<profileDesc>
			<textClass>
				<keywords>
					<term>Misinformation</term>
					<term>Social Media</term>
					<term>Source Credibility</term>
					<term>Fake News</term>
				</keywords>
			</textClass>
			<abstract>
<div xmlns="http://www.tei-c.org/ns/1.0"><p>The spread of misinformation has become a major concern to our society, and social media is one of its main culprits. Evidently, health misinformation related to vaccinations has slowed down global efforts to fight the COVID-19 pandemic. Studies have shown that fake news spreads substantially faster than real news on social media networks. One way to limit this fast dissemination is by assessing information sources in a semi-automatic way. To this end, we aim to identify users who are prone to spread fake news in Arabic Twitter. Such users play an important role in spreading misinformation and identifying them has the potential to control the spread. We construct an Arabic dataset on Twitter users, which consists of 1,546 users, of which 541 are prone to spread fake news (based on our definition). We use features extracted from users' recent tweets, e.g., linguistic, statistical, and profile features, to predict whether they are prone to spread fake news or not. To tackle the classification task, multiple learning models are employed and evaluated. Empirical results reveal promising detection performance, where an F1 score of 0.73 was achieved by the logistic regression model. Moreover, when tested on a benchmark English dataset, our approach has outperformed the current state-of-the-art for this task.</p></div>
			</abstract>
		</profileDesc>
	</teiHeader>
	<text xml:lang="en">
		<body>
<div xmlns="http://www.tei-c.org/ns/1.0"><head n="1.">Introduction</head><p>Twitter has evolved into a popular social media platform for news sharing. It allows tweets to reach a larger audience quickly through retweets and likes. The platform is commonly used by news outlets, governments, and public figures to communicate the latest news in a brief manner and engage with their followers <ref type="bibr" target="#b25">(Vosoughi et al., 2018)</ref>. While Twitter can be an effective tool to express thoughts and engage with authorities and organizations, it is also misused to generate fabricated information and occasionally manipulate the public opinion. Misinformation can spread faster, deeper and wider in social networks compared to traditional media sources <ref type="bibr" target="#b25">(Vosoughi et al., 2018)</ref>. This wide spread of misinformation causes a serious impact on society and individuals. In the past few years, Arabic social media has been utilized to spread state propaganda, attack political parties, and mislead the society <ref type="bibr" target="#b10">(Jones, 2019)</ref>. Moreover, with the recent COVID-19 outbreak, health related misinformation has proliferated on Arabic social media <ref type="bibr" target="#b11">(Jones, 2020)</ref>. Spreading anti-vaccine misinformation has contributed in large public hesitancy, which is now hindering the national global efforts to fight the pandemic. Misinformation nowadays is not only used as a political weapon, but it also poses a serious risk to society and public health. Previous studies have targeted misinformation on Arabic social media from a content-based perspective, by verifying the content of a single post or a tweet <ref type="bibr" target="#b2">(El Ballouli et al., 2017;</ref><ref type="bibr" target="#b15">Nakov et al., 2021;</ref><ref type="bibr" target="#b7">Harrag and Djahli, 2022;</ref><ref type="bibr" target="#b5">Haouari et al., 2021a)</ref>. However, only a few studies explored this task from a source-based perspective. The spread of misinformation can be effectively miti-gated by identifying the credibility of the source of the information <ref type="bibr" target="#b23">(Shu et al., 2020)</ref>. In social media, users are contributing to the spread of fake news by retweeting and engaging with the information. It was found by <ref type="bibr" target="#b19">Shao et al. (2018)</ref> that fake news tends to attract both malicious and normal users. The goal of malicious users is to achieve personal benefits, while normal users often spread misinformation unintentionally. Contrary to previous studies that target malicious users that intentionally spread misinformation (e.g., bots <ref type="bibr" target="#b26">(Yang et al., 2020)</ref> and trolls <ref type="bibr" target="#b13">(Mihaylov et al., 2015)</ref>), our work is concerned with users that are prone to spread fake news. We define them as users that contribute in the diffusion and amplification of misinformation on Twitter, either intentionally or unintentionally.</p><p>Recognizing that type of users on Twitter is an important task that can be employed to combat the spread of fake news. For example, a tool to identify fake news spreaders can be an explicit addition to fake news detection systems. In this paper, we aim to identify users prone to spread fake news on Arabic Twitter. Our objective is to classify a user as either prone to spread fake news, or not. Due to the lack of Arabic datasets for this task, we proposed a data collection pipeline to collect claims, tweets, and users for this task. We explored a range of different features extracted from the user timeline, such as textual, profile, statistical, and emotional features. Finally, we evaluated the performance of multiple learning models on our Arabic dataset, as well as publicly available English benchmark dataset. The contributions of this paper are three-fold:</p><p>• We propose a method for constructing a user dataset using a set of previously-verified claims.</p><p>• We propose the first model to detect users prone to spread Arabic fake news.</p><p>• We made the source code and features used in our experiments publicly available for reproducibility and further research.<ref type="foot" target="#foot_0">1</ref> </p><p>The rest of the paper is organized as follows. Section 2 summarizes related work. Section 3 describes our user data collection process. Section 4 outlines our methodology. Section 5 shows our experimental evaluation and results, and Section 7 concludes.</p></div>
<div xmlns="http://www.tei-c.org/ns/1.0"><head n="2.">Related work</head><p>In this section, we review the literature for related work on the task of detecting misinformation spreaders on social media. We discuss efforts on profiling users that spread misinformation (Section 2.1). Second, we review the different approaches that collect datasets of Twitter users to identify their role in spreading fake news (Section 2.2).</p></div>
<div xmlns="http://www.tei-c.org/ns/1.0"><head n="2.1.">Classifying Misinformation Spreaders on Social Media</head><p>The task of classifying misinformation spreaders remains under-explored. Recent attention has focused on identifying social media users that spread fake news. <ref type="bibr">Rangel et al. organized</ref> an Author Profiling Shared task at CLEF 2020 <ref type="bibr" target="#b16">(Rangel et al., 2020)</ref>. The task is defined as follows, given a Twitter user's recent tweets, determine whether they are keen to spread fake news or not.</p><p>The authors provide a corpus of Twitter users and their recent 100 tweets. The languages covered are English and Spanish only. The task received 66 participants, and the highest Accuracy scores achieved were 75% on the English dataset and 82% on the Spanish dataset.</p><p>It is worth mentioning that the highest performance was achieved using a stacked ensemble classifier of five machine learning algorithms; four of the base models use character n-grams as features, while the fifth model uses features based on statistics of the tweets such as the average length of the tweets <ref type="bibr" target="#b0">(Buda and Bolonyai, 2020)</ref>. All of the highest six participants in the task used a combination of n-grams and traditional machine learning approaches. <ref type="bibr" target="#b17">Rath et al. (2020)</ref> proposed a fake news spreader detection model using an inductive representation framework. Given a tweet and a directed social network, users that are more likely to spread misinformation are identified. They built a social graph of twitter users and defined modular communities using Community Health Assessment (CHA) model. Their approach identifies fake news spreaders based on a given tweet, while our approach identifies users independently. <ref type="bibr" target="#b22">Shu et al. (2019)</ref> investigated the role of user profiles for fake news detection. Their experiments show that</p></div>
<div xmlns="http://www.tei-c.org/ns/1.0"><head n="2.2.">Annotated User Datasets</head><p>Current Twitter fake news datasets are catered for verification of tweets (tweet-level verification) <ref type="bibr" target="#b5">(Haouari et al., 2021a)</ref>. Limited datasets identify the role of users in the spread of fake news. We summarize the different approaches to collect Twitter users next. <ref type="bibr" target="#b16">Rangel et al. (2020)</ref> constructed a corpus of 500 English users and 500 Spanish for PAN 2020 shared task to detect users keen to spread fake news on Twitter. The corpus was constructed as follows: first, false claims debunked by fact-checking websites (e.g. PolitiFact and Snopes) are collected. Then, Twitter is searched to find tweets relevant to these claims, where the tweets are labeled as supporting a claim or not. After annotating the tweets, the users are labeled as keen to spread fake news or not based on whether they shared at least one tweet supporting a fake claim. Finally, users with the most annotated tweets were selected.</p><p>Labelling users based on annotated tweets was similarly adopted by <ref type="bibr" target="#b19">Shao et al. (2018)</ref>, where users who are super-spreaders are identified as users that continuously spread misinformation. Another contribution by <ref type="bibr" target="#b22">Shu et al. (2019)</ref> used verified tweets from FakeNews-Net dataset <ref type="bibr" target="#b21">(Shu et al., 2018)</ref> to label users as likely to spread fake-news or likely to spread real-news.</p><p>The studies presented thus far provide solutions for profiling users who try to spread misinformation. There is however insufficient research on addressing users spreading misinformation on Arabic Twitter. To fill this gap, our study focuses on identifying users that are prone to spread Arabic fake news. While previous work has focused on misinformation datasets for the task of tweet-level verification, very few studies worked on constructing datasets for user-level verification.</p></div>
<div xmlns="http://www.tei-c.org/ns/1.0"><head n="3.">Data Collection</head><p>In this section, we describe the user data collection and annotation methodology. Our goal is to collect a set of users that are prone to spread fake news, and users that are not prone to spread fake news. To build the dataset, we modified the method used in the shared task at PAN 2020 for profiling fake news spreaders on Twitter, as described in Section 2.2. We constructed the dataset in three main stages. First, we collected sets of previously-verified Arabic claims from multiple resources. We then used those claims to find tweets that are spreading them. Finally, we identify users associated with those tweets and label them based on tweet frequencies. These stages are detailed in the next three subsections.</p></div>
<div xmlns="http://www.tei-c.org/ns/1.0"><head n="3.1.">Claim Collection</head><p>In this stage, we aim to collect real claims from the Arab world and then search for tweets that are spread- </p></div>
<div xmlns="http://www.tei-c.org/ns/1.0"><head n="3.2.">Tweet Collection</head><p>After collecting the claims, the next step is to find tweets that are relevant to them. We utilized the manually-annotated tweets from ArCOV19-Rumors dataset, where only tweets labeled as True or False were kept, and the rest were discarded, resulting in 3,025 tweets.</p><p>In the AraFacts dataset, we used the claim URLs data field, which contains URLs to Web pages that spread each claim. We identified URLs pointing to tweets and obtained their tweet IDs. The tweets were then crawled using the Twitter API yielding 2,981 tweets that are related to 1,213 claims.</p><p>After collecting the tweets from AraFacts, we manually inspected a subset of 100 tweets to verify that the tweets are indeed relevant to their corresponding claims. Surprisingly, some of the tweets were not associated with their claims, or not expressing them. Figure <ref type="figure" target="#fig_0">1</ref> shows one such example. Arguably, a user that is questioning the correctness of a claim is neutral towards it and not spreading it. Out of the 100 tweets that we inspected, 9 were found to be irrelevant to their claims. This has prompted us to manually annotate all tweet-claim pairs to verify their relevancy to the claim. The annotation task was performed by one annotator who was asked to read the tweet and the claim, then Table <ref type="table">1</ref>: Results for tweet-claim annotation task.</p><p>Once annotation was complete, we eliminated the tweets that are labeled as Other and changed the label of tweets that are labeled as Negating (i.e., a tweet that negates a True claim is labeled False and vice versa). Finally, we collected retweets of all the verified tweets from AraFacts using Twitter API.<ref type="foot" target="#foot_1">2</ref> Unlike AraFacts, the retweets for ArCOV19-Rumors are publicly available. <ref type="foot" target="#foot_2">3</ref> The total number of collected retweets is 35,698.</p></div>
<div xmlns="http://www.tei-c.org/ns/1.0"><head n="3.3.">User Collection</head><p>Since our annotated tweet collection is limited to only ArCOV19-Rumors tweets and a small subset of AraFacts claims (only 1,213 claims have annotated tweets), this step aims to capture more associated claims to each user by searching the users' timelines for occurrences of other claims from our collection. We started by using the collected tweets to identify unique users with at least 1 tweet in ArCOV19-Rumors or AraFacts. Consequently, 4,176 unique users were found. For each user, we used Twitter API to collect their timelines. The maximum number of tweets that can be crawled per user is 3,200 tweets. We then searched the users' timelines for claims using all 5,371 claims from our collection. For each user timeline, we used the ElasticSearch engine<ref type="foot" target="#foot_3">4</ref> to retrieve tweets that have high similarity with the claims' text or description. The retrieved tweets, with BM25 similarity score above 15, were manually annotated using the same annotation guidelines mentioned in Section 3.2, and then appended to the tweet collection. Next, we investigate the user collection after adding the newly annotated tweets. We count the number of users in terms of their number of verified tweets or retweets. Table <ref type="table" target="#tab_2">3</ref> summarizes our user collection. To construct our final labeled user dataset, we identify users as prone to spread fake news if they shared at least two false tweets or retweets. On the other hand, users are considered not prone to spread fake news if they shared at least one true tweet or retweet and have no record of spreading false tweets or retweets. The assumption is that users associated with frequent false tweets or retweets are more likely to be prone to spread fake news than others. Although we choose a threshold of two false tweets or retweets for users prone to spread fake news, this threshold can be adjusted by the practitioner to suit the task at hand. The threshold for users not prone to spread fake news was set to at least one true tweet. Admittedly, this criterion may introduce noise to this class, as we do not have enough evidence that those users did not spread any fake news that are not included in our verified set of claims.</p></div>
<div xmlns="http://www.tei-c.org/ns/1.0"><head n="4.">Methodology</head><p>In this section, we describe our features and models used to automatically identify users that are prone to spread fake news on Twitter.</p></div>
<div xmlns="http://www.tei-c.org/ns/1.0"><head n="4.1.">Feature Extraction</head><p>For each user, we obtain recent tweets and user's metadata using Twitter API. Features that capture information about the user's activity, popularity, and linguistic style are extracted. These features can be classified into the following five main categories:</p></div>
<div xmlns="http://www.tei-c.org/ns/1.0"><head n="4.1.1.">Textual Features</head><p>To obtain textual features, the user's recent tweets are first concatenated as one "document". We then performed light pre-processing on the text. In particular, we removed all non-alphanumeric characters, replaced URLs or media links with #URL# and #MEDIA#, and used tashaphyne library<ref type="foot" target="#foot_4">5</ref> to clean the text by removing any figuration and normalizing elongated words.</p><p>From each user's document, we derived tf-idf word ngrams, and eliminated words that appear in less than 50 documents (across all users). Additionally, we tested multiple n-gram ranges (unigrams, bigrams, and unigrams and bigrams) as a hyper-parameter for each trained model. Using n-grams as textual features was proven to be effective in PAN author profiling task <ref type="bibr" target="#b16">(Rangel et al., 2020)</ref>.</p></div>
<div xmlns="http://www.tei-c.org/ns/1.0"><head n="4.1.2.">Contextualized Embeddings</head><p>We used contextualized embeddings to represent each user's recent 100 tweets. </p></div>
<div xmlns="http://www.tei-c.org/ns/1.0"><head n="4.1.3.">Statistical Features</head><p>This category of features is derived from users' recent 3,200 tweets. We used features that describe the user impact, motivated by the work proposed by <ref type="bibr" target="#b12">Lampos et al. (2014)</ref>, in addition to timeline features that describe the user's activities. The proposed statistical features are listed below. The last three features are newly proposed in this work.</p><p>• Proportion of tweets with hashtags.</p><p>• Average number of hashtags per tweet.</p><p>• Proportion of tweets with mentions.</p><p>• Number of unique mentions in user's timeline.</p><p>• Proportion of tweets that are replies to other users.</p><p>• Proportion of tweets that contain URLs.</p><p>• Proportion of tweets that contain media, e.g., images or videos.</p><p>• Proportion of tweets that are retweets.</p><p>• Proportion of tweets that are quote retweets.</p><p>• Average engagement of the user, computed as the average number of retweets and likes per tweet.</p><p>• Average number of days between each two consecutive tweets.</p></div>
<div xmlns="http://www.tei-c.org/ns/1.0"><head n="4.1.4.">Profile Features</head><p>For each user, we used some meta-data from the user's JSON object as features and derived 10 additional features related to the user. The features used have been implemented in previous studies that profile users <ref type="bibr" target="#b22">(Shu et al., 2019;</ref><ref type="bibr" target="#b26">Yang et al., 2020;</ref><ref type="bibr" target="#b1">Castillo et al., 2011)</ref>. Table <ref type="table" target="#tab_10">9</ref> summarizes the extracted profile features, their type, and description.</p></div>
<div xmlns="http://www.tei-c.org/ns/1.0"><head n="4.1.5.">Emotional Features</head><p>Several researchers have utilized emotional signals for credibility assessment <ref type="bibr" target="#b4">(Ghanem et al., 2020;</ref><ref type="bibr" target="#b27">Zhang et al., 2021)</ref>. Moreover, multiple participants in PAN author profiling task (to detect users keen to spread fake news) used emotional signals to address the task <ref type="bibr" target="#b16">(Rangel et al., 2020;</ref><ref type="bibr" target="#b3">Fersini et al., 2020;</ref><ref type="bibr" target="#b14">Moreno-Sandoval et al., 2020)</ref>. We similarly extracted emotional signals from the text of each user's recent 100 tweets. For the Arabic experiments, we used the emotion functionality in ASAD tool <ref type="bibr" target="#b8">(Hassan et al., 2021)</ref>.</p><p>The extracted 11 features are: anger, anticipation, disgust, fear, joy, love, optimism, pessimism, sadness, surprise, and trust. For the English experiments, we used NRC emotion Lexicon.<ref type="foot" target="#foot_5">6</ref> Specifically, we used the python library NRCLex<ref type="foot" target="#foot_6">7</ref> to retrieve raw emotions count given a text. The extracted features include eight basic emotions (anger, fear, anticipation, trust, surprise, sadness, joy, and disgust) and two sentiments (positive and negative).</p></div>
<div xmlns="http://www.tei-c.org/ns/1.0"><head n="4.2.">Models</head><p>We trained multiple machine learning models over a combination of the features described in Section 4.1.</p><p>The models we experiment with are known to achieve high performance in different text classification tasks (Shwartz-Ziv and Armon, 2022; <ref type="bibr" target="#b9">Islam et al., 2019)</ref>, namely, XGBoost (HGB), Random Forests (RF), Logistic Regression (LR), and Feed-forward Neural Networks (NN).</p></div>
<div xmlns="http://www.tei-c.org/ns/1.0"><head n="5.">Experimental Evaluation</head><p>In this section, we conduct experiments to answer the following research questions:</p><p>RQ1 How effective are traditional machine learning methods in automatically detecting users that are prone to spread fake news on Arabic Twitter?</p><p>RQ1.1 How effective are the existing baselines for the task?</p><p>RQ1.2 Which feature category combination exhibits the best performance?</p><p>RQ1.3 How does the classifier perform when contextualized embeddings are used instead of word n-grams?</p><p>RQ2 What is the effect of increasing the number of user tweets, considered for feature extraction, on the performance of the classifier?</p><p>RQ3 How effective is our methodology on an English dataset?</p></div>
<div xmlns="http://www.tei-c.org/ns/1.0"><head n="5.1.">Experimental Setup</head></div>
<div xmlns="http://www.tei-c.org/ns/1.0"><head n="5.1.1.">Datasets</head><p>The datasets used in our experiments are listed below and summarized in table 4.</p><p>• Arabic Dataset (ArPFN): This is our Arabic user dataset described in Section 3.3.</p><p>• English Dataset (EN PAN): We use the English dataset constructed for PAN author profiling task to predict users keen to spread fake news. <ref type="foot" target="#foot_7">8</ref> The provided dataset consists of hashed user ids, the text of their recent 100 tweets, and the user label. </p></div>
<div xmlns="http://www.tei-c.org/ns/1.0"><head>Dataset PFN NPFN Total Users</head></div>
<div xmlns="http://www.tei-c.org/ns/1.0"><head n="5.1.2.">Training and Evaluation Measures</head><p>We evaluated our models using Positive-F 1 (F + 1 ) score, where users prone to spread fake news constitute the positive class. We additionally report Macro-F 1 score. Experiments on ArPFN were performed using nested 10-fold cross validation to tune the hyper-parameters of model. For that, we optimized for F + 1 score. Since the dataset is imbalanced and the positive class is the minority, we over-sampled the positive class in training folds only. The reported results on ArPFN are the average over the 10-folds used in cross validation.</p><p>For the experiments on EN PAN, we used the same data splits provided PAN for easy comparisons. Additionally, we evaluated our models using 10-fold cross validation to be able to perform significance tests. For statistical significance tests, we performed twotailed paired t-test on F + 1 score, using the scores over the 10 folds, with a 5% significance level.</p></div>
<div xmlns="http://www.tei-c.org/ns/1.0"><head n="5.1.3.">Baselines</head><p>We compare the performance of our models against the following baselines:</p><p>1. Majority: A classifier that always predicts the label of the majority class.</p></div>
<div xmlns="http://www.tei-c.org/ns/1.0"><head n="2.">PAN 2020:</head><p>The winning participation at PAN author profiling task <ref type="bibr" target="#b0">(Buda and Bolonyai, 2020)</ref>.</p><p>They proposed an ensemble of five machine learning models. They replaced the typical majority voting with a logistic regression classifier that takes the outputs of the ensemble models as the input vector. The first four models (Logistic Regression, Support Vector Machine, Random Forest and XGBoost) use word n-grams as features, while the fifth model (XGBoost) uses statistical features. All features are derived from the user's recent 100 tweets only. We used the authors' implementation. 9</p><p>3. PAN 2020+: An improved version of PAN 2020 that we proposed. First, we eliminated the XG-Boost model from the ensemble, as it was shown by <ref type="bibr" target="#b0">Buda and Bolonyai (2020)</ref> that it has the least impact on the performance as per the Logistic Regression coefficients. Additionally, for the remaining models that use only tf-idf as features, we expand the feature vector by including emotional signals. We trained four models individually with the same feature vector of word n-grams and emotions, then we stack the four models into a Logistic Regression ensemble as done in PAN 2020.</p></div>
<div xmlns="http://www.tei-c.org/ns/1.0"><head n="5.2.">Classification of Users Prone to Spread Arabic Fake News (RQ1)</head><p>To address RQ1, we trained our baselines and individual models to predict if a user is prone to spread 9 https://github.com/pan-webis-de/ bolonyai20 fake news or not. We tried four models: Random Forest (RF), XGBoost (XGB), Logistic Regression (LR), and Feed-forward Neural Networks (NN). We used the Arabic dataset ArPFN for this experiment, where the textual features are extracted from each user's recent 100 tweets. Table <ref type="table" target="#tab_5">5</ref> summarizes the performance of the baseline models. We note that PAN 2020 and PAN 2020+ clearly outperform majority baseline. Moreover, PAN 2020+ performs slightly better than PAN 2020; however, the difference is not statistically significant. To answer RQ1.1, the baseline models identify users prone to spread fake news with a F + 1 score of 0.63. Next, we perform an ablation study to evaluate the impact of different feature category combinations and find the best combination for this task. We tried the following combinations:</p></div>
<div xmlns="http://www.tei-c.org/ns/1.0"><head>Model</head><p>• Textual features only.</p><p>• Non-textual-based features (profile and statistical).</p><p>• Textual, profile, and statistical features.</p><p>• All feature categories.</p><p>Table <ref type="table" target="#tab_6">6</ref> summarizes the results of these experiments. We performed significance tests to compare the performance of each combination with respect to PAN 2020+. We use the * symbol to denote a statistically significant improvement over that baseline.</p><p>The results clearly show that training the models using textual features only produces similar (in case of XGB and NN) to or better results (in case of RF and LR) than the baseline model. Moreover, RF still yields even better performance with non-textual-based features than the baseline and also the other models. However, the improvements were not statistically significant. Interestingly, we observe that when textual features are combined with profile and statistical features, XGB, LR, and NN models outperformed the baseline with statistically-significant improvements. Moreover, adding the emotional features (i.e., using all the feature categories) yield an even further improvement in both F + 1 and Macro-F 1 for the XGB model. In conclusion, to answer RQ1.2, combining textual and non-textual features yields better results in general. More specifically, the best achieved performance (F + 1 = 0.70) is obtained when the XGB classifier is trained on all feature categories.</p></div>
<div xmlns="http://www.tei-c.org/ns/1.0"><head>Features</head><p>Model Lastly, we investigate the performance of the classifiers when contextualized embeddings are used as features instead of word n-grams. We used the 768-dimensional embeddings vector that represents the average of the embeddings of each user's tweet. We concatenate the embeddings vector to the profile, statistical, and emotional features. Figure <ref type="figure">3</ref> compares the F + 1 score of using different embeddings (i.e., generated from different pre-trained language models) in training our four models. The figure also illustrates the performance of the models trained with all feature categories when the textual features are word n-grams (same scores as in Table <ref type="table" target="#tab_6">6</ref>) for the sake of comparison.</p><formula xml:id="formula_0">F + 1 Macro- F 1 - PAN 2020+ 0.63±0</formula><p>The figure shows that S-BERT embeddings yield the best performance among all other types of embeddings. However, the models trained on the embeddings are all outperformed by the models trained on the word n-grams. Answering RQ1.3, the replacement is then deemed ineffective, at least in the way we generated the embeddings vector as the average of the embeddings vectors of the individual user's tweets.</p></div>
<div xmlns="http://www.tei-c.org/ns/1.0"><head n="5.3.">Effect of Considering Longer User's Timeline (RQ2)</head><p>We explore the effect of using more tweets from the user's timeline on classifying the users. Identifying the ideal number of tweets is important in time-sensitive applications, as it determines the number of requests using Twitter API, which allows the retrieval of 100 tweets per request with a rate limit of 900 requests within a 15-minute window. <ref type="foot" target="#foot_8">10</ref>We conduct experiments by gradually increasing the number of tweets per user and evaluating the performance of each model. We test the model performance on 100, 500, 2,000 and 3,200 user tweets. The experiments are conducted only on ArPFN, as EN PAN is only limited to 100 tweets and the usernames are hashed so we were unable to expand it.</p><p>For these experiments, we chose the best models from Table <ref type="table" target="#tab_6">6</ref>, namely XGB and LR, trained on all features (with word n-grams). Figure <ref type="figure" target="#fig_2">4</ref> shows the performance after increasing the number of tweets for both models.</p><p>The figure clearly shows that increasing the number of considered tweets of the timeline results in a monotonically-improving performance for both models. The most notable improvement (which is also statistically-significant) was achieved by the LR model whose performance jumped from F + 1 score of 0.68 with 100 tweets to 0.73 with 3,200 tweets, yielding the highest performance in all of our experiments. Answering RQ2, considering more tweets in extracting the textual features yield better performance; however this requires more API requests, hence more time.</p></div>
<div xmlns="http://www.tei-c.org/ns/1.0"><head n="5.4.">Performance on English (RQ3)</head><p>We aim to validate the effectiveness of our methodology by testing it on datasets of other languages. To this end, we used EN PAN dataset to conduct our experiments on English. EN PAN is limited to the text of the recent 100 tweets from each user, and the usernames were hashed to maintain their privacy. So, we were unable to extract all the features we described in Section 4.1. In this experiment, we compare the performance  <ref type="table" target="#tab_8">7</ref> reports the results of our experiment on the same PAN data splits. It is shown that our methodology of combining textual features with emotional signals has improved the F + 1 scores by 5 points. To validate our results, we also perform 10-fold cross validation. The results of that setup are summarized in Table 8, showing that our improved baseline PAN 2020+ outperforms PAN 2020, which constitute the current state-of-the-art. However, the improvement was not statistically-significant.</p></div>
<div xmlns="http://www.tei-c.org/ns/1.0"><head>Model</head><p>F </p></div>
<div xmlns="http://www.tei-c.org/ns/1.0"><head n="6.">ArPFN Dataset Release</head><p>To enable further research, we have made the extracted features of all 1,546 users in ArPFN publicly available. Additionally, we shared the folds used in our experiments to enable the reproducibility of our experimental results. To maintain the confidentiality of the users, and in accordance to Twitter content redistribution policy,<ref type="foot" target="#foot_9">11</ref> we do not share the text of the tweets.</p><p>developer-terms/agreement-and-policy</p></div>
<div xmlns="http://www.tei-c.org/ns/1.0"><head n="7.">Conclusion</head><p>In this paper, we explored the task of identifying users who are prone to spread fake news in Arabic Twitter. While most related work on fake news detection systems focus on tweet verification, we instead explore the source of the tweet. We constructed the first Arabic users dataset ArPFN for this task by leveraging two Arabic misinformation datasets, ArCOV19-Rumors and AraFacts. We also proposed the first Arabic-specific classifier to identify users prone to spread fake news on Arabic Twitter. Our experiments showed that combining all feature categories yields the best classification performance. Moreover, we established that increasing the number of considered user tweets increases detection accuracy. The best model has achieved an average F + 1 score of 0.73 using 10-fold cross validation on our Arabic dataset. We also showed that our method is effective even on English datasets, as it has outperformed the current state-of-the art and achieved an F + 1 score of 0.79. This study offers important insights on the subject of user credibility on Twitter, a topic that undoubtedly has ethical consequences. As a result, the use of any such prediction system to assess an individual's credibility must be done with caution. We would like to emphasize that the user labeling heuristic in this paper was established by taking the opinion of multiple individuals rather than one. Ultimately, the choice of heuristics to label users is subjective and may differ based on the use case of the target application.</p></div>
<div xmlns="http://www.tei-c.org/ns/1.0"><head n="8.">Bibliographical References</head><p>Abdul-Mageed, M., <ref type="bibr">Elmadany, A., et al. (2021)</ref>. Arbert &amp; marbert: Deep bidirectional transformers for arabic. In Proceedings of the 59th Annual Meeting of the Association for Computational Linguistics and the 11th International Joint Conference on Natural Language Processing (Volume 1: Long Papers), pages 7088-7105. An, J., <ref type="bibr">Kwak, H., Lee, C. S., Jun, B., and Ahn, Y.-Y. (2021)</ref>. Predicting anti-asian hateful users on twitter during covid-19. In Findings of the Association for Computational Linguistics: EMNLP 2021, pages 4655-4666. Antoun, W., <ref type="bibr">Baly, F., and Hajj, H. (2020)</ref>. Arabert:</p><p>Transformer-based model for arabic language understanding. In Proceedings of the 4th Workshop on Open-Source Arabic Corpora and Processing Tools, with a Shared Task on Offensive Language Detection, pages 9-15. </p></div><figure xmlns="http://www.tei-c.org/ns/1.0" xml:id="fig_0"><head>Figure 1 :</head><label>1</label><figDesc>Figure 1: Example of a tweet obtained from AraFacts. The claim translates to "Dr. Mohammed Mashali has passed away." However, the tweet is only questioning whether the claim is true or not.</figDesc><graphic coords="3,110.20,62.81,141.86,69.80" type="bitmap" /></figure>
<figure xmlns="http://www.tei-c.org/ns/1.0" xml:id="fig_1"><head></head><label></label><figDesc>label the tweet as: Expressing the claim, Negating the claim or Other. The detailed annotation guidelines can be found in Appendix 8. The results of the annotation task are presented in Table 1. Evidently, 95% of the tweet-claim pairs were labeled correctly by the fact-checkers and 4.5% tweets were labeled as Other; meaning they are not relevant or not spreading the claim. We unexpectedly identified 7 tweets negating the claim which could have been added erroneously by the fact-checkers.</figDesc></figure>
<figure xmlns="http://www.tei-c.org/ns/1.0" xml:id="fig_2"><head>Figure 4 :</head><label>4</label><figDesc>Figure 4: Performance on ArPFN after increasing the number of user's tweets for classification.</figDesc><graphic coords="8,72.28,62.81,217.69,157.22" type="bitmap" /></figure>
<figure xmlns="http://www.tei-c.org/ns/1.0" type="table" xml:id="tab_0"><head>Table 2</head><label>2</label><figDesc></figDesc><table><row><cell>summarizes our tweet collection statistics. We</cell></row><row><cell>also visualize our collection of verified tweets (tweets</cell></row></table></figure>
<figure xmlns="http://www.tei-c.org/ns/1.0" type="table" xml:id="tab_1"><head>Table 2 :</head><label>2</label><figDesc>Summary of the verified tweets collection.</figDesc><table /></figure>
<figure xmlns="http://www.tei-c.org/ns/1.0" type="table" xml:id="tab_2"><head>Table 3 :</head><label>3</label><figDesc>Number of users in terms of the number of verified tweets and retweets (RTs) they shared.</figDesc><table><row><cell>Users that shared ...</cell><cell>1</cell><cell>2</cell><cell>X</cell><cell>3</cell><cell>4</cell></row><row><cell>at least X</cell><cell></cell><cell></cell><cell></cell><cell></cell><cell></cell></row><row><cell>true tweets or RTs and</cell><cell cols="5">1,005 204 71 35</cell></row><row><cell>0 false tweets or RTs</cell><cell></cell><cell></cell><cell></cell><cell></cell><cell></cell></row><row><cell>at least X false tweets or RTs</cell><cell cols="5">3,171 541 166 73</cell></row></table></figure>
<figure xmlns="http://www.tei-c.org/ns/1.0" type="table" xml:id="tab_3"><head></head><label></label><figDesc>The use of contextualized embeddings as features is motivated by the work ofAn et al. (2021)  to predict hateful users on Twitter.</figDesc><table><row><cell>They obtain a user-level representation by computing</cell></row><row><cell>Sentence-BERT (S-BERT) (Reimers and Gurevych,</cell></row><row><cell>2019) embeddings for each user's tweet then averaging</cell></row><row><cell>all tweet embeddings into one 768-dimensional vec-</cell></row><row><cell>tor. In our experiments, we used transformer models to</cell></row><row><cell>generate embeddings, namely, the different variations</cell></row><row><cell>of Bidirectional Encoder Representations from Trans-</cell></row><row><cell>formers (BERT) to compute embeddings. Three dif-</cell></row><row><cell>ferent BERT-based models that support Arabic were</cell></row></table><note>tested:AraBERT (Antoun et al., 2020), MARBERT(Abdul-Mageed et al., 2021), and S-BERT.</note></figure>
<figure xmlns="http://www.tei-c.org/ns/1.0" type="table" xml:id="tab_4"><head>Table 4 :</head><label>4</label><figDesc>Datasets used in our experiments. PFN/NPFN denotes the number of users that are prone/not prone to spread fake news.</figDesc><table><row><cell>ArPFN</cell><cell>541</cell><cell>1,005</cell><cell>1,546</cell></row><row><cell cols="2">EN PAN 250</cell><cell>250</cell><cell>500</cell></row></table></figure>
<figure xmlns="http://www.tei-c.org/ns/1.0" type="table" xml:id="tab_5"><head>Table 5 :</head><label>5</label><figDesc>Baseline performance on ArPFN.</figDesc><table><row><cell></cell><cell>F + 1</cell><cell>Macro-F 1</cell></row><row><cell>Majority</cell><cell>0.00</cell><cell>0.40</cell></row><row><cell>PAN 2020</cell><cell>0.61±0.05</cell><cell>0.71</cell></row><row><cell cols="2">PAN 2020+ 0.63±0.06</cell><cell>0.73</cell></row></table></figure>
<figure xmlns="http://www.tei-c.org/ns/1.0" type="table" xml:id="tab_6"><head>Table 6 :</head><label>6</label><figDesc>Performance on ArPFN with different feature category combinations. The asterisk ( * ) indicates statistically-significant improvement over the baseline model.</figDesc><table><row><cell></cell><cell></cell><cell>.06</cell><cell>0.73</cell></row><row><cell></cell><cell>RF</cell><cell>0.64±0.05</cell><cell>0.75</cell></row><row><cell>Textual</cell><cell>XGB LR</cell><cell>0.63±0.05 0.65±0.05</cell><cell>0.74 0.75</cell></row><row><cell></cell><cell>NN</cell><cell>0.63±0.05</cell><cell>0.74</cell></row><row><cell></cell><cell>RF</cell><cell>0.65±0.05</cell><cell>0.76</cell></row><row><cell>Profile</cell><cell>XGB</cell><cell>0.63±0.05</cell><cell>0.73</cell></row><row><cell>+Statistical</cell><cell>LR</cell><cell>0.60±0.03</cell><cell>0.59</cell></row><row><cell></cell><cell>NN</cell><cell>0.63±0.04</cell><cell>0.66</cell></row><row><cell></cell><cell>RF</cell><cell>0.66±0.06</cell><cell>0.76</cell></row><row><cell>Textual +Profile +Statistical</cell><cell>XGB LR NN</cell><cell>0.68  *  ±0.04 0.68  *  ±0.04 0.67  *  ±0.05</cell><cell>0.78 0.77 0.78</cell></row><row><cell>Textual +Profile</cell><cell>RF XGB</cell><cell>0.67±0.05 0.70  *  ±0.05</cell><cell>0.77 0.79</cell></row><row><cell>+Statistical +Emotions</cell><cell>LR NN</cell><cell>0.68  *  ±0.04 0.64±0.06</cell><cell>0.76 0.75</cell></row></table></figure>
<figure xmlns="http://www.tei-c.org/ns/1.0" type="table" xml:id="tab_8"><head>Table 7 :</head><label>7</label><figDesc>Performance on EN PAN using PAN train-test splits.</figDesc><table><row><cell></cell><cell>+ 1</cell><cell>Macro F 1</cell></row><row><cell>PAN 2020</cell><cell>0.74</cell><cell>0.73</cell></row><row><cell cols="2">PAN 2020+ 0.79</cell><cell>0.77</cell></row><row><cell>Model</cell><cell>F + 1</cell><cell>Macro F 1</cell></row><row><cell>PAN 2020</cell><cell>0.73±0.05</cell><cell>0.73</cell></row><row><cell cols="2">PAN 2020+ 0.75±0.03</cell><cell>0.75</cell></row></table></figure>
<figure xmlns="http://www.tei-c.org/ns/1.0" type="table" xml:id="tab_9"><head>Table 8 :</head><label>8</label><figDesc>Performance on EN PAN using 10-fold cross validation.</figDesc><table /></figure>
<figure xmlns="http://www.tei-c.org/ns/1.0" type="table" xml:id="tab_10"><head>Table 9 :</head><label>9</label><figDesc>Profile features extracted from users' profiles. Features marked with ⋆ are the 10 features derived using fields from the User's JSON meta-data, while the remaining features are fields from the user's JSON object without modifications. Feature Type Description default profile Boolean If the user has changed the default theme or background of their profile or not. verified Boolean If the user has a verified account or not. followers count Integer Number of followers the account has. following count Integer Number of users that the account is following. favourites count Integer Number of tweets that were liked by the user. listed count Integer Number of lists the user has been added to. statuses count Integer Number of tweets posted by the user. tweet frequency⋆ Float Frequency of the users tweets, calculated as tweets count divided by the account age in months. follower growth rate⋆ Float Rate of followers growth, calculated as followers count divided by the account age in months. following growth rate⋆ Float Rate of followings growth, calculated as following count divided by the account age in months. listed growth rate⋆ Float Rate of lists growth, calculated as lists count divided by the account age in months. followers following ratio⋆ Float Number of followers compared to the number of following screen name length⋆ Integer Number of characters in the users screen name. digits in screen name⋆ Integer Number of digits in the users screen name name length⋆ Integer Number of characters in the name of the user. digits in name⋆ Integer Number of numerical digits in the name of the user. description length ⋆ Integer Number of characters in the user's description (biography).</figDesc><table /></figure>
			<note xmlns="http://www.tei-c.org/ns/1.0" place="foot" n="1" xml:id="foot_0">https://gitlab.com/bigirqu/ArPFN user features such as registration time, account verification, political bias and personality type could make a significant impact in detecting fake news.</note>
			<note xmlns="http://www.tei-c.org/ns/1.0" place="foot" n="2" xml:id="foot_1">https://developer.twitter.com/en/ docs/twitter-api/tweets/retweets/ introduction</note>
			<note xmlns="http://www.tei-c.org/ns/1.0" place="foot" n="3" xml:id="foot_2">https://gitlab.com/bigirqu/ArCOV-19/ -/blob/master/ArCOV19-Rumors/tweet_ verification</note>
			<note xmlns="http://www.tei-c.org/ns/1.0" place="foot" n="4" xml:id="foot_3">https://www.elastic.co/elasticsearch/</note>
			<note xmlns="http://www.tei-c.org/ns/1.0" place="foot" n="5" xml:id="foot_4">https://github.com/linuxscout/ tashaphyne/</note>
			<note xmlns="http://www.tei-c.org/ns/1.0" place="foot" n="6" xml:id="foot_5">https://saifmohammad.com/WebPages/ NRC-Emotion-Lexicon.htm</note>
			<note xmlns="http://www.tei-c.org/ns/1.0" place="foot" n="7" xml:id="foot_6">https://pypi.org/project/NRCLex/</note>
			<note xmlns="http://www.tei-c.org/ns/1.0" place="foot" n="8" xml:id="foot_7">https://zenodo.org/record/4039435# .YlV0g-hBw2x</note>
			<note xmlns="http://www.tei-c.org/ns/1.0" place="foot" n="10" xml:id="foot_8">https://developer.twitter.com/en/ docs/twitter-api/rate-limits</note>
			<note xmlns="http://www.tei-c.org/ns/1.0" place="foot" n="11" xml:id="foot_9">https://developer.twitter.com/en/</note>
		</body>
		<back>

			<div type="acknowledgement">
<div xmlns="http://www.tei-c.org/ns/1.0"><head>Acknowledgements</head><p>This work was made possible by NPRP grant No.: NPRP11S-1204-170060 from the Qatar National Research Fund (a member of Qatar Foundation). The statements made herein are solely the responsibility of the authors.</p></div>
			</div>

			<div type="annex">
<div xmlns="http://www.tei-c.org/ns/1.0"><head>Appendix</head><p>The annotation guidelines used to annotate the AraFacts tweets are described below: Given a claim X, label the tweet T as:</p><p>• Expressing the same claim: if the author of the tweet is sharing, restating, or rephrasing the same claim X. In other words, the author is believing the claim and participating in sharing it. (i.e., T = X).</p><p>• Negating the same claim: if the author of the tweet is disagreeing or denying the claim. In other words, the author is debunking the claim and stating that it is incorrect. (i.e., C = not X).</p><p>• Other: if it is not one of the above, for example:</p><p>-Author of the tweet is sharing the claim and questioning whether it is true or fake -Author of the tweet is sharing multiple claims including the main claim -The tweet is referring to a deleted image or video and the text of the tweet is insufficient to annotate the claim Annotation steps:</p><p>1. Read claim text.</p><p>2. Read the tweet text.</p><p>3. Determine if tweet is expressing the claim, negating the claim or neither.</p></div>
<div xmlns="http://www.tei-c.org/ns/1.0"><head>Notes:</head><p>• If the claim is related to an image or video, we recommended to check the URL of the claim and the URL of the tweet to compare if both links refer to the same image or video.</p><p>• We recommend considering the claim publication date and tweet posting date into considerations. If the tweet is posted after the claim has been verified, make sure that the tweet is still relevant to the same claim and that the claim is still holding the same label when it was verified.</p></div>			</div>
			<div type="references">

				<listBibl>

<biblStruct xml:id="b0">
	<analytic>
		<title level="a" type="main">An ensemble model using n-grams and statistical features to identify fake news spreaders on twitter</title>
		<author>
			<persName><forename type="first">J</forename><surname>Buda</surname></persName>
		</author>
		<author>
			<persName><forename type="first">F</forename><surname>Bolonyai</surname></persName>
		</author>
	</analytic>
	<monogr>
		<title level="m">CLEF</title>
				<imprint>
			<date type="published" when="2020">2020</date>
		</imprint>
	</monogr>
	<note type="raw_reference">Buda, J. and Bolonyai, F. (2020). An ensemble model using n-grams and statistical features to identify fake news spreaders on twitter. In CLEF.</note>
</biblStruct>

<biblStruct xml:id="b1">
	<analytic>
		<title level="a" type="main">Information credibility on twitter</title>
		<author>
			<persName><forename type="first">C</forename><surname>Castillo</surname></persName>
		</author>
		<author>
			<persName><forename type="first">M</forename><surname>Mendoza</surname></persName>
		</author>
		<author>
			<persName><forename type="first">B</forename><surname>Poblete</surname></persName>
		</author>
	</analytic>
	<monogr>
		<title level="m">Proceedings of the 20th international conference on World wide web</title>
				<meeting>the 20th international conference on World wide web</meeting>
		<imprint>
			<date type="published" when="2011">2011</date>
			<biblScope unit="page" from="675" to="684" />
		</imprint>
	</monogr>
	<note type="raw_reference">Castillo, C., Mendoza, M., and Poblete, B. (2011). Information credibility on twitter. In Proceedings of the 20th international conference on World wide web, pages 675-684.</note>
</biblStruct>

<biblStruct xml:id="b2">
	<analytic>
		<title level="a" type="main">Cat: Credibility analysis of arabic content on twitter</title>
		<author>
			<persName><forename type="first">R</forename><surname>El Ballouli</surname></persName>
		</author>
		<author>
			<persName><forename type="first">W</forename><surname>El-Hajj</surname></persName>
		</author>
		<author>
			<persName><forename type="first">A</forename><surname>Ghandour</surname></persName>
		</author>
		<author>
			<persName><forename type="first">S</forename><surname>Elbassuoni</surname></persName>
		</author>
		<author>
			<persName><forename type="first">H</forename><forename type="middle">M</forename><surname>Hajj</surname></persName>
		</author>
		<author>
			<persName><forename type="first">K</forename><forename type="middle">B</forename><surname>Shaban</surname></persName>
		</author>
	</analytic>
	<monogr>
		<title level="m">WANLP@ EACL</title>
				<imprint>
			<date type="published" when="2017">2017</date>
			<biblScope unit="page" from="62" to="71" />
		</imprint>
	</monogr>
	<note type="raw_reference">El Ballouli, R., El-Hajj, W., Ghandour, A., Elbassuoni, S., Hajj, H. M., and Shaban, K. B. (2017). Cat: Credibility analysis of arabic content on twitter. In WANLP@ EACL, pages 62-71.</note>
</biblStruct>

<biblStruct xml:id="b3">
	<monogr>
		<title level="m" type="main">Profiling fake news spreaders: Stylometry, personality, emotions and embeddings</title>
		<author>
			<persName><forename type="first">E</forename><surname>Fersini</surname></persName>
		</author>
		<author>
			<persName><forename type="first">J</forename><surname>Armanini</surname></persName>
		</author>
		<author>
			<persName><forename type="first">M</forename><surname>Intorni</surname></persName>
		</author>
		<imprint>
			<date type="published" when="2020">2020</date>
		</imprint>
	</monogr>
	<note>In CLEF (Working Notes</note>
	<note type="raw_reference">Fersini, E., Armanini, J., and D&apos;Intorni, M. (2020). Profiling fake news spreaders: Stylometry, person- ality, emotions and embeddings. In CLEF (Working Notes).</note>
</biblStruct>

<biblStruct xml:id="b4">
	<analytic>
		<title level="a" type="main">An emotional analysis of false information in social media and news articles</title>
		<author>
			<persName><forename type="first">B</forename><surname>Ghanem</surname></persName>
		</author>
		<author>
			<persName><forename type="first">P</forename><surname>Rosso</surname></persName>
		</author>
		<author>
			<persName><forename type="first">F</forename><surname>Rangel</surname></persName>
		</author>
	</analytic>
	<monogr>
		<title level="j">ACM Transactions on Internet Technology (TOIT)</title>
		<imprint>
			<biblScope unit="volume">20</biblScope>
			<biblScope unit="issue">2</biblScope>
			<biblScope unit="page" from="1" to="18" />
			<date type="published" when="2020">2020</date>
		</imprint>
	</monogr>
	<note type="raw_reference">Ghanem, B., Rosso, P., and Rangel, F. (2020). An emotional analysis of false information in social me- dia and news articles. ACM Transactions on Internet Technology (TOIT), 20(2):1-18.</note>
</biblStruct>

<biblStruct xml:id="b5">
	<analytic>
		<title level="a" type="main">ArCOV-19: The First Arabic COVID-19 Twitter Dataset with Propagation Networks</title>
		<author>
			<persName><forename type="first">F</forename><surname>Haouari</surname></persName>
		</author>
		<author>
			<persName><forename type="first">M</forename><surname>Hasanain</surname></persName>
		</author>
		<author>
			<persName><forename type="first">R</forename><surname>Suwaileh</surname></persName>
		</author>
		<author>
			<persName><forename type="first">T</forename><surname>Elsayed</surname></persName>
		</author>
	</analytic>
	<monogr>
		<title level="m">Proceedings of the Sixth Arabic Natural Language Processing Workshop</title>
				<meeting>the Sixth Arabic Natural Language Processing Workshop</meeting>
		<imprint>
			<date type="published" when="2021">2021a</date>
			<biblScope unit="page" from="82" to="91" />
		</imprint>
	</monogr>
	<note type="raw_reference">Haouari, F., Hasanain, M., Suwaileh, R., and Elsayed, T. (2021a). ArCOV-19: The First Arabic COVID- 19 Twitter Dataset with Propagation Networks. In Proceedings of the Sixth Arabic Natural Language Processing Workshop, pages 82-91.</note>
</biblStruct>

<biblStruct xml:id="b6">
	<analytic>
		<title level="a" type="main">ArCOV19-Rumors: Arabic COVID-19 Twitter Dataset for Misinformation Detection</title>
		<author>
			<persName><forename type="first">F</forename><surname>Haouari</surname></persName>
		</author>
		<author>
			<persName><forename type="first">M</forename><surname>Hasanain</surname></persName>
		</author>
		<author>
			<persName><forename type="first">R</forename><surname>Suwaileh</surname></persName>
		</author>
		<author>
			<persName><forename type="first">T</forename><surname>Elsayed</surname></persName>
		</author>
	</analytic>
	<monogr>
		<title level="m">Proceedings of the Sixth Arabic Natural Language Processing Workshop</title>
				<meeting>the Sixth Arabic Natural Language Processing Workshop</meeting>
		<imprint>
			<date type="published" when="2021">2021b</date>
			<biblScope unit="page" from="72" to="81" />
		</imprint>
	</monogr>
	<note type="raw_reference">Haouari, F., Hasanain, M., Suwaileh, R., and Elsayed, T. (2021b). ArCOV19-Rumors: Arabic COVID- 19 Twitter Dataset for Misinformation Detection. In Proceedings of the Sixth Arabic Natural Language Processing Workshop, pages 72-81.</note>
</biblStruct>

<biblStruct xml:id="b7">
	<analytic>
		<title level="a" type="main">Arabic fake news detection: A fact checking based deep learning approach</title>
		<author>
			<persName><forename type="first">F</forename><surname>Harrag</surname></persName>
		</author>
		<author>
			<persName><forename type="first">M</forename><forename type="middle">K</forename><surname>Djahli</surname></persName>
		</author>
	</analytic>
	<monogr>
		<title level="m">Transactions on Asian and Low-Resource Language Information Processing</title>
				<imprint>
			<date type="published" when="2022">2022</date>
			<biblScope unit="volume">21</biblScope>
			<biblScope unit="page" from="1" to="34" />
		</imprint>
	</monogr>
	<note type="raw_reference">Harrag, F. and Djahli, M. K. (2022). Arabic fake news detection: A fact checking based deep learning ap- proach. Transactions on Asian and Low-Resource Language Information Processing, 21(4):1-34.</note>
</biblStruct>

<biblStruct xml:id="b8">
	<analytic>
		<title level="a" type="main">Asad: Arabic social media analytics and understanding</title>
		<author>
			<persName><forename type="first">S</forename><surname>Hassan</surname></persName>
		</author>
		<author>
			<persName><forename type="first">H</forename><surname>Mubarak</surname></persName>
		</author>
		<author>
			<persName><forename type="first">A</forename><surname>Abdelali</surname></persName>
		</author>
		<author>
			<persName><forename type="first">K</forename><surname>Darwish</surname></persName>
		</author>
	</analytic>
	<monogr>
		<title level="m">Proceedings of the 16th Conference of the European Chapter</title>
				<meeting>the 16th Conference of the European Chapter</meeting>
		<imprint>
			<publisher>the Association for Computational Linguistics: System Demonstrations</publisher>
			<date type="published" when="2021">2021</date>
			<biblScope unit="page" from="113" to="118" />
		</imprint>
	</monogr>
	<note type="raw_reference">Hassan, S., Mubarak, H., Abdelali, A., and Darwish, K. (2021). Asad: Arabic social media analytics and understanding. In Proceedings of the 16th Confer- ence of the European Chapter of the Association for Computational Linguistics: System Demonstrations, pages 113-118.</note>
</biblStruct>

<biblStruct xml:id="b9">
	<analytic>
		<title level="a" type="main">A semantics aware random forest for text classification</title>
		<author>
			<persName><forename type="first">M</forename><forename type="middle">Z</forename><surname>Islam</surname></persName>
		</author>
		<author>
			<persName><forename type="first">J</forename><surname>Liu</surname></persName>
		</author>
		<author>
			<persName><forename type="first">J</forename><surname>Li</surname></persName>
		</author>
		<author>
			<persName><forename type="first">L</forename><surname>Liu</surname></persName>
		</author>
		<author>
			<persName><forename type="first">W</forename><surname>Kang</surname></persName>
		</author>
	</analytic>
	<monogr>
		<title level="m">Proceedings of the 28th ACM International Conference on Information and Knowledge Management</title>
				<meeting>the 28th ACM International Conference on Information and Knowledge Management</meeting>
		<imprint>
			<date type="published" when="2019">2019</date>
			<biblScope unit="page" from="1061" to="1070" />
		</imprint>
	</monogr>
	<note type="raw_reference">Islam, M. Z., Liu, J., Li, J., Liu, L., and Kang, W. (2019). A semantics aware random forest for text classification. In Proceedings of the 28th ACM Inter- national Conference on Information and Knowledge Management, pages 1061-1070.</note>
</biblStruct>

<biblStruct xml:id="b10">
	<analytic>
		<title level="a" type="main">The gulf information warpropaganda, fake news, and fake trends: The weaponization of twitter bots in the gulf crisis</title>
		<author>
			<persName><forename type="first">M</forename><forename type="middle">O</forename><surname>Jones</surname></persName>
		</author>
	</analytic>
	<monogr>
		<title level="j">ternational journal of communication</title>
		<imprint>
			<biblScope unit="volume">13</biblScope>
			<biblScope unit="page">27</biblScope>
			<date type="published" when="2019">2019</date>
		</imprint>
	</monogr>
	<note type="raw_reference">Jones, M. O. (2019). The gulf information war- propaganda, fake news, and fake trends: The weaponization of twitter bots in the gulf crisis. In- ternational journal of communication, 13:27.</note>
</biblStruct>

<biblStruct xml:id="b11">
	<monogr>
		<title level="m" type="main">Disinformation superspreaders: the weaponisation of covid-19 fake news in the persian gulf and beyond. Global Discourse: An interdisciplinary journal of current affairs</title>
		<author>
			<persName><forename type="first">M</forename><forename type="middle">O</forename><surname>Jones</surname></persName>
		</author>
		<imprint>
			<date type="published" when="2020">2020</date>
			<biblScope unit="volume">10</biblScope>
			<biblScope unit="page" from="431" to="437" />
		</imprint>
	</monogr>
	<note type="raw_reference">Jones, M. O. (2020). Disinformation superspreaders: the weaponisation of covid-19 fake news in the per- sian gulf and beyond. Global Discourse: An inter- disciplinary journal of current affairs, 10(4):431- 437.</note>
</biblStruct>

<biblStruct xml:id="b12">
	<analytic>
		<title level="a" type="main">Predicting and characterising user impact on twitter</title>
		<author>
			<persName><forename type="first">V</forename><surname>Lampos</surname></persName>
		</author>
		<author>
			<persName><forename type="first">N</forename><surname>Aletras</surname></persName>
		</author>
		<author>
			<persName><forename type="first">D</forename><surname>Preot ¸iuc-Pietro</surname></persName>
		</author>
		<author>
			<persName><forename type="first">T</forename><surname>Cohn</surname></persName>
		</author>
	</analytic>
	<monogr>
		<title level="m">Proceedings of the 14th Conference of the European Chapter</title>
				<meeting>the 14th Conference of the European Chapter</meeting>
		<imprint>
			<publisher>the Association for Computational Linguistics</publisher>
			<date type="published" when="2014">2014</date>
			<biblScope unit="page" from="405" to="413" />
		</imprint>
	</monogr>
	<note type="raw_reference">Lampos, V., Aletras, N., Preot ¸iuc-Pietro, D., and Cohn, T. (2014). Predicting and characterising user impact on twitter. In Proceedings of the 14th Conference of the European Chapter of the Association for Com- putational Linguistics, pages 405-413.</note>
</biblStruct>

<biblStruct xml:id="b13">
	<analytic>
		<title level="a" type="main">Finding opinion manipulation trolls in news community forums</title>
		<author>
			<persName><forename type="first">T</forename><surname>Mihaylov</surname></persName>
		</author>
		<author>
			<persName><forename type="first">G</forename><surname>Georgiev</surname></persName>
		</author>
		<author>
			<persName><forename type="first">P</forename><surname>Nakov</surname></persName>
		</author>
	</analytic>
	<monogr>
		<title level="m">Proceedings of the nineteenth conference on computational natural language learning</title>
				<meeting>the nineteenth conference on computational natural language learning</meeting>
		<imprint>
			<date type="published" when="2015">2015</date>
			<biblScope unit="page" from="310" to="314" />
		</imprint>
	</monogr>
	<note type="raw_reference">Mihaylov, T., Georgiev, G., and Nakov, P. (2015). Finding opinion manipulation trolls in news commu- nity forums. In Proceedings of the nineteenth con- ference on computational natural language learning, pages 310-314.</note>
</biblStruct>

<biblStruct xml:id="b14">
	<monogr>
		<title level="m" type="main">Assembly of polarity, emotion and user statistics for detection of fake profiles</title>
		<author>
			<persName><forename type="first">L</forename><forename type="middle">G</forename><surname>Moreno-Sandoval</surname></persName>
		</author>
		<author>
			<persName><forename type="first">E</forename><forename type="middle">A P</forename><surname>Del Puertas</surname></persName>
		</author>
		<author>
			<persName><forename type="first">A</forename><forename type="middle">P</forename><surname>Quimbaya</surname></persName>
		</author>
		<author>
			<persName><forename type="first">J</forename><forename type="middle">A</forename><surname>Alvarado-Valencia</surname></persName>
		</author>
		<imprint>
			<date type="published" when="2020">2020</date>
		</imprint>
	</monogr>
	<note>In CLEF (Working Notes</note>
	<note type="raw_reference">Moreno-Sandoval, L. G., Del Puertas, E. A. P., Quim- baya, A. P., and Alvarado-Valencia, J. A. (2020). Assembly of polarity, emotion and user statistics for detection of fake profiles. In CLEF (Working Notes).</note>
</biblStruct>

<biblStruct xml:id="b15">
	<analytic>
		<title level="a" type="main">Overview of the clef-2021 checkthat! lab on detecting check-worthy claims, previously fact-checked claims, and fake news</title>
		<author>
			<persName><forename type="first">P</forename><surname>Nakov</surname></persName>
		</author>
		<author>
			<persName><forename type="first">G</forename><surname>Da San Martino</surname></persName>
		</author>
		<author>
			<persName><forename type="first">T</forename><surname>Elsayed</surname></persName>
		</author>
		<author>
			<persName><forename type="first">A</forename><surname>Barrón-Cedeño</surname></persName>
		</author>
		<author>
			<persName><forename type="first">R</forename><surname>Míguez</surname></persName>
		</author>
		<author>
			<persName><forename type="first">S</forename><surname>Shaar</surname></persName>
		</author>
		<author>
			<persName><forename type="first">F</forename><surname>Alam</surname></persName>
		</author>
		<author>
			<persName><forename type="first">F</forename><surname>Haouari</surname></persName>
		</author>
		<author>
			<persName><forename type="first">M</forename><surname>Hasanain</surname></persName>
		</author>
		<author>
			<persName><forename type="first">W</forename><surname>Mansour</surname></persName>
		</author>
	</analytic>
	<monogr>
		<title level="m">International Conference of the Cross-Language Evaluation Forum for European Languages</title>
				<imprint>
			<publisher>Springer</publisher>
			<date type="published" when="2021">2021</date>
			<biblScope unit="page" from="264" to="291" />
		</imprint>
	</monogr>
	<note type="raw_reference">Nakov, P., Da San Martino, G., Elsayed, T., Barrón- Cedeño, A., Míguez, R., Shaar, S., Alam, F., Haouari, F., Hasanain, M., Mansour, W., et al. (2021). Overview of the clef-2021 checkthat! lab on detecting check-worthy claims, previously fact-checked claims, and fake news. In Interna- tional Conference of the Cross-Language Evalua- tion Forum for European Languages, pages 264- 291. Springer.</note>
</biblStruct>

<biblStruct xml:id="b16">
	<analytic>
		<title level="a" type="main">Overview of the 8th author profiling task at pan 2020: Profiling fake news spreaders on twitter</title>
		<author>
			<persName><forename type="first">F</forename><surname>Rangel</surname></persName>
		</author>
		<author>
			<persName><forename type="first">A</forename><surname>Giachanou</surname></persName>
		</author>
		<author>
			<persName><forename type="first">B</forename><surname>Ghanem</surname></persName>
		</author>
		<author>
			<persName><forename type="first">P</forename><surname>Rosso</surname></persName>
		</author>
	</analytic>
	<monogr>
		<title level="m">CLEF</title>
				<imprint>
			<date type="published" when="2020">2020</date>
		</imprint>
	</monogr>
	<note type="raw_reference">Rangel, F., Giachanou, A., Ghanem, B., and Rosso, P. (2020). Overview of the 8th author profiling task at pan 2020: Profiling fake news spreaders on twitter. In CLEF.</note>
</biblStruct>

<biblStruct xml:id="b17">
	<analytic>
		<title level="a" type="main">Detecting fake news spreaders in social networks using inductive representation learning</title>
		<author>
			<persName><forename type="first">B</forename><surname>Rath</surname></persName>
		</author>
		<author>
			<persName><forename type="first">A</forename><surname>Salecha</surname></persName>
		</author>
		<author>
			<persName><forename type="first">J</forename><surname>Srivastava</surname></persName>
		</author>
	</analytic>
	<monogr>
		<title level="m">2020 IEEE/ACM International Conference on Advances in Social Networks Analysis and Mining (ASONAM)</title>
				<imprint>
			<publisher>IEEE</publisher>
			<date type="published" when="2020">2020</date>
			<biblScope unit="page" from="182" to="189" />
		</imprint>
	</monogr>
	<note type="raw_reference">Rath, B., Salecha, A., and Srivastava, J. (2020). Detecting fake news spreaders in social networks using inductive representation learning. In 2020 IEEE/ACM International Conference on Advances in Social Networks Analysis and Mining (ASONAM), pages 182-189. IEEE.</note>
</biblStruct>

<biblStruct xml:id="b18">
	<analytic>
		<title level="a" type="main">Sentence-bert: Sentence embeddings using siamese bert-networks</title>
		<author>
			<persName><forename type="first">N</forename><surname>Reimers</surname></persName>
		</author>
		<author>
			<persName><forename type="first">I</forename><surname>Gurevych</surname></persName>
		</author>
	</analytic>
	<monogr>
		<title level="m">Proceedings of the 2019 Conference on Empirical Methods in Natural Language Processing and the 9th International Joint Conference on Natural Language Processing</title>
				<meeting>the 2019 Conference on Empirical Methods in Natural Language Processing and the 9th International Joint Conference on Natural Language Processing</meeting>
		<imprint>
			<publisher>EMNLP-IJCNLP</publisher>
			<date type="published" when="2019">2019</date>
			<biblScope unit="page" from="3982" to="3992" />
		</imprint>
	</monogr>
	<note type="raw_reference">Reimers, N. and Gurevych, I. (2019). Sentence-bert: Sentence embeddings using siamese bert-networks. In Proceedings of the 2019 Conference on Empirical Methods in Natural Language Processing and the 9th International Joint Conference on Natural Lan- guage Processing (EMNLP-IJCNLP), pages 3982- 3992.</note>
</biblStruct>

<biblStruct xml:id="b19">
	<analytic>
		<title level="a" type="main">The spread of low-credibility content by social bots</title>
		<author>
			<persName><forename type="first">C</forename><surname>Shao</surname></persName>
		</author>
		<author>
			<persName><forename type="first">G</forename><forename type="middle">L</forename><surname>Ciampaglia</surname></persName>
		</author>
		<author>
			<persName><forename type="first">O</forename><surname>Varol</surname></persName>
		</author>
		<author>
			<persName><forename type="first">K.-C</forename><surname>Yang</surname></persName>
		</author>
		<author>
			<persName><forename type="first">A</forename><surname>Flammini</surname></persName>
		</author>
		<author>
			<persName><forename type="first">F</forename><surname>Menczer</surname></persName>
		</author>
	</analytic>
	<monogr>
		<title level="j">Nature communications</title>
		<imprint>
			<biblScope unit="volume">9</biblScope>
			<biblScope unit="issue">1</biblScope>
			<biblScope unit="page" from="1" to="9" />
			<date type="published" when="2018">2018</date>
		</imprint>
	</monogr>
	<note type="raw_reference">Shao, C., Ciampaglia, G. L., Varol, O., Yang, K.-C., Flammini, A., and Menczer, F. (2018). The spread of low-credibility content by social bots. Nature communications, 9(1):1-9.</note>
</biblStruct>

<biblStruct xml:id="b20">
	<analytic>
		<title level="a" type="main">AraFacts: The First Large Arabic Dataset of Naturally-Occurring Professionally-Verified Claims</title>
		<author>
			<persName><forename type="first">Z</forename><surname>Sheikh Ali</surname></persName>
		</author>
		<author>
			<persName><forename type="first">W</forename><surname>Mansour</surname></persName>
		</author>
		<author>
			<persName><forename type="first">T</forename><surname>Elsayed</surname></persName>
		</author>
		<author>
			<persName><forename type="first">Al-Ali</forename></persName>
		</author>
		<author>
			<persName><forename type="first">A</forename></persName>
		</author>
	</analytic>
	<monogr>
		<title level="m">Proceedings of the Sixth Arabic Natural Language Processing Workshop</title>
				<meeting>the Sixth Arabic Natural Language Processing Workshop</meeting>
		<imprint>
			<publisher>Association for Computational Linguistics</publisher>
			<date type="published" when="2021">2021</date>
		</imprint>
	</monogr>
	<note type="raw_reference">Sheikh Ali, Z., Mansour, W., Elsayed, T., and Al- Ali, A. (2021). AraFacts: The First Large Ara- bic Dataset of Naturally-Occurring Professionally- Verified Claims. In Proceedings of the Sixth Ara- bic Natural Language Processing Workshop. Asso- ciation for Computational Linguistics.</note>
</biblStruct>

<biblStruct xml:id="b21">
	<monogr>
		<author>
			<persName><forename type="first">K</forename><surname>Shu</surname></persName>
		</author>
		<author>
			<persName><forename type="first">D</forename><surname>Mahudeswaran</surname></persName>
		</author>
		<author>
			<persName><forename type="first">S</forename><surname>Wang</surname></persName>
		</author>
		<author>
			<persName><forename type="first">D</forename><surname>Lee</surname></persName>
		</author>
		<author>
			<persName><forename type="first">H</forename><surname>Liu</surname></persName>
		</author>
		<idno type="arXiv">arXiv:1809.01286</idno>
		<title level="m">FakeNewsNet: A data repository with news content, social context and spatialtemporal information for studying fake news on social media</title>
				<imprint>
			<date type="published" when="2018">2018</date>
		</imprint>
	</monogr>
	<note type="report_type">arXiv preprint</note>
	<note type="raw_reference">Shu, K., Mahudeswaran, D., Wang, S., Lee, D., and Liu, H. (2018). FakeNewsNet: A data repository with news content, social context and spatialtempo- ral information for studying fake news on social me- dia. arXiv preprint arXiv:1809.01286.</note>
</biblStruct>

<biblStruct xml:id="b22">
	<analytic>
		<title level="a" type="main">The role of user profiles for fake news detection</title>
		<author>
			<persName><forename type="first">K</forename><surname>Shu</surname></persName>
		</author>
		<author>
			<persName><forename type="first">X</forename><surname>Zhou</surname></persName>
		</author>
		<author>
			<persName><forename type="first">S</forename><surname>Wang</surname></persName>
		</author>
		<author>
			<persName><forename type="first">R</forename><surname>Zafarani</surname></persName>
		</author>
		<author>
			<persName><forename type="first">H</forename><surname>Liu</surname></persName>
		</author>
	</analytic>
	<monogr>
		<title level="m">Proceedings of the 2019 IEEE/ACM international conference on advances in social networks analysis and mining</title>
				<meeting>the 2019 IEEE/ACM international conference on advances in social networks analysis and mining</meeting>
		<imprint>
			<date type="published" when="2019">2019</date>
			<biblScope unit="page" from="436" to="439" />
		</imprint>
	</monogr>
	<note type="raw_reference">Shu, K., Zhou, X., Wang, S., Zafarani, R., and Liu, H. (2019). The role of user profiles for fake news detec- tion. In Proceedings of the 2019 IEEE/ACM inter- national conference on advances in social networks analysis and mining, pages 436-439.</note>
</biblStruct>

<biblStruct xml:id="b23">
	<analytic>
		<title level="a" type="main">Combating disinformation in a social media age</title>
		<author>
			<persName><forename type="first">K</forename><surname>Shu</surname></persName>
		</author>
		<author>
			<persName><forename type="first">A</forename><surname>Bhattacharjee</surname></persName>
		</author>
		<author>
			<persName><forename type="first">F</forename><surname>Alatawi</surname></persName>
		</author>
		<author>
			<persName><forename type="first">T</forename><forename type="middle">H</forename><surname>Nazer</surname></persName>
		</author>
		<author>
			<persName><forename type="first">K</forename><surname>Ding</surname></persName>
		</author>
		<author>
			<persName><forename type="first">M</forename><surname>Karami</surname></persName>
		</author>
		<author>
			<persName><forename type="first">H</forename><surname>Liu</surname></persName>
		</author>
	</analytic>
	<monogr>
		<title level="j">Wiley Interdisciplinary Reviews: Data Mining and Knowledge Discovery</title>
		<imprint>
			<biblScope unit="volume">10</biblScope>
			<biblScope unit="issue">6</biblScope>
			<biblScope unit="page">e1385</biblScope>
			<date type="published" when="2020">2020</date>
		</imprint>
	</monogr>
	<note type="raw_reference">Shu, K., Bhattacharjee, A., Alatawi, F., Nazer, T. H., Ding, K., Karami, M., and Liu, H. (2020). Com- bating disinformation in a social media age. Wiley Interdisciplinary Reviews: Data Mining and Knowl- edge Discovery, 10(6):e1385.</note>
</biblStruct>

<biblStruct xml:id="b24">
	<monogr>
		<title level="m" type="main">Tabular data: Deep learning is not all you need</title>
		<author>
			<persName><forename type="first">R</forename><surname>Shwartz-Ziv</surname></persName>
		</author>
		<author>
			<persName><forename type="first">A</forename><surname>Armon</surname></persName>
		</author>
		<imprint>
			<date type="published" when="2022">2022</date>
			<biblScope unit="volume">81</biblScope>
			<biblScope unit="page" from="84" to="90" />
		</imprint>
	</monogr>
	<note>Information Fusion</note>
	<note type="raw_reference">Shwartz-Ziv, R. and Armon, A. (2022). Tabular data: Deep learning is not all you need. Information Fu- sion, 81:84-90.</note>
</biblStruct>

<biblStruct xml:id="b25">
	<analytic>
		<title level="a" type="main">The spread of true and false news online</title>
		<author>
			<persName><forename type="first">S</forename><surname>Vosoughi</surname></persName>
		</author>
		<author>
			<persName><forename type="first">D</forename><surname>Roy</surname></persName>
		</author>
		<author>
			<persName><forename type="first">S</forename><surname>Aral</surname></persName>
		</author>
	</analytic>
	<monogr>
		<title level="j">Science</title>
		<imprint>
			<biblScope unit="volume">359</biblScope>
			<biblScope unit="issue">6380</biblScope>
			<biblScope unit="page" from="1146" to="1151" />
			<date type="published" when="2018">2018</date>
		</imprint>
	</monogr>
	<note type="raw_reference">Vosoughi, S., Roy, D., and Aral, S. (2018). The spread of true and false news online. Science, 359(6380):1146-1151.</note>
</biblStruct>

<biblStruct xml:id="b26">
	<analytic>
		<title level="a" type="main">Scalable and generalizable social bot detection through data selection</title>
		<author>
			<persName><forename type="first">K.-C</forename><surname>Yang</surname></persName>
		</author>
		<author>
			<persName><forename type="first">O</forename><surname>Varol</surname></persName>
		</author>
		<author>
			<persName><forename type="first">P.-M</forename><surname>Hui</surname></persName>
		</author>
		<author>
			<persName><forename type="first">F</forename><surname>Menczer</surname></persName>
		</author>
	</analytic>
	<monogr>
		<title level="m">Proceedings of the AAAI Conference on Artificial Intelligence</title>
				<meeting>the AAAI Conference on Artificial Intelligence</meeting>
		<imprint>
			<date type="published" when="2020">2020</date>
			<biblScope unit="volume">34</biblScope>
			<biblScope unit="page" from="1096" to="1103" />
		</imprint>
	</monogr>
	<note type="raw_reference">Yang, K.-C., Varol, O., Hui, P.-M., and Menczer, F. (2020). Scalable and generalizable social bot de- tection through data selection. In Proceedings of the AAAI Conference on Artificial Intelligence, vol- ume 34, pages 1096-1103.</note>
</biblStruct>

<biblStruct xml:id="b27">
	<analytic>
		<title level="a" type="main">Mining dual emotion for fake news detection</title>
		<author>
			<persName><forename type="first">X</forename><surname>Zhang</surname></persName>
		</author>
		<author>
			<persName><forename type="first">J</forename><surname>Cao</surname></persName>
		</author>
		<author>
			<persName><forename type="first">X</forename><surname>Li</surname></persName>
		</author>
		<author>
			<persName><forename type="first">Q</forename><surname>Sheng</surname></persName>
		</author>
		<author>
			<persName><forename type="first">L</forename><surname>Zhong</surname></persName>
		</author>
		<author>
			<persName><forename type="first">K</forename><surname>Shu</surname></persName>
		</author>
	</analytic>
	<monogr>
		<title level="m">Proceedings of the Web Conference 2021</title>
				<meeting>the Web Conference 2021</meeting>
		<imprint>
			<date type="published" when="2021">2021</date>
			<biblScope unit="page" from="3465" to="3476" />
		</imprint>
	</monogr>
	<note type="raw_reference">Zhang, X., Cao, J., Li, X., Sheng, Q., Zhong, L., and Shu, K. (2021). Mining dual emotion for fake news detection. In Proceedings of the Web Conference 2021, pages 3465-3476.</note>
</biblStruct>

				</listBibl>
			</div>
		</back>
	</text>
</TEI>
