<?xml version="1.0" encoding="UTF-8"?>
<TEI xml:space="preserve" xmlns="http://www.tei-c.org/ns/1.0" 
xmlns:xsi="http://www.w3.org/2001/XMLSchema-instance" 
xsi:schemaLocation="http://www.tei-c.org/ns/1.0 https://raw.githubusercontent.com/kermitt2/grobid/master/grobid-home/schemas/xsd/Grobid.xsd"
 xmlns:xlink="http://www.w3.org/1999/xlink">
	<teiHeader xml:lang="en">
		<fileDesc>
			<titleStmt>
				<title level="a" type="main">Automatic Fake News Detection: Are current models &quot;fact-checking&quot; or &quot;gut-checking&quot;?</title>
			</titleStmt>
			<publicationStmt>
				<publisher/>
				<availability status="unknown"><licence/></availability>
			</publicationStmt>
			<sourceDesc>
				<biblStruct>
					<analytic>
						<author>
							<persName><forename type="first">Ian</forename><surname>Kelk</surname></persName>
							<affiliation key="aff0">
								<orgName type="institution">Harvard University</orgName>
							</affiliation>
						</author>
						<author>
							<persName><forename type="first">Benjamin</forename><forename type="middle">Basseri</forename><surname>Wee</surname></persName>
							<affiliation key="aff0">
								<orgName type="institution">Harvard University</orgName>
							</affiliation>
						</author>
						<author>
							<persName><forename type="first">Yi</forename><surname>Lee</surname></persName>
							<affiliation key="aff0">
								<orgName type="institution">Harvard University</orgName>
							</affiliation>
						</author>
						<author>
							<persName><forename type="first">Richard</forename><surname>Qiu</surname></persName>
							<email>rqiu@college</email>
							<affiliation key="aff0">
								<orgName type="institution">Harvard University</orgName>
							</affiliation>
						</author>
						<author>
							<persName><forename type="first">Chris</forename><surname>Tanner</surname></persName>
							<email>christanner@g.harvard.edu</email>
							<affiliation key="aff0">
								<orgName type="institution">Harvard University</orgName>
							</affiliation>
						</author>
						<title level="a" type="main">Automatic Fake News Detection: Are current models &quot;fact-checking&quot; or &quot;gut-checking&quot;?</title>
					</analytic>
					<monogr>
						<imprint>
							<date/>
						</imprint>
					</monogr>
					<idno type="MD5">DE79CC610A9CF3793AE5344F163119D9</idno>
				</biblStruct>
			</sourceDesc>
		</fileDesc>
		<encodingDesc>
			<appInfo>
				<application version="0.7.3-SNAPSHOT" ident="GROBID" when="2023-01-12T08:38+0000">
					<desc>GROBID - A machine learning software for extracting information from scholarly documents</desc>
					<ref target="https://github.com/kermitt2/grobid"/>
				</application>
			</appInfo>
		</encodingDesc>
		<profileDesc>
			<abstract>
<div xmlns="http://www.tei-c.org/ns/1.0"><p>Automatic fake news detection models are ostensibly based on logic, where the truth of a claim made in a headline can be determined by supporting or refuting evidence found in a resulting web query. These models are believed to be reasoning in some way; however, it has been shown that these same results, or better, can be achieved without considering the claim at all -only the evidence. This implies that other signals are contained within the examined evidence, and could be based on manipulable factors such as emotion, sentiment, or part-of-speech (POS) frequencies, which are vulnerable to adversarial inputs. We neutralize some of these signals through multiple forms of both neural and non-neural pre-processing and style transfer, and find that this flattening of extraneous indicators can induce the models to actually require both claims and evidence to perform well. We conclude with the construction of a model using emotion vectors built off a lexicon and passed through an "emotional attention" mechanism to appropriately weight certain emotions. We provide quantifiable results that prove our hypothesis that manipulable features are being used for fact-checking.</p></div>
			</abstract>
		</profileDesc>
	</teiHeader>
	<text xml:lang="en">
		<body>
<div xmlns="http://www.tei-c.org/ns/1.0"><head n="1">Introduction</head><p>Recent events such as the last two U.S. presidential elections have been greatly affected by fake news, defined as "fabricated information that disseminates deceptive content, or grossly distort actual news reports, shared on social media platforms" <ref type="bibr" target="#b2">(Allcott and Gentzkow, 2017)</ref>. In fact, the World Economic Forum 2013 report designates massive digital misinformation as a major technological and geopolitical risk <ref type="bibr" target="#b6">(Bovet and Makse, 2019)</ref>. As daily social media usage increases <ref type="bibr">(Statista Research Department, 2021)</ref>, manual fact-checking cannot keep up with this deluge of information.</p><p>Automatic fact-checking models are therefore a necessity, and most of them function using a system of claims and evidence <ref type="bibr" target="#b11">(Hassan et al., 2017)</ref>.</p><p>Given a specific claim, the models use external knowledge as evidence. Typically, a web search query is treated as the claim, and a subset of the top search results is treated as the evidence. There is an implicit assumption that the fact-checking models are reasoning in some way, using the evidence to confirm or refute the claim. Recent research <ref type="bibr" target="#b10">(Hansen et al., 2021)</ref> found this conclusion may be premature; current models can show improved performance when considering evidence alone, essentially fact-checking an unasked question. While this might seem reasonable given that the evidence is conditioned on the claims by the search engine, this can be exploited as illustrated in Figure <ref type="figure">1</ref>, which shows that evidence returned using a ridiculous claim can still appear reasonable if we view the evidence alone without the claim. Furthermore, textual entailment requires both a text and a hypothesis; if we have a result without a hypothesis, we are performing a different, unknown task.</p><p>This finding indicates a problem with current automatic fake news detection, signaling that the models rely on features in the evidence typical to fake news, rather than using entailment. Since most automated fact-checking research is primarily concerned with the accuracy of the results, rather than addressing how the results are achieved, we propose a novel investigation into these models and their evidence. We use a variety of pre-processing steps, including neural and non-neural ones, to attempt to reduce the affectations common in evidence:</p><p>• Stemming, stopword removal, negation, and POS-filtering <ref type="bibr" target="#b4">(Babanejad et al., 2020)</ref>.</p><p>• Style transfer neural models using the Styleformer model to perform informal-to-formal and formal-to-informal paraphrasing methods <ref type="bibr" target="#b13">(Li et al., 2018;</ref><ref type="bibr" target="#b22">Schmidt, 2020)</ref>.</p><p>We also develop our own BERT-based model as an extension of the EmoCred system (Giachanou Figure <ref type="figure">1</ref>: An example of why evidence alone does not suffice in identifying fake news, despite the evidence being conditioned on the claim as a search-engine query. Although the returned evidence appearing reputable, it is clear that it has little relevance to deciding the veracity of the claim that "all Canadians have eaten at least one bear." <ref type="bibr">et al., 2019)</ref>, adding an "emotional attention" layer to weight the most relevant emotional signals in a given evidence snippet. We make our code publicly available. 1   With each of these methods, we focus on scores where the models perform better using both the claims and the evidence combined, S C&amp;E , rather than with the evidence alone, S E . Going forward, we will refer to the difference between these dataset combinations as the delta of the pre-processing step, where delta = S C&amp;E − S E . A positive delta score indicates that the claim was useful and helped yield an increase in performance. Since we are removing indicators that the current models rely on, some of the models perform worse at the task than they did previously. However, a surprising result is that many improved, and the need to consider the claim and the evidence together is a sign of using reasoning rather than manipulable indicators.</p><p>Under current fact-checking models, adversarial data can subvert these detectors. Paraphrasing can be performed by inserting fictitious statements into otherwise truthful evidence with little effect on the model's output. For example, an article titled "Is the GOP losing Walmart?", could have "Walmart" substituted with "Apple," and the predictions are nearly identical despite the news now being fictitious <ref type="bibr" target="#b27">(Zhou et al., 2019)</ref>. 1 </p></div>
<div xmlns="http://www.tei-c.org/ns/1.0"><head>GitHub repository link 2 Related Work</head><p>There has been significant work with automatic fact-checking models using RNNs and Transformers <ref type="bibr" target="#b23">(Shaar et al., 2020a;</ref><ref type="bibr" target="#b0">Alam et al., 2020;</ref><ref type="bibr" target="#b24">Shaar et al., 2020b)</ref> as well as non-neural machine learning using TF-IDF vectors <ref type="bibr" target="#b20">(Reddy et al., 2018)</ref>.</p><p>Current fake news detection models that use a claim's search engine results as evidence may unintentionally use hidden signals that are not attributed to the claim <ref type="bibr" target="#b10">(Hansen et al., 2021)</ref>. Additionally, models may in fact simply memorize biases within data <ref type="bibr" target="#b9">(Gururangan et al., 2018)</ref>. Improvements can be made when using human-identified justifications for fact-checking <ref type="bibr" target="#b1">(Alhindi et al., 2018;</ref><ref type="bibr" target="#b26">Vo and Lee, 2020)</ref>, and making use of textual entailment can offer improvements <ref type="bibr" target="#b21">(Saikh et al., 2019)</ref>.</p><p>Emotional text can signal low credibility (Rashkin et al., 2017), characterizing fake news as a task where pre-processing can be used effectively to diminish bias <ref type="bibr" target="#b8">(Giachanou et al., 2019;</ref><ref type="bibr" target="#b4">Babanejad et al., 2020)</ref>. A framework to both categorize fake news and to identify features that differentiate fake news from real news has been described by <ref type="bibr" target="#b16">Molina et al. (2021)</ref>, and debiasing inappropriate subjectivity in text can be accomplished by replacing a single biased word in each sentence <ref type="bibr" target="#b18">(Pryzant et al., 2020)</ref>.</p><p>Figure <ref type="figure">2</ref>: Ablation studies where evidence was sequentially removed for training and evaluation of models. On the far left, we show the most effective non-neural pre-processing compared to the baseline of none. Performance generally worsens as the ablation increases.</p><p>Using the claim as a query, the top ten results from Google News ("snippets") constitute the evidence <ref type="bibr" target="#b10">(Hansen et al., 2021)</ref>. PolitiFact and Snopes use five labels (False, Mostly False, Mixture, Mostly True, True), which we collapse to True, Mixture, and False.</p><p>To construct the emotion vectors for our EmoAttention system, we use the NRC Affect Intensity Lexicon, which maps approximately 6,000 terms to values between 0 and 1, representing the term's intensity along 8 different emotions <ref type="bibr" target="#b15">(Mohammad, 2017)</ref>. For example, "interrupt" and "rage" are both categorized as anger words, but with the respective intensity values of 0.333 and 0.911.</p></div>
<div xmlns="http://www.tei-c.org/ns/1.0"><head n="4">Models</head><p>The most common automatic fact-checking NLP models are based on term frequency, word embeddings, and contextualized word embeddings, using Random Forests, LSTMs, and BERT (Hassan et al., 2017). We limit our experimentation to the BERT model, as it is the highest performing state-of-the-art model and was thoroughly tested in <ref type="bibr" target="#b10">(Hansen et al., 2021)</ref>. This BERT model with no pre-processing is our baseline model.</p><p>For the style transfer model we use the Styleformer model <ref type="bibr" target="#b13">(Li et al., 2018;</ref><ref type="bibr" target="#b22">Schmidt, 2020)</ref>, a Transformer-based seq2seq model.</p><p>We also develop our own BERT-based model using the EmoLexi and EmoInt implementation of the EmoCred system by adding an emotional attention layer to emphasize certain emotion representations for a given claim and its evidence <ref type="bibr" target="#b8">(Giachanou et al., 2019)</ref>. There is also a snippet attention layer at-tending to which evidence itself should be weighted most heavily for the given claim. Our goal is to separate affect-based properties from factual content of the text. Toward this, we run a large number of permutations of the following four simple pre-processing steps (see Figure <ref type="figure">4</ref> in Appendix B for results). These steps were chosen as they have been shown to facilitate affective tasks such as sentiment analysis, emotion classification, and sarcasm detection <ref type="bibr" target="#b4">(Babanejad et al., 2020)</ref>. In some cases we used a modified form -such as removing adverbs for POS pre-processing.</p><p>• Negation (NEG): A mechanism that transforms a negated statement into its inverse <ref type="bibr" target="#b5">(Benamara et al., 2012)</ref>. An example, "I am not happy" would have "not" removed and "happy" replaced by its antonym, forming the sentence "I am sad."</p><p>• Parts-of-Speech (POS): We keep only three parts of speech: nouns, verbs, and adjectives. We initially included adverbs but found removing them improved results. This could be due to some adverbs being emotionally charged.</p><p>• Stopwords (STOP): These are generally the most common words in a language, such as function words and prepositions. We use the NLTK library.</p><p>• Stemming (STEM): Reducing a word to its root form. We use the NLTK Snowball Stemmer.</p></div>
<div xmlns="http://www.tei-c.org/ns/1.0"><head n="5.2">Neural formality style transfer</head><p>We As well, it removes punctuation and alters phrasing that might be understood as sarcasm, such as "Melania Trump said that Native Americans upset about the Dakota Access Pipeline should 'go back to India"' to "Melania Trump told Native Americans that was upset by the Dakota Access Pipeline, that they should travel to India." The informalto-formal model lowercases everything and also changes the text significantly.</p><p>We chose this paraphrasing model based on the idea that fake news -especially that which is frequently posted on social media -has a certain polarizing style that might be neutralized by altering the formality of the text. Rather surprisingly, we received better results transforming the style from formal-to-informal than we did with informal-toformal.</p></div>
<div xmlns="http://www.tei-c.org/ns/1.0"><head n="5.3">EmoCred emotion representations with emotional attention</head><p>The EmoCred systems of EmoLexi and EmoInt use a lexicon to determine emotional word counts and intensities, respectively <ref type="bibr" target="#b8">(Giachanou et al., 2019)</ref>. We use the NRC Affect Intensity Lexicon, a "highcoverage lexicons that captures word-affect intensities" for eight basic emotions, which were created using a technique called best-worst scaling (Mohammad, 2017). These eight emotions can be used to create an emotion vector for a sentence, where each index corresponds to a score: [anger, anticipation, disgust, fear, joy, sadness, surprise, trust].</p><p>As an example, a sentence that contains the word "suffering" conveys sadness with an NRC Affect Intensity Lexicon intensity of 0.844, whereas the word "affection" indicates joy with an intensity of 0.647. We create the vector of length eight, and for each word associated with an emotion, the emotion's indexed value is either: (1) incremented by one for EmoLexi; or, (2) incremented by its intensity for EmoInt. Thus, the sentence "He had an affection for suffering" would have an EmoLexi emotion vector of [0, 0, 0, 0, 1, 1, 0, 0] and an EmoInt emotion vector of [0, 0, 0, 0, 0.647, 0.844, 0, 0]</p><p>We build on this EmoCred framework, adding an attention system for emotion that gives a weight to each emotion vector, just as the attention layer for each snippet gives a weight to each snippet. The end result is that two independent attention layers attend to the ten snippets and ten emotional representations independently, and we call the resulting system Emotional Attention (see Figure <ref type="figure" target="#fig_0">3</ref>).</p></div>
<div xmlns="http://www.tei-c.org/ns/1.0"><head n="6">Results</head><p>Surprisingly, the four top-performing models with the Snopes dataset include two non-neural models and two neural models. All four achieve greater F1 Macro scores than the baseline BERT model without pre-processing (see Figure <ref type="figure">2</ref>). POS and STOP yield the biggest delta between S C&amp;E vs. S E , followed by EmoInt and Informal Style Transfer. However, EmoInt yields the highest F1 Macro, followed by POS, Informal, and STOP.</p><p>In PolitiFact, none of the pre-processing steps achieve a delta greater than zero for S C&amp;E versus S E . The combination of POS+STOP steps come closest to parity, followed by EmoInt, then POS and STOP. For the best F1 Macro scores overall, EmoAttention's two forms (i.e., EmoInt and EmoLexi) were the two best, followed by STOP and POS. All of these pre-processing steps achieve higher F1 Macro scores than the baseline BERT model. Further, they yield better deltas for S C&amp;E versus S E , implying that the model now requires the claims to reason.</p></div>
<div xmlns="http://www.tei-c.org/ns/1.0"><head n="7">Conclusion</head><p>Many pre-processing steps increase both the model's F1 scores and its need for claims and evidence, validating our hypothesis that signals in style and tone have become a crutch for factchecking models. Rather than doing entailment, they are leveraging other signals -perhaps similar to sentiment analysis -and relying on a "gut feeling". EmoAttention generates our best predictions and deltas, confirming our suspicion that the models rely on emotionally charged style as a predictive feature. This is further narrowed to emotional intensity: the EmoInt intensity score-based model performs much better than its count-based counterpart EmoLexi. Thus, evidence containing emotions associated with fake news will be considered more when scoring the claim. One surprising result is the effectiveness of the simple POS and STOP pre-processing steps. POS only included nouns, verbs, and adjectives (i.e., a superset of STOP). This could explain why it has the best delta between S C&amp;E vs. S E . Future research could investigate if stopwords, which are often discarded, actually contain signals such as anaphora: a repetitive rhetoric style which can affect NLP analyses <ref type="bibr" target="#b14">(Liddy, 1990)</ref>.</p><p>As an example, Donald Trump makes heavy use of anaphora in his 2017 inauguration speech:</p><p>"Together, we will make America strong again. We will make America wealthy again. We will make America proud again. We will make America safe again. And, yes, together, we will make america great again." <ref type="bibr">(Trump Inauguration Address, 2017)</ref> By removing stopwords "we", "will" and "again", the model relies less on the text's rhetoric style and more on the entailment we are seeking. We propose further study on the effects of STOP and POS, as well as experimenting with different emotional vectors and EmoAttention to make factchecking models more robust. Automatic Fake News detection remains a challenging problem, and unfortunately, current fact-checking models can be subverted by adversarial techniques that exploit emotionally charged writing.</p></div>
<div xmlns="http://www.tei-c.org/ns/1.0"><head>A Impact Statement</head><p>Disinformation is much more than just a mild inconvenience for society; it has resulted in needless deaths in the COVID-19 pandemic, and has fomented violence and political instability all over the globe (van der Linden et al., 2020). Our goal in this paper is to discover exploitable weaknesses in current fact-checking models and recommend that such models not be relied upon in their current form. We point out how the models are dependent on emotional signals in the texts instead of exclusively performing textual entailment, and that additional research needs to be done to ensure they are performing the proper task.</p><p>Harm Minimization Our quantifying of the effects of pre-processing on fact-checking models does not cause any harm to real-world users or companies. Research has demonstrated that adversarial attacks could result in disinformation being labeled as factual news. Disinformation has become increasingly present in global politics, as some nation-states with significant resources have disseminated propaganda to create political dissent in other countries <ref type="bibr" target="#b27">(Zhou et al., 2019)</ref>. Our research here has demonstrated potential risks: emotional writing could be used as an exploit to circumvent fact-checking models. Thus, we urge others to further illuminate such vulnerabilities, to minimize potential harms, and to encourage improvements with new models.</p><p>Deployment Social media companies often deal with fake news by placing highly visible labels. However, simply tagging stories as false can make readers more willing to believe and share other false, untagged stories. This unintended consequence -in which the selective labeling of false news makes other news stories seem more legitimate -has been called the "implied-truth effect" <ref type="bibr" target="#b17">(Pennycook et al., 2019)</ref>. Thus, unless these models become so accurate that they catch all fake news presented to them, the entire basis of their use is called into question.</p><p>Despite the significant progress in developing models to correctly identify fake news, the real elephant in the room is that many people simply ignore the labels <ref type="bibr" target="#b16">(Molina et al., 2021)</ref>. There is, however, prior work supporting the idea that if people are warned that a headline is false, they will be less likely to believe it <ref type="bibr" target="#b7">(Ecker et al., 2010;</ref><ref type="bibr" target="#b12">Lewandowsky et al., 2012)</ref>. Because of this, we believe this research represents a net benefit for humanity.</p><p>Warning labels are just one way of dealing with properly identified fake news, and publishers can choose to simply not allow it on their platforms. Of course, this issue leads to questions of censorship.</p></div>
<div xmlns="http://www.tei-c.org/ns/1.0"><head>B Extended Results</head><p>In Figure <ref type="figure">4</ref>, we report all results for each preprocessing step.</p><p>Figure <ref type="figure">4</ref>: The full table of results for all pre-processing steps for the Snopes (SNES) and PolitiFact (POMT) datasets. Due to the high compute requirements of the formal and informal style transfer models, these datasets were only prepared for the Snopes dataset. The darkest green colors indicate the best results, while the red indicates the worst. Multiple pre-processing steps such as (pos, stop) were performed in the order written.</p></div><figure xmlns="http://www.tei-c.org/ns/1.0" xml:id="fig_0"><head>Figure 3 :</head><label>3</label><figDesc>Figure 3: The EmoAttention BERT model architecture using emotional-and snippet attention</figDesc><graphic coords="3,306.14,379.37,226.78,185.53" type="bitmap" /></figure>
<figure xmlns="http://www.tei-c.org/ns/1.0" xml:id="fig_1"><head></head><label></label><figDesc>use the adversarial technique of generating paraphrases for all the claims and evidence through style transfer. The neural Transformer-based seq2seq model Styleformer changes the formality of the text, and it frequently changes the ordering of the sentence itself, too. For example, the formal-to-informal model changes "A photograph shows William Harley and Arthur Davidson unveiling their first motorcycle in 1914" to "In a 1914 photograph William Harley and Arthur Davidson unveil their first motorcycle."</figDesc></figure>
<figure xmlns="http://www.tei-c.org/ns/1.0"><head></head><label></label><figDesc></figDesc><graphic coords="2,70.86,116.68,453.56,174.87" type="bitmap" /></figure>
<figure xmlns="http://www.tei-c.org/ns/1.0" type="table" xml:id="tab_0"><head>Table 1 :</head><label>1</label><figDesc>Top results from various pre-processing steps. The top three steps are highlighted in blue. The lowest F1 Macro scores and deltas are in red. With the exception of EmoLexi tying for the lowest delta, the best pre-processing steps outperform the baseline BERT model from<ref type="bibr" target="#b10">Hansen et al. (2021)</ref>.</figDesc><table><row><cell>Snopes</cell><cell>PolitiFact</cell></row></table></figure>
			<note xmlns="http://www.tei-c.org/ns/1.0" place="foot" n="3" xml:id="foot_0">DatasetsWe use the MultiFC dataset<ref type="bibr" target="#b3">(Augenstein et al., 2019)</ref>, which consists of political claims and associated truth labels from PolitiFact and Snopes.</note>
		</body>
		<back>
			<div type="references">

				<listBibl>

<biblStruct xml:id="b0">
	<monogr>
		<title level="m" type="main">Fighting the COVID-19 infodemic: Modeling the perspective of journalists, fact-checkers, social media platforms, policy makers, and the society</title>
		<author>
			<persName><forename type="first">Firoj</forename><surname>Alam</surname></persName>
		</author>
		<author>
			<persName><forename type="first">Shaden</forename><surname>Shaar</surname></persName>
		</author>
		<author>
			<persName><forename type="first">Alex</forename><surname>Nikolov</surname></persName>
		</author>
		<author>
			<persName><forename type="first">Hamdy</forename><surname>Mubarak</surname></persName>
		</author>
		<author>
			<persName><forename type="first">Giovanni</forename><surname>Da San</surname></persName>
		</author>
		<author>
			<persName><forename type="first">Ahmed</forename><surname>Martino</surname></persName>
		</author>
		<author>
			<persName><forename type="first">Fahim</forename><surname>Abdelali</surname></persName>
		</author>
		<author>
			<persName><forename type="first">Nadir</forename><surname>Dalvi</surname></persName>
		</author>
		<author>
			<persName><forename type="first">Hassan</forename><surname>Durrani</surname></persName>
		</author>
		<author>
			<persName><forename type="first">Kareem</forename><surname>Sajjad</surname></persName>
		</author>
		<author>
			<persName><forename type="first">Preslav</forename><surname>Darwish</surname></persName>
		</author>
		<author>
			<persName><surname>Nakov</surname></persName>
		</author>
		<idno>CoRR, abs/2005.00033</idno>
		<imprint>
			<date type="published" when="2020">2020</date>
		</imprint>
	</monogr>
	<note type="raw_reference">Firoj Alam, Shaden Shaar, Alex Nikolov, Hamdy Mubarak, Giovanni Da San Martino, Ahmed Ab- delali, Fahim Dalvi, Nadir Durrani, Hassan Sajjad, Kareem Darwish, and Preslav Nakov. 2020. Fight- ing the COVID-19 infodemic: Modeling the per- spective of journalists, fact-checkers, social media platforms, policy makers, and the society. CoRR, abs/2005.00033.</note>
</biblStruct>

<biblStruct xml:id="b1">
	<analytic>
		<title level="a" type="main">Where is your evidence: Improving factchecking by justification modeling</title>
		<author>
			<persName><forename type="first">Tariq</forename><surname>Alhindi</surname></persName>
		</author>
		<author>
			<persName><forename type="first">Savvas</forename><surname>Petridis</surname></persName>
		</author>
		<author>
			<persName><forename type="first">Smaranda</forename><surname>Muresan</surname></persName>
		</author>
		<idno type="DOI">10.18653/v1/W18-5513</idno>
	</analytic>
	<monogr>
		<title level="m">Proceedings of the First Workshop on Fact Extraction and VERification (FEVER)</title>
				<meeting>the First Workshop on Fact Extraction and VERification (FEVER)<address><addrLine>Brussels, Belgium</addrLine></address></meeting>
		<imprint>
			<publisher>Association for Computational Linguistics</publisher>
			<date type="published" when="2018">2018</date>
			<biblScope unit="page" from="85" to="90" />
		</imprint>
	</monogr>
	<note type="raw_reference">Tariq Alhindi, Savvas Petridis, and Smaranda Mure- san. 2018. Where is your evidence: Improving fact- checking by justification modeling. In Proceedings of the First Workshop on Fact Extraction and VERi- fication (FEVER), pages 85-90, Brussels, Belgium. Association for Computational Linguistics.</note>
</biblStruct>

<biblStruct xml:id="b2">
	<analytic>
		<title level="a" type="main">Social media and fake news in the 2016 election</title>
		<author>
			<persName><forename type="first">Hunt</forename><surname>Allcott</surname></persName>
		</author>
		<author>
			<persName><forename type="first">Matthew</forename><surname>Gentzkow</surname></persName>
		</author>
		<idno type="DOI">10.1257/jep.31.2.211</idno>
	</analytic>
	<monogr>
		<title level="j">Journal of Economic Perspectives</title>
		<imprint>
			<biblScope unit="volume">31</biblScope>
			<biblScope unit="issue">2</biblScope>
			<biblScope unit="page" from="211" to="236" />
			<date type="published" when="2017">2017</date>
		</imprint>
	</monogr>
	<note type="raw_reference">Hunt Allcott and Matthew Gentzkow. 2017. Social media and fake news in the 2016 election. Journal of Economic Perspectives, 31(2):211-36.</note>
</biblStruct>

<biblStruct xml:id="b3">
	<monogr>
		<title level="m" type="main">Multifc: A real-world multi-domain dataset for evidence-based fact checking of claims</title>
		<author>
			<persName><forename type="first">Isabelle</forename><surname>Augenstein</surname></persName>
		</author>
		<author>
			<persName><forename type="first">Christina</forename><surname>Lioma</surname></persName>
		</author>
		<author>
			<persName><forename type="first">Dongsheng</forename><surname>Wang</surname></persName>
		</author>
		<author>
			<persName><forename type="first">Lucas</forename><forename type="middle">Chaves</forename><surname>Lima</surname></persName>
		</author>
		<author>
			<persName><forename type="first">Casper</forename><surname>Hansen</surname></persName>
		</author>
		<author>
			<persName><forename type="first">Christian</forename><surname>Hansen</surname></persName>
		</author>
		<author>
			<persName><forename type="first">Jakob</forename><forename type="middle">Grue</forename><surname>Simonsen</surname></persName>
		</author>
		<imprint>
			<date type="published" when="2019">2019</date>
		</imprint>
	</monogr>
	<note type="raw_reference">Isabelle Augenstein, Christina Lioma, Dongsheng Wang, Lucas Chaves Lima, Casper Hansen, Christian Hansen, and Jakob Grue Simonsen. 2019. Multifc: A real-world multi-domain dataset for evidence-based fact checking of claims.</note>
</biblStruct>

<biblStruct xml:id="b4">
	<analytic>
		<title level="a" type="main">A comprehensive analysis of preprocessing for word representation learning in affective tasks</title>
		<author>
			<persName><forename type="first">Nastaran</forename><surname>Babanejad</surname></persName>
		</author>
		<author>
			<persName><forename type="first">Ameeta</forename><surname>Agrawal</surname></persName>
		</author>
		<idno type="DOI">10.18653/v1/2020.acl-main.514</idno>
	</analytic>
	<monogr>
		<title level="m">Proceedings of the 58th Annual Meeting of the Association for Computational Linguistics</title>
				<meeting>the 58th Annual Meeting of the Association for Computational Linguistics</meeting>
		<imprint>
			<publisher>Online. Association for Computational Linguistics</publisher>
			<date type="published" when="2020">2020</date>
			<biblScope unit="page" from="5799" to="5810" />
		</imprint>
	</monogr>
	<note>Aijun An, and Manos Papagelis</note>
	<note type="raw_reference">Nastaran Babanejad, Ameeta Agrawal, Aijun An, and Manos Papagelis. 2020. A comprehensive analysis of preprocessing for word representation learning in affective tasks. In Proceedings of the 58th Annual Meeting of the Association for Computational Lin- guistics, pages 5799-5810, Online. Association for Computational Linguistics.</note>
</biblStruct>

<biblStruct xml:id="b5">
	<analytic>
		<title level="a" type="main">How do negation and modality impact on opinions</title>
		<author>
			<persName><forename type="first">Farah</forename><surname>Benamara</surname></persName>
		</author>
		<author>
			<persName><forename type="first">Baptiste</forename><surname>Chardon</surname></persName>
		</author>
		<author>
			<persName><forename type="first">Yannick</forename><surname>Mathieu</surname></persName>
		</author>
		<author>
			<persName><forename type="first">Vladimir</forename><surname>Popescu</surname></persName>
		</author>
		<author>
			<persName><forename type="first">Nicholas</forename><surname>Asher</surname></persName>
		</author>
	</analytic>
	<monogr>
		<title level="m">Proceedings of the Workshop on Extra-Propositional Aspects of Meaning in Computational Linguistics, Ex-ProM &apos;12</title>
				<meeting>the Workshop on Extra-Propositional Aspects of Meaning in Computational Linguistics, Ex-ProM &apos;12</meeting>
		<imprint>
			<publisher>USA. Association for Computational Linguistics</publisher>
			<date type="published" when="2012">2012</date>
			<biblScope unit="page" from="10" to="18" />
		</imprint>
	</monogr>
	<note type="raw_reference">Farah Benamara, Baptiste Chardon, Yannick Mathieu, Vladimir Popescu, and Nicholas Asher. 2012. How do negation and modality impact on opinions? In Proceedings of the Workshop on Extra-Propositional Aspects of Meaning in Computational Linguistics, Ex- ProM &apos;12, page 10-18, USA. Association for Com- putational Linguistics.</note>
</biblStruct>

<biblStruct xml:id="b6">
	<analytic>
		<title level="a" type="main">Influence of fake news in twitter during the 2016 us presidential election</title>
		<author>
			<persName><forename type="first">Alexandre</forename><surname>Bovet</surname></persName>
		</author>
		<author>
			<persName><forename type="first">Hernán</forename><forename type="middle">A</forename><surname>Makse</surname></persName>
		</author>
		<idno type="DOI">10.1038/s41467-018-07761-2</idno>
	</analytic>
	<monogr>
		<title level="j">JournalNature Communications</title>
		<imprint>
			<biblScope unit="issue">1</biblScope>
			<biblScope unit="page">10</biblScope>
			<date type="published" when="2019">2019</date>
		</imprint>
	</monogr>
	<note type="raw_reference">Alexandre Bovet and Hernán A. Makse. 2019. Influence of fake news in twitter during the 2016 us presidential election. JournalNature Communications, 10(1).</note>
</biblStruct>

<biblStruct xml:id="b7">
	<analytic>
		<title level="a" type="main">Explicit warnings reduce but do not eliminate the continued influence of misinformation</title>
		<author>
			<persName><forename type="first">Ullrich</forename><surname>Ecker</surname></persName>
		</author>
		<author>
			<persName><forename type="first">Stephan</forename><surname>Lewandowsky</surname></persName>
		</author>
		<author>
			<persName><forename type="first">David</forename><surname>Tang</surname></persName>
		</author>
		<idno type="DOI">10.3758/MC.38.8.1087</idno>
	</analytic>
	<monogr>
		<title level="j">Memory and cognition</title>
		<imprint>
			<biblScope unit="volume">38</biblScope>
			<biblScope unit="page" from="1087" to="1100" />
			<date type="published" when="2010">2010</date>
		</imprint>
	</monogr>
	<note type="raw_reference">Ullrich Ecker, Stephan Lewandowsky, and David Tang. 2010. Explicit warnings reduce but do not eliminate the continued influence of misinformation. Memory and cognition, 38:1087-100.</note>
</biblStruct>

<biblStruct xml:id="b8">
	<analytic>
		<title level="a" type="main">Leveraging emotional signals for credibility detection</title>
		<author>
			<persName><forename type="first">Anastasia</forename><surname>Giachanou</surname></persName>
		</author>
		<author>
			<persName><forename type="first">Paolo</forename><surname>Rosso</surname></persName>
		</author>
		<author>
			<persName><forename type="first">Fabio</forename><surname>Crestani</surname></persName>
		</author>
		<idno type="DOI">10.1145/3331184.3331285</idno>
	</analytic>
	<monogr>
		<title level="m">Proceedings of the 42nd International ACM SIGIR Conference on Research and Development in Information Retrieval, SIGIR&apos;19</title>
				<meeting>the 42nd International ACM SIGIR Conference on Research and Development in Information Retrieval, SIGIR&apos;19<address><addrLine>New York, NY, USA</addrLine></address></meeting>
		<imprint>
			<publisher>Association for Computing Machinery</publisher>
			<date type="published" when="2019">2019</date>
			<biblScope unit="page" from="877" to="880" />
		</imprint>
	</monogr>
	<note type="raw_reference">Anastasia Giachanou, Paolo Rosso, and Fabio Crestani. 2019. Leveraging emotional signals for credibil- ity detection. In Proceedings of the 42nd Interna- tional ACM SIGIR Conference on Research and De- velopment in Information Retrieval, SIGIR&apos;19, page 877-880, New York, NY, USA. Association for Com- puting Machinery.</note>
</biblStruct>

<biblStruct xml:id="b9">
	<analytic>
		<title level="a" type="main">Annotation artifacts in natural language inference data</title>
		<author>
			<persName><forename type="first">Suchin</forename><surname>Gururangan</surname></persName>
		</author>
		<author>
			<persName><forename type="first">Swabha</forename><surname>Swayamdipta</surname></persName>
		</author>
		<author>
			<persName><forename type="first">Omer</forename><surname>Levy</surname></persName>
		</author>
		<author>
			<persName><forename type="first">Roy</forename><surname>Schwartz</surname></persName>
		</author>
		<author>
			<persName><forename type="first">Samuel</forename><surname>Bowman</surname></persName>
		</author>
		<author>
			<persName><forename type="first">Noah</forename><forename type="middle">A</forename><surname>Smith</surname></persName>
		</author>
		<idno type="DOI">10.18653/v1/N18-2017</idno>
	</analytic>
	<monogr>
		<title level="m">Proceedings of the 2018 Conference of the North American Chapter of the Association for Computational Linguistics: Human Language Technologies</title>
		<title level="s">Short Papers</title>
		<meeting>the 2018 Conference of the North American Chapter of the Association for Computational Linguistics: Human Language Technologies<address><addrLine>New Orleans, Louisiana</addrLine></address></meeting>
		<imprint>
			<publisher>Association for Computational Linguistics</publisher>
			<date type="published" when="2018">2018</date>
			<biblScope unit="volume">2</biblScope>
			<biblScope unit="page" from="107" to="112" />
		</imprint>
	</monogr>
	<note type="raw_reference">Suchin Gururangan, Swabha Swayamdipta, Omer Levy, Roy Schwartz, Samuel Bowman, and Noah A. Smith. 2018. Annotation artifacts in natural language infer- ence data. In Proceedings of the 2018 Conference of the North American Chapter of the Association for Computational Linguistics: Human Language Tech- nologies, Volume 2 (Short Papers), pages 107-112, New Orleans, Louisiana. Association for Computa- tional Linguistics.</note>
</biblStruct>

<biblStruct xml:id="b10">
	<monogr>
		<title level="m" type="main">Automatic fake news detection: Are models learning to reason?</title>
		<author>
			<persName><forename type="first">Casper</forename><surname>Hansen</surname></persName>
		</author>
		<author>
			<persName><forename type="first">Christian</forename><surname>Hansen</surname></persName>
		</author>
		<author>
			<persName><forename type="first">Lucas</forename><forename type="middle">Chaves</forename><surname>Lima</surname></persName>
		</author>
		<imprint>
			<date type="published" when="2021">2021</date>
		</imprint>
	</monogr>
	<note type="raw_reference">Casper Hansen, Christian Hansen, and Lucas Chaves Lima. 2021. Automatic fake news detection: Are models learning to reason?</note>
</biblStruct>

<biblStruct xml:id="b11">
	<analytic>
		<title level="a" type="main">Toward automated fact-checking: Detecting check-worthy factual claims by claimbuster</title>
		<author>
			<persName><forename type="first">Naeemul</forename><surname>Hassan</surname></persName>
		</author>
		<author>
			<persName><forename type="first">Fatma</forename><surname>Arslan</surname></persName>
		</author>
		<author>
			<persName><forename type="first">Chengkai</forename><surname>Li</surname></persName>
		</author>
		<author>
			<persName><forename type="first">Mark</forename><surname>Tremayne</surname></persName>
		</author>
		<idno type="DOI">10.1145/3097983.3098131</idno>
	</analytic>
	<monogr>
		<title level="m">Proceedings of the 23rd ACM SIGKDD International Conference on Knowledge Discovery and Data Mining, KDD &apos;17</title>
				<meeting>the 23rd ACM SIGKDD International Conference on Knowledge Discovery and Data Mining, KDD &apos;17<address><addrLine>New York, NY, USA</addrLine></address></meeting>
		<imprint>
			<date type="published" when="2017">2017</date>
			<biblScope unit="page" from="1803" to="1812" />
		</imprint>
	</monogr>
	<note>Association for Computing Machinery</note>
	<note type="raw_reference">Naeemul Hassan, Fatma Arslan, Chengkai Li, and Mark Tremayne. 2017. Toward automated fact-checking: Detecting check-worthy factual claims by claim- buster. In Proceedings of the 23rd ACM SIGKDD International Conference on Knowledge Discovery and Data Mining, KDD &apos;17, page 1803-1812, New York, NY, USA. Association for Computing Machin- ery.</note>
</biblStruct>

<biblStruct xml:id="b12">
	<analytic>
		<title level="a" type="main">Misinformation and its correction: Continued influence and successful debiasing</title>
		<author>
			<persName><forename type="first">Stephan</forename><surname>Lewandowsky</surname></persName>
		</author>
		<author>
			<persName><forename type="first">K</forename><forename type="middle">H</forename><surname>Ullrich</surname></persName>
		</author>
		<author>
			<persName><forename type="first">Colleen</forename><forename type="middle">M</forename><surname>Ecker</surname></persName>
		</author>
		<author>
			<persName><forename type="first">Norbert</forename><surname>Seifert</surname></persName>
		</author>
		<author>
			<persName><forename type="first">John</forename><surname>Schwarz</surname></persName>
		</author>
		<author>
			<persName><surname>Cook</surname></persName>
		</author>
		<idno type="DOI">10.1177/1529100612451018</idno>
		<idno type="PMID">26173286</idno>
	</analytic>
	<monogr>
		<title level="j">Psychological Science in the Public Interest</title>
		<imprint>
			<biblScope unit="volume">13</biblScope>
			<biblScope unit="issue">3</biblScope>
			<biblScope unit="page" from="106" to="131" />
			<date type="published" when="2012">2012</date>
		</imprint>
	</monogr>
	<note type="raw_reference">Stephan Lewandowsky, Ullrich K. H. Ecker, Colleen M. Seifert, Norbert Schwarz, and John Cook. 2012. Misinformation and its correction: Continued influ- ence and successful debiasing. Psychological Sci- ence in the Public Interest, 13(3):106-131. PMID: 26173286.</note>
</biblStruct>

<biblStruct xml:id="b13">
	<monogr>
		<title level="m" type="main">Delete, retrieve, generate: A simple approach to sentiment and style transfer</title>
		<author>
			<persName><forename type="first">Juncen</forename><surname>Li</surname></persName>
		</author>
		<author>
			<persName><forename type="first">Robin</forename><surname>Jia</surname></persName>
		</author>
		<author>
			<persName><forename type="first">He</forename><surname>He</surname></persName>
		</author>
		<author>
			<persName><forename type="first">Percy</forename><surname>Liang</surname></persName>
		</author>
		<idno>CoRR, abs/1804.06437</idno>
		<imprint>
			<date type="published" when="2018">2018</date>
		</imprint>
	</monogr>
	<note type="raw_reference">Juncen Li, Robin Jia, He He, and Percy Liang. 2018. Delete, retrieve, generate: A simple approach to sen- timent and style transfer. CoRR, abs/1804.06437.</note>
</biblStruct>

<biblStruct xml:id="b14">
	<analytic>
		<title level="a" type="main">Anaphora in natural language processing and information retrieval</title>
		<author>
			<persName><forename type="first">Elizabeth</forename><surname>Duross</surname></persName>
		</author>
		<author>
			<persName><forename type="first">Liddy</forename></persName>
		</author>
		<idno type="DOI">10.1016/0306-4573(90)90008-P</idno>
	</analytic>
	<monogr>
		<title level="m">Special Issue: Natural Language Processing and Information Retrieval</title>
				<imprint>
			<date type="published" when="1990">1990</date>
			<biblScope unit="volume">26</biblScope>
			<biblScope unit="page" from="39" to="52" />
		</imprint>
	</monogr>
	<note>formation Processing &amp; Management</note>
	<note type="raw_reference">Elizabeth DuRoss Liddy. 1990. Anaphora in natural language processing and information retrieval. In- formation Processing &amp; Management, 26(1):39-52. Special Issue: Natural Language Processing and In- formation Retrieval.</note>
</biblStruct>

<biblStruct xml:id="b15">
	<monogr>
		<title level="m" type="main">Word affect intensities</title>
		<author>
			<persName><forename type="first">M</forename><surname>Saif</surname></persName>
		</author>
		<author>
			<persName><surname>Mohammad</surname></persName>
		</author>
		<idno>CoRR, abs/1704.08798</idno>
		<imprint>
			<date type="published" when="2017">2017</date>
		</imprint>
	</monogr>
	<note type="raw_reference">Saif M. Mohammad. 2017. Word affect intensities. CoRR, abs/1704.08798.</note>
</biblStruct>

<biblStruct xml:id="b16">
	<analytic>
		<title level="a" type="main">fake news&quot; is not simply false information: A concept explication and taxonomy of online content</title>
		<author>
			<persName><forename type="first">Maria</forename><forename type="middle">D</forename><surname>Molina</surname></persName>
		</author>
		<author>
			<persName><forename type="first">S</forename><forename type="middle">Shyam</forename><surname>Sundar</surname></persName>
		</author>
		<author>
			<persName><forename type="first">Thai</forename><surname>Le</surname></persName>
		</author>
		<author>
			<persName><forename type="first">Dongwon</forename><surname>Lee</surname></persName>
		</author>
		<idno type="DOI">10.1177/0002764219878224</idno>
	</analytic>
	<monogr>
		<title level="j">American Behavioral Scientist</title>
		<imprint>
			<biblScope unit="volume">65</biblScope>
			<biblScope unit="issue">2</biblScope>
			<biblScope unit="page" from="180" to="212" />
			<date type="published" when="2021">2021</date>
		</imprint>
	</monogr>
	<note type="raw_reference">Maria D. Molina, S. Shyam Sundar, Thai Le, and Dong- won Lee. 2021. &quot;fake news&quot; is not simply false information: A concept explication and taxonomy of online content. American Behavioral Scientist, 65(2):180-212.</note>
</biblStruct>

<biblStruct xml:id="b17">
	<analytic>
		<title level="a" type="main">The implied truth effect: Attaching warnings to a subset of fake news headlines increases perceived accuracy of headlines without warnings</title>
		<author>
			<persName><forename type="first">Gordon</forename><surname>Pennycook</surname></persName>
		</author>
		<author>
			<persName><forename type="first">Adam</forename><surname>Bear</surname></persName>
		</author>
		<author>
			<persName><forename type="first">Evan</forename><surname>Collins</surname></persName>
		</author>
		<idno type="DOI">10.1287/mnsc.2019.3478</idno>
	</analytic>
	<monogr>
		<title level="j">Management Science</title>
		<imprint>
			<biblScope unit="page">1</biblScope>
			<date type="published" when="2019">2019</date>
		</imprint>
	</monogr>
	<note type="raw_reference">Gordon Pennycook, Adam Bear, and Evan Collins. 2019. The implied truth effect: Attaching warnings to a subset of fake news headlines increases perceived ac- curacy of headlines without warnings. Management Science, page 1.</note>
</biblStruct>

<biblStruct xml:id="b18">
	<analytic>
		<title level="a" type="main">Automatically neutralizing subjective bias in text</title>
		<author>
			<persName><forename type="first">Reid</forename><surname>Pryzant</surname></persName>
		</author>
		<author>
			<persName><forename type="first">Richard</forename><surname>Martinez</surname></persName>
		</author>
		<author>
			<persName><forename type="first">Nathan</forename><surname>Dass</surname></persName>
		</author>
		<author>
			<persName><forename type="first">Sadao</forename><surname>Kurohashi</surname></persName>
		</author>
		<author>
			<persName><forename type="first">Dan</forename><surname>Jurafsky</surname></persName>
		</author>
		<author>
			<persName><forename type="first">Diyi</forename><surname>Yang</surname></persName>
		</author>
		<idno type="DOI">10.1609/aaai.v34i01.5385</idno>
	</analytic>
	<monogr>
		<title level="m">Proceedings of the AAAI Conference on Artificial Intelligence</title>
				<meeting>the AAAI Conference on Artificial Intelligence</meeting>
		<imprint>
			<date type="published" when="2020">2020</date>
			<biblScope unit="volume">34</biblScope>
			<biblScope unit="page" from="480" to="489" />
		</imprint>
	</monogr>
	<note type="raw_reference">Reid Pryzant, Richard Martinez, Nathan Dass, Sadao Kurohashi, Dan Jurafsky, and Diyi Yang. 2020. Au- tomatically neutralizing subjective bias in text. Pro- ceedings of the AAAI Conference on Artificial Intelli- gence, 34:480-489.</note>
</biblStruct>

<biblStruct xml:id="b19">
	<analytic>
		<title level="a" type="main">Truth of varying shades: Analyzing language in fake news and political fact-checking</title>
		<author>
			<persName><forename type="first">Eunsol</forename><surname>Hannah Rashkin</surname></persName>
		</author>
		<author>
			<persName><forename type="first">Jin</forename><forename type="middle">Yea</forename><surname>Choi</surname></persName>
		</author>
		<author>
			<persName><forename type="first">Svitlana</forename><surname>Jang</surname></persName>
		</author>
		<author>
			<persName><forename type="first">Yejin</forename><surname>Volkova</surname></persName>
		</author>
		<author>
			<persName><surname>Choi</surname></persName>
		</author>
		<idno type="DOI">10.18653/v1/D17-1317</idno>
	</analytic>
	<monogr>
		<title level="m">Proceedings of the 2017 Conference on Empirical Methods in Natural Language Processing</title>
				<meeting>the 2017 Conference on Empirical Methods in Natural Language Processing<address><addrLine>Copenhagen, Denmark</addrLine></address></meeting>
		<imprint>
			<date type="published" when="2017">2017</date>
			<biblScope unit="page" from="2931" to="2937" />
		</imprint>
	</monogr>
	<note>Association for Computational Linguistics</note>
	<note type="raw_reference">Hannah Rashkin, Eunsol Choi, Jin Yea Jang, Svitlana Volkova, and Yejin Choi. 2017. Truth of varying shades: Analyzing language in fake news and po- litical fact-checking. In Proceedings of the 2017 Conference on Empirical Methods in Natural Lan- guage Processing, pages 2931-2937, Copenhagen, Denmark. Association for Computational Linguis- tics.</note>
</biblStruct>

<biblStruct xml:id="b20">
	<monogr>
		<title level="m" type="main">Defactonlp: Fact verification using entity recognition, TFIDF vector comparison and decomposable attention</title>
		<author>
			<persName><forename type="first">Janardhan</forename><surname>Aniketh</surname></persName>
		</author>
		<author>
			<persName><forename type="first">Gil</forename><surname>Reddy</surname></persName>
		</author>
		<author>
			<persName><surname>Rocha</surname></persName>
		</author>
		<idno>CoRR, abs/1809.00509</idno>
		<imprint>
			<date type="published" when="2018">2018</date>
		</imprint>
	</monogr>
	<note>and Diego Esteves</note>
	<note type="raw_reference">Aniketh Janardhan Reddy, Gil Rocha, and Diego Es- teves. 2018. Defactonlp: Fact verification using en- tity recognition, TFIDF vector comparison and de- composable attention. CoRR, abs/1809.00509.</note>
</biblStruct>

<biblStruct xml:id="b21">
	<analytic>
		<title level="a" type="main">Asif Ekbal, and Pushpak Bhattacharyya</title>
		<author>
			<persName><forename type="first">Tanik</forename><surname>Saikh</surname></persName>
		</author>
		<author>
			<persName><forename type="first">Amit</forename><surname>Anand</surname></persName>
		</author>
		<idno type="DOI">10.1007/978-3-030-23281-8_30</idno>
	</analytic>
	<monogr>
		<title level="m">A Novel Approach Towards Fake News Detection: Deep Learning Augmented with Textual Entailment Features</title>
				<imprint>
			<date type="published" when="2019">2019</date>
			<biblScope unit="page" from="345" to="358" />
		</imprint>
	</monogr>
	<note type="raw_reference">Tanik Saikh, Amit Anand, Asif Ekbal, and Pushpak Bhattacharyya. 2019. A Novel Approach Towards Fake News Detection: Deep Learning Augmented with Textual Entailment Features, pages 345-358.</note>
</biblStruct>

<biblStruct xml:id="b22">
	<monogr>
		<title level="m" type="main">Generative text style transfer for improved language sophistication</title>
		<author>
			<persName><forename type="first">Robert</forename><surname>Schmidt</surname></persName>
		</author>
		<imprint>
			<date type="published" when="2020">2020. Stanford CS230</date>
		</imprint>
	</monogr>
	<note type="raw_reference">Robert Schmidt. 2020. Generative text style transfer for improved language sophistication. Stanford CS230.</note>
</biblStruct>

<biblStruct xml:id="b23">
	<monogr>
		<title level="m" type="main">That is a known lie: Detecting previously fact-checked claims</title>
		<author>
			<persName><forename type="first">Shaden</forename><surname>Shaar</surname></persName>
		</author>
		<author>
			<persName><forename type="first">Giovanni</forename><surname>Da San</surname></persName>
		</author>
		<author>
			<persName><forename type="first">Nikolay</forename><surname>Martino</surname></persName>
		</author>
		<author>
			<persName><forename type="first">Preslav</forename><surname>Babulkov</surname></persName>
		</author>
		<author>
			<persName><surname>Nakov</surname></persName>
		</author>
		<idno>CoRR, abs/2005.06058</idno>
		<imprint>
			<date type="published" when="2020">2020a</date>
		</imprint>
	</monogr>
	<note type="raw_reference">Shaden Shaar, Giovanni Da San Martino, Nikolay Bab- ulkov, and Preslav Nakov. 2020a. That is a known lie: Detecting previously fact-checked claims. CoRR, abs/2005.06058.</note>
</biblStruct>

<biblStruct xml:id="b24">
	<analytic>
		<title level="a" type="main">Overview of checkthat! 2020 english: Automatic identification and verification of claims in social media</title>
		<author>
			<persName><forename type="first">Shaden</forename><surname>Shaar</surname></persName>
		</author>
		<author>
			<persName><forename type="first">Alex</forename><surname>Nikolov</surname></persName>
		</author>
		<author>
			<persName><forename type="first">Nikolay</forename><surname>Babulkov</surname></persName>
		</author>
		<author>
			<persName><forename type="first">Firoj</forename><surname>Alam</surname></persName>
		</author>
		<author>
			<persName><forename type="first">Alberto</forename><surname>Barrón-Cedeño</surname></persName>
		</author>
		<author>
			<persName><forename type="first">Tamer</forename><surname>Elsayed</surname></persName>
		</author>
		<author>
			<persName><forename type="first">Maram</forename><surname>Hasanain</surname></persName>
		</author>
		<author>
			<persName><forename type="first">Reem</forename><surname>Suwaileh</surname></persName>
		</author>
		<author>
			<persName><forename type="first">Fatima</forename><surname>Haouari</surname></persName>
		</author>
		<author>
			<persName><forename type="first">Giovanni</forename><surname>Da San</surname></persName>
		</author>
		<author>
			<persName><forename type="first">Preslav</forename><surname>Martino</surname></persName>
		</author>
		<author>
			<persName><surname>Nakov</surname></persName>
		</author>
	</analytic>
	<monogr>
		<title level="m">CLEF</title>
				<imprint>
			<date type="published" when="2020">2020b</date>
		</imprint>
	</monogr>
	<note type="raw_reference">Shaden Shaar, Alex Nikolov, Nikolay Babulkov, Firoj Alam, Alberto Barrón-Cedeño, Tamer Elsayed, Maram Hasanain, Reem Suwaileh, Fatima Haouari, Giovanni Da San Martino, and Preslav Nakov. 2020b. Overview of checkthat! 2020 english: Automatic identification and verification of claims in social me- dia. In CLEF.</note>
</biblStruct>

<biblStruct xml:id="b25">
	<analytic>
		<title level="a" type="main">Inoculating against fake news about covid-19</title>
		<author>
			<persName><forename type="first">Jon</forename><surname>Sander Van Der Linden</surname></persName>
		</author>
		<author>
			<persName><forename type="first">Josh</forename><surname>Roozenbeek</surname></persName>
		</author>
		<author>
			<persName><surname>Compton</surname></persName>
		</author>
		<idno type="DOI">10.3389/fpsyg.2020.566790</idno>
	</analytic>
	<monogr>
		<title level="j">Frontiers in Psychology</title>
		<imprint>
			<biblScope unit="volume">11</biblScope>
			<biblScope unit="page">2928</biblScope>
			<date type="published" when="2020">2020</date>
		</imprint>
	</monogr>
	<note type="raw_reference">Sander van der Linden, Jon Roozenbeek, and Josh Compton. 2020. Inoculating against fake news about covid-19. Frontiers in Psychology, 11:2928.</note>
</biblStruct>

<biblStruct xml:id="b26">
	<analytic>
		<title level="a" type="main">Where are the facts? searching for fact-checked information to alleviate the spread of fake news</title>
		<author>
			<persName><forename type="first">Nguyen</forename><surname>Vo</surname></persName>
		</author>
		<author>
			<persName><forename type="first">Kyumin</forename><surname>Lee</surname></persName>
		</author>
		<idno type="DOI">10.18653/v1/2020.emnlp-main.621</idno>
	</analytic>
	<monogr>
		<title level="m">Proceedings of the 2020 Conference on Empirical Methods in Natural Language Processing (EMNLP)</title>
				<meeting>the 2020 Conference on Empirical Methods in Natural Language Processing (EMNLP)</meeting>
		<imprint>
			<publisher>Online. Association for Computational Linguistics</publisher>
			<date type="published" when="2020">2020</date>
			<biblScope unit="page" from="7717" to="7731" />
		</imprint>
	</monogr>
	<note type="raw_reference">Nguyen Vo and Kyumin Lee. 2020. Where are the facts? searching for fact-checked information to alle- viate the spread of fake news. In Proceedings of the 2020 Conference on Empirical Methods in Natural Language Processing (EMNLP), pages 7717-7731, Online. Association for Computational Linguistics.</note>
</biblStruct>

<biblStruct xml:id="b27">
	<monogr>
		<title level="m" type="main">Fake news detection via NLP is vulnerable to adversarial attacks</title>
		<author>
			<persName><forename type="first">Zhixuan</forename><surname>Zhou</surname></persName>
		</author>
		<author>
			<persName><forename type="first">Huankang</forename><surname>Guan</surname></persName>
		</author>
		<author>
			<persName><forename type="first">Meghana</forename><surname>Moorthy Bhat</surname></persName>
		</author>
		<author>
			<persName><forename type="first">Justin</forename><surname>Hsu</surname></persName>
		</author>
		<idno>CoRR, abs/1901.09657</idno>
		<imprint>
			<date type="published" when="2019">2019</date>
		</imprint>
	</monogr>
	<note type="raw_reference">Zhixuan Zhou, Huankang Guan, Meghana Moorthy Bhat, and Justin Hsu. 2019. Fake news detection via NLP is vulnerable to adversarial attacks. CoRR, abs/1901.09657.</note>
</biblStruct>

				</listBibl>
			</div>
		</back>
	</text>
</TEI>
