<?xml version="1.0" encoding="UTF-8"?>
<TEI xml:space="preserve" xmlns="http://www.tei-c.org/ns/1.0" 
xmlns:xsi="http://www.w3.org/2001/XMLSchema-instance" 
xsi:schemaLocation="http://www.tei-c.org/ns/1.0 https://raw.githubusercontent.com/kermitt2/grobid/master/grobid-home/schemas/xsd/Grobid.xsd"
 xmlns:xlink="http://www.w3.org/1999/xlink">
	<teiHeader xml:lang="en">
		<fileDesc>
			<titleStmt>
				<title level="a" type="main">Slot Filling for Biomedical Information Extraction</title>
			</titleStmt>
			<publicationStmt>
				<publisher/>
				<availability status="unknown"><licence/></availability>
			</publicationStmt>
			<sourceDesc>
				<biblStruct>
					<analytic>
						<author>
							<persName><forename type="first">Yannis</forename><surname>Papanikolaou</surname></persName>
							<affiliation key="aff0">
								<address>
									<settlement>Healx Cambridge</settlement>
									<country key="GB">UK</country>
								</address>
							</affiliation>
						</author>
						<author>
							<persName><forename type="first">Marlene</forename><surname>Staib</surname></persName>
							<email>marlene.staib@healx.io</email>
							<affiliation key="aff0">
								<address>
									<settlement>Healx Cambridge</settlement>
									<country key="GB">UK</country>
								</address>
							</affiliation>
						</author>
						<author>
							<persName><forename type="first">Justin</forename><surname>Grace</surname></persName>
							<email>justin.grace@healx.io</email>
							<affiliation key="aff0">
								<address>
									<settlement>Healx Cambridge</settlement>
									<country key="GB">UK</country>
								</address>
							</affiliation>
						</author>
						<author>
							<persName><forename type="first">Francine</forename><surname>Bennett</surname></persName>
							<email>francine.bennett@healx.io</email>
							<affiliation key="aff0">
								<address>
									<settlement>Healx Cambridge</settlement>
									<country key="GB">UK</country>
								</address>
							</affiliation>
						</author>
						<title level="a" type="main">Slot Filling for Biomedical Information Extraction</title>
					</analytic>
					<monogr>
						<imprint>
							<date/>
						</imprint>
					</monogr>
					<idno type="MD5">E0971D6712D396FF91BA25BF94C969E8</idno>
				</biblStruct>
			</sourceDesc>
		</fileDesc>
		<encodingDesc>
			<appInfo>
				<application version="0.7.3-SNAPSHOT" ident="GROBID" when="2023-01-12T08:46+0000">
					<desc>GROBID - A machine learning software for extracting information from scholarly documents</desc>
					<ref target="https://github.com/kermitt2/grobid"/>
				</application>
			</appInfo>
		</encodingDesc>
		<profileDesc>
			<abstract>
<div xmlns="http://www.tei-c.org/ns/1.0"><p>Information Extraction (IE) from text refers to the task of extracting structured knowledge from unstructured text. The task typically consists of a series of sub-tasks such as Named Entity Recognition and Relation Extraction. Sourcing entity and relation type specific training data is a major bottleneck in domains with limited resources such as biomedicine. In this work we present a slot filling approach to the task of biomedical IE, effectively replacing the need for entity and relation-specific training data, allowing us to deal with zero-shot settings. We follow the recently proposed paradigm of coupling a Tranformer-based bi-encoder, Dense Passage Retrieval, with a Transformer-based reading comprehension model to extract relations from biomedical text. We assemble a biomedical slot filling dataset for both retrieval and reading comprehension and conduct a series of experiments demonstrating that our approach outperforms a number of simpler baselines. We also evaluate our approach end-to-end for standard as well as zero-shot settings. Our work provides a fresh perspective on how to solve biomedical IE tasks, in the absence of relevant training data. Our code, models and datasets are available at https://github.com/ypapanik/ biomedical-slot-filling.</p></div>
			</abstract>
		</profileDesc>
	</teiHeader>
	<text xml:lang="en">
		<body>
<div xmlns="http://www.tei-c.org/ns/1.0"><head n="1">Introduction</head><p>In Information Extraction (IE) we are interested in extracting structured knowledge from unstructured text. This structured knowledge takes most usually the form of directed binary relations between entities, in other words triples of the form headrelation -tail, which can then be used to populate a Knowledge Base or a Knowledge Graph with factual information.</p><p>The standard approach to perform IE relies on a cascade of Natural Language Processing (NLP) models. First, Named Entity Recognition (NER) is employed to find and extract entities of interest, subsequently Entity Linking (EL) to link the extracted entities to Knowledge Base identifiers and finally Relation Extraction (RE) to identify existing relations between entities.</p><p>These individual sub-tasks tasks have attracted a great deal of attention in recent years with methods and datasets fuelling further research <ref type="bibr" target="#b24">(Verga et al., 2018;</ref><ref type="bibr" target="#b28">Zeng et al., 2014</ref><ref type="bibr" target="#b27">Zeng et al., , 2015;;</ref><ref type="bibr" target="#b18">Lin et al., 2016)</ref>. IE is largely regarded as a main facilitator of structured data reasoning, such as Knowledge Base Completion.</p></div>
<div xmlns="http://www.tei-c.org/ns/1.0"><head n="1.1">Standard Information Extraction vs Slot Filling</head><p>A major bottleneck in the above approach is that all modules (NER, EL, RE) need training data specific to the entity or relation types that we are interested in extracting. For instance, a NER model recognizing diseases needs training data annotated with the entity type disease and so forth. The biomedical domain is particularly affected by these limitations, given the vast variety of entity and relation types which are commonly of interest. Additionally, sourcing training data for each sub-task and type is expensive and challenging, requiring subject matter experts. For reference, the UMLS ontology contains 125 semantic (entity) types and 54 relation types.</p><p>An alternative approach to standard IE is slot filling. The way IE is conceptualized in slot filling is highly reminiscent of open domain question answering (QA): for a given head-relation query the retriever returns a set of relevant passages, which are then fed to a reader model that then extracts a matching tail entity, the answer. By following such an approach, we can deal with zero-shot settings since, unlike standard IE, we are not seeking to recognize specific entity types or extract specific relation types, but rather do machine reading comprehension, that is, extract answers in response to queries. Importantly, this approach extends to relation types that were unseen during training, effectively reducing the need for re-training and redeployment of a model deployed into production.</p><p>Furthermore, standard IE requires processing of every single sentence of the given corpus through its different modules (NER, EL, RE). In contrast, the computational cost of slot filling is much smaller as it performs retrieval and reading comprehension on far fewer queries to extract relations. As an example, Hetionet <ref type="bibr" target="#b5">(Himmelstein et al., 2017)</ref> contains around 2.25M relations, but they can be formulated in around 46k distinct queries, of the form head-relation 1 .</p><p>As a final point we summarize below how the two approaches would materialize in a production setting, to make their differences more apparent. We note that standard IE might involve additional tasks, such as coreference resolution (which we do not describe here for simplicity):</p><p>Standard IE:</p><p>• For each sentence, recognise entities with NER model.</p><p>• For each recognised entity, link to an entity identifier from a Knowledge Base, discarding entries that cannot be linked.</p><p>• For each sentence that contains more than one recognized entity, extract relations between the entities with a RE model.</p><p>• Aggregate relations per sentence, resolving potential conflicts.</p><p>Slot filling:</p><p>• For each entity in the Knowledge Base and each possible relation type, consider all possible head -relation pairs and construct the relevant queries, in a form head -relation 2 .</p><p>• For each query, retrieve the top k relevant documents with a retriever model.</p><p>• For each query-retrieved document pair, perform reading comprehension, extracting zero, one or multiple answers, i.e., relation tails.</p><p>1 In other words, if we were trying to build a KB from biomedical text that would contain these 2.25M relations, we would require to perform around 46k queries on our index to retrieve relevant documents.</p><p>2 With this formulation a head and a tail can be used interchangeably, by just changing the relation type, e.g. a drugtreats-disease relation can also be cast to disease-is treated by-drug without additional training data.</p><p>• For each answer, link to an entity identifier from a Knowledge Base, discarding entries that cannot be linked.</p></div>
<div xmlns="http://www.tei-c.org/ns/1.0"><head n="1.2">Slot Filling: General vs Biomedical Domain</head><p>Although similar in most aspects, slot filling in the general domain against slot filling in the biomedical and more broadly the scientific domain differ in a few key ways. The first lies in the link between relations and entities. In the general domain, a specific relation type will often imply a specific entity type as well, whereas this rarely holds in biomedical literature. Consider for example a relation child-of in the general domain, where we expect both head and tail of the relation to be entities of type person, as opposed to a relation (up)regulate in biomedicine where the head might be gene or drug equivalently. These nuances in the language used render the task of slot filling more challenging in biomedicine.</p><p>Another, perhaps more critical aspect relates to retrieval and more specifically how we build and evaluate on a retrieval dataset. In the general domain, a slot filling query, or more broadly a question within the QA framework, will most often have a unique answer<ref type="foot" target="#foot_0">3</ref> , whereas this rarely holds when mining the biomedical literature. For instance, consider the examples illustrated in Table <ref type="table" target="#tab_0">1</ref> coming from two well established general domain benchmarks, Natural Questions <ref type="bibr" target="#b10">(Kwiatkowski et al., 2019)</ref> and zsRE <ref type="bibr" target="#b13">(Levy et al., 2017)</ref> against two datasets from the biomedical domain, BioASQ <ref type="bibr">(Tsatsaronis et al., 2015)</ref> and our slot filling dataset (BioSF).</p><p>This difference has a number of implications both for training and evaluation. With respect to training, one of the major successes of neural-based retrieval methods has been attributed to being able to present the model with hard negatives, i.e., examples were a previous version of the retriever (or a simpler statistical retriever) have failed. When, for example, we have a query-answer pair that mentions that Barack Obama's wife is Michelle Obama, and the model returns a passage that does not include the string "Michelle Obama", we can relatively safely consider this a false positive and use that passage as a hard negative. This helps the algorithm correct mistakes and improve. In biomedicine on the other hand, if we have an example stating that sildenafil regulates a mutation L765A, we cannot be sure that all alternative strings extracted by the model are true negatives, as there may be other valid answers that we cannot validate due to our Knowledge Base being incomplete. This compromises our ability to build gold standard training data and we are presented with a situation similar to the one encountered in distant supervision, where unlabeled examples are considered as negatives but might be positives in some cases. Practically, this leads to a noisy training set which may reduce model accuracy.</p><p>During evaluation of a biomedical retriever, we encounter the same problem, in the sense that we might obtain misleading low performance since unknown correct passages might rank higher than the known correct ones. This leads to an imperfect, i.e., "silver" quality, evaluation regime making it hard to compare approaches and models.</p><p>In this work we aim to address the challenges mentioned in the two previous subsections. Specifically,</p><p>• We provide a short review of the relevant work in Section 2.</p><p>• We contribute a novel formulation of biomedical IE as a slot filling task, to address few-shot or zero-shot settings in Section 3.</p><p>• We release a new benchmark for biomedical slot filling, dubbed BioSF which we describe in Section 4.</p><p>• We train a biomedical dense passage retriever along with a biomedical reading comprehension model for slot filling, using BioSF. We provide the models publicly.</p><p>• We present an evaluation of our approach over several baselines on BioSF, which we are able to outperform by a large margin, in Section 5.</p></div>
<div xmlns="http://www.tei-c.org/ns/1.0"><head n="2">Related Work</head><p>Recent years have witnessed a series of significant advances in the field of QA, primarily owing to the Transformer architecture <ref type="bibr" target="#b23">(Vaswani et al., 2017)</ref> and the BERT self-supervised pre-training paradigm <ref type="bibr" target="#b1">(Devlin et al., 2019)</ref>. These advances, both in terms of methods <ref type="bibr" target="#b0">(Chen et al., 2017;</ref><ref type="bibr" target="#b17">Lin et al., 2019;</ref><ref type="bibr" target="#b4">Guu et al., 2020;</ref><ref type="bibr">Lewis et al., 2020b)</ref> and datasets <ref type="bibr" target="#b10">(Kwiatkowski et al., 2019;</ref><ref type="bibr" target="#b26">Yang et al., 2018)</ref>, motivated researchers to formulate a series of different NLP tasks as open domain QA, including entity linking or relation extraction <ref type="bibr" target="#b13">(Levy et al., 2017;</ref><ref type="bibr" target="#b20">Petroni et al., 2021)</ref>. In this work we follow this paradigm by formulating biomedical IE as a slot-filling task.</p><p>In open domain QA, given a query, a retrieval module first retrieves relevant documents from the knowledge source (such as Wikipedia). A reading comprehension module is then used to extract a span from the relevant documents, the answer. The retrieval step was, up to very recently, dominated by statistical-based approaches, namely BM25 or tf-idf <ref type="bibr" target="#b0">(Chen et al., 2017)</ref>. ORQA <ref type="bibr" target="#b12">(Lee et al., 2019b)</ref> and REALM <ref type="bibr" target="#b4">(Guu et al., 2020)</ref> have been the first neural based methods to clearly outperform statistical based retrieval, although they required expensive language model pre-training. Dense Passage Retrieval (DPR) <ref type="bibr" target="#b8">(Karpukhin et al., 2020)</ref> has improved upon these methods by employing BERTbased encoders, one for the queries and one for passages. These are jointly optimized during training to classify passages as relevant versus irrelevant. This approach has proved superior to other neural based approaches and has quickly become the preferred method for open domain QA in subsequent work <ref type="bibr">(Lewis et al., 2020b;</ref><ref type="bibr" target="#b6">Izacard and Grave, 2021;</ref><ref type="bibr" target="#b19">Maillard et al., 2021)</ref>.</p><p>Among the subsequent works, Retrieval Augmented Generation <ref type="bibr">(Lewis et al., 2020b</ref>) employs an architecture based on DPR and BART <ref type="bibr" target="#b14">(Lewis et al., 2020a)</ref> that is optimized end to end during finetuning, to retrieve relevant documents and generate answers to queries. Fusion-in-decoder (Izacard and Grave, 2021) employs DPR or BM25 as retrievers coupled with a T5 language model, to generate answers by attending at multiple passages simultaneously. For simplicity, we are not considering these approaches in this work, leaving their implementation for the biomedical domain for future work.</p><p>In an effort to fuel further research on this field, <ref type="bibr" target="#b20">Petroni et al. (2021)</ref> introduced KILT, a new benchmark of knowledge intensive tasks, which contains among others two slot filling datasets, zero-shot RE which was first presented in <ref type="bibr" target="#b13">(Levy et al., 2017)</ref> and T-REx introduced by <ref type="bibr" target="#b2">Elsahar et al. (2018)</ref>. In building our biomedical slot filling dataset we largely follow the conventions and format of KILT, with the intention to ease experimentation.</p><p>Finally, <ref type="bibr" target="#b3">Glass et al. (2021)</ref> have presented a RAG model specifically finetuned for slot filling on the above datasets, showing significant improvement over the generic alternatives, which were finetuned on Natural Questions (NQ).</p></div>
<div xmlns="http://www.tei-c.org/ns/1.0"><head n="3">Biomedical Slot Filling</head><p>Formally, let us first define the task of IE. We assume a knowledge source K, consisting of passages p i . Furthermore, we assume there exists a Knowledge Base that contains a number of entities e i . Our goal is to extract from K all possible triples of the form e a − r i − e b where r i ∈ R and R is the set of possible relation types. For each e i we assume that it has a specific entity type e t and that each e t can be involved in a specific subset of R.</p><p>Slot filling further formulates the above task as follows: we first employ a retrieval model M r that encodes all passages p i from K. The encoded passages are indexed to allow fast retrieval. At inference, for each e i of type e t , we consider all possible relations from R and construct the relevant queries q i : e i − r i . Each query is then encoded and the resulting vector is used to query the index, returning the n most similar p i in terms of the maximum inner product:</p><formula xml:id="formula_0">sim(q i , p i ) = E Q (q i ) T E P (p i ) (1)</formula><p>where E Q is the query encoder and E P is the passage encoder. Subsequently a reader model M qa takes as input the above query and each of the retrieved passages and extracts zero, one or more spans, i.e., answers. Valid answers are considered as those representing an entity e i .</p><p>Here, we adopt as M r a neural, dense bi-encoder, namely DPR, which uses a different encoder for passages and queries, but any type of retriever can be used such as BM25, where E Q = E P . We initialize DPR's encoders with the ones presented in <ref type="bibr" target="#b8">(Karpukhin et al., 2020)</ref> which were finetuned on the NQ benchmark. We subsequently train DPR on the dataset presented in Section 4, with the following loss function:</p><formula xml:id="formula_1">L(q i , p + i , p − i ) = −log e sim(q i ,p + i )</formula><p>e sim(q i ,p + i ) + e sim(q i ,p − i )</p><p>(2) Unlike <ref type="bibr" target="#b8">(Karpukhin et al., 2020)</ref>, we assume that each training instance is a (q i , p + i , p − i ) tuple where p + i is a positive, i.e., relevant passage and p − i is a negative passage.</p><p>Regarding the reader comprehension model M qa , we employ a pretrained BioBERT <ref type="bibr" target="#b11">(Lee et al., 2019a</ref>) model and finetune it on the dataset of Section 4. To finetune we follow the standard approach for question answering with BERT where the input is the concatenated query and passage separated by special token [SEP] and the outputs are the start and end token positions within the passage. The training objective is the sum of the log-likelihoods of the correct start and end positions. For more details we refer the interested reader to <ref type="bibr" target="#b1">(Devlin et al., 2019)</ref>.</p></div>
<div xmlns="http://www.tei-c.org/ns/1.0"><head n="4">Biomedical Slot Filling Dataset</head><p>In order to build a slot filling dataset for biomedicine, we resort to a number of publicly available biomedical NER and RE datasets, summarized in Table <ref type="table" target="#tab_1">2</ref>. Each instance in these datasets contains the relation triple as well as the text where it was found, thus we can easily transform them in a question answering-like format for slot filling. In total, we build two datasets, one to train and evaluate the retriever and one for the reader model respectively.</p><p>Specifically for the retriever training, we use negative, i.e., null relation instances, as negatives.</p></div>
<div xmlns="http://www.tei-c.org/ns/1.0"><head>Dataset</head><p>relation relation types # instances BioCreative V CDR <ref type="bibr" target="#b16">(Li et al., 2016)</ref> compound-disease 1 15,796 BioCreative VI ChemProt <ref type="bibr" target="#b9">(Krallinger et al., 2017</ref><ref type="bibr">) compound-protein 9 15,568 DDIExtraction 2013</ref><ref type="bibr" target="#b21">(Segura Bedmar et al., 2013)</ref> drug-drug 1 32,018 Additionally, we have used BM25 to add hard negatives to our dataset, exactly as <ref type="bibr" target="#b8">(Karpukhin et al., 2020;</ref><ref type="bibr" target="#b3">Glass et al., 2021)</ref> have done previously. Although, as mentioned above, these negatives might entail some noise, similarly to when following a distant supervision approach we expect the noise to cancel out overall. Both datasets with their training, development and testing splits are released with our code. In the following, we refer to our dataset as BioSF.</p></div>
<div xmlns="http://www.tei-c.org/ns/1.0"><head n="5">Experiments</head><p>In this Section we present the experiments that we conducted, followed by a discussion on their implications. We are interested in evaluating our biomedical DPR retriever, our biomedical slot filling reader and finally the end to end slot filling approach.</p></div>
<div xmlns="http://www.tei-c.org/ns/1.0"><head n="5.1">Retrieval</head><p>First, we are interested to understand the performance of our approach against different baselines.</p><p>To that end, we employ BM25 as well as two already finetuned DPR retrievers from <ref type="bibr" target="#b8">(Karpukhin et al., 2020;</ref><ref type="bibr" target="#b3">Glass et al., 2021)</ref>. BM25 is a well established algorithm for retrieval, outperforming until very recently more sophisticated neural-based approaches. It is also particularly efficient and does not require any training, which makes it a very attractive option for real-world production settings. Nevertheless, it is a statistical, pattern matching based approach lacking the ability to learn semantics or context.</p><p>Regarding the general domain DPR models, since they are currently state of the art in the relevant general domain tasks, we seek to see if they can be used successfully for the biomedical domain. Our model is trained on far less data, which is nevertheless domain and task specific, therefore it is crucial to understand which approach fares better.</p></div>
<div xmlns="http://www.tei-c.org/ns/1.0"><head n="5.1.1">Experimental Setup</head><p>We employ a PubMed dump from April 2020 as our knowledge sourse, filtering to documents that have an abstract and splitting abstracts to roughly 100-token length passages. We also use a smaller subset of one million passages, in order to be able to search for optimal hyper-parameters and allow easy replication of results. In that subset, we randomly sample passages and add the gold passages from BioSF so as to make sure that a perfect retrieval algorithm would be able to retrieve all correct passages and find the answer. We highlight that this is an easier version of the real-world task, where the retriever needs to search among around 29 million passages.</p><p>For BM25, we employ the anserini package <ref type="bibr" target="#b25">(Yang et al., 2017)</ref>, and build a Lucene index on the pre-processed passages, whereas we used the off the shelf Huggingface models () for the general domain DPR retrievers.</p><p>For our retriever, we train DPR on the BioSF dataset, for 40 epochs keeping the best model in terms of the validation loss. We use a learning rate of 3e − 5, an Adam optimizer with default options and a training batch size of 32 examples. Subsequently, we encode the passages with the trained passage encoder. Encoding the full 29 million passages takes around 96 GPU hours on a V100. We then build a flat FAISS <ref type="bibr" target="#b7">(Johnson et al., 2019)</ref> index for the encoded passages.</p></div>
<div xmlns="http://www.tei-c.org/ns/1.0"><head n="5.1.2">Results</head><p>Initially, we conduct experiments on the smaller dataset that we described above of one million passages. As we noted in Section 1.2 evaluating retrieval for slot filling or more broadly for QA in the biomedical domain is significantly different than in the general domain since in biomedicine a query has in most cases multiple answers as opposed to the general domain. Table <ref type="table" target="#tab_2">3</ref> illustrates the results for this first series of experiments.</p><p>As we can see the DPR models that have been finetuned on the general domain perform rather Retriever hits@1 hits@10 hits@100 index size(Gb) BM25 21.4 36.1 60.6 1.1 DPR-NQ <ref type="bibr" target="#b8">(Karpukhin et al., 2020)</ref> 5.5 17.2 37.6 2.9 DPR-multitask <ref type="bibr" target="#b19">(Maillard et al., 2021)</ref> 4.2 14.3 33.8 2.9 DPR-zsRE <ref type="bibr" target="#b3">(Glass et al., 2021)</ref> 7.6 19.6 37.2 2.9 Bio-DPR(ours) 31.0 55.1 72.5 2.9 poorly compared to the much lighter and computationally efficient BM25. Nevertheless, our model Bio-DPR, is substantially better than BM25 in all cases, achieving up to 19 points of improvement (in the case of hits@10). These results, are aligned to the results previously presented for the general domain where BM25 has been outperformed by DPR. Nevertheless, in-domain training data seems critical for DPR to perform well for slot filling, a finding also shared in <ref type="bibr" target="#b19">(Maillard et al., 2021)</ref>.</p><p>The same findings apply for the full PubMed knowledge source, as illustrated in Table <ref type="table" target="#tab_3">4</ref>, although the improvement of our model over BM25 is much smaller but still significant.</p></div>
<div xmlns="http://www.tei-c.org/ns/1.0"><head n="5.2">Slot Filling Reader</head><p>For the reader, we finetune a BioBERT-base and a BioBERT-large model on the BioSF training set. We further include two baselines, one trained on the BioASQ 8 QA dataset and one trained in the zeroshot RE (zsRE) dataset from <ref type="bibr" target="#b13">(Levy et al., 2017)</ref>. We employ these two baselines to test whether indomain data from a different task (BioASQ) or general domain data for the same task (zsRE) can be helpful in learning an accurate model.</p><p>For all models, we train up to ten epochs, keeping the best performing model on the development set, using a learning rate of 3e − 5, a batch size of 32 and the Adam optimizer with default parameters. Table <ref type="table" target="#tab_4">5</ref> presents the results. We observe that the baselines perform rather poorly compared to the models trained with in-domain slot filling data -a finding that highlights the importance of building an in-domain dataset for slot-filling.</p></div>
<div xmlns="http://www.tei-c.org/ns/1.0"><head n="5.3">End to End Evaluation</head><p>Having evaluated both components of our approach, we now turn our attention to the end to end setting, which simulates better a real world scenario. In this setting, we are given a head entity and a relation and we want to correctly extract the tail entity. To evaluate our approach in such a setting, we first use the triples included in the BioSF test set. This dataset contains 3,171 queries with 2.35 answers, i.e. tails, per query on average.</p><p>Additionally, we would like to understand how our approach performs in the zero-shot setting, i.e., for entities and relations that our model has not seen during training. To this end, we employ Hetionet <ref type="bibr" target="#b5">(Himmelstein et al., 2017)</ref>, a network of biomedical knowledge assembled from 29 biomedical Knowledge Bases, containing 24 distinct relation types. We keep nine relation types that our models have not previously seen, e.g., "expresses", "localizes", "treats" and randomly sample 500 queries, with 9.3 answers, i.e. tails, per query on average. We note that this dataset differs substantially to the previous one, in the sense that a query might have far more valid answers. For example, some queries have more than 100 valid answers.</p><p>In both cases, we first retrieve the top-100 passages for each query, from the full PubMed knowl- edge source, using our bio-DPR model and subsequently we pass all query-passage pairs through our reader model. We evaluate with micro-recall since, as we discussed previously, there might be multiple valid answers not contained in our KB and we aim to examine what percentage of the KB triples we can extract from text. We note again that this is not a perfect evaluation as, besides the issue mentioned above, there might also be triples in Hetionet that do not appear in any sentence in the literature. Table <ref type="table" target="#tab_5">6</ref> illustrates our results. The recall is substantially low, a finding that is somewhat expected due to the imperfect nature of our evaluation setting, as well the challenging nature of the task, especially in the zero-shot setting. Nevertheless, we consider that these two additional datasets, will enable further research and improved approaches. Overall, the above experiments should be regarded as a stepping stone towards a novel paradigm for biomedical IE, overcoming the shortcomings of the current standard approach.</p></div>
<div xmlns="http://www.tei-c.org/ns/1.0"><head n="6">Conclusions and Future Work</head><p>In this work we formulated the task of biomedical Information Extraction as a slot filling problem. This approach aims to forgo the need for entity and relation type specific training data, which is scarce and costly to annotate in the biomedical domain.</p><p>Additionally, this formulation allows to deal with the addition of new relation types, without needing to re-train the relevant models. Additionally, we have introduced a new biomedical slot filling benchmark and used it to train a biomedical DPR model, a dual BERT-based encoder for retrieval, as well as a biomedical slot filling reader based on BioBERT. In a series of experiments our approach outperforms significantly a number of general domain baselines as well as the simpler BM25 retriever. Furthermore, our results illustrate the importance of in-domain, taskspecific training data, in line with findings from recent works <ref type="bibr" target="#b3">(Glass et al., 2021;</ref><ref type="bibr" target="#b19">Maillard et al., 2021)</ref>.</p><p>In future work, we aim to focus on sequence to sequence variants of this work such as the work in <ref type="bibr" target="#b6">(Izacard and Grave, 2021)</ref>, as well as to conduct a thorough comparison of a standard biomedical IE system against our slot filling approach.</p></div><figure xmlns="http://www.tei-c.org/ns/1.0" type="table" xml:id="tab_0"><head>Table 1 :</head><label>1</label><figDesc>Examples of queries for general domain benchmarks (NQ, zsRE) vs biomedical domain benchmarks (BioASQ, BioSF). Queries in the biomedical domain usually involve multiple valid answers, as opposed to the general domain.</figDesc><table><row><cell>Dataset</cell><cell>Query</cell><cell>Answer(s)</cell></row><row><cell>NQ</cell><cell>when is the next deadpool movie being released</cell><cell>May 18, 2018</cell></row><row><cell>NQ</cell><cell>what was the first capital city of australia</cell><cell>Melbourne</cell></row><row><cell>zsRE</cell><cell>Elmer George [SEP] spouse</cell><cell>Mari Hulman George</cell></row><row><cell>zsRE</cell><cell>Boone River [SEP] mouth of the watercourse</cell><cell>Des Moines River</cell></row><row><cell>BioASQ</cell><cell>What are the main indications of lacosamide?</cell><cell>'epilepsy', 'analgesic'</cell></row><row><cell>BioASQ</cell><cell>Which metabolite activates AtxA?</cell><cell>'CO2', 'bicarbonate'</cell></row><row><cell>BioSF</cell><cell>sildenafil [SEP] regulator</cell><cell>'L765A', 'F786A', 'F820A'</cell></row><row><cell>BioSF</cell><cell>Amprenavir [SEP] interacts with</cell><cell>'rifabutin', 'ritonavir'</cell></row></table></figure>
<figure xmlns="http://www.tei-c.org/ns/1.0" type="table" xml:id="tab_1"><head>Table 2 :</head><label>2</label><figDesc>Public datasets used to build our biomedical slot filling dataset, BioSF. The relation types for the drugdrug interactions dataset have been merged into one relation dubbed interacts with.</figDesc><table /></figure>
<figure xmlns="http://www.tei-c.org/ns/1.0" type="table" xml:id="tab_2"><head>Table 3 :</head><label>3</label><figDesc>Evaluation results for retrieval experiments on the BioSF development set using as content one million passages from PubMed. Values in bold show statistically significant results in terms of z-test at p-value of 0.05, whereas for our model we show the average across five different DPR training runs.</figDesc><table><row><cell>Retriever</cell><cell cols="4">hits@1 hits@10 hits@100 index size</cell></row><row><cell>BM25</cell><cell>11.0</cell><cell>30.3</cell><cell>56.1</cell><cell>29.4</cell></row><row><cell>DPR-NQ</cell><cell>5.2</cell><cell>17.9</cell><cell>38.9</cell><cell>90.0</cell></row><row><cell>DPR-zsRE</cell><cell>2.3</cell><cell>10.2</cell><cell>26.4</cell><cell>90.0</cell></row><row><cell>Bio-DPR(ours)</cell><cell>11.5</cell><cell>33.2</cell><cell>59.1</cell><cell>90.0</cell></row></table></figure>
<figure xmlns="http://www.tei-c.org/ns/1.0" type="table" xml:id="tab_3"><head>Table 4 :</head><label>4</label><figDesc>Evaluation results for retrieval experiments on the BioSF development set on full PubMed. Values in bold show statistically significant results for a z-test at p-value of 0.05.</figDesc><table /></figure>
<figure xmlns="http://www.tei-c.org/ns/1.0" type="table" xml:id="tab_4"><head>Table 5 :</head><label>5</label><figDesc>Evaluation results for the reader experiments on the BioSF development and testing sets. We report the averages across five runs for each model, results in bold show a statistically significant improvement for a z-test at p-value of 0.05.</figDesc><table><row><cell>Model</cell><cell>Data</cell><cell cols="3">Exact Match(dev/test) F1(dev/test)</cell></row><row><cell cols="2">BioBERT-base BioASQ</cell><cell></cell><cell>13.10/13.44</cell><cell>17.95/18.64</cell></row><row><cell>"</cell><cell>zsRE</cell><cell></cell><cell>16.59/15.77</cell><cell>22.51/22.98</cell></row><row><cell>"</cell><cell>BioSF</cell><cell></cell><cell>52.30/54.67</cell><cell>58.82/59.98</cell></row><row><cell>BioBERT-large</cell><cell>BioSF</cell><cell></cell><cell>54.80/55.65</cell><cell>60.92/61.55</cell></row><row><cell>Setting</cell><cell cols="2">Dataset</cell><cell cols="2">end-to-end micro-recall</cell></row><row><cell cols="3">Standard BioSF test set</cell><cell>24.38</cell></row><row><cell>Zero-shot</cell><cell cols="2">Hetionet</cell><cell>18.66</cell></row></table></figure>
<figure xmlns="http://www.tei-c.org/ns/1.0" type="table" xml:id="tab_5"><head>Table 6 :</head><label>6</label><figDesc>End to end evaluation of our approach on a standard as well as a zero-shot setting.</figDesc><table /></figure>
			<note xmlns="http://www.tei-c.org/ns/1.0" place="foot" n="3" xml:id="foot_0">We are implicitly referring only to factoid queries here which is the case for most open domain QA datasets; queries of list type would have multiple answers in any case.</note>
		</body>
		<back>
			<div type="references">

				<listBibl>

<biblStruct xml:id="b0">
	<analytic>
		<title level="a" type="main">Reading wikipedia to answer opendomain questions</title>
		<author>
			<persName><forename type="first">Danqi</forename><surname>Chen</surname></persName>
		</author>
		<author>
			<persName><forename type="first">Adam</forename><surname>Fisch</surname></persName>
		</author>
		<author>
			<persName><forename type="first">Jason</forename><surname>Weston</surname></persName>
		</author>
		<author>
			<persName><forename type="first">Antoine</forename><surname>Bordes</surname></persName>
		</author>
	</analytic>
	<monogr>
		<title level="m">Proceedings of the 55th Annual Meeting of the Association for Computational Linguistics</title>
		<title level="s">Long Papers</title>
		<meeting>the 55th Annual Meeting of the Association for Computational Linguistics</meeting>
		<imprint>
			<date type="published" when="2017">2017</date>
			<biblScope unit="volume">1</biblScope>
			<biblScope unit="page" from="1870" to="1879" />
		</imprint>
	</monogr>
	<note type="raw_reference">Danqi Chen, Adam Fisch, Jason Weston, and Antoine Bordes. 2017. Reading wikipedia to answer open- domain questions. In Proceedings of the 55th An- nual Meeting of the Association for Computational Linguistics (Volume 1: Long Papers), pages 1870- 1879.</note>
</biblStruct>

<biblStruct xml:id="b1">
	<analytic>
		<title level="a" type="main">BERT: pre-training of deep bidirectional transformers for language understanding</title>
		<author>
			<persName><forename type="first">Jacob</forename><surname>Devlin</surname></persName>
		</author>
		<author>
			<persName><forename type="first">Ming-Wei</forename><surname>Chang</surname></persName>
		</author>
		<author>
			<persName><forename type="first">Kenton</forename><surname>Lee</surname></persName>
		</author>
		<author>
			<persName><forename type="first">Kristina</forename><surname>Toutanova</surname></persName>
		</author>
		<idno type="DOI">10.18653/v1/n19-1423</idno>
	</analytic>
	<monogr>
		<title level="m">Proceedings of the 2019 Conference of the North American Chapter of the Association for Computational Linguistics: Human Language Technologies, NAACL-HLT 2019</title>
		<title level="s">Long and Short Papers</title>
		<meeting>the 2019 Conference of the North American Chapter of the Association for Computational Linguistics: Human Language Technologies, NAACL-HLT 2019<address><addrLine>Minneapolis, MN, USA</addrLine></address></meeting>
		<imprint>
			<publisher>Association for Computational Linguistics</publisher>
			<date type="published" when="2019-06-02">2019. June 2-7, 2019</date>
			<biblScope unit="volume">1</biblScope>
			<biblScope unit="page" from="4171" to="4186" />
		</imprint>
	</monogr>
	<note type="raw_reference">Jacob Devlin, Ming-Wei Chang, Kenton Lee, and Kristina Toutanova. 2019. BERT: pre-training of deep bidirectional transformers for language under- standing. In Proceedings of the 2019 Conference of the North American Chapter of the Association for Computational Linguistics: Human Language Technologies, NAACL-HLT 2019, Minneapolis, MN, USA, June 2-7, 2019, Volume 1 (Long and Short Pa- pers), pages 4171-4186. Association for Computa- tional Linguistics.</note>
</biblStruct>

<biblStruct xml:id="b2">
	<analytic>
		<title level="a" type="main">T-REx: A large scale alignment of natural language with knowledge base triples</title>
		<author>
			<persName><forename type="first">Hady</forename><surname>Elsahar</surname></persName>
		</author>
		<author>
			<persName><forename type="first">Pavlos</forename><surname>Vougiouklis</surname></persName>
		</author>
		<author>
			<persName><forename type="first">Arslen</forename><surname>Remaci</surname></persName>
		</author>
		<author>
			<persName><forename type="first">Christophe</forename><surname>Gravier</surname></persName>
		</author>
		<author>
			<persName><forename type="first">Jonathon</forename><surname>Hare</surname></persName>
		</author>
		<author>
			<persName><forename type="first">Frederique</forename><surname>Laforest</surname></persName>
		</author>
		<author>
			<persName><forename type="first">Elena</forename><surname>Simperl</surname></persName>
		</author>
	</analytic>
	<monogr>
		<title level="m">Proceedings of the Eleventh International Conference on Language Resources and Evaluation (LREC 2018)</title>
				<meeting>the Eleventh International Conference on Language Resources and Evaluation (LREC 2018)<address><addrLine>Miyazaki, Japan</addrLine></address></meeting>
		<imprint>
			<date type="published" when="2018">2018</date>
		</imprint>
	</monogr>
	<note>European Language Resources Association (ELRA</note>
	<note type="raw_reference">Hady Elsahar, Pavlos Vougiouklis, Arslen Remaci, Christophe Gravier, Jonathon Hare, Frederique Laforest, and Elena Simperl. 2018. T-REx: A large scale alignment of natural language with knowledge base triples. In Proceedings of the Eleventh Interna- tional Conference on Language Resources and Eval- uation (LREC 2018), Miyazaki, Japan. European Language Resources Association (ELRA).</note>
</biblStruct>

<biblStruct xml:id="b3">
	<analytic>
		<title level="a" type="main">Robust retrieval augmented generation for zero-shot slot filling</title>
		<author>
			<persName><forename type="first">Michael</forename><surname>Glass</surname></persName>
		</author>
		<author>
			<persName><forename type="first">Gaetano</forename><surname>Rossiello</surname></persName>
		</author>
		<author>
			<persName><forename type="first">Md</forename><surname>Faisal Mahbub</surname></persName>
		</author>
		<author>
			<persName><forename type="first">Alfio</forename><surname>Chowdhury</surname></persName>
		</author>
		<author>
			<persName><surname>Gliozzo</surname></persName>
		</author>
		<idno type="DOI">10.18653/v1/2021.emnlp-main.148</idno>
	</analytic>
	<monogr>
		<title level="m">Proceedings of the 2021 Conference on Empirical Methods in Natural Language Processing</title>
				<meeting>the 2021 Conference on Empirical Methods in Natural Language Processing</meeting>
		<imprint>
			<publisher>Dominican Republic. Association for Computational Linguistics</publisher>
			<date type="published" when="2021">2021</date>
			<biblScope unit="page" from="1939" to="1949" />
		</imprint>
		<respStmt>
			<orgName>Online and Punta Cana</orgName>
		</respStmt>
	</monogr>
	<note type="raw_reference">Michael Glass, Gaetano Rossiello, Md Faisal Mahbub Chowdhury, and Alfio Gliozzo. 2021. Robust re- trieval augmented generation for zero-shot slot fill- ing. In Proceedings of the 2021 Conference on Em- pirical Methods in Natural Language Processing, pages 1939-1949, Online and Punta Cana, Domini- can Republic. Association for Computational Lin- guistics.</note>
</biblStruct>

<biblStruct xml:id="b4">
	<monogr>
		<author>
			<persName><forename type="first">Kelvin</forename><surname>Guu</surname></persName>
		</author>
		<author>
			<persName><forename type="first">Kenton</forename><surname>Lee</surname></persName>
		</author>
		<author>
			<persName><forename type="first">Zora</forename><surname>Tung</surname></persName>
		</author>
		<author>
			<persName><forename type="first">Panupong</forename><surname>Pasupat</surname></persName>
		</author>
		<author>
			<persName><forename type="first">Ming-Wei</forename><surname>Chang</surname></persName>
		</author>
		<idno type="arXiv">arXiv:2002.08909</idno>
		<title level="m">Realm: Retrievalaugmented language model pre-training</title>
				<imprint>
			<date type="published" when="2020">2020</date>
		</imprint>
	</monogr>
	<note type="report_type">arXiv preprint</note>
	<note type="raw_reference">Kelvin Guu, Kenton Lee, Zora Tung, Panupong Pasu- pat, and Ming-Wei Chang. 2020. Realm: Retrieval- augmented language model pre-training. arXiv preprint arXiv:2002.08909.</note>
</biblStruct>

<biblStruct xml:id="b5">
	<monogr>
		<title level="m" type="main">Systematic integration of biomedical knowledge prioritizes drugs for repurposing</title>
		<author>
			<persName><forename type="first">Daniel</forename><surname>Scott Himmelstein</surname></persName>
		</author>
		<author>
			<persName><forename type="first">Antoine</forename><surname>Lizee</surname></persName>
		</author>
		<author>
			<persName><forename type="first">Christine</forename><surname>Hessler</surname></persName>
		</author>
		<author>
			<persName><forename type="first">Leo</forename><surname>Brueggeman</surname></persName>
		</author>
		<author>
			<persName><forename type="first">Sabrina</forename><forename type="middle">L</forename><surname>Chen</surname></persName>
		</author>
		<author>
			<persName><forename type="first">Dexter</forename><surname>Hadley</surname></persName>
		</author>
		<author>
			<persName><forename type="first">Ari</forename><surname>Green</surname></persName>
		</author>
		<author>
			<persName><forename type="first">Pouya</forename><surname>Khankhanian</surname></persName>
		</author>
		<author>
			<persName><forename type="first">Sergio</forename><forename type="middle">E</forename><surname>Baranzini</surname></persName>
		</author>
		<imprint>
			<date type="published" when="2017">2017</date>
			<publisher>Elife</publisher>
			<biblScope unit="volume">6</biblScope>
			<biblScope unit="page">e26726</biblScope>
		</imprint>
	</monogr>
	<note type="raw_reference">Daniel Scott Himmelstein, Antoine Lizee, Christine Hessler, Leo Brueggeman, Sabrina L Chen, Dexter Hadley, Ari Green, Pouya Khankhanian, and Ser- gio E Baranzini. 2017. Systematic integration of biomedical knowledge prioritizes drugs for repur- posing. Elife, 6:e26726.</note>
</biblStruct>

<biblStruct xml:id="b6">
	<analytic>
		<title level="a" type="main">Leveraging passage retrieval with generative models for open domain question answering</title>
		<author>
			<persName><forename type="first">Gautier</forename><surname>Izacard</surname></persName>
		</author>
		<author>
			<persName><forename type="first">Édouard</forename><surname>Grave</surname></persName>
		</author>
	</analytic>
	<monogr>
		<title level="m">Proceedings of the 16th Conference of the European Chapter of the Association for Computational Linguistics: Main Volume</title>
				<meeting>the 16th Conference of the European Chapter of the Association for Computational Linguistics: Main Volume</meeting>
		<imprint>
			<date type="published" when="2021">2021</date>
			<biblScope unit="page" from="874" to="880" />
		</imprint>
	</monogr>
	<note type="raw_reference">Gautier Izacard and Édouard Grave. 2021. Leveraging passage retrieval with generative models for open domain question answering. In Proceedings of the 16th Conference of the European Chapter of the As- sociation for Computational Linguistics: Main Vol- ume, pages 874-880.</note>
</biblStruct>

<biblStruct xml:id="b7">
	<analytic>
		<title level="a" type="main">Billion-scale similarity search with gpus</title>
		<author>
			<persName><forename type="first">Jeff</forename><surname>Johnson</surname></persName>
		</author>
		<author>
			<persName><forename type="first">Matthijs</forename><surname>Douze</surname></persName>
		</author>
		<author>
			<persName><forename type="first">Hervé</forename><surname>Jégou</surname></persName>
		</author>
	</analytic>
	<monogr>
		<title level="j">IEEE Transactions on Big Data</title>
		<imprint>
			<date type="published" when="2019">2019</date>
		</imprint>
	</monogr>
	<note type="raw_reference">Jeff Johnson, Matthijs Douze, and Hervé Jégou. 2019. Billion-scale similarity search with gpus. IEEE Transactions on Big Data.</note>
</biblStruct>

<biblStruct xml:id="b8">
	<analytic>
		<title level="a" type="main">Dense passage retrieval for open-domain question answering</title>
		<author>
			<persName><forename type="first">Vladimir</forename><surname>Karpukhin</surname></persName>
		</author>
		<author>
			<persName><forename type="first">Barlas</forename><surname>Oguz</surname></persName>
		</author>
		<author>
			<persName><forename type="first">Sewon</forename><surname>Min</surname></persName>
		</author>
		<author>
			<persName><forename type="first">Patrick</forename><surname>Lewis</surname></persName>
		</author>
		<author>
			<persName><forename type="first">Ledell</forename><surname>Wu</surname></persName>
		</author>
		<author>
			<persName><forename type="first">Sergey</forename><surname>Edunov</surname></persName>
		</author>
		<author>
			<persName><forename type="first">Danqi</forename><surname>Chen</surname></persName>
		</author>
		<author>
			<persName><forename type="first">Wen-Tau</forename><surname>Yih</surname></persName>
		</author>
	</analytic>
	<monogr>
		<title level="m">Proceedings of the 2020 Conference on Empirical Methods in Natural Language Processing (EMNLP)</title>
				<meeting>the 2020 Conference on Empirical Methods in Natural Language Processing (EMNLP)</meeting>
		<imprint>
			<date type="published" when="2020">2020</date>
			<biblScope unit="page" from="6769" to="6781" />
		</imprint>
	</monogr>
	<note type="raw_reference">Vladimir Karpukhin, Barlas Oguz, Sewon Min, Patrick Lewis, Ledell Wu, Sergey Edunov, Danqi Chen, and Wen-tau Yih. 2020. Dense passage retrieval for open-domain question answering. In Proceedings of the 2020 Conference on Empirical Methods in Nat- ural Language Processing (EMNLP), pages 6769- 6781.</note>
</biblStruct>

<biblStruct xml:id="b9">
	<analytic>
		<title level="a" type="main">Overview of the biocreative vi chemicalprotein interaction track</title>
		<author>
			<persName><forename type="first">Martin</forename><surname>Krallinger</surname></persName>
		</author>
		<author>
			<persName><forename type="first">Obdulia</forename><surname>Rabal</surname></persName>
		</author>
		<author>
			<persName><surname>Saber A Akhondi</surname></persName>
		</author>
	</analytic>
	<monogr>
		<title level="m">Proceedings of the sixth BioCreative challenge evaluation workshop</title>
				<meeting>the sixth BioCreative challenge evaluation workshop</meeting>
		<imprint>
			<date type="published" when="2017">2017</date>
		</imprint>
	</monogr>
	<note type="raw_reference">Martin Krallinger, Obdulia Rabal, Saber A Akhondi, et al. 2017. Overview of the biocreative vi chemical- protein interaction track. In Proceedings of the sixth BioCreative challenge evaluation workshop.</note>
</biblStruct>

<biblStruct xml:id="b10">
	<analytic>
		<title level="a" type="main">Natural questions: a benchmark for question answering research</title>
		<author>
			<persName><forename type="first">Tom</forename><surname>Kwiatkowski</surname></persName>
		</author>
		<author>
			<persName><forename type="first">Jennimaria</forename><surname>Palomaki</surname></persName>
		</author>
		<author>
			<persName><forename type="first">Olivia</forename><surname>Redfield</surname></persName>
		</author>
		<author>
			<persName><forename type="first">Michael</forename><surname>Collins</surname></persName>
		</author>
		<author>
			<persName><forename type="first">Ankur</forename><surname>Parikh</surname></persName>
		</author>
		<author>
			<persName><forename type="first">Chris</forename><surname>Alberti</surname></persName>
		</author>
		<author>
			<persName><forename type="first">Danielle</forename><surname>Epstein</surname></persName>
		</author>
		<author>
			<persName><forename type="first">Illia</forename><surname>Polosukhin</surname></persName>
		</author>
		<author>
			<persName><forename type="first">Jacob</forename><surname>Devlin</surname></persName>
		</author>
		<author>
			<persName><forename type="first">Kenton</forename><surname>Lee</surname></persName>
		</author>
	</analytic>
	<monogr>
		<title level="j">Transactions of the Association for Computational Linguistics</title>
		<imprint>
			<biblScope unit="volume">7</biblScope>
			<biblScope unit="page" from="453" to="466" />
			<date type="published" when="2019">2019</date>
		</imprint>
	</monogr>
	<note type="raw_reference">Tom Kwiatkowski, Jennimaria Palomaki, Olivia Red- field, Michael Collins, Ankur Parikh, Chris Alberti, Danielle Epstein, Illia Polosukhin, Jacob Devlin, Kenton Lee, et al. 2019. Natural questions: a bench- mark for question answering research. Transactions of the Association for Computational Linguistics, 7:453-466.</note>
</biblStruct>

<biblStruct xml:id="b11">
	<monogr>
		<title level="m" type="main">Biobert: pre-trained biomedical language representation model for biomedical text mining</title>
		<author>
			<persName><forename type="first">Jinhyuk</forename><surname>Lee</surname></persName>
		</author>
		<author>
			<persName><forename type="first">Wonjin</forename><surname>Yoon</surname></persName>
		</author>
		<author>
			<persName><forename type="first">Sungdong</forename><surname>Kim</surname></persName>
		</author>
		<author>
			<persName><forename type="first">Donghyeon</forename><surname>Kim</surname></persName>
		</author>
		<author>
			<persName><forename type="first">Sunkyu</forename><surname>Kim</surname></persName>
		</author>
		<author>
			<persName><forename type="first">Chan</forename><surname>Ho So</surname></persName>
		</author>
		<author>
			<persName><forename type="first">Jaewoo</forename><surname>Kang</surname></persName>
		</author>
		<idno type="arXiv">arXiv:1901.08746</idno>
		<imprint>
			<date type="published" when="2019">2019a</date>
		</imprint>
	</monogr>
	<note type="report_type">arXiv preprint</note>
	<note type="raw_reference">Jinhyuk Lee, Wonjin Yoon, Sungdong Kim, Donghyeon Kim, Sunkyu Kim, Chan Ho So, and Jaewoo Kang. 2019a. Biobert: pre-trained biomed- ical language representation model for biomedical text mining. arXiv preprint arXiv:1901.08746.</note>
</biblStruct>

<biblStruct xml:id="b12">
	<analytic>
		<title level="a" type="main">Latent retrieval for weakly supervised open domain question answering</title>
		<author>
			<persName><forename type="first">Kenton</forename><surname>Lee</surname></persName>
		</author>
		<author>
			<persName><forename type="first">Ming-Wei</forename><surname>Chang</surname></persName>
		</author>
		<author>
			<persName><forename type="first">Kristina</forename><surname>Toutanova</surname></persName>
		</author>
	</analytic>
	<monogr>
		<title level="m">Proceedings of the 57th Annual Meeting of the Association for Computational Linguistics</title>
				<meeting>the 57th Annual Meeting of the Association for Computational Linguistics</meeting>
		<imprint>
			<date type="published" when="2019">2019b</date>
			<biblScope unit="page" from="6086" to="6096" />
		</imprint>
	</monogr>
	<note type="raw_reference">Kenton Lee, Ming-Wei Chang, and Kristina Toutanova. 2019b. Latent retrieval for weakly supervised open domain question answering. In Proceedings of the 57th Annual Meeting of the Association for Compu- tational Linguistics, pages 6086-6096.</note>
</biblStruct>

<biblStruct xml:id="b13">
	<analytic>
		<title level="a" type="main">Zero-shot relation extraction via reading comprehension</title>
		<author>
			<persName><forename type="first">Omer</forename><surname>Levy</surname></persName>
		</author>
		<author>
			<persName><forename type="first">Minjoon</forename><surname>Seo</surname></persName>
		</author>
		<author>
			<persName><forename type="first">Eunsol</forename><surname>Choi</surname></persName>
		</author>
		<author>
			<persName><forename type="first">Luke</forename><surname>Zettlemoyer</surname></persName>
		</author>
	</analytic>
	<monogr>
		<title level="m">Proceedings of the 21st Conference on Computational Natural Language Learning</title>
				<meeting>the 21st Conference on Computational Natural Language Learning</meeting>
		<imprint>
			<date type="published" when="2017">2017. CoNLL 2017</date>
			<biblScope unit="page" from="333" to="342" />
		</imprint>
	</monogr>
	<note type="raw_reference">Omer Levy, Minjoon Seo, Eunsol Choi, and Luke Zettlemoyer. 2017. Zero-shot relation extraction via reading comprehension. In Proceedings of the 21st Conference on Computational Natural Language Learning (CoNLL 2017), pages 333-342.</note>
</biblStruct>

<biblStruct xml:id="b14">
	<analytic>
		<title level="a" type="main">Denoising sequence-to-sequence pretraining for natural language generation, translation, and comprehension</title>
		<author>
			<persName><forename type="first">Mike</forename><surname>Lewis</surname></persName>
		</author>
		<author>
			<persName><forename type="first">Yinhan</forename><surname>Liu</surname></persName>
		</author>
		<author>
			<persName><forename type="first">Naman</forename><surname>Goyal ; Abdelrahman Mohamed</surname></persName>
		</author>
		<author>
			<persName><forename type="first">Omer</forename><surname>Levy</surname></persName>
		</author>
		<author>
			<persName><forename type="first">Veselin</forename><surname>Stoyanov</surname></persName>
		</author>
		<author>
			<persName><forename type="first">Luke</forename><surname>Zettlemoyer</surname></persName>
		</author>
	</analytic>
	<monogr>
		<title level="m">Proceedings of the 58th Annual Meeting of the</title>
				<meeting>the 58th Annual Meeting of the<address><addrLine>Bart</addrLine></address></meeting>
		<imprint>
			<publisher>Association for Computational Linguistics</publisher>
			<date type="published" when="2020">Marjan Ghazvininejad,. 2020a</date>
			<biblScope unit="page" from="7871" to="7880" />
		</imprint>
	</monogr>
	<note type="raw_reference">Mike Lewis, Yinhan Liu, Naman Goyal, Mar- jan Ghazvininejad, Abdelrahman Mohamed, Omer Levy, Veselin Stoyanov, and Luke Zettlemoyer. 2020a. Bart: Denoising sequence-to-sequence pre- training for natural language generation, translation, and comprehension. In Proceedings of the 58th An- nual Meeting of the Association for Computational Linguistics, pages 7871-7880.</note>
</biblStruct>

<biblStruct xml:id="b15">
	<monogr>
		<author>
			<persName><forename type="first">Patrick</forename><surname>Lewis</surname></persName>
		</author>
		<author>
			<persName><forename type="first">Ethan</forename><surname>Perez</surname></persName>
		</author>
		<author>
			<persName><forename type="first">Aleksandra</forename><surname>Piktus</surname></persName>
		</author>
		<author>
			<persName><forename type="first">Fabio</forename><surname>Petroni</surname></persName>
		</author>
		<author>
			<persName><forename type="first">Vladimir</forename><surname>Karpukhin</surname></persName>
		</author>
		<author>
			<persName><forename type="first">Naman</forename><surname>Goyal</surname></persName>
		</author>
		<author>
			<persName><forename type="first">Heinrich</forename><surname>Küttler</surname></persName>
		</author>
		<author>
			<persName><forename type="first">Mike</forename><surname>Lewis</surname></persName>
		</author>
		<author>
			<persName><forename type="first">Wen-Tau</forename><surname>Yih</surname></persName>
		</author>
		<idno type="arXiv">arXiv:2005.11401</idno>
		<title level="m">Tim Rocktäschel, et al. 2020b. Retrieval-augmented generation for knowledge-intensive nlp tasks</title>
				<imprint/>
	</monogr>
	<note type="report_type">arXiv preprint</note>
	<note type="raw_reference">Patrick Lewis, Ethan Perez, Aleksandra Piktus, Fabio Petroni, Vladimir Karpukhin, Naman Goyal, Hein- rich Küttler, Mike Lewis, Wen-tau Yih, Tim Rock- täschel, et al. 2020b. Retrieval-augmented gen- eration for knowledge-intensive nlp tasks. arXiv preprint arXiv:2005.11401.</note>
</biblStruct>

<biblStruct xml:id="b16">
	<monogr>
		<title level="m" type="main">Biocreative v cdr task corpus: a resource for chemical disease relation extraction</title>
		<author>
			<persName><forename type="first">Jiao</forename><surname>Li</surname></persName>
		</author>
		<author>
			<persName><forename type="first">Yueping</forename><surname>Sun</surname></persName>
		</author>
		<author>
			<persName><forename type="first">Robin</forename><forename type="middle">J</forename><surname>Johnson</surname></persName>
		</author>
		<author>
			<persName><forename type="first">Daniela</forename><surname>Sciaky</surname></persName>
		</author>
		<author>
			<persName><forename type="first">Chih-Hsuan</forename><surname>Wei</surname></persName>
		</author>
		<author>
			<persName><forename type="first">Robert</forename><surname>Leaman</surname></persName>
		</author>
		<author>
			<persName><forename type="first">Allan</forename><forename type="middle">Peter</forename><surname>Davis</surname></persName>
		</author>
		<author>
			<persName><forename type="first">Carolyn</forename><forename type="middle">J</forename><surname>Mattingly</surname></persName>
		</author>
		<author>
			<persName><forename type="first">Thomas</forename><forename type="middle">C</forename><surname>Wiegers</surname></persName>
		</author>
		<author>
			<persName><forename type="first">Zhiyong</forename><surname>Lu</surname></persName>
		</author>
		<imprint>
			<date type="published" when="2016">2016. 2016</date>
			<publisher>Database</publisher>
		</imprint>
	</monogr>
	<note type="raw_reference">Jiao Li, Yueping Sun, Robin J Johnson, Daniela Sci- aky, Chih-Hsuan Wei, Robert Leaman, Allan Peter Davis, Carolyn J Mattingly, Thomas C Wiegers, and Zhiyong Lu. 2016. Biocreative v cdr task corpus: a resource for chemical disease relation extraction. Database, 2016.</note>
</biblStruct>

<biblStruct xml:id="b17">
	<analytic>
		<title level="a" type="main">A bert-based universal model for both within-and cross-sentence clinical temporal relation extraction</title>
		<author>
			<persName><forename type="first">Chen</forename><surname>Lin</surname></persName>
		</author>
		<author>
			<persName><forename type="first">Timothy</forename><surname>Miller</surname></persName>
		</author>
		<author>
			<persName><forename type="first">Dmitriy</forename><surname>Dligach</surname></persName>
		</author>
		<author>
			<persName><forename type="first">Steven</forename><surname>Bethard</surname></persName>
		</author>
		<author>
			<persName><forename type="first">Guergana</forename><surname>Savova</surname></persName>
		</author>
	</analytic>
	<monogr>
		<title level="m">Proceedings of the 2nd Clinical Natural Language Processing Workshop</title>
				<meeting>the 2nd Clinical Natural Language Processing Workshop</meeting>
		<imprint>
			<date type="published" when="2019">2019</date>
			<biblScope unit="page" from="65" to="71" />
		</imprint>
	</monogr>
	<note type="raw_reference">Chen Lin, Timothy Miller, Dmitriy Dligach, Steven Bethard, and Guergana Savova. 2019. A bert-based universal model for both within-and cross-sentence clinical temporal relation extraction. In Proceedings of the 2nd Clinical Natural Language Processing Workshop, pages 65-71.</note>
</biblStruct>

<biblStruct xml:id="b18">
	<analytic>
		<title level="a" type="main">Neural relation extraction with selective attention over instances</title>
		<author>
			<persName><forename type="first">Yankai</forename><surname>Lin</surname></persName>
		</author>
		<author>
			<persName><forename type="first">Shiqi</forename><surname>Shen</surname></persName>
		</author>
		<author>
			<persName><forename type="first">Zhiyuan</forename><surname>Liu</surname></persName>
		</author>
		<author>
			<persName><forename type="first">Huanbo</forename><surname>Luan</surname></persName>
		</author>
		<author>
			<persName><forename type="first">Maosong</forename><surname>Sun</surname></persName>
		</author>
	</analytic>
	<monogr>
		<title level="m">Proceedings of the 54th Annual Meeting of the Association for Computational Linguistics</title>
				<meeting>the 54th Annual Meeting of the Association for Computational Linguistics<address><addrLine>Papers</addrLine></address></meeting>
		<imprint>
			<publisher>Long</publisher>
			<date type="published" when="2016">2016</date>
			<biblScope unit="volume">1</biblScope>
			<biblScope unit="page" from="2124" to="2133" />
		</imprint>
	</monogr>
	<note type="raw_reference">Yankai Lin, Shiqi Shen, Zhiyuan Liu, Huanbo Luan, and Maosong Sun. 2016. Neural relation extraction with selective attention over instances. In Proceed- ings of the 54th Annual Meeting of the Association for Computational Linguistics (Volume 1: Long Pa- pers), volume 1, pages 2124-2133.</note>
</biblStruct>

<biblStruct xml:id="b19">
	<monogr>
		<author>
			<persName><forename type="first">Jean</forename><surname>Maillard</surname></persName>
		</author>
		<author>
			<persName><forename type="first">Vladimir</forename><surname>Karpukhin</surname></persName>
		</author>
		<author>
			<persName><forename type="first">Fabio</forename><surname>Petroni</surname></persName>
		</author>
		<author>
			<persName><forename type="first">Wen-Tau</forename><surname>Yih</surname></persName>
		</author>
		<author>
			<persName><forename type="first">Barlas</forename><surname>Oguz</surname></persName>
		</author>
		<author>
			<persName><forename type="first">Veselin</forename><surname>Stoyanov</surname></persName>
		</author>
		<author>
			<persName><forename type="first">Gargi</forename><surname>Ghosh</surname></persName>
		</author>
		<idno type="arXiv">arXiv:2101.00117</idno>
		<title level="m">Multi-task retrieval for knowledge-intensive tasks</title>
				<imprint>
			<date type="published" when="2021">2021</date>
		</imprint>
	</monogr>
	<note type="report_type">arXiv preprint</note>
	<note type="raw_reference">Jean Maillard, Vladimir Karpukhin, Fabio Petroni, Wen-tau Yih, Barlas Oguz, Veselin Stoyanov, and Gargi Ghosh. 2021. Multi-task retrieval for knowledge-intensive tasks. arXiv preprint arXiv:2101.00117.</note>
</biblStruct>

<biblStruct xml:id="b20">
	<analytic>
		<title level="a" type="main">Kilt: a benchmark for knowledge intensive language tasks</title>
		<author>
			<persName><forename type="first">Fabio</forename><surname>Petroni</surname></persName>
		</author>
		<author>
			<persName><forename type="first">Aleksandra</forename><surname>Piktus</surname></persName>
		</author>
		<author>
			<persName><forename type="first">Angela</forename><surname>Fan</surname></persName>
		</author>
		<author>
			<persName><forename type="first">Patrick</forename><surname>Lewis</surname></persName>
		</author>
		<author>
			<persName><forename type="first">Majid</forename><surname>Yazdani</surname></persName>
		</author>
		<author>
			<persName><forename type="first">Nicola</forename><forename type="middle">De</forename><surname>Cao</surname></persName>
		</author>
		<author>
			<persName><forename type="first">James</forename><surname>Thorne</surname></persName>
		</author>
		<author>
			<persName><forename type="first">Yacine</forename><surname>Jernite</surname></persName>
		</author>
		<author>
			<persName><forename type="first">Vladimir</forename><surname>Karpukhin</surname></persName>
		</author>
		<author>
			<persName><forename type="first">Jean</forename><surname>Maillard</surname></persName>
		</author>
	</analytic>
	<monogr>
		<title level="m">Proceedings of the 2021 Conference of the North American Chapter</title>
				<meeting>the 2021 Conference of the North American Chapter</meeting>
		<imprint>
			<publisher>Human Language Technologies</publisher>
			<date type="published" when="2021">2021</date>
			<biblScope unit="page" from="2523" to="2544" />
		</imprint>
	</monogr>
	<note type="raw_reference">Fabio Petroni, Aleksandra Piktus, Angela Fan, Patrick Lewis, Majid Yazdani, Nicola De Cao, James Thorne, Yacine Jernite, Vladimir Karpukhin, Jean Maillard, et al. 2021. Kilt: a benchmark for knowl- edge intensive language tasks. In Proceedings of the 2021 Conference of the North American Chapter of the Association for Computational Linguistics: Hu- man Language Technologies, pages 2523-2544.</note>
</biblStruct>

<biblStruct xml:id="b21">
	<monogr>
		<author>
			<persName><forename type="first">Isabel</forename><surname>Segura Bedmar</surname></persName>
		</author>
		<author>
			<persName><forename type="first">Paloma</forename><surname>Martínez</surname></persName>
		</author>
		<author>
			<persName><forename type="first">María</forename><surname>Herrero</surname></persName>
		</author>
		<author>
			<persName><forename type="first">Zazo</forename></persName>
		</author>
		<title level="m">Semeval-2013 task 9: Extraction of drug-drug interactions from biomedical texts</title>
				<imprint>
			<publisher>Association for Computational Linguistics</publisher>
			<date type="published" when="2013">2013. 2013</date>
		</imprint>
	</monogr>
	<note type="raw_reference">Isabel Segura Bedmar, Paloma Martínez, and María Herrero Zazo. 2013. Semeval-2013 task 9: Ex- traction of drug-drug interactions from biomedical texts (ddiextraction 2013). Association for Compu- tational Linguistics.</note>
</biblStruct>

<biblStruct xml:id="b22">
	<analytic>
		<title level="a" type="main">Sergios Petridis, Dimitris Polychronopoulos, et al. 2015. An overview of the bioasq largescale biomedical semantic indexing and question answering competition</title>
		<author>
			<persName><forename type="first">George</forename><surname>Tsatsaronis</surname></persName>
		</author>
		<author>
			<persName><forename type="first">Georgios</forename><surname>Balikas</surname></persName>
		</author>
		<author>
			<persName><forename type="first">Prodromos</forename><surname>Malakasiotis</surname></persName>
		</author>
		<author>
			<persName><forename type="first">Ioannis</forename><surname>Partalas</surname></persName>
		</author>
		<author>
			<persName><forename type="first">Matthias</forename><surname>Zschunke</surname></persName>
		</author>
		<author>
			<persName><forename type="first">Dirk</forename><surname>Michael R Alvers</surname></persName>
		</author>
		<author>
			<persName><forename type="first">Anastasia</forename><surname>Weissenborn</surname></persName>
		</author>
		<author>
			<persName><surname>Krithara</surname></persName>
		</author>
	</analytic>
	<monogr>
		<title level="j">BMC bioinformatics</title>
		<imprint>
			<biblScope unit="volume">16</biblScope>
			<biblScope unit="issue">1</biblScope>
			<biblScope unit="page" from="1" to="28" />
		</imprint>
	</monogr>
	<note type="raw_reference">George Tsatsaronis, Georgios Balikas, Prodromos Malakasiotis, Ioannis Partalas, Matthias Zschunke, Michael R Alvers, Dirk Weissenborn, Anastasia Krithara, Sergios Petridis, Dimitris Polychronopou- los, et al. 2015. An overview of the bioasq large- scale biomedical semantic indexing and question an- swering competition. BMC bioinformatics, 16(1):1- 28.</note>
</biblStruct>

<biblStruct xml:id="b23">
	<analytic>
		<title level="a" type="main">Attention is all you need</title>
		<author>
			<persName><forename type="first">Ashish</forename><surname>Vaswani</surname></persName>
		</author>
		<author>
			<persName><forename type="first">Noam</forename><surname>Shazeer</surname></persName>
		</author>
		<author>
			<persName><forename type="first">Niki</forename><surname>Parmar</surname></persName>
		</author>
		<author>
			<persName><forename type="first">Jakob</forename><surname>Uszkoreit</surname></persName>
		</author>
		<author>
			<persName><forename type="first">Llion</forename><surname>Jones</surname></persName>
		</author>
		<author>
			<persName><forename type="first">Aidan</forename><forename type="middle">N</forename><surname>Gomez</surname></persName>
		</author>
		<author>
			<persName><forename type="first">Łukasz</forename><surname>Kaiser</surname></persName>
		</author>
		<author>
			<persName><forename type="first">Illia</forename><surname>Polosukhin</surname></persName>
		</author>
	</analytic>
	<monogr>
		<title level="m">Advances in neural information processing systems</title>
				<imprint>
			<date type="published" when="2017">2017</date>
			<biblScope unit="page" from="5998" to="6008" />
		</imprint>
	</monogr>
	<note type="raw_reference">Ashish Vaswani, Noam Shazeer, Niki Parmar, Jakob Uszkoreit, Llion Jones, Aidan N Gomez, Łukasz Kaiser, and Illia Polosukhin. 2017. Attention is all you need. In Advances in neural information pro- cessing systems, pages 5998-6008.</note>
</biblStruct>

<biblStruct xml:id="b24">
	<analytic>
		<title level="a" type="main">Simultaneously self-attending to all mentions for full-abstract biological relation extraction</title>
		<author>
			<persName><forename type="first">Patrick</forename><surname>Verga</surname></persName>
		</author>
		<author>
			<persName><forename type="first">Emma</forename><surname>Strubell</surname></persName>
		</author>
		<author>
			<persName><forename type="first">Andrew</forename><surname>Mccallum</surname></persName>
		</author>
	</analytic>
	<monogr>
		<title level="m">Proceedings of the 2018 Conference of the North American Chapter of the Association for Computational Linguistics: Human Language Technologies</title>
		<title level="s">Long Papers</title>
		<meeting>the 2018 Conference of the North American Chapter of the Association for Computational Linguistics: Human Language Technologies</meeting>
		<imprint>
			<date type="published" when="2018">2018</date>
			<biblScope unit="volume">1</biblScope>
			<biblScope unit="page" from="872" to="884" />
		</imprint>
	</monogr>
	<note type="raw_reference">Patrick Verga, Emma Strubell, and Andrew McCallum. 2018. Simultaneously self-attending to all mentions for full-abstract biological relation extraction. In Proceedings of the 2018 Conference of the North American Chapter of the Association for Computa- tional Linguistics: Human Language Technologies, Volume 1 (Long Papers), volume 1, pages 872-884.</note>
</biblStruct>

<biblStruct xml:id="b25">
	<monogr>
		<title level="m" type="main">Anserini: Enabling the use of lucene for information retrieval research</title>
		<author>
			<persName><forename type="first">Peilin</forename><surname>Yang</surname></persName>
		</author>
		<author>
			<persName><forename type="first">Hui</forename><surname>Fang</surname></persName>
		</author>
		<author>
			<persName><forename type="first">Jimmy</forename><surname>Lin</surname></persName>
		</author>
		<idno type="DOI">10.1145/3077136.3080721</idno>
		<imprint>
			<date type="published" when="2017">2017</date>
			<publisher>Association for Computing Machinery</publisher>
			<pubPlace>New York, NY, USA</pubPlace>
		</imprint>
	</monogr>
	<note type="raw_reference">Peilin Yang, Hui Fang, and Jimmy Lin. 2017. Anserini: Enabling the use of lucene for information retrieval research. New York, NY, USA. Association for Computing Machinery.</note>
</biblStruct>

<biblStruct xml:id="b26">
	<analytic>
		<title level="a" type="main">Hotpotqa: A dataset for diverse, explainable multi-hop question answering</title>
		<author>
			<persName><forename type="first">Zhilin</forename><surname>Yang</surname></persName>
		</author>
		<author>
			<persName><forename type="first">Peng</forename><surname>Qi</surname></persName>
		</author>
		<author>
			<persName><forename type="first">Saizheng</forename><surname>Zhang</surname></persName>
		</author>
		<author>
			<persName><forename type="first">Yoshua</forename><surname>Bengio</surname></persName>
		</author>
		<author>
			<persName><forename type="first">William</forename><surname>Cohen</surname></persName>
		</author>
		<author>
			<persName><forename type="first">Ruslan</forename><surname>Salakhutdinov</surname></persName>
		</author>
		<author>
			<persName><forename type="first">Christopher</forename><forename type="middle">D</forename><surname>Manning</surname></persName>
		</author>
	</analytic>
	<monogr>
		<title level="m">Proceedings of the 2018 Conference on Empirical Methods in Natural Language Processing</title>
				<meeting>the 2018 Conference on Empirical Methods in Natural Language Processing</meeting>
		<imprint>
			<date type="published" when="2018">2018</date>
			<biblScope unit="page" from="2369" to="2380" />
		</imprint>
	</monogr>
	<note type="raw_reference">Zhilin Yang, Peng Qi, Saizheng Zhang, Yoshua Bengio, William Cohen, Ruslan Salakhutdinov, and Christo- pher D Manning. 2018. Hotpotqa: A dataset for diverse, explainable multi-hop question answering. In Proceedings of the 2018 Conference on Empiri- cal Methods in Natural Language Processing, pages 2369-2380.</note>
</biblStruct>

<biblStruct xml:id="b27">
	<analytic>
		<title level="a" type="main">Distant supervision for relation extraction via piecewise convolutional neural networks</title>
		<author>
			<persName><forename type="first">Daojian</forename><surname>Zeng</surname></persName>
		</author>
		<author>
			<persName><forename type="first">Kang</forename><surname>Liu</surname></persName>
		</author>
		<author>
			<persName><forename type="first">Yubo</forename><surname>Chen</surname></persName>
		</author>
		<author>
			<persName><forename type="first">Jun</forename><surname>Zhao</surname></persName>
		</author>
	</analytic>
	<monogr>
		<title level="m">Proceedings of the 2015 Conference on Empirical Methods in Natural Language Processing</title>
				<meeting>the 2015 Conference on Empirical Methods in Natural Language Processing</meeting>
		<imprint>
			<date type="published" when="2015">2015</date>
			<biblScope unit="page" from="1753" to="1762" />
		</imprint>
	</monogr>
	<note type="raw_reference">Daojian Zeng, Kang Liu, Yubo Chen, and Jun Zhao. 2015. Distant supervision for relation extraction via piecewise convolutional neural networks. In Pro- ceedings of the 2015 Conference on Empirical Meth- ods in Natural Language Processing, pages 1753- 1762.</note>
</biblStruct>

<biblStruct xml:id="b28">
	<analytic>
		<title level="a" type="main">Relation classification via convolutional deep neural network</title>
		<author>
			<persName><forename type="first">Daojian</forename><surname>Zeng</surname></persName>
		</author>
		<author>
			<persName><forename type="first">Kang</forename><surname>Liu</surname></persName>
		</author>
		<author>
			<persName><forename type="first">Siwei</forename><surname>Lai</surname></persName>
		</author>
		<author>
			<persName><forename type="first">Guangyou</forename><surname>Zhou</surname></persName>
		</author>
		<author>
			<persName><forename type="first">Jun</forename><surname>Zhao</surname></persName>
		</author>
	</analytic>
	<monogr>
		<title level="m">Proceedings of COLING 2014, the 25th International Conference on Computational Linguistics: Technical Papers</title>
				<meeting>COLING 2014, the 25th International Conference on Computational Linguistics: Technical Papers</meeting>
		<imprint>
			<date type="published" when="2014">2014</date>
			<biblScope unit="page" from="2335" to="2344" />
		</imprint>
	</monogr>
	<note type="raw_reference">Daojian Zeng, Kang Liu, Siwei Lai, Guangyou Zhou, and Jun Zhao. 2014. Relation classification via con- volutional deep neural network. In Proceedings of COLING 2014, the 25th International Conference on Computational Linguistics: Technical Papers, pages 2335-2344.</note>
</biblStruct>

				</listBibl>
			</div>
		</back>
	</text>
</TEI>
