<?xml version="1.0" encoding="UTF-8"?>
<TEI xml:space="preserve" xmlns="http://www.tei-c.org/ns/1.0" 
xmlns:xsi="http://www.w3.org/2001/XMLSchema-instance" 
xsi:schemaLocation="http://www.tei-c.org/ns/1.0 https://raw.githubusercontent.com/kermitt2/grobid/master/grobid-home/schemas/xsd/Grobid.xsd"
 xmlns:xlink="http://www.w3.org/1999/xlink">
	<teiHeader xml:lang="en">
		<fileDesc>
			<titleStmt>
				<title level="a" type="main">Team IITP-AINLPML at WASSA 2022: Empathy Detection, Emotion Classification and Personality Detection</title>
			</titleStmt>
			<publicationStmt>
				<publisher/>
				<availability status="unknown"><licence/></availability>
			</publicationStmt>
			<sourceDesc>
				<biblStruct>
					<analytic>
						<author>
							<persName><forename type="first">Soumitra</forename><surname>Ghosh</surname></persName>
							<email>ghosh.soumitra2@gmail.com</email>
							<affiliation key="aff0">
								<orgName type="department">Department of Computer Science and Engineering</orgName>
								<orgName type="institution">Indian Institute of Technology Patna</orgName>
								<address>
									<settlement>Patna</settlement>
									<country key="IN">India</country>
								</address>
							</affiliation>
						</author>
						<author>
							<persName><forename type="first">Dhirendra</forename><surname>Maurya</surname></persName>
							<email>mauryadhirendra563@gmail.com</email>
							<affiliation key="aff0">
								<orgName type="department">Department of Computer Science and Engineering</orgName>
								<orgName type="institution">Indian Institute of Technology Patna</orgName>
								<address>
									<settlement>Patna</settlement>
									<country key="IN">India</country>
								</address>
							</affiliation>
						</author>
						<author>
							<persName><forename type="first">Asif</forename><surname>Ekbal</surname></persName>
							<affiliation key="aff0">
								<orgName type="department">Department of Computer Science and Engineering</orgName>
								<orgName type="institution">Indian Institute of Technology Patna</orgName>
								<address>
									<settlement>Patna</settlement>
									<country key="IN">India</country>
								</address>
							</affiliation>
						</author>
						<author>
							<persName><forename type="first">Pushpak</forename><surname>Bhattacharyya</surname></persName>
							<email>pushpakbh@gmail.com</email>
							<affiliation key="aff0">
								<orgName type="department">Department of Computer Science and Engineering</orgName>
								<orgName type="institution">Indian Institute of Technology Patna</orgName>
								<address>
									<settlement>Patna</settlement>
									<country key="IN">India</country>
								</address>
							</affiliation>
						</author>
						<title level="a" type="main">Team IITP-AINLPML at WASSA 2022: Empathy Detection, Emotion Classification and Personality Detection</title>
					</analytic>
					<monogr>
						<imprint>
							<date/>
						</imprint>
					</monogr>
					<idno type="MD5">A7723BDB85D49764EF4AA74B88DD3AE7</idno>
				</biblStruct>
			</sourceDesc>
		</fileDesc>
		<encodingDesc>
			<appInfo>
				<application version="0.7.3-SNAPSHOT" ident="GROBID" when="2023-01-12T07:39+0000">
					<desc>GROBID - A machine learning software for extracting information from scholarly documents</desc>
					<ref target="https://github.com/kermitt2/grobid"/>
				</application>
			</appInfo>
		</encodingDesc>
		<profileDesc>
			<abstract>
<div xmlns="http://www.tei-c.org/ns/1.0"><p>Computational comprehension and identifying emotional components in language have been critical in enhancing human-computer connection in recent years. The WASSA 2022 Shared Task introduced four tracks and released a dataset of news stories: Track-1 for Empathy and Distress Prediction, Track-2 for Emotion classification, Track-3 for Personality prediction, and Track-4 for Interpersonal Reactivity Index prediction at the essay level. This paper describes our participation in the WASSA 2022 shared task on the tasks mentioned above. We developed multi-task deep learning methods to address Tracks 1 and 2 and machine learning models for Track 3 and 4. Our developed systems achieved average Pearson scores of 0.483, 0.05, and 0.08 for Track 1, 3, and 4, respectively, and a macro F1 score of 0.524 for Track 2 on the test set. We ranked 8 th , 11 th , 2 nd and 2 nd for tracks 1, 2, 3, and 4 respectively.</p></div>
			</abstract>
		</profileDesc>
	</teiHeader>
	<text xml:lang="en">
		<body>
<div xmlns="http://www.tei-c.org/ns/1.0"><head n="1">Introduction</head><p>With the growing interest in the human-computer interface, emotions are considered for listing differences between machines and living beings. Humans' inherent knowledge of these emotions is hard to pass on to machines. Hence, the introduced WASSA 2022 shared task of Empathy Detection, Emotion Classification, and Personality Detection is challenging. Although some research has been done by <ref type="bibr" target="#b7">Gibson et al. (2015)</ref> and <ref type="bibr" target="#b10">Khanpour et al. (2017)</ref>, they have several important shortcomings, such as the simplistic definition of empathy and the lack of these corpora in the public domain.</p><p>The WASSA 2022 Shared Task consists of the following four major sub-tasks:</p><p>• Track 1: Empathy Prediction (EMP): predict both the empathy concern and the personal distress scores at the essay-level</p><p>• Track 2: Emotion Classification (EMO): categorize an essay into the correct emotion class</p><p>• Track 3: Personality Prediction (PER): predict the personality of an author across five primary personality traits.</p><p>• Track 4: Interpersonal Reactivity Index Prediction (IRI): predict the four primary aspects of empathy of an author. In our approach, we have used a pre-trained language model to extract the features from the textual input (essay) and develop -(A). a multi-task system to predict empathic concern and personal distress score jointly (for Track 1), (B). a multi-task system that categorizes an essay into appropriate emotion class and also detects the presence or absence of empathy and distress in it. For tracks 3 and 4, we solely consider the demographic information in the dataset to predict various personality traits and interpersonal reactivity index scores.</p></div>
<div xmlns="http://www.tei-c.org/ns/1.0"><head n="2">Related Work</head><p>Because of language disparities across locales, empathy and distress might also vary dependent on demographics <ref type="bibr" target="#b12">(Lin et al., 2018;</ref><ref type="bibr" target="#b13">Loveys et al., 2018)</ref>. More recently, <ref type="bibr" target="#b8">(Guda et al., 2021)</ref> proposed a demographic-aware empathy modeling framework based on Bidirectional Encoder Representations from Transformers (BERT) and demographic characteristics. The first publicly accessible goldstandard dataset for text-based empathy and distress prediction was introduced by <ref type="bibr" target="#b4">Buechel et al. (2018b)</ref>. <ref type="bibr" target="#b18">Sharma et al. (2020)</ref> investigated a multitask RoBERTa-based bi-encoder paradigm for comprehending empathy in text-based health support. <ref type="bibr" target="#b22">Zhou and Jurgens (2020)</ref> investigated the link between distress, condolence, and empathy in online support groups using nested regression models.</p><p>Many research <ref type="bibr" target="#b0">(Abdul-Mageed and Ungar, 2017;</ref><ref type="bibr" target="#b15">Nozza et al., 2017)</ref> have given various strategies for emotion recognition. The effectiveness of using transformer encoders for emotion detection was investigated by <ref type="bibr" target="#b1">Adoma et al. (2020)</ref>. The WASSA-2021 shared task <ref type="bibr" target="#b20">(Tafreshi et al., 2021)</ref>  the prediction of empathy (Track 1) and emotion (Track 2) in text. Personality detection studies <ref type="bibr" target="#b21">(Yang et al., 2021;</ref><ref type="bibr" target="#b16">Ren et al., 2021)</ref> utilising computational approaches have lately gained traction, particularly language models like BERT <ref type="bibr" target="#b5">(Devlin et al., 2019)</ref>. Majority of works on this issue have employed statistical analysis <ref type="bibr" target="#b9">(Ji et al., 2021)</ref> and feature engineering <ref type="bibr" target="#b2">(Bharadwaj et al., 2018)</ref>. </p></div>
<div xmlns="http://www.tei-c.org/ns/1.0"><head n="3">Data</head><p>The shared task organizers made available an expanded version of the dataset from <ref type="bibr" target="#b3">Buechel et al. (2018a)</ref>. Table <ref type="table" target="#tab_0">1 displays</ref>   Table <ref type="table" target="#tab_1">2</ref> depicts the data distribution across the train, development, and test sets. The volume of the released data was insufficient for fine-tuning large language models like BERT. We used a transfer learning-based strategy to improve overall system performance to address this. We start by compiling a collection of emotion annotated textual instances from the following three popular publicly available datasets: (A). ISEAR (Scherer and Wallbott, 1994), (B.) Crowdflower's Text Emotion dataset<ref type="foot" target="#foot_0">4</ref> , and, (C). SemEval 2018 Task 1 English Emotion Classification dataset <ref type="bibr" target="#b14">(Mohammad et al., 2018)</ref>. Our selection of external datasets was made solely based on their accessibility and popularity. We urge the inclusion of other emotion-annotated datasets or consideration of an entirely different set of datasets. The data distribution over the emotion classes is shown in Table <ref type="table" target="#tab_2">3</ref>.</p></div>
<div xmlns="http://www.tei-c.org/ns/1.0"><head n="4">System Description</head><p>This section describes the various developed methodologies to address the different tasks in the WASSA 2022 shared task.  </p></div>
<div xmlns="http://www.tei-c.org/ns/1.0"><head n="4.1">Track 1: Empathy Prediction</head><p>We fine-tune the base version of the pre-trained BERT<ref type="foot" target="#foot_1">5</ref> encoder on the essays in the training set and extract the features from the special CLS token of the last encoder layer of BERT. A global max-pooling operation is done on the features for dimensionality reduction, after which it is passed through a shared dense layer. We add two taskspecific dense layers, followed by respective output layers for the empathy and distress prediction tasks. The overall architecture is shown in Figure <ref type="figure" target="#fig_3">2a</ref>.</p></div>
<div xmlns="http://www.tei-c.org/ns/1.0"><head n="4.2">Track 2: Emotion Classification</head><p>Due to the small size of the released training set of WASSA 2022, we leverage the effectiveness of transfer learning to develop an effective system for emotion classification. First, we train a BERT encoder on the augmented emotion dataset (discussed in Section 3) and transfer the weights of the BERT layers to fine-tune another BERT encoder dedicated to the emotion classification task of Track 2. This enables transferring the more general aspects of an emotion classifier. Further layers are added to the setup to capture more specific knowledge about our task's dataset. The rest of the architecture is similar to in Figure <ref type="figure" target="#fig_3">2b</ref>, except that we make the emotionspecific features of empathy and distress aware by adding the softmax outputs for the empathy and distress detection tasks with the tasks-specific dense output for the emotion task.</p></div>
<div xmlns="http://www.tei-c.org/ns/1.0"><head n="4.3">Track 3 and Track 4: Personality and Interpersonal Reactivity Index Predictions</head><p>We empirically observed extremely low Pearson scores when using the essay information to predict scores for any of the tasks in PER and IRI tracks using deep learning methods. On the other hand, we obtained better scores by employing demographic information such as gender, race, education, age, and information to train support vector machine (SVM) systems for the PER and IRI tasks. Specifically, we use all the above-mentioned five demographic factors to train separate SVMs for each of the following tasks: openness, extraversion, stability (from PER track) and personal distress, fantasy (from the IRI track). We use only the age information as feature to train SVMs for predicting scores for conscientiousness and agreeableness, whereas gender feature for the tasks of perspective taking and empathic concern.</p></div>
<div xmlns="http://www.tei-c.org/ns/1.0"><head n="5">Results and Discussion</head><p>We discuss the hyper-parameters in our experiments, results, and analysis in this section. We report the results from our experiments considering the development set as our test dataset, as the gold standard annotations of the test are withheld in the Shared Task of WASSA-2022.</p></div>
<div xmlns="http://www.tei-c.org/ns/1.0"><head n="5.1">Experimental setup</head><p>We employ ReLU activation for the dense layers in Figure <ref type="figure" target="#fig_3">2a</ref> and Figure <ref type="figure" target="#fig_3">2b</ref>. The output layers in Figure <ref type="figure" target="#fig_3">2a</ref> and Figure <ref type="figure" target="#fig_3">2b</ref> use sigmoid and softmax activations respectively. The grid search approach is used to set the loss weights in Figure <ref type="figure" target="#fig_3">2b</ref> as well as the units in the shared and dense layers in both figures. While we use 128 units in both the shared layers, we use 16 and 64 units in the task-specific dense layers for Figure <ref type="figure" target="#fig_3">2a</ref> and Figure <ref type="figure" target="#fig_3">2b</ref> respectively. We obtained the best results on the development set with the following hyperparameters: (A). loss weights in Figure <ref type="figure" target="#fig_3">2b</ref>  and learning rate = 2e-5; (D). epochs as 15 and 100 for Figure <ref type="figure" target="#fig_3">2a</ref> and Figure <ref type="figure" target="#fig_3">2b</ref> respectively. We use categorical cross-entropy and mean squared error loss functions for the track 1 and track 2 systems, respectively. We use Adam optimizer (Kingma and Ba, 2015) to train the above systems. A dropout <ref type="bibr" target="#b19">(Srivastava et al., 2014)</ref> of 20% is employed after the dense layers to avoid overfitting.</p></div>
<div xmlns="http://www.tei-c.org/ns/1.0"><head n="5.2">Results</head><p>We observe from Table <ref type="table">4</ref> and Table <ref type="table" target="#tab_3">5</ref> that the multitask (MT) systems outperform the single-task (ST) systems commendably. We show the performance of our systems on the development (D) and test sets (T) in Tables 4, 5 and 6. For Track 1, our developed MT system obtained an average Pearson score (APS) of 0.483 on the test set. The task-wise results are shown in Table <ref type="table">4</ref>. For the emotion classification task (track 2), our developed MT system obtained a macro-F1 score of 0.524. The transfer learning strategy proved beneficial as it helped us attain a gain of 7.4% F1-score on the development set. We empirically observed that learning the correlated tasks of empathy and distress helped elevate individual tasks' performances. Also, when the model is made aware of the empathy and distress information from the textual input in the form of essays, the performance of the emotion categorization job improves. We observe unexpected low scores on the test set compared to the development set for tracks 2, 3 and 4. We intuitively assume that the instances in the test set are drawn from a different distribution than the train or development sets.</p><p>We want to investigate more on this observation in future work. We experimented with deep learning methods such as BERT and recurrent neural networks using the essays as input but observed extremely low scores for tracks 3 and 4. However, when demographic factors associated with an essay's author are considered features, better scores are obtained for the same. Furthermore, we observed that the age feature alone provides best results for conscientiousness and agreeableness, whereas gender feature for of perspective taking and empathic concern, indicating a significant link between them. The overall low scores for all four tracks are primarily due to the small size of the released training data. Additionally, for the emotion task, the available dataset suffers from severe data imbalance problems over the different emotion classes leading to biasedness in predictions towards the over-represented classes.</p></div>
<div xmlns="http://www.tei-c.org/ns/1.0"><head n="6">Conclusion</head><p>This paper presents our approaches to address the various tasks introduced in the WASSA 2022 shared task for empathy detection, emotion classification, and personality detection. To exploit the commonality among correlated tasks such as empathy and distress and emotion with empathy and distress, we developed multi-task systems built on pre-trained BERT models for -(A) empathy and distress detection tasks; (B). emotion classification (primary task) and empathy and distress classification (auxiliary tasks). We also presented SVM algorithms trained on various demographic features to predict personality traits and interpersonal reactivity index scores. We empirically observed how jointly learning correlated tasks such as empathy and distress, emotion with empathy and distress, helps to improve overall system performance. Our developed systems achieved average Pearson scores of 0.483, 0.05, and 0.08 for Track 1, 3 and 4, respectively, and a macro F1 score of 0.524 for Track 2 on the test set. We ranked 8 th , 11 th , 2 nd and 2 nd for the tracks 1, 2, 3 and 4 respectively.</p><p>We want to improve our multi-tasking-based systems in the future by adding lexicon features from available lexical resources alongside textual input for the EMP and EMO tasks. We also want to develop an effective technique for combining contextual information from an author's essays with demographic data to predict PER and IRI scores.</p></div><figure xmlns="http://www.tei-c.org/ns/1.0" xml:id="fig_0"><head>Figure 1 :</head><label>1</label><figDesc>Figure 1: Data distribution over emotion classes.</figDesc><graphic coords="2,70.86,337.50,221.11,114.16" type="bitmap" /></figure>
<figure xmlns="http://www.tei-c.org/ns/1.0" xml:id="fig_1"><head></head><label></label><figDesc>a few of datapoints from the released dataset's training set. Each data instance in the train/development set consists of the following information -the essay, a binary label and a continuous score for each of the concepts of empathy and distress, an emotion class and various other demographic features 1 , personality (PER) features 2 and Interpersonal Reactivity Index (IRI) features 3 . The empathy, distress and the five PER features scores are in the range (1, 7). The four IRI features scores are in the range (1, 5). Ekman's<ref type="bibr" target="#b6">(Ekman, 1992)</ref> basic emotions plus a neutral class is considered for the annotations in the emotion 1 Gender (Gen), Education (Edu), Race (Rac), Age, Income (Inc)2 conscientiousness (c), openness (o), extraversion (e), agreeableness (a), stability (s)3 perspective_taking (pt), personal_distress (pd), fantasy (f ), empathic_concern (ec) classification task. The data distribution over the various emotion classes are shown in Figure1.</figDesc></figure>
<figure xmlns="http://www.tei-c.org/ns/1.0" xml:id="fig_2"><head></head><label></label><figDesc>(a) Empathy prediction system. (b) Emotion classification system.</figDesc></figure>
<figure xmlns="http://www.tei-c.org/ns/1.0" xml:id="fig_3"><head>Figure 2 :</head><label>2</label><figDesc>Figure 2: Multi-task architectures for the primary tasks of Empathy-Distress prediction and Emotion classification.</figDesc><graphic coords="3,118.23,76.85,127.51,109.01" type="bitmap" /></figure>
<figure xmlns="http://www.tei-c.org/ns/1.0" xml:id="fig_4"><head></head><label></label><figDesc>as 0.3 for the empathy and distress detection tasks and 1 for the emotion classification task; (B). sequence length of 120 and 200 in Figure2aand Figure2brespectively; (C). batch size = 16 (for maximum utilization of the GPU)</figDesc></figure>
<figure xmlns="http://www.tei-c.org/ns/1.0" type="table" xml:id="tab_0"><head>Table 1 :</head><label>1</label><figDesc>addressed Sample instances from the WASSA 2022 training set.</figDesc><table><row><cell>Essay This person's actions were way over the top! While I may not necessarily like that Trump is in office but I still didn't get my way doesn't mean that I would act like this! This person took away from others and should be punished for what they did. so i just read this article, a very interesting one. you all need to read it to understand what it is really about. there is a way the author puts things in a very simple way for everyone to understand. i would encourage you Age: 23 Demographic Empathy Factors Gen: 2 Edu: 6 bin: 0 Rac: 1 score: 3.5 Age: 23 Inc: 22000 Gen: 2 Edu: 6 bin: 1 Rac: 1 score: 4.333 score: 1 Distress bin: 0 score: 1.375 anger Emotion Pers. Scores index IRI Pers. c: 2.5 pt: 4.571 o: 5 pd: 2.857 e: 3.5 f: 1.857 a: 6 ec: 3.429 s: 6.5 c: 2.5 pt: 3 bin: 0 o: 3.5 pd: 3 joy e: 5 f: 3.286 a: 5 ec: 2.857 all to find it and read it. it will be worth your time. Inc: 22000 s: 5.5</cell></row></table></figure>
<figure xmlns="http://www.tei-c.org/ns/1.0" type="table" xml:id="tab_1"><head>Table 2 :</head><label>2</label><figDesc>Data distribution over various splits.</figDesc><table><row><cell>Emotion Instances Anger 1206 Disgust 1096 Fear 1095 Joy 8079 Sadness 6261 Surprise 2187 Neutral 8638</cell></row></table></figure>
<figure xmlns="http://www.tei-c.org/ns/1.0" type="table" xml:id="tab_2"><head>Table 3 :</head><label>3</label><figDesc></figDesc><table /><note>Data distribution over emotion classes in the augmented dataset.</note></figure>
<figure xmlns="http://www.tei-c.org/ns/1.0" type="table" xml:id="tab_3"><head>Table 5 :</head><label>5</label><figDesc>Track 2 results.</figDesc><table><row><cell>Model Pearson Empathy Pearson Distress ST D 0.39 0.41 MT D 0.465 0.467 MT T 0.479 0.488</cell></row><row><cell>Table 4: Track 1 results. ST: single-task; MT: multi-task; D: development set; T: test set</cell></row><row><cell>Model F1 (%) Accuracy (%) ST D 49.26 59.25 MT D 59.82 66.67 MT T 52.4 58.5</cell></row></table></figure>
<figure xmlns="http://www.tei-c.org/ns/1.0" type="table" xml:id="tab_4"><head>Table 6 :</head><label>6</label><figDesc>Track 3 and 4 results.</figDesc><table><row><cell cols="3">Track APS D APS T</cell></row><row><cell>PER</cell><cell>0.253</cell><cell>0.05</cell></row><row><cell>IRI</cell><cell>0.281</cell><cell>0.08</cell></row></table></figure>
			<note xmlns="http://www.tei-c.org/ns/1.0" place="foot" n="4" xml:id="foot_0">https://data.world/crowdflower/ sentiment-analysis-in-text</note>
			<note xmlns="http://www.tei-c.org/ns/1.0" place="foot" n="5" xml:id="foot_1">imported from the Tensorflow Hub (https://www. tensorflow.org/hub) library</note>
		</body>
		<back>
			<div type="references">

				<listBibl>

<biblStruct xml:id="b0">
	<analytic>
		<title level="a" type="main">Emonet: Fine-grained emotion detection with gated recurrent neural networks</title>
		<author>
			<persName><forename type="first">Muhammad</forename><surname>Abdul</surname></persName>
		</author>
		<author>
			<persName><forename type="first">-Mageed</forename></persName>
		</author>
		<author>
			<persName><forename type="first">Lyle</forename><surname>Ungar</surname></persName>
		</author>
	</analytic>
	<monogr>
		<title level="m">Proceedings of the 55th annual meeting of the association for computational linguistics</title>
				<meeting>the 55th annual meeting of the association for computational linguistics</meeting>
		<imprint>
			<date type="published" when="2017">2017</date>
			<biblScope unit="volume">1</biblScope>
			<biblScope unit="page" from="718" to="728" />
		</imprint>
	</monogr>
	<note type="raw_reference">Muhammad Abdul-Mageed and Lyle Ungar. 2017. Emonet: Fine-grained emotion detection with gated recurrent neural networks. In Proceedings of the 55th annual meeting of the association for computational linguistics (volume 1: Long papers), pages 718-728.</note>
</biblStruct>

<biblStruct xml:id="b1">
	<analytic>
		<title level="a" type="main">Recognizing emotions from texts using a bert-based approach</title>
		<author>
			<persName><forename type="first">Francisca</forename><surname>Acheampong</surname></persName>
		</author>
		<author>
			<persName><forename type="first">Nunoo-Mensah</forename><surname>Adoma</surname></persName>
		</author>
		<author>
			<persName><forename type="first">Wenyu</forename><surname>Henry</surname></persName>
		</author>
		<author>
			<persName><forename type="first">Niyongabo</forename><surname>Chen</surname></persName>
		</author>
		<author>
			<persName><forename type="first">Andre</forename><surname>Rubungo</surname></persName>
		</author>
	</analytic>
	<monogr>
		<title level="m">2020 17th International Computer Conference on Wavelet Active Media Technology and Information Processing (ICCWAMTIP)</title>
				<imprint>
			<publisher>IEEE</publisher>
			<date type="published" when="2020">2020</date>
			<biblScope unit="page" from="62" to="66" />
		</imprint>
	</monogr>
	<note type="raw_reference">Acheampong Francisca Adoma, Nunoo-Mensah Henry, Wenyu Chen, and Niyongabo Rubungo Andre. 2020. Recognizing emotions from texts using a bert-based approach. In 2020 17th International Computer Con- ference on Wavelet Active Media Technology and Information Processing (ICCWAMTIP), pages 62-66. IEEE.</note>
</biblStruct>

<biblStruct xml:id="b2">
	<analytic>
		<title level="a" type="main">Persona traits identification based on myers-briggs type indicator(mbti) -A text classification approach</title>
		<author>
			<persName><forename type="first">Srilakshmi</forename><surname>Bharadwaj</surname></persName>
		</author>
		<author>
			<persName><forename type="first">Srinidhi</forename><surname>Sridhar</surname></persName>
		</author>
		<author>
			<persName><forename type="first">Rahul</forename><surname>Choudhary</surname></persName>
		</author>
		<author>
			<persName><forename type="first">Ramamoorthy</forename><surname>Srinath</surname></persName>
		</author>
		<idno type="DOI">10.1109/ICACCI.2018.8554828</idno>
	</analytic>
	<monogr>
		<title level="m">2018 International Conference on Advances in Computing, Communications and Informatics</title>
				<meeting><address><addrLine>Bangalore, India</addrLine></address></meeting>
		<imprint>
			<publisher>IEEE</publisher>
			<date type="published" when="2018-09-19">2018. September 19-22. 2018</date>
			<biblScope unit="volume">2018</biblScope>
			<biblScope unit="page" from="1076" to="1082" />
		</imprint>
	</monogr>
	<note type="raw_reference">Srilakshmi Bharadwaj, Srinidhi Sridhar, Rahul Choud- hary, and Ramamoorthy Srinath. 2018. Persona traits identification based on myers-briggs type indi- cator(mbti) -A text classification approach. In 2018 International Conference on Advances in Comput- ing, Communications and Informatics, ICACCI 2018, Bangalore, India, September 19-22, 2018, pages 1076-1082. IEEE.</note>
</biblStruct>

<biblStruct xml:id="b3">
	<analytic>
		<title level="a" type="main">Modeling empathy and distress in reaction to news stories</title>
		<author>
			<persName><forename type="first">Sven</forename><surname>Buechel</surname></persName>
		</author>
		<author>
			<persName><forename type="first">Anneke</forename><surname>Buffone</surname></persName>
		</author>
		<author>
			<persName><forename type="first">Barry</forename><surname>Slaff</surname></persName>
		</author>
		<author>
			<persName><forename type="first">Lyle</forename><surname>Ungar</surname></persName>
		</author>
		<author>
			<persName><forename type="first">João</forename><surname>Sedoc</surname></persName>
		</author>
	</analytic>
	<monogr>
		<title level="m">Proceedings of the 2018 Conference on Empirical Methods in Natural Language Processing</title>
				<meeting>the 2018 Conference on Empirical Methods in Natural Language Processing</meeting>
		<imprint>
			<date type="published" when="2018">2018a</date>
			<biblScope unit="page" from="4758" to="4765" />
		</imprint>
	</monogr>
	<note type="raw_reference">Sven Buechel, Anneke Buffone, Barry Slaff, Lyle Un- gar, and João Sedoc. 2018a. Modeling empathy and distress in reaction to news stories. In Proceedings of the 2018 Conference on Empirical Methods in Natural Language Processing, pages 4758-4765.</note>
</biblStruct>

<biblStruct xml:id="b4">
	<analytic>
		<title level="a" type="main">Modeling empathy and distress in reaction to news stories</title>
		<author>
			<persName><forename type="first">Sven</forename><surname>Buechel</surname></persName>
		</author>
		<author>
			<persName><forename type="first">Anneke</forename><surname>Buffone</surname></persName>
		</author>
		<author>
			<persName><forename type="first">Barry</forename><surname>Slaff</surname></persName>
		</author>
		<author>
			<persName><forename type="first">Lyle</forename><forename type="middle">H</forename><surname>Ungar</surname></persName>
		</author>
		<author>
			<persName><forename type="first">João</forename><surname>Sedoc</surname></persName>
		</author>
	</analytic>
	<monogr>
		<title level="m">Proceedings of the 2018 Conference on Empirical Methods in Natural Language Processing</title>
				<meeting>the 2018 Conference on Empirical Methods in Natural Language Processing<address><addrLine>Brussels, Belgium</addrLine></address></meeting>
		<imprint>
			<publisher>Association for Computational Linguistics</publisher>
			<date type="published" when="2018-10-31">2018b. October 31 -November 4, 2018</date>
			<biblScope unit="page" from="4758" to="4765" />
		</imprint>
	</monogr>
	<note type="raw_reference">Sven Buechel, Anneke Buffone, Barry Slaff, Lyle H. Ungar, and João Sedoc. 2018b. Modeling empathy and distress in reaction to news stories. In Proceed- ings of the 2018 Conference on Empirical Methods in Natural Language Processing, Brussels, Belgium, October 31 -November 4, 2018, pages 4758-4765. Association for Computational Linguistics.</note>
</biblStruct>

<biblStruct xml:id="b5">
	<analytic>
		<title level="a" type="main">BERT: pre-training of deep bidirectional transformers for language understanding</title>
		<author>
			<persName><forename type="first">Jacob</forename><surname>Devlin</surname></persName>
		</author>
		<author>
			<persName><forename type="first">Ming-Wei</forename><surname>Chang</surname></persName>
		</author>
		<author>
			<persName><forename type="first">Kenton</forename><surname>Lee</surname></persName>
		</author>
		<author>
			<persName><forename type="first">Kristina</forename><surname>Toutanova</surname></persName>
		</author>
		<idno type="DOI">10.18653/v1/n19-1423</idno>
	</analytic>
	<monogr>
		<title level="m">Proceedings of the 2019 Conference of the North American Chapter of the Association for Computational Linguistics: Human Language Technologies, NAACL-HLT 2019</title>
		<title level="s">Long and Short Papers</title>
		<meeting>the 2019 Conference of the North American Chapter of the Association for Computational Linguistics: Human Language Technologies, NAACL-HLT 2019<address><addrLine>Minneapolis, MN, USA</addrLine></address></meeting>
		<imprint>
			<publisher>Association for Computational Linguistics</publisher>
			<date type="published" when="2019-06-02">2019. June 2-7, 2019</date>
			<biblScope unit="volume">1</biblScope>
			<biblScope unit="page" from="4171" to="4186" />
		</imprint>
	</monogr>
	<note type="raw_reference">Jacob Devlin, Ming-Wei Chang, Kenton Lee, and Kristina Toutanova. 2019. BERT: pre-training of deep bidirectional transformers for language under- standing. In Proceedings of the 2019 Conference of the North American Chapter of the Association for Computational Linguistics: Human Language Tech- nologies, NAACL-HLT 2019, Minneapolis, MN, USA, June 2-7, 2019, Volume 1 (Long and Short Papers), pages 4171-4186. Association for Computational Linguistics.</note>
</biblStruct>

<biblStruct xml:id="b6">
	<analytic>
		<title level="a" type="main">An argument for basic emotions</title>
		<author>
			<persName><forename type="first">Paul</forename><surname>Ekman</surname></persName>
		</author>
	</analytic>
	<monogr>
		<title level="j">Cognition &amp; emotion</title>
		<imprint>
			<biblScope unit="volume">6</biblScope>
			<biblScope unit="issue">3-4</biblScope>
			<biblScope unit="page" from="169" to="200" />
			<date type="published" when="1992">1992</date>
		</imprint>
	</monogr>
	<note type="raw_reference">Paul Ekman. 1992. An argument for basic emotions. Cognition &amp; emotion, 6(3-4):169-200.</note>
</biblStruct>

<biblStruct xml:id="b7">
	<analytic>
		<title level="a" type="main">Predicting therapist empathy in motivational interviews using language features inspired by psycholinguistic norms</title>
		<author>
			<persName><forename type="first">James</forename><surname>Gibson</surname></persName>
		</author>
		<author>
			<persName><forename type="first">Nikolaos</forename><surname>Malandrakis</surname></persName>
		</author>
		<author>
			<persName><forename type="first">Francisco</forename><surname>Romero</surname></persName>
		</author>
		<author>
			<persName><forename type="first">David</forename><forename type="middle">C</forename><surname>Atkins</surname></persName>
		</author>
		<author>
			<persName><surname>Shrikanth S Narayanan</surname></persName>
		</author>
	</analytic>
	<monogr>
		<title level="m">Sixteenth annual conference of the international speech communication association</title>
				<imprint>
			<date type="published" when="2015">2015</date>
		</imprint>
	</monogr>
	<note type="raw_reference">James Gibson, Nikolaos Malandrakis, Francisco Romero, David C Atkins, and Shrikanth S Narayanan. 2015. Predicting therapist empathy in motivational interviews using language features inspired by psy- cholinguistic norms. In Sixteenth annual conference of the international speech communication associa- tion.</note>
</biblStruct>

<biblStruct xml:id="b8">
	<analytic>
		<title level="a" type="main">Empathbert: A bert-based framework for demographic-aware empathy prediction</title>
		<author>
			<persName><forename type="first">Bhanu</forename><surname>Prakash</surname></persName>
		</author>
		<author>
			<persName><forename type="first">Reddy</forename><surname>Guda</surname></persName>
		</author>
		<author>
			<persName><forename type="first">Aparna</forename><surname>Garimella</surname></persName>
		</author>
		<author>
			<persName><forename type="first">Niyati</forename><surname>Chhaya</surname></persName>
		</author>
		<idno type="DOI">10.18653/v1/2021.eacl-main.268</idno>
	</analytic>
	<monogr>
		<title level="m">Proceedings of the 16th Conference of the European Chapter of the Association for Computational Linguistics: Main Volume, EACL 2021</title>
				<meeting>the 16th Conference of the European Chapter of the Association for Computational Linguistics: Main Volume, EACL 2021<address><addrLine>Online</addrLine></address></meeting>
		<imprint>
			<publisher>Association for Computational Linguistics</publisher>
			<date type="published" when="2021-04-19">2021. April 19 -23, 2021</date>
			<biblScope unit="page" from="3072" to="3079" />
		</imprint>
	</monogr>
	<note type="raw_reference">Bhanu Prakash Reddy Guda, Aparna Garimella, and Niyati Chhaya. 2021. Empathbert: A bert-based framework for demographic-aware empathy predic- tion. In Proceedings of the 16th Conference of the European Chapter of the Association for Computa- tional Linguistics: Main Volume, EACL 2021, Online, April 19 -23, 2021, pages 3072-3079. Association for Computational Linguistics.</note>
</biblStruct>

<biblStruct xml:id="b9">
	<analytic>
		<title level="a" type="main">Suicidal ideation detection: A review of machine learning methods and applications</title>
		<author>
			<persName><forename type="first">Shaoxiong</forename><surname>Ji</surname></persName>
		</author>
		<author>
			<persName><forename type="first">Shirui</forename><surname>Pan</surname></persName>
		</author>
		<author>
			<persName><forename type="first">Xue</forename><surname>Li</surname></persName>
		</author>
		<author>
			<persName><forename type="first">Erik</forename><surname>Cambria</surname></persName>
		</author>
		<author>
			<persName><forename type="first">Guodong</forename><surname>Long</surname></persName>
		</author>
		<author>
			<persName><forename type="first">Zi</forename><surname>Huang</surname></persName>
		</author>
		<idno type="DOI">10.1109/TCSS.2020.3021467</idno>
	</analytic>
	<monogr>
		<title level="j">IEEE Trans. Comput. Soc. Syst</title>
		<imprint>
			<biblScope unit="volume">8</biblScope>
			<biblScope unit="issue">1</biblScope>
			<biblScope unit="page" from="214" to="226" />
			<date type="published" when="2021">2021</date>
		</imprint>
	</monogr>
	<note type="raw_reference">Shaoxiong Ji, Shirui Pan, Xue Li, Erik Cambria, Guodong Long, and Zi Huang. 2021. Suicidal ideation detection: A review of machine learning methods and applications. IEEE Trans. Comput. Soc. Syst., 8(1):214-226.</note>
</biblStruct>

<biblStruct xml:id="b10">
	<analytic>
		<title level="a" type="main">Identifying empathetic messages in online health communities</title>
		<author>
			<persName><forename type="first">Hamed</forename><surname>Khanpour</surname></persName>
		</author>
		<author>
			<persName><forename type="first">Cornelia</forename><surname>Caragea</surname></persName>
		</author>
		<author>
			<persName><forename type="first">Prakhar</forename><surname>Biyani</surname></persName>
		</author>
	</analytic>
	<monogr>
		<title level="m">Proceedings of the Eighth International Joint Conference on Natural Language Processing</title>
				<meeting>the Eighth International Joint Conference on Natural Language Processing</meeting>
		<imprint>
			<date type="published" when="2017">2017</date>
			<biblScope unit="volume">2</biblScope>
			<biblScope unit="page" from="246" to="251" />
		</imprint>
	</monogr>
	<note>Short Papers)</note>
	<note type="raw_reference">Hamed Khanpour, Cornelia Caragea, and Prakhar Biyani. 2017. Identifying empathetic messages in online health communities. In Proceedings of the Eighth International Joint Conference on Natural Language Processing (Volume 2: Short Papers), pages 246-251.</note>
</biblStruct>

<biblStruct xml:id="b11">
	<analytic>
		<title level="a" type="main">Adam: A method for stochastic optimization</title>
		<author>
			<persName><forename type="first">P</forename><surname>Diederik</surname></persName>
		</author>
		<author>
			<persName><forename type="first">Jimmy</forename><surname>Kingma</surname></persName>
		</author>
		<author>
			<persName><surname>Ba</surname></persName>
		</author>
	</analytic>
	<monogr>
		<title level="m">3rd International Conference on Learning Representations, ICLR 2015</title>
				<meeting><address><addrLine>San Diego, CA, USA</addrLine></address></meeting>
		<imprint>
			<date type="published" when="2015-05-07">2015. May 7-9, 2015</date>
		</imprint>
	</monogr>
	<note>Conference Track Proceedings</note>
	<note type="raw_reference">Diederik P. Kingma and Jimmy Ba. 2015. Adam: A method for stochastic optimization. In 3rd Inter- national Conference on Learning Representations, ICLR 2015, San Diego, CA, USA, May 7-9, 2015, Conference Track Proceedings.</note>
</biblStruct>

<biblStruct xml:id="b12">
	<analytic>
		<title level="a" type="main">Mining cross-cultural differences and similarities in social media</title>
		<author>
			<persName><forename type="first">Bill</forename><forename type="middle">Y</forename><surname>Lin</surname></persName>
		</author>
		<author>
			<persName><forename type="first">Frank</forename><forename type="middle">F</forename><surname>Xu</surname></persName>
		</author>
		<author>
			<persName><forename type="first">Kenny</forename><forename type="middle">Q</forename><surname>Zhu</surname></persName>
		</author>
		<author>
			<persName><forename type="first">Seung-Won</forename><surname>Hwang</surname></persName>
		</author>
		<idno type="DOI">10.18653/v1/P18-1066</idno>
	</analytic>
	<monogr>
		<title level="m">Proceedings of the 56th Annual Meeting of the Association for Computational Linguistics, ACL 2018</title>
		<title level="s">Long Papers</title>
		<meeting>the 56th Annual Meeting of the Association for Computational Linguistics, ACL 2018<address><addrLine>Melbourne, Australia</addrLine></address></meeting>
		<imprint>
			<publisher>Association for Computational Linguistics</publisher>
			<date type="published" when="2018-07-15">2018. July 15-20. 2018</date>
			<biblScope unit="volume">1</biblScope>
			<biblScope unit="page" from="709" to="719" />
		</imprint>
	</monogr>
	<note type="raw_reference">Bill Y. Lin, Frank F. Xu, Kenny Q. Zhu, and Seung-won Hwang. 2018. Mining cross-cultural differences and similarities in social media. In Proceedings of the 56th Annual Meeting of the Association for Computa- tional Linguistics, ACL 2018, Melbourne, Australia, July 15-20, 2018, Volume 1: Long Papers, pages 709-719. Association for Computational Linguistics.</note>
</biblStruct>

<biblStruct xml:id="b13">
	<analytic>
		<title level="a" type="main">Cross-cultural differences in language markers of depression online</title>
		<author>
			<persName><forename type="first">Kate</forename><surname>Loveys</surname></persName>
		</author>
		<author>
			<persName><forename type="first">Jonathan</forename><surname>Torrez</surname></persName>
		</author>
		<author>
			<persName><forename type="first">Alex</forename><surname>Fine</surname></persName>
		</author>
		<author>
			<persName><forename type="first">Glen</forename><surname>Moriarty</surname></persName>
		</author>
		<author>
			<persName><forename type="first">Glen</forename><surname>Coppersmith</surname></persName>
		</author>
		<idno type="DOI">10.18653/v1/w18-0608</idno>
	</analytic>
	<monogr>
		<title level="m">Proceedings of the Fifth Workshop on Computational Linguistics and Clinical Psychology: From Keyboard to Clinic, CLPsych@NAACL-HTL</title>
				<meeting>the Fifth Workshop on Computational Linguistics and Clinical Psychology: From Keyboard to Clinic, CLPsych@NAACL-HTL<address><addrLine>New Orleans, LA, USA</addrLine></address></meeting>
		<imprint>
			<publisher>Association for Computational Linguistics</publisher>
			<date type="published" when="2018-06">2018. June 2018</date>
			<biblScope unit="page" from="78" to="87" />
		</imprint>
	</monogr>
	<note type="raw_reference">Kate Loveys, Jonathan Torrez, Alex Fine, Glen Mori- arty, and Glen Coppersmith. 2018. Cross-cultural differences in language markers of depression online. In Proceedings of the Fifth Workshop on Computa- tional Linguistics and Clinical Psychology: From Keyboard to Clinic, CLPsych@NAACL-HTL, New Orleans, LA, USA, June 2018, pages 78-87. Associa- tion for Computational Linguistics.</note>
</biblStruct>

<biblStruct xml:id="b14">
	<analytic>
		<title level="a" type="main">Semeval-2018 task 1: Affect in tweets</title>
		<author>
			<persName><forename type="first">Saif</forename><surname>Mohammad</surname></persName>
		</author>
		<author>
			<persName><forename type="first">Felipe</forename><surname>Bravo-Marquez</surname></persName>
		</author>
		<author>
			<persName><forename type="first">Mohammad</forename><surname>Salameh</surname></persName>
		</author>
		<author>
			<persName><forename type="first">Svetlana</forename><surname>Kiritchenko</surname></persName>
		</author>
	</analytic>
	<monogr>
		<title level="m">Proceedings of the 12th international workshop on semantic evaluation</title>
				<meeting>the 12th international workshop on semantic evaluation</meeting>
		<imprint>
			<date type="published" when="2018">2018</date>
			<biblScope unit="page" from="1" to="17" />
		</imprint>
	</monogr>
	<note type="raw_reference">Saif Mohammad, Felipe Bravo-Marquez, Mohammad Salameh, and Svetlana Kiritchenko. 2018. Semeval- 2018 task 1: Affect in tweets. In Proceedings of the 12th international workshop on semantic evaluation, pages 1-17.</note>
</biblStruct>

<biblStruct xml:id="b15">
	<analytic>
		<title level="a" type="main">A multi-view sentiment corpus</title>
		<author>
			<persName><forename type="first">Debora</forename><surname>Nozza</surname></persName>
		</author>
		<author>
			<persName><forename type="first">Elisabetta</forename><surname>Fersini</surname></persName>
		</author>
		<author>
			<persName><forename type="first">Enza</forename><surname>Messina</surname></persName>
		</author>
	</analytic>
	<monogr>
		<title level="m">Proceedings of the 15th Conference of the European Chapter of the Association for Computational Linguistics</title>
		<title level="s">Long Papers</title>
		<meeting>the 15th Conference of the European Chapter of the Association for Computational Linguistics</meeting>
		<imprint>
			<date type="published" when="2017">2017</date>
			<biblScope unit="volume">1</biblScope>
			<biblScope unit="page" from="273" to="280" />
		</imprint>
	</monogr>
	<note type="raw_reference">Debora Nozza, Elisabetta Fersini, and Enza Messina. 2017. A multi-view sentiment corpus. In Proceed- ings of the 15th Conference of the European Chap- ter of the Association for Computational Linguistics: Volume 1, Long Papers, pages 273-280.</note>
</biblStruct>

<biblStruct xml:id="b16">
	<monogr>
		<title level="m" type="main">A sentiment-aware deep learning approach for personality detection from text. Information Processing &amp; Management</title>
		<author>
			<persName><forename type="first">Zhancheng</forename><surname>Ren</surname></persName>
		</author>
		<author>
			<persName><forename type="first">Qiang</forename><surname>Shen</surname></persName>
		</author>
		<author>
			<persName><forename type="first">Xiaolei</forename><surname>Diao</surname></persName>
		</author>
		<author>
			<persName><forename type="first">Hao</forename><surname>Xu</surname></persName>
		</author>
		<imprint>
			<date type="published" when="2021">2021</date>
			<biblScope unit="volume">58</biblScope>
			<biblScope unit="page">102532</biblScope>
		</imprint>
	</monogr>
	<note type="raw_reference">Zhancheng Ren, Qiang Shen, Xiaolei Diao, and Hao Xu. 2021. A sentiment-aware deep learning approach for personality detection from text. Information Process- ing &amp; Management, 58(3):102532.</note>
</biblStruct>

<biblStruct xml:id="b17">
	<analytic>
		<title level="a" type="main">Evidence for universality and cultural variation of differential emotion response patterning</title>
		<author>
			<persName><forename type="first">R</forename><surname>Klaus</surname></persName>
		</author>
		<author>
			<persName><forename type="first">Harald</forename><forename type="middle">G</forename><surname>Scherer</surname></persName>
		</author>
		<author>
			<persName><surname>Wallbott</surname></persName>
		</author>
	</analytic>
	<monogr>
		<title level="j">Journal of personality and social psychology</title>
		<imprint>
			<biblScope unit="volume">66</biblScope>
			<biblScope unit="issue">2</biblScope>
			<biblScope unit="page">310</biblScope>
			<date type="published" when="1994">1994</date>
		</imprint>
	</monogr>
	<note type="raw_reference">Klaus R Scherer and Harald G Wallbott. 1994. Evidence for universality and cultural variation of differential emotion response patterning. Journal of personality and social psychology, 66(2):310.</note>
</biblStruct>

<biblStruct xml:id="b18">
	<analytic>
		<title level="a" type="main">A computational approach to understanding empathy expressed in text-based mental 259 health support</title>
		<author>
			<persName><forename type="first">Ashish</forename><surname>Sharma</surname></persName>
		</author>
		<author>
			<persName><forename type="first">Adam</forename><forename type="middle">S</forename><surname>Miner</surname></persName>
		</author>
		<author>
			<persName><forename type="first">David</forename><forename type="middle">C</forename><surname>Atkins</surname></persName>
		</author>
		<author>
			<persName><forename type="first">Tim</forename><surname>Althoff</surname></persName>
		</author>
		<idno type="DOI">10.18653/v1/2020.emnlp-main.425</idno>
	</analytic>
	<monogr>
		<title level="m">Proceedings of the 2020 Conference on Empirical Methods in Natural Language Processing</title>
				<meeting>the 2020 Conference on Empirical Methods in Natural Language Processing<address><addrLine>Online</addrLine></address></meeting>
		<imprint>
			<publisher>Association for Computational Linguistics</publisher>
			<date type="published" when="2020-11-16">2020. 2020. November 16-20, 2020</date>
			<biblScope unit="page" from="5263" to="5276" />
		</imprint>
	</monogr>
	<note type="raw_reference">Ashish Sharma, Adam S. Miner, David C. Atkins, and Tim Althoff. 2020. A computational approach to un- derstanding empathy expressed in text-based mental 259 health support. In Proceedings of the 2020 Confer- ence on Empirical Methods in Natural Language Processing, EMNLP 2020, Online, November 16-20, 2020, pages 5263-5276. Association for Computa- tional Linguistics.</note>
</biblStruct>

<biblStruct xml:id="b19">
	<analytic>
		<title level="a" type="main">Dropout: a simple way to prevent neural networks from overfitting</title>
		<author>
			<persName><forename type="first">Nitish</forename><surname>Srivastava</surname></persName>
		</author>
		<author>
			<persName><forename type="first">Geoffrey</forename><forename type="middle">E</forename><surname>Hinton</surname></persName>
		</author>
		<author>
			<persName><forename type="first">Alex</forename><surname>Krizhevsky</surname></persName>
		</author>
		<author>
			<persName><forename type="first">Ilya</forename><surname>Sutskever</surname></persName>
		</author>
		<author>
			<persName><forename type="first">Ruslan</forename><surname>Salakhutdinov</surname></persName>
		</author>
	</analytic>
	<monogr>
		<title level="j">J. Mach. Learn. Res</title>
		<imprint>
			<biblScope unit="volume">15</biblScope>
			<biblScope unit="issue">1</biblScope>
			<biblScope unit="page" from="1929" to="1958" />
			<date type="published" when="2014">2014</date>
		</imprint>
	</monogr>
	<note type="raw_reference">Nitish Srivastava, Geoffrey E. Hinton, Alex Krizhevsky, Ilya Sutskever, and Ruslan Salakhutdinov. 2014. Dropout: a simple way to prevent neural networks from overfitting. J. Mach. Learn. Res., 15(1):1929- 1958.</note>
</biblStruct>

<biblStruct xml:id="b20">
	<analytic>
		<title level="a" type="main">Wassa 2021 shared task: Predicting empathy and emotion in reaction to news stories</title>
		<author>
			<persName><forename type="first">Shabnam</forename><surname>Tafreshi</surname></persName>
		</author>
		<author>
			<persName><forename type="first">Orphée</forename><surname>De Clercq</surname></persName>
		</author>
		<author>
			<persName><forename type="first">Valentin</forename><surname>Barriere</surname></persName>
		</author>
		<author>
			<persName><forename type="first">Sven</forename><surname>Buechel</surname></persName>
		</author>
		<author>
			<persName><forename type="first">João</forename><surname>Sedoc</surname></persName>
		</author>
		<author>
			<persName><forename type="first">Alexandra</forename><surname>Balahur</surname></persName>
		</author>
	</analytic>
	<monogr>
		<title level="m">Proceedings of the Eleventh Workshop on Computational Approaches to Subjectivity, Sentiment and Social Media Analysis</title>
				<meeting>the Eleventh Workshop on Computational Approaches to Subjectivity, Sentiment and Social Media Analysis</meeting>
		<imprint>
			<date type="published" when="2021">2021</date>
			<biblScope unit="page" from="92" to="104" />
		</imprint>
	</monogr>
	<note type="raw_reference">Shabnam Tafreshi, Orphée De Clercq, Valentin Barriere, Sven Buechel, João Sedoc, and Alexandra Balahur. 2021. Wassa 2021 shared task: Predicting empathy and emotion in reaction to news stories. In Proceed- ings of the Eleventh Workshop on Computational Ap- proaches to Subjectivity, Sentiment and Social Media Analysis, pages 92-104.</note>
</biblStruct>

<biblStruct xml:id="b21">
	<analytic>
		<title level="a" type="main">Multi-document transformer for personality detection</title>
		<author>
			<persName><forename type="first">Feifan</forename><surname>Yang</surname></persName>
		</author>
		<author>
			<persName><forename type="first">Xiaojun</forename><surname>Quan</surname></persName>
		</author>
		<author>
			<persName><forename type="first">Yunyi</forename><surname>Yang</surname></persName>
		</author>
		<author>
			<persName><forename type="first">Jianxing</forename><surname>Yu</surname></persName>
		</author>
	</analytic>
	<monogr>
		<title level="m">Thirty-Fifth AAAI Conference on Artificial Intelligence, AAAI 2021, Thirty-Third Conference on Innovative Applications of Artificial Intelligence, IAAI 2021, The Eleventh Symposium on Educational Advances in Artificial Intelligence</title>
				<imprint>
			<publisher>AAAI Press</publisher>
			<date type="published" when="2021-02-02">2021. February 2-9, 2021</date>
			<biblScope unit="volume">2021</biblScope>
			<biblScope unit="page" from="14221" to="14229" />
		</imprint>
	</monogr>
	<note type="raw_reference">Feifan Yang, Xiaojun Quan, Yunyi Yang, and Jianx- ing Yu. 2021. Multi-document transformer for per- sonality detection. In Thirty-Fifth AAAI Conference on Artificial Intelligence, AAAI 2021, Thirty-Third Conference on Innovative Applications of Artificial Intelligence, IAAI 2021, The Eleventh Symposium on Educational Advances in Artificial Intelligence, EAAI 2021, Virtual Event, February 2-9, 2021, pages 14221-14229. AAAI Press.</note>
</biblStruct>

<biblStruct xml:id="b22">
	<analytic>
		<title level="a" type="main">Condolence and empathy in online communities</title>
		<author>
			<persName><forename type="first">Naitian</forename><surname>Zhou</surname></persName>
		</author>
		<author>
			<persName><forename type="first">David</forename><surname>Jurgens</surname></persName>
		</author>
		<idno type="DOI">10.18653/v1/2020.emnlp-main.45</idno>
	</analytic>
	<monogr>
		<title level="m">Proceedings of the 2020 Conference on Empirical Methods in Natural Language Processing</title>
				<meeting>the 2020 Conference on Empirical Methods in Natural Language Processing<address><addrLine>Online</addrLine></address></meeting>
		<imprint>
			<publisher>Association for Computational Linguistics</publisher>
			<date type="published" when="2020-11-16">2020. November 16-20, 2020</date>
			<biblScope unit="volume">2020</biblScope>
			<biblScope unit="page" from="609" to="626" />
		</imprint>
	</monogr>
	<note type="raw_reference">Naitian Zhou and David Jurgens. 2020. Condolence and empathy in online communities. In Proceedings of the 2020 Conference on Empirical Methods in Natural Language Processing, EMNLP 2020, Online, November 16-20, 2020, pages 609-626. Association for Computational Linguistics.</note>
</biblStruct>

				</listBibl>
			</div>
		</back>
	</text>
</TEI>
