<?xml version="1.0" encoding="UTF-8"?>
<TEI xml:space="preserve" xmlns="http://www.tei-c.org/ns/1.0" 
xmlns:xsi="http://www.w3.org/2001/XMLSchema-instance" 
xsi:schemaLocation="http://www.tei-c.org/ns/1.0 https://raw.githubusercontent.com/kermitt2/grobid/master/grobid-home/schemas/xsd/Grobid.xsd"
 xmlns:xlink="http://www.w3.org/1999/xlink">
	<teiHeader xml:lang="en">
		<fileDesc>
			<titleStmt>
				<title level="a" type="main">Adapting Coreference Resolution Models through Active Learning</title>
			</titleStmt>
			<publicationStmt>
				<publisher/>
				<availability status="unknown"><licence/></availability>
			</publicationStmt>
			<sourceDesc>
				<biblStruct>
					<analytic>
						<author>
							<persName><forename type="first">Michelle</forename><surname>Yuan</surname></persName>
							<email>myuan@cs.umd.edu</email>
							<affiliation key="aff1">
								<orgName type="institution" key="instit1">University of Maryland</orgName>
								<orgName type="institution" key="instit2">Johns Hopkins University</orgName>
							</affiliation>
						</author>
						<author>
							<persName><forename type="first">Patrick</forename><surname>Xia</surname></persName>
							<email>paxia@cs.jhu.edu</email>
						</author>
						<author>
							<persName><forename type="first">Chandler</forename><surname>May</surname></persName>
						</author>
						<author>
							<persName><forename type="first">Benjamin</forename><surname>Van Durme</surname></persName>
						</author>
						<author>
							<persName><forename type="first">Jordan</forename><surname>Boyd-Graber</surname></persName>
							<affiliation key="aff1">
								<orgName type="institution" key="instit1">University of Maryland</orgName>
								<orgName type="institution" key="instit2">Johns Hopkins University</orgName>
							</affiliation>
						</author>
						<author>
							<affiliation key="aff0">
								<orgName type="department">Human Language Technology Center of Excellence</orgName>
							</affiliation>
						</author>
						<title level="a" type="main">Adapting Coreference Resolution Models through Active Learning</title>
					</analytic>
					<monogr>
						<imprint>
							<date/>
						</imprint>
					</monogr>
					<idno type="MD5">C89F729EAA597196A725D09C1BC5C237</idno>
				</biblStruct>
			</sourceDesc>
		</fileDesc>
		<encodingDesc>
			<appInfo>
				<application version="0.7.3-SNAPSHOT" ident="GROBID" when="2023-01-12T06:54+0000">
					<desc>GROBID - A machine learning software for extracting information from scholarly documents</desc>
					<ref target="https://github.com/kermitt2/grobid"/>
				</application>
			</appInfo>
		</encodingDesc>
		<profileDesc>
			<abstract>
<div xmlns="http://www.tei-c.org/ns/1.0"><p>Neural coreference resolution models trained on one dataset may not transfer to new, lowresource domains. Active learning mitigates this problem by sampling a small subset of data for annotators to label. While active learning is well-defined for classification tasks, its application to coreference resolution is neither well-defined nor fully understood. This paper explores how to actively label coreference, examining sources of model uncertainty and document reading costs. We compare uncertainty sampling strategies and their advantages through thorough error analysis. In both synthetic and human experiments, labeling spans within the same document is more effective than annotating spans across documents. The findings contribute to a more realistic development of coreference resolution models.</p></div>
			</abstract>
		</profileDesc>
	</teiHeader>
	<text xml:lang="en">
		<body>
<div xmlns="http://www.tei-c.org/ns/1.0"><head n="1">Introduction</head><p>Linguistic expressions are coreferent if they refer to the same entity. The computational task of discovering coreferent mentions is coreference resolution (CR). Neural models <ref type="bibr" target="#b14">(Lee et al., 2018;</ref><ref type="bibr" target="#b7">Joshi et al., 2020)</ref> are SOTA on ONTONOTES 5.0 <ref type="bibr" target="#b18">(Pradhan et al., 2013)</ref> but cannot immediately generalize to other datasets. Generalization is difficult because domains differ in content, writing style, and annotation guidelines. To overcome these challenges, models need copiously labeled, in-domain data <ref type="bibr" target="#b2">(Bamman et al., 2020)</ref>.</p><p>Despite expensive labeling costs, adapting CR is crucial for applications like uncovering information about proteins in biomedicine <ref type="bibr" target="#b9">(Kim et al., 2012)</ref> and distinguishing entities in legal documents <ref type="bibr" target="#b6">(Gupta et al., 2018)</ref>. Ideally, we would like to quickly and cheaply adapt the model without repeatedly relying on an excessive amount of annotations to retrain the model. To reduce labeling cost, we investigate active learning <ref type="bibr" target="#b21">(Settles, 2009)</ref> for CR. Active learning aims to reduce annotation costs by intelligently selecting examples to label. Prior approaches use active learning to improve the model within the same domain <ref type="bibr" target="#b4">(Gasperin, 2009;</ref><ref type="bibr" target="#b20">Sachan et al., 2015)</ref> without considering adapting to new data distributions. For domain adaptation in CR, <ref type="bibr" target="#b30">Zhao and Ng (2014)</ref> motivate the use of active learning to select out-of-distribution examples. A word like "the bonds" refers to municipal bonds in ONTONOTES but links to "chemical bonds" in another domain (Figure <ref type="figure">1</ref>). If users annotate the antecedents of "the bonds" and other ambiguous entity mentions, then these labels help adapt a model trained on ONTONOTES to new domains.</p><p>Active learning for CR adaptation is wellmotivated, but the implementation is neither straightforward nor well-studied. First, CR is a span detection and clustering task, so selecting which spans to label is more complicated than choosing independent examples for text classification. Second, CR labeling involves closely reading the documents. Labeling more spans within the same context is more efficient. However, labeling more spans across different documents increases data diversity and may improve model transfer. How should we balance these competing objectives?</p><p>Our paper extends prior work in active learning for CR to the problem of coreference model transfer <ref type="bibr" target="#b27">(Xia and Van Durme, 2021)</ref>:</p><p>1. We generalize the clustered entropy sampling strategy <ref type="bibr" target="#b16">(Li et al., 2020)</ref> to include uncertainty in mention detection. We analyze the effect of each strategy on coreference model transfer. 2. We investigate the trade-off between labeling and reading through simulations and a realtime user study. Limiting annotations to the same document increases labeling throughput and decreases volatility in model training. Taken together, these contributions offer a blueprint for faster creation of CR models across domains. <ref type="foot" target="#foot_0">1</ref>Source Target (1)</p><p>(2)</p><p>Figure <ref type="figure">1</ref>: CR models are trained on source domain ONTONOTES, which contains data like news articles. The source document links "the bonds" to "municipal bonds". In a target domain like PRECO <ref type="bibr" target="#b3">(Chen et al., 2018)</ref>, "the bonds" may no longer have the same meaning. It can refer to "chemical bonds" (Document 1) or not be considered an entity (Document 2). A solution is to continue training the source model on more spans from the target domain. Active learning helps select ambiguous spans, like "the bonds", for the user to label on this interface (Section 4.2).</p><p>2 Problem: Adapting Coreference <ref type="bibr" target="#b14">Lee et al. (2018)</ref> introduce C2F-COREF, a neural model that outperforms prior rule-based systems. It assigns an antecedent y to mention span x. The set Y(x) of possible antecedent spans include a dummy antecedent ϵ and all spans preceding x. If span x has no antecedent, then x should be assigned to ϵ. Given entity mention x, the model learns a distribution over its candidate antecedents in Y(x),</p><formula xml:id="formula_0">P (Y = y) = exp {s(x, y)} ∑︁ y ′ ∈Y(x) exp {s(x, y ′ )} .<label>(1)</label></formula><p>The scores s(x, y) are computed by the model's pairwise scorer (Appendix A.1). CR models like C2F-COREF are typically trained on ONTONOTES. Recent work in CR improves upon C2F-COREF and has SOTA results on ONTONOTES <ref type="bibr" target="#b24">(Wu et al., 2020;</ref><ref type="bibr" target="#b7">Joshi et al., 2020)</ref>. However, annotation guidelines and the underlying text differ across domains. As a result, these CR models cannot immediately transfer to other datasets. For different domains, spans could hold different meanings or link to different entities. <ref type="bibr" target="#b27">Xia and Van Durme (2021)</ref> show the benefits of continued training where a model trained on ONTONOTES is further trained on the target dataset. For several target domains, continued training from ONTONOTES is stronger than training the model from scratch, especially when the training dataset is small.</p><p>Their experiments use an incremental variant of C2F-COREF called ICOREF <ref type="bibr" target="#b26">(Xia et al., 2020)</ref>. While C2F-COREF requires Θ(n) memory to simultaneously access all spans in the document and infer a span's antecedent, ICOREF only needs constant memory to predict a span's entity cluster. Despite using less space, ICOREF retains the same accuracy as C2F-COREF. Rather than assigning x to antecedent y, ICOREF assigns x to cluster c where c is from a set of observed entity clusters C,</p><formula xml:id="formula_1">P (C = c) = exp {s(x, c)} ∑︁ c ′ ∈C exp {s(x, c ′ )} . (<label>2</label></formula><formula xml:id="formula_2">)</formula><p>As the algorithm processes spans in the document, each span is either placed in a cluster from C or added to a new cluster. To learn the distribution over clusters (Equation <ref type="formula" target="#formula_1">2</ref>), the algorithm first creates a cluster representation that is an aggregate of span representations over spans that currently exist in the cluster. With cluster and span representations, individual spans and entity clusters are mapped into a shared space. Then, we can compute s(x, c) using the same pairwise scorer as before. <ref type="bibr" target="#b27">Xia and Van Durme (2021)</ref> show that continued training is useful for domain adaptation but assume that labeled data already exist in the target domain. However, model transfer is more critical when annotations are scarce. Thus, the question becomes: how can we adapt CR models without requiring a large, labeled dataset? Our paper investigates active learning as a potential solution. Through active learning, we reduce labeling costs by sampling and annotating a small subset of ambiguous spans.</p></div>
<div xmlns="http://www.tei-c.org/ns/1.0"><head n="3">Method: Active Learning</head><p>Neural models achieve high accuracy for ONTONOTES but cannot quickly adapt to new datasets because of shifts in domain or annotation standards <ref type="bibr">(Poot and van Cranenburgh, 2020)</ref>. To transfer to new domains, models need substantial in-domain, labeled data. In low-resource situations, CR is infeasible for real-time applications. To reduce the labeling burden, active learning may target spans that most confuse the model. Active learning for domain adaptation <ref type="bibr" target="#b19">(Rai et al., 2010)</ref> typically proceeds as follows: begin with a model trained on source data, sample and label k spans from documents in the target domain based on a strategy, and train the model on labeled data.</p><p>This labeling setup may appear straightforward to apply to CR, but there are some tricky details. The first complication is that-unlike text classification-CR is a clustering task. Early approaches in active learning for CR use pairwise annotations <ref type="bibr">(Miller et al., 2012;</ref><ref type="bibr" target="#b20">Sachan et al., 2015)</ref>. Pairs of spans are sampled and the annotator labels whether each pair is coreferent. The downside to pairwise annotations is that it requires many labels. To label the antecedent of entity mention x, x must be compared to every candidate span in the document. <ref type="bibr" target="#b16">Li et al. (2020)</ref> propose a new scheme called discrete annotations. Instead of sampling pairs of spans, the active learning strategy samples individual spans. Then, the annotator only has to find and label first antecedent of x in the document, which bypasses the multiple pairwise comparisons. Thus, we use discrete annotations to minimize labeling.</p><p>To further improve active learning for CR, we consider the following issues. First, the CR model has different scores for mention detection and linking, but prior active learning methods only considers linking. Second, labeling CR requires time to read the document context. Therefore, we explore important aspects of active learning for adapting CR: model uncertainty (Section 3.1), and the balance between reading and labeling (Section 3.2).</p></div>
<div xmlns="http://www.tei-c.org/ns/1.0"><head n="3.1">Uncertainty Sampling</head><p>A well-known active learning strategy is uncertainty sampling. A common measure of uncertainty is the entropy in the distribution of the model's predictions for a given example <ref type="bibr" target="#b15">(Lewis and Gale, 1994)</ref>. Labeling uncertain examples improves accuracy for tasks like text classification <ref type="bibr" target="#b21">(Settles, 2009)</ref>. For CR, models have multiple components, and computing uncertainty is not as straightforward. Is uncertainty over where mentions are located more important than linking spans? Or the other way around? Thus, we investigate different sources of CR model uncertainty.</p></div>
<div xmlns="http://www.tei-c.org/ns/1.0"><head n="3.1.1">Clustered Entropy</head><p>To sample spans for learning CR, <ref type="bibr" target="#b16">Li et al. (2020)</ref> propose a strategy called clustered entropy. This metric scores the uncertainty in the entity cluster assignment of a mention span x. If x has high clustered entropy, then it should be labeled to help the model learn its antecedents. Computing clustered entropy requires the probability that x is assigned to an entity cluster. <ref type="bibr" target="#b16">Li et al. (2020)</ref>  The computation of clustered entropy in Equation 4 poses two issues. First, summing the probabilities may not accurately represent the model's probability of linking x to c. There are other ways to aggregate the probabilities (e.g. taking the maximum). C2F-COREF never computes cluster probabilities to make predictions, so it is not obvious how P (C = c) should be computed for clustered entropy. Second, Equation 4 does not consider mention detection. For ONTONOTES, this is not an issue because singletons (clusters of size 1) are not annotated and mention detection score is implicitly included in P (Y = y). For other datasets containing singletons, the model should disambiguate singleton clusters from non-mention spans.</p><p>To resolve these issues, we make the following changes. First, we use ICOREF to obtain cluster probabilities. ICOREF is a mention clustering model so it already has probabilities over entity clusters (Equation 2). Second, we explore other forms of maximum entropy sampling. Neural CR models have scorers for mention detection and clustering. Both scores should be considered to sample spans that confuse the model. Thus, we propose more strategies to target uncertainty in mention detection.</p></div>
<div xmlns="http://www.tei-c.org/ns/1.0"><head n="3.1.2">Generalizing Entropy in Coreference</head><p>To generalize entropy sampling, we first formalize mention detection and clustering. Given span x, assume X is the random variable encoding whether x is an entity mention (1) or not (0). In Section 2, we assume that the cluster distribution</p><formula xml:id="formula_3">P (C) is independent of X: P (C) = P (C | X). 2</formula><p>In other words, Equation 2 is actually computing P (C = c | X = 1). We sample top-k spans with the following strategies.</p><p>ment-ent Highest mention detection entropy:</p><formula xml:id="formula_4">H MENT (x) = H(X) (5) = − 1 ∑︂ i=0 P (X = i) log P (X = i).</formula><p>The probability P (X) is computed from normalized mention scores s m (Equation <ref type="formula">10</ref>). Ment-ent may sample spans that challenge mention detection (e.g. class-ambiguous words like "park"). The annotator can clarify whether spans are entity mentions to improve mention detection.</p><p>clust-ent Highest mention clustering entropy:</p><formula xml:id="formula_5">H CLUST (x) = H(C | X = 1) (6) = − ∑︂ c∈C P (C = c | X = 1) log P (C = c | X = 1).</formula><p>Clust-ent looks at clustering scores without explicitly addressing mention detection. Like in ONTONOTES, all spans are assumed to be entity mentions. The likelihood</p><formula xml:id="formula_6">P (C = c | X = 1</formula><p>) is given by ICOREF (Equation <ref type="formula" target="#formula_1">2</ref>).</p><p>cond-ent Highest conditional entropy:</p><formula xml:id="formula_7">H COND (x) = H(C | X) = 1 ∑︂ i=0 P (X = i)H(C | X = i) = P (X = 1)H(C | X = 1) = P (X = 1)H CLUST (x).<label>(7)</label></formula><p>2 A side effect of ONTONOTES models lacking singletons.</p><p>We reach the last equation because there is no uncertainty in clustering x if x is not an entity mention and H(C | X = 0) = 0. Cond-ent takes the uncertainty of mention detection into account. So, we may sample more pronouns because they are obviously mentions but difficult to cluster.</p><p>joint-ent Highest joint entropy:</p><formula xml:id="formula_8">H JOINT (x) = H(X, C) = H(X) + H(C | X) = H MENT (x) + H COND (x).<label>(8)</label></formula><p>Joint-ent may sample spans that are difficult to detect as entity mentions and too confusing to cluster. This sampling strategy most closely aligns with the uncertainty of the training objective. It may also fix any imbalance between mention detection and linking <ref type="bibr" target="#b25">(Wu and Gardner, 2021)</ref>.</p></div>
<div xmlns="http://www.tei-c.org/ns/1.0"><head n="3.2">Trade-off between Reading and Labeling</head><p>For CR, the annotator reads the document context to label the antecedent of a mention span. Annotating and reading spans from different documents may slow down labeling, but restricting sampling to the same document may cause redundant labeling <ref type="bibr">(Miller et al., 2012)</ref>. To better understand this trade-off, we explore different configurations with k, the number of annotated spans, and m, the maximum number of documents being read. Given source model h 0 already fine-tuned on ONTONOTES, we adapt h 0 to a target domain through active learning (Algorithm 1):</p><p>Scoring To sample k spans from unlabeled data U of the target domain, we score spans with an active learning strategy S. Assume S scores each span through an acquisition model <ref type="bibr">(Lowell et al., 2019)</ref>. For the acquisition model, we use h t−1 , the model fine-tuned from the last cycle. The acquisition score quantifies the span's importance given S and the acquisition model.</p><p>Reading Typically, active learning samples k spans with the highest acquisition scores. To constrain m, the number of documents read, we find the documents of the m spans with highest acquisition scores and only sample spans from those documents. Then, the k sampled spans will belong to at most m documents. If m is set to "unconstrained", then we simply sample the k highest-scoring spans, irrespective of the document boundaries. </p><formula xml:id="formula_9">a x ← Score span x ∈ U by S(h t−1 , x) 4: Q ← Sort (↓) x ∈ U by scores a x 5: Q m ← Top-m spans in Q 6: D ← {d x | x ∈ Q m } where d x is doc of x 7: ˜︁ Q ← Filter Q s.t. spans belong to d ∈ D 8: ˜︁ Q k ← Top-k spans in ˜︁ Q 9: L k ← Label antecedents for ˜︁ Q k 10: L ← L ∪ L k 11:</formula><p>h t ← Continue train h 0 on L return h T tainty and continue sampling from the same document until uncertainty falls below a threshold. Then, they sample the most uncertain span from a new document. We modify their method because the uncertainty threshold will vary for different datasets and models. Instead, we use the number of documents read to control context switching.</p><p>Labeling An oracle (e.g., human annotator or gold data) labels the antecedents of sampled spans with discrete annotations (Section 3).</p></div>
<div xmlns="http://www.tei-c.org/ns/1.0"><head>Continued Training</head><p>We combine data labeled from current and past cycles. We train the source model h 0 (which is already trained on ONTONOTES) on the labeled target data. We do not continue training a model from a past active learning cycle because it may be biased from only training on scarce target data <ref type="bibr" target="#b0">(Ash and Adams, 2020)</ref>.</p></div>
<div xmlns="http://www.tei-c.org/ns/1.0"><head n="4">Active Learning for CR through Simulations and Humans</head><p>We run experiments to understand two important factors of active learning for CR: sources of model uncertainty (Section 3.1) and balancing reading against labeling (Sections 3.2). First, we simulate active learning on PRECO to compare sampling strategies based on various forms of uncertainty (Section 4.1). Then, we set up a user study to investigate how humans perform when labeling spans from fewer or more documents from PRECO (Section 4.2). Specifically, we analyze their annotation time and throughput. Finally, we run large-scale simulations on PRECO and QBCOREF (Section 4.3).</p><p>We explore different combinations of sampling strategies and labeling configurations.</p><p>Models In all experiments, the source model is the best checkpoint of ICOREF model trained on ONTONOTES <ref type="bibr" target="#b26">(Xia et al., 2020)</ref> with SPANBERT-LARGE-CASED <ref type="bibr" target="#b7">(Joshi et al., 2020)</ref> encoder. For continued training on the target dataset, we optimize with a fixed parameter configuration (Appendix A.2). We evaluate models on AVG F 1 , the averaged F 1 scores of MUC <ref type="bibr" target="#b22">(Vilain et al., 1995)</ref>, B 3 <ref type="bibr" target="#b1">(Bagga and Baldwin, 1998)</ref>, and CEAF ϕ4 <ref type="bibr">(Luo, 2005)</ref>. For all synthetic experiments, we simulate active learning with gold data substituting as an annotator. However, gold mention boundaries are not used when sampling data. The model scores spans that are likely to be entity mentions for inference, so we limit the active learning candidates to this pool of high-scoring spans. For each active learning simulation, we repeat five runs with different random seed initializations.</p><p>Baselines We compare the proposed sampling strategies (Section 3.1.2)   like other datasets, the syntax is idiosyncratic and world knowledge is needed to solve coreference. Examples are pronouns before the first mention of named entities and oblique references like "this polity" for "the Hanseatic League". These complicated structures rarely occur in everyday text but serve as challenging examples for CR. There are 240 training, 80 validation, and 80 test documents.</p></div>
<div xmlns="http://www.tei-c.org/ns/1.0"><head n="4.1">Simulation: Uncertainty Sampling</head><p>To compare different sampling strategies, we first run experiments on PRECO. We sample fifty spans from one document for each cycle. By the end of a simulation run, 300 spans are sampled from six documents. For this configuration, uncertainty sampling strategies generally reach higher accuracy than the random baselines (Figure <ref type="figure">2</ref>), but cond-ent and li-clust-ent are worse than random-ment.</p></div>
<div xmlns="http://www.tei-c.org/ns/1.0"><head n="4.1.1">Distribution of Sampled Span Types</head><p>To understand the type of spans being sampled, we count entity mentions, non-entities, pronouns, and singletons that are sampled by each strategy (Figure <ref type="figure" target="#fig_2">3</ref>). Random samples very few entities, while other strategies sample more entity mentions. Clust-ent and cond-ent sample more entity mentions and pronouns because the sampling objective prioritizes mentions that are difficult to link. Clust-ent, joint-ent, and ment-ent sample more singleton mentions. These strategies also show higher AVG F 1 (Figure <ref type="figure">2</ref>). For transferring from ONTONOTES to PRECO, annotating singletons is useful because only non-singleton mentions are labeled in ONTONOTES. We notice ment-ent sampling pronouns, which should obviously be entity mentions, only in the first cycle. Many pronouns in ONTONOTES are singletons, so the mention detector has trouble distinguishing them initially in PRECO. cycle (Figure <ref type="figure">4</ref>). We compare against the source model that is only trained on ONTONOTES.</p></div>
<div xmlns="http://www.tei-c.org/ns/1.0"><head n="4.1.2">Error Analysis</head><p>The source model makes many missing entity and missing mention errors. It does not detect several entity spans in PRECO, like locations ("Long Island") or ones spanning multiple words ("his kind acts of providing everything that I needed"). These spans are detected by uncertainty sampling strategies and rand-ment. Ment-ent is most effective at reducing "missing" errors. It detects gold entity clusters like "constant communication" and "the best educated guess about the storm". By training on spans that confuse the mention detector, the model adapts to the new domain by understanding what constitutes as an entity mention.</p><p>Surprisingly, li-clust-ent makes at least twice as many extra entity and extra mention errors than any other strategy. For the sentence, "Living in a large building with only 10 bedrooms", the gold data identifies two entities: "a large building with only 10 bedrooms" and "10 bedrooms". In both ONTONOTES and PRECO, the guidelines only allow the longest noun phrase to be annotated. Yet, the li-clust-ent model predicts additional mentions, "a large building" and "only 10 bedrooms". We find that li-clust-ent tends to sample nested spans (Table 4). Due to the summed entropy computation, nested spans share similar values for clustered entropy as they share similar antecedent-linking probabilities. This causes the extra entity and extra mention errors because the model predicts there are additional entity mentions within a mention span.</p><p>Finally, we see a stark difference between random-ment and random. Out of all the sampling strategies, random is least effective at preventing missing entity and missing mention errors. We are more likely to sample non-entities if we randomly sample from all spans in the document (Appendix A.7). By limiting the sampling pool to only spans that are likely to be entity mentions, we sample more spans that are useful to label for CR. Thus, the mention detector from neural models should be deployed during active learning.</p></div>
<div xmlns="http://www.tei-c.org/ns/1.0"><head n="4.2">User Study: Reading and Labeling</head><p>We hold a user study to observe the trade-off between reading and labeling. Three annotators, with minimal NLP knowledge, label spans sampled from PRECO. We use ment-ent to sample spans because the strategy shows highest AVG F 1 (Figure <ref type="figure">2</ref>). First, the users read instructions (Appendix A.6) and practice labeling for ten minutes. Then, they complete two sessions: FewDocs and ManyDocs. In each session, they label as much as possible for at least twenty-five minutes. In FewDocs, they read fewer documents and label roughly seven spans per document. In ManyDocs, they read more documents and label about one span per document.</p><p>For labeling coreference, we develop a user interface that is open-sourced (Figure <ref type="figure">8</ref>). To label the antecedent of the highlighted span, the user clicks on a contiguous span of tokens. The interface suggests overlapping candidates based on the spans that are retained by the CR model.</p><p>In the user study, participants label at least twice as much in FewDocs compared to Many-Docs (Figure <ref type="figure" target="#fig_3">5</ref>). By labeling more spans in Few-Docs, the mean AVG F 1 score is also slightly higher. Our findings show that the number of read documents should be constrained to increase labeling throughput. Difference in number of labeled spans between FewDocs and ManyDocs is more pronounced when two annotators volunteer to continue labeling after required duration (Appendix A.6). </p></div>
<div xmlns="http://www.tei-c.org/ns/1.0"><head n="4.3">Simulation: Uncertainty Sampling and Reading-Labeling Trade-off</head><p>We finally run simulations to explore both sources of model uncertainty and the trade-off between reading and labeling. The earlier experiments have individually looked at each aspect. Now, we analyze the interaction between both factors to understand which combination works best for adapting CR to new domains. We run simulations on PRECO and QBCOREF that trade-off the number of documents read m with the number of annotated spans k (Figure <ref type="figure" target="#fig_4">6</ref>). We vary m between one, five, and an unconstrained number of documents. For PRECO, we set k to twenty and fifty. For QBCOREF, we set k to twenty and forty. These results are also presented in numerical form (Appendix A.5).</p><p>PRECO For PRECO, the test AVG F 1 of ICOREF trained on the full training dataset is 0.860. When m is constrained to one or five, AVG F 1 can reach around 0.707 from training the model on only 300 spans sampled by ment-ent. As m increases, fewer spans are sampled per document and all sampling strategies deteriorate. After training on sparsely annotated documents, the model tends to predict singletons rather than cluster coreferent spans. Like in the user study, we see benefits when labeling more spans within a document. Interestingly, liclust-ent performs better when document reading is not constrained to one document. The issue with li-clust-ent is that it samples nested mention spans (Section 4.1.2). Duplicate sampling is less severe if spans can be sampled across more documents. Another strategy that suffers from duplicate sampling is cond-ent because it mainly samples pronouns. For some documents, the pronouns all link to the same entity cluster. As a result, the model trains on a less diverse set of entity mentions and cond-ent drops in AVG F 1 as the simulation continues.</p><p>QBCOREF For QBCOREF, the test AVG F 1 of ICOREF trained on the full training dataset is 0.795. When we constrain m to one or five, li-clustent, clust-ent, cond-ent, and joint-ent have high AVG F 1 . Clustering entity mentions in QBCOREF questions is difficult, so these strategies help target ambiguous mentions (Table <ref type="table">5</ref>). Ment-ent is less useful because demonstratives are abundant in QBCOREF and make mention detection easier. Liclust-ent still samples nested entity mentions, but annotations for these spans help clarify interwoven entities in Quizbowl questions. Unlike PRECO, li-clust-ent does not sample duplicate entities because nested entity mentions belong to different clusters and need to be distinguished.</p><p>Overall, the most helpful strategy depends on the domain. For domains like PRECO that contain long documents with many singletons, ment-ent is useful. For domains like QBCOREF where resolving coreference is difficult, we need to target linking uncertainty. Regardless of the dataset, random performs worst. Random-ment has much higher AVG F 1 , which shows the importance of the mention detector in active learning. Future work should determine the appropriate strategy for a given domain and annotation setup.</p><p>5 Related Work <ref type="bibr" target="#b4">Gasperin (2009)</ref> present the first work on active learning for CR yet observe negative results: active learning is not more effective than random sampling. <ref type="bibr">Miller et al. (2012)</ref> explore different settings for labeling CR. First, they label the most uncertain pairs of spans in the corpus. Second, they label all pairs in the most uncertain documents. The first approach beats random sampling but requires the annotator to infeasibly read many documents. The second approach is more realistic but loses to random sampling. <ref type="bibr" target="#b30">Zhao and Ng (2014)</ref> argue that active learning helps domain adaptation of CR. <ref type="bibr" target="#b20">Sachan et al. (2015)</ref> treat pairwise annotations as optimization constraints. <ref type="bibr" target="#b16">Li et al. (2020)</ref> replace pairwise annotations with discrete annotations and experiment active learning with neural models.</p><p>Active learning has been exhaustively studied for text classification <ref type="bibr" target="#b15">(Lewis and Gale, 1994;</ref><ref type="bibr" target="#b31">Zhu et al., 2008;</ref><ref type="bibr" target="#b29">Zhang et al., 2017)</ref>. Text classification is a much simpler task, so researchers investigate strategies beyond uncertainty sampling. <ref type="bibr" target="#b28">Yuan et al. (2020)</ref> use language model surprisal to cluster documents and then sample representative points for each cluster. Margatina et al. ( <ref type="formula">2021</ref>) search for constrastive examples, which are documents that are similar in the feature space yet differ in predictive likelihood. Active learning is also applied to tasks like machine translation <ref type="bibr">(Liu et al., 2018)</ref>, visual question answering <ref type="bibr" target="#b8">(Karamcheti et al., 2021)</ref>, and entity alignment <ref type="bibr" target="#b17">(Liu et al., 2021)</ref>.</p><p>Rather than solely running simulations, other papers have also ran user studies or developed userfriendly interfaces. <ref type="bibr" target="#b23">Wei et al. (2019)</ref> hold a user study for active learning to observe the time to annotate clinical named entities. <ref type="bibr" target="#b12">Lee et al. (2020)</ref> develop active learning for language learning that adjusts labeling difficulty based on user skills. <ref type="bibr" target="#b10">Klie et al. (2020)</ref> create a human-in-the-loop pipeline to improve entity linking for low-resource domains.</p></div>
<div xmlns="http://www.tei-c.org/ns/1.0"><head n="6">Conclusion</head><p>Neural CR models desparately depend on large, labeled data. We use active learning to transfer a model trained on ONTONOTES, the "de facto" dataset, to new domains. Active learning for CR is difficult because the problem does not only concern sampling examples. We must consider different aspects, like sources of model uncertainty and cost of reading documents. Our work explores these factors through exhaustive simulations. Additionally, we develop a user interface to run a user study from which we observe human annotation time and throughput. In both simulations and the user study, CR improves from continued training on spans sampled from the same document rather than different contexts. Surprisingly, sampling by entropy in mention detection, rather than linking, is most helpful for domains like PRECO. This opposes the assumption that the uncertainty strategy must be directly tied to the training objective. Future work may extend our contributions to multilingual transfer or multi-component tasks, like open-domain QA.</p></div>
<div xmlns="http://www.tei-c.org/ns/1.0"><head n="7">Ethical Considerations</head><p>This paper involves a user study to observe the trade-off between reading and labeling costs for annotating coreference. The study has been approved by IRB to collect data about human behavior. Any personal information will be anonymized prior to paper submission or publication. All participants are fully aware of the labeling task and the information that will be collected from them. They are appropriately compensated for their labeling efforts.</p><p>Empirical Methods in Natural Language Processing.</p><p>Ming <ref type="bibr">Liu, Wray Buntine, and Gholamreza Haffari. 2018</ref> For QBCOREF, fine-tuning ICOREF on fifty spans takes three minutes and fine-tuning on full training set takes thirty-four minutes. For PRECO, finetuning ICOREF on fifty spans takes nine minutes and fine-tuning on full training set takes five hours and 22 minutes.</p></div>
<div xmlns="http://www.tei-c.org/ns/1.0"><head>A.4 Mention Detection Accuracy</head><p>For the annotation simulation in Section 4, we also record mention detection accuracy. As ment-ent targets ambiguity in mention detection, it is the most effective strategy for improving mention detection (Figure <ref type="figure" target="#fig_5">7</ref>). The strategy is unaffected by labeling setup parameters, like the number of spans labeled per cycle or the number of documents read per cycle. For strategies like cond-ent and jointent, mention detection accuracy is stagnant or decreases as more spans are sampled (Figure <ref type="figure" target="#fig_5">7a</ref>). Due to deteriorating mention detection, the AVG F 1 of models also drop.</p></div>
<div xmlns="http://www.tei-c.org/ns/1.0"><head>A.5 Numerical Results</head><p>The results for AVG F 1 and mention detection accuracy are presented as graphs throughout the paper. To concretely understand the differences between the methods, we provide results in numerical form (Tables <ref type="table">2,3</ref>). We show results from the PRECO and QBCOREF simulations where twenty spans are labeled each cycle and the number of documents read is either one or an unconstrained amount. The values in the tables show the mean and variance of AVG F 1 and mention detection accuracy over five different runs.</p></div>
<div xmlns="http://www.tei-c.org/ns/1.0"><head>A.6 User Study</head><p>Instructions to Participants We give the following instructions to user study participants:</p><p>You will be shown several sentences from a document. We have highlighted a mention (a word or phrase) of an entity (a person, place, or thing). This entity mention may be a pronoun (such as "she" or "their") or something else.</p><p>We need your help to find an earlier mention of the same entity, whether in the same sentence or in an earlier sentence. The mention does not have to be the immediately previous one.</p><p>If the span is not an entity mention or does not have an antecedent, please make note of it on the interface.  User Interface We design a user interface for annotators to label coreference (Figure <ref type="figure">8</ref>). The user interface takes the sampled spans from active learning as input. Afterward, it will present the document and highlight the sampled spans in the document. The user the proceeds to go through the list of "Queries". For the "Active query", they need to either: find its antecedent, mark there is "no previous mention", or indicate that "query is not an entity". The interface will suggest some overlapping candidates to help narrow down the user's search. The candidates are spans that the CR model scores as likely entity mentions. Users may use keyboard shortcuts to minimize labeling time.</p><p>The code for the user interface is released along with the code for the simulations.</p><p>Extending Annotation Time User study participants are asked to annotate at least twenty-five minutes (Section 4.2). During the study, two participants continue to label after the minimum duration. Figure <ref type="figure">9</ref> shows full results from the user study. Over a longer duration, the differences between the FewDocs and ManyDocs sessions are clearer.</p></div>
<div xmlns="http://www.tei-c.org/ns/1.0"><head>A.7 Examples of Sampled Spans</head><p>We provide examples of spans that are sampled from the experiments. For these examples, we look at the simulation where document reading is constrained to one document and twenty spans are sampled per cycle. We compare the spans sampled by each strategy for both PRECO (Table <ref type="table">4</ref>) and QBCOREF (Table <ref type="table">5</ref>). Across domains, the strategies behave similarly, but we notice some differences in ment-ent and joint-ent. In PRECO, those strategies tend to sample a mix of spans that are and are not entity mentions (Section 4.1.1). In QBCOREF, they sample more entity mentions. This could be due to more entity mentions present in a Quizbowl question, which makes it more likely to sample something that should belong to an entity cluster.</p><p>For other strategies, we notice some issues. As mentioned in Section 4.1.2, li-clust-ent tends to sample nested entity mentions, which may become redundant for annotators to label. In fact, AVG F 1 for li-clust-ent tends to be lower if document reading is constrained to one document. Cond-ent suffers from redundant labeling because pronouns are repeatedly sampled and they tend to link to the same entity cluster.</p></div><figure xmlns="http://www.tei-c.org/ns/1.0" xml:id="fig_0"><head></head><label></label><figDesc>use C2F-COREF, which only gives probability of x being assigned to antecedent y. So, they define P (C = c) as the sum of antecedent probabilities P (Y = yc) log P (C = c). (4)</figDesc></figure>
<figure xmlns="http://www.tei-c.org/ns/1.0" xml:id="fig_2"><head>Figure 3 :</head><label>3</label><figDesc>Figure 3: Cumulative counts of entities, non-entities, pronouns, and singletons sampled for each strategy over first four cycles of the PRECO simulation. Random mostly samples non-entities. Li-clust-ent and condent sample many entity mentions but avoid singletons.</figDesc></figure>
<figure xmlns="http://www.tei-c.org/ns/1.0" xml:id="fig_3"><head>Figure 5 :</head><label>5</label><figDesc>Figure 5: The number of spans labeled within twentyfive minutes. Each color indicates one of three users and the linetype designates the session. Black dots mark the first span labeled in a different document. The mean AVG F 1 across users for each session is on the right. By restricting the number of read documents in FewDocs, users label at least twice as many spans and the model slightly improves in AVG F 1 .</figDesc></figure>
<figure xmlns="http://www.tei-c.org/ns/1.0" xml:id="fig_4"><head>Figure 6 :</head><label>6</label><figDesc>Figure 6: Test AVG F 1 on PRECO and QBCOREF of each strategy throughout simulations. Each row varies in m, the maximum number of documents read per cycle. Each column varies in k, the number of annotated spans per cycle. For m of one or five, ment-ent shows highest AVG F 1 for PRECO and other uncertainty sampling strategies are best for QBCOREF. When m is unconstrained, many strategies show unstable training.</figDesc></figure>
<figure xmlns="http://www.tei-c.org/ns/1.0" xml:id="fig_5"><head>Figure 7 :</head><label>7</label><figDesc>Figure 7: Comparing mention detection accuracy on test set for different active learning strategies across reading/labeling configurations. The plots are formatted in the same way as Figure 6. Generally, mention detection improves most from ment-ent sampling.</figDesc></figure>
<figure xmlns="http://www.tei-c.org/ns/1.0" xml:id="fig_6"><head>Figure 8 :Figure 9 :</head><label>89</label><figDesc>Figure8: On the user interface, the sampled span is highlighted and the user must select an antecedent. If no antecedents exist or the span is not an entity mention, then the user will click the corresponding buttons.</figDesc><graphic coords="16,71.27,76.26,456.47,92.38" type="bitmap" /></figure>
<figure xmlns="http://www.tei-c.org/ns/1.0"><head></head><label></label><figDesc></figDesc><graphic coords="2,118.87,70.85,405.53,230.84" type="bitmap" /></figure>
<figure xmlns="http://www.tei-c.org/ns/1.0" type="table" xml:id="tab_0"><head></head><label></label><figDesc>Active Learning for Coreference Require: Source model h 0 , Unlabeled data U, Active learning strategy S, No. of cycles T , No. of labeled spans k, Max. no. of read docs m 1: Labeled data L = {} 2: for cycles t = 1, . . . , T do</figDesc><table><row><cell>3:</cell></row></table><note>Our approach resembles Miller et al. (2012)   where they sample spans based on highest uncer-Algorithm 1</note></figure>
<figure xmlns="http://www.tei-c.org/ns/1.0" type="table" xml:id="tab_1"><head></head><label></label><figDesc>Figure2: Test AVG F 1 on PRECO for each strategy. On each cycle, fifty spans from one document are sampled and labeled. We repeat each simulation five times. Ment-ent, clust-ent, and joint-ent are most effective while random hurts the model the most.</figDesc><table><row><cell cols="3">Strategy clust-ent cond-ent</cell><cell>joint-ent ment-ent</cell><cell>random random-ment</cell><cell>li-clust-ent</cell></row><row><cell>Avg. F1 Score</cell><cell>0.5 0.6 0.7</cell><cell></cell><cell></cell></row><row><cell></cell><cell>0.4</cell><cell>0</cell><cell cols="2">100 No. of Spans 200</cell><cell>300</cell></row><row><cell></cell><cell></cell><cell></cell><cell></cell><cell>Datasets ONTONOTES 5.0 is the most common</cell></row><row><cell></cell><cell></cell><cell></cell><cell></cell><cell>dataset for training and evaluating CR (Pradhan</cell></row><row><cell></cell><cell></cell><cell></cell><cell></cell><cell>et al., 2013). The dataset contains news articles</cell></row><row><cell></cell><cell></cell><cell></cell><cell></cell><cell>and telephone conversations. Only non-singletons</cell></row><row><cell></cell><cell></cell><cell></cell><cell></cell><cell>are annotated. Our experiments transfer a model</cell></row><row><cell></cell><cell></cell><cell></cell><cell></cell><cell>trained on ONTONOTES to two target datasets: PRECO</cell></row><row><cell></cell><cell></cell><cell></cell><cell></cell><cell>and QBCOREF. PRECO is a large corpus of grade-</cell></row><row><cell></cell><cell></cell><cell></cell><cell></cell><cell>school reading comprehension texts (Chen et al.,</cell></row><row><cell></cell><cell></cell><cell></cell><cell></cell><cell>2018). Unlike ONTONOTES, PRECO has annotated</cell></row><row><cell></cell><cell></cell><cell></cell><cell></cell><cell>singletons. There are 37K training, 500 validation,</cell></row><row><cell></cell><cell></cell><cell></cell><cell></cell><cell>and 500 test documents. Because the training set is</cell></row><row><cell></cell><cell></cell><cell></cell><cell></cell><cell>so large, Chen et al. (2018) only analyze subsets of</cell></row><row><cell></cell><cell></cell><cell></cell><cell></cell><cell>2.5K documents. Likewise, we reduce the training</cell></row><row><cell></cell><cell></cell><cell></cell><cell></cell><cell>set to a subset of 2.5K documents, comparable to</cell></row><row><cell></cell><cell></cell><cell></cell><cell></cell><cell>the size of ONTONOTES.</cell></row><row><cell></cell><cell></cell><cell></cell><cell></cell><cell>The QBCOREF dataset (Guha et al., 2015) con-</cell></row><row><cell></cell><cell></cell><cell></cell><cell></cell><cell>tains trivia questions from Quizbowl tournaments</cell></row><row><cell></cell><cell></cell><cell></cell><cell></cell><cell>that are densely packed with entities from academic</cell></row><row><cell></cell><cell></cell><cell></cell><cell></cell><cell>topics. Like PRECO, singletons are annotated. Un-</cell></row></table><note>along with li-clust-ent, which is clustered entropy from<ref type="bibr" target="#b16">Li et al. (2020)</ref> (Equation4). Active learning is frustratingly less effective than random sampling in many settings(Lowell et al., 2019), so we include two random baselines in our simulation. Random samples from all spans in the documents. Random-ment, as well as other strategies, samples only from the pool of likely (high-scoring) spans. Thus, randomment should be a stronger baseline than random.</note></figure>
<figure xmlns="http://www.tei-c.org/ns/1.0" type="table" xml:id="tab_3"><head></head><label></label><figDesc>. Learning to actively learn neural machine translation. In Conference on Computational Natural Language Learning.</figDesc><table><row><cell>David Lowell, Zachary C. Lipton, and Byron C. Wal-</cell></row><row><cell>lace. 2019. Practical obstacles to deploying active</cell></row><row><cell>learning. In Proceedings of Empirical Methods in</cell></row><row><cell>Natural Language Processing.</cell></row><row><cell>Xiaoqiang Luo. 2005. On coreference resolution per-</cell></row><row><cell>formance metrics. In Proceedings of Human Lan-</cell></row><row><cell>guage Technology Conference and Conference on</cell></row><row><cell>Empirical Methods in Natural Language Process-</cell></row><row><cell>ing.</cell></row><row><cell>Katerina Margatina, Giorgos Vernikos, Loïc Barrault,</cell></row><row><cell>and Nikolaos Aletras. 2021. Active learning by ac-</cell></row><row><cell>quiring contrastive examples. In Proceedings of Em-</cell></row><row><cell>pirical Methods in Natural Language Processing.</cell></row><row><cell>Timothy Miller, Dmitriy Dligach, and Guergana</cell></row><row><cell>Savova. 2012. Active learning for coreference res-</cell></row><row><cell>olution. In BioNLP: Proceedings of the 2012 Work-</cell></row><row><cell>shop on Biomedical Natural Language Processing.</cell></row></table><note>Corbèn Poot and Andreas van Cranenburgh. 2020. A benchmark of rule-based and neural coreference resolution in Dutch novels and news. In Proceedings of the Third Workshop on Computational Models of</note></figure>
			<note xmlns="http://www.tei-c.org/ns/1.0" place="foot" n="1" xml:id="foot_0">https://github.com/forest-snow/ incremental-coref</note>
		</body>
		<back>

			<div type="acknowledgement">
<div xmlns="http://www.tei-c.org/ns/1.0"><head>Acknowledgements</head><p>We thank Ani Nenkova, Jonathan Kummerfeld, Matthew Shu, Chen Zhao, and the anonymous reviewers for their insightful feedback. We thank the user study participants for supporting this work through annotating data. Michelle Yuan and Jordan Boyd-Graber are supported in part by Adobe Inc. Any opinions, findings, conclusions, or recommendations expressed here are those of the authors and do not necessarily reflect the view of the sponsors.</p></div>
			</div>

			<div type="annex">
<div xmlns="http://www.tei-c.org/ns/1.0"><head>A Appendix</head><p>A.1 Coreference Resolution Models C2F-COREF In C2F-COREF, a pairwise scorer computes s(x, y) to learn antecedent distribution P (Y ) (Equation <ref type="formula">1</ref>). The model's pairwise scorer judges whether span x and span y are coreferent based on their antecedent score s a and individual mention scores s m , s(x, y) = {︄ 0 y = ϵ s m (x) + s m (y) + s a (x, y) y ̸ = ϵ , (9) Suppose g x and g y are the span representations of x and y, respectively. Mention scores and antecedent scores are then computed with feedforward networks F F N N m and F F N N c , s m (x) = F F N N m (g x ) (10) s a (x, y) = F F N N a (g x , g y , ϕ(x, y)). <ref type="bibr">(11)</ref> The input ϕ(x, y) includes features like the distance between spans. The unary mention score s m can be viewed as the likelihood that the span is an entity mention. For computational purposes, the C2F-COREF model only retains top-k spans with the highest unary mention scores. <ref type="bibr" target="#b14">Lee et al. (2018)</ref> provide more details about the pairwise scorer and span pruning.</p><p>Incremental Clustering We elaborate upon the clustering algorithm of ICOREF here. As the algorithm processes spans in the document, each span is either placed in a cluster from C or added to a new cluster. To learn the distribution over clusters (Equation <ref type="formula">2</ref>), the algorithm first creates a cluster representation g c that is an aggregate of span representation that is an aggregate of span representations over spans that currently exist in the cluster. (Equation <ref type="formula">12</ref>). With cluster and span representations, individual spans and entity clusters are mapped into a shared space. Then, we can compute s(x, c) using the same pairwise scorer as <ref type="bibr" target="#b14">Lee et al. (2018)</ref>. Suppose that model predicts c * as most likely cluster: c * = arg max c∈C s(x, c). Now, the algorithm makes one of two decisions:</p><p>1. If s(x, c * ) &gt; 0, then x is assigned to c * and update g c * such that</p><p>where s e is a learned weight. Like C2F-COREF, the ICOREF model only retains top-k spans with highest unary mention score. All of our active learning baselines (Section 4), except random, sample spans from this top-k pool of spans.</p></div>
<div xmlns="http://www.tei-c.org/ns/1.0"><head>Strategy</head></div>
<div xmlns="http://www.tei-c.org/ns/1.0"><head>A.2 Training Configuration</head><p>The SPANBERT-LARGE-CASED encoder has 334M parameters and ICOREF has 373M parameters in total. For model fine-tuning, we train for a maximum of fifty epochs and implement early stopping with a patience of ten epochs. We set top span pruning to 0.4, dropout to 0.4, gradient clipping to 10.0, and learning rate to 1e-4 for Adam optimizer. The hyperparameter configuration is based on results from prior work <ref type="bibr" target="#b13">(Lee et al., 2017;</ref><ref type="bibr" target="#b26">Xia et al., 2020)</ref>.</p><p>All experiments in the paper are ran on NVIDIA Tesla V100 GPU and 2.2 GHz Intel Xeon Silver 4114 CPU processor.</p></div>
<div xmlns="http://www.tei-c.org/ns/1.0"><head>A.3 Simulation Time</head><p>We compare the time to sample fifty spans between different active learning strategies for PRECO and QBCOREF (Table <ref type="table">1</ref>). For PRECO, clust-ent, condent, and joint-ent are slower because they need to run documents through ICOREF and get spancluster likelihood. On the other hand, ment-ent only needs unary scores s m , which is much faster to compute. Thus, for both datasets, running mentent takes about the same time as random-ment.  From then on, my visits to [the old house had]3 a purpose, and I enjoyed every minute of the rest of my stay.</p><p>Sampled spans are typically not entity mentions.</p></div>
<div xmlns="http://www.tei-c.org/ns/1.0"><head>randomment</head><p>When opening the door, his face was full of smiles and he hugged [his two children and gave [his wife]2 a kiss]1. Afterwards, he walked with me to the car. We passed the tree. I was so curious that I asked <ref type="bibr">[him]</ref>3 about what I had [seen]4 earlier.</p><p>Diverse set of span types is sampled, including spans that are not entity mentions and ones that do link to entities.</p></div>
<div xmlns="http://www.tei-c.org/ns/1.0"><head>li-clustent</head><p>Although [he and [his young men]2]1 had taken no part in the killings, he knew that [the white men]3 would blame [all of [the Indians]5]4.</p><p>Many sampled spans are nested entity mentions.</p><p>ment-ent This summer, Republicans have been [meeting]1 "behind closed doors" on a Medicare proposal scheduled to be released [later this month, only a few weeks before Congress votes]2 on it, thereby avoiding independent analysis of the costs, mobilization by opponents and other inconvenient aspects of a long national debate. Two years ago, the Republicans rang alarms about the [Clinton]3 plan's emphasis on [managed care]4</p><p>Sampled spans are both entity mentions and non-entities. The spans are difficult for mention detection like "meeting" but may also be hard for clustering like "Clinton".</p></div>
<div xmlns="http://www.tei-c.org/ns/1.0"><head>clust-ent</head><p>After that, [Mary]1 buys some school things, too. Here [mother]2 buys a lot of food, like bread, cakes, meat and fish.</p><p>[They]3 get home very late.</p><p>Different types of entity mentions are sampled.</p></div>
<div xmlns="http://www.tei-c.org/ns/1.0"><head>cond-ent</head><p>It is a chance to thank everyone who has contributed to shaping [you]1 during the high school years; it is a chance to appreciate all those who have been instrumental in [your]2 education. Take a moment to express gratitude to all those who have shared the experiences of [your]3 high school years.</p><p>More pronouns are sampled because they are obviously entity mentions and hard to cluster. However, repeated sampling of the same entity occurs.</p></div>
<div xmlns="http://www.tei-c.org/ns/1.0"><head>joint-ent</head><p>[This]1 is an eternal regret handed down from generation to generation and [you]2 are only one of those who languish for (...) followers.</p><p>[Love]3 is telephone, but it is difficult to seize [the center time for dialing]4, and you will let the opportunity slip if your call is either too early or too late.</p><p>Many entity mentions are sampled but some are difficult for mention detector to detect. Compared to PRECO, a few sampled spans are not entity mentions.</p></div>
<div xmlns="http://www.tei-c.org/ns/1.0"><head>cond-ent</head><p>While [this work]1 acknowledges the soundness of the arguments that use the example of the ancients, [[its]3 author]2 refuses to reply to [them]4, adding that we are constructing no system here [we]5 are a historian, not a critic.</p><p>More pronouns are sampled because they are obviously entity mentions and hard to cluster. Unlike PRECO, repeated sampling occurs less often.</p></div>
<div xmlns="http://www.tei-c.org/ns/1.0"><head>joint-ent</head><p>This man falls in love with [the maid with [lime colored panties]2]1 and dates [Luciana]3.</p><p>Compared to PRECO, more entity mentions are sampled. </p></div>			</div>
			<div type="references">

				<listBibl>

<biblStruct xml:id="b0">
	<analytic>
		<title level="a" type="main">On warmstarting neural network training</title>
		<author>
			<persName><forename type="first">Jordan</forename><forename type="middle">T</forename><surname>Ash</surname></persName>
		</author>
		<author>
			<persName><forename type="first">Ryan</forename><forename type="middle">P</forename><surname>Adams</surname></persName>
		</author>
	</analytic>
	<monogr>
		<title level="m">Proceedings of Advances in Neural Information Processing Systems</title>
				<meeting>Advances in Neural Information Processing Systems</meeting>
		<imprint>
			<date type="published" when="2020">2020</date>
		</imprint>
	</monogr>
	<note type="raw_reference">Jordan T. Ash and Ryan P Adams. 2020. On warm- starting neural network training. In Proceedings of Advances in Neural Information Processing Sys- tems.</note>
</biblStruct>

<biblStruct xml:id="b1">
	<analytic>
		<title level="a" type="main">Algorithms for scoring coreference chains</title>
		<author>
			<persName><forename type="first">Amit</forename><surname>Bagga</surname></persName>
		</author>
		<author>
			<persName><forename type="first">Breck</forename><surname>Baldwin</surname></persName>
		</author>
	</analytic>
	<monogr>
		<title level="m">The first international conference on language resources and evaluation workshop on linguistics coreference</title>
				<imprint>
			<date type="published" when="1998">1998</date>
		</imprint>
	</monogr>
	<note type="raw_reference">Amit Bagga and Breck Baldwin. 1998. Algorithms for scoring coreference chains. In The first interna- tional conference on language resources and evalu- ation workshop on linguistics coreference.</note>
</biblStruct>

<biblStruct xml:id="b2">
	<analytic>
		<title level="a" type="main">An annotated dataset of coreference in English literature</title>
		<author>
			<persName><forename type="first">David</forename><surname>Bamman</surname></persName>
		</author>
		<author>
			<persName><forename type="first">Olivia</forename><surname>Lewke</surname></persName>
		</author>
		<author>
			<persName><forename type="first">Anya</forename><surname>Mansoor</surname></persName>
		</author>
	</analytic>
	<monogr>
		<title level="m">Proceedings of the Language Resources and Evaluation Conference</title>
				<meeting>the Language Resources and Evaluation Conference</meeting>
		<imprint>
			<date type="published" when="2020">2020</date>
		</imprint>
	</monogr>
	<note type="raw_reference">David Bamman, Olivia Lewke, and Anya Mansoor. 2020. An annotated dataset of coreference in En- glish literature. In Proceedings of the Language Re- sources and Evaluation Conference.</note>
</biblStruct>

<biblStruct xml:id="b3">
	<analytic>
		<title level="a" type="main">PreCo: A large-scale dataset in preschool vocabulary for coreference resolution</title>
		<author>
			<persName><forename type="first">Hong</forename><surname>Chen</surname></persName>
		</author>
		<author>
			<persName><forename type="first">Zhenhua</forename><surname>Fan</surname></persName>
		</author>
		<author>
			<persName><forename type="first">Hao</forename><surname>Lu</surname></persName>
		</author>
		<author>
			<persName><forename type="first">Alan</forename><surname>Yuille</surname></persName>
		</author>
		<author>
			<persName><forename type="first">Shu</forename><surname>Rong</surname></persName>
		</author>
		<idno type="DOI">10.18653/v1/D18-1016</idno>
	</analytic>
	<monogr>
		<title level="m">Proceedings of Empirical Methods in Natural Language Processing</title>
				<meeting>Empirical Methods in Natural Language Processing</meeting>
		<imprint>
			<date type="published" when="2018">2018</date>
		</imprint>
	</monogr>
	<note type="raw_reference">Hong Chen, Zhenhua Fan, Hao Lu, Alan Yuille, and Shu Rong. 2018. PreCo: A large-scale dataset in preschool vocabulary for coreference resolution. In Proceedings of Empirical Methods in Natural Lan- guage Processing.</note>
</biblStruct>

<biblStruct xml:id="b4">
	<analytic>
		<title level="a" type="main">Active learning for anaphora resolution</title>
		<author>
			<persName><forename type="first">Caroline</forename><surname>Gasperin</surname></persName>
		</author>
	</analytic>
	<monogr>
		<title level="m">Proceedings of the NAACL HLT 2009 Workshop on Active Learning for Natural Language Processing</title>
				<meeting>the NAACL HLT 2009 Workshop on Active Learning for Natural Language Processing</meeting>
		<imprint>
			<date type="published" when="2009">2009</date>
		</imprint>
	</monogr>
	<note type="raw_reference">Caroline Gasperin. 2009. Active learning for anaphora resolution. In Proceedings of the NAACL HLT 2009 Workshop on Active Learning for Natural Language Processing.</note>
</biblStruct>

<biblStruct xml:id="b5">
	<analytic>
		<title level="a" type="main">Removing the training wheels: A coreference dataset that entertains humans and challenges computers</title>
		<author>
			<persName><forename type="first">Anupam</forename><surname>Guha</surname></persName>
		</author>
		<author>
			<persName><forename type="first">Mohit</forename><surname>Iyyer</surname></persName>
		</author>
		<author>
			<persName><forename type="first">Danny</forename><surname>Bouman</surname></persName>
		</author>
		<author>
			<persName><forename type="first">Jordan</forename><surname>Boyd-Graber</surname></persName>
		</author>
		<idno type="DOI">10.3115/v1/N15-1117</idno>
	</analytic>
	<monogr>
		<title level="m">Conference of the North American Chapter</title>
				<imprint>
			<publisher>the Association for Computational Linguistics</publisher>
			<date type="published" when="2015">2015</date>
		</imprint>
	</monogr>
	<note type="raw_reference">Anupam Guha, Mohit Iyyer, Danny Bouman, and Jor- dan Boyd-Graber. 2015. Removing the training wheels: A coreference dataset that entertains hu- mans and challenges computers. In Conference of the North American Chapter of the Association for Computational Linguistics.</note>
</biblStruct>

<biblStruct xml:id="b6">
	<analytic>
		<title level="a" type="main">Identifying participant mentions and resolving their coreferences in legal court judgements</title>
		<author>
			<persName><forename type="first">Ajay</forename><surname>Gupta</surname></persName>
		</author>
		<author>
			<persName><forename type="first">Devendra</forename><surname>Verma</surname></persName>
		</author>
		<author>
			<persName><forename type="first">Sachin</forename><surname>Pawar</surname></persName>
		</author>
		<author>
			<persName><forename type="first">Sangameshwar</forename><surname>Patil</surname></persName>
		</author>
		<author>
			<persName><forename type="first">Swapnil</forename><surname>Hingmire</surname></persName>
		</author>
		<author>
			<persName><forename type="first">Pushpak</forename><surname>Girish K Palshikar</surname></persName>
		</author>
		<author>
			<persName><surname>Bhattacharyya</surname></persName>
		</author>
	</analytic>
	<monogr>
		<title level="m">International Conference on Text, Speech, and Dialogue</title>
				<imprint>
			<date type="published" when="2018">2018</date>
		</imprint>
	</monogr>
	<note type="raw_reference">Ajay Gupta, Devendra Verma, Sachin Pawar, Sangameshwar Patil, Swapnil Hingmire, Girish K Palshikar, and Pushpak Bhattacharyya. 2018. Identifying participant mentions and resolving their coreferences in legal court judgements. In International Conference on Text, Speech, and Dialogue.</note>
</biblStruct>

<biblStruct xml:id="b7">
	<analytic>
		<title level="a" type="main">Span-BERT: Improving pre-training by representing and predicting spans</title>
		<author>
			<persName><forename type="first">Mandar</forename><surname>Joshi</surname></persName>
		</author>
		<author>
			<persName><forename type="first">Danqi</forename><surname>Chen</surname></persName>
		</author>
		<author>
			<persName><forename type="first">Yinhan</forename><surname>Liu</surname></persName>
		</author>
		<author>
			<persName><forename type="first">Luke</forename><surname>Daniel S Weld</surname></persName>
		</author>
		<author>
			<persName><forename type="first">Omer</forename><surname>Zettlemoyer</surname></persName>
		</author>
		<author>
			<persName><surname>Levy</surname></persName>
		</author>
		<idno type="DOI">10.1162/tacl_a_00300</idno>
	</analytic>
	<monogr>
		<title level="j">Transactions of the Association for Computational Linguistics</title>
		<imprint>
			<biblScope unit="volume">8</biblScope>
			<biblScope unit="page" from="64" to="77" />
			<date type="published" when="2020">2020</date>
		</imprint>
	</monogr>
	<note type="raw_reference">Mandar Joshi, Danqi Chen, Yinhan Liu, Daniel S Weld, Luke Zettlemoyer, and Omer Levy. 2020. Span- BERT: Improving pre-training by representing and predicting spans. Transactions of the Association for Computational Linguistics, 8:64-77.</note>
</biblStruct>

<biblStruct xml:id="b8">
	<analytic>
		<title level="a" type="main">Mind your outliers! investigating the negative impact of outliers on active learning for visual question answering</title>
		<author>
			<persName><forename type="first">Siddharth</forename><surname>Karamcheti</surname></persName>
		</author>
		<author>
			<persName><forename type="first">Ranjay</forename><surname>Krishna</surname></persName>
		</author>
		<author>
			<persName><forename type="first">Li</forename><surname>Fei-Fei</surname></persName>
		</author>
		<author>
			<persName><forename type="first">Christopher</forename><surname>Manning</surname></persName>
		</author>
		<idno type="DOI">10.18653/v1/2021.acl-long.564</idno>
	</analytic>
	<monogr>
		<title level="m">Proceedings of the Association for Computational Linguistics</title>
				<meeting>the Association for Computational Linguistics</meeting>
		<imprint>
			<date type="published" when="2021">2021</date>
		</imprint>
	</monogr>
	<note type="raw_reference">Siddharth Karamcheti, Ranjay Krishna, Li Fei-Fei, and Christopher Manning. 2021. Mind your outliers! in- vestigating the negative impact of outliers on active learning for visual question answering. In Proceed- ings of the Association for Computational Linguis- tics.</note>
</biblStruct>

<biblStruct xml:id="b9">
	<analytic>
		<title level="a" type="main">The genia event and protein coreference tasks of the BioNLP shared task 2011</title>
		<author>
			<persName><forename type="first">Jin-Dong</forename><surname>Kim</surname></persName>
		</author>
		<author>
			<persName><forename type="first">Ngan</forename><surname>Nguyen</surname></persName>
		</author>
		<author>
			<persName><forename type="first">Yue</forename><surname>Wang</surname></persName>
		</author>
		<author>
			<persName><forename type="first">Jun'ichi</forename><surname>Tsujii</surname></persName>
		</author>
		<author>
			<persName><forename type="first">Toshihisa</forename><surname>Takagi</surname></persName>
		</author>
		<author>
			<persName><forename type="first">Akinori</forename><surname>Yonezawa</surname></persName>
		</author>
	</analytic>
	<monogr>
		<title level="m">BMC bioinformatics</title>
				<imprint>
			<date type="published" when="2012">2012</date>
		</imprint>
	</monogr>
	<note type="raw_reference">Jin-Dong Kim, Ngan Nguyen, Yue Wang, Jun&apos;ichi Tsu- jii, Toshihisa Takagi, and Akinori Yonezawa. 2012. The genia event and protein coreference tasks of the BioNLP shared task 2011. In BMC bioinformatics.</note>
</biblStruct>

<biblStruct xml:id="b10">
	<analytic>
		<title level="a" type="main">From zero to hero: Humanin-the-loop entity linking in low resource domains</title>
		<author>
			<persName><forename type="first">Jan-Christoph</forename><surname>Klie</surname></persName>
		</author>
		<author>
			<persName><forename type="first">Richard</forename><surname>Eckart De Castilho</surname></persName>
		</author>
		<author>
			<persName><forename type="first">Iryna</forename><surname>Gurevych</surname></persName>
		</author>
		<idno type="DOI">10.18653/v1/2020.acl-main.624</idno>
	</analytic>
	<monogr>
		<title level="m">Proceedings of the</title>
				<meeting>the</meeting>
		<imprint>
			<publisher>Association for Computational Linguistics</publisher>
			<date type="published" when="2020">2020</date>
		</imprint>
	</monogr>
	<note type="raw_reference">Jan-Christoph Klie, Richard Eckart de Castilho, and Iryna Gurevych. 2020. From zero to hero: Human- in-the-loop entity linking in low resource domains. In Proceedings of the Association for Computational Linguistics.</note>
</biblStruct>

<biblStruct xml:id="b11">
	<analytic>
		<title level="a" type="main">Errordriven analysis of challenges in coreference resolution</title>
		<author>
			<persName><forename type="first">Jonathan</forename><forename type="middle">K</forename><surname>Kummerfeld</surname></persName>
		</author>
		<author>
			<persName><forename type="first">Dan</forename><surname>Klein</surname></persName>
		</author>
	</analytic>
	<monogr>
		<title level="m">Proceedings of Empirical Methods in Natural Language Processing</title>
				<meeting>Empirical Methods in Natural Language Processing</meeting>
		<imprint>
			<date type="published" when="2013">2013</date>
		</imprint>
	</monogr>
	<note type="raw_reference">Jonathan K. Kummerfeld and Dan Klein. 2013. Error- driven analysis of challenges in coreference resolu- tion. In Proceedings of Empirical Methods in Natu- ral Language Processing.</note>
</biblStruct>

<biblStruct xml:id="b12">
	<analytic>
		<title level="a" type="main">Empowering Active Learning to Jointly Optimize System and User Demands</title>
		<author>
			<persName><forename type="first">Ji-Ung</forename><surname>Lee</surname></persName>
		</author>
		<author>
			<persName><forename type="first">Christian</forename><forename type="middle">M</forename><surname>Meyer</surname></persName>
		</author>
		<author>
			<persName><forename type="first">Iryna</forename><surname>Gurevych</surname></persName>
		</author>
		<idno type="DOI">10.18653/v1/2020.acl-main.390</idno>
	</analytic>
	<monogr>
		<title level="m">Proceedings of the</title>
				<meeting>the</meeting>
		<imprint>
			<publisher>Association for Computational Linguistics</publisher>
			<date type="published" when="2020">2020</date>
		</imprint>
	</monogr>
	<note type="raw_reference">Ji-Ung Lee, Christian M. Meyer, and Iryna Gurevych. 2020. Empowering Active Learning to Jointly Opti- mize System and User Demands. In Proceedings of the Association for Computational Linguistics.</note>
</biblStruct>

<biblStruct xml:id="b13">
	<analytic>
		<title level="a" type="main">End-to-end neural coreference resolution</title>
		<author>
			<persName><forename type="first">Kenton</forename><surname>Lee</surname></persName>
		</author>
		<author>
			<persName><forename type="first">Luheng</forename><surname>He</surname></persName>
		</author>
		<author>
			<persName><forename type="first">Mike</forename><surname>Lewis</surname></persName>
		</author>
		<author>
			<persName><forename type="first">Luke</forename><surname>Zettlemoyer</surname></persName>
		</author>
		<idno type="DOI">10.18653/v1/D17-1018</idno>
	</analytic>
	<monogr>
		<title level="m">Proceedings of Empirical Methods in Natural Language Processing</title>
				<meeting>Empirical Methods in Natural Language Processing</meeting>
		<imprint>
			<date type="published" when="2017">2017</date>
		</imprint>
	</monogr>
	<note type="raw_reference">Kenton Lee, Luheng He, Mike Lewis, and Luke Zettle- moyer. 2017. End-to-end neural coreference resolu- tion. In Proceedings of Empirical Methods in Natu- ral Language Processing.</note>
</biblStruct>

<biblStruct xml:id="b14">
	<analytic>
		<title level="a" type="main">Higher-order coreference resolution with coarse-tofine inference</title>
		<author>
			<persName><forename type="first">Kenton</forename><surname>Lee</surname></persName>
		</author>
		<author>
			<persName><forename type="first">Luheng</forename><surname>He</surname></persName>
		</author>
		<author>
			<persName><forename type="first">Luke</forename><surname>Zettlemoyer</surname></persName>
		</author>
		<idno type="DOI">10.18653/v1/N18-2108</idno>
	</analytic>
	<monogr>
		<title level="m">Conference of the North American Chapter</title>
				<imprint>
			<publisher>the Association for Computational Linguistics</publisher>
			<date type="published" when="2018">2018</date>
		</imprint>
	</monogr>
	<note type="raw_reference">Kenton Lee, Luheng He, and Luke Zettlemoyer. 2018. Higher-order coreference resolution with coarse-to- fine inference. In Conference of the North American Chapter of the Association for Computational Lin- guistics.</note>
</biblStruct>

<biblStruct xml:id="b15">
	<analytic>
		<title level="a" type="main">A sequential algorithm for training text classifiers</title>
		<author>
			<persName><forename type="first">David</forename><forename type="middle">D</forename><surname>Lewis</surname></persName>
		</author>
		<author>
			<persName><forename type="first">William</forename><forename type="middle">A</forename><surname>Gale</surname></persName>
		</author>
	</analytic>
	<monogr>
		<title level="m">Proceedings of the ACM SIGIR Conference on Research and Development in Information Retrieval</title>
				<meeting>the ACM SIGIR Conference on Research and Development in Information Retrieval</meeting>
		<imprint>
			<date type="published" when="1994">1994</date>
		</imprint>
	</monogr>
	<note type="raw_reference">David D. Lewis and William A. Gale. 1994. A sequen- tial algorithm for training text classifiers. In Pro- ceedings of the ACM SIGIR Conference on Research and Development in Information Retrieval.</note>
</biblStruct>

<biblStruct xml:id="b16">
	<analytic>
		<title level="a" type="main">Active learning for coreference resolution using discrete annotation</title>
		<author>
			<persName><forename type="first">Belinda</forename><forename type="middle">Z</forename><surname>Li</surname></persName>
		</author>
		<author>
			<persName><forename type="first">Gabriel</forename><surname>Stanovsky</surname></persName>
		</author>
		<author>
			<persName><forename type="first">Luke</forename><surname>Zettlemoyer</surname></persName>
		</author>
		<idno type="DOI">10.18653/v1/2020.acl-main.738</idno>
	</analytic>
	<monogr>
		<title level="m">Proceedings of the</title>
				<meeting>the</meeting>
		<imprint>
			<publisher>Association for Computational Linguistics</publisher>
			<date type="published" when="2020">2020</date>
		</imprint>
	</monogr>
	<note type="raw_reference">Belinda Z Li, Gabriel Stanovsky, and Luke Zettle- moyer. 2020. Active learning for coreference reso- lution using discrete annotation. In Proceedings of the Association for Computational Linguistics.</note>
</biblStruct>

<biblStruct xml:id="b17">
	<analytic>
		<title level="a" type="main">ActiveEA: Active learning for neural entity alignment</title>
		<author>
			<persName><forename type="first">Bing</forename><surname>Liu</surname></persName>
		</author>
		<author>
			<persName><forename type="first">Harrisen</forename><surname>Scells</surname></persName>
		</author>
		<author>
			<persName><forename type="first">Guido</forename><surname>Zuccon</surname></persName>
		</author>
		<author>
			<persName><forename type="first">Wen</forename><surname>Hua</surname></persName>
		</author>
		<author>
			<persName><forename type="first">Genghong</forename><surname>Zhao</surname></persName>
		</author>
	</analytic>
	<monogr>
		<title level="m">Proceedings of Reference, Anaphora and Coreference</title>
				<meeting>Reference, Anaphora and Coreference</meeting>
		<imprint>
			<date type="published" when="2021">2021</date>
		</imprint>
	</monogr>
	<note type="raw_reference">Bing Liu, Harrisen Scells, Guido Zuccon, Wen Hua, and Genghong Zhao. 2021. ActiveEA: Active learn- ing for neural entity alignment. In Proceedings of Reference, Anaphora and Coreference.</note>
</biblStruct>

<biblStruct xml:id="b18">
	<analytic>
		<title level="a" type="main">Towards robust linguistic analysis using OntoNotes</title>
		<author>
			<persName><forename type="first">Alessandro</forename><surname>Sameer Pradhan</surname></persName>
		</author>
		<author>
			<persName><forename type="first">Nianwen</forename><surname>Moschitti</surname></persName>
		</author>
		<author>
			<persName><surname>Xue</surname></persName>
		</author>
		<author>
			<persName><forename type="first">Tou</forename><surname>Hwee</surname></persName>
		</author>
		<author>
			<persName><forename type="first">Anders</forename><surname>Ng</surname></persName>
		</author>
		<author>
			<persName><forename type="first">Olga</forename><surname>Björkelund</surname></persName>
		</author>
		<author>
			<persName><forename type="first">Yuchen</forename><surname>Uryupina</surname></persName>
		</author>
		<author>
			<persName><forename type="first">Zhi</forename><surname>Zhang</surname></persName>
		</author>
		<author>
			<persName><surname>Zhong</surname></persName>
		</author>
	</analytic>
	<monogr>
		<title level="m">Conference on Computational Natural Language Learning</title>
				<imprint>
			<date type="published" when="2013">2013</date>
		</imprint>
	</monogr>
	<note type="raw_reference">Sameer Pradhan, Alessandro Moschitti, Nianwen Xue, Hwee Tou Ng, Anders Björkelund, Olga Uryupina, Yuchen Zhang, and Zhi Zhong. 2013. Towards ro- bust linguistic analysis using OntoNotes. In Confer- ence on Computational Natural Language Learning.</note>
</biblStruct>

<biblStruct xml:id="b19">
	<analytic>
		<title level="a" type="main">Domain adaptation meets active learning</title>
		<author>
			<persName><forename type="first">Piyush</forename><surname>Rai</surname></persName>
		</author>
		<author>
			<persName><forename type="first">Avishek</forename><surname>Saha</surname></persName>
		</author>
		<author>
			<persName><forename type="first">Hal</forename><surname>Daumé</surname></persName>
		</author>
		<author>
			<persName><forename type="first">Iii</forename></persName>
		</author>
		<author>
			<persName><forename type="first">Suresh</forename><surname>Venkatasubramanian</surname></persName>
		</author>
	</analytic>
	<monogr>
		<title level="m">Conference of the North American Chapter</title>
				<imprint>
			<publisher>the Association for Computational Linguistics</publisher>
			<date type="published" when="2010">2010</date>
		</imprint>
	</monogr>
	<note type="raw_reference">Piyush Rai, Avishek Saha, Hal Daumé III, and Suresh Venkatasubramanian. 2010. Domain adaptation meets active learning. In Conference of the North American Chapter of the Association for Computa- tional Linguistics.</note>
</biblStruct>

<biblStruct xml:id="b20">
	<analytic>
		<title level="a" type="main">An active learning approach to coreference resolution</title>
		<author>
			<persName><forename type="first">Mrinmaya</forename><surname>Sachan</surname></persName>
		</author>
		<author>
			<persName><forename type="first">Eduard</forename><surname>Hovy</surname></persName>
		</author>
		<author>
			<persName><forename type="first">Eric</forename><forename type="middle">P</forename><surname>Xing</surname></persName>
		</author>
	</analytic>
	<monogr>
		<title level="m">International Joint Conference on Artificial Intelligence</title>
				<imprint>
			<date type="published" when="2015">2015</date>
		</imprint>
	</monogr>
	<note type="raw_reference">Mrinmaya Sachan, Eduard Hovy, and Eric P Xing. 2015. An active learning approach to coreference resolution. In International Joint Conference on Ar- tificial Intelligence.</note>
</biblStruct>

<biblStruct xml:id="b21">
	<monogr>
		<title level="m" type="main">Active learning literature survey</title>
		<author>
			<persName><forename type="first">Burr</forename><surname>Settles</surname></persName>
		</author>
		<imprint>
			<date type="published" when="2009">2009</date>
		</imprint>
		<respStmt>
			<orgName>University of Wisconsin-Madison Department of Computer Sciences</orgName>
		</respStmt>
	</monogr>
	<note type="report_type">Technical report</note>
	<note type="raw_reference">Burr Settles. 2009. Active learning literature survey. Technical report, University of Wisconsin-Madison Department of Computer Sciences.</note>
</biblStruct>

<biblStruct xml:id="b22">
	<analytic>
		<title level="a" type="main">A modeltheoretic coreference scoring scheme</title>
		<author>
			<persName><forename type="first">Marc</forename><surname>Vilain</surname></persName>
		</author>
		<author>
			<persName><forename type="first">John</forename><surname>Burger</surname></persName>
		</author>
		<author>
			<persName><forename type="first">John</forename><surname>Aberdeen</surname></persName>
		</author>
	</analytic>
	<monogr>
		<title level="m">Sixth Message Understanding Conference (MUC-6): Proceedings of a Conference</title>
				<meeting><address><addrLine>Columbia, Maryland</addrLine></address></meeting>
		<imprint>
			<date type="published" when="1995">1995</date>
		</imprint>
	</monogr>
	<note>Dennis Connolly, and Lynette Hirschman</note>
	<note type="raw_reference">Marc Vilain, John Burger, John Aberdeen, Dennis Con- nolly, and Lynette Hirschman. 1995. A model- theoretic coreference scoring scheme. In Sixth Mes- sage Understanding Conference (MUC-6): Proceed- ings of a Conference Held in Columbia, Maryland.</note>
</biblStruct>

<biblStruct xml:id="b23">
	<analytic>
		<title level="a" type="main">Cost-aware active learning for named entity recognition in clinical text</title>
		<author>
			<persName><forename type="first">Qiang</forename><surname>Wei</surname></persName>
		</author>
		<author>
			<persName><forename type="first">Yukun</forename><surname>Chen</surname></persName>
		</author>
		<author>
			<persName><forename type="first">Mandana</forename><surname>Salimi</surname></persName>
		</author>
		<author>
			<persName><forename type="first">Joshua</forename><forename type="middle">C</forename><surname>Denny</surname></persName>
		</author>
		<author>
			<persName><forename type="first">Qiaozhu</forename><surname>Mei</surname></persName>
		</author>
		<author>
			<persName><forename type="first">Thomas</forename><forename type="middle">A</forename><surname>Lasko</surname></persName>
		</author>
		<author>
			<persName><forename type="first">Qingxia</forename><surname>Chen</surname></persName>
		</author>
		<author>
			<persName><forename type="first">Stephen</forename><surname>Wu</surname></persName>
		</author>
		<author>
			<persName><forename type="first">Amy</forename><surname>Franklin</surname></persName>
		</author>
		<author>
			<persName><forename type="first">Trevor</forename><surname>Cohen</surname></persName>
		</author>
	</analytic>
	<monogr>
		<title level="j">Journal of the American Medical Informatics Association</title>
		<imprint>
			<biblScope unit="volume">26</biblScope>
			<biblScope unit="page" from="1314" to="1322" />
			<date type="published" when="2019">2019</date>
		</imprint>
	</monogr>
	<note type="raw_reference">Qiang Wei, Yukun Chen, Mandana Salimi, Joshua C Denny, Qiaozhu Mei, Thomas A Lasko, Qingxia Chen, Stephen Wu, Amy Franklin, Trevor Co- hen, et al. 2019. Cost-aware active learning for named entity recognition in clinical text. Journal of the American Medical Informatics Association, 26:1314-1322.</note>
</biblStruct>

<biblStruct xml:id="b24">
	<analytic>
		<title level="a" type="main">CorefQA: Coreference resolution as query-based span prediction</title>
		<author>
			<persName><forename type="first">Wei</forename><surname>Wu</surname></persName>
		</author>
		<author>
			<persName><forename type="first">Fei</forename><surname>Wang</surname></persName>
		</author>
		<author>
			<persName><forename type="first">Arianna</forename><surname>Yuan</surname></persName>
		</author>
		<author>
			<persName><forename type="first">Fei</forename><surname>Wu</surname></persName>
		</author>
		<author>
			<persName><forename type="first">Jiwei</forename><surname>Li</surname></persName>
		</author>
		<idno type="DOI">10.18653/v1/2020.acl-main.622</idno>
	</analytic>
	<monogr>
		<title level="m">Proceedings of the</title>
				<meeting>the</meeting>
		<imprint>
			<publisher>Association for Computational Linguistics</publisher>
			<date type="published" when="2020">2020</date>
		</imprint>
	</monogr>
	<note type="raw_reference">Wei Wu, Fei Wang, Arianna Yuan, Fei Wu, and Ji- wei Li. 2020. CorefQA: Coreference resolution as query-based span prediction. In Proceedings of the Association for Computational Linguistics.</note>
</biblStruct>

<biblStruct xml:id="b25">
	<analytic>
		<title level="a" type="main">Understanding mention detector-linker interaction for neural coreference resolution</title>
		<author>
			<persName><forename type="first">Zhaofeng</forename><surname>Wu</surname></persName>
		</author>
		<author>
			<persName><forename type="first">Matt</forename><surname>Gardner</surname></persName>
		</author>
		<idno type="DOI">10.18653/v1/2021.crac-1.16</idno>
	</analytic>
	<monogr>
		<title level="m">Proceedings of the Fourth Workshop on Computational Models of Reference</title>
				<meeting>the Fourth Workshop on Computational Models of Reference</meeting>
		<imprint>
			<publisher>Anaphora and Coreference</publisher>
			<date type="published" when="2021">2021</date>
		</imprint>
	</monogr>
	<note type="raw_reference">Zhaofeng Wu and Matt Gardner. 2021. Understanding mention detector-linker interaction for neural coref- erence resolution. In Proceedings of the Fourth Workshop on Computational Models of Reference, Anaphora and Coreference.</note>
</biblStruct>

<biblStruct xml:id="b26">
	<analytic>
		<title level="a" type="main">Incremental neural coreference resolution in constant memory</title>
		<author>
			<persName><forename type="first">Patrick</forename><surname>Xia</surname></persName>
		</author>
		<author>
			<persName><forename type="first">João</forename><surname>Sedoc</surname></persName>
		</author>
		<author>
			<persName><forename type="first">Benjamin</forename><surname>Van Durme</surname></persName>
		</author>
		<idno type="DOI">10.18653/v1/2020.emnlp-main.695</idno>
	</analytic>
	<monogr>
		<title level="m">Proceedings of Empirical Methods in Natural Language Processing</title>
				<meeting>Empirical Methods in Natural Language Processing</meeting>
		<imprint>
			<date type="published" when="2020">2020</date>
		</imprint>
	</monogr>
	<note type="raw_reference">Patrick Xia, João Sedoc, and Benjamin Van Durme. 2020. Incremental neural coreference resolution in constant memory. In Proceedings of Empirical Methods in Natural Language Processing.</note>
</biblStruct>

<biblStruct xml:id="b27">
	<analytic>
		<title level="a" type="main">Moving on from OntoNotes: Coreference resolution model transfer</title>
		<author>
			<persName><forename type="first">Patrick</forename><surname>Xia</surname></persName>
		</author>
		<author>
			<persName><forename type="first">Benjamin</forename><surname>Van Durme</surname></persName>
		</author>
		<idno type="DOI">10.18653/v1/2021.emnlp-main.425</idno>
	</analytic>
	<monogr>
		<title level="m">Proceedings of Empirical Methods in Natural Language Processing</title>
				<meeting>Empirical Methods in Natural Language Processing</meeting>
		<imprint>
			<date type="published" when="2021">2021</date>
		</imprint>
	</monogr>
	<note type="raw_reference">Patrick Xia and Benjamin Van Durme. 2021. Moving on from OntoNotes: Coreference resolution model transfer. In Proceedings of Empirical Methods in Natural Language Processing.</note>
</biblStruct>

<biblStruct xml:id="b28">
	<analytic>
		<title level="a" type="main">Cold-start active learning through self-supervised language modeling</title>
		<author>
			<persName><forename type="first">Michelle</forename><surname>Yuan</surname></persName>
		</author>
		<author>
			<persName><forename type="first">Hsuan-Tien</forename><surname>Lin</surname></persName>
		</author>
		<author>
			<persName><forename type="first">Jordan</forename><surname>Boyd-Graber</surname></persName>
		</author>
		<idno type="DOI">10.18653/v1/2020.emnlp-main.637</idno>
	</analytic>
	<monogr>
		<title level="m">Proceedings of Empirical Methods in Natural Language Processing</title>
				<meeting>Empirical Methods in Natural Language Processing</meeting>
		<imprint>
			<date type="published" when="2020">2020</date>
		</imprint>
	</monogr>
	<note type="raw_reference">Michelle Yuan, Hsuan-Tien Lin, and Jordan Boyd- Graber. 2020. Cold-start active learning through self-supervised language modeling. In Proceedings of Empirical Methods in Natural Language Process- ing.</note>
</biblStruct>

<biblStruct xml:id="b29">
	<analytic>
		<title level="a" type="main">Active discriminative text representation learning</title>
		<author>
			<persName><forename type="first">Ye</forename><surname>Zhang</surname></persName>
		</author>
		<author>
			<persName><forename type="first">Matthew</forename><surname>Lease</surname></persName>
		</author>
		<author>
			<persName><forename type="first">Byron</forename><forename type="middle">C</forename><surname>Wallace</surname></persName>
		</author>
	</analytic>
	<monogr>
		<title level="m">Association for the Advancement of Artificial Intelligence</title>
				<imprint>
			<date type="published" when="2017">2017</date>
		</imprint>
	</monogr>
	<note type="raw_reference">Ye Zhang, Matthew Lease, and Byron C. Wallace. 2017. Active discriminative text representation learning. In Association for the Advancement of Ar- tificial Intelligence.</note>
</biblStruct>

<biblStruct xml:id="b30">
	<analytic>
		<title level="a" type="main">Domain adaptation with active learning for coreference resolution</title>
		<author>
			<persName><forename type="first">Shanheng</forename><surname>Zhao</surname></persName>
		</author>
		<author>
			<persName><forename type="first">Hwee Tou</forename><surname>Ng</surname></persName>
		</author>
		<idno type="DOI">10.3115/v1/W14-1104</idno>
	</analytic>
	<monogr>
		<title level="m">Proceedings of the 5th International Workshop on Health Text Mining and Information Analysis (Louhi)</title>
				<meeting>the 5th International Workshop on Health Text Mining and Information Analysis (Louhi)</meeting>
		<imprint>
			<date type="published" when="2014">2014</date>
		</imprint>
	</monogr>
	<note type="raw_reference">Shanheng Zhao and Hwee Tou Ng. 2014. Domain adaptation with active learning for coreference reso- lution. In Proceedings of the 5th International Work- shop on Health Text Mining and Information Analy- sis (Louhi).</note>
</biblStruct>

<biblStruct xml:id="b31">
	<analytic>
		<title level="a" type="main">Active learning with sampling by uncertainty and density for word sense disambiguation and text classification</title>
		<author>
			<persName><forename type="first">Jingbo</forename><surname>Zhu</surname></persName>
		</author>
		<author>
			<persName><forename type="first">Huizhen</forename><surname>Wang</surname></persName>
		</author>
		<author>
			<persName><forename type="first">Tianshun</forename><surname>Yao</surname></persName>
		</author>
		<author>
			<persName><forename type="first">Benjamin</forename><forename type="middle">K</forename><surname>Tsou</surname></persName>
		</author>
	</analytic>
	<monogr>
		<title level="m">Proceedings of International Conference on Computational Linguistics</title>
				<meeting>International Conference on Computational Linguistics</meeting>
		<imprint>
			<date type="published" when="2008">2008</date>
		</imprint>
	</monogr>
	<note type="raw_reference">Jingbo Zhu, Huizhen Wang, Tianshun Yao, and Ben- jamin K. Tsou. 2008. Active learning with sampling by uncertainty and density for word sense disam- biguation and text classification. In Proceedings of International Conference on Computational Linguis- tics.</note>
</biblStruct>

				</listBibl>
			</div>
		</back>
	</text>
</TEI>
