<?xml version="1.0" encoding="UTF-8"?>
<TEI xml:space="preserve" xmlns="http://www.tei-c.org/ns/1.0" 
xmlns:xsi="http://www.w3.org/2001/XMLSchema-instance" 
xsi:schemaLocation="http://www.tei-c.org/ns/1.0 https://raw.githubusercontent.com/kermitt2/grobid/master/grobid-home/schemas/xsd/Grobid.xsd"
 xmlns:xlink="http://www.w3.org/1999/xlink">
	<teiHeader xml:lang="en">
		<fileDesc>
			<titleStmt>
				<title level="a" type="main">OIE@OIA: an Adaptable and Efficient Open Information Extraction Framework</title>
			</titleStmt>
			<publicationStmt>
				<publisher/>
				<availability status="unknown"><licence/></availability>
			</publicationStmt>
			<sourceDesc>
				<biblStruct>
					<analytic>
						<author>
							<persName><forename type="first">Xin</forename><surname>Wang</surname></persName>
							<email>wangxin60@baidu.com</email>
							<affiliation key="aff0">
								<orgName type="laboratory">Cognitive Computing Lab Baidu Research No</orgName>
								<address>
									<addrLine>10 Xibeiwang East Road, 10900 NE 8th St. Bellevue</addrLine>
									<postCode>100193, 98004</postCode>
									<settlement>Beijing</settlement>
									<region>Washington</region>
									<country>China, USA</country>
								</address>
							</affiliation>
						</author>
						<author>
							<persName><forename type="first">Minlong</forename><surname>Peng</surname></persName>
							<email>pengminlong@baidu.com</email>
							<affiliation key="aff0">
								<orgName type="laboratory">Cognitive Computing Lab Baidu Research No</orgName>
								<address>
									<addrLine>10 Xibeiwang East Road, 10900 NE 8th St. Bellevue</addrLine>
									<postCode>100193, 98004</postCode>
									<settlement>Beijing</settlement>
									<region>Washington</region>
									<country>China, USA</country>
								</address>
							</affiliation>
						</author>
						<author>
							<persName><forename type="first">Mingming</forename><surname>Sun</surname></persName>
							<email>sunmingming01@baidu.com</email>
							<affiliation key="aff0">
								<orgName type="laboratory">Cognitive Computing Lab Baidu Research No</orgName>
								<address>
									<addrLine>10 Xibeiwang East Road, 10900 NE 8th St. Bellevue</addrLine>
									<postCode>100193, 98004</postCode>
									<settlement>Beijing</settlement>
									<region>Washington</region>
									<country>China, USA</country>
								</address>
							</affiliation>
						</author>
						<author>
							<persName><forename type="first">Ping</forename><surname>Li</surname></persName>
							<email>liping11@baidu.com</email>
							<affiliation key="aff0">
								<orgName type="laboratory">Cognitive Computing Lab Baidu Research No</orgName>
								<address>
									<addrLine>10 Xibeiwang East Road, 10900 NE 8th St. Bellevue</addrLine>
									<postCode>100193, 98004</postCode>
									<settlement>Beijing</settlement>
									<region>Washington</region>
									<country>China, USA</country>
								</address>
							</affiliation>
						</author>
						<title level="a" type="main">OIE@OIA: an Adaptable and Efficient Open Information Extraction Framework</title>
					</analytic>
					<monogr>
						<imprint>
							<date/>
						</imprint>
					</monogr>
					<idno type="MD5">CE25BEBC6814CE70C088001B3C7EE815</idno>
				</biblStruct>
			</sourceDesc>
		</fileDesc>
		<encodingDesc>
			<appInfo>
				<application version="0.7.3-SNAPSHOT" ident="GROBID" when="2023-01-12T08:47+0000">
					<desc>GROBID - A machine learning software for extracting information from scholarly documents</desc>
					<ref target="https://github.com/kermitt2/grobid"/>
				</application>
			</appInfo>
		</encodingDesc>
		<profileDesc>
			<abstract>
<div xmlns="http://www.tei-c.org/ns/1.0"><p>Different Open Information Extraction (OIE) tasks require different types of information, so the OIE field requires strong adaptability of OIE algorithms to meet different task requirements. This paper discusses the adaptability problem in existing OIE systems and designs a new adaptable and efficient OIE system -OIE@OIA as a solution. OIE@OIA follows the methodology of Open Information eXpression (OIX): parsing a sentence to an Open Information Annotation (OIA) Graph and then adapting the OIA graph to different OIE tasks with simple rules. As the core of our OIE@OIA system, we implement an endto-end OIA generator by annotating a dataset (we make it open available) and designing an efficient learning algorithm for the complex OIA graph. We easily adapt the OIE@OIA system to accomplish three popular OIE tasks. The experimental show that our OIE@OIA achieves new SOTA performances on these tasks, showing the great adaptability of our OIE@OIA system. Furthermore, compared to other end-to-end OIE baselines that need millions of samples for training, our OIE@OIA needs much fewer training samples (12K), showing a significant advantage in terms of efficiency.</p></div>
			</abstract>
		</profileDesc>
	</teiHeader>
	<text xml:lang="en">
		<body>
<div xmlns="http://www.tei-c.org/ns/1.0"><head n="1">Introduction</head><p>Open Information Extraction (OIE) techniques are gradually attracting more and more attention <ref type="bibr" target="#b18">(Christensen et al., 2011;</ref><ref type="bibr" target="#b29">Mausam et al., 2012;</ref><ref type="bibr">Corro and Gemulla, 2013;</ref><ref type="bibr" target="#b0">Angeli et al., 2015;</ref><ref type="bibr" target="#b16">Bhutani et al., 2016;</ref><ref type="bibr" target="#b20">Cui et al., 2018;</ref><ref type="bibr" target="#b32">Roy et al., 2019;</ref><ref type="bibr" target="#b40">Zhan and Zhao, 2020)</ref> as they build a bridge between language to knowledge. OIE tasks are generally designed for its information extraction requirements, which vary from verbal relations between entities <ref type="bibr" target="#b14">(Banko et al., 2007;</ref><ref type="bibr" target="#b25">Etzioni et al., 2004)</ref>, nominal attributes <ref type="bibr">(Yahya et al., 2014;</ref><ref type="bibr" target="#b30">Pal and Mausam, 2016;</ref><ref type="bibr" target="#b33">Saha et al., 2017)</ref>, and adverbial components (e.g., time) <ref type="bibr" target="#b36">(Stanovsky et al., 2018)</ref>. Even for the same type of information, the required facts may still differ. Table <ref type="table">1</ref> shows the required form of facts of three popular OIE tasks: OIE2016 <ref type="bibr" target="#b35">(Stanovsky and Dagan, 2016)</ref>, Re-OIE2016 <ref type="bibr" target="#b40">(Zhan and Zhao, 2020)</ref> and CaRB <ref type="bibr" target="#b15">(Bhardwaj et al., 2019)</ref>. The diversity of requirements is an essential feature in the field of OIE, which leads to the urgent need for OIE algorithms with strong adaptability.</p><p>The adaptability problem in the OIE field has not been well addressed. There are two primary methodologies to obtain an OIE system: the rulebased approach and the end-to-end learning-based approach. The rule-based approaches <ref type="bibr" target="#b18">(Christensen et al., 2011;</ref><ref type="bibr">Corro and Gemulla, 2013;</ref><ref type="bibr" target="#b0">Angeli et al., 2015;</ref><ref type="bibr" target="#b16">Bhutani et al., 2016;</ref><ref type="bibr" target="#b26">Gashteovski et al., 2017)</ref> use human-written or bootstraplearned rules to convert linguistic structures of sentences into target facts. The end-to-end learning approaches <ref type="bibr" target="#b36">(Stanovsky et al., 2018;</ref><ref type="bibr">Sun et al., 2018b,a;</ref><ref type="bibr" target="#b32">Roy et al., 2019;</ref><ref type="bibr" target="#b31">Ro et al., 2020;</ref><ref type="bibr" target="#b27">Kolluru et al., 2020;</ref><ref type="bibr" target="#b28">Liu et al., 2020)</ref> first build a dataset containing &lt;sentence, facts&gt; pairs and then use end-to-end learning to train a neural network as the OIE system. However, these methodologies develop a specific machine for every single task. When the requirements change, one must rewrite the complex rule system or re-annotate the data and then retrain the model. These methodologies fail to meet the need for strong adaptability in the OIE field.</p><p>Recently, a concept called Open Information eXpression (OIX) was proposed by <ref type="bibr" target="#b37">Sun et al. (2020)</ref> to address the adaptability issue of OIE algorithms. The idea of OIX is to introduce an intermediate layer between the language and OIE, which can express the sentence without information loss and be easily adapted to various OIE tasks. <ref type="bibr" target="#b37">Sun et al. (2020)</ref> proposed a standard, called Open Information Annotation (OIA), to implement OIX. The OIA standard defines an annotation criterion of Fact OIE2016 Re-OIE2016 CaRB &lt;[is], Ms. Lee, headmaster&gt; &lt;is responsible, Ms. Lee, for this&gt; &lt;told, Ms. Lee, Lily, she is responsible for this&gt; &lt;told, Ms. Lee, Jimmy, she is responsible for this&gt; &lt;told, Ms. Lee, Lily and Jimmy, she is responsible for this&gt; Table <ref type="table">1</ref>: Facts defined in different OIE tasks, for the expression "Ms. Lee, the headmaster, told Lily and Jimmy she is responsible for this.". With OIA, we can easily adapt to these various OIE standards using simple rules. natural language sentences, which aims to express all information of a sentence into a Predicate-Function-Argument structure, represented by a single-rooted DAG graph. In addition, they implemented a rule-based OIA system that generates OIA graphs from Universal Dependency graphs.</p><p>Following the methodology of OIX/OIA, we implement an adaptable and efficient OIE system -OIE@OIA. The framework of OIE@OIA shown in Figure <ref type="figure">1</ref> has two components. The first one is the OIA generator, which converts a sentence into an OIA graph. We annotate a large OIA dataset (containing 12,543 training samples, 2,002 development samples, and 2,077 testing samples), develop an efficient learning algorithm to learn and inference the OIA graph, and finally build an end-to-end OIA graph learner. The second component is a group of adaptors, one for each OIE task. We show three popular OIE tasks focused on in this paper in the figure. Furthermore, one can write new adaptors for new OIE tasks, which are very simple, as shown in the following sections. The OIE@OIA system achieves the SOTA (or comparable) performance on three OIE tasks: OIE2016, Re-OIE2016, and CaRB, verifying the adaptability of our OIE@OIA system. Furthermore, our OIE@OIA only needs 12K samples to train, whereas existing end-to-end OIE methods typically need millions of training samples. This verifies the efficiency of our OIE@OIA system.</p><p>The contribution of this work is as follows:</p><p>• An adaptable and efficient OIE system -OIE@OIA, achieving the SOTA performance on different OIE tasks.</p><p>• The first end-to-end OIA learning pipeline built on a large human-labeled OIA dataset (we make it open available) and an efficient algorithm for the OIA graph;</p><p>Figure <ref type="figure">1</ref>: The framework of OIE@OIA.</p></div>
<div xmlns="http://www.tei-c.org/ns/1.0"><head n="2">OIE@OIA</head><p>In this section, we introduce the OIE@OIA framework, compare it with existing methodologies, and finally discuss its capability and limitation.</p></div>
<div xmlns="http://www.tei-c.org/ns/1.0"><head n="2.1">OIA Generator</head><p>The core of the OIE@OIA framework is an end-toend learned OIA generator. To build the generator, we annotate a large dataset using sentences from English-EWT (version 2.4, containing 16K sentences )<ref type="foot" target="#foot_0">1</ref> and design a neural-based algorithm for learning the OIA graph from sentences. The data annotation procedure and the learning procedure are detailed in Section 3. The standard OIA graph described in <ref type="bibr" target="#b37">Sun et al. (2020)</ref> only defined three node types: Constant, Predicate, and Function. However, users may need more fine-grained type information about nodes, especially the type of predicates, to filter wanted facts. For instance, in building OIE systems based on OIA, we need to recognize verbal nodes, which act as the relationship descriptions of the OIE facts. In addition, in event logic graph construction <ref type="bibr" target="#b22">(Ding et al., 2019)</ref> Figure <ref type="figure">2</ref> shows the OIA graph created by our OIA generator for the example sentence in Table <ref type="table">1</ref>, where the predicate nodes are highlighted with color cyan. We can see that all information in the sentence is expressed in the graph, and the predicate-argument structures concerned in OIE tasks are accurately captured.</p></div>
<div xmlns="http://www.tei-c.org/ns/1.0"><head n="2.2">OIE Adaptors</head><p>Next, we illustrate how to design adaptors to accomplish three popular OIE tasks: OIE2016, Re-OIE2016, and CaRB. The OIE2016 and Re-OIE2016 adaptors are built based on the relabeling principle of <ref type="bibr" target="#b40">Zhan and Zhao (2020)</ref>. The adaptor for CaRB is built based on the labeling instructions in attachment 2 of <ref type="bibr" target="#b15">Bhardwaj et al. (2019)</ref>. Note that one can always design new adaptors for new OIE tasks.</p><p>Figure <ref type="figure">2</ref> shows the OIA graph of the example sentence expressing the common units required by these three tasks. First, we design the following simple rules: Verbal: For each verbal node in the OIA graph, 2 https://aclanthology.org/D19-1651/ we take the node as the predicate of the OIE fact and take each child sub-tree of the verbal node as an argument of the fact. For instance, given the sample in Figure <ref type="figure">2</ref>, the extracted facts using the rule are &lt;"told", "Ms. Lee, the headmaster", "Lily and Jimmy", "she is responsible for this"&gt; and &lt;"is responsible", "she", "for this"&gt;. VerbalPiP: In the OIA graph, for each verbal node with a prepositional child, we merge the child into the verbal node and apply the Verbal rule on the resultant OIA graph. This produces &lt;"is responsible for", "she", "this"&gt; for the sample in Figure <ref type="figure">2</ref> instead of &lt;"is responsible", "she", "for this"&gt;. Appos(be): All edges like &lt;A, appos, B&gt; in OIA graphs are extracted to form the facts &lt;be, A, B&gt;.</p><p>CoordSep: The fact tuples with coordination arguments are separated into multiple fact tuples, e.g., &lt;told, ~, Lily and Jimmy, ~&gt; is separated into &lt;told, ~, Lily, ~&gt; and &lt;told, ~, Jimmy, ~&gt;.</p><p>Then, we implement the adaptors for the three tasks using the combinations of the above rules:</p><formula xml:id="formula_0">• Adaptor@OIE 2016 = Verbal + CoordSep; • Adaptor@Re-OIE 2016 = Verbal + Appos([is]); • Adaptor@CaRB = VerbalPiP + Appos(is) + CoordSep.</formula></div>
<div xmlns="http://www.tei-c.org/ns/1.0"><head n="2.3">Comparisons</head><p>In this section, we compare OIE@OIA with existing OIE methodologies and show the difference in pipeline is similar to our OIE@OIA, where OIE@OIA uses the OIA graph as the sentence annotation structure. However, the differences between the traditional annotation and OIA make the substantial differences between the rule-based OIE and our OIE@OIA. Since the traditional annotation -dependency and constituency -is not designed for the OIE task, one needs to write a complex rule system (or construct by bootstrapping) to convert those annotation structures into the OIE facts. However, for OIE@OIA, since the OIA is designed for OIE tasks, one can accomplish the conversion with straightforward rules, just like those described in the above section. As for the end-to-end OIE algorithms, existing methods are generally built on OpenIE4 dataset <ref type="bibr" target="#b40">(Zhan and Zhao, 2020)</ref>, which contains about 1 million training samples. However, differences may exist in the forms between the training dataset and the target task, so the performance may drop when adapting to new tasks. To limit the differences, one may need many new training samples and retrain the model. Our OIE@OIA can adapt to an extensive range of new tasks by introducing new adaptors, so it has much better adaptability. In addition, our experimental studies show that OIE@OIA needs only 12K samples for training to achieve new SOTA OIE performance, so it is much more efficient to implement an OIE system.</p></div>
<div xmlns="http://www.tei-c.org/ns/1.0"><head n="2.4">Capability and Limitations</head><p>Besides the type of facts defined in the three popular tasks, one can extract more types of facts from OIA graphs. For example, since OIA graphs are naturally hierarchical, one can easily extract the nested facts, which can implement the target task of NestIE <ref type="bibr" target="#b16">(Bhutani et al., 2016)</ref>. One can also extract logical relationships between facts since OIA identifies the logical predicate nodes.</p><p>We believe OIA can act as a general platform for various OIE tasks and provide better facts for downstream tasks based on OIE <ref type="bibr" target="#b22">(Ding et al., 2019;</ref><ref type="bibr" target="#b41">Zhang et al., 2020)</ref>. However, the current version of the OIE@OIA pipeline does not separate the compound noun phrase, making it unable to extract nominal relationships between different nominals within a compound noun phrase <ref type="bibr">(Yahya et al., 2014)</ref>. This is because current OIA graphs are phrase-level graphs and take noun phrases as single nodes. As an example, "the president of America" will form a single node in our OIA graph, and it is not able to identify the relationship between "the president" and "America" based on the graph. We left this problem as one of our future work.</p></div>
<div xmlns="http://www.tei-c.org/ns/1.0"><head n="3">Learning the OIA Graphs</head><p>Converting a sentence into the OIA graph is the central operation of the OIE@OIA framework. We build an OIA dataset using active-learning-powered human labeling to implement such an operation. Then, we learn equivalent variants of the OIA graphs -Word-OIA graphs and convert them back to OIA-graphs, which overcomes the difficulty of learning the structures of the OIA graphs.</p></div>
<div xmlns="http://www.tei-c.org/ns/1.0"><head n="3.1">Dataset</head><p>We annotated sentences of English-EWT (version 2.4) for OIA. The annotation mainly follows the OIA graph definition given by <ref type="bibr" target="#b37">Sun et al. (2020)</ref> but with some confusing or special cases being clarified. In addition, we introduce more detailed type information for the node. The obtained dataset contains 12,543 training samples, 2,002 development samples, and 2,077 testing samples. Each sample is a sentence-graph pair. On average, a graph has 7.74 nodes and 6.95 edges, and a node comprises 1.98 words. We make the updated annotation standard and dataset open available<ref type="foot" target="#foot_1">3</ref> .</p><p>Auxiliary Annotation System. To improve data annotation efficiency, we generate an initial OIA graph for each input sentence using the existing rule-based OIA system <ref type="bibr" target="#b37">(Sun et al., 2020)</ref>. For node types initialization, we align the phrases with the POS tags in English-EWT v2.4 and assign heuristic types based on the POS tags of the head words. Then we develop an annotation tool for the annotator to modify the adapted graphs with ease. Active Learning. The samples in the dev set and test set are all human-labeled. For the training set, we first randomly labeled 2,000 samples, then trained a model using the proposed learning method (described in § 3.4) and started the active-learning procedure. The data labeling order of unlabeled samples was determined by the difference between the rule-generated results and the predicted results. We labeled 200 samples in each active learning iteration and stopped the iteration when the performance of the trained did not improve on the dev set. As a result, we manually annotated about 74% of the training data and treated the rule-generated results as the true labels of the rest 26% training data.</p><p>Quality Control. The data annotation was done by three postgraduate/doctoral students of linguistics. Two annotators first label each sample. If there is a disagreement, the third annotator will be involved for discussion and voting. The initial agreement ratio between the two annotators is about 80%, and the final agreement ratio after the discussion (no vote needed) is higher than 93%. The annotation of the rest 7% data is obtained by voting.</p></div>
<div xmlns="http://www.tei-c.org/ns/1.0"><head n="3.2">Complexity in Learning the OIA Graphs</head><p>The node of OIA graphs consists of a sequence of symbols, placeholders, and words. We call such a graph Generalized Phrase Graph (G GP G = (P, S), where P is the set of generalized nodes and S is the edge set). Directly learning the graph is difficult due to the very large decision space caused by the complexity of OIA nodes. The decision space is large even in the simplest situation that each node consists of consecutive words (a span in the sentence without any symbol or placeholder outside the sentence). Since the target number of nodes is unknown, the number of candidate node sets to be considered is exponential to the number of words in the sentence. Due to this large decision space, it is very difficult to learn a good candidate set of nodes for OIA graphs as the first step task in a stage-wise approach. If one prefers the end-to-end approach to reduce the error propagation between tasks in each stage by jointly leaning the nodes and edges, the decision space will be even much larger.</p></div>
<div xmlns="http://www.tei-c.org/ns/1.0"><head n="3.3">Equivalence between OIA and</head><p>Word-OIA Fortunately, we have the following proposition connecting the Generalized Phrase Graph with Word Graph, where Word Graph is a graph with each graph node corresponding to one and only one word of the sentence:</p><p>Proposition. For any Generalized Phrase Graph G GP G = (P, S), there is a one-to-one corresponding Word Graph G W = (W, S ) in the sense that G GP G and G W can convert to each other without loss of information, where the labels of S are independent to word nodes W.</p><p>Proof. We split each generalized phrase node into a chain of nodes of symbols, placeholders, or words, connected in order with the edge next, and connect all the edges from parents/children to the first node of the chain. In this new graph, each word is a single node. We replace each type of path between two words (or the virtual root) containing only symbols/placeholders into a single edge with a correspondingly designed edge label and remove the original path. The resulting graph is a valid word graph.</p><p>A constructive procedure to convert a General Phrase Graph into the Word Graph is shown in Appendix A. The OIA graphs are special cases of GPG, and the properties of the OIA graphs can make the procedure much simpler. We discuss these details in Appendix B.</p><p>With the above procedure, we can convert a complex OIA graph into an equivalent simple Word-OIA graph (as shown in Figure <ref type="figure" target="#fig_3">3</ref>), which is a single-rooted DAG where each node is a word in the original sentence. Each node in the Word-OIA graph has one category attribute type (by sharing the type of OIA node it belongs to) and two boolean attributes arg_whether and missing_be (described in Appendix B).</p><p>With this conversion, the learning of the OIA graph is equivalently converted into the learning    of the Word OIA graph. The node number of the Word-OIA graph is fixed N , so we only need to learn the possible N (N − 1) edges, and thus the learning complexity is significantly reduced.</p></div>
<div xmlns="http://www.tei-c.org/ns/1.0"><head n="3.4">Learning the Word-OIA Graphs</head><p>The structure of the Word-OIA graph is similar to that of the dependency graph so that the semantic dependency graph learning procedure can be applied to the learning of the Word-OIA graph. We build our learning procedure based on pretrained BERT models <ref type="bibr" target="#b21">(Devlin et al., 2019)</ref>. Given a sentence S = [w 1 , • • • , w N ], we generate the representation r i of each word by: R = BERT(S),</p><formula xml:id="formula_1">where R = [r 1 , • • • , r N ].</formula><p>Then we learn the properties of nodes and the graph structures using these representations.</p><p>Node Attribute Learning. For node attribute prediction, we build a one-layer MLP classifier above r i to learn each attribute a k for word w i :</p><formula xml:id="formula_2">p (node) ki = p(a k |w i ) = Softmax(MLP (node) k (r i )).</formula><p>The loss of node attribute prediction is defined as:</p><formula xml:id="formula_3">L node = 1 N k i CE p (node) ki , y<label>(node) ki</label></formula><p>, where y (node) ki denotes the target attribute value of the corresponding node of w i and CE denotes the cross-entropy loss function.</p><p>Edge Learning. Following the protocol of <ref type="bibr" target="#b24">Dozat and Manning (2018)</ref>, we divide the structure learning into two steps: given two nodes, we firstly determine if there is an edge between them; if so, we then determine the type of the edge. It avoids introducing an empty edge type in the second step, which will overwhelm the other edge types. For the two-step learning, we use the biaffine-based graph learning approach <ref type="bibr">(Dozat and</ref><ref type="bibr">Manning, 2017, 2018)</ref>. In the first step, for two words w i and w j , we learn the representations of each word as the start and end node of an edge:</p><formula xml:id="formula_4">h (es) i = MLP (es) (r i ), h (ee) i = MLP (ee) (r i ).</formula><p>where es means "as the start of the edge", ee means "as the end of the edge". The probability of there being an edge e ij between w i and w j is:</p><formula xml:id="formula_5">s (edge) ij = Biaff (edge) (h (es) i , h (ee) j ), p (edge) ij = σ MLP (edge) (s (edge) ij ) .</formula><p>Here, the i-th dimension of Biaff (x 1 , x 2 ) is:</p><formula xml:id="formula_6">x 1 U i x 2 + w i (x 1 ⊕ x 2 ) + b i ,</formula><p>where U i , w i , b i denotes a trainable matrix, vector, and scalar, respectively. ⊕ is the concatenation operator. The corresponding graph topology loss on S is defined as follows:</p><formula xml:id="formula_7">L topo = 1 N 2 ij CE p (edge) ij , y (edge) ij .</formula><p>Then we learn the label of each edge. We learn the representations of start-node and end-node of an edge by:</p><formula xml:id="formula_8">h (ls) i = MLP (ls) (r i ), h (le) j = MLP (le) (r j ).</formula><p>The probability of the label l ij is:</p><formula xml:id="formula_9">s (label) ij = Biaff (label) (h (ls) i , h (le) j ), p (label) ij = Softmax MLP (label) (s (label) ij ) ,</formula><p>and the edge prediction loss on S is defined as:</p><formula xml:id="formula_10">L label = ij I(y (edge) ij = 1) CE p (label) ij , y (label) ij ij I(y (edge) ij = 1)</formula><p>, where I(•) is the indicator function.</p><p>Multi-Task Learning. We learn the Word-OIA graph in a multi-task style, that is, optimize a linear combination of the losses:</p><formula xml:id="formula_11">L = αL topo + βL label + (1 − α − β)L node .</formula><p>In the inference phase, we accomplish the following steps to generate the Word-OIA graph: Node Attribute Prediction. For each node w i , its type t i is predicted by: ŷki = arg max p (node) ki . Edge Prediction. Edge and label between w i and w j are predicted by:</p><formula xml:id="formula_12">êij = p (edge) ij &gt; 0.5, lij = êij • arg max p (label) ij .</formula><p>However, because the label prediction may be incorrect, constructing the graph using the above predictions may result in an invalid graph (disconnected graph, edge conflicted, etc.). So in practice, we develop a greedy search strategy to construct the graph step-by-step while maintaining the validness of the graph all the time. First, we select the edge with the highest value of p (label) ij for all edges with p (edge) ij &gt; 0.5. Then, we identify conflicted edges with the selected edges and set their corresponding values in p (label) ij to zero. The above process iterates several times until all edge types are set. In addition, the resulting graph may consist of several disconnected sub-graphs. In this case, we iteratively select the edge with the highest p (label) ij to connect it to the sub-graph to which the predicted root belongs. It guarantees that the generated Word-OIA graph is valid.</p></div>
<div xmlns="http://www.tei-c.org/ns/1.0"><head n="3.5">Recover OIA from Word-OIA</head><p>For a predicted Word-OIA graph, we reverse the OIA to the Word-OIA procedure to obtain the OIA graph. Specifically, we first collect nodes in Word-OIA graph chained by next_word and related arcs (prev_arg, pos_arg) to form the nodes in OIA graph. Then we identify the special structure such as edge upper_parataxis and add special node like Parataxis and Missing to OIA graph. We add (be) to the node span if missing_be is true. The Whether node is added as the parent of current node if arg_whether is true. Last, we connect the nodes using the learned arc labels in Word-OIA. The type of the phrase node in the OIA graph is set as the majority type of its constituted words in the corresponding Word-OIA graph.</p></div>
<div xmlns="http://www.tei-c.org/ns/1.0"><head n="4">Experiment I: OIA Learning</head><p>The experiment is conducted on the PaddlePaddle deep learning platform<ref type="foot" target="#foot_2">4</ref> , and the pre-trained BERT model is provided by the PaddleNLP project<ref type="foot" target="#foot_3">5</ref> . Following <ref type="bibr" target="#b17">Che et al. (2020)</ref>, the hidden size of MLP (edge) and MLP (label) is set to 500 and 100, respectively. The hidden sizes of MLPs used in node attribute predictions are set to 500. The model is trained with the classifier's dropout rate being set to 0.1 and Adam optimizer with a learning rate of 10 −5 . α and β in loss function are searched using grid search on dev set and set to 0.2 and 0.4, respectively.</p><p>Evaluation Metric. In this experiment, the evaluation metrics for all measurements are based on exact match, that is, score 1 if exactly the same, otherwise 0. For nodes, we compare their node expressions. For a Word-OIA node, the node expression is the word index in the sentence; for an OIA node, the node expression is the phrase based on the word indexes it contains. For edges, we compare the triplets of &lt;start_node_expression, edge_label, end_node_expression&gt;. For graphs, we test whether the two graphs' node sets and edge sets are exactly the same.</p></div>
<div xmlns="http://www.tei-c.org/ns/1.0"><head n="4.1">Performance on Word-OIA</head><p>The node precision and recall of Word-OIA are always 1.0 since the nodes correspond to the words in the sentence. The performance of node attribute prediction is illustrated by the upper part of Table <ref type="table" target="#tab_2">4</ref>.</p><p>The precision/recall of edge prediction is shown in the middle part of Table <ref type="table" target="#tab_2">4</ref>. We also report the accuracy of graph structure in the last part of Table <ref type="table" target="#tab_2">4</ref>.</p></div>
<div xmlns="http://www.tei-c.org/ns/1.0"><head n="4.2">Performance on OIA</head><p>We report the performances of the nodes, edges, and the whole graph structure of the recovered OIA graphs in the lower half of the Table <ref type="table" target="#tab_3">5</ref>. Note that the graph-structure accuracy of the OIA graph is slightly lower than that of the Word-OIA graph. It is because the graph structure of the OIA graph is related to the node attributes arg_whether and missing_be. Since there are tiny proportions of bad cases in predicting these two attributes, the graphstructure accuracy of the OIA graph is lower.</p><p>As a comparison, we report the performances of the rule baseline <ref type="bibr" target="#b37">(Sun et al., 2020)</ref>  accuracy by 15.2%. We believe the learningbased approach solves several problems in the rulebased approach: 1) limitation of expressiveness of Universal Dependency, 2) mistakes in Universal Dependency and Enhanced++ <ref type="bibr" target="#b34">(Schuster and Manning, 2016)</ref> parsers, and 3) failure of rules to cover the complex combination of situations. We also evaluate the accuracy of the node type of the recovered OIA graphs. Among the 89.3% correctly identified nodes, 96.4% of them are labeled with the correct node types by the voting of nodes in the Word-OIA graphs.</p></div>
<div xmlns="http://www.tei-c.org/ns/1.0"><head n="4.3">Error Analysis</head><p>We reviewed the error cases to find the limitations in the graph generation process. We find several common issues that lead to incorrect graphs.</p><p>Long Tail Words and Edges. About 33% errors are caused by the long tail words and edge labels. The out-of-vocabulary words lead to problematical word representations. Rarely used edge labels (e.g., discourse) tend to be predicted as other frequent edge labels.</p><p>Granularity Issue. The granularity or boundary of the node may be controversial in prediction results. For example, the phrase 'turn out to be' can be a predicate, but it also makes sense that 'turn out' and 'to be' form a nested relation. Such granularity issues cause about 25% errors in both predicate node and constant node. Mining idioms can further clarify the boundary of expression with refined strategy. This belongs to our future work. Ambiguous Modification. A prepositional phrase can be used to modify either a noun or a verb in its context. This ambiguity leads to about 17% of graph-level errors. For example, in sentence I love all the roles in this play, prepositional phrase in this play is the modifier of all the roles. Thus, they should be in the same noun node of the groundtruth OIA graph. However, in the predicted graph, in this play may become the sub-tree of verb love. It is a common error in parsing tasks that a model may incorrectly choose the headword for a modifier. We believe better language modeling will ameliorate this problem.</p></div>
<div xmlns="http://www.tei-c.org/ns/1.0"><head n="5">Experiment II: OIE@OIA</head><p>We further evaluate the applicability of OIA as an intermediate layer between language and OIE, i.e., OIE@OIA, on three tasks: OIE2016, Re-OIE2016, CaRB. We compared OIE@OIA with six rulebased systems and five learning-based systems.</p><p>Evaluation Metric. The performances of baseline systems on OIE2016 are from <ref type="bibr" target="#b40">Zhan and Zhao (2020)</ref> while that on Re-OIE2016 and CaRB are from <ref type="bibr" target="#b31">Ro et al. (2020)</ref>, except that NestIE <ref type="bibr" target="#b16">(Bhutani et al., 2016)</ref> is implemented using the code from the author. We evaluate the extraction results of the proposed methods, OIE based on rule OIA and NestIE with metric AUC and optimal F1 following the setting of the released codes<ref type="foot" target="#foot_4">6</ref> .</p><p>The performance of our OIE@OIA system is shown in Table <ref type="table" target="#tab_4">6</ref>. We observe that OIE@OIA achieves better performance than most existing baselines, including learning-based methods trained on millions of samples. This result justifies the effectiveness of OIE@OIA for OIE.</p><p>We think the reason for this phenomenon is three-fold: Firstly, compared with the annotation of OIA, the annotation of a single OIE task is sparse. Given a sentence, it will only annotate phrases with interesting relationships. For the other phrases and relationships, it will not annotate. In contrast, in OIA, all the phrases and relationships will be annotated. So based on a single sample, the annotation in OIA is much more informative than that in any single OIE task. Secondly, if treating the recognition of a type of facts as a task, learning of OIA can be seen as a multi-task learning scenario, and different tasks can augment each other. Thirdly, OIA is designed as an intermediate layer between language and OIE. Thus, during the standard design of OIA, it has considered the compatibility between OIA and OIE, which makes it easier to adapt OIA to different OIE tasks.</p></div>
<div xmlns="http://www.tei-c.org/ns/1.0"><head n="6">Conclusion</head><p>We introduce an adaptable and efficient Open Information Extract system called OIE@OIA. To implement OIE@OIA, we annotate and release an OIA dataset containing about 16K sentences, design an efficient learning algorithm, and build an easy-to-implement rule system to adapt OIA graphs to different OIE tasks. Empirical studies on three popular OIE tasks show that our OIE@OIA system can achieve new SOTA performances on these tasks, using only 12K training sentences. It verifies the great advantage of our system in both effectiveness and efficiency over the previous learning-based baselines, which usually require millions of training samples to achieve comparable performance.</p><p>A Convert Generalized Phrase Graph to Word Graph</p><p>We will limit our discussion to a well-formed GPG. First, we assume the relational symbols are not neighbors to each other. That is, they do not form any not continuous sequence. Second, we assume that the relational symbols either appear lonely as a node or connecting/separating two words or placeholders. That is, relational symbols do not appear as prefixes or suffixes in a node. Last, we assume that placeholders must appear together with elements or relational symbols in a node. Since the relational symbols are designed to express relations between nodes, elements, and placeholders, we believe the above constraints are reasonable. OIA graphs naturally satisfy these constraints. If a graph does not satisfy these constraints, preprocessing can be applied to adapt the graph to meet the constraints. If a continuous sequence of relation symbols exists in the graph, one can merge them into one new relational symbol. If some nodes have prefix/suffix symbols, one can add a boolean attribute to the node indicating that this node has a prefix/suffix symbol. If a node is a sequence of placeholders, one can design a new relational symbol to replace the sequence of placeholders.</p><p>Given a well-formed GPG, we can apply Algorithm 1 to convert it to a Word Graph. The sub-procedures used in the algorithm are shown in Algorithm 2. In these procedures, [x] means the label of x, where x can be a node or an edge.</p></div>
<div xmlns="http://www.tei-c.org/ns/1.0"><head>B Specialization for the OIA Graph</head><p>OIA graphs have the following properties/internal constraints. We use them to simplify the label system for Word-OIA.</p><p>• Lonely Relational Symbols In OIA, there are only two Relational Symbols: Parataxis and Missing. They can only form a node lonely with themselves, which reduce some possible combined edge labels;</p><p>• Ordered Predicate-Argument Labels In OIA, the predicates connect their arguments with a unified form of edge label pred.arg.n, where n denote the order of the argument. When processing the Parataxis, these arguments are chained by label "parataxis", and the n is omitted since the order is naturally embedded in the chain;</p><p>• Relational Symbols Nested Up to Two Layers Nested Relational symbol is the most complex situation for GPG. In OIA, only one symbol Parataxis can be nested. From the annotated dataset, we observe that the length of the nested path of Parataxis is 2. For this simple situation, after processing the child Parataxis nodes, we link the children with edges upper_parataxis, peer_parataxis, or lower_parataxis, according to their depth compared to the depth of the first child. Actually, only upper_parataxis is needed in our annotated dataset.</p><p>Beyond the above processing, we analyze the label system, remove unnecessary prefixes/suffixes, merge labels, and rename labels for better readability. These steps build a simple edge label system of Word-OIA graphs by introducing few new edge labels.</p><p>Besides the label system, when converting the OIA graphs into Word-OIA graphs, we introduce the following node attributes for each node/word to preserve the information of the original OIA graphs:</p><p>• type: Share the type of the origin OIA node which contains this word;</p><p>• arg_whether: Boolean attribute that indicate whether the original OIA node is an argument of the Whether function;</p><p>• missing_be: Boolean attribute that indicate whether the original OIA node is a predicate that misses the be word.</p></div><figure xmlns="http://www.tei-c.org/ns/1.0" xml:id="fig_0"><head></head><label></label><figDesc>The OIA graph for the sentence A.</figDesc></figure>
<figure xmlns="http://www.tei-c.org/ns/1.0" xml:id="fig_1"><head></head><label></label><figDesc>The OIA graph for the sentence B.</figDesc></figure>
<figure xmlns="http://www.tei-c.org/ns/1.0" xml:id="fig_2"><head></head><label></label><figDesc>The Word-OIA graph for the sentence B.</figDesc></figure>
<figure xmlns="http://www.tei-c.org/ns/1.0" xml:id="fig_3"><head>Figure 3 :</head><label>3</label><figDesc>Figure 3: The illustration of the equivalence between the OIA graphs and the Word-OIA graphs. The example sentences are: A: "It depends, I don't know. not sure."; B: "red black, yellow and blue".</figDesc></figure>
<figure xmlns="http://www.tei-c.org/ns/1.0" type="table" xml:id="tab_0"><head></head><label></label><figDesc>Figure2: The OIA graph for sentence "Ms. Lee, the headmaster, told Lily and Jimmy she is responsible for this."</figDesc><table><row><cell></cell><cell></cell><cell cols="2">2 told (6,) Verbal</cell></row><row><cell></cell><cell></cell><cell>pred.arg.1</cell><cell>pred.arg.2</cell><cell>pred.arg.3</cell></row><row><cell cols="2">0 Ms. Lee ((0, 1),) Noun</cell><cell cols="2">3 Lily and Jimmy ((7, 9),) Noun</cell><cell>4 is responsible ((11, 12),) Verbal</cell></row><row><cell>appos</cell><cell></cell><cell></cell><cell>pred.arg.1</cell><cell>as:pred.arg.1</cell></row><row><cell cols="2">1 the headmaster ((3, 4),) Noun</cell><cell></cell><cell>5 she (10,) Noun</cell><cell>6 for (13,) Prepositional</cell></row><row><cell></cell><cell></cell><cell></cell><cell>pred.arg.2</cell></row><row><cell></cell><cell></cell><cell></cell><cell>7 this (14,) Noun</cell></row><row><cell cols="4">Fine-grained Type Original Type Example</cell></row><row><cell>Verbal</cell><cell cols="2">Predicate</cell><cell>know</cell></row><row><cell>Prepositional</cell><cell cols="2">Predicate</cell><cell>to</cell></row><row><cell>Logical</cell><cell cols="2">Predicate</cell><cell>and</cell></row><row><cell>Function</cell><cell cols="2">Function</cell><cell>when</cell></row><row><cell>Noun</cell><cell cols="2">Constant</cell><cell>Chicago</cell></row><row><cell>Modifier</cell><cell cols="2">Constant</cell><cell>well</cell></row><row><cell cols="4">Table 2: Node types in OIA graph. Examples are</cell></row><row><cell cols="4">extracted from "I know him well, and I remember when</cell></row><row><cell>he went to Chicago".</cell><cell></cell><cell></cell></row><row><cell></cell><cell></cell><cell></cell><cell>, logical predicates are essential. With</cell></row><row><cell></cell><cell></cell><cell></cell><cell>this consideration, we update the type field to a</cell></row><row><cell></cell><cell></cell><cell></cell><cell>fine-grained version for nodes in the OIA graph</cell></row><row><cell></cell><cell></cell><cell></cell><cell>according to its semantic function. The fine-</cell></row><row><cell></cell><cell></cell><cell></cell><cell>grained node types are listed in Table 2.</cell></row></table></figure>
<figure xmlns="http://www.tei-c.org/ns/1.0" type="table" xml:id="tab_1"><head>Table 3 :</head><label>3</label><figDesc>Comparisons among Rule-based OIE, End-to-End OIE , and OIE@OIA.</figDesc><table><row><cell>Methodology</cell><cell>Rule-Based OIE</cell><cell>End-to-End OIE</cell><cell>OIE@OIA</cell></row><row><cell>Sentence Annotation</cell><cell>Dependency / Constituency</cell><cell>-</cell><cell>OIA</cell></row><row><cell>OIE Sensitiveness of Annotation</cell><cell>No</cell><cell>-</cell><cell>Yes</cell></row><row><cell>Rule Complexity</cell><cell>High</cell><cell>-</cell><cell>Low</cell></row><row><cell>Training Data</cell><cell>-</cell><cell>1 Million</cell><cell>12K</cell></row><row><cell>Training Efficiency</cell><cell>-</cell><cell>Low</cell><cell>High</cell></row><row><cell>Adaptation to New Task</cell><cell>Rewrite Rules</cell><cell cols="2">Relabel and Retrain New Adaptor</cell></row><row><cell>Adaptation Cost</cell><cell>May Be High</cell><cell>May Be High</cell><cell>Low</cell></row></table><note>Table 3. The traditional rule-based OIE methods are generally based on a sentence annotation structure, such as dependency graphs or constituency graphs, and apply rules to convert the annotation structure into the OIE facts. This</note></figure>
<figure xmlns="http://www.tei-c.org/ns/1.0" type="table" xml:id="tab_2"><head>Table 4 :</head><label>4</label><figDesc>Performance of Word-OIA prediction, where P/R means Precision/Recall, Acc means Accuracy.</figDesc><table><row><cell></cell><cell>Level</cell><cell cols="2">Metric Performance</cell></row><row><cell></cell><cell>type</cell><cell>Acc</cell><cell>0.951</cell></row><row><cell>Node</cell><cell>arg_whether</cell><cell>Acc</cell><cell>0.998</cell></row><row><cell></cell><cell>missing_be</cell><cell>Acc</cell><cell>0.998</cell></row><row><cell></cell><cell>Edge</cell><cell>P/R</cell><cell>0.847 / 0.851</cell></row><row><cell></cell><cell>Graph</cell><cell>Acc</cell><cell>0.528</cell></row></table></figure>
<figure xmlns="http://www.tei-c.org/ns/1.0" type="table" xml:id="tab_3"><head>Table 5 :</head><label>5</label><figDesc>in upper part of Table5. We can see that the proposed method achieves significant improvement over the rule baseline, e.g., improving the graph structure Performance of OIA graph prediction.</figDesc><table><row><cell cols="4">Generator Level Metric Performance</cell></row><row><cell>Rule</cell><cell>Node</cell><cell>P/R</cell><cell>0.796 / 0.855</cell></row><row><cell>Rule</cell><cell>Edge</cell><cell>P/R</cell><cell>0.530 / 0.585</cell></row><row><cell>Rule</cell><cell>Graph</cell><cell>Acc</cell><cell>0.373</cell></row><row><cell>Neural</cell><cell>Node</cell><cell>P/R</cell><cell>0.893 / 0.877</cell></row><row><cell>Neural</cell><cell>Edge</cell><cell>P/R</cell><cell>0.709 / 0.688</cell></row><row><cell>Neural</cell><cell>Graph</cell><cell>Acc</cell><cell>0.525</cell></row></table></figure>
<figure xmlns="http://www.tei-c.org/ns/1.0" type="table" xml:id="tab_4"><head>Table 6 :</head><label>6</label><figDesc>OIE performance on OIE2016, Re-OIE2016 and CaRB. Note that BiLSTM+BERT and Multi2OIE Ro et al. (2020) use OIE2016 as validation set, so the performances are not listed.</figDesc><table /></figure>
			<note xmlns="http://www.tei-c.org/ns/1.0" place="foot" n="1" xml:id="foot_0">https://lindat.mff.cuni.cz/ repository/xmlui/handle/11234/1-2988</note>
			<note xmlns="http://www.tei-c.org/ns/1.0" place="foot" n="3" xml:id="foot_1">https://github.com/sunbelbd/ Open-Information-eXpression</note>
			<note xmlns="http://www.tei-c.org/ns/1.0" place="foot" n="4" xml:id="foot_2">https://www.paddlepaddle.org.cn</note>
			<note xmlns="http://www.tei-c.org/ns/1.0" place="foot" n="5" xml:id="foot_3">https://github.com/PaddlePaddle/ PaddleNLP</note>
			<note xmlns="http://www.tei-c.org/ns/1.0" place="foot" n="6" xml:id="foot_4">www.github.com/zhanjunlang/Span_OIE, and www.github.com/youngbin-ro/Multi2OIE</note>
		</body>
		<back>
			<div type="annex">
<div xmlns="http://www.tei-c.org/ns/1.0" />			</div>
			<div type="references">

				<listBibl>

<biblStruct xml:id="b0">
	<monogr>
		<author>
			<persName><surname>Angeli</surname></persName>
		</author>
		<idno>13.6 11.5 16.7 13.4 23.0</idno>
		<title level="m">Systems OIE2016 Re-OIE2016 CaRB AUC F1 AUC F1 AUC F1 Rule Based Stanford</title>
				<imprint>
			<date type="published" when="2015">2015</date>
			<biblScope unit="page">7</biblScope>
		</imprint>
	</monogr>
	<note type="raw_reference">Systems OIE2016 Re-OIE2016 CaRB AUC F1 AUC F1 AUC F1 Rule Based Stanford (Angeli et al., 2015) 7.9 13.6 11.5 16.7 13.4 23.0</note>
</biblStruct>

<biblStruct xml:id="b1">
	<monogr>
		<title/>
		<author>
			<persName><surname>Ollie (mausam</surname></persName>
		</author>
		<idno>38.6 31.3 49.5 22.4 41.1</idno>
		<imprint>
			<date type="published" when="2012">2012</date>
			<biblScope unit="page">20</biblScope>
		</imprint>
	</monogr>
	<note type="raw_reference">OLLIE (Mausam et al., 2012) 20.2 38.6 31.3 49.5 22.4 41.1</note>
</biblStruct>

<biblStruct xml:id="b2">
	<monogr>
		<title/>
		<author>
			<persName><forename type="first">(</forename><surname>Nestie</surname></persName>
		</author>
		<author>
			<persName><surname>Bhutani</surname></persName>
		</author>
		<idno>43.8 32.1 42.2 19.4 31.1</idno>
		<imprint>
			<date type="published" when="2016">2016</date>
			<biblScope unit="page">37</biblScope>
		</imprint>
	</monogr>
	<note type="raw_reference">NestIE (Bhutani et al., 2016) 37.7 43.8 32.1 42.2 19.4 31.1</note>
</biblStruct>

<biblStruct xml:id="b3">
	<monogr>
		<title/>
		<author>
			<persName><forename type="first">(</forename><surname>Props</surname></persName>
		</author>
		<author>
			<persName><forename type="first">Dagan</forename><surname>Stanovsky</surname></persName>
		</author>
		<idno>32.0 54.4 43.3 64.2 12.6 31.9</idno>
		<imprint>
			<date type="published" when="2016">2016</date>
		</imprint>
	</monogr>
	<note type="raw_reference">PropS (Stanovsky and Dagan, 2016) 32.0 54.4 43.3 64.2 12.6 31.9</note>
</biblStruct>

<biblStruct xml:id="b4">
	<monogr>
		<title/>
		<author>
			<persName><forename type="first">(</forename><surname>Minie</surname></persName>
		</author>
		<author>
			<persName><surname>Gashteovski</surname></persName>
		</author>
		<idno>35.0 41.0 45.5 47.8 28.1 41.3</idno>
		<imprint>
			<date type="published" when="2017">2017</date>
		</imprint>
	</monogr>
	<note type="raw_reference">MinIE (Gashteovski et al., 2017) 35.0 41.0 45.5 47.8 28.1 41.3</note>
</biblStruct>

<biblStruct xml:id="b5">
	<monogr>
		<title/>
		<author>
			<persName><forename type="first">(</forename><surname>Clausie</surname></persName>
		</author>
		<author>
			<persName><forename type="first">Gemulla</forename><surname>Corro</surname></persName>
		</author>
		<idno>36.4 58.0 46.4 64.2 22.4 44.9</idno>
		<imprint>
			<date type="published" when="2013">2013</date>
		</imprint>
	</monogr>
	<note type="raw_reference">ClausIE (Corro and Gemulla, 2013) 36.4 58.0 46.4 64.2 22.4 44.9</note>
</biblStruct>

<biblStruct xml:id="b6">
	<monogr>
		<title/>
		<author>
			<persName><surname>Oie@ruleoia</surname></persName>
		</author>
		<idno>37.3 54.6 63.3 75.0 32.4 45.6</idno>
		<imprint/>
	</monogr>
	<note type="raw_reference">OIE@RuleOIA 37.3 54.6 63.3 75.0 32.4 45.6</note>
</biblStruct>

<biblStruct xml:id="b7">
	<monogr>
		<title level="m" type="main">Learning Based OpenIE4</title>
		<author>
			<persName><surname>Christensen</surname></persName>
		</author>
		<idno>40.8 58.8 50.9 68.3 27.2 48.8</idno>
		<imprint>
			<date type="published" when="2011">2011</date>
		</imprint>
	</monogr>
	<note type="raw_reference">Learning Based OpenIE4 (Christensen et al., 2011) 40.8 58.8 50.9 68.3 27.2 48.8</note>
</biblStruct>

<biblStruct xml:id="b8">
	<monogr>
		<title/>
		<author>
			<persName><surname>Bio (zhan</surname></persName>
		</author>
		<author>
			<persName><surname>Zhao</surname></persName>
		</author>
		<idno>46.2 68.6 71.9 80.3 27.7 46.6</idno>
		<imprint>
			<date type="published" when="2020">2020</date>
		</imprint>
	</monogr>
	<note type="raw_reference">BIO (Zhan and Zhao, 2020) 46.2 68.6 71.9 80.3 27.7 46.6</note>
</biblStruct>

<biblStruct xml:id="b9">
	<monogr>
		<title/>
		<author>
			<persName><forename type="first">(</forename><surname>Spanoie</surname></persName>
		</author>
		<author>
			<persName><surname>Zhan</surname></persName>
		</author>
		<author>
			<persName><surname>Zhao</surname></persName>
		</author>
		<idno>48.9 68.7 65.8 77.0 30.0 49.4</idno>
		<imprint>
			<date type="published" when="2020">2020</date>
		</imprint>
	</monogr>
	<note type="raw_reference">SpanOIE (Zhan and Zhao, 2020) 48.9 68.7 65.8 77.0 30.0 49.4</note>
</biblStruct>

<biblStruct xml:id="b10">
	<monogr>
		<title/>
		<author>
			<persName><forename type="first">+</forename><surname>Bilstm</surname></persName>
		</author>
		<author>
			<persName><surname>Bert (ro</surname></persName>
		</author>
		<idno>72.1 81.3 30.6 50.6</idno>
		<imprint>
			<date type="published" when="2020">2020</date>
		</imprint>
	</monogr>
	<note type="raw_reference">BiLSTM + BERT (Ro et al., 2020) - - 72.1 81.3 30.6 50.6</note>
</biblStruct>

<biblStruct xml:id="b11">
	<monogr>
		<title/>
		<author>
			<persName><forename type="first">(</forename><surname>Multi2oie</surname></persName>
		</author>
		<author>
			<persName><surname>Bert) (ro</surname></persName>
		</author>
		<idno>74.6 83.9 32.6 52.3</idno>
		<imprint>
			<date type="published" when="2020">2020</date>
		</imprint>
	</monogr>
	<note type="raw_reference">Multi2OIE (BERT) (Ro et al., 2020) - - 74.6 83.9 32.6 52.3</note>
</biblStruct>

<biblStruct xml:id="b12">
	<monogr>
		<title/>
		<author>
			<persName><surname>Oie@oia</surname></persName>
		</author>
		<idno>54.3 71.6 76.9 85.3 33.9 51.1</idno>
		<imprint/>
	</monogr>
	<note type="raw_reference">OIE@OIA (BERT) 54.3 71.6 76.9 85.3 33.9 51.1</note>
</biblStruct>

<biblStruct xml:id="b13">
	<analytic>
		<title level="a" type="main">Leveraging linguistic structure for open domain information extraction</title>
		<author>
			<persName><forename type="first">Gabor</forename><surname>References</surname></persName>
		</author>
		<author>
			<persName><forename type="first">Melvin</forename><forename type="middle">Jose</forename><surname>Angeli</surname></persName>
		</author>
		<author>
			<persName><forename type="first">Johnson</forename><surname>Premkumar</surname></persName>
		</author>
		<author>
			<persName><forename type="first">Christopher</forename><forename type="middle">D</forename><surname>Manning</surname></persName>
		</author>
	</analytic>
	<monogr>
		<title level="m">Proceedings of the 53rd Annual Meeting of the Association for Computational Linguistics (ACL)</title>
				<meeting>the 53rd Annual Meeting of the Association for Computational Linguistics (ACL)<address><addrLine>Beijing, China</addrLine></address></meeting>
		<imprint>
			<date type="published" when="2015">2015</date>
			<biblScope unit="page" from="344" to="354" />
		</imprint>
	</monogr>
	<note type="raw_reference">References Gabor Angeli, Melvin Jose Johnson Premkumar, and Christopher D Manning. 2015. Leveraging linguis- tic structure for open domain information extraction. In Proceedings of the 53rd Annual Meeting of the Association for Computational Linguistics (ACL), pages 344-354, Beijing, China.</note>
</biblStruct>

<biblStruct xml:id="b14">
	<analytic>
		<title level="a" type="main">Open information extraction from the web</title>
		<author>
			<persName><forename type="first">Michele</forename><surname>Banko</surname></persName>
		</author>
		<author>
			<persName><forename type="first">Michael</forename><forename type="middle">J</forename><surname>Cafarella</surname></persName>
		</author>
		<author>
			<persName><forename type="first">Stephen</forename><surname>Soderland</surname></persName>
		</author>
		<author>
			<persName><forename type="first">Matthew</forename><surname>Broadhead</surname></persName>
		</author>
		<author>
			<persName><forename type="first">Oren</forename><surname>Etzioni</surname></persName>
		</author>
	</analytic>
	<monogr>
		<title level="m">Proceedings of the 20th International Joint Conference on Artificial Intelligence (IJCAI)</title>
				<meeting>the 20th International Joint Conference on Artificial Intelligence (IJCAI)<address><addrLine>Hyderabad, India</addrLine></address></meeting>
		<imprint>
			<date type="published" when="2007">2007</date>
			<biblScope unit="page" from="2670" to="2676" />
		</imprint>
	</monogr>
	<note type="raw_reference">Michele Banko, Michael J. Cafarella, Stephen Soder- land, Matthew Broadhead, and Oren Etzioni. 2007. Open information extraction from the web. In Pro- ceedings of the 20th International Joint Conference on Artificial Intelligence (IJCAI), pages 2670-2676, Hyderabad, India.</note>
</biblStruct>

<biblStruct xml:id="b15">
	<analytic>
		<title level="a" type="main">CaRB: A crowdsourced benchmark for open IE</title>
		<author>
			<persName><forename type="first">Sangnie</forename><surname>Bhardwaj</surname></persName>
		</author>
		<author>
			<persName><forename type="first">Samarth</forename><surname>Aggarwal</surname></persName>
		</author>
		<author>
			<persName><forename type="first">Mausam</forename></persName>
		</author>
	</analytic>
	<monogr>
		<title level="m">Proceedings of the 2019 Conference on Empirical Methods in Natural Language Processing and the 9th International Joint Conference on Natural Language Processing (EMNLP-IJCNLP)</title>
				<meeting>the 2019 Conference on Empirical Methods in Natural Language Processing and the 9th International Joint Conference on Natural Language Processing (EMNLP-IJCNLP)<address><addrLine>Hong Kong, China</addrLine></address></meeting>
		<imprint>
			<date type="published" when="2019">2019</date>
			<biblScope unit="page" from="6261" to="6266" />
		</imprint>
	</monogr>
	<note type="raw_reference">Sangnie Bhardwaj, Samarth Aggarwal, and Mausam. 2019. CaRB: A crowdsourced benchmark for open IE. In Proceedings of the 2019 Conference on Empirical Methods in Natural Language Processing and the 9th International Joint Conference on Natural Language Processing (EMNLP-IJCNLP), pages 6261-6266, Hong Kong, China.</note>
</biblStruct>

<biblStruct xml:id="b16">
	<analytic>
		<title level="a" type="main">Nested propositions in open information extraction</title>
		<author>
			<persName><forename type="first">Nikita</forename><surname>Bhutani</surname></persName>
		</author>
		<author>
			<persName><forename type="first">H</forename><forename type="middle">V</forename><surname>Jagadish</surname></persName>
		</author>
		<author>
			<persName><forename type="first">Dragomir</forename><forename type="middle">R</forename><surname>Radev</surname></persName>
		</author>
	</analytic>
	<monogr>
		<title level="m">Proceedings of the 2016 Conference on Empirical Methods in Natural Language Processing (EMNLP)</title>
				<meeting>the 2016 Conference on Empirical Methods in Natural Language Processing (EMNLP)<address><addrLine>Austin, TX</addrLine></address></meeting>
		<imprint>
			<date type="published" when="2016">2016</date>
			<biblScope unit="page" from="55" to="64" />
		</imprint>
	</monogr>
	<note type="raw_reference">Nikita Bhutani, H. V. Jagadish, and Dragomir R. Radev. 2016. Nested propositions in open information ex- traction. In Proceedings of the 2016 Conference on Empirical Methods in Natural Language Processing (EMNLP), pages 55-64, Austin, TX.</note>
</biblStruct>

<biblStruct xml:id="b17">
	<monogr>
		<title level="m" type="main">N-LTP: A open-source neural chinese language technology platform with pretrained models</title>
		<author>
			<persName><forename type="first">Wanxiang</forename><surname>Che</surname></persName>
		</author>
		<author>
			<persName><forename type="first">Yunlong</forename><surname>Feng</surname></persName>
		</author>
		<author>
			<persName><forename type="first">Libo</forename><surname>Qin</surname></persName>
		</author>
		<author>
			<persName><forename type="first">Ting</forename><surname>Liu</surname></persName>
		</author>
		<idno type="arXiv">arXiv:2009.11616</idno>
		<imprint>
			<date type="published" when="2020">2020</date>
		</imprint>
	</monogr>
	<note type="report_type">arXiv preprint</note>
	<note type="raw_reference">Wanxiang Che, Yunlong Feng, Libo Qin, and Ting Liu. 2020. N-LTP: A open-source neural chinese lan- guage technology platform with pretrained models. arXiv preprint arXiv:2009.11616.</note>
</biblStruct>

<biblStruct xml:id="b18">
	<analytic>
		<title level="a" type="main">An analysis of open information extraction based on semantic role labeling</title>
		<author>
			<persName><forename type="first">Janara</forename><surname>Christensen</surname></persName>
		</author>
		<author>
			<persName><forename type="first">Stephen</forename><surname>Mausam</surname></persName>
		</author>
		<author>
			<persName><forename type="first">Oren</forename><surname>Soderland</surname></persName>
		</author>
		<author>
			<persName><surname>Etzioni</surname></persName>
		</author>
	</analytic>
	<monogr>
		<title level="m">Proceedings of the 6th International Conference on Knowledge Capture (K-CAP)</title>
				<meeting>the 6th International Conference on Knowledge Capture (K-CAP)<address><addrLine>Banff, Alberta, Canada</addrLine></address></meeting>
		<imprint>
			<date type="published" when="2011">2011</date>
			<biblScope unit="page" from="113" to="120" />
		</imprint>
	</monogr>
	<note type="raw_reference">Janara Christensen, Mausam, Stephen Soderland, and Oren Etzioni. 2011. An analysis of open infor- mation extraction based on semantic role labeling. In Proceedings of the 6th International Conference on Knowledge Capture (K-CAP), pages 113-120, Banff, Alberta, Canada.</note>
</biblStruct>

<biblStruct xml:id="b19">
	<analytic>
		<title level="a" type="main">ClausIE: clause-based open information extraction</title>
		<author>
			<persName><forename type="first">Luciano</forename><surname>Del</surname></persName>
		</author>
		<author>
			<persName><forename type="first">Corro</forename></persName>
		</author>
		<author>
			<persName><forename type="first">Rainer</forename><surname>Gemulla</surname></persName>
		</author>
	</analytic>
	<monogr>
		<title level="m">Proceedings of the 22nd International World Wide Web Conference (WWW)</title>
				<meeting>the 22nd International World Wide Web Conference (WWW)<address><addrLine>Rio de Janeiro, Brazil</addrLine></address></meeting>
		<imprint>
			<date type="published" when="2013">2013</date>
			<biblScope unit="page" from="355" to="366" />
		</imprint>
	</monogr>
	<note type="raw_reference">Luciano Del Corro and Rainer Gemulla. 2013. ClausIE: clause-based open information extraction. In Proceedings of the 22nd International World Wide Web Conference (WWW), pages 355-366, Rio de Janeiro, Brazil.</note>
</biblStruct>

<biblStruct xml:id="b20">
	<analytic>
		<title level="a" type="main">Neural open information extraction</title>
		<author>
			<persName><forename type="first">Lei</forename><surname>Cui</surname></persName>
		</author>
		<author>
			<persName><forename type="first">Furu</forename><surname>Wei</surname></persName>
		</author>
		<author>
			<persName><forename type="first">Ming</forename><surname>Zhou</surname></persName>
		</author>
	</analytic>
	<monogr>
		<title level="m">Proceedings of the 56th Annual Meeting of the Association for Computational Linguistics</title>
				<meeting>the 56th Annual Meeting of the Association for Computational Linguistics</meeting>
		<imprint>
			<date type="published" when="2018">2018</date>
			<biblScope unit="volume">2</biblScope>
			<biblScope unit="page" from="407" to="413" />
		</imprint>
	</monogr>
	<note>Short Papers)</note>
	<note type="raw_reference">Lei Cui, Furu Wei, and Ming Zhou. 2018. Neural open information extraction. In Proceedings of the 56th Annual Meeting of the Association for Computational Linguistics (Volume 2: Short Papers), pages 407-413.</note>
</biblStruct>

<biblStruct xml:id="b21">
	<analytic>
		<title level="a" type="main">BERT: pre-training of deep bidirectional transformers for language understanding</title>
		<author>
			<persName><forename type="first">Jacob</forename><surname>Devlin</surname></persName>
		</author>
		<author>
			<persName><forename type="first">Ming-Wei</forename><surname>Chang</surname></persName>
		</author>
		<author>
			<persName><forename type="first">Kenton</forename><surname>Lee</surname></persName>
		</author>
		<author>
			<persName><forename type="first">Kristina</forename><surname>Toutanova</surname></persName>
		</author>
	</analytic>
	<monogr>
		<title level="m">Proceedings of the</title>
				<meeting>the</meeting>
		<imprint>
			<date type="published" when="2019">2019. 2019</date>
		</imprint>
	</monogr>
	<note type="raw_reference">Jacob Devlin, Ming-Wei Chang, Kenton Lee, and Kristina Toutanova. 2019. BERT: pre-training of deep bidirectional transformers for language understanding. In Proceedings of the 2019</note>
</biblStruct>

<biblStruct xml:id="b22">
	<monogr>
		<author>
			<persName><forename type="first">Zhongyang</forename><surname>Xiao Ding</surname></persName>
		</author>
		<author>
			<persName><forename type="first">Ting</forename><surname>Li</surname></persName>
		</author>
		<author>
			<persName><forename type="first">Kuo</forename><surname>Liu</surname></persName>
		</author>
		<author>
			<persName><surname>Liao</surname></persName>
		</author>
		<idno type="arXiv">arXiv:1907.08015</idno>
		<title level="m">Conference of the North American Chapter of the Association for Computational Linguistics: Human Language Technologies (NAACL-HLT)</title>
				<meeting><address><addrLine>Minneapolis, MN</addrLine></address></meeting>
		<imprint>
			<date type="published" when="2019">2019</date>
			<biblScope unit="page" from="4171" to="4186" />
		</imprint>
	</monogr>
	<note type="report_type">arXiv preprint</note>
	<note>ELG: an event logic graph</note>
	<note type="raw_reference">Conference of the North American Chapter of the Association for Computational Linguistics: Human Language Technologies (NAACL-HLT), pages 4171- 4186, Minneapolis, MN. Xiao Ding, Zhongyang Li, Ting Liu, and Kuo Liao. 2019. ELG: an event logic graph. arXiv preprint arXiv:1907.08015.</note>
</biblStruct>

<biblStruct xml:id="b23">
	<analytic>
		<title level="a" type="main">Deep biaffine attention for neural dependency parsing</title>
		<author>
			<persName><forename type="first">Timothy</forename><surname>Dozat</surname></persName>
		</author>
		<author>
			<persName><forename type="first">Christopher</forename><forename type="middle">D</forename><surname>Manning</surname></persName>
		</author>
	</analytic>
	<monogr>
		<title level="m">Proceedings of the 5th International Conference on Learning Representations (ICLR)</title>
				<meeting>the 5th International Conference on Learning Representations (ICLR)<address><addrLine>Toulon, France</addrLine></address></meeting>
		<imprint>
			<date type="published" when="2017">2017</date>
		</imprint>
	</monogr>
	<note type="raw_reference">Timothy Dozat and Christopher D. Manning. 2017. Deep biaffine attention for neural dependency parsing. In Proceedings of the 5th International Conference on Learning Representations (ICLR), Toulon, France.</note>
</biblStruct>

<biblStruct xml:id="b24">
	<analytic>
		<title level="a" type="main">Simpler but more accurate semantic dependency parsing</title>
		<author>
			<persName><forename type="first">Timothy</forename><surname>Dozat</surname></persName>
		</author>
		<author>
			<persName><forename type="first">Christopher</forename><forename type="middle">D</forename><surname>Manning</surname></persName>
		</author>
	</analytic>
	<monogr>
		<title level="m">Proceedings of the 56th Annual Meeting of the Association for Computational Linguistics (ACL)</title>
				<meeting>the 56th Annual Meeting of the Association for Computational Linguistics (ACL)<address><addrLine>Melbourne, Australia</addrLine></address></meeting>
		<imprint>
			<date type="published" when="2018">2018</date>
			<biblScope unit="page" from="484" to="490" />
		</imprint>
	</monogr>
	<note type="raw_reference">Timothy Dozat and Christopher D. Manning. 2018. Simpler but more accurate semantic dependency parsing. In Proceedings of the 56th Annual Meeting of the Association for Computational Linguistics (ACL), pages 484-490, Melbourne, Australia.</note>
</biblStruct>

<biblStruct xml:id="b25">
	<analytic>
		<title level="a" type="main">Web-scale information extraction in knowitall: (preliminary results)</title>
		<author>
			<persName><forename type="first">Oren</forename><surname>Etzioni</surname></persName>
		</author>
		<author>
			<persName><forename type="first">Michael</forename><forename type="middle">J</forename><surname>Cafarella</surname></persName>
		</author>
		<author>
			<persName><forename type="first">Doug</forename><surname>Downey</surname></persName>
		</author>
		<author>
			<persName><forename type="first">Stanley</forename><surname>Kok</surname></persName>
		</author>
		<author>
			<persName><forename type="first">Ana-Maria</forename><surname>Popescu</surname></persName>
		</author>
		<author>
			<persName><forename type="first">Tal</forename><surname>Shaked</surname></persName>
		</author>
		<author>
			<persName><forename type="first">Stephen</forename><surname>Soderland</surname></persName>
		</author>
		<author>
			<persName><forename type="first">Daniel</forename><forename type="middle">S</forename><surname>Weld</surname></persName>
		</author>
		<author>
			<persName><forename type="first">Alexander</forename><surname>Yates</surname></persName>
		</author>
	</analytic>
	<monogr>
		<title level="m">Proceedings of the 13th international conference on World Wide Web (WWW)</title>
				<meeting>the 13th international conference on World Wide Web (WWW)<address><addrLine>New York, NY</addrLine></address></meeting>
		<imprint>
			<date type="published" when="2004">2004</date>
			<biblScope unit="page" from="100" to="110" />
		</imprint>
	</monogr>
	<note type="raw_reference">Oren Etzioni, Michael J. Cafarella, Doug Downey, Stanley Kok, Ana-Maria Popescu, Tal Shaked, Stephen Soderland, Daniel S. Weld, and Alexander Yates. 2004. Web-scale information extraction in knowitall: (preliminary results). In Proceedings of the 13th international conference on World Wide Web (WWW), pages 100-110, New York, NY.</note>
</biblStruct>

<biblStruct xml:id="b26">
	<analytic>
		<title level="a" type="main">MinIE: Minimizing facts in open information extraction</title>
		<author>
			<persName><forename type="first">Kiril</forename><surname>Gashteovski</surname></persName>
		</author>
		<author>
			<persName><forename type="first">Rainer</forename><surname>Gemulla</surname></persName>
		</author>
		<author>
			<persName><forename type="first">Luciano</forename><surname>Del</surname></persName>
		</author>
		<author>
			<persName><forename type="first">Corro</forename></persName>
		</author>
	</analytic>
	<monogr>
		<title level="m">Proceedings of the 2017 Conference on Empirical Methods in Natural Language Processing (EMNLP)</title>
				<meeting>the 2017 Conference on Empirical Methods in Natural Language Processing (EMNLP)<address><addrLine>Copenhagen, Denmark</addrLine></address></meeting>
		<imprint>
			<date type="published" when="2017">2017</date>
			<biblScope unit="page" from="2630" to="2640" />
		</imprint>
	</monogr>
	<note type="raw_reference">Kiril Gashteovski, Rainer Gemulla, and Luciano Del Corro. 2017. MinIE: Minimizing facts in open information extraction. In Proceedings of the 2017 Conference on Empirical Methods in Natural Language Processing (EMNLP), pages 2630-2640, Copenhagen, Denmark.</note>
</biblStruct>

<biblStruct xml:id="b27">
	<analytic>
		<title level="a" type="main">IMoJIE: Iterative memory-based joint open information extraction</title>
		<author>
			<persName><forename type="first">Keshav</forename><surname>Kolluru</surname></persName>
		</author>
		<author>
			<persName><forename type="first">Samarth</forename><surname>Aggarwal</surname></persName>
		</author>
		<author>
			<persName><surname>Vipul Rathore</surname></persName>
		</author>
		<author>
			<persName><forename type="first">Soumen</forename><surname>Mausam</surname></persName>
		</author>
		<author>
			<persName><surname>Chakrabarti</surname></persName>
		</author>
	</analytic>
	<monogr>
		<title level="m">Proceedings of the 58th Annual Meeting of the Association for Computational Linguistics (ACL)</title>
				<meeting>the 58th Annual Meeting of the Association for Computational Linguistics (ACL)</meeting>
		<imprint>
			<publisher>Online</publisher>
			<date type="published" when="2020">2020</date>
			<biblScope unit="page" from="5871" to="5886" />
		</imprint>
	</monogr>
	<note type="raw_reference">Keshav Kolluru, Samarth Aggarwal, Vipul Rathore, Mausam, and Soumen Chakrabarti. 2020. IMoJIE: Iterative memory-based joint open information ex- traction. In Proceedings of the 58th Annual Meeting of the Association for Computational Linguistics (ACL), pages 5871-5886, Online.</note>
</biblStruct>

<biblStruct xml:id="b28">
	<analytic>
		<title level="a" type="main">Extracting knowledge from web text with monte carlo tree search</title>
		<author>
			<persName><forename type="first">Guiliang</forename><surname>Liu</surname></persName>
		</author>
		<author>
			<persName><forename type="first">Xu</forename><surname>Li</surname></persName>
		</author>
		<author>
			<persName><forename type="first">Jiakang</forename><surname>Wang</surname></persName>
		</author>
		<author>
			<persName><forename type="first">Mingming</forename><surname>Sun</surname></persName>
		</author>
		<author>
			<persName><forename type="first">Ping</forename><surname>Li</surname></persName>
		</author>
	</analytic>
	<monogr>
		<title level="m">Proceedings of the Web Conference (WWW)</title>
				<meeting>the Web Conference (WWW)<address><addrLine>Taipei</addrLine></address></meeting>
		<imprint>
			<date type="published" when="2020">2020</date>
			<biblScope unit="page" from="2585" to="2591" />
		</imprint>
	</monogr>
	<note type="raw_reference">Guiliang Liu, Xu Li, Jiakang Wang, Mingming Sun, and Ping Li. 2020. Extracting knowledge from web text with monte carlo tree search. In Proceedings of the Web Conference (WWW), pages 2585-2591, Taipei.</note>
</biblStruct>

<biblStruct xml:id="b29">
	<analytic>
		<title level="a" type="main">Open language learning for information extraction</title>
		<author>
			<persName><forename type="first">Michael</forename><surname>Mausam</surname></persName>
		</author>
		<author>
			<persName><forename type="first">Stephen</forename><surname>Schmitz</surname></persName>
		</author>
		<author>
			<persName><forename type="first">Robert</forename><surname>Soderland</surname></persName>
		</author>
		<author>
			<persName><forename type="first">Oren</forename><surname>Bart</surname></persName>
		</author>
		<author>
			<persName><surname>Etzioni</surname></persName>
		</author>
	</analytic>
	<monogr>
		<title level="m">Proceedings of the 2012 Joint Conference on Empirical Methods in Natural Language Processing and Computational Natural Language Learning (EMNLP-CoNLL)</title>
				<meeting>the 2012 Joint Conference on Empirical Methods in Natural Language Processing and Computational Natural Language Learning (EMNLP-CoNLL)<address><addrLine>Jeju Island, Korea</addrLine></address></meeting>
		<imprint>
			<publisher>ACL</publisher>
			<date type="published" when="2012">2012</date>
			<biblScope unit="page" from="523" to="534" />
		</imprint>
	</monogr>
	<note type="raw_reference">Mausam, Michael Schmitz, Stephen Soderland, Robert Bart, and Oren Etzioni. 2012. Open language learning for information extraction. In Proceed- ings of the 2012 Joint Conference on Empirical Methods in Natural Language Processing and Com- putational Natural Language Learning (EMNLP- CoNLL), pages 523-534, Jeju Island, Korea. ACL.</note>
</biblStruct>

<biblStruct xml:id="b30">
	<analytic>
		<title level="a" type="main">Demonyms and compound relational nouns in nominal open IE</title>
		<author>
			<persName><forename type="first">Harinder</forename><surname>Pal</surname></persName>
		</author>
		<author>
			<persName><surname>Mausam</surname></persName>
		</author>
	</analytic>
	<monogr>
		<title level="m">Proceedings of the 5th Workshop on Automated Knowledge Base Construction (AKBC@NAACL-HLT)</title>
				<meeting>the 5th Workshop on Automated Knowledge Base Construction (AKBC@NAACL-HLT)<address><addrLine>San Diego, CA</addrLine></address></meeting>
		<imprint>
			<date type="published" when="2016">2016</date>
			<biblScope unit="page" from="35" to="39" />
		</imprint>
	</monogr>
	<note type="raw_reference">Harinder Pal and Mausam. 2016. Demonyms and compound relational nouns in nominal open IE. In Proceedings of the 5th Workshop on Automated Knowledge Base Construction (AKBC@NAACL- HLT), pages 35-39, San Diego, CA.</note>
</biblStruct>

<biblStruct xml:id="b31">
	<analytic>
		<title level="a" type="main">Multi 2 OIE: Multilingual open information extraction based on multi-head attention with BERT</title>
		<author>
			<persName><forename type="first">Youngbin</forename><surname>Ro</surname></persName>
		</author>
		<author>
			<persName><forename type="first">Yukyung</forename><surname>Lee</surname></persName>
		</author>
		<author>
			<persName><forename type="first">Pilsung</forename><surname>Kang</surname></persName>
		</author>
	</analytic>
	<monogr>
		<title level="m">Findings of the Association for Computational Linguistics (EMNLP Findings)</title>
				<imprint>
			<publisher>Online Event</publisher>
			<date type="published" when="2020">2020</date>
			<biblScope unit="page" from="1107" to="1117" />
		</imprint>
	</monogr>
	<note type="raw_reference">Youngbin Ro, Yukyung Lee, and Pilsung Kang. 2020. Multi 2 OIE: Multilingual open information extraction based on multi-head attention with BERT. In Findings of the Association for Computational Linguistics (EMNLP Findings), pages 1107-1117, Online Event.</note>
</biblStruct>

<biblStruct xml:id="b32">
	<analytic>
		<title level="a" type="main">Supervising unsupervised open information extraction models</title>
		<author>
			<persName><forename type="first">Arpita</forename><surname>Roy</surname></persName>
		</author>
		<author>
			<persName><forename type="first">Youngja</forename><surname>Park</surname></persName>
		</author>
		<author>
			<persName><forename type="first">Taesung</forename><surname>Lee</surname></persName>
		</author>
		<author>
			<persName><forename type="first">Shimei</forename><surname>Pan</surname></persName>
		</author>
	</analytic>
	<monogr>
		<title level="m">Proceedings of the 2019 Conference on Empirical Methods in Natural Language Processing and the 9th International Joint Conference on Natural Language Processing (EMNLP-IJCNLP)</title>
				<meeting>the 2019 Conference on Empirical Methods in Natural Language Processing and the 9th International Joint Conference on Natural Language Processing (EMNLP-IJCNLP)<address><addrLine>Hong Kong, China</addrLine></address></meeting>
		<imprint>
			<date type="published" when="2019">2019</date>
			<biblScope unit="page" from="728" to="737" />
		</imprint>
	</monogr>
	<note type="raw_reference">Arpita Roy, Youngja Park, Taesung Lee, and Shimei Pan. 2019. Supervising unsupervised open infor- mation extraction models. In Proceedings of the 2019 Conference on Empirical Methods in Natural Language Processing and the 9th International Joint Conference on Natural Language Processing (EMNLP-IJCNLP), pages 728-737, Hong Kong, China.</note>
</biblStruct>

<biblStruct xml:id="b33">
	<analytic>
		<title level="a" type="main">Bootstrapping for numerical open IE</title>
		<author>
			<persName><forename type="first">Swarnadeep</forename><surname>Saha</surname></persName>
		</author>
		<author>
			<persName><forename type="first">Harinder</forename><surname>Pal</surname></persName>
		</author>
		<author>
			<persName><forename type="first">Mausam</forename></persName>
		</author>
	</analytic>
	<monogr>
		<title level="m">Proceedings of the 55th Annual Meeting of the Association for Computational Linguistics (ACL)</title>
				<meeting>the 55th Annual Meeting of the Association for Computational Linguistics (ACL)<address><addrLine>Vancouver, Canada</addrLine></address></meeting>
		<imprint>
			<date type="published" when="2017">2017</date>
			<biblScope unit="page" from="317" to="323" />
		</imprint>
	</monogr>
	<note type="raw_reference">Swarnadeep Saha, Harinder Pal, and Mausam. 2017. Bootstrapping for numerical open IE. In Proceed- ings of the 55th Annual Meeting of the Association for Computational Linguistics (ACL), pages 317- 323, Vancouver, Canada.</note>
</biblStruct>

<biblStruct xml:id="b34">
	<analytic>
		<title level="a" type="main">Enhanced english universal dependencies: An improved representation for natural language understanding tasks</title>
		<author>
			<persName><forename type="first">Sebastian</forename><surname>Schuster</surname></persName>
		</author>
		<author>
			<persName><forename type="first">Christopher</forename><forename type="middle">D</forename><surname>Manning</surname></persName>
		</author>
	</analytic>
	<monogr>
		<title level="m">Proceedings of the Tenth International Conference on Language Resources and Evaluation (LREC)</title>
				<meeting>the Tenth International Conference on Language Resources and Evaluation (LREC)<address><addrLine>Portorož, Slovenia</addrLine></address></meeting>
		<imprint>
			<date type="published" when="2016">2016</date>
		</imprint>
	</monogr>
	<note type="raw_reference">Sebastian Schuster and Christopher D. Manning. 2016. Enhanced english universal dependencies: An improved representation for natural language understanding tasks. In Proceedings of the Tenth International Conference on Language Resources and Evaluation (LREC), Portorož, Slovenia.</note>
</biblStruct>

<biblStruct xml:id="b35">
	<analytic>
		<title level="a" type="main">Creating a large benchmark for open information extraction</title>
		<author>
			<persName><forename type="first">Gabriel</forename><surname>Stanovsky</surname></persName>
		</author>
		<author>
			<persName><forename type="first">Ido</forename><surname>Dagan</surname></persName>
		</author>
	</analytic>
	<monogr>
		<title level="m">Proceedings of the 2016 Conference on Empirical Methods in Natural Language Processing (EMNLP)</title>
				<meeting>the 2016 Conference on Empirical Methods in Natural Language Processing (EMNLP)<address><addrLine>Austin, TX</addrLine></address></meeting>
		<imprint>
			<date type="published" when="2016">2016</date>
			<biblScope unit="page" from="2300" to="2305" />
		</imprint>
	</monogr>
	<note type="raw_reference">Gabriel Stanovsky and Ido Dagan. 2016. Creating a large benchmark for open information extraction. In Proceedings of the 2016 Conference on Empirical Methods in Natural Language Processing (EMNLP), pages 2300-2305, Austin, TX.</note>
</biblStruct>

<biblStruct xml:id="b36">
	<analytic>
		<title level="a" type="main">Supervised open information extraction</title>
		<author>
			<persName><forename type="first">Gabriel</forename><surname>Stanovsky</surname></persName>
		</author>
		<author>
			<persName><forename type="first">Julian</forename><surname>Michael</surname></persName>
		</author>
		<author>
			<persName><forename type="first">Luke</forename><surname>Zettlemoyer</surname></persName>
		</author>
		<author>
			<persName><forename type="first">Ido</forename><surname>Dagan</surname></persName>
		</author>
	</analytic>
	<monogr>
		<title level="m">Proceedings of the 2018 Conference of the North American Chapter of the Association for Computational Linguistics: Human Language Technologies (NAACL-HLT)</title>
				<meeting>the 2018 Conference of the North American Chapter of the Association for Computational Linguistics: Human Language Technologies (NAACL-HLT)<address><addrLine>New Orleans, LA</addrLine></address></meeting>
		<imprint>
			<date type="published" when="2018">2018</date>
			<biblScope unit="page" from="885" to="895" />
		</imprint>
	</monogr>
	<note type="raw_reference">Gabriel Stanovsky, Julian Michael, Luke Zettlemoyer, and Ido Dagan. 2018. Supervised open information extraction. In Proceedings of the 2018 Conference of the North American Chapter of the Association for Computational Linguistics: Human Language Technologies (NAACL-HLT), pages 885-895, New Orleans, LA.</note>
</biblStruct>

<biblStruct xml:id="b37">
	<analytic>
		<title level="a" type="main">A Predicate-Function-Argument Annotation of Natural Language for Open-Domain Information eXpression</title>
		<author>
			<persName><forename type="first">Mingming</forename><surname>Sun</surname></persName>
		</author>
		<author>
			<persName><forename type="first">Wenyue</forename><surname>Hua</surname></persName>
		</author>
		<author>
			<persName><forename type="first">Zoey</forename><surname>Liu</surname></persName>
		</author>
		<author>
			<persName><forename type="first">Xin</forename><surname>Wang</surname></persName>
		</author>
		<author>
			<persName><forename type="first">Kangjie</forename><surname>Zheng</surname></persName>
		</author>
		<author>
			<persName><forename type="first">Ping</forename><surname>Li</surname></persName>
		</author>
	</analytic>
	<monogr>
		<title level="m">Proceedings of the 2020 Conference on Empirical Methods in Natural Language Processing (EMNLP)</title>
				<meeting>the 2020 Conference on Empirical Methods in Natural Language Processing (EMNLP)</meeting>
		<imprint>
			<publisher>Online</publisher>
			<date type="published" when="2020">2020</date>
			<biblScope unit="page" from="2140" to="2150" />
		</imprint>
	</monogr>
	<note type="raw_reference">Mingming Sun, Wenyue Hua, Zoey Liu, Xin Wang, Kangjie Zheng, and Ping Li. 2020. A Predicate- Function-Argument Annotation of Natural Lan- guage for Open-Domain Information eXpression. In Proceedings of the 2020 Conference on Empirical Methods in Natural Language Processing (EMNLP), pages 2140-2150, Online.</note>
</biblStruct>

<biblStruct xml:id="b38">
	<analytic>
		<title level="a" type="main">Logician and orator: Learning from the duality between language and knowledge in open domain</title>
		<author>
			<persName><forename type="first">Mingming</forename><surname>Sun</surname></persName>
		</author>
		<author>
			<persName><forename type="first">Xu</forename><surname>Li</surname></persName>
		</author>
		<author>
			<persName><forename type="first">Ping</forename><surname>Li</surname></persName>
		</author>
	</analytic>
	<monogr>
		<title level="m">Proceedings of the 2018 Conference on Empirical Methods in Natural Language Processing (EMNLP)</title>
				<meeting>the 2018 Conference on Empirical Methods in Natural Language Processing (EMNLP)<address><addrLine>Brussels, Belgium</addrLine></address></meeting>
		<imprint>
			<date type="published" when="2018">2018a</date>
			<biblScope unit="page" from="2119" to="2130" />
		</imprint>
	</monogr>
	<note type="raw_reference">Mingming Sun, Xu Li, and Ping Li. 2018a. Logician and orator: Learning from the duality between language and knowledge in open domain. In Proceedings of the 2018 Conference on Empirical Methods in Natural Language Processing (EMNLP), pages 2119-2130, Brussels, Belgium.</note>
</biblStruct>

<biblStruct xml:id="b39">
	<analytic>
		<title level="a" type="main">Logician: A unified end-toend neural approach for open-domain information extraction</title>
		<author>
			<persName><forename type="first">Mingming</forename><surname>Sun</surname></persName>
		</author>
		<author>
			<persName><forename type="first">Xu</forename><surname>Li</surname></persName>
		</author>
		<author>
			<persName><forename type="first">Xin</forename><surname>Wang</surname></persName>
		</author>
		<author>
			<persName><forename type="first">Miao</forename><surname>Fan</surname></persName>
		</author>
		<author>
			<persName><forename type="first">Yue</forename><surname>Feng</surname></persName>
		</author>
		<author>
			<persName><forename type="first">Ping</forename><surname>Li</surname></persName>
		</author>
	</analytic>
	<monogr>
		<title level="m">Proceedings of the 2014 Conference on Empirical Methods in Natural Language Processing (EMNLP)</title>
				<editor>
			<persName><forename type="first">Mohamed</forename><surname>Yahya</surname></persName>
		</editor>
		<editor>
			<persName><forename type="first">Steven</forename><surname>Whang</surname></persName>
		</editor>
		<editor>
			<persName><forename type="first">Rahul</forename><surname>Gupta</surname></persName>
		</editor>
		<editor>
			<persName><forename type="first">Alon</forename><forename type="middle">Y</forename><surname>Halevy</surname></persName>
		</editor>
		<meeting>the 2014 Conference on Empirical Methods in Natural Language Processing (EMNLP)<address><addrLine>Marina Del Rey, CA; Doha, Qatar</addrLine></address></meeting>
		<imprint>
			<date type="published" when="2014">2018b. 2014</date>
			<biblScope unit="page" from="325" to="335" />
		</imprint>
	</monogr>
	<note>Proceedings of the Eleventh ACM International Conference on Web Search and Data Mining (WSDM)</note>
	<note type="raw_reference">Mingming Sun, Xu Li, Xin Wang, Miao Fan, Yue Feng, and Ping Li. 2018b. Logician: A unified end-to- end neural approach for open-domain information extraction. In Proceedings of the Eleventh ACM International Conference on Web Search and Data Mining (WSDM), pages 556-564, Marina Del Rey, CA. Mohamed Yahya, Steven Whang, Rahul Gupta, and Alon Y. Halevy. 2014. Renoun: Fact extraction for nominal attributes. In Proceedings of the 2014 Conference on Empirical Methods in Natural Language Processing (EMNLP), pages 325-335, Doha, Qatar.</note>
</biblStruct>

<biblStruct xml:id="b40">
	<analytic>
		<title level="a" type="main">Span model for open information extraction on accurate corpus</title>
		<author>
			<persName><forename type="first">Junlang</forename><surname>Zhan</surname></persName>
		</author>
		<author>
			<persName><forename type="first">Hai</forename><surname>Zhao</surname></persName>
		</author>
	</analytic>
	<monogr>
		<title level="m">Proceedings of the Thirty-Fourth AAAI Conference on Artificial Intelligence (AAAI)</title>
				<meeting>the Thirty-Fourth AAAI Conference on Artificial Intelligence (AAAI)<address><addrLine>New York, NY</addrLine></address></meeting>
		<imprint>
			<date type="published" when="2020">2020</date>
			<biblScope unit="page" from="9523" to="9530" />
		</imprint>
	</monogr>
	<note type="raw_reference">Junlang Zhan and Hai Zhao. 2020. Span model for open information extraction on accurate corpus. In Proceedings of the Thirty-Fourth AAAI Conference on Artificial Intelligence (AAAI), pages 9523-9530, New York, NY.</note>
</biblStruct>

<biblStruct xml:id="b41">
	<analytic>
		<title level="a" type="main">Learning interpretable relationships between entities, relations and concepts via bayesian structure learning on open domain facts</title>
		<author>
			<persName><forename type="first">Jingyuan</forename><surname>Zhang</surname></persName>
		</author>
		<author>
			<persName><forename type="first">Mingming</forename><surname>Sun</surname></persName>
		</author>
		<author>
			<persName><forename type="first">Yue</forename><surname>Feng</surname></persName>
		</author>
		<author>
			<persName><forename type="first">Ping</forename><surname>Li</surname></persName>
		</author>
	</analytic>
	<monogr>
		<title level="m">Proceedings of the 58th Annual Meeting of the Association for Computational Linguistics (ACL)</title>
				<meeting>the 58th Annual Meeting of the Association for Computational Linguistics (ACL)</meeting>
		<imprint>
			<publisher>Online</publisher>
			<date type="published" when="2020">2020</date>
			<biblScope unit="page" from="8045" to="8056" />
		</imprint>
	</monogr>
	<note type="raw_reference">Jingyuan Zhang, Mingming Sun, Yue Feng, and Ping Li. 2020. Learning interpretable relationships between entities, relations and concepts via bayesian structure learning on open domain facts. In Proceedings of the 58th Annual Meeting of the Association for Computational Linguistics (ACL), pages 8045-8056, Online.</note>
</biblStruct>

				</listBibl>
			</div>
		</back>
	</text>
</TEI>
