<?xml version="1.0" encoding="UTF-8"?>
<TEI xml:space="preserve" xmlns="http://www.tei-c.org/ns/1.0" 
xmlns:xsi="http://www.w3.org/2001/XMLSchema-instance" 
xsi:schemaLocation="http://www.tei-c.org/ns/1.0 https://raw.githubusercontent.com/kermitt2/grobid/master/grobid-home/schemas/xsd/Grobid.xsd"
 xmlns:xlink="http://www.w3.org/1999/xlink">
	<teiHeader xml:lang="en">
		<fileDesc>
			<titleStmt>
				<title level="a" type="main">Paraphrase Generation for Semi-Supervised Learning in NLU</title>
			</titleStmt>
			<publicationStmt>
				<publisher/>
				<availability status="unknown"><licence/></availability>
			</publicationStmt>
			<sourceDesc>
				<biblStruct>
					<analytic>
						<author role="corresp">
							<persName><forename type="first">Eunah</forename><surname>Cho</surname></persName>
							<email>eunahch@amazon.com</email>
						</author>
						<author>
							<persName><forename type="first">William</forename><forename type="middle">M</forename><surname>Campbell Amazon</surname></persName>
						</author>
						<author>
							<persName><forename type="first">Alexa</forename><surname>Ai</surname></persName>
						</author>
						<title level="a" type="main">Paraphrase Generation for Semi-Supervised Learning in NLU</title>
					</analytic>
					<monogr>
						<imprint>
							<date/>
						</imprint>
					</monogr>
					<idno type="MD5">63F4CBAD0AAF002B1A9AA7E6924D5781</idno>
				</biblStruct>
			</sourceDesc>
		</fileDesc>
		<encodingDesc>
			<appInfo>
				<application version="0.7.3-SNAPSHOT" ident="GROBID" when="2023-01-12T09:08+0000">
					<desc>GROBID - A machine learning software for extracting information from scholarly documents</desc>
					<ref target="https://github.com/kermitt2/grobid"/>
				</application>
			</appInfo>
		</encodingDesc>
		<profileDesc>
			<abstract>
<div xmlns="http://www.tei-c.org/ns/1.0"><p>Semi-supervised learning is an efficient way to improve performance for natural language processing systems. In this work, we propose Para-SSL, a scheme to generate candidate utterances using paraphrasing and methods from semi-supervised learning. In order to perform paraphrase generation in the context of a dialog system, we automatically extract paraphrase pairs to create a paraphrase corpus. Using this data, we build a paraphrase generation system and perform one-to-many generation, followed by a validation step to select only the utterances with good quality. The paraphrasebased semi-supervised learning is applied to five functionalities in a natural language understanding system.</p><p>Our proposed method for semi-supervised learning using paraphrase generation does not require user utterances and can be applied prior to releasing a new functionality to a system. Experiments show that we can achieve up to 19% of relative semantic error reduction without an access to user utterances, and up to 35% when leveraging live traffic utterances.</p></div>
			</abstract>
		</profileDesc>
	</teiHeader>
	<text xml:lang="en">
		<body>
<div xmlns="http://www.tei-c.org/ns/1.0"><head n="1">Introduction</head><p>Task-oriented dialog systems are used frequently, either providing mobile support (e.g. Siri, Bixby) or at-home service (e.g. Alexa, Google Home). Natural language understanding (NLU) technology is one of the components for dialog systems, producing interpretation for an input utterance. Namely, an NLU system takes recognized speech input and produces intents, domains, and slots for the utterance to support the user request <ref type="bibr" target="#b25">(Tur and De Mori, 2011)</ref>. For example, for a user request "turn off the lights in living room," the NLU system would generate domain Device, intent Light-Control, and slot values of "off" for OffTrigger and "living room" for Location. In this work, we define functionality as a dialog system's capability given NLU output (e.g., turning off a light, playing a user's playlist).</p><p>It is crucial for applications to add support for new functionalities and improve them continuously. An efficient method for this is semisupervised learning (SSL), where the model learns from both unlabeled as well as labeled data. One SSL method for NLU is to find functionalityrelevant user utterances in live traffic and use them to augment the training data. In this work, we explore an alternative SSL approach "Para-SSL," where we generate functionality-relevant utterances and augment them by applying a conservative validation. To generate functionality-relevant utterances, we use paraphrasing, a task to generate an alternative surface form to express the same semantic content <ref type="bibr" target="#b11">(Madnani and Dorr, 2010)</ref>. Paraphrasing has been used for many natural language processing (NLP) tasks to additionally generate training data <ref type="bibr" target="#b2">(Callison-Burch et al., 2006)</ref>.</p><p>We view the generation work as a translation task <ref type="bibr" target="#b19">(Quirk et al., 2004;</ref><ref type="bibr" target="#b0">Bannard and Callison-Burch, 2005)</ref>, where we translate an utterance into its paraphrase that supports the same functionality. In our task, it is crucial to perform one-tomany generation so that we can obtain a bigger candidate pool for utterance augmentation. In this work, we use beam search to generate n-best list from paraphrase generation model. We then apply a validation step for utterances in the generated nbest list and augment the ones that could be successfully validated.</p><p>In order to model paraphrases that fit to the style of dialog system, we build a paraphrase corpus for NLU modeling by automatically extracting paraphrases in terms of NLU functionality. Experiments on five functionalities of our dialog system show that we can achieve up to 35% of relative error reduction by using generated paraphrases for semi-supervised learning.</p></div>
<div xmlns="http://www.tei-c.org/ns/1.0"><head n="2">Related Work</head><p>SSL has been used in various tasks in NLP with self-training <ref type="bibr" target="#b9">(Ma et al., 2006;</ref><ref type="bibr" target="#b26">Tur et al., 2005;</ref><ref type="bibr" target="#b14">McClosky et al., 2006;</ref><ref type="bibr" target="#b20">Reichart and Rappoport, 2007)</ref>. Previous work also investigated learning representations from implicit information <ref type="bibr" target="#b3">(Collobert and Weston, 2008;</ref><ref type="bibr" target="#b17">Peters et al., 2018)</ref>. <ref type="bibr" target="#b15">Oliver et al. (2018)</ref> showed that using SSL in a production setting poses a distinctive challenge for evaluation.</p><p>Paraphrase modeling has been viewed as a machine translation (MT) task in previous work. Approaches include ones based on statistical machine translation (SMT) <ref type="bibr" target="#b19">(Quirk et al., 2004;</ref><ref type="bibr" target="#b0">Bannard and Callison-Burch, 2005)</ref> as well as syntaxbased SMT <ref type="bibr" target="#b1">(Callison-Burch, 2008)</ref>. <ref type="bibr" target="#b13">Mallinson et al. (2017)</ref> showed that neural machine translation (NMT) systems perform better than phrasebased MT systems in paraphrase generation tasks.</p><p>In <ref type="bibr" target="#b28">Wang et al. (2018)</ref>, authors show that paraphrase generation using the transformer leads to better performance compared to two other stateof-the-art techniques, a stacked residual LSTM <ref type="bibr" target="#b18">(Prakash et al., 2016)</ref> and a nested variational LSTM <ref type="bibr" target="#b4">(Gupta et al., 2018)</ref>. <ref type="bibr" target="#b30">Yu et al. (2016)</ref> showed that text generation task can be achieved using a generative network, where the generator is modeled as a stochastic policy. Later the model was explored and compared to maximum likelihood estimation, as well as scheduled sampling in <ref type="bibr" target="#b6">Kawthekar et al. (2017)</ref>. Authors noted that training generative adversarial networks (GANs) is a hard problem for textual input due to its discrete nature, which makes mini updates for models to learn difficult. <ref type="bibr" target="#b5">Iyyer et al. (2018)</ref> proposed encoder-decoder model-based, syntactically controlled paraphrase networks to generate syntactically adversarial examples.</p><p>Paraphrase extraction using bilingual pivoting was proposed in <ref type="bibr" target="#b0">Bannard and Callison-Burch (2005)</ref>, where they assume that two English strings e 1 and e 2 , whose translation in a foreign language f is the same, have the same meaning. Inspired by this, we apply monolingual pivoting based on NLU interpretations. If two strings e 1 and e 2 share the same set of NLU interpretations (represented by domain, intent and slot sets), they are considered to be paraphrases. Details will be given in Section 4.</p><p>The encoder-decoder based MT approach has been applied to generate paraphrases for addi-tional training data for NLU <ref type="bibr" target="#b22">(Sokolov and Filimonov, 2019)</ref>. They trained the encoder on a traditional, bilingual MT task, fixed it and trained decoder for paraphrase task. Authors showed that using generated paraphrases can help to improve NLU performance for a given feature. Our work distinguishes itself from this work from two perspectives. First, we show that paraphrase generation for NLU can be modeled in a shared monolingual space by leveraging pivoting based on NLU interpretations. Second, we show that generating many variants of paraphrase and applying a validation step is an effective way to apply semisupervised learning and improves model performance greatly.</p></div>
<div xmlns="http://www.tei-c.org/ns/1.0"><head n="3">Para-SSL</head><p>In this section, we describe two approaches for semi-supervised learning in NLU. The first one utilizes user utterances, while the second approach uses generated paraphrases.</p></div>
<div xmlns="http://www.tei-c.org/ns/1.0"><head n="3.1">Semi-supervised Learning for NLU</head><p>Our conventional semi-supervised learning approach has largely two steps: filtering and validation. We first find functionality-relevant utterances from live traffic (filtering) and augment them using the current NLU model (validation). In order to find the functionality-relevant utterances, we rely on a high-throughput, low complexity linear logistic regression classifier. To train the 1-vs-all classifier, we use available target functionality utterances as in-class examples, and the rest for out-ofclass examples. As feature of the classifier, we use n-grams from the examples.</p><p>The filtered utterances are augmented and validated through NLU model. Utterances with confidence score above a threshold are added into training. Throughout the paper, we will call this approach SSL.</p></div>
<div xmlns="http://www.tei-c.org/ns/1.0"><head n="3.2">Paraphrase Generation for SSL</head><p>Another approach for SSL is to generate functionality-relevant utterances, instead of filtering them from live traffic. The SSL technique described in Section 3.1 has an advantage that the filtered utterances are indeed actual utterances from dialog system users. Thus, it ensures the quality of filtered utterances in terms of fluency and context fit for our dialog system. On the other hand, it requires live traffic utterances for the target function-ality. Therefore, the above-mentioned SSL technique is not applicable when the functionality is not yet released.</p><p>In this work, we explore generation of functionality-relevant utterance for SSL. Generated utterances are validated in the same method as in conventional SSL, by running them through an NLU model and selecting utterances whose hypothesis confidence is higher than a threshold.</p><p>Inspired by its good performance in paraphrase generation task, we use the model constructed with self-attention encoders and decoders, known as the Transformer <ref type="bibr" target="#b27">(Vaswani et al., 2017)</ref>. Unlike other paraphrase tasks <ref type="bibr" target="#b28">(Wang et al., 2018;</ref><ref type="bibr" target="#b30">Yu et al., 2016)</ref>, our application requires one-tomany generation. Namely, when we input one inclass functionality utterance, we expect to have many paraphrases who are likely to invoke the same functionality. In order to generate multiple paraphrases for an input utterance, we use beam search and generate n-best lists <ref type="bibr" target="#b24">(Tillmann and Ney, 2003)</ref>, where we fix n = 50 in this work. Throughout this paper, we will call this approach Para-SSL.</p></div>
<div xmlns="http://www.tei-c.org/ns/1.0"><head n="3.3">Benchmarks</head><p>In order to evaluate the impact of generated paraphrases in NLU modeling we set up benchmarks on five functionalities. The details of the functionalities will be discussed in Section 6. In each benchmark, we simulate the NLU functionality development cycle by adding an increasing amount of training data on the target functionality.</p><p>The first version for each benchmark represents the bootstrap phase. On top of the training data for other functionalities that the dialog system supports, we have synthetically created training data for the target functionality. As the functionality is not yet launched, there is no training data coming from actual user utterances.</p><p>In the following live phase, we add 10%, 20%, 50%, 80%, or 100% of the annotated training data of the target functionality on top of the bootstrap phase version. We will refer to them as annotation increments in this paper. Using the annotation increments, we aim to simulate how support for the target functionality improves as we have more user utterances available for training.</p><p>The SSL algorithm on the benchmark is shown in Algorithm 1. The starting dialog system D is trained with the bootstrap data B for the func- tionality and other data T for other functionalities that it supports. As we have more annotation data available, we find and validate candidate utterances C A . We then update D using the additional training data for the functionality. Note that the bootstrap data B is continuously used throughout the live phase in order to secure a broad support for the functionality.</p><p>We perform Para-SSL as shown in Algorithm 2. As Para-SSL does not require live traffic utterances, we can start augmenting more utterances using bootstrap data only. Note that during the live phase (U i ∈ A), we continue to use the bootstrap data B (line 6). Instead of the step to find candidate utterances C A in SSL (line 3 in Algorithm 1), Para-SSL enables generation of utterances given input group (line 7 in Algorithm 2). Both algorithms have a validation step to threshold NLU interpretations based on model score. For each an-notation increment in Para-SSL, we can also leverage the validated data from bootstrap phase S B by setting S to always include S B (see line 9).</p><p>Based upon preliminary experiments to set θ cP ara−SSL , we fixed θ cP ara−SSL at 0.9 in this work. For θ cSSL , we took the model's reject threshold of each functionality. When an NLU interpretation has a confidence score lower than the reject threshold, it will not be accepted by the downstream process in the dialog system. The reject threshold is set differently for each functionality to minimize false rejects as described in <ref type="bibr" target="#b28">Su et al. (2018)</ref> and varies from 0.13 to 0.35.</p></div>
<div xmlns="http://www.tei-c.org/ns/1.0"><head n="4">Dialog Paraphrase Corpus</head><p>How users interact with a spoken dialog system is very distinguishable in terms of style of the speech. Thus, it is crucial to use a corpus that contains such style of utterances. Since we do not have a hand-annotated paraphrase corpus for our dialog system, we automatically created a paraphrase corpus from user interaction with the dialog system.</p></div>
<div xmlns="http://www.tei-c.org/ns/1.0"><head n="4.1">Definition</head><p>In order to pair up existing utterances with NLU interpretation with their paraphrases, we first have to define what makes paraphrase in this work. We define utterances that invoke the same functionality from our spoken dialog system with same entities are paraphrase of each other. For example, an utterance Play Adele in my living room is a paraphrase of I would like to listen to Adele in my living room. However, such paraphrases that share the same entities in granularity would be sparse throughout the corpus. Thus, we propose a concept of para-carrier phrase, which groups utterances that invoke the same functionality of the dialog system but not necessarily share the entities. For example, Play Adele in my living room can be a para-carrier phrase of an utterance I would like to listen to Lady Gaga in my kitchen.</p></div>
<div xmlns="http://www.tei-c.org/ns/1.0"><head n="4.2">Paraphrase Pairs</head><p>For paraphrase pair extraction, we used NLU training data that was available before any of the five functionalities we consider in this work were designed or launched. Thereby, we aim to simulate scenarios where a new functionality does not have similar or related utterances in the training data of the paraphrase model. In order to avoid potential annotation errors, we first applied frequency-based de-noising to the data, removing annotated utterances whose frequency is lower than m times throughout the corpus. For annotated utterances from live traffic, we apply m = 3 and for synthetic utterances we apply m = 6. Given de-noised utterances, we pair up utterances that are para-carrier phrase of each other. Once they are paired, we masked their entities with their slot type. Our previous example will become a paracarrier phrase pair Play Artist in HomeLocation -I would like to listen to Artist in HomeLocation in this step. We then randomly sample entities from an internal catalog for each slot type in order to make them into a paraphrase pair that shares the same entities. In this way, we obtained around 1M paraphrase pairs. This data is used as an in-domain data for paraphrase generation system.</p></div>
<div xmlns="http://www.tei-c.org/ns/1.0"><head n="5">System Description</head></div>
<div xmlns="http://www.tei-c.org/ns/1.0"><head n="5.1">Neural Machine Translation</head><p>For training data of the paraphrase generation system, we use both general and in-domain paraphrase corpora. The in-domain paraphrase corpus, as described in Section 4, contains 1M paraphrase pairs that fit the style and genre of the dialog system. For the general domain data, we use a backtranslated English paraphrase corpus <ref type="bibr" target="#b29">(Wieting and Gimpel, 2017)</ref>. Out of a 50M pair parallel corpus, we first selected 30M pairs whose score are the highest. We then randomly selected 10M parallel sentences. The general and in-domain corpora are shuffled so that each batch can be exposed to both of them. For development data, we randomly chose 3K sentences from the in-domain data. Prior to training, we apply BPE <ref type="bibr" target="#b21">(Sennrich et al., 2015)</ref> at operation size 40K for both source and target side concatenated.</p><p>We use a transformer <ref type="bibr" target="#b27">(Vaswani et al., 2017)</ref> for the task, using the implementation in <ref type="bibr" target="#b8">Klein et al. (2017)</ref>. Our hyper-parameters follow the Base configuration of the original work, with several alterations. We use 512 as the hidden layer size, and 2048 for the inner size of the feed-forward network. We added sinusoidal position encoding to each embedding. The model is trained for 200, 000 steps, with the Adam optimizer (Kingma and Ba, 2014). We set 0.998 for β 2 in Adam optimizer and 8, 000 for warm-up steps. As our source and target languages are the same, we shared the embeddings between encoder and decoder. </p></div>
<div xmlns="http://www.tei-c.org/ns/1.0"><head n="5.2">Natural Language Understanding</head><p>Our NLU model consists of a domain classifier (DC), an intent classifier (IC), and a named entity classifier (NER). For this experiment, we used statistical models for the three components. A DC model outputs whether a given input utterance is intended for the target domain (e.g. Book). We trained our DC with a maximum entropy (ME) classifier, using n-grams extracted from the training data as input features. An intent of the input utterance is classified in IC. Trained with a multiclass ME classifier, the IC outputs the intent for each utterance (e.g. ReadBook). The model uses n-grams as features. The NER is used to identify named entities in the utterance (e.g. "Harry Potter" for BookTitle). We used conditional random fields for NER tagging, using n-grams extracted training data. Each component outputs labels and corresponding confidence scores. The overall model confidence is obtained by multiplying the three confidence scores. We also applied a reranker scheme to integrate outputs from the components and provide a list of hypotheses. A detailed description of the reranker scheme as well as the NLU system can be found in <ref type="bibr" target="#b28">Su et al. (2018)</ref>.</p></div>
<div xmlns="http://www.tei-c.org/ns/1.0"><head n="6">Experimental Setup</head><p>We apply paraphrase generation to five functionalities of our spoken dialog system, where each functionality consists of one to two intents (e.g. PlayMusic, PlayVideo, etc.). Five functionalities come from four different domains, as shown in Table 1. By applying paraphrase generation to various functionalities across multiple domains, we show the applicability of the technique.</p><p>Table <ref type="table" target="#tab_0">1</ref> shows the number of intents and slots covered by each functionality. Additionally, the number of new slots introduced by modeling this functionality is shown in parentheses. Each functionality has a designated test set, which contains 1k to 3k functionality-specific utterances of live traffic data annotated. Table <ref type="table" target="#tab_0">1</ref> shows test set size for each functionality.</p><p>In this work, we evaluate the impact of generated paraphrases in terms of the NLU model performance, measured in Semantic Error Rate (Se-mER) <ref type="bibr" target="#b12">(Makhoul et al., 1999)</ref>. There are three types of slot errors in a hypothesis with respect to reference interpretation: substitution error (S), insertion error (I), and deletion error (D). We treat intent of NLU interpretation as one of slots using the metric, where an intent error is considered as a substitution. SemER is calculated as follows:</p><formula xml:id="formula_0">SemER = S + I + D S + D + C (1)</formula><p>where C denotes the number of correct slots/intents. Numbers we report in this work are the relative performance in terms of SemER.</p></div>
<div xmlns="http://www.tei-c.org/ns/1.0"><head n="6.1">Bootstrap Phase</head><p>We apply the paraphrase generation technique to two phases of spoken dialog system. The first phase is bootstrap phase where the functionality is in development. Thus, we do not have any actual user utterances in the training data but only synthetically-created training data. In our experiment, we rely on FST-generated synthetic data for a new functionality. We will call this data bootstrap data. We use the bootstrap data as an input to the paraphrase generation system. Note that we can only apply Para-SSL for the bootstrap phase, as SSL requires live traffic utterances.</p></div>
<div xmlns="http://www.tei-c.org/ns/1.0"><head n="6.2">Live Phase</head><p>The second phase we consider in this work is the live phase, where we have user utterances annotated for training. We apply our SSL approaches on the benchmarks, as described in Section 3.3.</p><p>For live phase experiments, we compare three methods against the baseline where no additional data was used. In Para-SSL, we use live annotation data as an input for paraphrase generation and validate the output using the NLU model. In SSL, we show the results of conventional SSL where we use an n-gram based filter to find functionalityrelated utterances and validate them using NLU model. In Combined, we use the validated utterances from SSL as an additional input for paraphrase generation model. The validated paraphrases from both SSL and Para-SSL are added for the system with SSL for each annotation increment.   </p></div>
<div xmlns="http://www.tei-c.org/ns/1.0"><head n="7">Results</head></div>
<div xmlns="http://www.tei-c.org/ns/1.0"><head n="7.1">Bootstrap Phase</head><p>Table <ref type="table" target="#tab_2">2</ref> shows data statistics of the generated paraphrases for the bootstrap phase. In the second column, we show how many utterances we used for the bootstrap data. Note that this data contains duplicate utterances. Para column in the table shows how many unique paraphrases are generated when inputting the bootstrap data into paraphrase model. The next two columns show the number of validated utterances and the corresponding ratio.</p><p>We then added the validated paraphrases into the NLU training. In second column of Table <ref type="table">3</ref>, we show how much relative improvement in Se-mER we can achieve by adding the validated paraphrases. Relative performance is evaluated against the baseline where no validated paraphrases were used. We can see that all functionalities' performances is improved greatly, with relative SemER reduction ranges from -3.5% up to -18.99% .</p><p>Additionally, we investigated whether we can achieve comparable performance by up-weighting the existing bootstrap training data. For this experiment, we randomly sample existing bootstrap data to the same amount as the validated paraphrases. Instead of the validated utterances, we then used the up-weighted bootstrap data (the ωBoot. column in Table <ref type="table">3</ref>). Especially for the functionalities where we obtained a big improvement using paraphrases (Announce, Chat), upweighting bootstrap data did not lead to comparable result. This result shows the potential of Para-SSL in bootstrap phase to improve functionality performance without using user interactions.</p></div>
<div xmlns="http://www.tei-c.org/ns/1.0"><head n="7.2">Live Phase</head><p>Table <ref type="table" target="#tab_5">4</ref> shows the number of validated paraphrases, for each functionality and annotation increment. As expected, we obtain more validated utterances as annotation increment increases. We can see that for most of the functionalities SSL obtains a bigger pool of validated utterances, compared to Para-SSL. It is noticeable that Combined sometimes obtains a smaller number of utterances validated, compared to SSL (e.g. Live10 for Quotes). Note that SSL and Combined rely on two different NLU models to augment and validate the utterances. For validation, Combined uses the model trained with validated paraphrases of bootstrap data. Adding generated paraphrases from bootstrap data changes decision boundary for the model, shifting confidence score ranges as well.</p><p>Table <ref type="table" target="#tab_6">5</ref> shows the impact when we generate paraphrases given live annotation data and add the validated ones into training data. For each functionality, we present three systems' performance against the baseline where only annotated training data is available. We can see that using Para-SSL can effectively improve NLU performance for most of the functionalities. Note that Para-SSL benefits from its capability of utilizing bootstrap data, in live phase as well. Even when the amount of validated utterances from Para-SSL is much smaller than the ones from SSL, we often observe comparative results.</p><p>On the other hand, Para-SSL did not bring a great improvement for Playlist, possibly due to the low validation rate throughout bootstrap and live phase, compared to other functionalities. We believe that the model is less prone to provide a high confidence score for a complex functionality such as Playlist. As shown in Table <ref type="table" target="#tab_0">1</ref>, Playlist involves the highest number of slots and intents. Also, there is no new slot involved for the modeling of this functionality. Thus, the model has to learn existing slots in a different context, which may lead to a generally lower confidence score range for the functionality.</p><p>In Combined, we observe that Para-SSL and SSL bring complementary improvements. It is also noticeable that even when we have less amount of utterances validated, Combined outperforms SSL. Figure <ref type="figure" target="#fig_0">1</ref>    ous sources in an embedding space 1 . We can see that generated paraphrases from Combined fill the gap between data points for bootstrap, live annotation, and SSL. We train embeddings using 89 million utterances in production <ref type="bibr" target="#b16">(Pagliardini et al., 2017)</ref>. For visualization we used t-SNE <ref type="bibr" target="#b10">(Maaten and Hinton, 2008)</ref>.</p></div>
<div xmlns="http://www.tei-c.org/ns/1.0"><head n="8">Analysis</head><p>First, we quantified the quality of generated utterances in n-best list in terms of their validation yield. Figure <ref type="figure" target="#fig_2">2</ref> shows the validation rate for each functionality. Validation rate is calculated for each n in the n-best list, by dividing the number of validated paraphrases by the number of generated ones, given all input utterances. Solid line represents semantic fidelity trend as n increases, showing how many of the generated utterances for each n are validated through. The dashed line shows the diversity trend in the n-best list. It represents how many of the generated utterances are unique utterances within the generated data assuming that we are adding new utterances starting from top to bottom in n-best lists for all utterances.</p><p>As expected, the general trend of the yield decreases (thus semantic fidelity likely decreases as well) as n grows. However, note that it does not drastically drop, but instead it reaches a plateau. The varying level of yield rate for different func-  tionalities also indicates that validation is a necessary step in order to use generated paraphrases into training data. We believe a further analysis will be beneficial to understand the trade-off between computational complexity and diversity of validated utterances when increasing size of n.</p><p>Additionally, we share examples of validated and filtered-out utterances in Table <ref type="table" target="#tab_7">6</ref>. We can see that validation step can successfully filter out paraphrases that do not conform well to the context of dialog system. A vague paraphrase in terms of NLU functionality (e.g. add a song to playlist vs. play a song) could also be filtered out.</p><p>For the second analysis, we looked into the necessity of keeping paraphrases of bootstrap data, especially when the model is trained with more live annotation data. As shown in Algorithm 2, we kept using the validated paraphrases of bootstrap data in live phase, in order to benefit from Para-SSL's applicability in bootstrap phase. As bootstrap data is often relatively larger than the annotated live data, we would keep the big corpus throughout the cycle of functionality development, potentially increasing the computational cost. For   this analysis, we remove the validated paraphrases of bootstrap data and retrained the model. The analysis is applied for Combined experiments. Table <ref type="table" target="#tab_9">7</ref> shows the result for annotation increments 80 and 100. Comparison to the numbers in the same increments shown in Table <ref type="table" target="#tab_6">5</ref> shows that there is no substantial degradation caused by retiring the generated paraphrases from bootstrap data, when model is trained with sufficient live annotation data.</p><p>Experiment showed that we still benefit from augmenting and validating paraphrases using the Combined system, without retiring the validated paraphrases of bootstrap data. When we use the system with data retirement, we reached a worse performance in live phase. This indicates that we can use a better-performing but potentially computationally expensive model for utterance augmentation and validation, and for production we can use a lighter system with a comparable performance.</p></div>
<div xmlns="http://www.tei-c.org/ns/1.0"><head n="9">Conclusion</head><p>In this work, we investigated the impact of paraphrase generation for semi-supervised learning in NLU. The proposed method has an advantage over the conventional SSL that it does not require actual user utterances. Using Para-SSL, thus, we can improve the support for a new functionality effectively prior to launching it.</p><p>We applied Para-SSL on five functionalities in an NLU system. In addition to compare the results with the conventional SSL, we also combined the two SSL methods to achieve even better performance. Experiments show that Para-SSL leads up to 19% of relative error reduction without an access to user utterances, and up to 35% when combined with SSL method, leveraging live traffic utterances.</p></div><figure xmlns="http://www.tei-c.org/ns/1.0" xml:id="fig_0"><head>Algorithm 1</head><label>1</label><figDesc>Algorithm for SSL Require: Bootstrap data B Require: Annotated Ai, i = {10, 20, 50, 80, 100} Require: Training data for other functionalities T Require: Dialog system D, trained on d = T ∪ B 1: for each increment Ai do 2: train D with d = T ∪ B ∪ Ai 3: find candidate utterances CAi from user traffic 4: hypotheses from dialog system H ← D(CAi) with model confidence score for each hypothesis c hi 5: D with d = T ∪ B ∪ Ai ∪ S, evaluate Algorithm 2 Algorithm for Para-SSL Require: Bootstrap data B Require: Annotated At, t = {10, 20, 50, 80, 100} Require: Training data for other functionalities T Require: Dialog system D, trained on d = T ∪ B 1: SB ← ∅ 2: for each input in U = {B, A} do 3: if Ui = B then 4: train D with d = T ∪ B 5: else 6: train D with d = T ∪ B ∪ Ui 7: generate paraphrases P ← para(Ui) 8: hypotheses from dialog system H ← D(P ) with model confidence score for each hypothesis c hi 9: S ← SB 10: for hi ∈ H do 11: if c hi &gt; θcP ara−SSL then 12: S ← S ∪ hi 13: if Ui = B then 14: SB ← SB ∪ hi 15: if Ui = B then 16: train D with d = T ∪ B ∪ S, evaluate 17: else 18: train D with d = T ∪ B ∪ Ui ∪ S, evaluate</figDesc></figure>
<figure xmlns="http://www.tei-c.org/ns/1.0" xml:id="fig_1"><head>Figure 1 :</head><label>1</label><figDesc>Figure 1: Embedding depiction of utterances for Announce functionality. Blue = bootstrap data, red = live annotation data, green = SSL, cyan = Combined 1 1K utterances are randomly sampled from each source.We train embeddings using 89 million utterances in production<ref type="bibr" target="#b16">(Pagliardini et al., 2017)</ref>. For visualization we used t-SNE<ref type="bibr" target="#b10">(Maaten and Hinton, 2008)</ref>.</figDesc><graphic coords="7,96.09,539.59,170.08,127.56" type="bitmap" /></figure>
<figure xmlns="http://www.tei-c.org/ns/1.0" xml:id="fig_2"><head>Figure 2 :</head><label>2</label><figDesc>Figure 2: Validation rate for n in n-best list. Dashed line represents how many of the validated utterances are unique utterances. Paraphrases are generated by inputting bootstrap training data for each functionality.</figDesc><graphic coords="8,72.00,62.81,218.27,163.70" type="bitmap" /></figure>
<figure xmlns="http://www.tei-c.org/ns/1.0" xml:id="fig_3"><head>Funct</head><label></label><figDesc></figDesc></figure>
<figure xmlns="http://www.tei-c.org/ns/1.0" type="table" xml:id="tab_0"><head>Table 1 :</head><label>1</label><figDesc>Five functionalities considered in this work</figDesc><table><row><cell>Funct.</cell><cell cols="3">Domain #Intent #Slot (new)</cell><cell>Test</cell></row><row><cell cols="2">Announce Comms.</cell><cell>1</cell><cell>17 (1)</cell><cell>1.3K</cell></row><row><cell>Quotes</cell><cell>Info</cell><cell>1</cell><cell>12 (5)</cell><cell>1.4K</cell></row><row><cell>Playlist</cell><cell>Music</cell><cell>2</cell><cell>32 (0)</cell><cell>1.9K</cell></row><row><cell>Donate</cell><cell>General</cell><cell>1</cell><cell>7 (3)</cell><cell>1.3K</cell></row><row><cell>Chat</cell><cell>General</cell><cell>1</cell><cell>1 (1)</cell><cell>2.7K</cell></row></table></figure>
<figure xmlns="http://www.tei-c.org/ns/1.0" type="table" xml:id="tab_2"><head>Table 2 :</head><label>2</label><figDesc>Data statistics for paraphrase generation in the bootstrap phase, including the number of utterances and validation ratio.</figDesc><table><row><cell>Funct.</cell><cell cols="2">Para-SSL ω Boot.</cell></row><row><cell>Announce</cell><cell>-18.99%</cell><cell>-7.85%</cell></row><row><cell>Quotes</cell><cell cols="2">-3.49% +0.56%</cell></row><row><cell>Playlist</cell><cell>-5.33%</cell><cell>-8.72%</cell></row><row><cell>Donate</cell><cell>-5.09%</cell><cell>-6.16%</cell></row><row><cell>Chat</cell><cell>-17.39%</cell><cell>-9.49%</cell></row></table></figure>
<figure xmlns="http://www.tei-c.org/ns/1.0" type="table" xml:id="tab_3"><head>Table Relative</head><label>Relative</label><figDesc>SemER reduction for target functionality when adding generated paraphrases in bootstrap phase, compared to the model with bootstrap data only.</figDesc><table /></figure>
<figure xmlns="http://www.tei-c.org/ns/1.0" type="table" xml:id="tab_4"><head></head><label></label><figDesc>depicts utterances from vari-</figDesc><table><row><cell>Functionality</cell><cell>System</cell><cell>Live10</cell><cell>Live20</cell><cell>Live50</cell><cell cols="2">Live80 Live100</cell></row><row><cell></cell><cell>Para-SSL</cell><cell>1.0K</cell><cell>1.8K</cell><cell>1.9K</cell><cell>6.0K</cell><cell>27.8K</cell></row><row><cell>Announce</cell><cell>SSL</cell><cell>6.1K</cell><cell>6.5K</cell><cell>9.9K</cell><cell>9.5K</cell><cell>29.6K</cell></row><row><cell></cell><cell>Combined</cell><cell>10.9K</cell><cell>21.1K</cell><cell>34.8K</cell><cell>44.6K</cell><cell>111.5K</cell></row><row><cell></cell><cell>Para-SSL</cell><cell>0.2K</cell><cell>0.6K</cell><cell>2.0K</cell><cell>5.5K</cell><cell>9.5K</cell></row><row><cell>Quotes</cell><cell>SSL</cell><cell>45.4K</cell><cell>55.6K</cell><cell cols="2">68.9K 120.6K</cell><cell>176.7K</cell></row><row><cell></cell><cell>Combined</cell><cell>15.2K</cell><cell cols="3">98.9K 198.7K 378.7K</cell><cell>298.7K</cell></row><row><cell></cell><cell>Para-SSL</cell><cell>40</cell><cell>0.2K</cell><cell>0.5K</cell><cell>1.6K</cell><cell>3.2K</cell></row><row><cell>Playlist</cell><cell>SSL</cell><cell>32.7K</cell><cell cols="3">96.3K 260.3K 398.9K</cell><cell>725.1K</cell></row><row><cell></cell><cell>Combined</cell><cell>10.0K</cell><cell cols="3">69.3K 173.3K 664.4K</cell><cell>1.4M</cell></row><row><cell></cell><cell>Para-SSL</cell><cell>0.2K</cell><cell>0.3K</cell><cell>0.7K</cell><cell>1.8K</cell><cell>3.0K</cell></row><row><cell>Donate</cell><cell>SSL</cell><cell>0.2K</cell><cell>0.2K</cell><cell>0.4K</cell><cell>0.5K</cell><cell>1.2K</cell></row><row><cell></cell><cell>Combined</cell><cell>1.1K</cell><cell>1.6K</cell><cell>2.6K</cell><cell>4.8K</cell><cell>10.0K</cell></row><row><cell></cell><cell>Para-SSL</cell><cell>0.5K</cell><cell>0.8K</cell><cell>1.5K</cell><cell>2.5K</cell><cell>3.8K</cell></row><row><cell>Chat</cell><cell>SSL</cell><cell>30.7K</cell><cell>22.4K</cell><cell>36.1K</cell><cell>52.8K</cell><cell>103.6K</cell></row><row><cell></cell><cell cols="5">Combined 137.1K 147.7K 243.1K 330.4K</cell><cell>579.2K</cell></row></table></figure>
<figure xmlns="http://www.tei-c.org/ns/1.0" type="table" xml:id="tab_5"><head>Table 4 :</head><label>4</label><figDesc>Data statistics on the number of validated utterances in live phase, per annotation increment</figDesc><table><row><cell>Functionality</cell><cell>System</cell><cell>Live10</cell><cell>Live20</cell><cell>Live50</cell><cell cols="2">Live80 Live100</cell></row><row><cell></cell><cell>Para-SSL</cell><cell cols="5">-19.11% -16.49% -14.40% -15.96% -22.71%</cell></row><row><cell>Announce</cell><cell>SSL</cell><cell cols="5">-20.27% -19.12% -16.78% -10.74% -17.73%</cell></row><row><cell></cell><cell cols="6">Combined -27.44% -31.13% -29.40% -29.55% -35.73%</cell></row><row><cell></cell><cell>Para-SSL</cell><cell>-11.08%</cell><cell>-9.65%</cell><cell>-2.42%</cell><cell>-4.92%</cell><cell>-5.01%</cell></row><row><cell>Quotes</cell><cell>SSL</cell><cell cols="5">-16.71% -15.51% -12.46% -13.50% -18.45%</cell></row><row><cell></cell><cell cols="6">Combined -21.38% -28.26% -21.90% -18.62% -22.19%</cell></row><row><cell></cell><cell>Para-SSL</cell><cell>-1.55%</cell><cell>-2.98%</cell><cell>-1.63%</cell><cell>-0.89%</cell><cell>-0.61%</cell></row><row><cell>Playlist</cell><cell>SSL</cell><cell cols="5">-18.43% -13.50% -18.19% -13.20% -15.45%</cell></row><row><cell></cell><cell cols="6">Combined -19.40% -16.24% -19.85% -14.02% -15.68%</cell></row><row><cell></cell><cell>Para-SSL</cell><cell>-4.92%</cell><cell>-2.24%</cell><cell>-5.22%</cell><cell cols="2">-6.85% -13.52%</cell></row><row><cell>Donate</cell><cell>SSL</cell><cell>-4.92%</cell><cell>-4.36%</cell><cell>-6.04%</cell><cell cols="2">-6.69% -12.78%</cell></row><row><cell></cell><cell>Combined</cell><cell>-8.03%</cell><cell cols="4">-11.9% -15.82% -19.17% -29.92%</cell></row><row><cell></cell><cell>Para-SSL</cell><cell cols="5">-9.55% -15.03% -12.59% -13.75% -16.76%</cell></row><row><cell>Chat</cell><cell>SSL</cell><cell cols="5">-25.14% -16.50% -17.90% -20.50% -24.39%</cell></row><row><cell></cell><cell cols="6">Combined -30.95% -30.90% -26.72% -32.27% -35.27%</cell></row></table></figure>
<figure xmlns="http://www.tei-c.org/ns/1.0" type="table" xml:id="tab_6"><head>Table 5 :</head><label>5</label><figDesc>Relative SemER reduction for target functionality when adding generated paraphrases in live phase.</figDesc><table /></figure>
<figure xmlns="http://www.tei-c.org/ns/1.0" type="table" xml:id="tab_7"><head>Table 6 :</head><label>6</label><figDesc>Examples of validated and filtered-out paraphrases.</figDesc><table /></figure>
<figure xmlns="http://www.tei-c.org/ns/1.0" type="table" xml:id="tab_9"><head>Table 7 :</head><label>7</label><figDesc>Retiring paraphrases from bootstrap data, from Combined experiments. Numbers are reported in relative SemER reduction.</figDesc><table /></figure>
		</body>
		<back>
			<div type="references">

				<listBibl>

<biblStruct xml:id="b0">
	<analytic>
		<title level="a" type="main">Paraphrasing with bilingual parallel corpora</title>
		<author>
			<persName><forename type="first">Colin</forename><surname>Bannard</surname></persName>
		</author>
		<author>
			<persName><forename type="first">Chris</forename><surname>Callison-Burch</surname></persName>
		</author>
	</analytic>
	<monogr>
		<title level="m">Proceedings of the 43rd Annual Meeting on Association for Computational Linguistics</title>
				<meeting>the 43rd Annual Meeting on Association for Computational Linguistics</meeting>
		<imprint>
			<publisher>Association for Computational Linguistics</publisher>
			<date type="published" when="2005">2005</date>
			<biblScope unit="page" from="597" to="604" />
		</imprint>
	</monogr>
	<note type="raw_reference">Colin Bannard and Chris Callison-Burch. 2005. Para- phrasing with bilingual parallel corpora. In Pro- ceedings of the 43rd Annual Meeting on Association for Computational Linguistics, pages 597-604. As- sociation for Computational Linguistics.</note>
</biblStruct>

<biblStruct xml:id="b1">
	<analytic>
		<title level="a" type="main">Syntactic constraints on paraphrases extracted from parallel corpora</title>
		<author>
			<persName><forename type="first">Chris</forename><surname>Callison</surname></persName>
		</author>
		<author>
			<persName><forename type="first">-</forename><surname>Burch</surname></persName>
		</author>
	</analytic>
	<monogr>
		<title level="m">Proceedings of the Conference on Empirical Methods in Natural Language Processing</title>
				<meeting>the Conference on Empirical Methods in Natural Language Processing</meeting>
		<imprint>
			<publisher>Association for Computational Linguistics</publisher>
			<date type="published" when="2008">2008</date>
			<biblScope unit="page" from="196" to="205" />
		</imprint>
	</monogr>
	<note type="raw_reference">Chris Callison-Burch. 2008. Syntactic constraints on paraphrases extracted from parallel corpora. In Pro- ceedings of the Conference on Empirical Methods in Natural Language Processing, pages 196-205. As- sociation for Computational Linguistics.</note>
</biblStruct>

<biblStruct xml:id="b2">
	<analytic>
		<title level="a" type="main">Improved statistical machine translation using paraphrases</title>
		<author>
			<persName><forename type="first">Chris</forename><surname>Callison-Burch</surname></persName>
		</author>
		<author>
			<persName><forename type="first">Philipp</forename><surname>Koehn</surname></persName>
		</author>
		<author>
			<persName><forename type="first">Miles</forename><surname>Osborne</surname></persName>
		</author>
	</analytic>
	<monogr>
		<title level="m">Proceedings of the main conference on Human Language Technology Conference of the North American Chapter of the Association of Computational Linguistics</title>
				<meeting>the main conference on Human Language Technology Conference of the North American Chapter of the Association of Computational Linguistics</meeting>
		<imprint>
			<publisher>Association for Computational Linguistics</publisher>
			<date type="published" when="2006">2006</date>
			<biblScope unit="page" from="17" to="24" />
		</imprint>
	</monogr>
	<note type="raw_reference">Chris Callison-Burch, Philipp Koehn, and Miles Os- borne. 2006. Improved statistical machine transla- tion using paraphrases. In Proceedings of the main conference on Human Language Technology Con- ference of the North American Chapter of the Asso- ciation of Computational Linguistics, pages 17-24. Association for Computational Linguistics.</note>
</biblStruct>

<biblStruct xml:id="b3">
	<analytic>
		<title level="a" type="main">A unified architecture for natural language processing: Deep neural networks with multitask learning</title>
		<author>
			<persName><forename type="first">Ronan</forename><surname>Collobert</surname></persName>
		</author>
		<author>
			<persName><forename type="first">Jason</forename><surname>Weston</surname></persName>
		</author>
	</analytic>
	<monogr>
		<title level="m">Proceedings of the 25th international conference on Machine learning</title>
				<meeting>the 25th international conference on Machine learning</meeting>
		<imprint>
			<publisher>ACM</publisher>
			<date type="published" when="2008">2008</date>
			<biblScope unit="page" from="160" to="167" />
		</imprint>
	</monogr>
	<note type="raw_reference">Ronan Collobert and Jason Weston. 2008. A unified architecture for natural language processing: Deep neural networks with multitask learning. In Pro- ceedings of the 25th international conference on Machine learning, pages 160-167. ACM.</note>
</biblStruct>

<biblStruct xml:id="b4">
	<analytic>
		<title level="a" type="main">A deep generative framework for paraphrase generation</title>
		<author>
			<persName><forename type="first">Ankush</forename><surname>Gupta</surname></persName>
		</author>
		<author>
			<persName><forename type="first">Arvind</forename><surname>Agarwal</surname></persName>
		</author>
		<author>
			<persName><forename type="first">Prawaan</forename><surname>Singh</surname></persName>
		</author>
		<author>
			<persName><forename type="first">Piyush</forename><surname>Rai</surname></persName>
		</author>
	</analytic>
	<monogr>
		<title level="m">Thirty-Second AAAI Conference on Artificial Intelligence</title>
				<imprint>
			<date type="published" when="2018">2018</date>
		</imprint>
	</monogr>
	<note type="raw_reference">Ankush Gupta, Arvind Agarwal, Prawaan Singh, and Piyush Rai. 2018. A deep generative framework for paraphrase generation. In Thirty-Second AAAI Con- ference on Artificial Intelligence.</note>
</biblStruct>

<biblStruct xml:id="b5">
	<monogr>
		<title level="m" type="main">Adversarial example generation with syntactically controlled paraphrase networks</title>
		<author>
			<persName><forename type="first">Mohit</forename><surname>Iyyer</surname></persName>
		</author>
		<author>
			<persName><forename type="first">John</forename><surname>Wieting</surname></persName>
		</author>
		<author>
			<persName><forename type="first">Kevin</forename><surname>Gimpel</surname></persName>
		</author>
		<author>
			<persName><forename type="first">Luke</forename><surname>Zettlemoyer</surname></persName>
		</author>
		<imprint>
			<date type="published" when="2018">2018</date>
			<publisher>American Association for Computational Linguistics</publisher>
		</imprint>
	</monogr>
	<note type="raw_reference">Mohit Iyyer, John Wieting, Kevin Gimpel, and Luke Zettlemoyer. 2018. Adversarial example generation with syntactically controlled paraphrase networks. In North American Association for Computational Linguistics.</note>
</biblStruct>

<biblStruct xml:id="b6">
	<monogr>
		<title level="m" type="main">Evaluating generative models for text generation</title>
		<author>
			<persName><forename type="first">Prasad</forename><surname>Kawthekar</surname></persName>
		</author>
		<author>
			<persName><forename type="first">Raunaq</forename><surname>Rewari</surname></persName>
		</author>
		<author>
			<persName><forename type="first">Suvrat</forename><surname>Bhooshan</surname></persName>
		</author>
		<imprint>
			<date type="published" when="2017">2017</date>
		</imprint>
	</monogr>
	<note type="raw_reference">Prasad Kawthekar, Raunaq Rewari, and Suvrat Bhooshan. 2017. Evaluating generative models for text generation.</note>
</biblStruct>

<biblStruct xml:id="b7">
	<monogr>
		<author>
			<persName><forename type="first">P</forename><surname>Diederik</surname></persName>
		</author>
		<author>
			<persName><forename type="first">Jimmy</forename><surname>Kingma</surname></persName>
		</author>
		<author>
			<persName><surname>Ba</surname></persName>
		</author>
		<idno type="arXiv">arXiv:1412.6980</idno>
		<title level="m">Adam: A method for stochastic optimization</title>
				<imprint>
			<date type="published" when="2014">2014</date>
		</imprint>
	</monogr>
	<note type="report_type">arXiv preprint</note>
	<note type="raw_reference">Diederik P Kingma and Jimmy Ba. 2014. Adam: A method for stochastic optimization. arXiv preprint arXiv:1412.6980.</note>
</biblStruct>

<biblStruct xml:id="b8">
	<analytic>
		<title level="a" type="main">Open-NMT: Open-source toolkit for neural machine translation</title>
		<author>
			<persName><forename type="first">Guillaume</forename><surname>Klein</surname></persName>
		</author>
		<author>
			<persName><forename type="first">Yoon</forename><surname>Kim</surname></persName>
		</author>
		<author>
			<persName><forename type="first">Yuntian</forename><surname>Deng</surname></persName>
		</author>
		<author>
			<persName><forename type="first">Jean</forename><surname>Senellart</surname></persName>
		</author>
		<author>
			<persName><forename type="first">Alexander</forename><forename type="middle">M</forename><surname>Rush</surname></persName>
		</author>
		<idno type="DOI">10.18653/v1/P17-4012</idno>
	</analytic>
	<monogr>
		<title level="m">Proc. ACL</title>
				<meeting>ACL</meeting>
		<imprint>
			<date type="published" when="2017">2017</date>
		</imprint>
	</monogr>
	<note type="raw_reference">Guillaume Klein, Yoon Kim, Yuntian Deng, Jean Senellart, and Alexander M. Rush. 2017. Open- NMT: Open-source toolkit for neural machine trans- lation. In Proc. ACL.</note>
</biblStruct>

<biblStruct xml:id="b9">
	<analytic>
		<title level="a" type="main">Unsupervised training on large amounts of broadcast news data</title>
		<author>
			<persName><forename type="first">Jeff</forename><surname>Ma</surname></persName>
		</author>
		<author>
			<persName><forename type="first">Spyros</forename><surname>Matsoukas</surname></persName>
		</author>
		<author>
			<persName><forename type="first">Owen</forename><surname>Kimball</surname></persName>
		</author>
		<author>
			<persName><forename type="first">Richard</forename><surname>Schwartz</surname></persName>
		</author>
		<idno>III-III. IEEE</idno>
	</analytic>
	<monogr>
		<title level="m">Acoustics, Speech and Signal Processing</title>
				<imprint>
			<date type="published" when="2006">2006. 2006. 2006</date>
			<biblScope unit="volume">3</biblScope>
		</imprint>
	</monogr>
	<note type="raw_reference">Jeff Ma, Spyros Matsoukas, Owen Kimball, and Richard Schwartz. 2006. Unsupervised training on large amounts of broadcast news data. In Acoustics, Speech and Signal Processing, 2006. ICASSP 2006 Proceedings. 2006 IEEE International Conference on, volume 3, pages III-III. IEEE.</note>
</biblStruct>

<biblStruct xml:id="b10">
	<analytic>
		<title level="a" type="main">Visualizing data using t-sne</title>
		<author>
			<persName><forename type="first">Laurens</forename><surname>Van Der Maaten</surname></persName>
		</author>
		<author>
			<persName><forename type="first">Geoffrey</forename><surname>Hinton</surname></persName>
		</author>
	</analytic>
	<monogr>
		<title level="j">Journal of machine learning research</title>
		<imprint>
			<biblScope unit="volume">9</biblScope>
			<biblScope unit="page" from="2579" to="2605" />
			<date type="published" when="2008-11">2008. Nov</date>
		</imprint>
	</monogr>
	<note type="raw_reference">Laurens van der Maaten and Geoffrey Hinton. 2008. Visualizing data using t-sne. Journal of machine learning research, 9(Nov):2579-2605.</note>
</biblStruct>

<biblStruct xml:id="b11">
	<analytic>
		<title level="a" type="main">Generating phrasal and sentential paraphrases: A survey of data-driven methods</title>
		<author>
			<persName><forename type="first">Nitin</forename><surname>Madnani</surname></persName>
		</author>
		<author>
			<persName><forename type="first">Bonnie</forename><forename type="middle">J</forename><surname>Dorr</surname></persName>
		</author>
	</analytic>
	<monogr>
		<title level="j">Computational Linguistics</title>
		<imprint>
			<biblScope unit="volume">36</biblScope>
			<biblScope unit="issue">3</biblScope>
			<biblScope unit="page" from="341" to="387" />
			<date type="published" when="2010">2010</date>
		</imprint>
	</monogr>
	<note type="raw_reference">Nitin Madnani and Bonnie J Dorr. 2010. Generat- ing phrasal and sentential paraphrases: A survey of data-driven methods. Computational Linguistics, 36(3):341-387.</note>
</biblStruct>

<biblStruct xml:id="b12">
	<monogr>
		<title level="m" type="main">Performance measures for information extraction</title>
		<author>
			<persName><forename type="first">John</forename><surname>Makhoul</surname></persName>
		</author>
		<author>
			<persName><forename type="first">Francis</forename><surname>Kubala</surname></persName>
		</author>
		<author>
			<persName><forename type="first">Richard</forename><surname>Schwartz</surname></persName>
		</author>
		<author>
			<persName><forename type="first">Ralph</forename><surname>Weischedel</surname></persName>
		</author>
		<imprint>
			<date type="published" when="1999">1999</date>
		</imprint>
	</monogr>
	<note type="raw_reference">John Makhoul, Francis Kubala, Richard Schwartz, Ralph Weischedel, et al. 1999. Performance mea- sures for information extraction.</note>
</biblStruct>

<biblStruct xml:id="b13">
	<analytic>
		<title level="a" type="main">Paraphrasing revisited with neural machine translation</title>
		<author>
			<persName><forename type="first">Jonathan</forename><surname>Mallinson</surname></persName>
		</author>
		<author>
			<persName><forename type="first">Rico</forename><surname>Sennrich</surname></persName>
		</author>
		<author>
			<persName><forename type="first">Mirella</forename><surname>Lapata</surname></persName>
		</author>
	</analytic>
	<monogr>
		<title level="m">Proceedings of the 15th Conference of the European Chapter</title>
				<meeting>the 15th Conference of the European Chapter<address><addrLine>Long Papers</addrLine></address></meeting>
		<imprint>
			<publisher>the Association for Computational Linguistics</publisher>
			<date type="published" when="2017">2017</date>
			<biblScope unit="volume">1</biblScope>
			<biblScope unit="page" from="881" to="893" />
		</imprint>
	</monogr>
	<note type="raw_reference">Jonathan Mallinson, Rico Sennrich, and Mirella Lap- ata. 2017. Paraphrasing revisited with neural ma- chine translation. In Proceedings of the 15th Con- ference of the European Chapter of the Association for Computational Linguistics: Volume 1, Long Pa- pers, volume 1, pages 881-893.</note>
</biblStruct>

<biblStruct xml:id="b14">
	<analytic>
		<title level="a" type="main">Effective self-training for parsing</title>
		<author>
			<persName><forename type="first">David</forename><surname>Mcclosky</surname></persName>
		</author>
		<author>
			<persName><forename type="first">Eugene</forename><surname>Charniak</surname></persName>
		</author>
		<author>
			<persName><forename type="first">Mark</forename><surname>Johnson</surname></persName>
		</author>
	</analytic>
	<monogr>
		<title level="m">Proceedings of the main conference on human language technology conference of the North American Chapter of the Association of Computational Linguistics</title>
				<meeting>the main conference on human language technology conference of the North American Chapter of the Association of Computational Linguistics</meeting>
		<imprint>
			<publisher>Association for Computational Linguistics</publisher>
			<date type="published" when="2006">2006</date>
			<biblScope unit="page" from="152" to="159" />
		</imprint>
	</monogr>
	<note type="raw_reference">David McClosky, Eugene Charniak, and Mark John- son. 2006. Effective self-training for parsing. In Proceedings of the main conference on human lan- guage technology conference of the North American Chapter of the Association of Computational Lin- guistics, pages 152-159. Association for Computa- tional Linguistics.</note>
</biblStruct>

<biblStruct xml:id="b15">
	<monogr>
		<title level="m" type="main">Realistic evaluation of deep semi-supervised learning algorithms</title>
		<author>
			<persName><forename type="first">Avital</forename><surname>Oliver</surname></persName>
		</author>
		<author>
			<persName><forename type="first">Augustus</forename><surname>Odena</surname></persName>
		</author>
		<author>
			<persName><forename type="first">Colin</forename><surname>Raffel</surname></persName>
		</author>
		<author>
			<persName><forename type="first">Ekin</forename><forename type="middle">D</forename><surname>Cubuk</surname></persName>
		</author>
		<author>
			<persName><forename type="first">Ian</forename><forename type="middle">J</forename><surname>Goodfellow</surname></persName>
		</author>
		<idno type="arXiv">arXiv:1804.09170</idno>
		<imprint>
			<date type="published" when="2018">2018</date>
		</imprint>
	</monogr>
	<note type="report_type">arXiv preprint</note>
	<note type="raw_reference">Avital Oliver, Augustus Odena, Colin Raffel, Ekin D Cubuk, and Ian J Goodfellow. 2018. Realistic eval- uation of deep semi-supervised learning algorithms. arXiv preprint arXiv:1804.09170.</note>
</biblStruct>

<biblStruct xml:id="b16">
	<monogr>
		<title level="m" type="main">Unsupervised learning of sentence embeddings using compositional n-gram features</title>
		<author>
			<persName><forename type="first">Matteo</forename><surname>Pagliardini</surname></persName>
		</author>
		<author>
			<persName><forename type="first">Prakhar</forename><surname>Gupta</surname></persName>
		</author>
		<author>
			<persName><forename type="first">Martin</forename><surname>Jaggi</surname></persName>
		</author>
		<idno type="arXiv">arXiv:1703.02507</idno>
		<imprint>
			<date type="published" when="2017">2017</date>
		</imprint>
	</monogr>
	<note type="report_type">arXiv preprint</note>
	<note type="raw_reference">Matteo Pagliardini, Prakhar Gupta, and Martin Jaggi. 2017. Unsupervised learning of sentence embed- dings using compositional n-gram features. arXiv preprint arXiv:1703.02507.</note>
</biblStruct>

<biblStruct xml:id="b17">
	<monogr>
		<author>
			<persName><forename type="first">Mark</forename><surname>Matthew E Peters</surname></persName>
		</author>
		<author>
			<persName><forename type="first">Mohit</forename><surname>Neumann</surname></persName>
		</author>
		<author>
			<persName><forename type="first">Matt</forename><surname>Iyyer</surname></persName>
		</author>
		<author>
			<persName><forename type="first">Christopher</forename><surname>Gardner</surname></persName>
		</author>
		<author>
			<persName><forename type="first">Kenton</forename><surname>Clark</surname></persName>
		</author>
		<author>
			<persName><forename type="first">Luke</forename><surname>Lee</surname></persName>
		</author>
		<author>
			<persName><surname>Zettlemoyer</surname></persName>
		</author>
		<idno type="arXiv">arXiv:1802.05365</idno>
		<title level="m">Deep contextualized word representations</title>
				<imprint>
			<date type="published" when="2018">2018</date>
		</imprint>
	</monogr>
	<note type="report_type">arXiv preprint</note>
	<note type="raw_reference">Matthew E Peters, Mark Neumann, Mohit Iyyer, Matt Gardner, Christopher Clark, Kenton Lee, and Luke Zettlemoyer. 2018. Deep contextualized word rep- resentations. arXiv preprint arXiv:1802.05365.</note>
</biblStruct>

<biblStruct xml:id="b18">
	<monogr>
		<author>
			<persName><forename type="first">Aaditya</forename><surname>Prakash</surname></persName>
		</author>
		<author>
			<persName><forename type="first">Sadid</forename><forename type="middle">A</forename><surname>Hasan</surname></persName>
		</author>
		<author>
			<persName><forename type="first">Kathy</forename><surname>Lee</surname></persName>
		</author>
		<author>
			<persName><forename type="first">Vivek</forename><surname>Datla</surname></persName>
		</author>
		<author>
			<persName><forename type="first">Ashequl</forename><surname>Qadir</surname></persName>
		</author>
		<author>
			<persName><forename type="first">Joey</forename><surname>Liu</surname></persName>
		</author>
		<author>
			<persName><forename type="first">Oladimeji</forename><surname>Farri</surname></persName>
		</author>
		<idno type="arXiv">arXiv:1610.03098</idno>
		<title level="m">Neural paraphrase generation with stacked residual lstm networks</title>
				<imprint>
			<date type="published" when="2016">2016</date>
		</imprint>
	</monogr>
	<note type="report_type">arXiv preprint</note>
	<note type="raw_reference">Aaditya Prakash, Sadid A Hasan, Kathy Lee, Vivek Datla, Ashequl Qadir, Joey Liu, and Oladimeji Farri. 2016. Neural paraphrase generation with stacked residual lstm networks. arXiv preprint arXiv:1610.03098.</note>
</biblStruct>

<biblStruct xml:id="b19">
	<monogr>
		<title level="m" type="main">Monolingual machine translation for paraphrase generation</title>
		<author>
			<persName><forename type="first">Chris</forename><surname>Quirk</surname></persName>
		</author>
		<author>
			<persName><forename type="first">Chris</forename><surname>Brockett</surname></persName>
		</author>
		<author>
			<persName><forename type="first">Bill</forename><surname>Dolan</surname></persName>
		</author>
		<imprint>
			<date type="published" when="2004">2004</date>
		</imprint>
	</monogr>
	<note type="raw_reference">Chris Quirk, Chris Brockett, and Bill Dolan. 2004. Monolingual machine translation for paraphrase generation.</note>
</biblStruct>

<biblStruct xml:id="b20">
	<analytic>
		<title level="a" type="main">Self-training for enhancement and domain adaptation of statistical parsers trained on small datasets</title>
		<author>
			<persName><forename type="first">Roi</forename><surname>Reichart</surname></persName>
		</author>
		<author>
			<persName><forename type="first">Ari</forename><surname>Rappoport</surname></persName>
		</author>
	</analytic>
	<monogr>
		<title level="m">Proceedings of the 45th Annual Meeting of the Association of Computational Linguistics</title>
				<meeting>the 45th Annual Meeting of the Association of Computational Linguistics</meeting>
		<imprint>
			<date type="published" when="2007">2007</date>
			<biblScope unit="page" from="616" to="623" />
		</imprint>
	</monogr>
	<note type="raw_reference">Roi Reichart and Ari Rappoport. 2007. Self-training for enhancement and domain adaptation of statisti- cal parsers trained on small datasets. In Proceed- ings of the 45th Annual Meeting of the Association of Computational Linguistics, pages 616-623.</note>
</biblStruct>

<biblStruct xml:id="b21">
	<monogr>
		<author>
			<persName><forename type="first">Rico</forename><surname>Sennrich</surname></persName>
		</author>
		<author>
			<persName><forename type="first">Barry</forename><surname>Haddow</surname></persName>
		</author>
		<author>
			<persName><forename type="first">Alexandra</forename><surname>Birch</surname></persName>
		</author>
		<idno type="arXiv">arXiv:1508.07909</idno>
		<title level="m">Neural machine translation of rare words with subword units</title>
				<imprint>
			<date type="published" when="2015">2015</date>
		</imprint>
	</monogr>
	<note type="report_type">arXiv preprint</note>
	<note type="raw_reference">Rico Sennrich, Barry Haddow, and Alexandra Birch. 2015. Neural machine translation of rare words with subword units. arXiv preprint arXiv:1508.07909.</note>
</biblStruct>

<biblStruct xml:id="b22">
	<monogr>
		<title level="m" type="main">Neural machine translation for paraphrase generation</title>
		<author>
			<persName><forename type="first">Alex</forename><surname>Sokolov</surname></persName>
		</author>
		<author>
			<persName><forename type="first">Denis</forename><surname>Filimonov</surname></persName>
		</author>
		<imprint>
			<date type="published" when="2019">2019</date>
		</imprint>
	</monogr>
	<note>2nd Conversational AI</note>
	<note type="raw_reference">Alex Sokolov and Denis Filimonov. 2019. Neural ma- chine translation for paraphrase generation. 2nd Conversational AI.</note>
</biblStruct>

<biblStruct xml:id="b23">
	<monogr>
		<author>
			<persName><forename type="first">Chengwei</forename><surname>Su</surname></persName>
		</author>
		<author>
			<persName><forename type="first">Rahul</forename><surname>Gupta</surname></persName>
		</author>
		<author>
			<persName><forename type="first">Spyros</forename><surname>Shankar Ananthakrishnan</surname></persName>
		</author>
		<author>
			<persName><surname>Matsoukas</surname></persName>
		</author>
		<idno type="arXiv">arXiv:1809.09605</idno>
		<title level="m">A re-ranker scheme for integrating large scale nlu models</title>
				<imprint>
			<date type="published" when="2018">2018</date>
		</imprint>
	</monogr>
	<note type="report_type">arXiv preprint</note>
	<note type="raw_reference">Chengwei Su, Rahul Gupta, Shankar Ananthakrish- nan, and Spyros Matsoukas. 2018. A re-ranker scheme for integrating large scale nlu models. arXiv preprint arXiv:1809.09605.</note>
</biblStruct>

<biblStruct xml:id="b24">
	<analytic>
		<title level="a" type="main">Word reordering and a dynamic programming beam search algorithm for statistical machine translation</title>
		<author>
			<persName><forename type="first">Christoph</forename><surname>Tillmann</surname></persName>
		</author>
		<author>
			<persName><forename type="first">Hermann</forename><surname>Ney</surname></persName>
		</author>
	</analytic>
	<monogr>
		<title level="j">Computational linguistics</title>
		<imprint>
			<biblScope unit="volume">29</biblScope>
			<biblScope unit="issue">1</biblScope>
			<biblScope unit="page" from="97" to="133" />
			<date type="published" when="2003">2003</date>
		</imprint>
	</monogr>
	<note type="raw_reference">Christoph Tillmann and Hermann Ney. 2003. Word re- ordering and a dynamic programming beam search algorithm for statistical machine translation. Com- putational linguistics, 29(1):97-133.</note>
</biblStruct>

<biblStruct xml:id="b25">
	<monogr>
		<title level="m" type="main">Spoken language understanding: Systems for extracting semantic information from speech</title>
		<author>
			<persName><forename type="first">Gokhan</forename><surname>Tur</surname></persName>
		</author>
		<author>
			<persName><forename type="first">Renato</forename><forename type="middle">De</forename><surname>Mori</surname></persName>
		</author>
		<imprint>
			<date type="published" when="2011">2011</date>
			<publisher>John Wiley &amp; Sons</publisher>
		</imprint>
	</monogr>
	<note type="raw_reference">Gokhan Tur and Renato De Mori. 2011. Spoken lan- guage understanding: Systems for extracting seman- tic information from speech. John Wiley &amp; Sons.</note>
</biblStruct>

<biblStruct xml:id="b26">
	<analytic>
		<title level="a" type="main">Combining active and semisupervised learning for spoken language understanding</title>
		<author>
			<persName><forename type="first">Gokhan</forename><surname>Tur</surname></persName>
		</author>
		<author>
			<persName><forename type="first">Dilek</forename><surname>Hakkani-Tür</surname></persName>
		</author>
		<author>
			<persName><forename type="first">Robert</forename><forename type="middle">E</forename><surname>Schapire</surname></persName>
		</author>
	</analytic>
	<monogr>
		<title level="j">Speech Communication</title>
		<imprint>
			<biblScope unit="volume">45</biblScope>
			<biblScope unit="issue">2</biblScope>
			<biblScope unit="page" from="171" to="186" />
			<date type="published" when="2005">2005</date>
		</imprint>
	</monogr>
	<note type="raw_reference">Gokhan Tur, Dilek Hakkani-Tür, and Robert E Schapire. 2005. Combining active and semi- supervised learning for spoken language under- standing. Speech Communication, 45(2):171-186.</note>
</biblStruct>

<biblStruct xml:id="b27">
	<analytic>
		<title level="a" type="main">Attention is all you need</title>
		<author>
			<persName><forename type="first">Ashish</forename><surname>Vaswani</surname></persName>
		</author>
		<author>
			<persName><forename type="first">Noam</forename><surname>Shazeer</surname></persName>
		</author>
		<author>
			<persName><forename type="first">Niki</forename><surname>Parmar</surname></persName>
		</author>
		<author>
			<persName><forename type="first">Jakob</forename><surname>Uszkoreit</surname></persName>
		</author>
		<author>
			<persName><forename type="first">Llion</forename><surname>Jones</surname></persName>
		</author>
		<author>
			<persName><forename type="first">Aidan</forename><forename type="middle">N</forename><surname>Gomez</surname></persName>
		</author>
		<author>
			<persName><forename type="first">Łukasz</forename><surname>Kaiser</surname></persName>
		</author>
		<author>
			<persName><forename type="first">Illia</forename><surname>Polosukhin</surname></persName>
		</author>
	</analytic>
	<monogr>
		<title level="m">Advances in Neural Information Processing Systems</title>
				<imprint>
			<date type="published" when="2017">2017</date>
			<biblScope unit="page" from="5998" to="6008" />
		</imprint>
	</monogr>
	<note type="raw_reference">Ashish Vaswani, Noam Shazeer, Niki Parmar, Jakob Uszkoreit, Llion Jones, Aidan N Gomez, Łukasz Kaiser, and Illia Polosukhin. 2017. Attention is all you need. In Advances in Neural Information Pro- cessing Systems, pages 5998-6008.</note>
</biblStruct>

<biblStruct xml:id="b28">
	<monogr>
		<title level="m" type="main">A task in a suit and a tie: paraphrase generation with semantic augmentation</title>
		<author>
			<persName><forename type="first">Su</forename><surname>Wang</surname></persName>
		</author>
		<author>
			<persName><forename type="first">Rahul</forename><surname>Gupta</surname></persName>
		</author>
		<author>
			<persName><forename type="first">Nancy</forename><surname>Chang</surname></persName>
		</author>
		<author>
			<persName><forename type="first">Jason</forename><surname>Baldridge</surname></persName>
		</author>
		<idno type="arXiv">arXiv:1811.00119</idno>
		<imprint>
			<date type="published" when="2018">2018</date>
		</imprint>
	</monogr>
	<note type="report_type">arXiv preprint</note>
	<note type="raw_reference">Su Wang, Rahul Gupta, Nancy Chang, and Jason Baldridge. 2018. A task in a suit and a tie: paraphrase generation with semantic augmentation. arXiv preprint arXiv:1811.00119.</note>
</biblStruct>

<biblStruct xml:id="b29">
	<monogr>
		<title level="m" type="main">Paranmt-50m: Pushing the limits of paraphrastic sentence embeddings with millions of machine translations</title>
		<author>
			<persName><forename type="first">John</forename><surname>Wieting</surname></persName>
		</author>
		<author>
			<persName><forename type="first">Kevin</forename><surname>Gimpel</surname></persName>
		</author>
		<idno type="arXiv">arXiv:1711.05732</idno>
		<imprint>
			<date type="published" when="2017">2017</date>
		</imprint>
	</monogr>
	<note type="report_type">arXiv preprint</note>
	<note type="raw_reference">John Wieting and Kevin Gimpel. 2017. Paranmt-50m: Pushing the limits of paraphrastic sentence embed- dings with millions of machine translations. arXiv preprint arXiv:1711.05732.</note>
</biblStruct>

<biblStruct xml:id="b30">
	<monogr>
		<title level="m" type="main">sequence generative adversarial nets with policy gradient</title>
		<author>
			<persName><forename type="first">Lantao</forename><surname>Yu</surname></persName>
		</author>
		<author>
			<persName><forename type="first">Weinan</forename><surname>Zhang</surname></persName>
		</author>
		<author>
			<persName><forename type="first">Jun</forename><surname>Wang</surname></persName>
		</author>
		<author>
			<persName><forename type="first">Yong</forename><surname>Yu Seqgan</surname></persName>
		</author>
		<idno type="arXiv">arXiv:1609.05473</idno>
		<imprint>
			<date type="published" when="2016">2016</date>
			<biblScope unit="volume">2</biblScope>
			<biblScope unit="page">5</biblScope>
		</imprint>
	</monogr>
	<note type="report_type">arxiv preprint. arXiv preprint</note>
	<note type="raw_reference">Lantao Yu, Weinan Zhang, Jun Wang, and Yong Yu Seqgan. 2016. sequence generative adversarial nets with policy gradient. arxiv preprint. arXiv preprint arXiv:1609.05473, 2(3):5.</note>
</biblStruct>

				</listBibl>
			</div>
		</back>
	</text>
</TEI>
