<?xml version="1.0" encoding="UTF-8"?>
<TEI xml:space="preserve" xmlns="http://www.tei-c.org/ns/1.0" 
xmlns:xsi="http://www.w3.org/2001/XMLSchema-instance" 
xsi:schemaLocation="http://www.tei-c.org/ns/1.0 https://raw.githubusercontent.com/kermitt2/grobid/master/grobid-home/schemas/xsd/Grobid.xsd"
 xmlns:xlink="http://www.w3.org/1999/xlink">
	<teiHeader xml:lang="en">
		<fileDesc>
			<titleStmt>
				<title level="a" type="main">Towards Building a Spoken Dialogue System for Argument Exploration</title>
			</titleStmt>
			<publicationStmt>
				<publisher/>
				<availability status="unknown"><licence/></availability>
			</publicationStmt>
			<sourceDesc>
				<biblStruct>
					<analytic>
						<author role="corresp">
							<persName><forename type="first">Annalena</forename><surname>Aicher</surname></persName>
							<email>annalena.aicher@uni-ulm@de</email>
							<affiliation key="aff0">
								<orgName type="institution">Ulm University</orgName>
								<address>
									<addrLine>Albert-Einstein-Allee 43</addrLine>
									<postCode>89075</postCode>
									<settlement>Ulm</settlement>
								</address>
							</affiliation>
						</author>
						<author>
							<persName><forename type="first">Nadine</forename><surname>Gerstenlauer</surname></persName>
							<affiliation key="aff0">
								<orgName type="institution">Ulm University</orgName>
								<address>
									<addrLine>Albert-Einstein-Allee 43</addrLine>
									<postCode>89075</postCode>
									<settlement>Ulm</settlement>
								</address>
							</affiliation>
						</author>
						<author>
							<persName><forename type="first">Isabel</forename><surname>Feustel</surname></persName>
							<affiliation key="aff0">
								<orgName type="institution">Ulm University</orgName>
								<address>
									<addrLine>Albert-Einstein-Allee 43</addrLine>
									<postCode>89075</postCode>
									<settlement>Ulm</settlement>
								</address>
							</affiliation>
						</author>
						<author>
							<persName><forename type="first">Wolfgang</forename><surname>Minker</surname></persName>
							<affiliation key="aff0">
								<orgName type="institution">Ulm University</orgName>
								<address>
									<addrLine>Albert-Einstein-Allee 43</addrLine>
									<postCode>89075</postCode>
									<settlement>Ulm</settlement>
								</address>
							</affiliation>
						</author>
						<author>
							<persName><forename type="first">Stefan</forename><surname>Ultes</surname></persName>
							<affiliation key="aff1">
								<orgName type="institution">Mercedes Benz AG</orgName>
								<address>
									<settlement>Stuttgart</settlement>
									<country key="DE">Germany</country>
								</address>
							</affiliation>
						</author>
						<title level="a" type="main">Towards Building a Spoken Dialogue System for Argument Exploration</title>
					</analytic>
					<monogr>
						<imprint>
							<date/>
						</imprint>
					</monogr>
					<idno type="MD5">BA767E758039CF894FDC480F427B682A</idno>
				</biblStruct>
			</sourceDesc>
		</fileDesc>
		<encodingDesc>
			<appInfo>
				<application version="0.7.3-SNAPSHOT" ident="GROBID" when="2023-01-12T07:29+0000">
					<desc>GROBID - A machine learning software for extracting information from scholarly documents</desc>
					<ref target="https://github.com/kermitt2/grobid"/>
				</application>
			</appInfo>
		</encodingDesc>
		<profileDesc>
			<textClass>
				<keywords>
					<term>Natural Language Understanding (NLU)</term>
					<term>Argumentative Dialogue Systems (ADS)</term>
					<term>Conversational Systems</term>
					<term>Speech Interaction/Recognition</term>
					<term>User Usability/Satisfaction</term>
					<term>HCI</term>
					<term>Preference Modelling</term>
				</keywords>
			</textClass>
			<abstract>
<div xmlns="http://www.tei-c.org/ns/1.0"><p>Speech interfaces for argumentative dialogue systems (ADS) are rather scarce. The complex task they pursue hinders the application of common natural language understanding (NLU) approaches in this domain. To address this issue we include an adaption of a recently introduced NLU framework tailored to argumentative tasks into a complete ADS. We evaluate the likeability and motivation of users to interact with the new system in a user study. Therefore, we compare it to a solid baseline utilizing a drop-down menu. The results indicate that the integration of a flexible NLU framework enables a far more natural and satisfying interaction with human users in real-time. Even though the drop-down menu convinces regarding its robustness, the willingness to use the new system is significantly higher. Hence, the featured NLU framework provides a sound basis to build an intuitive interface which can be extended to adapt its behavior to the individual user.</p></div>
			</abstract>
		</profileDesc>
	</teiHeader>
	<text xml:lang="en">
		<body>
<div xmlns="http://www.tei-c.org/ns/1.0"><head n="1.">Introduction</head><p>Building dialogue systems that can converse with humans via natural language is a challenging yet intriguing problem of artificial intelligence. Most of the popular and accessible virtual agents (VA) are adequately trained to handle simple conversations, e.g. inquiry for hotels, restaurants etc. <ref type="bibr" target="#b7">(Saha et al., 2020)</ref>. However, such VAs are inept in managing complex dialogues especially with regard to demanding conversations, like discussing a controversial topic and providing logically consistent arguments. For example, if the user requests for a supporting argument on a certain topic, they might more likely engage in a discussion if they are able to ask "Could you please be more specific on this argument. I do not see why..." instead of simple, short commands like "Why?" or "More information!". Furthermore, a natural language system response like "An argument in favor of the previously discussed statement is, that... which is underpinned..." may be more appealing than a written system response. Such complex tasks demand for a flexible natural language understanding (NLU), an intuitive dialogue structure and the integration of commonsense knowledge. These components are combined in the speechdriven argumentative dialogue system (ADS) BEA ('Building Engaging Argumentation' <ref type="bibr">(Aicher et al., 2021)</ref>) we introduce in this paper. To the best of our knowledge this is the first ADS which tries to cooperatively engage the user to explore arguments in natural language. Therefore, we investigate to what extent a spoken interaction increases the willingness to explore arguments with the aid of this system in a user study. In order to examine the perception of the system with regard to dimensions such as likeability, naturalness, engagement etc. we compare it to a robust baseline consisting of the same ADS but with menu input via mouse click. Furthermore, we want to get an insight into how human users interact with such a system, what they re-quest and how they formulate it, as well as what their expectations are. We choose a limited set of possible requests, to on the one hand ensure the comparability to the baseline system and on the other give the users the chance to suggest extensions and possible advances. The remainder of the paper is as follows: Section 2 gives an overview over related work and the Section 3 describes the architecture with a focus on the integration of the NLU framework. Section 4 introduces and discusses the experimental setting of the study. Subsequently the evaluation results are discussed in Section 5. We close with a conclusion and a brief discussion of future work in Section 6.</p></div>
<div xmlns="http://www.tei-c.org/ns/1.0"><head n="2.">Related Work</head><p>A natural way of resolving different points of view or forming an opinion for humans is through spoken conversation, i.e., through the exchange of arguments and knowledge. Filter algorithms aim to reduce the numerous opinions and information on almost every topic available online by taking previous user requests into account to serve the users' interest. As a result, people tend to focus on a biased subset of sources that repeat or strengthen an already established or convenient opinion <ref type="bibr" target="#b2">(Pariser, 2011)</ref>. In order to avoid this (often unconscious) process of intellectual isolation, we propose an approach to explore a vast amount of different information in a natural and intuitive way using natural language. To this end the envisioned system engages in a deliberative dialogue with a human user in order to support a fair and unbiased opinion building process. Thus, we pursue a cooperative exchange of arguments via spoken language without trying to persuade or winning a debate against the user unlike most approaches to human-machine argumentation in the literature which are embedded in a competitive scenario. Those approaches utilize different models to structure the interaction. <ref type="bibr" target="#b8">Slonim et al. (2021)</ref> use a classical debating setting. Their IBM Debater is an autonomous debating system that can engage in a competitive debate with humans via natural language. The opponent utterances are analyzed automatically and a suitable response with a fixed length is generated. Another speech-based approach was introduced by <ref type="bibr" target="#b6">Rosenfeld and Kraus (2016)</ref> presenting a system based on weighted Bipolar Argumentation Frameworks (wBAG). Arguing chatbots such as Debbie, which used a similarity algorithm to retrieve counterarguments <ref type="bibr" target="#b4">(Rakshit et al., 2017)</ref> and Dave, that used retrieval-and generative-based models <ref type="bibr" target="#b1">(Le et al., 2018)</ref> interacted via text with the user. A menu-based framework that incorporates the beliefs and concerns of the opponent was presented by Hadoux and Hunter (2021). In the same line, Chalaguine and Hunter (2020) used a previously crowd-sourced argument graph and considered concerns of the user to persuade them. In contrast to our system, none of the aforementioned ADS tried to cooperatively engage the user to explore arguments and stating their preferences in natural language. Thus, we extend the menu-based ADS we introduced in <ref type="bibr">(Aicher et al., 2021)</ref> which provides a noncompetitive setting. We undertake their approach to use explicit feedback to estimate the (overall) preference considering wBAGs (Amgoud and Ben-Naim, 2016; Amgoud and Ben-Naim, 2018a). Our system is able to react to user utterances (opinions, preferences, requests and questions) and enables the user to conduct a deeper research to find diverging views and evidence of the pros or cons of an argument. The transparent presentation of pros and cons towards the discussed topic contributes to explainability and deep understanding.</p></div>
<div xmlns="http://www.tei-c.org/ns/1.0"><head n="3.">ADS Architecture</head><p>In the following, we outline the main components of the architecture of our ADS. After explaining the user and dialogue model, the interface and NLU framework are introduced. A schema of the entire architecture of BEA is given in Figure <ref type="figure">1</ref>.</p></div>
<div xmlns="http://www.tei-c.org/ns/1.0"><head n="3.1.">User Model and Knowledge Base</head><p>The herein used user model estimates user preferences<ref type="foot" target="#foot_0">1</ref> based on bipolar argument structures. The utilized annotation scheme was introduced for annotating argumentative discourse structures and relations in persuasive essays by <ref type="bibr" target="#b9">Stab and Gurevych (2014)</ref>. They structure arguments in three components: major claim, claim and premise. The overall topic of the debate is formulated as the major claim representing the root node in the graph. Claims on the other hand are assertions which formulate a certain opinion targeting the major claim but still need to be justified by further arguments, premises respectively. We consider two relations between these argument components (nodes), Figure <ref type="figure">1</ref>: Architecture of BEA. After the user's spoken input is processed by the automated speech recognition module (ASR), it is passed to the Natural Language Understanding unit, which extracts the respective information. This abstractly represented information can be processed by the dialogue management, which decides a suitable corresponding system response by interacting with an argument structure. Once an appropriate response is selected it is processed by a Natural Language Generation (NLG) module which formulates its textual representation and finally presented to the user in natural language by Text-to-Speech (TTS) module. In case of the baseline system the ASR and TTS modules were omitted.</p><p>support or attack. We choose a non-cyclic tree structure, where each node ("parent") is supported or attacked by its "children". If no children exist, the node is a leaf and marks the end of a branch. An example of such a bipolar argument tree is shown in  fined as (Amgoud and Ben-Naim, 2018b):</p><formula xml:id="formula_0">E i = i s i,pro − i s i,con<label>(1)</label></formula><p>where "i,pro" and "i,con" are the sets of supporters and attackers and s i denotes the corresponding strength value. Hence, the stronger or more-numerous the supporting argument components are, the greater and more-likely-positive is that exponent (and vice versa for attackers). The aggregated strength of an argument component i is a function of its initial weight ω i and the energy in (1) (Amgoud and Ben-Naim, 2018b):</p><formula xml:id="formula_1">s i = 1 − 1 − ω 2 i 1 + ω i e Ei .<label>(2)</label></formula><p>Consequently, s i considers the weight of the component itself as well as the influence of its children. If a component is leaf node, its strength equals its weight. After a preference is expressed, the corresponding weight is adjusted according to an update function and iterated through all parent nodes following Equation <ref type="formula" target="#formula_1">2</ref>.</p><p>If the user states a preference/indifference/rejection towards component i, its strength is updated such that:</p><p>preference:</p><formula xml:id="formula_2">s ′ i = s i,max + n v n a (1 − s i,max ) (3) rejection: s ′ i = 0 (4) indifference: s ′ i = 0.01,<label>(5)</label></formula><p>where s i,max denotes the maximum strength of all siblings of argument i. In case no sibling argument has been preferred yet s i,max := 0.5. n v describes the number of sibling arguments of argument i which have already been presented to the user and n a denotes the total number of all sibling arguments. Hence, the preference update takes into account how many sibling arguments have already been heard in relation to the ones available. In particular, this means that the more sibling arguments are heard before one of them is preferred, the greater is the impact of this preference on the weight. According to <ref type="bibr" target="#b10">Wilcock and Jokinen (2021)</ref> in scenarios that do not adhere to a clear structure regarding speaking time and turn taking (like debates), extensive utterances presented by synthetic speech are hard to follow and understand. To prevent the user from being overwhelmed by the amount of information, in contrast to our previous work <ref type="bibr">(Aicher et al., 2021)</ref> we introduce the available arguments incrementally depending on the user's request. Thus, the users can state their opinion before all sibling arguments have been presented. As we formally update only weights in order to consider later preferences, we determine the new weight (solution of Equation <ref type="formula" target="#formula_1">2</ref>) as</p><formula xml:id="formula_3">ω ′ i = e Ei (1 − s ′ i ) 2 −1 ± 1 + 4s ′ i e 2Ei (1 − s ′ i ) 2 .</formula><p>(6) Due to the square root, there are two solutions to this equation but only one meets this in the required interval [0, 1]. If an argument is rejected, its weight (and thus its strength as well) is set to 0. The whole opinion model is updated after each expressed preference according to the following scheme:</p><p>1. According to the expressed user's preference regarding a certain argument i (node), its new strength s ′ i is calculated.</p><p>2. The new energy of the parent node of i is determined by applying Eq. ( <ref type="formula" target="#formula_0">1</ref>). Using the new energy of the parent of i calculated in the previous step and the update formula in Eq. ( <ref type="formula" target="#formula_1">2</ref>), the new strength of the parent node is calculated.</p></div>
<div xmlns="http://www.tei-c.org/ns/1.0"><head>3.</head><p>Step two is repeated until all related values are updated.</p><p>The overall stance of the user can then be determined by calculating the energy of the major claim. As no information about the user's preferences is known before the interaction, we initialize all weights with the same value (ω 0 = 0.01, representing indifference).</p><p>The nodes are updated recursively until the root node is reached. The difference between the sum of the strengths of the supporting children and the sum of the strengths of the attacking children of the root node displays the final "stance" of the user <ref type="bibr">(Aicher et al., 2021)</ref>.</p><p>If it is greater than 0, the user supports the major claim, if it is smaller than 0, the user rejects it, and if it equals 0, the user is indifferent.</p><p>A suiting argument structure is provided by a sample debate on the topic Marriage is an outdated institution which was thoroughly discussed by <ref type="bibr" target="#b3">Rach et al. (2018)</ref>. It serves as knowledge base for the arguments and is taken from the Debatabase of the idebate.org<ref type="foot" target="#foot_1">2</ref> website. It consists of a total of 72 argument components (1 major claim, 10 claims and 61 premises) and their corresponding relations and encoded in an OWL ontology (Bechhofer, 2009) for further use. In each "why pro/con" move a single argument component is presented to the user. The depth of a branch varies from 5 up to 10 argument components. Due to the generality of the annotation scheme, the system is not restricted to the herein considered data. In general, every argument structure that can be mapped into the applied scheme can be processed by the system.</p></div>
<div xmlns="http://www.tei-c.org/ns/1.0"><head n="3.2.">Dialogue Model</head><p>The interaction between the system and the user is separated in turns, consisting of a user action and corresponding natural language answer of the system. Table 1 shows the possible actions (moves) the user is able to choose from. One can navigate through the argument tree (explore argument branches), express preferences and enquire more information. The determiners show which moves are available depending on the position of the current argument (root / parent node / "leaf" node).</p><p>After the system's greeting the resulting dialogue is determined only by the user and their choices. The system response is based on the original textual representation of the argument components, which is embedded in moderating utterances. To support the impression of a natural conversation and to engage the user, personalized system responses are used, e.g. "I understand you like.../ I think it is interesting that/ So just try...".</p><p>In Table <ref type="table">2</ref> an exemplary dialogue shows how an interaction with a user looks like and Figure <ref type="figure">2</ref> illustrates the respective bipolar argument tree. By preferring the strengths and weights of P 2 and its respective parent nodes C2 and M C are iteratively updated as described in Subsection 3.1. Note, that only heard arguments are included in the calculation, and thus the unheard nodes (C1, C3, P 1, P 2) are not considered. Following the update algorithm described in Subsection 3.1 it follows for the new strength of P 2 that s ′ P 2 = 0.5 = ω C2 and thus, with E ′ C2 = 0.5, that s ′ C2 = 0.589 and ω ′ C2 = 0.5. For M C it follows that E M C = 0.5 &gt; 0 and thus, the user's stance towards the major claim is supported by the user.</p></div>
<div xmlns="http://www.tei-c.org/ns/1.0"><head n="3.3.">Interface and NLU Framework</head><p>Our aim is to investigate the effect of spoken language interaction when compared to a graphical I/O. Therefore, we introduce a NLU framework for speech input as well as a clickable menu for the baseline system. Instead of the drop-down menu displayed in Figure <ref type="figure" target="#fig_1">3</ref>, a button with ´´Talk with BEA" is shown in the speechbased system, which is pressed to start and stop the speech recording, see Figure <ref type="figure" target="#fig_2">4</ref>. Except for this difference both systems share the same architecture. The dialogue history is shown above the menu/button, where the system's responses are shown on the left and the user's chosen moves on the right side. To provide the user a visual cue to the length of the ongoing conversation, a progress bar above the dialogue history shows the number of arguments that were already discussed and how many are still unknown at each stage of the interaction. To provide a suitable system response during the speech interaction, it is crucial to understand the user's intent and if an argument is addressed. Therefore, we integrate the previously introduced NLU framework <ref type="bibr">(Abro et al., 2021)</ref>. It uses an intent classifier model consisting of two main components: the BERT Transformer Encoder <ref type="bibr">(Devlin et al., 2018)</ref> and a bidirectional LSTM classifier. Furthermore, to identify the arguments a user refers to, a similarity model is applied which is based on Sentence-BERT (SBERT) <ref type="bibr" target="#b5">(Reimers and Gurevych, 2019)</ref>. We <ref type="bibr">(Abro et al., 2021)</ref> showed that this NLU framework outperforms state-of-the-art baselines and thus, is the most suitable for our purpose. The system-specific intents have to be trained once but no pre-training for new topics or user groups</p></div>
<div xmlns="http://www.tei-c.org/ns/1.0"><head>Actor</head><p>Utterance Move System Let's discuss the topic that "Marriage is an outdated institution."</p></div>
<div xmlns="http://www.tei-c.org/ns/1.0"><head>User</head><p>Please elaborate this further. why con (M C) System On the pro side it is to mention that there needs to be a new more inclusive institution that is open to all religions and those of no religion. It is clear that marriage can no longer perform this function for everyone in society.</p></div>
<div xmlns="http://www.tei-c.org/ns/1.0"><head>User</head><p>Could you explain why? why pro (C2) System This is supported by the argument that marriage is a religious institution in a society of declining religion.</p></div>
<div xmlns="http://www.tei-c.org/ns/1.0"><head>User</head><p>This sounds reasonable to me pref er(P 2) System I think it is interesting that you prefer this argument.</p></div>
<div xmlns="http://www.tei-c.org/ns/1.0"><head>User</head><p>What is my calculated stance on the discussion topic. stance(M C) System At the moment you seem to support that marriage is an outdated institution.</p><p>Table <ref type="table">2</ref>: Exemplary dialogue between BEA and the user about the topic "Marriage is an outdated institution"  (especially non-native English speakers) is required. We trained the model for the moves in Table 1 us-ing a set of circa 15 self-generated utterances for each move type. The spoken user input is captured with a browser-based audio recording that is further processed by the Python library SpeechRecognition using Google Speech Recognition. After a user intent is recognized and a corresponding response chosen, the spoken system response is presented using the Speech Synthesis of Web Speech API.</p></div>
<div xmlns="http://www.tei-c.org/ns/1.0"><head n="4.">Experimental Setting</head><p>To evaluate the speech interaction, we designed an online user study where the participants had two conversations, one with the baseline system and one with the speech based one. In order to prevent sequence effects, a random half of the participants started with the baseline system and finished with the speech based one and the other half in reversed order. Before rating the systems the participants were asked to provide information on their age and their gender. After each conversation the participants had to rate 43 statements regarding the interaction. The first 33 were taken from the SASSI questionnaire (Hone and Graham, 2000)<ref type="foot" target="#foot_2">3</ref> , which are divided in 6 categories: Accuracy, Likeability, Cognitive Demand, Annoyance, Habitability and Speed. The last 10 statements were added to assess the Engagement the user felt by the system and the Presentation of the arguments. Finally, the participants received a short questionnaire concerning which system they preferred and why. As all participants were Germans, they were asked to state if their English was sufficient to understand the system and the answers of the questionnaire. Before each interaction, the participants received a detailed, personal introduction what to do and explanation how to interact with the system. Each participant was asked to confirm if they understood what to do and to report any problems. The participants could decide on their own how long they wanted to interact with each system. The only restriction was to use every move type at least once.</p></div>
<div xmlns="http://www.tei-c.org/ns/1.0"><head n="5.">Evaluation Results</head><p>The study was conducted online under personal supervision with 20 participants consisting of 8 females and 12 males. The age range was between 22 and 68 with an average age of 32.73 (median 29). All participants were non-experts without a topic-specific background. The average interaction time was 33.35 minutes for the speech system and 25.67 minutes for the menu systems. Since the average number of heard arguments was higher (speech:18.91, menu:14.48) in the speech than in the menu system, this indicates that the former seems to be more engaging for the users. As described in Section 4, the participants had to rate 43 statements about the dialogues on a five-point Likert scale (1 = totally disagree, 5 = totally agree) for each system. Before taking the average over each category we inverted the rating scale for the negatively formulated statements such that the optimal rating is 5.  <ref type="table">3</ref>: Results of the participants' ratings. M menu denotes the mean of the menu system and M speech of the speech-based system. The differences that are statistically significant (α &lt; 0.05) are marked with *. The results for single statements are shown below the line.</p></div>
<div xmlns="http://www.tei-c.org/ns/1.0"><head>Category</head><p>The results are shown in Table <ref type="table">3</ref>. Below the category means, the results for single statements of special interest are shown. To determine whether the difference between the systems is significant, we used the nonparametric Wilcoxon signed rank test <ref type="bibr" target="#b11">(Woolson, 2007)</ref> for paired samples. The Cognitive Demand<ref type="foot" target="#foot_3">4</ref> and the Argument Presentation<ref type="foot" target="#foot_4">5</ref> were rated without significant differences, which is plausible as the systems do not differ in these aspects. Interestingly, also the Speed of both systems was rated to be almost optimal, as none of them was considered "too slow" or "too fast". Thus, the speech-based system is applicable in a real-time scenario.</p><p>Regarding the Likeability which describes the user's opinion and feelings towards the system (e.g. "I enjoyed using the system", "I would use this system",...), the speech-based system was significantly preferred. In consistence we observed a significantly better performance of the speech-based system with respect to the category Annoyance. It describes to which extent the users perceive the system as being "repetitive/ boring/ irritating". Furthermore, regarding the Engagement which includes the variety, intuitivity and motivation conveyed by the system, the baseline system is outperformed. Regarding these three categories, we observe a considerable preference towards the speechbased system. This indicates that speech interaction leads to a more comfortable, enjoyable and humanlike interaction. The highly significant single question results support these findings, especially with regard to the naturalness and preference of exploring the arguments using the speech-based system over reading about the topic in an article.</p><p>Moreover, while talking to the speech-based system the participants heard about 17% more arguments than compared to the baseline system. This indicates that using a speech interface to discuss a topic is significantly more engaging to human users and encourages their willingness to explore diverging views. This is confirmed by the recorded answers of the participants. Instead of simple commands, the participants engaged in a discussion with the system and tried to reason and justify their opinion ("I do not believe this is true. There are still many marriages which show commitment and respect.", "I fully agree as I also believe that divorce is undermining the idea of marriage.", etc.). 80% (16 out of 20) of the participants explained their preference/rejection of the presented arguments ("In my opinion this is not a valid point because...", "I agree with this as ..." etc.). Thus in the speech-based scenario, the participants are motivated to discuss and reflect on presented arguments, requesting for more details and information ("Let us concentrate on the implications of law. What further supporting arguments do you have on that?" etc.) and arguing on their stance. This is also underpinned by the free text explanation given by the participants who preferred the speechbased system.</p><p>Still, the advantages of the menu-based system are in contrast described as being "controllable", "predictable" and "easier to use", which can be observed in the following categories. The Accuracy describes, whether the system recognizes the user input correctly and hence, follows their intent. Additionally, the Habitability is defined by whether the user knows what to say and understands the system's reaction. The ratings in both categories are significantly higher for the menubased system. This can be explained by the errors occurring in the speech recognition in the speech-based system. As interaction protocols show, although the NLU was able to identify most of the user intents correctly, some were mistakenly matched or could not be identified. Obviously, these errors do not occur when using the menu-based system explaining the better performance.</p><p>In both systems participants missed a more flexible navigation, especially the possibility to go back to the major claim directly or to jump to previously mentioned arguments independent of a uttered preference. Even though we were aware of this disadvantage, we chose not to incorporate such options beforehand, as the clarity of selectable options could not be guaranteed in the menu system. As the graphical interface only offers limited space it would not have been possible to display all navigation options, especially after some more arguments were heard. Even though this problem did not concern the speech system we did not incorporate this in neither as we aimed for an unbiased comparison. Interestingly the suggestion of a more flexible navigation and proactive system behaviour ("The system could have stated new arguments on its own", "The system should suggest new arguments, it would be more diversified.") was stressed much more in the speech system. This might explained by the more natural appearance of the speech system which rose higher expectations with regard to its flexibility in contrast to the quite static appearance of the menu system.</p></div>
<div xmlns="http://www.tei-c.org/ns/1.0"><head n="6.">Conclusion and Future Work</head><p>In this work, we have introduced the first speechbased argumentative dialogue system which enables its user to explore arguments in real-time while estimating their preferences. We provide a platform that fosters critical thinking and open-mindedness which can e.g. be used in the area of education or (political) discourse/debates. A user study showed that speech interaction is perceived significantly more natural, intuitive and engaging than a menu-based one. While talking to the speech-based system significantly more arguments have been heard by the participants. Regarding both systems the participants criticized the limited ability to navigate through the arguments and suggested a more flexible navigation to other arguments.</p><p>Comparable with a conversation between two human users, the participants did not only state their preferences but justified and explained them to the system. Furthermore, different levels of detail in information was asked individually, which shows that an individual adaption in depth and breadth of the argumentation is needed. In contrast to the menu baseline, much more flexibility was expected from the speech system by e.g. offering arguments proactively and not just on request, likewise to a "normal discussion with a human". Thus, a speech-based interaction is a step towards our aim to provide a system that fosters critical and reflective thinking and open-mindedness (for educational purposes, debate training etc.). The clear preference to use the speech-based system over reading the information in an article indicates that we pursue a promising approach to explore arguments.</p><p>In future work, we want to increase the robustness and reliability of the speech interaction by including an accurate and stable automated commercial speech recognition. Furthermore, the flexibility of the NLU (as it does not need to be trained on new data corpora) shall be exploited to connect our system to new databases in real-time. This will also enable us to explore other argument structures, e.g. flatter ones to facilitate the navigation within the graph. Moreover, we aim to increase the naturalness of and motivation to interact with our system. Therefore, we will extend the system's flexibility with regard to the navigation within the argument tree and to react directly to the user utterance e.g. by processing possible new arguments the user mentions and updating the system's database during the interaction. Furthermore, we want to estimate user preferences using implicit and explicit feedback. Using this information the system will be able to proactively suggest new arguments and e.g. engage the user in hear-ing additional arguments. Finally, we will evaluate the above mentioned extensions of the speech-based system in a broad crowd-sourcing study and investigate if we can improve the user satisfaction and motivation to engage in an argumentative discussion.</p></div><figure xmlns="http://www.tei-c.org/ns/1.0" xml:id="fig_0"><head></head><label></label><figDesc>Figure 2: Visualization of argument tree structure. MC denotes the major claim (root node), which is attacked by the claim C1 and C3 (denoted by a orange line) and supported by claim C2 (denoted by a blue line). The respective leaf nodes are the premises P1, P2 and P3</figDesc><graphic coords="2,350.93,445.95,130.96,161.90" type="bitmap" /></figure>
<figure xmlns="http://www.tei-c.org/ns/1.0" xml:id="fig_1"><head>Figure 3 :</head><label>3</label><figDesc>Figure 3: GUI of the baseline system with unfolded drop-down menu.</figDesc><graphic coords="5,144.55,497.10,308.44,189.88" type="bitmap" /></figure>
<figure xmlns="http://www.tei-c.org/ns/1.0" xml:id="fig_2"><head>Figure 4 :</head><label>4</label><figDesc>Figure 4: GUI of the speech-based system.</figDesc></figure>
<figure xmlns="http://www.tei-c.org/ns/1.0" type="table" xml:id="tab_1"><head></head><label></label><figDesc>M menu M speech p value</figDesc><table><row><cell>Accuracy</cell><cell>4,07</cell><cell>3,23</cell><cell>&lt; 0.001*</cell></row><row><cell>Likeability</cell><cell>3,31</cell><cell>3,82</cell><cell>0.001*</cell></row><row><cell>Cog. Demand</cell><cell>3,41</cell><cell>3,35</cell><cell>0.797</cell></row><row><cell>Annoyance</cell><cell>2,70</cell><cell>3,42</cell><cell>&lt; 0.001*</cell></row><row><cell>Habitability</cell><cell>3,68</cell><cell>2,83</cell><cell>&lt; 0.001*</cell></row><row><cell>Speed</cell><cell>3.15</cell><cell>3.10</cell><cell>0.79</cell></row><row><cell>Engagement</cell><cell>2,61</cell><cell>3,66</cell><cell>&lt; 0.001*</cell></row><row><cell>Presentation</cell><cell>3,61</cell><cell>3,77</cell><cell>0.147</cell></row><row><cell>q35 Article</cell><cell>2,30</cell><cell>3,65</cell><cell>0.005*</cell></row><row><cell cols="2">q36 Naturalness 1,80</cell><cell>3,55</cell><cell>0.001*</cell></row><row><cell>Table</cell><cell></cell><cell></cell><cell></cell></row></table></figure>
			<note xmlns="http://www.tei-c.org/ns/1.0" place="foot" n="1" xml:id="foot_0">Here preferences includes the following opinion statements: preference, indifference and rejection.</note>
			<note xmlns="http://www.tei-c.org/ns/1.0" place="foot" n="2" xml:id="foot_1">https://idebate.org/debatabase (last accessed 23 th July 2020). Material reproduced from www.iedebate.org with the permission of the International Debating Education Association. Copyright © 2005 International Debate Education Association. All Rights Reserved.</note>
			<note xmlns="http://www.tei-c.org/ns/1.0" place="foot" n="3" xml:id="foot_2">This questionnaire has been developed to measure the subjective assessment of speech-based system interfaces.</note>
			<note xmlns="http://www.tei-c.org/ns/1.0" place="foot" n="4" xml:id="foot_3">The Cognitive Demand summarises both, the perceived level of effort needed to use the system and user feelings arising from this effort.</note>
			<note xmlns="http://www.tei-c.org/ns/1.0" place="foot" n="5" xml:id="foot_4">  5  The Argument Presentation describes the way the arguments are presented and their content.</note>
		</body>
		<back>

			<div type="acknowledgement">
<div xmlns="http://www.tei-c.org/ns/1.0"><head n="7.">Acknowledgements</head><p>This work has been funded by the DFG within the project "How to Win Arguments -Empowering Virtual Agents to Improve their Persuasiveness", Grant no. 376696351, as part of the Priority Program "Robust Argumentation Machines (RATIO)" (SPP-1999).</p></div>
<div xmlns="http://www.tei-c.org/ns/1.0"><head n="8.">Bibliographical References</head><p>Abro, W. A., Aicher, A., Rach, N., Ultes, S., Minker,  W., and Qi, G. (2021). Natural language understanding for argumentative dialogue systems in the opinion building domain. arXiv, arXiv:2103.02691. Aicher, A., Rach, N., Minker, W., and Ultes, S. (2021).</p><p>Opinion building based on the argumentative dialogue system bea. Increasing Naturalness and Flexibility in Spoken Dialogue Interaction: 10th International Workshop on Spoken Dialogue Systems, pages 307-318. Amgoud, L. and Ben-Naim, J. (2016). Evaluation of arguments from support relations: Axioms and semantics. In Proceedings of the 25th International Joint Conference on Artificial Intelligence, IJCAI-16, pages 900--906. Amgoud, L. and Ben-Naim, J. (2018a). Weighted bipolar argumentation graphs: Axioms and semantics. In Proceedings of the Twenty-Seventh International Joint Conference on Artificial Intelligence, IJCAI-18, pages 5194-5198. Amgoud, L. and Ben-Naim, J. (2018b). Weighted bipolar argumentation graphs: Axioms and semantics. In Proceedings of the Twenty-Seventh International Joint Conference on Artificial Intelligence, IJCAI-18, pages 5194-5198. International Joint Conferences on Artificial Intelligence Organization, July. Bechhofer, S. (2009). Owl: Web ontology language. In Encyclopedia of Database Systems, pages 2008-2009. Springer. Chalaguine, L. A. and Hunter, A. (2020). A persuasive chatbot using a crowd-sourced argument graph and concerns. In COMMA. Devlin, J., Chang, M.-W., Lee, K., and Toutanova, K. (2018). Bert: Pre-training of deep bidirectional transformers for language understanding. arXiv preprint arXiv:1810.04805. Hadoux, E. and Hunter, Anthony, e. a. (2021). Strategic argumentation dialogues for persuasion: Framework and experiments based on modelling the beliefs and concerns of the persuadee. In arXiv, volume 2101.11870. Hone, K. S. and Graham, R. (2000). Towards a tool for the subjective assessment of speech system in-</p></div>
			</div>

			<div type="references">

				<listBibl>

<biblStruct xml:id="b0">
	<analytic>
		<title/>
	</analytic>
	<monogr>
		<title level="j">Nat. Lang. Eng</title>
		<imprint>
			<biblScope unit="volume">6</biblScope>
			<biblScope unit="issue">3-4</biblScope>
			<biblScope unit="page" from="287" to="303" />
			<date>September</date>
		</imprint>
	</monogr>
	<note type="raw_reference">sassi). Nat. Lang. Eng., 6(3-4):287-303, September.</note>
</biblStruct>

<biblStruct xml:id="b1">
	<analytic>
		<title level="a" type="main">Dave the debater: a retrieval-based and generative argumentative dialogue agent</title>
		<author>
			<persName><forename type="first">D</forename><forename type="middle">T</forename><surname>Le</surname></persName>
		</author>
		<author>
			<persName><forename type="first">C.-T</forename><surname>Nguyen</surname></persName>
		</author>
		<author>
			<persName><forename type="first">K</forename><forename type="middle">A</forename><surname>Nguyen</surname></persName>
		</author>
	</analytic>
	<monogr>
		<title level="m">Proceedings of the 5th Workshop on Argument Mining</title>
				<meeting>the 5th Workshop on Argument Mining</meeting>
		<imprint>
			<date type="published" when="2018">2018</date>
			<biblScope unit="page" from="121" to="130" />
		</imprint>
	</monogr>
	<note type="raw_reference">Le, D. T., Nguyen, C.-T., and Nguyen, K. A. (2018). Dave the debater: a retrieval-based and generative argumentative dialogue agent. Proceedings of the 5th Workshop on Argument Mining, pages 121-130.</note>
</biblStruct>

<biblStruct xml:id="b2">
	<monogr>
		<author>
			<persName><forename type="first">E</forename><surname>Pariser</surname></persName>
		</author>
		<title level="m">The filter bubble: How the new personalized web is changing what we read and how we think</title>
				<imprint>
			<date type="published" when="2011">2011</date>
		</imprint>
	</monogr>
	<note>Penguin</note>
	<note type="raw_reference">Pariser, E. (2011). The filter bubble: How the new per- sonalized web is changing what we read and how we think. Penguin.</note>
</biblStruct>

<biblStruct xml:id="b3">
	<analytic>
		<title level="a" type="main">Utilizing argument mining techniques for argumentative dialogue systems</title>
		<author>
			<persName><forename type="first">N</forename><surname>Rach</surname></persName>
		</author>
		<author>
			<persName><forename type="first">S</forename><surname>Langhammer</surname></persName>
		</author>
		<author>
			<persName><forename type="first">W</forename><surname>Minker</surname></persName>
		</author>
		<author>
			<persName><forename type="first">S</forename><surname>Ultes</surname></persName>
		</author>
	</analytic>
	<monogr>
		<title level="m">Proceedings of the 9th International Workshop On Spoken Dialogue Systems (IWSDS)</title>
				<meeting>the 9th International Workshop On Spoken Dialogue Systems (IWSDS)</meeting>
		<imprint>
			<date type="published" when="2018-05">2018. May</date>
		</imprint>
	</monogr>
	<note type="raw_reference">Rach, N., Langhammer, S., Minker, W., and Ultes, S. (2018). Utilizing argument mining techniques for argumentative dialogue systems. In Proceedings of the 9th International Workshop On Spoken Dialogue Systems (IWSDS), May.</note>
</biblStruct>

<biblStruct xml:id="b4">
	<analytic>
		<title level="a" type="main">Debbie, the debate bot of the future</title>
		<author>
			<persName><forename type="first">G</forename><surname>Rakshit</surname></persName>
		</author>
		<author>
			<persName><forename type="first">K</forename><forename type="middle">K</forename><surname>Bowden</surname></persName>
		</author>
		<author>
			<persName><forename type="first">L</forename><surname>Reed</surname></persName>
		</author>
		<author>
			<persName><forename type="first">A</forename><surname>Misra</surname></persName>
		</author>
		<author>
			<persName><forename type="first">M</forename><forename type="middle">A</forename><surname>Walker</surname></persName>
		</author>
	</analytic>
	<monogr>
		<title level="m">Advanced Social Interaction with Agents -8th International Workshop on Spoken Dialog Systems</title>
				<imprint>
			<date type="published" when="2017">2017</date>
			<biblScope unit="page" from="45" to="52" />
		</imprint>
	</monogr>
	<note type="raw_reference">Rakshit, G., Bowden, K. K., Reed, L., Misra, A., and Walker, M. A. (2017). Debbie, the debate bot of the future. In Advanced Social Interaction with Agents -8th International Workshop on Spoken Dialog Sys- tems, pages 45-52.</note>
</biblStruct>

<biblStruct xml:id="b5">
	<monogr>
		<author>
			<persName><forename type="first">N</forename><surname>Reimers</surname></persName>
		</author>
		<author>
			<persName><forename type="first">I</forename><surname>Gurevych</surname></persName>
		</author>
		<idno type="arXiv">arXiv:1908.10084</idno>
		<title level="m">Sentence-bert: Sentence embeddings using siamese bert-networks</title>
				<imprint>
			<date type="published" when="2019">2019</date>
		</imprint>
	</monogr>
	<note type="report_type">arXiv preprint</note>
	<note type="raw_reference">Reimers, N. and Gurevych, I. (2019). Sentence-bert: Sentence embeddings using siamese bert-networks. arXiv preprint arXiv:1908.10084.</note>
</biblStruct>

<biblStruct xml:id="b6">
	<analytic>
		<title level="a" type="main">Strategical argumentative agent for human persuasion</title>
		<author>
			<persName><forename type="first">A</forename><surname>Rosenfeld</surname></persName>
		</author>
		<author>
			<persName><forename type="first">S</forename><surname>Kraus</surname></persName>
		</author>
	</analytic>
	<monogr>
		<title level="m">ECAI&apos;16</title>
				<imprint>
			<date type="published" when="2016">2016</date>
			<biblScope unit="page" from="320" to="328" />
		</imprint>
	</monogr>
	<note type="raw_reference">Rosenfeld, A. and Kraus, S. (2016). Strategical argu- mentative agent for human persuasion. In ECAI&apos;16, pages 320-328.</note>
</biblStruct>

<biblStruct xml:id="b7">
	<analytic>
		<title level="a" type="main">Towards sentiment-aware multi-modal dialogue policy learning</title>
		<author>
			<persName><forename type="first">T</forename><surname>Saha</surname></persName>
		</author>
		<author>
			<persName><forename type="first">S</forename><surname>Saha</surname></persName>
		</author>
		<author>
			<persName><forename type="first">P</forename><surname>Bhattacharyya</surname></persName>
		</author>
	</analytic>
	<monogr>
		<title level="j">Cognitive Computation</title>
		<imprint>
			<biblScope unit="page">11</biblScope>
			<date type="published" when="2020">2020</date>
		</imprint>
	</monogr>
	<note type="raw_reference">Saha, T., Saha, S., and Bhattacharyya, P. (2020). To- wards sentiment-aware multi-modal dialogue policy learning. Cognitive Computation, pages 1-15, 11.</note>
</biblStruct>

<biblStruct xml:id="b8">
	<analytic>
		<title level="a" type="main">An autonomous debating system</title>
		<author>
			<persName><forename type="first">N</forename><surname>Slonim</surname></persName>
		</author>
		<author>
			<persName><forename type="first">Y</forename><surname>Bilu</surname></persName>
		</author>
		<author>
			<persName><forename type="first">C</forename><surname>Alzate</surname></persName>
		</author>
		<author>
			<persName><forename type="first">R</forename><surname>Bar-Haim</surname></persName>
		</author>
		<author>
			<persName><forename type="first">B</forename><surname>Bogin</surname></persName>
		</author>
		<author>
			<persName><forename type="first">F</forename><surname>Bonin</surname></persName>
		</author>
		<author>
			<persName><forename type="first">L</forename><surname>Choshen</surname></persName>
		</author>
		<author>
			<persName><forename type="first">E</forename><surname>Cohen-Karlik</surname></persName>
		</author>
		<author>
			<persName><forename type="first">L</forename><surname>Dankin</surname></persName>
		</author>
		<author>
			<persName><forename type="first">L</forename><surname>Edelstein</surname></persName>
		</author>
	</analytic>
	<monogr>
		<title level="j">Nature</title>
		<imprint>
			<biblScope unit="volume">591</biblScope>
			<biblScope unit="issue">7850</biblScope>
			<biblScope unit="page" from="379" to="384" />
			<date type="published" when="2021">2021</date>
		</imprint>
	</monogr>
	<note type="raw_reference">Slonim, N., Bilu, Y., Alzate, C., Bar-Haim, R., Bo- gin, B., Bonin, F., Choshen, L., Cohen-Karlik, E., Dankin, L., Edelstein, L., et al. (2021). An au- tonomous debating system. Nature, 591(7850):379- 384.</note>
</biblStruct>

<biblStruct xml:id="b9">
	<analytic>
		<title level="a" type="main">Annotating argument components and relations in persuasive essays</title>
		<author>
			<persName><forename type="first">C</forename><surname>Stab</surname></persName>
		</author>
		<author>
			<persName><forename type="first">I</forename><surname>Gurevych</surname></persName>
		</author>
	</analytic>
	<monogr>
		<title level="m">COLING</title>
				<imprint>
			<date type="published" when="2014">2014</date>
			<biblScope unit="page" from="1501" to="1510" />
		</imprint>
	</monogr>
	<note type="raw_reference">Stab, C. and Gurevych, I. (2014). Annotating argu- ment components and relations in persuasive essays. In COLING, pages 1501-1510.</note>
</biblStruct>

<biblStruct xml:id="b10">
	<analytic>
		<title level="a" type="main">Towards increasing naturalness and flexibility in human-robot dialogue systems</title>
		<author>
			<persName><forename type="first">G</forename><surname>Wilcock</surname></persName>
		</author>
		<author>
			<persName><forename type="first">K</forename><surname>Jokinen</surname></persName>
		</author>
	</analytic>
	<monogr>
		<title level="m">Increasing Naturalness and Flexibility in Spoken Dialogue Interaction: 10th International Workshop on Spoken Dialogue Systems</title>
				<meeting><address><addrLine>Singapore</addrLine></address></meeting>
		<imprint>
			<publisher>Springer</publisher>
			<date type="published" when="2021">2021</date>
			<biblScope unit="page" from="109" to="114" />
		</imprint>
	</monogr>
	<note type="raw_reference">Wilcock, G. and Jokinen, K. (2021). Towards increas- ing naturalness and flexibility in human-robot dia- logue systems. In Increasing Naturalness and Flexi- bility in Spoken Dialogue Interaction: 10th Interna- tional Workshop on Spoken Dialogue Systems, pages 109-114. Springer Singapore.</note>
</biblStruct>

<biblStruct xml:id="b11">
	<analytic>
		<title level="a" type="main">Wilcoxon signed-rank test</title>
		<author>
			<persName><forename type="first">R</forename><surname>Woolson</surname></persName>
		</author>
	</analytic>
	<monogr>
		<title level="m">Wiley encyclopedia of clinical trials</title>
				<imprint>
			<date type="published" when="2007">2007</date>
			<biblScope unit="page" from="1" to="3" />
		</imprint>
	</monogr>
	<note type="raw_reference">Woolson, R. (2007). Wilcoxon signed-rank test. Wiley encyclopedia of clinical trials, pages 1-3.</note>
</biblStruct>

				</listBibl>
			</div>
		</back>
	</text>
</TEI>
