<?xml version="1.0" encoding="UTF-8"?>
<TEI xml:space="preserve" xmlns="http://www.tei-c.org/ns/1.0" 
xmlns:xsi="http://www.w3.org/2001/XMLSchema-instance" 
xsi:schemaLocation="http://www.tei-c.org/ns/1.0 https://raw.githubusercontent.com/kermitt2/grobid/master/grobid-home/schemas/xsd/Grobid.xsd"
 xmlns:xlink="http://www.w3.org/1999/xlink">
	<teiHeader xml:lang="en">
		<fileDesc>
			<titleStmt>
				<title level="a" type="main">Length Control in Abstractive Summarization by Pretraining Information Selection</title>
			</titleStmt>
			<publicationStmt>
				<publisher/>
				<availability status="unknown"><licence/></availability>
			</publicationStmt>
			<sourceDesc>
				<biblStruct>
					<analytic>
						<author>
							<persName><forename type="first">Yizhu</forename><surname>Liu</surname></persName>
							<affiliation key="aff0">
								<orgName type="institution">Shanghai Jiao Tong University Shanghai</orgName>
								<address>
									<country key="CN">China</country>
								</address>
							</affiliation>
						</author>
						<author>
							<persName><forename type="first">Qi</forename><surname>Jia</surname></persName>
							<affiliation key="aff0">
								<orgName type="institution">Shanghai Jiao Tong University Shanghai</orgName>
								<address>
									<country key="CN">China</country>
								</address>
							</affiliation>
						</author>
						<author role="corresp">
							<persName><forename type="first">Kenny</forename><forename type="middle">Q</forename><surname>Zhu</surname></persName>
							<email>kzhu@cs.sjtu.edu.cn</email>
							<affiliation key="aff0">
								<orgName type="institution">Shanghai Jiao Tong University Shanghai</orgName>
								<address>
									<country key="CN">China</country>
								</address>
							</affiliation>
							<affiliation key="aff0">
								<orgName type="institution">Shanghai Jiao Tong University Shanghai</orgName>
								<address>
									<country key="CN">China</country>
								</address>
							</affiliation>
						</author>
						<title level="a" type="main">Length Control in Abstractive Summarization by Pretraining Information Selection</title>
					</analytic>
					<monogr>
						<imprint>
							<date/>
						</imprint>
					</monogr>
					<idno type="MD5">9CCE6D491181AD0214FAE23C8C5E6897</idno>
				</biblStruct>
			</sourceDesc>
		</fileDesc>
		<encodingDesc>
			<appInfo>
				<application version="0.7.3-SNAPSHOT" ident="GROBID" when="2023-01-12T09:25+0000">
					<desc>GROBID - A machine learning software for extracting information from scholarly documents</desc>
					<ref target="https://github.com/kermitt2/grobid"/>
				</application>
			</appInfo>
		</encodingDesc>
		<profileDesc>
			<abstract>
<div xmlns="http://www.tei-c.org/ns/1.0"><p>Previous length-controllable summarization models mostly control lengths at the decoding stage, whereas the encoding or the selection of information from the source document is not sensitive to the designed length. They also tend to generate summaries as long as those in the training data. In this paper, we propose a length-aware attention mechanism (LAAM) to adapt the encoding of the source based on the desired length. Our approach works by training LAAM on a summary length balanced dataset built from the original training data, and then fine-tuning as usual. Results show that this approach is effective in generating high-quality summaries with desired lengths and even those short lengths never seen in the original training set.</p></div>
			</abstract>
		</profileDesc>
	</teiHeader>
	<text xml:lang="en">
		<body>
<div xmlns="http://www.tei-c.org/ns/1.0"><head n="1">Introduction</head><p>Abstractive summarization <ref type="bibr" target="#b13">(Nallapati et al., 2016;</ref><ref type="bibr" target="#b18">See et al., 2017;</ref><ref type="bibr" target="#b1">Çelikyilmaz et al., 2018;</ref><ref type="bibr" target="#b2">Dong et al., 2019;</ref><ref type="bibr" target="#b7">Lewis et al., 2020;</ref><ref type="bibr">Liu et al., 2021;</ref><ref type="bibr" target="#b3">Dou et al., 2021)</ref> aims at reproducing the semantics and topics of the original text in a concise and fluent summary by paraphrasing. In order to display the summary on different mobile devices or websites with space limitations, we have to produce summaries in different lengths. Length-controllable summarization is a multi-objective optimization problem, including generating complete summaries within desired lengths and selecting proper information to summarize based on desired lengths. The existing length-controllable summarization based on encoder-decoder models can be divided into two categories: (1) early-stop during decoding and (2) information selection before encoding.</p><p>Early-stop during decoding methods <ref type="bibr" target="#b6">(Kikuchi et al., 2016;</ref><ref type="bibr" target="#b11">Liu et al., 2018;</ref><ref type="bibr" target="#b12">Makino et al., 2019;</ref><ref type="bibr"></ref> Source Document ... iranians erupted in celebration as young people waved flags from their sunroofs , blasted music from stereos and chatted online with the hashtag #irantalks . the excitement came after a breakthrough nuclear deal with the united states and other world powers ...</p></div>
<div xmlns="http://www.tei-c.org/ns/1.0"><head>Length</head><p>Reference Summary 10 iranians celebrate the deal online and in the streets . 30 after a breakthrough nuclear agreement deal with the united states and other world powers , celebration broke out in iranians . young people waved flages and chatted online .</p><p>Table <ref type="table">1</ref>: The reference summaries of one source document with lengths as 10 and 30. <ref type="bibr" target="#b22">Yu et al., 2021)</ref> focus on when to output eos (end of sequence), indicating the end of the summary. An ad-hoc method <ref type="bibr" target="#b15">(Rush et al., 2015)</ref> generates the eos by assigning a score of −∞ to all candidate words at the position of the desired length during test. Ad-hoc can be applied to any seq2seq model. Others learn the relationship between length and the decoder state at training time. However, these methods simply add length requirements to the decoder and ignore the fact that encoding the content, or the information selection, from the source document must also adapt to different length requirements. Table <ref type="table">1</ref> gives an example. The content of the reference summary with 10 tokens is the celebration of iranians. The reference summary with 30 tokens contains the reason for the celebration. Some generated summaries with short desired lengths are likely to be incomplete, similar to the truncated version of summaries generated by models without length constraints. The summaries of ad-hoc and LenAtten in Table <ref type="table" target="#tab_0">2</ref> are not complete and lose the information about "deal".</p><p>Generated Summaries (Desired Length=10) BART <ref type="bibr" target="#b7">(Lewis et al., 2020)</ref> + Ad-hoc <ref type="bibr" target="#b15">(Rush et al., 2015)</ref> (10 tokens) iranians erupted in celebration as young people waved flags from LenAtten <ref type="bibr" target="#b22">(Yu et al., 2021)</ref> (12 tokens) the agreement on the final day of persian new year festivities , LPAS <ref type="bibr" target="#b16">(Saito et al., 2020)</ref> (22 tokens) iranians erupted in celebration . the excitement came after a breakthrough nuclear deal with the united states and other world powers . Methods based on information selection are two-stage methods <ref type="bibr" target="#b18">(See et al., 2017;</ref><ref type="bibr" target="#b17">Sarkhel et al., 2020;</ref><ref type="bibr" target="#b16">Saito et al., 2020)</ref>. One prominent example is LPAS <ref type="bibr" target="#b16">(Saito et al., 2020)</ref>, which in the first stage, extracts top l most important tokens from the source document as a prototype summary where l is the desired length, and in the second stage encodes the original source document and prototype summary by a dual-encoder. On the one hand, such two-stage approaches suffer from noises introduced in the intermediate results. On the other hand, the second stage of these methods does not have first-hand length information, which weakens the length control. Table <ref type="table" target="#tab_0">2</ref> shows that LPAS contains redundant information about "deal" and its length is much longer than the reference summary.</p><p>In this paper, we propose a length-aware attention mechanism (LAAM) which extends a transformer seq2seq model with the ability to select information in the context according to the length constraint. LAAM re-normalizes the attention between encoder and decoder to boost the tokens with higher attention scores based on the desired length, helping with selecting length-aware information from source document. The number of boosted tokens decreases step by step until eos gets the highest attention score, which is helpful in stopping the decoding process at desired length. LAAM can be thought of as a hybrid approach between the two types of previous approaches.</p><p>We observe that there is a big difference in the number of summaries within different length ranges in the original training set in any summarization dataset. The shorter reference summaries are especially rare. As shown in Table <ref type="table">1</ref>, given a short desired length, the summaries of the previous methods and LAAM still select redundant information. To balance the distribution of summaries in different length ranges, we propose a heuristics to create a length-balanced dataset (LBD) by prepredefining the length ranges and constructing extractive summaries within different length ranges, which helps model to select different information from source document via desired lengths.</p><p>In our approach, we can create an LBD from original summarization dataset. We first train LAAM on such LBD to enhance the ability of LAAM on information selection with length constraints. Then we fine-tune the pretrained LAAM on original dataset to learn to paraphrase the selected information as abstractive summaries in different lengths. The task of generating short sum-maries by the models fine-tuned on datasets without short reference summaries can be seen as a zeroshot problem. Benefiting from the pretraining with LBD, our approach can solve the zero-shot length control problem.</p><p>Our contributions are as follows:</p><p>1. We propose a new length-aware attention mechanism (LAAM) to generate high-quality summaries with desired length. LAAM outperforms the state-of-the-art lengthcontrollable methods on CNN/Daily Mail and XSUM in terms of ROUGE scores, length variance and human evaluation (Table <ref type="table" target="#tab_6">5</ref>).</p><p>2. We design a heuristics to create a lengthbalanced dataset (LBD) from original dataset.</p><p>After pretraining LAAM on LBD, the pretrained LAAM performs better than LAAM and can effectively solve the zero-shot length control problem (Table <ref type="table" target="#tab_9">10</ref>).</p></div>
<div xmlns="http://www.tei-c.org/ns/1.0"><head n="2">Approach</head><p>In this section, we first introduce the lengthcontrollable summarization (LCS) problem, then introduce the length-aware attention mechanism (LAAM), which attends the existing transformer seq2seq models, and finally explain how to create a length-balanced dataset (LBD) for pretraining.</p></div>
<div xmlns="http://www.tei-c.org/ns/1.0"><head n="2.1">Preliminaries</head><p>In LCS, the model takes the source document x = (x 0 , x 1 , ..., x m ) and the desired length l as input and the summary y = (y 0 , y 1 , ..., y n ) as output. x i is the i th token of document and y t is the t th token of summary. x m and y n are eos tokens. The goal is to estimate the conditional probability p(y|x):</p><formula xml:id="formula_0">p(y|x, l) = n t p(y t |y 1 , y 2 , ..., y t−1 , x, l) (1)</formula><p>We take the transformer seq2seq model <ref type="bibr" target="#b21">(Vaswani et al., 2017)</ref> as our basis. Suppose that the encoder output is h = {h 0 , h 1 , ..., h m }, h ∈ R m×d , and the output of the decoder's masked self-attention sub-layer is z = {z 0 , z 1 , ..., z n }, z ∈ R n×d . The normal cross attention is calculated as:</p><formula xml:id="formula_1">A = softmax(z • h T ) (2)</formula><p>where A ∈ R n×m is an attention matrix. A t = {a t,0 , a t,1 , ..., a t,m } shows the attention scores of y t . a t,i is the attention score between y t and x i .</p></div>
<div xmlns="http://www.tei-c.org/ns/1.0"><head n="2.2">Length-aware Attention Mechanism</head><p>In the transformer seq2seq model, the cross attention of an output token y t is likely to summarize those tokens with high attention scores in the input (source document). By formulating the cross attention as a function of the desired length l, we can manipulate the input information selection according to l. This is the intuition behind LAAM, which is illustrated in Figure <ref type="figure" target="#fig_0">1</ref>. LAAM is made up of two parts: attention for input selection (Attn is ) and attention for eos token (Attn eos ), each optimized for information selection and length control, the two objectives in LCS.</p><p>Attn is . At decoding, given the initial desired length l, l + 1 is the number of tokens in the output with eos, the remaining length budget (l t ) decreases as more tokens are generated. Specifically, at step t,</p><formula xml:id="formula_2">l t = l + 1 − t, 0 ≤ t ≤ l 1, otherwise<label>(3)</label></formula><p>Intuitively, at each decoding step, the decoder should plan its output y t given the remaining number l t of tokens it will generate. Our key idea is to increase the attention scores of the top l t tokens with the highest attention scores in A t , which gives a boost to the chance of these tokens to be selected and summarized. The interesting effect of this is that i) the longer l, the more source information will be selected for summarization; and ii) as the decoder generates more tokens,the number of tokens to be mainly attended in input decreases. We use one-hot vector p = {p 0 , p 1 , ..., p m } to label the indices of the top l t tokens with the highest attention scores in A t as 1 and others as 0, and then the length-aware attention score is computed as:</p><formula xml:id="formula_3">a t,i = w t,i × a t,i<label>(4)</label></formula><formula xml:id="formula_4">w t,i = 1, p i = 0 l t , p i = 1 (5)</formula><p>where w t,i is the weight for boosting the attention between x i and y t . According to Eq. ( <ref type="formula">5</ref>), the weight for cross attention decreases as the remaining length decreases, resulting in a decrease in the gap between the enhanced tokens and other tokens. This makes the model evenly attend to tokens related to the enhanced tokens and output general words to end the decoding. The model can learn to select information to be summarized by desired length.</p><p>Attn eos . At each decoding step t, to enhance the ability of model to generate eos at the desired length, we modify the attention score between y t and eos in source document x m as follows:</p><formula xml:id="formula_5">a t,m = (l + 1 − l t ) × a t,m<label>(6)</label></formula><p>The length-aware attention of eos increases step by step, which demonstrates the probability of stopping decoding will increase as the length of the output close to the desired length. Finally, we re-normalize the modified attention scores A t = a t,0 , a t,1 , ..., a t,m to get the context vector c t and compute the probability distribution of predicted tokens via:</p><formula xml:id="formula_6">p(y t |y i&lt;t , x, l) = softmax(W c t−1 + b) (7) c t = m 0 ãt,i h i (8) ãt,i = a t,i m i=0 a t,i<label>(9)</label></formula><p>where W and b are trainable parameters.</p></div>
<div xmlns="http://www.tei-c.org/ns/1.0"><head n="2.3">LBD Creation for Pretraining LAAM</head><p>Since the summary lengths of a training dataset may be highly concentrated in a small range (see Table <ref type="table" target="#tab_5">4</ref>), neural-based abstractive summarization models tend to select source information according to the summary lengths they have seen in training data and generate summaries with similar lengths.</p><p>In order to make the model learn to select proper information according to different desired lengths, we propose a heuristics to create a length-balanced dataset (LBD) by extracting summaries with various lengths from each document in original dataset and makeing lengths of these extractive summaries evenly distributed in different ranges.</p><p>Given an abstractive summarization dataset D, which consists of a training set T and a validation set V , we create the training set T and validation set V of LBD. To create T , we set the discrete bins B = {b 1 , b 2 , ..., b k } to represent the ranges of summary length of T . k is the number of the bins. For example, B = {(0, 10], (10, 20], ...} and b 0 = (0, 10]. For each document src and its reference summary ref in T , we produce lengthcontrollable pairs (LCPs) consisting of src and its extractive summaries in various length ranges. Let e be the extractive summary of length b ∈ B. We apply a greedy approach, where we add one sentence at a time incrementally to the e, until the length of e is within the proper range of b and has the highest ROUGE-1 (R-1) recall with respect to ref . Generally, the more training data, the greater the impact on the model. To make T effective, the number of samples in T should be close to </p></div>
<div xmlns="http://www.tei-c.org/ns/1.0"><head>5:</head><formula xml:id="formula_7">for i = 0 → k do 6:</formula><p>min and max denote minimum and maximum length of length range bi, respectively.</p></div>
<div xmlns="http://www.tei-c.org/ns/1.0"><head>7:</head><p>ei ← ∅ 8:</p><formula xml:id="formula_8">while S = {s|s ∈ src ∩ len(ei ∪ s) ≤ max} do 9: Select the s sel with best rec(ei ∪ s sel , ref ) from S.</formula><p>10:</p><formula xml:id="formula_9">if rec(ei ∪ s sel , ref ) &gt; rec(ei, ref ) then 11: ei ← s sel ; src ← src − s sel 12: else 13: break 14: if len(ei) &gt; min then 15: Add (src, ei, rec(ei, ref )) to S(bi). 16: S(bi) ← top |T |/k samples from S(bi) sorted by rec(ei, ref ) 17: T ← S(b1) ∪ S(b2) ∪ • • • ∪ S(b k ) 18: return T</formula><p>For V , we create an extractive reference summary by selecting one sentence at a time until we get a subset of sentences from src that maximizes the R-1 F1 with respect to ref . Given an original source document and reference summary pair, R-1 recall computes the similarity between extracted sentences and reference without considering the length of extracted sentences. This meets our requirements for creating T , that is, we can extract multiple summaries within different length ranges for one document. To evaluate the model at training, each document in V only needs one extractive summary. R-1 F1 considers the difference between the lengths of compared summaries, which can select an extractive summary most similar to the reference in length and content.</p><p>In this paper, we first pretrain LAAM on LBD for the ability to select information from source document to be summarized according to length constraint. Then we fine-tune the pretrained LAAM (PtLAAM) on original dataset. At this stage, armed with the ability to select information from source document, the model further learns to paraphrase the selected information into abstractive summaries with desired length.</p></div>
<div xmlns="http://www.tei-c.org/ns/1.0"><head n="3">Evaluation</head><p>We first introduce the datasets and the experimental setup. We design two experiments, general length control and zero-shot length control, to compare our approach with baselines.<ref type="foot" target="#foot_0">1</ref> General length control experiment trains and tests the models on the entire original dataset. Zero-shot length control experiment tests the model on a subset of the test set whose summary lengths fall within a certain range, and trains the model on training data with summary lengths outside this range. In each of the two experiments, we evaluate methods' ability to do length control and information selection.</p></div>
<div xmlns="http://www.tei-c.org/ns/1.0"><head n="3.1">Datasets</head><p>We use two popular summarization datasets. CN-N/Daily Mail (CNNDM) <ref type="bibr" target="#b5">(Hermann et al., 2015)</ref> consists of pairs of a single source document and a multi-sentence summary. The dataset includes 286,817 training pairs, 13,368 validation pairs and 11,487 test pairs. XSUM <ref type="bibr" target="#b14">(Narayan et al., 2018)</ref> is composed of article and single-sentence summary pairs. The number of samples in training/validation/test sets are 204,045/11,332/11,334.</p></div>
<div xmlns="http://www.tei-c.org/ns/1.0"><head n="3.2">Baselines</head><p>The existing length-controllable models with good performance are listed in Table <ref type="table" target="#tab_2">3</ref>.</p><p>In the experiments, LAAM and PtLAAM are im-  plemented on top of BART<ref type="foot" target="#foot_1">2</ref> , because BART <ref type="bibr" target="#b7">(Lewis et al., 2020)</ref> is one of the SOTA models in summarization, and it uses less memory and training time than its peers <ref type="bibr" target="#b19">(Shleifer and Rush, 2020)</ref>. Exact is not a summarization model but is used here to achieve hard length control on any seq2seq models to produce summaries of exact lengths.</p></div>
<div xmlns="http://www.tei-c.org/ns/1.0"><head n="3.3">Experimental Setup</head><p>We follow <ref type="bibr" target="#b11">Liu et al. (2018)</ref>  In each experiment, to evaluate the ability to control length, we do soft length control tests, which sets minlen and maxlen to 0 and 200 respectively during decoding, covering a very large range. It is up to individual models to generate summaries as close as possible to the target length. To evaluate the ability to select information, we utilize  hard length control at test, which applies Exact in Table <ref type="table" target="#tab_2">3</ref> to all competing models at decoding. Following <ref type="bibr" target="#b7">Lewis et al. (2020)</ref>, we train our model based on bart.large with lr = 3e-05 and warmup = 500. We set the dropout as 0.1 and momentum as 0.99, and terminate the training when the lr &lt; 1.0e-5. At test time, the batch size is 32. We set beam size as 4 for CNNDM and 6 for XSUM. All experiments are done on an RTX 2080Ti GPU with 11G RAM.</p></div>
<div xmlns="http://www.tei-c.org/ns/1.0"><head n="3.4">Evaluation metrics</head><p>ROUGE scores: ROUGE-1 (R-1), ROUGE-2 (R-2) and ROUGE-L (R-L) <ref type="bibr" target="#b8">(Lin, 2004</ref>) by F1. Variance (Var): Variance of the summary lengths against the desired length l:</p><formula xml:id="formula_10">var = 0.001 * 1 n n i=0 |l i − l| 2 , (<label>10</label></formula><formula xml:id="formula_11">)</formula><p>where n is the number test cases, and l i is the length of generated summary for case i.</p><p>Human Evaluation: We randomly select 50 samples from CNNDM and 50 samples from XSUM. We ask three human annotators who are native or proficient English speakers to score the generated summaries under 3 aspects: Grammatically correct (Gram.): How grammatical the sentences of a summary are?; Informativeness (Info.): How much important information about the source document is included in summary?; Overall: How good is the overall quality of the summary on you criterion?</p><p>The score of each aspect will be judged as: Poor (1.0), Barely Acceptable (3.0) and Good (5.0).</p></div>
<div xmlns="http://www.tei-c.org/ns/1.0"><head n="3.5">Experiment 1: General Length Control</head><p>Length control. We use soft length control here. As shown in Table <ref type="table" target="#tab_6">5</ref> and Figure <ref type="figure" target="#fig_2">2</ref>, LAAM and Pt-LAAM achieve higher ROUGE scores and lower variance than all other approaches, which means our approaches can generate good quality summaries with tighter length control. LAAM and PtLAAM outperform BART, indicating that by controlling lengths effectively, summary quality can be improved, too. LPAS performs better than LenAtten on ROUGE scores but worse on Var, because LPAS focuses more on information selection under the length constraint and overlooks where to stop decoding. BLPAS is better than LPAS as using the pretrained BART as the basic model. BART and BLPAS are considered the previous SOTA methods for length-agnostic summarization and lengthcontrollable summarization respectively. Therefore, we compare our approaches with BART and BLPAS in the remaining experiments. Table <ref type="table" target="#tab_7">6</ref> also confirms that compared with BART and BLPAS, our best approach PtLAAM gives the best quality summaries by human judges. The summaries generated by PtLAAM achieve better scores in grammatically correct, informativeness and overall. The human evaluation scores of XSUM are lower than those of CNNDM because the summaries in XSUM are much shorter. It is more difficult for a shorter summary to ensure that it is grammatically correct and contains enough information.  To further test the models' length control ability in different target length ranges, we divide the test data into different sets according to length range in Table <ref type="table" target="#tab_5">4</ref>, and test the models on these sets separately. Figure <ref type="figure" target="#fig_3">3</ref> shows that LAAM and PtLAAM still achieve the lowest Var. For the same length range in Figure <ref type="figure" target="#fig_4">3 and Table 4</ref>, the more training data in this range, the lower Var of the generated summaries with respect to the reference summaries within this length range. This denotes that the imbalance length distribution in training data interferes with controlling length. In Figure <ref type="figure" target="#fig_3">3</ref>, LAAM and PtLAAM have better and more stable ROUGE scores in all length ranges, illustrating that our approaches are not affected by the summary length distribution in training set and can generate better summaries with desired lengths. The results of arbitrary length test are listed in Figure <ref type="figure" target="#fig_4">4</ref>, the lower Var of LAAM and PtLAAM illustrate our approach can control summary length better. As R-2 is the most popular metric in summarization, we report the R-2 related scores of generated summaries. We compute R-2 Precision (Pre) of generated summaries instead of F1, because when the desired length of generated summaries is shorter than reference summary lengths, precision can reflect the accuracy of information selection within that limited budget. In Figure <ref type="figure" target="#fig_4">4</ref>, LAAM and PtLAAM get better R-2 (Pre) on both datasets, which means our approaches can select more accurate information. As the desired length increases, the length-controllable models are more likely to select accurate information, causing the gap between our approach and BLPAS to gradually decrease. Bart is not designed to control length, resulting in unchanged R-2 (Pre). Although the arbitrary length test provides a unique perspective in the evaluation of the models, its automatic metric, i.e., R-2 (Pre) is only partial. Therefore, in the rest of the section, we will not do arbitrary length test unless the result is evaluated by human. Information selection. Next, we apply hard length control on all models to strictly enforce the exact desired length which is equal to the gold length. The better performance of our proposed approaches in Table <ref type="table">7</ref> indicates that our approaches can cover more important information while producing exactly the same length of the reference summary. Compared to Table <ref type="table" target="#tab_6">5</ref>, our approaches also demonstrate more consistency. <ref type="bibr">BART 43.43 20.11 39.52 44.82 21.34 36.23 BLPAS 43.15 20.52 40.01 45.03 20.57 36.02 LAAM 43.63 20.76 40.63 45.38 21.77 36.64 PtLAAM 44.21 20.77 40.97 45.53 21.82 36.85</ref> Table 7: The ROUGE scores of models in gold length test with hard length control.</p><formula xml:id="formula_12">Approach CNNDM XSUM R-1 R-2 R-L R-1 R-2 R-L</formula><p>As shown in Table <ref type="table">8</ref>, the summaries are generated by the SOTA length-controllable approach BLPAS and our best approach PtLAAM with desired length as 10 tokens and 30 tokens. For BLPAS, the summary with desired length as 10 is just the truncated version of the summary with desired length as 30. Different from BLPAS, the content of summaries generated by PtLAAM are changed according to different desired lengths, which denotes that PtLAAM is more effective in selecting information to be summarized by length constraint.</p></div>
<div xmlns="http://www.tei-c.org/ns/1.0"><head>Len BLPAS Summaries</head><p>PtLAAM Summaries 10 iranians erupted in celebration , as young people waved flages iranians celebrate online and in the streets after deal .</p></div>
<div xmlns="http://www.tei-c.org/ns/1.0"><head>30</head><p>iranians erupted in celebration as young people waved flages , blasted music from stereos and chatted online . the agreement on the final day of persian new year festivities .</p><p>the excitement came after a breakthrough nuclear deal with the united states and other world powers . iranians erupted in celebration as young people waved flags and chatted online .</p><p>Table <ref type="table">8</ref>: Generated summaries of two different lengths from the source document in Table <ref type="table">1</ref>.</p><p>Ablation Studies.We evaluate the effectiveness of the pretraining LAAM on LBD and length-aware attention mechanism.</p><p>Pretraining on LBD. Compared with LAAM only training on original datasets, PtLAAM performs better on R-2 and Var in Figure <ref type="figure" target="#fig_4">4</ref> and Figure <ref type="figure" target="#fig_3">3</ref>. The better R-2 scores indicates that the Pt-LAAM can select more important information with pretrained LAAM on our created dataset LBD. As one source document of LBD may have different extracted summaries within different length ranges, the model trained on LBD can learn to select different information from source document according to the length constraints. Besides, in LBD, the number of summaries with lengths in different ranges is balanced. PtLAAM gets lower Var, which denotes it can control length better. The Var scores in different length ranges are stable, which weakens the negative impact caused by the imbalanced length distribution of training data.</p><p>Length-aware attention mechanism, The lengthaware attention consists of Attn is and Attn eos . Table <ref type="table" target="#tab_8">9</ref> shows the results of LAAM test on gold length test with soft length control. Compared with LAAM, the LAAM without Attn is has a big drop in ROUGE scores and a small drop in Var score, demonstrating that Attn is mainly focuses on select information with length constraint. The LAAM without Attn eos gets the much lower Var scores but not much difference in ROUGE scores than LAAM, which means that Attn eos is useful in limiting the output length. LAAM outperforms its variant because of the effectiveness of length-aware attention mechanism. Thus, in our experiments, we use PtLAAM model, which trains LAAM with both Attn is and Attn eos on LBD first and then finetunes the original datasets, as our best approach. Table <ref type="table" target="#tab_9">10</ref> shows the performance of PtLAAM on ROUGE scores and Var on different datatsets are the best. For soft length control experiment, the ROUGE scores of different models are similar, because the lengths of summaries generated by BLPAS are longer than reference summary lengths (BLPAS has higher Var scores), which causes the generated summaries to match more tokens in the reference. Because ROUGE (F1) scores usually penalize summaries with longer lengths, PtLAAM, which controls the length better, is still better than other approaches. The lowest Var of our approaches means that our approach can better control summary length. In the hard length control experiment, the ROUGE scores of BLPAS drop a lot since the hard control shortens the length of summaries generated by BLPAS. The best performance of PtLAAM on ROUGE indicate PtLAAM learns to select information based on desired lengths. The ROUGE scores of our approaches are similar to those in soft length control experiment, which indicates our approaches are stable in controlling length. The LAAM performs worse than PtLAAM on ROUGE and Var denotes that the ability of LAAM to control length is impacted by length distribution of the training data. The pretraining on LBD is useful in generating high-quality summaries under desired summary length since the summaries are balanced in different length ranges of LBD.</p></div>
<div xmlns="http://www.tei-c.org/ns/1.0"><head n="3.7">Case Study</head><p>In this section, we analyze the performance of different models in controlling length.</p><p>Input Document a gym teacher in new hampshire has been accused of posing as a young girl on a social media site and persuading an elementary school student to share inappropriate images of herself ... police charged 34-year-old paul johnson-yarosevich of acton , maine , on monday with prohibited use of computer after they say they discovered he 'd been fooling a pre-teen girl into sending him inappropriate photos of herself by posing as a young girl on social media . authorities soon learned that the girl was sending the photos to a grown man ...</p></div>
<div xmlns="http://www.tei-c.org/ns/1.0"><head>Len</head><p>Generated summaries -BART police charged 34-year-old paul johnson-yarosevich of acton , maine , on monday with prohibited use of computer after they say they discovered he 'd been fooling a pre-teen girl into sending him inappropriate photos of herself by posing as a young girl on social media . authorities soon learned that the girl was sending the photos to a grown man .</p></div>
<div xmlns="http://www.tei-c.org/ns/1.0"><head>10</head><p>Exact police charged 34-year-old paul johnson-yarosevich of acton , maine , BLPAS police charged 34-year-old paul johnson-yarosevich of acton with prohibited use of a computer . LAAM paul was charged with prohibited use of a computer . PtLAAM Paul was prohibited use of computer for cheating .</p></div>
<div xmlns="http://www.tei-c.org/ns/1.0"><head>30</head><p>Exact police charged 34-year-old paul johnson-yarosevich of acton , maine , on monday with prohibited use of computer after they say they discovered he 'd been fooling a pre-teen girl .</p></div>
<div xmlns="http://www.tei-c.org/ns/1.0"><head>BLPAS</head><p>police charged 34-year-old paul johnson-yarosevich of acton , on monday with prohibited use of computer . the investigation started in december . after the father of a pre-teen girl told police about the contact . LAAM police charged 34-year-old paul on monday with prohibited use of computer after discovering he 'd been fooling a girl into sending him inappropriate photos of herself on social media . PtLAAM police charged paul , 34 , on monday with prohibited use of computer after discovering he 'd been fooling a pre-teen girl into sending him inappropriate photos on social media .  <ref type="table">1</ref> of various desired length Len. The italicized tokens repeat significant parts the shorter summaries. The red is the tokens longer than desired length.Here Exact refers to the BART using Exact at test, to be fair.</p><p>We use the example in Table <ref type="table" target="#tab_10">11</ref> to analyze different length-controllable methods since the summaries of this example generated by different models are obviously different in length control and information selection.</p><p>As shown in Table <ref type="table" target="#tab_10">11</ref>, BART itself cannot control the length of generated summaries. So, the length of the summary generated by BART is always much longer for covering more information from source document. After adding Exact at test time, BART can generate summary with length exactly the same as desired length. But, as a earlystop during decoding methods, Exact always produce incomplete summaries. The summary with 30 tokens of Exact repeats its summary with 10 tokens during generation. Because such methods ignore that the summaries with different lengths of one document should represent different information of source document. BLPAS tends to select more information with length constraints, which may generate summaries with length longer than desired length (the red part in Table <ref type="table" target="#tab_10">11</ref>). The lengths of summaries generated by LAAM and PtLAAM in Table <ref type="table" target="#tab_10">11</ref> are the same as the desired lengths.</p><p>Compared with PtLAAM, given the desired length as 10, LAAM loses the important information about the reason why Paul was charged as there are few training pairs with summary lengths as 10. PtLAAM pretrained on LBD can select information according to various desired lengths as the summary lengths in LBD are evenly distributed in different length ranges. The summaries with desired length as 30 of LAAM and PtLAAM are more similar than their summaries with desired length as 10. This is because there are many more summaries with length about 30 than those with length about 10 in original dataset. Thus, PtLAAM is more effective in generating summaries of lengths that do not appear in the original datasets.</p></div>
<div xmlns="http://www.tei-c.org/ns/1.0"><head n="4">Related Work</head><p>Previously, most length-controllable approaches in abstractive summarization focused on stoping decoding at a particular time. Ad-hoc <ref type="bibr" target="#b15">(Rush et al., 2015)</ref> generated the eos token by assigning a score of -∞ to the tokens in vocabulary and generated a fixed number of words. LenEmb and LenInit <ref type="bibr" target="#b6">(Kikuchi et al., 2016)</ref> input length embeddings to decoder respectively. <ref type="bibr" target="#b0">Bian et al. (2019)</ref> took LenEmb and LenInit as an agent and adjusted the reward incorporating with the desired length. LC <ref type="bibr" target="#b11">(Liu et al., 2018)</ref> added the desired length into the first layer of CNN encoder. GOLC <ref type="bibr" target="#b12">(Makino et al., 2019)</ref> optimized LenEmb and LC by formalizing loss with an overlength penalty. <ref type="bibr" target="#b4">Fan et al. (2018)</ref> predefined some special markers to denote different length ranges and prepended the input with such markers during training and test-ing. Takase and (2019) extended the sinusoidal positional encoding <ref type="bibr" target="#b21">(Vaswani et al., 2017)</ref> to take account of stepwise remaining length. LenAtten <ref type="bibr" target="#b22">(Yu et al., 2021)</ref> added a length attention unit to exploit proper length information based on the stepwise remaining length.</p><p>Other length-controllable approaches decided the content to be summarized by length-aware intermediate summaries. LPAS <ref type="bibr" target="#b16">(Saito et al., 2020)</ref> extracted a word sequence with the desired length from source document and generated summary by a non-length-controllable model with document and extracted summary as input. MLS <ref type="bibr" target="#b17">(Sarkhel et al., 2020)</ref> generated a general summary and then input it to a length-controllable model.</p><p>Compared with previous methods, our approach can effectively control the length of generated summaries by pretraining the length-controllable information selection model on length-balanced dataset. Meanwhile, it can generate summaries with length approximate to the desired length in zero-shot controlling length problem.</p><p>Recently, the approaches fine-tune the pretrained transformer seq2seq models <ref type="bibr" target="#b7">(Lewis et al., 2020;</ref><ref type="bibr" target="#b23">Zhang et al., 2020;</ref><ref type="bibr" target="#b3">Dou et al., 2021;</ref><ref type="bibr">Liu and Liu, 2021)</ref> on summarization datasets. They achieve outstanding performances on summarization tasks. Our approach is applied to transformer seq2seq model, which is orthogonal to above pretrained transformer models and can be added to them.</p></div>
<div xmlns="http://www.tei-c.org/ns/1.0"><head n="5">Conclusion</head><p>We present a novel approach to produce summaries in desired length that are fluent and coherent. This approach pretrains a transformer seq2seq model whose cross attention between input and output are re-normalized accordingly to the length requirement. The pretraining is done over synthetic summarization data extracted from the original training set but with summary lengths evenly distributed. Our results show that the framework achieves a good balance between information selection from input documents and length control when producing summaries.</p></div><figure xmlns="http://www.tei-c.org/ns/1.0" xml:id="fig_0"><head>Figure 1 :</head><label>1</label><figDesc>Figure 1: Overview of LAAM on Transformer Seq2seq. The bold values are boosted attention scores. The shadow boxes denote the attention scores of eos.</figDesc><graphic coords="3,70.86,219.34,218.27,90.91" type="bitmap" /></figure>
<figure xmlns="http://www.tei-c.org/ns/1.0" xml:id="fig_1"><head></head><label></label><figDesc>|T |. S(b) is the subset of T , including LCPs with extracted summaries with length in b. We add top |T |/k extractive summaries (length ∈ b) with the highest R-1 recall and their source documents to S(b), which makes the summaries equally distributed in the bins or length ranges. The details are in Algorithm 1. Algorithm 1 Creating Training Set of LBD Input: the training set T Output: the training set T 1: rec() computes the R-1 recall score between two texts. 2: len() computes the length of token sequence. 3: for each training pair (src, ref ) ∈ T do 4: src = {s0, s1, ...}, where st is the t th sentence in src.</figDesc></figure>
<figure xmlns="http://www.tei-c.org/ns/1.0" xml:id="fig_2"><head>Figure 2 :</head><label>2</label><figDesc>Figure 2: Variance of generated summary lengths in gold length test with soft length control.</figDesc><graphic coords="6,311.86,75.83,100.81,70.46" type="bitmap" /></figure>
<figure xmlns="http://www.tei-c.org/ns/1.0" xml:id="fig_3"><head>Figure 3 :</head><label>3</label><figDesc>Figure 3: Var and R-2(F1) scores of gold length test with soft length control on divided test sets.</figDesc><graphic coords="6,306.14,456.81,218.28,189.42" type="bitmap" /></figure>
<figure xmlns="http://www.tei-c.org/ns/1.0" xml:id="fig_4"><head>Figure 4 :</head><label>4</label><figDesc>Figure 4: Var and R-2 (Pre) of arbitrary length test with soft length control on complete test sets.</figDesc><graphic coords="7,76.31,325.58,207.36,148.78" type="bitmap" /></figure>
<figure xmlns="http://www.tei-c.org/ns/1.0" type="table" xml:id="tab_0"><head>Table 2 :</head><label>2</label><figDesc>The summaries generated by different models.</figDesc><table /></figure>
<figure xmlns="http://www.tei-c.org/ns/1.0" type="table" xml:id="tab_2"><head>Table 3 :</head><label>3</label><figDesc>The abbreviation and description of methods.</figDesc><table /></figure>
<figure xmlns="http://www.tei-c.org/ns/1.0" type="table" xml:id="tab_3"><head></head><label></label><figDesc><ref type="bibr" target="#b16">and Saito et al. (2020)</ref> to segment datasets by different length ranges and set the discrete bins B of summary length ranges in Sec. 2.3. The B of CNNDM is B The length distribution of the datasets is in Table4. During training, we set the lengths of gold summaries as desired lengths and take them as input. During test, there are two different setups. The gold length test<ref type="bibr" target="#b16">(Saito et al., 2020)</ref> asks the models to generate summaries with desired lengths equal to the reference summaries. The arbitrary length test asks the models to generate summaries with arbitrary lengths, regardless of the reference summary lengths. The output lengths are set at 10, 30, 50, 70 and 90 for CNNDM and at 10, 30 and 50 for XSUM due to the latter's shorter summaries.</figDesc><table /><note>c = {(0, 10], (10, 30], ..., (90, +∞)} and that of XSUM is B x = {(0, 10], (10, 30], (30, +∞)}. 3 B x has only 3 ranges as the summaries in XSUM are shorter. In zero-shot length control experiments, test length ranges for CNNDM and XSUM is (0, 30] and (0, 10], containing 488 and 176 samples respectively.</note></figure>
<figure xmlns="http://www.tei-c.org/ns/1.0" type="table" xml:id="tab_5"><head>Table 4 :</head><label>4</label><figDesc>Length distributions of two datasets.</figDesc><table /></figure>
<figure xmlns="http://www.tei-c.org/ns/1.0" type="table" xml:id="tab_6"><head>Table 5 :</head><label>5</label><figDesc>Gold length test with soft length control. The LAAM and PtLAAM are statistically significantly better than BLPAS with p&lt;0.05 according to t-test.</figDesc><table><row><cell>Data</cell><cell>Model</cell><cell>Gram.</cell><cell>Info.</cell><cell>Overall</cell></row><row><cell></cell><cell>Gold</cell><cell>4.6</cell><cell>4.3</cell><cell>4.1</cell></row><row><cell>CNNDM</cell><cell>BART</cell><cell>3.8</cell><cell>2.7</cell><cell>2.2</cell></row><row><cell></cell><cell>BLPAS</cell><cell>3.3</cell><cell>2.9</cell><cell>2.8</cell></row><row><cell></cell><cell>PtLAAM</cell><cell>4.0</cell><cell>3.4</cell><cell>3.3</cell></row><row><cell></cell><cell>Gold</cell><cell>4.8</cell><cell>3.7</cell><cell>4.5</cell></row><row><cell>XSUM</cell><cell>BART</cell><cell>3.0</cell><cell>2.9</cell><cell>2.0</cell></row><row><cell></cell><cell>BLPAS</cell><cell>2.1</cell><cell>2.3</cell><cell>2.3</cell></row><row><cell></cell><cell>PtLAAM</cell><cell>3.4</cell><cell>3.0</cell><cell>2.9</cell></row></table></figure>
<figure xmlns="http://www.tei-c.org/ns/1.0" type="table" xml:id="tab_7"><head>Table 6 :</head><label>6</label><figDesc>Human evaluation. Average Cohen's Kappa is 0.62 among judges, indicating good agreement.</figDesc><table /><note>via released code in https://github.com/pytorch/ fairseq/. Due to incompleteness of the data preprocessing code and possible variance in computing resources and parameters, the results of BART in Table5are slightly lower than published version but similar to the numbers reported by others, such as https://github.com/pytorch/ fairseq/issues/2541.</note></figure>
<figure xmlns="http://www.tei-c.org/ns/1.0" type="table" xml:id="tab_8"><head>Table 9 :</head><label>9</label><figDesc>Usefulness of two kinds of attentions.</figDesc><table><row><cell>Data</cell><cell cols="2">Model</cell><cell>R-1</cell><cell>R-2</cell><cell>R-L</cell><cell>Var(%)</cell></row><row><cell></cell><cell>LAAM</cell><cell></cell><cell>43.63</cell><cell>20.76</cell><cell>40.63</cell><cell>0.05</cell></row><row><cell>CNNDM</cell><cell cols="2">w/o Attnis</cell><cell>42.77</cell><cell>19.32</cell><cell>39.13</cell><cell>0.06</cell></row><row><cell></cell><cell cols="2">w/o Attneos</cell><cell>43.10</cell><cell>20.17</cell><cell>37.45</cell><cell>0.13</cell></row><row><cell></cell><cell>LAAM</cell><cell></cell><cell>45.38</cell><cell>21.77</cell><cell>36.64</cell><cell>0.03</cell></row><row><cell>XSUM</cell><cell cols="2">w/o Attnis</cell><cell>43.45</cell><cell>20.64</cell><cell>34.79</cell><cell>0.03</cell></row><row><cell></cell><cell cols="2">w/o Attneos</cell><cell>44.62</cell><cell>21.32</cell><cell>35.03</cell><cell>0.08</cell></row><row><cell cols="7">3.6 Experiment 2: Zero-shot Length Control</cell></row><row><cell cols="7">In this experiment, we use the modified dataset for</cell></row><row><cell cols="7">zero-shot length control (Sec. 3.3). Zero-shot task</cell></row><row><cell cols="7">can test a model's ability to generalize to summary</cell></row><row><cell cols="7">lengths that it has never seen in the original training</cell></row><row><cell cols="2">data before.</cell><cell></cell><cell></cell><cell></cell><cell></cell><cell></cell></row><row><cell>Dataset</cell><cell cols="2">Length Approach</cell><cell>R-1</cell><cell>R-2</cell><cell>R-L</cell><cell>Var(%)</cell></row><row><cell></cell><cell></cell><cell cols="2">Soft length control</cell><cell></cell><cell></cell><cell></cell></row><row><cell></cell><cell></cell><cell>BLPAS</cell><cell>33.04</cell><cell>14.83</cell><cell>29.42</cell><cell>0.14</cell></row><row><cell cols="2">CNNDM (0, 30]</cell><cell>LAAM</cell><cell>33.52</cell><cell>15.20</cell><cell>30.54</cell><cell>0.05</cell></row><row><cell></cell><cell></cell><cell>PtLAAM</cell><cell>33.65</cell><cell>15.77</cell><cell>31.26</cell><cell>0.03</cell></row><row><cell></cell><cell></cell><cell>BLPAS</cell><cell>34.37</cell><cell>19.54</cell><cell>31.66</cell><cell>0.10</cell></row><row><cell>XSUM</cell><cell>(0, 10]</cell><cell>LAAM</cell><cell>34.49</cell><cell>20.07</cell><cell>32.10</cell><cell>0.03</cell></row><row><cell></cell><cell></cell><cell>PtLAAM</cell><cell>35.16</cell><cell>20.55</cell><cell>32.47</cell><cell>0.02</cell></row><row><cell></cell><cell></cell><cell cols="3">Hard length control</cell><cell></cell><cell></cell></row><row><cell></cell><cell></cell><cell>BLPAS</cell><cell>30.25</cell><cell>12.51</cell><cell>26.98</cell><cell>-</cell></row><row><cell cols="2">CNNDM (0, 30]</cell><cell>LAAM</cell><cell>33.64</cell><cell>15.23</cell><cell>30.76</cell><cell>-</cell></row><row><cell></cell><cell></cell><cell>PtLAAM</cell><cell>33.78</cell><cell>15.89</cell><cell>31.30</cell><cell>-</cell></row><row><cell></cell><cell></cell><cell>BLPAS</cell><cell>32.55</cell><cell>17.16</cell><cell>29.52</cell><cell>-</cell></row><row><cell>XSUM</cell><cell>(0, 10]</cell><cell>LAAM</cell><cell>34.83</cell><cell>20.15</cell><cell>32.10</cell><cell>-</cell></row><row><cell></cell><cell></cell><cell>PtLAAM</cell><cell>35.16</cell><cell>20.58</cell><cell>32.49</cell><cell>-</cell></row></table></figure>
<figure xmlns="http://www.tei-c.org/ns/1.0" type="table" xml:id="tab_9"><head>Table 10 :</head><label>10</label><figDesc>Results of zero-shot length control.</figDesc><table /></figure>
<figure xmlns="http://www.tei-c.org/ns/1.0" type="table" xml:id="tab_10"><head>Table 11 :</head><label>11</label><figDesc>The generated summaries of Table</figDesc><table /></figure>
			<note xmlns="http://www.tei-c.org/ns/1.0" place="foot" n="1" xml:id="foot_0">Data and source code are available at: https:// github.com/YizhuLiu/lengthcontrol.</note>
			<note xmlns="http://www.tei-c.org/ns/1.0" place="foot" n="2" xml:id="foot_1">In rest of this paper, LAAM refers to BART using LAAM as cross-attention, for simplicity.</note>
			<note xmlns="http://www.tei-c.org/ns/1.0" place="foot" n="3" xml:id="foot_2">Because historically, to test length control abilities, the test sets of the datasets are split into some predefined ranges, in this work, we adopt the same ranges in creating the bins.</note>
			<note xmlns="http://www.tei-c.org/ns/1.0" place="foot" n="4" xml:id="foot_3">We fine-tune the bart.large on CNNDM and XSUM</note>
		</body>
		<back>

			<div type="funding">
<div xmlns="http://www.tei-c.org/ns/1.0"><p>supported by NSFC Grant No. 91646205, and SJTU-CMBCC Joint Research Scheme.</p></div>
			</div>

			<div type="references">

				<listBibl>

<biblStruct xml:id="b0">
	<monogr>
		<author>
			<persName><forename type="first">References</forename><surname>Junyi Bian</surname></persName>
		</author>
		<author>
			<persName><forename type="first">Baojun</forename><surname>Lin</surname></persName>
		</author>
		<author>
			<persName><forename type="first">Ke</forename><surname>Zhang</surname></persName>
		</author>
		<author>
			<persName><forename type="first">Zhaohui</forename><surname>Yan</surname></persName>
		</author>
		<author>
			<persName><forename type="first">Hong</forename><surname>Tang</surname></persName>
		</author>
		<author>
			<persName><forename type="first">Yonghe</forename><surname>Zhang</surname></persName>
		</author>
		<idno type="arXiv">arXiv:1909.09492</idno>
		<title level="m">Controllable length control neural encoder-decoder via reinforcement learning</title>
				<imprint>
			<date type="published" when="2019">2019</date>
		</imprint>
	</monogr>
	<note type="report_type">arXiv preprint</note>
	<note type="raw_reference">References Junyi Bian, Baojun Lin, Ke Zhang, Zhaohui Yan, Hong Tang, and Yonghe Zhang. 2019. Controllable length control neural encoder-decoder via reinforcement learning. arXiv preprint arXiv:1909.09492.</note>
</biblStruct>

<biblStruct xml:id="b1">
	<analytic>
		<title level="a" type="main">Deep communicating agents for abstractive summarization</title>
		<author>
			<persName><forename type="first">Asli</forename><surname>Çelikyilmaz</surname></persName>
		</author>
		<author>
			<persName><forename type="first">Antoine</forename><surname>Bosselut</surname></persName>
		</author>
		<author>
			<persName><forename type="first">Xiaodong</forename><surname>He</surname></persName>
		</author>
		<author>
			<persName><forename type="first">Yejin</forename><surname>Choi</surname></persName>
		</author>
	</analytic>
	<monogr>
		<title level="m">Proceedings of the 2018 Conference of the North American Chapter of the Association for Computational Linguistics: Human Language Technologies, NAACL-HLT</title>
				<meeting>the 2018 Conference of the North American Chapter of the Association for Computational Linguistics: Human Language Technologies, NAACL-HLT</meeting>
		<imprint>
			<date type="published" when="2018">2018. 2018</date>
		</imprint>
	</monogr>
	<note type="raw_reference">Asli Çelikyilmaz, Antoine Bosselut, Xiaodong He, and Yejin Choi. 2018. Deep communicating agents for abstractive summarization. In Proceedings of the 2018 Conference of the North American Chapter of the Association for Computational Linguistics: Hu- man Language Technologies, NAACL-HLT 2018.</note>
</biblStruct>

<biblStruct xml:id="b2">
	<analytic>
		<title level="a" type="main">Unified language model pre-training for natural language understanding and generation</title>
		<author>
			<persName><forename type="first">Li</forename><surname>Dong</surname></persName>
		</author>
		<author>
			<persName><forename type="first">Nan</forename><surname>Yang</surname></persName>
		</author>
		<author>
			<persName><forename type="first">Wenhui</forename><surname>Wang</surname></persName>
		</author>
		<author>
			<persName><forename type="first">Furu</forename><surname>Wei</surname></persName>
		</author>
		<author>
			<persName><forename type="first">Xiaodong</forename><surname>Liu</surname></persName>
		</author>
		<author>
			<persName><forename type="first">Yu</forename><surname>Wang</surname></persName>
		</author>
		<author>
			<persName><forename type="first">Jianfeng</forename><surname>Gao</surname></persName>
		</author>
		<author>
			<persName><forename type="first">Ming</forename><surname>Zhou</surname></persName>
		</author>
		<author>
			<persName><forename type="first">Hsiao-Wuen</forename><surname>Hon</surname></persName>
		</author>
	</analytic>
	<monogr>
		<title level="m">Advances in Neural Information Processing Systems 32: Annual Conference on Neural Information Processing Systems</title>
				<meeting><address><addrLine>NeurIPS; Vancouver, BC, Canada</addrLine></address></meeting>
		<imprint>
			<date type="published" when="2019-12-14">2019. 2019. 2019, 8-14 December 2019</date>
		</imprint>
	</monogr>
	<note type="raw_reference">Li Dong, Nan Yang, Wenhui Wang, Furu Wei, Xi- aodong Liu, Yu Wang, Jianfeng Gao, Ming Zhou, and Hsiao-Wuen Hon. 2019. Unified language model pre-training for natural language understand- ing and generation. In Advances in Neural Infor- mation Processing Systems 32: Annual Conference on Neural Information Processing Systems 2019, NeurIPS 2019, 8-14 December 2019, Vancouver, BC, Canada.</note>
</biblStruct>

<biblStruct xml:id="b3">
	<analytic>
		<title level="a" type="main">Gsum: A general framework for guided neural abstractive summarization</title>
		<author>
			<persName><forename type="first">Zi-Yi</forename><surname>Dou</surname></persName>
		</author>
		<author>
			<persName><forename type="first">Pengfei</forename><surname>Liu</surname></persName>
		</author>
		<author>
			<persName><forename type="first">Hiroaki</forename><surname>Hayashi</surname></persName>
		</author>
		<author>
			<persName><forename type="first">Zhengbao</forename><surname>Jiang</surname></persName>
		</author>
		<author>
			<persName><forename type="first">Graham</forename><surname>Neubig</surname></persName>
		</author>
	</analytic>
	<monogr>
		<title level="m">Conference of the North American Chapter of the Association for Computational Linguistics (NAACL)</title>
				<imprint>
			<date type="published" when="2021">2021</date>
		</imprint>
	</monogr>
	<note type="raw_reference">Zi-Yi Dou, Pengfei Liu, Hiroaki Hayashi, Zhengbao Jiang, and Graham Neubig. 2021. Gsum: A general framework for guided neural abstractive summariza- tion. In Conference of the North American Chap- ter of the Association for Computational Linguistics (NAACL).</note>
</biblStruct>

<biblStruct xml:id="b4">
	<analytic>
		<title level="a" type="main">Controllable abstractive summarization</title>
		<author>
			<persName><forename type="first">Angela</forename><surname>Fan</surname></persName>
		</author>
		<author>
			<persName><forename type="first">David</forename><surname>Grangier</surname></persName>
		</author>
		<author>
			<persName><forename type="first">Michael</forename><surname>Auli</surname></persName>
		</author>
	</analytic>
	<monogr>
		<title level="m">Proceedings of the 2nd Workshop on Neural Machine Translation and Generation, NMT@ACL</title>
				<meeting>the 2nd Workshop on Neural Machine Translation and Generation, NMT@ACL</meeting>
		<imprint>
			<date type="published" when="2018">2018. 2018</date>
		</imprint>
	</monogr>
	<note type="raw_reference">Angela Fan, David Grangier, and Michael Auli. 2018. Controllable abstractive summarization. In Proceed- ings of the 2nd Workshop on Neural Machine Trans- lation and Generation, NMT@ACL 2018.</note>
</biblStruct>

<biblStruct xml:id="b5">
	<analytic>
		<title level="a" type="main">Teaching machines to read and comprehend</title>
		<author>
			<persName><forename type="first">Karl</forename><surname>Moritz Hermann</surname></persName>
		</author>
		<author>
			<persName><forename type="first">Tomás</forename><surname>Kociský</surname></persName>
		</author>
		<author>
			<persName><forename type="first">Edward</forename><surname>Grefenstette</surname></persName>
		</author>
		<author>
			<persName><forename type="first">Lasse</forename><surname>Espeholt</surname></persName>
		</author>
		<author>
			<persName><forename type="first">Will</forename><surname>Kay</surname></persName>
		</author>
		<author>
			<persName><forename type="first">Mustafa</forename><surname>Suleyman</surname></persName>
		</author>
		<author>
			<persName><forename type="first">Phil</forename><surname>Blunsom</surname></persName>
		</author>
	</analytic>
	<monogr>
		<title level="m">Advances in Neural Information Processing Systems 28: Annual Conference on Neural Information Processing Systems</title>
				<imprint>
			<date type="published" when="2015">2015. 2015</date>
		</imprint>
	</monogr>
	<note type="raw_reference">Karl Moritz Hermann, Tomás Kociský, Edward Grefen- stette, Lasse Espeholt, Will Kay, Mustafa Suleyman, and Phil Blunsom. 2015. Teaching machines to read and comprehend. In Advances in Neural Informa- tion Processing Systems 28: Annual Conference on Neural Information Processing Systems 2015.</note>
</biblStruct>

<biblStruct xml:id="b6">
	<analytic>
		<title level="a" type="main">Controlling output length in neural encoder-decoders</title>
		<author>
			<persName><forename type="first">Yuta</forename><surname>Kikuchi</surname></persName>
		</author>
		<author>
			<persName><forename type="first">Graham</forename><surname>Neubig</surname></persName>
		</author>
		<author>
			<persName><forename type="first">Ryohei</forename><surname>Sasano</surname></persName>
		</author>
		<author>
			<persName><forename type="first">Hiroya</forename><surname>Takamura</surname></persName>
		</author>
		<author>
			<persName><forename type="first">Manabu</forename><surname>Okumura</surname></persName>
		</author>
	</analytic>
	<monogr>
		<title level="m">Proceedings of the 2016 Conference on Empirical Methods in Natural Language Processing</title>
				<meeting>the 2016 Conference on Empirical Methods in Natural Language Processing</meeting>
		<imprint>
			<date type="published" when="2016">2016. 2016</date>
		</imprint>
	</monogr>
	<note type="raw_reference">Yuta Kikuchi, Graham Neubig, Ryohei Sasano, Hiroya Takamura, and Manabu Okumura. 2016. Control- ling output length in neural encoder-decoders. In Proceedings of the 2016 Conference on Empirical Methods in Natural Language Processing, EMNLP 2016.</note>
</biblStruct>

<biblStruct xml:id="b7">
	<analytic>
		<title level="a" type="main">BART: denoising sequence-to-sequence pretraining for natural language generation, translation, and comprehension</title>
		<author>
			<persName><forename type="first">Mike</forename><surname>Lewis</surname></persName>
		</author>
		<author>
			<persName><forename type="first">Yinhan</forename><surname>Liu</surname></persName>
		</author>
		<author>
			<persName><forename type="first">Naman</forename><surname>Goyal ; Abdelrahman Mohamed</surname></persName>
		</author>
		<author>
			<persName><forename type="first">Omer</forename><surname>Levy</surname></persName>
		</author>
		<author>
			<persName><forename type="first">Veselin</forename><surname>Stoyanov</surname></persName>
		</author>
		<author>
			<persName><forename type="first">Luke</forename><surname>Zettlemoyer</surname></persName>
		</author>
	</analytic>
	<monogr>
		<title level="m">Proceedings of the 58th Annual Meeting of the</title>
				<meeting>the 58th Annual Meeting of the</meeting>
		<imprint>
			<publisher>Association for Computational Linguistics</publisher>
			<date type="published" when="2020">Marjan Ghazvininejad,. 2020</date>
			<biblScope unit="volume">2020</biblScope>
		</imprint>
	</monogr>
	<note type="raw_reference">Mike Lewis, Yinhan Liu, Naman Goyal, Mar- jan Ghazvininejad, Abdelrahman Mohamed, Omer Levy, Veselin Stoyanov, and Luke Zettlemoyer. 2020. BART: denoising sequence-to-sequence pre- training for natural language generation, translation, and comprehension. In Proceedings of the 58th An- nual Meeting of the Association for Computational Linguistics, ACL 2020.</note>
</biblStruct>

<biblStruct xml:id="b8">
	<monogr>
		<title level="m" type="main">Rouge: a package for automatic evaluation of summaries</title>
		<author>
			<persName><forename type="first">Chin-Yew</forename><surname>Lin</surname></persName>
		</author>
		<imprint>
			<date type="published" when="2004">2004</date>
			<publisher>Text Summarization Branches Out</publisher>
		</imprint>
	</monogr>
	<note type="raw_reference">Chin-Yew Lin. 2004. Rouge: a package for auto- matic evaluation of summaries. Text Summarization Branches Out.</note>
</biblStruct>

<biblStruct xml:id="b9">
	<analytic>
		<title level="a" type="main">Simcls: A simple framework for contrastive learning of abstractive summarization</title>
		<author>
			<persName><forename type="first">Yixin</forename><surname>Liu</surname></persName>
		</author>
		<author>
			<persName><forename type="first">Pengfei</forename><surname>Liu</surname></persName>
		</author>
	</analytic>
	<monogr>
		<title level="m">Proceedings of the 59th Annual Meeting of the Association for Computational Linguistics and the 11th International Joint Conference on Natural Language Processing, ACL/IJC-NLP 2021</title>
				<meeting>the 59th Annual Meeting of the Association for Computational Linguistics and the 11th International Joint Conference on Natural Language Processing, ACL/IJC-NLP 2021</meeting>
		<imprint>
			<publisher>Association for Computational Linguistics</publisher>
			<date type="published" when="2021-08-01">2021. August 1-6, 2021</date>
			<biblScope unit="volume">2</biblScope>
			<biblScope unit="page" from="1065" to="1072" />
		</imprint>
	</monogr>
	<note>Virtual Event</note>
	<note type="raw_reference">Yixin Liu and Pengfei Liu. 2021. Simcls: A sim- ple framework for contrastive learning of abstrac- tive summarization. In Proceedings of the 59th An- nual Meeting of the Association for Computational Linguistics and the 11th International Joint Con- ference on Natural Language Processing, ACL/IJC- NLP 2021, (Volume 2: Short Papers), Virtual Event, August 1-6, 2021, pages 1065-1072. Association for Computational Linguistics.</note>
</biblStruct>

<biblStruct xml:id="b10">
	<analytic>
		<title level="a" type="main">Keywordaware abstractive summarization by extracting setlevel intermediate summaries</title>
		<author>
			<persName><forename type="first">Yizhu</forename><surname>Liu</surname></persName>
		</author>
		<author>
			<persName><forename type="first">Qi</forename><surname>Jia</surname></persName>
		</author>
		<author>
			<persName><forename type="first">Kenny</forename><forename type="middle">Q</forename><surname>Zhu</surname></persName>
		</author>
	</analytic>
	<monogr>
		<title level="m">WWW &apos;21: The Web Conference 2021, Virtual Event / Ljubljana</title>
				<meeting><address><addrLine>Slovenia</addrLine></address></meeting>
		<imprint>
			<publisher>ACM / IW3C2</publisher>
			<date type="published" when="2021-04-19">2021. April 19-23, 2021</date>
		</imprint>
	</monogr>
	<note type="raw_reference">Yizhu Liu, Qi Jia, and Kenny Q. Zhu. 2021. Keyword- aware abstractive summarization by extracting set- level intermediate summaries. In WWW &apos;21: The Web Conference 2021, Virtual Event / Ljubljana, Slovenia, April 19-23, 2021. ACM / IW3C2.</note>
</biblStruct>

<biblStruct xml:id="b11">
	<analytic>
		<title level="a" type="main">Controlling length in abstractive summarization using a convolutional neural network</title>
		<author>
			<persName><forename type="first">Yizhu</forename><surname>Liu</surname></persName>
		</author>
		<author>
			<persName><forename type="first">Zhiyi</forename><surname>Luo</surname></persName>
		</author>
		<author>
			<persName><forename type="first">Kenny</forename><forename type="middle">Q</forename><surname>Zhu</surname></persName>
		</author>
	</analytic>
	<monogr>
		<title level="m">Proceedings of the 2018 Conference on Empirical Methods in Natural Language Processing</title>
				<meeting>the 2018 Conference on Empirical Methods in Natural Language Processing</meeting>
		<imprint>
			<date type="published" when="2018">2018</date>
		</imprint>
	</monogr>
	<note type="raw_reference">Yizhu Liu, Zhiyi Luo, and Kenny Q. Zhu. 2018. Con- trolling length in abstractive summarization using a convolutional neural network. In Proceedings of the 2018 Conference on Empirical Methods in Natural Language Processing.</note>
</biblStruct>

<biblStruct xml:id="b12">
	<analytic>
		<title level="a" type="main">Global optimization under length constraint for neural text summarization</title>
		<author>
			<persName><forename type="first">Takuya</forename><surname>Makino</surname></persName>
		</author>
		<author>
			<persName><forename type="first">Tomoya</forename><surname>Iwakura</surname></persName>
		</author>
		<author>
			<persName><forename type="first">Hiroya</forename><surname>Takamura</surname></persName>
		</author>
		<author>
			<persName><forename type="first">Manabu</forename><surname>Okumura</surname></persName>
		</author>
	</analytic>
	<monogr>
		<title level="m">Proceedings of the 57th Annual Meeting of the Association for Computational Linguistics</title>
				<meeting>the 57th Annual Meeting of the Association for Computational Linguistics</meeting>
		<imprint>
			<publisher>Association for Computational Linguistics</publisher>
			<date type="published" when="2019">2019</date>
		</imprint>
	</monogr>
	<note type="raw_reference">Takuya Makino, Tomoya Iwakura, Hiroya Takamura, and Manabu Okumura. 2019. Global optimization under length constraint for neural text summariza- tion. In Proceedings of the 57th Annual Meeting of the Association for Computational Linguistics. As- sociation for Computational Linguistics.</note>
</biblStruct>

<biblStruct xml:id="b13">
	<analytic>
		<title level="a" type="main">Abstractive text summarization using sequence-tosequence rnns and beyond</title>
		<author>
			<persName><forename type="first">Ramesh</forename><surname>Nallapati</surname></persName>
		</author>
		<author>
			<persName><forename type="first">Bowen</forename><surname>Zhou</surname></persName>
		</author>
	</analytic>
	<monogr>
		<title level="m">Proceedings of the 20th SIGNLL Conference on Computational Natural Language Learning</title>
				<meeting>the 20th SIGNLL Conference on Computational Natural Language Learning<address><addrLine>CoNLL</addrLine></address></meeting>
		<imprint>
			<date type="published" when="2016">2016. 2016</date>
		</imprint>
	</monogr>
	<note>Cícero Nogueira dos Santos, Çaglar Gülçehre, and Bing Xiang</note>
	<note type="raw_reference">Ramesh Nallapati, Bowen Zhou, Cícero Nogueira dos Santos, Çaglar Gülçehre, and Bing Xiang. 2016. Abstractive text summarization using sequence-to- sequence rnns and beyond. In Proceedings of the 20th SIGNLL Conference on Computational Natural Language Learning, CoNLL 2016.</note>
</biblStruct>

<biblStruct xml:id="b14">
	<analytic>
		<title level="a" type="main">Don&apos;t give me the details, just the summary! topic-aware convolutional neural networks for extreme summarization</title>
		<author>
			<persName><forename type="first">Shashi</forename><surname>Narayan</surname></persName>
		</author>
		<author>
			<persName><forename type="first">Shay</forename><forename type="middle">B</forename><surname>Cohen</surname></persName>
		</author>
		<author>
			<persName><forename type="first">Mirella</forename><surname>Lapata</surname></persName>
		</author>
	</analytic>
	<monogr>
		<title level="m">Proceedings of the 2018 Conference on Empirical Methods in Natural Language Processing</title>
				<meeting>the 2018 Conference on Empirical Methods in Natural Language Processing</meeting>
		<imprint>
			<date type="published" when="2018">2018</date>
		</imprint>
	</monogr>
	<note type="raw_reference">Shashi Narayan, Shay B Cohen, and Mirella Lapata. 2018. Don&apos;t give me the details, just the summary! topic-aware convolutional neural networks for ex- treme summarization. In Proceedings of the 2018 Conference on Empirical Methods in Natural Lan- guage Processing.</note>
</biblStruct>

<biblStruct xml:id="b15">
	<analytic>
		<title level="a" type="main">A neural attention model for abstractive sentence summarization</title>
		<author>
			<persName><forename type="first">Alexander</forename><forename type="middle">M</forename><surname>Rush</surname></persName>
		</author>
		<author>
			<persName><forename type="first">Sumit</forename><surname>Chopra</surname></persName>
		</author>
		<author>
			<persName><forename type="first">Jason</forename><surname>Weston</surname></persName>
		</author>
	</analytic>
	<monogr>
		<title level="m">Proceedings of the 2015 Conference on Empirical Methods in Natural Language Processing</title>
				<meeting>the 2015 Conference on Empirical Methods in Natural Language Processing</meeting>
		<imprint>
			<date type="published" when="2015">2015. 2015</date>
		</imprint>
	</monogr>
	<note type="raw_reference">Alexander M. Rush, Sumit Chopra, and Jason Weston. 2015. A neural attention model for abstractive sen- tence summarization. In Proceedings of the 2015 Conference on Empirical Methods in Natural Lan- guage Processing, EMNLP 2015.</note>
</biblStruct>

<biblStruct xml:id="b16">
	<monogr>
		<author>
			<persName><forename type="first">Itsumi</forename><surname>Saito</surname></persName>
		</author>
		<author>
			<persName><forename type="first">Kyosuke</forename><surname>Nishida</surname></persName>
		</author>
		<author>
			<persName><forename type="first">Kosuke</forename><surname>Nishida</surname></persName>
		</author>
		<author>
			<persName><forename type="first">Atsushi</forename><surname>Otsuka</surname></persName>
		</author>
		<author>
			<persName><forename type="first">Hisako</forename><surname>Asano</surname></persName>
		</author>
		<author>
			<persName><forename type="first">Junji</forename><surname>Tomita</surname></persName>
		</author>
		<author>
			<persName><forename type="first">Hiroyuki</forename><surname>Shindo</surname></persName>
		</author>
		<author>
			<persName><forename type="first">Yuji</forename><surname>Matsumoto</surname></persName>
		</author>
		<idno type="arXiv">arXiv:2001.07331</idno>
		<title level="m">Lengthcontrollable abstractive summarization by guiding with summary prototype</title>
				<imprint>
			<date type="published" when="2020">2020</date>
		</imprint>
	</monogr>
	<note type="report_type">arXiv preprint</note>
	<note type="raw_reference">Itsumi Saito, Kyosuke Nishida, Kosuke Nishida, At- sushi Otsuka, Hisako Asano, Junji Tomita, Hi- royuki Shindo, and Yuji Matsumoto. 2020. Length- controllable abstractive summarization by guid- ing with summary prototype. arXiv preprint arXiv:2001.07331.</note>
</biblStruct>

<biblStruct xml:id="b17">
	<analytic>
		<title level="a" type="main">Interpretable multiheaded attention for abstractive summarization at controllable lengths</title>
		<author>
			<persName><forename type="first">Ritesh</forename><surname>Sarkhel</surname></persName>
		</author>
		<author>
			<persName><forename type="first">Moniba</forename><surname>Keymanesh</surname></persName>
		</author>
		<author>
			<persName><forename type="first">Arnab</forename><surname>Nandi</surname></persName>
		</author>
		<author>
			<persName><forename type="first">Srinivasan</forename><surname>Parthasarathy</surname></persName>
		</author>
	</analytic>
	<monogr>
		<title level="m">Proceedings of the 28th International Conference on Computational Linguistics</title>
				<meeting>the 28th International Conference on Computational Linguistics</meeting>
		<imprint>
			<date type="published" when="2020">2020</date>
		</imprint>
	</monogr>
	<note type="raw_reference">Ritesh Sarkhel, Moniba Keymanesh, Arnab Nandi, and Srinivasan Parthasarathy. 2020. Interpretable multi- headed attention for abstractive summarization at controllable lengths. In Proceedings of the 28th In- ternational Conference on Computational Linguis- tics.</note>
</biblStruct>

<biblStruct xml:id="b18">
	<analytic>
		<title level="a" type="main">Get to the point: Summarization with pointergenerator networks</title>
		<author>
			<persName><forename type="first">Abigail</forename><surname>See</surname></persName>
		</author>
		<author>
			<persName><forename type="first">Peter</forename><forename type="middle">J</forename><surname>Liu</surname></persName>
		</author>
		<author>
			<persName><forename type="first">Christopher</forename><forename type="middle">D</forename><surname>Manning</surname></persName>
		</author>
	</analytic>
	<monogr>
		<title level="m">Proceedings of the 55th Annual Meeting of the</title>
				<meeting>the 55th Annual Meeting of the</meeting>
		<imprint>
			<publisher>Association for Computational Linguistics</publisher>
			<date type="published" when="2017">2017. 2017</date>
		</imprint>
	</monogr>
	<note type="raw_reference">Abigail See, Peter J. Liu, and Christopher D. Manning. 2017. Get to the point: Summarization with pointer- generator networks. In Proceedings of the 55th An- nual Meeting of the Association for Computational Linguistics, ACL 2017.</note>
</biblStruct>

<biblStruct xml:id="b19">
	<monogr>
		<title level="m" type="main">Pretrained summarization distillation</title>
		<author>
			<persName><forename type="first">Sam</forename><surname>Shleifer</surname></persName>
		</author>
		<author>
			<persName><forename type="first">Alexander</forename><forename type="middle">M</forename><surname>Rush</surname></persName>
		</author>
		<imprint>
			<date type="published" when="2020">2020</date>
		</imprint>
	</monogr>
	<note type="raw_reference">Sam Shleifer and Alexander M. Rush. 2020. Pre- trained summarization distillation.</note>
</biblStruct>

<biblStruct xml:id="b20">
	<analytic>
		<title level="a" type="main">Positional encoding to control output sequence length</title>
		<author>
			<persName><forename type="first">Sho</forename><surname>Takase</surname></persName>
		</author>
		<author>
			<persName><forename type="first">Naoaki</forename><surname>Okazaki</surname></persName>
		</author>
	</analytic>
	<monogr>
		<title level="m">Proceedings of the 2019 Conference of the North American Chapter of the Association for Computational Linguistics: Human Language Technologies</title>
		<title level="s">Long and Short Papers</title>
		<meeting>the 2019 Conference of the North American Chapter of the Association for Computational Linguistics: Human Language Technologies</meeting>
		<imprint>
			<publisher>Association for Computational Linguistics</publisher>
			<date type="published" when="2019">2019</date>
		</imprint>
	</monogr>
	<note type="raw_reference">Sho Takase and Naoaki Okazaki. 2019. Positional en- coding to control output sequence length. In Pro- ceedings of the 2019 Conference of the North Amer- ican Chapter of the Association for Computational Linguistics: Human Language Technologies, Vol- ume 1 (Long and Short Papers). Association for Computational Linguistics.</note>
</biblStruct>

<biblStruct xml:id="b21">
	<analytic>
		<title level="a" type="main">Attention is all you need</title>
		<author>
			<persName><forename type="first">Ashish</forename><surname>Vaswani</surname></persName>
		</author>
		<author>
			<persName><forename type="first">Noam</forename><surname>Shazeer</surname></persName>
		</author>
		<author>
			<persName><forename type="first">Niki</forename><surname>Parmar</surname></persName>
		</author>
		<author>
			<persName><forename type="first">Jakob</forename><surname>Uszkoreit</surname></persName>
		</author>
		<author>
			<persName><forename type="first">Llion</forename><surname>Jones</surname></persName>
		</author>
		<author>
			<persName><forename type="first">Aidan</forename><forename type="middle">N</forename><surname>Gomez</surname></persName>
		</author>
		<author>
			<persName><forename type="first">Lukasz</forename><surname>Kaiser</surname></persName>
		</author>
		<author>
			<persName><forename type="first">Illia</forename><surname>Polosukhin</surname></persName>
		</author>
	</analytic>
	<monogr>
		<title level="m">Advances in Neural Information Processing Systems 30: Annual Conference on Neural Information Processing Systems</title>
				<imprint>
			<date type="published" when="2017">2017. 2017</date>
		</imprint>
	</monogr>
	<note type="raw_reference">Ashish Vaswani, Noam Shazeer, Niki Parmar, Jakob Uszkoreit, Llion Jones, Aidan N. Gomez, Lukasz Kaiser, and Illia Polosukhin. 2017. Attention is all you need. In Advances in Neural Information Pro- cessing Systems 30: Annual Conference on Neural Information Processing Systems 2017.</note>
</biblStruct>

<biblStruct xml:id="b22">
	<monogr>
		<title level="m" type="main">Lenatten: An effective length controlling unit for text summarization</title>
		<author>
			<persName><forename type="first">Zhongyi</forename><surname>Yu</surname></persName>
		</author>
		<author>
			<persName><forename type="first">Zhenghao</forename><surname>Wu</surname></persName>
		</author>
		<author>
			<persName><forename type="first">Hao</forename><surname>Zheng</surname></persName>
		</author>
		<author>
			<persName><forename type="first">Zhe</forename><surname>Xuanyuan</surname></persName>
		</author>
		<author>
			<persName><forename type="first">Jefferson</forename><surname>Fong</surname></persName>
		</author>
		<author>
			<persName><forename type="first">Weifeng</forename><surname>Su</surname></persName>
		</author>
		<idno type="arXiv">arXiv:2106.00316</idno>
		<imprint>
			<date type="published" when="2021">2021</date>
		</imprint>
	</monogr>
	<note type="report_type">arXiv preprint</note>
	<note type="raw_reference">Zhongyi Yu, Zhenghao Wu, Hao Zheng, Zhe XuanYuan, Jefferson Fong, and Weifeng Su. 2021. Lenatten: An effective length control- ling unit for text summarization. arXiv preprint arXiv:2106.00316.</note>
</biblStruct>

<biblStruct xml:id="b23">
	<analytic>
		<title level="a" type="main">PEGASUS: pre-training with extracted gap-sentences for abstractive summarization</title>
		<author>
			<persName><forename type="first">Jingqing</forename><surname>Zhang</surname></persName>
		</author>
		<author>
			<persName><forename type="first">Yao</forename><surname>Zhao</surname></persName>
		</author>
		<author>
			<persName><forename type="first">Mohammad</forename><surname>Saleh</surname></persName>
		</author>
		<author>
			<persName><forename type="first">Peter</forename><forename type="middle">J</forename><surname>Liu</surname></persName>
		</author>
	</analytic>
	<monogr>
		<title level="m">Proceedings of the 37th International Conference on Machine Learning, ICML 2020, Virtual Event</title>
				<meeting>the 37th International Conference on Machine Learning, ICML 2020, Virtual Event</meeting>
		<imprint>
			<date type="published" when="2020">2020</date>
			<biblScope unit="volume">119</biblScope>
		</imprint>
	</monogr>
	<note>of Proceedings of Machine Learning Research</note>
	<note type="raw_reference">Jingqing Zhang, Yao Zhao, Mohammad Saleh, and Pe- ter J. Liu. 2020. PEGASUS: pre-training with ex- tracted gap-sentences for abstractive summarization. In Proceedings of the 37th International Conference on Machine Learning, ICML 2020, Virtual Event, volume 119 of Proceedings of Machine Learning Re- search.</note>
</biblStruct>

				</listBibl>
			</div>
		</back>
	</text>
</TEI>
