<?xml version="1.0" encoding="UTF-8"?>
<TEI xml:space="preserve" xmlns="http://www.tei-c.org/ns/1.0" 
xmlns:xsi="http://www.w3.org/2001/XMLSchema-instance" 
xsi:schemaLocation="http://www.tei-c.org/ns/1.0 https://raw.githubusercontent.com/kermitt2/grobid/master/grobid-home/schemas/xsd/Grobid.xsd"
 xmlns:xlink="http://www.w3.org/1999/xlink">
	<teiHeader xml:lang="en">
		<fileDesc>
			<titleStmt>
				<title level="a" type="main">An Ensemble Approach to Detect Emotions at an Essay Level</title>
			</titleStmt>
			<publicationStmt>
				<publisher/>
				<availability status="unknown"><licence/></availability>
			</publicationStmt>
			<sourceDesc>
				<biblStruct>
					<analytic>
						<author role="corresp">
							<persName><forename type="first">Himanshu</forename><surname>Maheshwari</surname></persName>
							<email>himanshu.maheshwari@research.iiit.ac.in</email>
						</author>
						<author>
							<persName><forename type="first">Vasudeva</forename><surname>Varma</surname></persName>
						</author>
						<author>
							<persName><forename type="first">Iiit</forename><surname>Hyderabad</surname></persName>
						</author>
						<title level="a" type="main">An Ensemble Approach to Detect Emotions at an Essay Level</title>
					</analytic>
					<monogr>
						<imprint>
							<date/>
						</imprint>
					</monogr>
					<idno type="MD5">F6D23793C295DFED408325952491874D</idno>
				</biblStruct>
			</sourceDesc>
		</fileDesc>
		<encodingDesc>
			<appInfo>
				<application version="0.7.3-SNAPSHOT" ident="GROBID" when="2023-01-12T07:40+0000">
					<desc>GROBID - A machine learning software for extracting information from scholarly documents</desc>
					<ref target="https://github.com/kermitt2/grobid"/>
				</application>
			</appInfo>
		</encodingDesc>
		<profileDesc>
			<abstract>
<div xmlns="http://www.tei-c.org/ns/1.0"><p>This paper describes our system (IREL, reffered as himanshu.1007 on Codalab) for Shared Task on Empathy Detection, Emotion Classification, and Personality Detection at 12th Workshop on Computational Approaches to Subjectivity, Sentiment &amp; Social Media Analysis at ACL 2022. We participated in track 2 for predicting emotion at the essay level. We propose an ensemble approach that leverages the linguistic knowledge of the RoBERTa, BARTlarge, and RoBERTa model finetuned on the GoEmotions dataset. Each brings in its unique advantage, as we discuss in the paper. Our proposed system achieved a Macro F1 score of 0.585 and ranked one out of thirteen teams (the current top team on leaderboard submitted after the deadline). The code can be found here</p></div>
			</abstract>
		</profileDesc>
	</teiHeader>
	<text xml:lang="en">
		<body>
<div xmlns="http://www.tei-c.org/ns/1.0"><head n="1">Introduction</head><p>Emotion is a concept that is challenging to describe. Nevertheless, as human beings, we understand the emotional effect situations have or could have on other people and us. In this work, we aim to transfer this knowledge of emotion detection to machines. This work aims to develop a robust system that could detect emotions at an essay level. These essays are reactions to news stories and are between 300 and 800 characters in length.</p><p>Existing literature on emotion detection mainly focuses on emotion detection at the sentence level. Different datasets consisting of sentences from social media <ref type="bibr" target="#b6">(Mohammad (2012)</ref>, <ref type="bibr" target="#b7">Mohammad et al. (2014)</ref>, <ref type="bibr" target="#b4">Liu et al. (2017)</ref>, <ref type="bibr" target="#b1">Demszky et al. (2020)</ref>), fairytales <ref type="bibr" target="#b0">(Alm and Sproat, 2005)</ref>, dialogues <ref type="bibr" target="#b3">(Li et al., 2017)</ref>, etc. have been made available. However, the task of emotion detection at an essay level is underexplored. In essay-level emotion detection, the emotions are typically expressed by the entire narrative and not just a few words or phrases. The system must refer to the entire essay to get a more holistic view of the expressed emotion. We empirically show that systems trained on just sentence level emotion detection will not work essay level as they do not have the entire context.</p><p>We propose an ensemble approach consisting of a finetuned RoBERTa <ref type="bibr" target="#b5">(Liu et al., 2019)</ref>, finetuned BART-large <ref type="bibr" target="#b2">(Lewis et al., 2020)</ref>, and RoBERTa model first finetuned on the GoEmotions <ref type="bibr" target="#b1">(Demszky et al., 2020)</ref> dataset and then finetuned on our dataset. RoBERTa model has shown amazing performance for various NLP tasks and thus was the default choice for the task. BART-large has shown amazing performance for summarization tasks. This suggests it is suitable for a task involving multiple sentences. The last model is a RoBERTa model that was first finetuned on the GoEmotions dataset and then finetuned on our dataset. The intuition is that since it has a good understanding of sentence-level emotions (from GoEmotions), it will combine the sentence-level knowledge into essay-level knowledge. This is especially important for cases with very strong expression of emotions in a sentence. Ablation studies show that the model performs worse in the absence of either of the three models. Another ablation study is conducted to reinforce our claim that the task can't be solved by looking at sentence level.</p></div>
<div xmlns="http://www.tei-c.org/ns/1.0"><head n="2">Dataset</head><p>The training dataset is a small supervised dataset consisting of various fields. However, only two fields are helpful for emotion prediction: essay and emotion; thus, we use only these fields. The dataset statistics are shown in table <ref type="table" target="#tab_1">1 and table 2.</ref> The dataset is very small and heavily skewed, with anger and sadness making up ~54% of the entire dataset. This skewed dataset affects the model's performance, and it needs to be dealt with.</p><p>Usually, NLP systems deal with skewed datasets using oversampling, undersampling, augmentation, or weighted loss function. With such few data points, oversampling and undersampling are not viable. Our initial exploration with data augmentation did not help; thus, we used a weighted crossentropy loss function to deal with data imbalance. The weights of each class were determined using the sklearn library.<ref type="foot" target="#foot_0">1</ref> </p></div>
<div xmlns="http://www.tei-c.org/ns/1.0"><head n="3">Baselines</head><p>The following section describes different approaches we tried before shifting to our proposed methodology. For each approach, grid search was used to find appropriate hyperparameters. Please note we compare different models using Macro F1 score which is the official evaluation metric.</p></div>
<div xmlns="http://www.tei-c.org/ns/1.0"><head n="3.1">Language Model Finetuning</head><p>The current de facto in NLP is to finetune a language model for any classification task. Our first approach was to finetune a language model and observe the results. This will serve as a baseline for other approaches. This exercise also helps us select the appropriate language model for other approaches. We experimented with the following language models: 1. Roberta Base 2. Bert-base-uncased 3. Roberta-large 4. Bart-large 5. Longformer-base-4096 Table <ref type="table" target="#tab_3">4</ref> shows the results of different language models. Roberta-base is performing the best; thus, </p></div>
<div xmlns="http://www.tei-c.org/ns/1.0"><head n="3.2">Binary Classifiers</head><p>Having a classifier doing multiclass classification is challenging. In this approach, we use a binary classifier for each emotion and take the emotion with the highest softmax classification probability. Specifically, we finetune a Roberta-base binary classifier for each emotion. The classifier aims to identify target emotion from other emotions. During inference, we take the classification probability from each classifier. The emotion with the highest classification probability from its classifier is the predicted emotion. Table <ref type="table" target="#tab_3">4</ref> shows the result of this approach. The results are poor compared to finetuning a classifier; thus, a binary view of emotion is unsuitable for our use case.</p></div>
<div xmlns="http://www.tei-c.org/ns/1.0"><head n="3.3">Finetuning a classifier trained on GoEmotions dataset</head><p>This approach introduces an additional layer of transfer learning. We first finetune a Roberta-base model on a subset of the GoEmotions dataset. GoEmotions is a sentence-level fine-grained emotion classification dataset. We take sentences that have only one of the seven emotions of our task. This GoEmotions finetuned classifier is then further finetuned on our dataset. The idea is to finetune a classifier that has some understanding of emotions. Table <ref type="table">3</ref> shows statistics of the GoEmotions dataset. </p></div>
<div xmlns="http://www.tei-c.org/ns/1.0"><head n="4">Proposed Approach</head><p>We make the following observations from the baseline models: a. Roberta-base and Bart-large perform better than the rest of the language model. Both models bring their advantage, Roberta-base is a powerful language model for NLU tasks, and Bart-large is suitable for tasks involving multiple sentences.</p><p>b. Roberta-base model that is first finetuned on GoEmotions dataset followed by finetuning on our dataset performs poorly compared to other baselines. However, it has a firm sentence-level understanding. Thus, this model is suitable for samples with very strong emotional sentences.</p><p>Based on these observations, we combine the strength of the Roberta-base, Bart-Large, and Roberta-base model that is first finetuned on the GoEmotions dataset in an ensemble fashion. More specifically, we take the linear combination of classification probability by each model and predict the emotion with the highest classification probability (or score). Thus the classification probability (or score) is given by:</p><formula xml:id="formula_0">s emo = λ 1 P RB + λ 2 P BL + λ 3 P RBG</formula><p>Where s emo is the classification score for a particular emotion and λ 1 , λ 2 , λ 3 are the weights of each model. P RB is the classification probability of Roberta-base, P BL is the classification probability of BART large and P RBG is the classification probability of Roberta-base finetuned on GoEmotions. The emotion with the highest score is predicted. We found λ 1 , λ 2 , and λ 3 using grid search on the dev set. The value that gave the best result is λ 1 : 0.26, λ 2 : 0.26, and λ 3 : 0.07. Table <ref type="table" target="#tab_3">4</ref> shows the results of this approach. This approach outperforms all the baselines on the dev set, suggesting strength in using multiple language models.</p></div>
<div xmlns="http://www.tei-c.org/ns/1.0"><head n="5">Training</head><p>As discussed, we use grid search to find the appropriate hyperparameters. We use a batch size four and a dropout of 0.3 for Roberta-base. For Bart-Large, we use a batch size of three and a dropout of 0.4. For Roberta-base trained on the GoEmotion dataset, we use batch size eight and dropout of 0.2 for the first layer of finetuning. For the second layer of finetuning, we use a batch size four and a dropout of 0.3. The learning rate and seed were fixed to 10 −5 and 42, respectively. The training was done on Nvidia RTX 2080 TI (11 GB) and took about one hour for each model finetuning.</p></div>
<div xmlns="http://www.tei-c.org/ns/1.0"><head n="6">Results</head><p>Table <ref type="table" target="#tab_3">4</ref> shows the results of our dev set. We submitted the ensemble solution discussed above based on hyperparameters and results on the dev set. Table <ref type="table" target="#tab_5">5</ref> shows the test set results as reported on the Codalab platform. The proposed system achieved rank two.</p></div>
<div xmlns="http://www.tei-c.org/ns/1.0"><head n="7">Ablation Studies</head><p>We conducted two ablation studies to better understand our proposed approach and the problem setting. </p></div>
<div xmlns="http://www.tei-c.org/ns/1.0"><head>Metric</head></div>
<div xmlns="http://www.tei-c.org/ns/1.0"><head n="7.1">Role of Each Language Model</head><p>In the first ablation study, we inspect the role of each language model described in the ensemble solution. We observe the performance by removing one model at a time. Table <ref type="table" target="#tab_3">4</ref> shows the results for the same. We see that removing even one language model degrades the overall performance. This builds confidence in our choice and intuition behind each language model for the ensemble solution, and each of the three language models is essential for our task.</p></div>
<div xmlns="http://www.tei-c.org/ns/1.0"><head n="7.2">Sentence Level Treatment of the Task</head><p>This ablation study inspects the model's performance if we treat the input at a sentence level. Specifically, instead of inputting the entire essay to the Roberta-base, we input the essay separated into individual sentences. We break the essay into sentences and separate them using a special token used in Roberta-base to separate sequences. Table <ref type="table" target="#tab_3">4</ref> shows the result of this ablation study. For a fair comparison, we compare results between a Roberta-base model fed the entire sequence, and a Roberta-base model fed the sentence separated sequence. We see that a Roberta-base model that is fed the entire sequence performs better than a Roberta-base model that is fed a sentence-separated sequence. This suggests that we need to look at the entire sequence for a holistic understanding of the emotion, and we cannot just rely on sentence-level information.</p></div>
<div xmlns="http://www.tei-c.org/ns/1.0"><head n="8">Conclusion</head><p>In this work, we explore the task of emotion prediction at an essay level. We first explore different language models and identify Roberta-base and Bartlarge suitable for the task. Next, we observe that adding an additional layer of transfer learning by finetuning on a sentence-level dataset helps identify essays with very strong emotional sentences. Build-ing on these two hypotheses, we propose an ensemble solution that combines the linguistic knowledge of Roberta-base, Bart-large and Roberta-base finetuned on the GoEmotions dataset. Our proposed solution achieved a macro F1 score of 0.585 and was ranked one globally (the current top team on leaderboard submitted after the deadline).</p></div><figure xmlns="http://www.tei-c.org/ns/1.0" type="table" xml:id="tab_0"><head>Table 1 :</head><label>1</label><figDesc>Dataset statistics for different splits.</figDesc><table><row><cell cols="2">Split Number of samples</cell></row><row><cell>Train</cell><cell>1860</cell></row><row><cell>Dev</cell><cell>270</cell></row><row><cell>Test</cell><cell>525</cell></row><row><cell cols="2">Emotion Number of samples</cell></row><row><cell>Anger</cell><cell>349</cell></row><row><cell>Disgust</cell><cell>149</cell></row><row><cell>Fear</cell><cell>194</cell></row><row><cell>Joy</cell><cell>82</cell></row><row><cell>Neutral</cell><cell>275</cell></row><row><cell>Sadness</cell><cell>647</cell></row><row><cell>Surprise</cell><cell>164</cell></row></table></figure>
<figure xmlns="http://www.tei-c.org/ns/1.0" type="table" xml:id="tab_1"><head>Table 2 :</head><label>2</label><figDesc>Emotion distribution for train set.</figDesc><table /></figure>
<figure xmlns="http://www.tei-c.org/ns/1.0" type="table" xml:id="tab_3"><head>Table 4</head><label>4</label><figDesc></figDesc><table><row><cell>Model Finetuning Roberta Base Finetuning Bert base uncased</cell><cell cols="2">Macro F1 Accuracy in % 0.6090 70.000 0.5502 62.593</cell></row><row><cell>Finetuning Roberta Large</cell><cell>0.0760</cell><cell>36.296</cell></row><row><cell>Finetuning BART Large</cell><cell>0.5983</cell><cell>66.667</cell></row><row><cell>Finetuning longformer-base-4096</cell><cell>0.5635</cell><cell>66.667</cell></row><row><cell>Combining Binary Classifiers</cell><cell>0.4689</cell><cell>63.333</cell></row><row><cell>Finetuning model trained on GoEmotion Dataset</cell><cell>0.5568</cell><cell>63.333</cell></row><row><cell>Proposed Solution Proposed Solution Proposed Solution w/o Roberta</cell><cell>0.6360 0.6360 0.6021</cell><cell>68.519 68.519 67.037</cell></row><row><cell>Proposed Solution w/o BART Proposed Solution w/o GoEmotions Roberta</cell><cell>0.6067 0.6248</cell><cell>69.259 67.778</cell></row><row><cell>Roberta-base with entire sequence Roberta-base with sentence seperated sequence</cell><cell>0.6090 0.5812</cell><cell>70.000 65.185</cell></row></table><note>shows results for the same. The results are poor, suggesting that strong sentence-level understanding does not scale to essay-level understanding.</note></figure>
<figure xmlns="http://www.tei-c.org/ns/1.0" type="table" xml:id="tab_4"><head>Table 4 :</head><label>4</label><figDesc>Results of different models on dev set.</figDesc><table /></figure>
<figure xmlns="http://www.tei-c.org/ns/1.0" type="table" xml:id="tab_5"><head>Table 5 :</head><label>5</label><figDesc>Results on test set as reported on Codalab</figDesc><table><row><cell></cell><cell>Result</cell></row><row><cell cols="2">Macro F1-Score 0.585</cell></row><row><cell>Micro F1-Score</cell><cell>0.661</cell></row><row><cell>Accuracy</cell><cell>0.661</cell></row><row><cell cols="2">Macro Precision 0.594</cell></row><row><cell>Macro Recall</cell><cell>0.584</cell></row><row><cell cols="2">Micro Precision 0.661</cell></row><row><cell>Micro Recall</cell><cell>0.661</cell></row></table></figure>
			<note xmlns="http://www.tei-c.org/ns/1.0" place="foot" n="1" xml:id="foot_0">https://scikit-learn.org/stable/ modules/generated/sklearn.utils.class_ weight.compute_class_weight.html</note>
		</body>
		<back>
			<div type="references">

				<listBibl>

<biblStruct xml:id="b0">
	<analytic>
		<title level="a" type="main">Emotional sequencing and development in fairy tales</title>
		<author>
			<persName><forename type="first">Cecilia</forename><surname>Ovesdotter</surname></persName>
		</author>
		<author>
			<persName><forename type="first">Alm</forename></persName>
		</author>
		<author>
			<persName><forename type="first">Richard</forename><surname>Sproat</surname></persName>
		</author>
	</analytic>
	<monogr>
		<title level="m">Affective Computing and Intelligent Interaction</title>
				<meeting><address><addrLine>Berlin, Heidelberg; Berlin Heidelberg</addrLine></address></meeting>
		<imprint>
			<publisher>Springer</publisher>
			<date type="published" when="2005">2005</date>
			<biblScope unit="page" from="668" to="674" />
		</imprint>
	</monogr>
	<note type="raw_reference">Cecilia Ovesdotter Alm and Richard Sproat. 2005. Emo- tional sequencing and development in fairy tales. In Affective Computing and Intelligent Interaction, pages 668-674, Berlin, Heidelberg. Springer Berlin Heidelberg.</note>
</biblStruct>

<biblStruct xml:id="b1">
	<analytic>
		<title level="a" type="main">GoEmotions: A Dataset of Fine-Grained Emotions</title>
		<author>
			<persName><forename type="first">Dorottya</forename><surname>Demszky</surname></persName>
		</author>
		<author>
			<persName><forename type="first">Dana</forename><surname>Movshovitz-Attias</surname></persName>
		</author>
		<author>
			<persName><forename type="first">Jeongwoo</forename><surname>Ko</surname></persName>
		</author>
		<author>
			<persName><forename type="first">Alan</forename><surname>Cowen</surname></persName>
		</author>
		<author>
			<persName><forename type="first">Gaurav</forename><surname>Nemade</surname></persName>
		</author>
		<author>
			<persName><forename type="first">Sujith</forename><surname>Ravi</surname></persName>
		</author>
	</analytic>
	<monogr>
		<title level="m">58th Annual Meeting of the Association for Computational Linguistics (ACL)</title>
				<imprint>
			<date type="published" when="2020">2020</date>
		</imprint>
	</monogr>
	<note type="raw_reference">Dorottya Demszky, Dana Movshovitz-Attias, Jeongwoo Ko, Alan Cowen, Gaurav Nemade, and Sujith Ravi. 2020. GoEmotions: A Dataset of Fine-Grained Emo- tions. In 58th Annual Meeting of the Association for Computational Linguistics (ACL).</note>
</biblStruct>

<biblStruct xml:id="b2">
	<analytic>
		<title level="a" type="main">BART: Denoising sequence-to-sequence pre-training for natural language generation, translation, and comprehension</title>
		<author>
			<persName><forename type="first">Mike</forename><surname>Lewis</surname></persName>
		</author>
		<author>
			<persName><forename type="first">Yinhan</forename><surname>Liu</surname></persName>
		</author>
		<author>
			<persName><forename type="first">Naman</forename><surname>Goyal</surname></persName>
		</author>
		<author>
			<persName><forename type="first">Marjan</forename><surname>Ghazvininejad</surname></persName>
		</author>
		<author>
			<persName><forename type="first">Abdelrahman</forename><surname>Mohamed</surname></persName>
		</author>
		<author>
			<persName><forename type="first">Omer</forename><surname>Levy</surname></persName>
		</author>
		<author>
			<persName><forename type="first">Veselin</forename><surname>Stoyanov</surname></persName>
		</author>
		<author>
			<persName><forename type="first">Luke</forename><surname>Zettlemoyer</surname></persName>
		</author>
		<idno type="DOI">10.18653/v1/2020.acl-main.703</idno>
	</analytic>
	<monogr>
		<title level="m">Proceedings of the 58th Annual Meeting of the Association for Computational Linguistics</title>
				<meeting>the 58th Annual Meeting of the Association for Computational Linguistics</meeting>
		<imprint>
			<publisher>Online. Association for Computational Linguistics</publisher>
			<date type="published" when="2020">2020</date>
			<biblScope unit="page" from="7871" to="7880" />
		</imprint>
	</monogr>
	<note type="raw_reference">Mike Lewis, Yinhan Liu, Naman Goyal, Marjan Ghazvininejad, Abdelrahman Mohamed, Omer Levy, Veselin Stoyanov, and Luke Zettlemoyer. 2020. BART: Denoising sequence-to-sequence pre-training for natural language generation, translation, and com- prehension. In Proceedings of the 58th Annual Meet- ing of the Association for Computational Linguistics, pages 7871-7880, Online. Association for Computa- tional Linguistics.</note>
</biblStruct>

<biblStruct xml:id="b3">
	<monogr>
		<title level="m" type="main">Dailydialog: A manually labelled multi-turn dialogue dataset</title>
		<author>
			<persName><forename type="first">Yanran</forename><surname>Li</surname></persName>
		</author>
		<author>
			<persName><forename type="first">Hui</forename><surname>Su</surname></persName>
		</author>
		<author>
			<persName><forename type="first">Xiaoyu</forename><surname>Shen</surname></persName>
		</author>
		<author>
			<persName><forename type="first">Wenjie</forename><surname>Li</surname></persName>
		</author>
		<author>
			<persName><forename type="first">Ziqiang</forename><surname>Cao</surname></persName>
		</author>
		<author>
			<persName><forename type="first">Shuzi</forename><surname>Niu</surname></persName>
		</author>
		<idno>CoRR, abs/1710.03957</idno>
		<imprint>
			<date type="published" when="2017">2017</date>
		</imprint>
	</monogr>
	<note type="raw_reference">Yanran Li, Hui Su, Xiaoyu Shen, Wenjie Li, Ziqiang Cao, and Shuzi Niu. 2017. Dailydialog: A man- ually labelled multi-turn dialogue dataset. CoRR, abs/1710.03957.</note>
</biblStruct>

<biblStruct xml:id="b4">
	<monogr>
		<title level="m" type="main">Grounded emotions</title>
		<author>
			<persName><forename type="first">Vicki</forename><surname>Liu</surname></persName>
		</author>
		<author>
			<persName><forename type="first">Carmen</forename><surname>Banea</surname></persName>
		</author>
		<author>
			<persName><forename type="first">Rada</forename><surname>Mihalcea</surname></persName>
		</author>
		<idno type="DOI">10.1109/ACII.2017.8273642</idno>
		<imprint>
			<date type="published" when="2017">2017</date>
			<biblScope unit="page" from="477" to="483" />
		</imprint>
	</monogr>
	<note type="raw_reference">Vicki Liu, Carmen Banea, and Rada Mihalcea. 2017. Grounded emotions. pages 477-483.</note>
</biblStruct>

<biblStruct xml:id="b5">
	<monogr>
		<title level="m" type="main">Roberta: A robustly optimized BERT pretraining approach</title>
		<author>
			<persName><forename type="first">Yinhan</forename><surname>Liu</surname></persName>
		</author>
		<author>
			<persName><forename type="first">Myle</forename><surname>Ott</surname></persName>
		</author>
		<author>
			<persName><forename type="first">Naman</forename><surname>Goyal</surname></persName>
		</author>
		<author>
			<persName><forename type="first">Jingfei</forename><surname>Du</surname></persName>
		</author>
		<author>
			<persName><forename type="first">Mandar</forename><surname>Joshi</surname></persName>
		</author>
		<author>
			<persName><forename type="first">Danqi</forename><surname>Chen</surname></persName>
		</author>
		<author>
			<persName><forename type="first">Omer</forename><surname>Levy</surname></persName>
		</author>
		<author>
			<persName><forename type="first">Mike</forename><surname>Lewis</surname></persName>
		</author>
		<author>
			<persName><forename type="first">Luke</forename><surname>Zettlemoyer</surname></persName>
		</author>
		<author>
			<persName><forename type="first">Veselin</forename><surname>Stoyanov</surname></persName>
		</author>
		<idno>CoRR, abs/1907.11692</idno>
		<imprint>
			<date type="published" when="2019">2019</date>
		</imprint>
	</monogr>
	<note type="raw_reference">Yinhan Liu, Myle Ott, Naman Goyal, Jingfei Du, Man- dar Joshi, Danqi Chen, Omer Levy, Mike Lewis, Luke Zettlemoyer, and Veselin Stoyanov. 2019. Roberta: A robustly optimized BERT pretraining approach. CoRR, abs/1907.11692.</note>
</biblStruct>

<biblStruct xml:id="b6">
	<analytic>
		<title level="a" type="main">#emotional tweets</title>
		<author>
			<persName><forename type="first">Saif</forename><surname>Mohammad</surname></persName>
		</author>
	</analytic>
	<monogr>
		<title level="m">Proceedings of the main conference and the shared task, and Volume 2: Proceedings of the Sixth International Workshop on Semantic Evaluation</title>
				<meeting>the main conference and the shared task, and Volume 2: the Sixth International Workshop on Semantic Evaluation<address><addrLine>Montréal, Canada</addrLine></address></meeting>
		<imprint>
			<publisher>Association for Computational Linguistics</publisher>
			<date type="published" when="2012">2012. SemEval 2012</date>
			<biblScope unit="volume">1</biblScope>
			<biblScope unit="page" from="246" to="255" />
		</imprint>
	</monogr>
	<note>*SEM 2012: The First Joint Conference on Lexical and Computational Semantics</note>
	<note type="raw_reference">Saif Mohammad. 2012. #emotional tweets. In *SEM 2012: The First Joint Conference on Lexical and Computational Semantics -Volume 1: Proceedings of the main conference and the shared task, and Vol- ume 2: Proceedings of the Sixth International Work- shop on Semantic Evaluation (SemEval 2012), pages 246-255, Montréal, Canada. Association for Compu- tational Linguistics.</note>
</biblStruct>

<biblStruct xml:id="b7">
	<monogr>
		<author>
			<persName><forename type="first">Saif</forename><surname>Mohammad</surname></persName>
		</author>
		<author>
			<persName><forename type="first">Xiaodan</forename><surname>Zhu</surname></persName>
		</author>
		<author>
			<persName><forename type="first">Svetlana</forename><surname>Kiritchenko</surname></persName>
		</author>
		<author>
			<persName><forename type="first">Joel</forename><surname>Martin</surname></persName>
		</author>
		<idno type="DOI">10.1016/j.ipm.2014.09.003</idno>
		<title level="m">Sentiment, emotion, purpose, and style in electoral tweets. Information Processing Management</title>
				<imprint>
			<date type="published" when="2014">2014</date>
			<biblScope unit="page">51</biblScope>
		</imprint>
	</monogr>
	<note type="raw_reference">Saif Mohammad, Xiaodan Zhu, Svetlana Kiritchenko, and Joel Martin. 2014. Sentiment, emotion, purpose, and style in electoral tweets. Information Processing Management, 51.</note>
</biblStruct>

				</listBibl>
			</div>
		</back>
	</text>
</TEI>
