<?xml version="1.0" encoding="UTF-8"?>
<TEI xml:space="preserve" xmlns="http://www.tei-c.org/ns/1.0" 
xmlns:xsi="http://www.w3.org/2001/XMLSchema-instance" 
xsi:schemaLocation="http://www.tei-c.org/ns/1.0 https://raw.githubusercontent.com/kermitt2/grobid/master/grobid-home/schemas/xsd/Grobid.xsd"
 xmlns:xlink="http://www.w3.org/1999/xlink">
	<teiHeader xml:lang="en">
		<fileDesc>
			<titleStmt>
				<title level="a" type="main">On Masked Language Models for Contextual Link Prediction</title>
			</titleStmt>
			<publicationStmt>
				<publisher/>
				<availability status="unknown"><licence/></availability>
			</publicationStmt>
			<sourceDesc>
				<biblStruct>
					<analytic>
						<author>
							<persName><forename type="first">Angus</forename><surname>Brayne</surname></persName>
							<email>angus.brayne@benevolent.ai</email>
						</author>
						<author>
							<persName><forename type="first">Maciej</forename><surname>Wiatrak</surname></persName>
							<email>maciej.wiatrak@benevolent.ai</email>
						</author>
						<author>
							<persName><forename type="first">Dane</forename><surname>Corneil Benevolentai</surname></persName>
						</author>
						<author>
							<persName><roleName>London</roleName><forename type="first">Maple</forename><surname>St</surname></persName>
						</author>
						<title level="a" type="main">On Masked Language Models for Contextual Link Prediction</title>
					</analytic>
					<monogr>
						<imprint>
							<date/>
						</imprint>
					</monogr>
					<idno type="MD5">CD1010A4E9D02DC5D680F471DB47C61F</idno>
				</biblStruct>
			</sourceDesc>
		</fileDesc>
		<encodingDesc>
			<appInfo>
				<application version="0.7.3-SNAPSHOT" ident="GROBID" when="2023-01-12T08:59+0000">
					<desc>GROBID - A machine learning software for extracting information from scholarly documents</desc>
					<ref target="https://github.com/kermitt2/grobid"/>
				</application>
			</appInfo>
		</encodingDesc>
		<profileDesc>
			<abstract>
<div xmlns="http://www.tei-c.org/ns/1.0"><p>In the real world, many relational facts require context; for instance, a politician holds a given elected position only for a particular timespan. This context (the timespan) is typically ignored in knowledge graph link prediction tasks, or is leveraged by models designed specifically to make use of it (i.e. n-ary link prediction models). Here, we show that the task of n-ary link prediction is easily performed using language models, applied with a basic method for constructing cloze-style query sentences. We introduce a pre-training methodology based around an auxiliary entity-linked corpus that outperforms other popular pre-trained models like BERT, even with a smaller model. This methodology also enables n-ary link prediction without access to any n-ary training set, which can be invaluable in circumstances where expensive and time-consuming curation of n-ary knowledge graphs is not feasible. We achieve state-ofthe-art performance on the primary n-ary link prediction dataset WD50K and on WikiPeople facts that include literals -typically ignored by knowledge graph embedding methods.</p></div>
			</abstract>
		</profileDesc>
	</teiHeader>
	<text xml:lang="en">
		<body>
<div xmlns="http://www.tei-c.org/ns/1.0"><head n="1">Introduction</head><p>Large-scale knowledge graphs (KGs) have gained prominence over the past several decades as a means for representing complex structured data at scale, leading to the development of machine learning models designed to predict new or unknown information from a KG <ref type="bibr" target="#b9">(Ji et al., 2021)</ref>. A subclass of such models deals with link prediction, i.e. inferring new facts from a given KG consisting of (subject, relation, object) triples. For instance, a link prediction model might reason from a KG containing the triple (USA, ElectedPresident, JFK) to infer that the triple (JFK, BornInCountry, USA) also likely exists (i.e. JFK was born in the country USA).</p><p>The triple format is often too restrictive to represent a query effectively. For instance, the query ) is augmented with an auxiliary link for qualifer information <ref type="bibr">(InYear, 1960)</ref>. Each entity or relationship is represented by a unique identifier. Qualifiers require the use of specialised encoder architectures; literal qualifiers like 1960 typically cannot be used at all. (b) We instead represent the query in a templated language model, where the qualifier detail can be directly appended.</p><p>Who was elected President of the United States in 1960? permits multiple correct answers when simplified to the triple format (USA, ElectedPresident, <ref type="bibr">[MASK]</ref>), in the absence of the context 1960 (also referred to as a qualifier <ref type="bibr" target="#b25">(Vrandečić and Krötzsch, 2014)</ref>). Recently, several KG completion models have been developed aimed specifically at link prediction in the presence of qualifiers, collectively referred to as hyper-relational or n-ary link prediction models <ref type="bibr" target="#b30">(Wen et al., 2016;</ref><ref type="bibr" target="#b36">Zhang et al., 2018;</ref><ref type="bibr" target="#b8">Guan et al., 2019;</ref><ref type="bibr" target="#b15">Liu et al., 2020;</ref><ref type="bibr" target="#b19">Rosso et al., 2020;</ref><ref type="bibr" target="#b6">Galkin et al., 2020;</ref><ref type="bibr" target="#b35">Yu and Yang, 2021;</ref><ref type="bibr" target="#b28">Wang et al., 2021b)</ref>. Usage of qualifiers becomes particularly difficult when they include literals, i.e. values that cannot be efficiently represented as discrete graph entities. Examples of literals include years (like 1960), times, or numerals. Existing KG completion algorithms typically remove literals <ref type="bibr" target="#b19">(Rosso et al., 2020;</ref><ref type="bibr" target="#b6">Galkin et al., 2020)</ref> or use specialised techniques to leverage them <ref type="bibr" target="#b12">(Kristiadi et al., 2019)</ref>.</p><p>The need for new models to leverage qualifiers and literals reveals some fundamental weaknesses in discrete, triple-based knowledge graph represen-tations. Unlike graphs, written languages clearly permit the use of qualifiers and literals to represent facts and queries. Pre-trained language models like BERT <ref type="bibr" target="#b3">(Devlin et al., 2019)</ref> have already shown competitive performance compared to existing KG link prediction approaches on triple-based KGs <ref type="bibr" target="#b2">(Clouâtre et al., 2021;</ref><ref type="bibr" target="#b34">Yao et al., 2019)</ref>. As such, it is natural to ask whether Language Models (LMs) present a better alternative for inferring facts with qualifiers and literals compared to n-ary KG inference models.</p><p>Apart from their ability to represent qualifiers and literals, using LMs with novel pre-training methodologies on vast corpora also presents opportunities to enable n-ary link prediction without access to any n-ary training set. The need to construct large, partially complete n-ary knowledge graphs in new domains is an expensive and timeconsuming requirement of link prediction <ref type="bibr" target="#b16">(Nicholson and Greene, 2020)</ref>.</p><p>Here, we present Hyper Relational Link Prediction using an auxiliary Entity Linked Corpus (Hyper-ELC), the first fully natural-language-based approach applied to KG link prediction benchmarks containing qualifiers and literals. We make use of model pre-training to leverage the large corpora directly available to language models, applying a simple entity-linking approach to prime the model for later inference on named KG entities and to enable link prediction without access to any nary training set. To our knowledge, this is the first approach to link prediction without KG supervision. We also use fine-tuning to specifically focus Hyper-ELC on the types of queries represented in the training set. By using KG link prediction datasets, we can directly compare language models to KG models specifically designed to take advantage of additional context in form of qualifiers and literals. Our results show competitive performance compared to these link prediction models, suggesting that language models provide a performant and practical alternative to KG models for link prediction beyond triple-based datasets.</p></div>
<div xmlns="http://www.tei-c.org/ns/1.0"><head n="2">Related Work</head></div>
<div xmlns="http://www.tei-c.org/ns/1.0"><head n="2.1">N-Ary Link Prediction</head><p>Several models have been developed over the past decade to learn from and infer on n-ary relationships. This has been driven by the recognition that knowledge bases like Freebase <ref type="bibr" target="#b0">(Bollacker et al., 2008)</ref> contain a sizeable number of relationships involving more than two named entities. <ref type="bibr" target="#b30">Wen et al. (2016)</ref> generalized the triple-based translational embedding model TransH <ref type="bibr" target="#b29">(Wang et al., 2014)</ref> to hyper-relational facts. <ref type="bibr" target="#b36">Zhang et al. (2018)</ref> extended this approach using a binary loss learned from the probability that any two entities participate in the same n-ary fact.</p><p>Unlike these earlier embedding-based models, NaLP <ref type="bibr" target="#b8">(Guan et al., 2019)</ref> addressed the n-ary link prediction problem with a neural network, representing n-ary facts as permutation-invariant sets of role-value pairs. <ref type="bibr" target="#b15">Liu et al. (2020)</ref> developed the first tensor decomposition-based approach to the problem, adapting earlier tensor decomposition methods applied to link prediction in triple-based KGs. HINGE <ref type="bibr" target="#b19">(Rosso et al., 2020</ref>) applied a convolutional network to the underlying triples and qualifiers in an n-ary fact.</p><p>More recently, several specialised n-ary prediction models have been developed by combining knowledge graph embeddings with attentionbased transformer architectures <ref type="bibr" target="#b24">(Vaswani et al., 2017)</ref>; namely StarE <ref type="bibr" target="#b6">(Galkin et al., 2020)</ref>, Hy-Transformer <ref type="bibr" target="#b35">(Yu and Yang, 2021)</ref> and GRAN <ref type="bibr" target="#b28">(Wang et al., 2021b)</ref>. In the StarE model, embeddings are fed through a graph neural network before entering the transformer layer. Hy-Transformer and GRAN instead feed the processed embeddings into the transformer directly. Hy-Transformer also adds a qualifier prediction-based auxiliary task, while GRAN modifies the transformer attention model to represent the link structure of the n-ary input. Together, these three transformer-based models have achieved state-of-the-art performance on the n-ary link prediction task.</p><p>Hyper-ELC differs from other n-ary link prediction models in that it represents facts in natural language, eliminating the need for specialised encoders or graph-based methods and introducing the ability to pre-train on massive natural language corpora. By representing facts as token sequences, earlier modelling constraints can be avoided; e.g. multiple arities can be supported with the same model (unlike <ref type="bibr" target="#b15">Liu et al. (2020)</ref>), and structural information can be retained in token positional encodings, unlike <ref type="bibr" target="#b30">Wen et al. (2016)</ref> and <ref type="bibr" target="#b8">Guan et al. (2019)</ref>. The pre-training introduced here also enables prediction on the downstream task without access to any n-ary training set. Nonetheless, like the most recent approaches, we also use a transformer architecture. In particular, Hyper-ELC is most similar to Hy-Transformer and GRAN, with named graph entities exchanged for word tokens with positional embeddings.</p></div>
<div xmlns="http://www.tei-c.org/ns/1.0"><head n="2.2">Literals in Link Prediction</head><p>Parallel to research on incorporating qualifiers, several groups have investigated leveraging numerical attributes of entities in triple-based KG completion tasks <ref type="bibr" target="#b7">(García-Durán and Niepert, 2017;</ref><ref type="bibr" target="#b22">Tay et al., 2017;</ref><ref type="bibr" target="#b31">Wu and Wang, 2018;</ref><ref type="bibr" target="#b12">Kristiadi et al., 2019)</ref>. In these models, the numerical literals are general attributes associated with one of the entities involved in the triple (e.g. the latitude of a city entity); conversely, in the tasks we consider here, literals directly participate in n-ary facts. Nonetheless, we note that our approach could be straightforwardly applied to numerical attributes as well, by inserting them into the textual templates.</p><p>Hyper-ELC also differs from previous models by using a standard word-piece tokenisation approach to efficiently parse the literal data. While some literals, like 1962, are single tokens in the BERT base uncased vocabulary, less commonly discussed dates are split into multiple tokens -for example 1706 becomes 170 and ##6. Additionally, pre-training gives the model additional context to learn the relationships between dates -e.g. that similar people and events are discussed in sentences containing 1961 and sentences containing 1962, revealing a similarity.</p><p>Notably, literal attributes composed of textual descriptions have also been investigated in KG completion, e.g. <ref type="bibr" target="#b32">Xie et al. (2016)</ref>; <ref type="bibr" target="#b33">Xu et al. (2016)</ref>. While we focus on numerical literals here, our natural language-based approach could also be extended to general textual attributes.</p></div>
<div xmlns="http://www.tei-c.org/ns/1.0"><head n="2.3">Language Models for Link Prediction</head><p>The success of large pre-trained language models has motivated multiple investigations into whether they can be used as knowledge bases. <ref type="bibr" target="#b17">Petroni et al. (2019)</ref> proposed a benchmark for evaluating factual knowledge present in LMs with cloze-style queries. Their work has been further extended to probing areas including semantic <ref type="bibr" target="#b4">(Ettinger, 2020;</ref><ref type="bibr" target="#b26">Wallace et al., 2019)</ref>, commonsense <ref type="bibr" target="#b21">(Tamborrino et al., 2020;</ref><ref type="bibr" target="#b5">Forbes et al., 2019;</ref><ref type="bibr" target="#b18">Roberts et al., 2020)</ref>, and linguistic <ref type="bibr" target="#b14">(Lin et al., 2019;</ref><ref type="bibr" target="#b23">Tenney et al., 2019)</ref> knowledge. Furthermore, in order to improve the performance of LMs in extracting factual knowledge, <ref type="bibr" target="#b10">Jiang et al. (2020)</ref> and <ref type="bibr" target="#b20">Shin et al. (2020)</ref> proposed methods for automatic discovery and cre-ation of cloze-style queries. This body of work focuses mainly on predicting tokens for filling in blanks, rather than ranking unique entity IDs, as we do here, and therefore requires an entity disambiguation post-processing step. It also focuses on comparison to open-domain question answering or relation extraction approaches rather than link prediction.</p><p>Several groups have proposed using LMs for triple-based link prediction. <ref type="bibr" target="#b34">Yao et al. (2019)</ref> proposed KG-BERT, which encodes a triple as a sequence, where the entities and relation are separated by a [SEP] token and represented by their textual descriptions. They train to classify whether an individual triplet is correct or not, scoring every (h, r, ?) and (?, r, t) triplet to be ranked. This approach can involve millions of inference steps for a single completion. This work was extended for improved efficiency and performance in <ref type="bibr" target="#b11">Kim et al. (2020)</ref>; <ref type="bibr" target="#b27">Wang et al. (2021a)</ref>. This methodology, including entity separation and precise entity descriptions, diverges from plain masked text and is therefore incompatible with our simple pre-training approach that enables n-ary link prediction without access to a training knowledge graph.</p><p>An alternative approach to triple-based link prediction is MLMLM <ref type="bibr" target="#b2">(Clouâtre et al., 2021)</ref>, which also improves on KG-BERT's inference complexity with respect to the number of entities in the KG. They instead use the MLM setup to generate the logits for the tokens required to rebuild all of the entities. These logits are used alongside mean likelihood sampling to rank all entities. The head entity prediction input includes the head entity mask, relation, tail entity and tail entity definition. The tail entity prediction input is analogous. Unlike KG-BERT and its extensions, this method shares the MLM setup with our approach, however they predict tokens rather than unique entity ids. The maximum number of tokens of all of the entities is predicted for each example -predicting the pad token if necessary. This has the benefit that they can predict previously unseen entities (as long as they have fewer than the maximum number of tokens). However, again, this work requires entity disambiguation to go from tokens to a unique entity.</p><p>Finally, none of the language model approaches discussed above have been adapted to higher order link prediction with qualifiers and literals. Hyper-ELC additionally extends upon these approaches with a task-specific pre-training approach that en- ables us to perform this task without access to a training knowledge graph.</p></div>
<div xmlns="http://www.tei-c.org/ns/1.0"><head n="3">Definitions</head><p>A hyper-relational (n-ary) graph, made up of hyperrelational facts, can be defined as G = (V, R, E), where V is the set of vertices (entities), R is the set of relations, and E is a set (e 1 , . . . , e n ) of edges with e j ∈ V × R × V × P(R × V) for 1 ≤ j ≤ n.</p><p>Here, P denotes the power set.</p><p>A hyper-relational fact e j ∈ E is written as a tuple (s, r, o, Q), with s, o ∈ V and r ∈ R. Here, Q is the set of qualifier pairs (qr i , qv i ) with qualifier relations qr i ∈ R and qualifier values qv i ∈ V. An example of a fact in this representation would be (StephenHawking (s), AwardReceived (r), Edding-tonMedal (o), (PointInTime (qr 1 ), 1975 (qv 1 ))).</p></div>
<div xmlns="http://www.tei-c.org/ns/1.0"><head n="4">Methods</head><p>Our approach consists of three stages:</p><p>1. Pre-training to predict the unique identifier of a masked entity in the sentences of an auxiliary entity linked corpus.</p><p>2. Finetuning on sentence-like natural language templates created from the training set of the n-ary link prediction dataset.</p><p>3. Evaluation on the test set of the n-ary link prediction dataset using the same format of natural language templates.</p><p>For a visual representation of the process, see Figure <ref type="figure" target="#fig_1">2</ref>.</p></div>
<div xmlns="http://www.tei-c.org/ns/1.0"><head n="4.1">Pre-Training</head><p>Our method may use any corpus that references the entities of interest and any entity linking methodology for recognising them within the corpus. As we use the entity linked corpus only in pre-training and not for evaluation, we do not require it to be gold standard. However, increased coverage and precision of the linking may result in better downstream performance. Each pre-training example is a tuple consisting of a unique entity ID and a masked sentence in which that entity occurs. In the sentence, the span of every occurrence of the entity of interest is replaced by a "[MASK]" token. A single unique entity is masked in each example while all other entities are left as plain text. For example, the label for the entity StephenHawking is Q17714 and a masked sentence would be: "[MASK] (8 January 1942 -14 March 2018) was an English theoretical physicist, cosmologist, and author."</p></div>
<div xmlns="http://www.tei-c.org/ns/1.0"><head n="4.2">Finetuning and Evaluation</head><p>In order to use our pre-trained language model for the n-ary link prediction task, we must format the query in natural language as a cloze-style sentence. This may be done in any way that represents the query, but linguistic alignment with the pre-training corpus may benefit performance <ref type="bibr" target="#b10">(Jiang et al., 2020;</ref><ref type="bibr" target="#b20">Shin et al., 2020)</ref>. One simple approach is to space separate the entities, relationships and roles in the (s, r, o, Q) order (Figure <ref type="figure" target="#fig_1">2</ref>) described in Section 3. This requires that each of the entities have associated textual names, which is usually the case in knowledge graphs.</p></div>
<div xmlns="http://www.tei-c.org/ns/1.0"><head n="4.3">Model</head><p>Our models are all based on the Transformer architecture <ref type="bibr" target="#b24">(Vaswani et al., 2017)</ref>, more specifically BERT <ref type="bibr" target="#b3">(Devlin et al., 2019)</ref>. However, we found a smaller version of the BERT architecture to be more stable during pre-training, which enabled a higher learning rate and larger batch size (see Table <ref type="table">5</ref> in the Appendix). We use the BERT base uncased word-piece tokenisation for all text-based models.</p><p>We use a single linear layer as a decoder, followed by a softmax. For optimisation, we leverage a standard categorical cross-entropy loss. All of our models are trained with the Adam optimiser, and are regularised via dropout and gradient clipping. We follow the same setup during pre-training and finetuning. We believe that this alignment between pre-training and the downstream task is part of what makes this approach so powerful. Note that the pre-trained model can also be applied on the downstream task even without additional finetuning on a training graph (Section 6.3).</p></div>
<div xmlns="http://www.tei-c.org/ns/1.0"><head n="5">Datasets</head></div>
<div xmlns="http://www.tei-c.org/ns/1.0"><head n="5.1">WikiPeople and WD50K</head><p>For finetuning and evaluation we use two n-ary link prediction datasets: WikiPeople 1 <ref type="bibr" target="#b8">(Guan et al., 2019)</ref> and WD50K 2 <ref type="bibr" target="#b6">(Galkin et al., 2020)</ref> WikiPeople and WD50K are extracted from Wikidata and contain a mixture of binary and higherorder facts. WikiPeople is a commonly used benchmark containing facts related to entities representing humans.</p><p>WD50K was created by Galkin et al. ( <ref type="formula">2020</ref>) from the 2019/08/01 Wikidata dump<ref type="foot" target="#foot_0">3</ref> . It was developed with the goal of containing a higher proportion of non-literal higher-order relationships. It is based on the entities from FB15K-237 <ref type="bibr" target="#b1">(Bordes et al., 2013)</ref> that have a direct mapping in Wikidata.</p><p>In order to transform the facts in these datasets into natural language queries, we use the English Wikidata names for each of the entity and relationship/role IDs<ref type="foot" target="#foot_1">4</ref> . We then create templates in the simple manner described in Section 4.2. We find that while the queries are not particularly natural in their structure and vocabulary, their meaning remains largely the same (an example template is shown in Figure <ref type="figure" target="#fig_1">2</ref>, right).</p></div>
<div xmlns="http://www.tei-c.org/ns/1.0"><head n="5.2">Non-Named Entity Qualifiers</head><p>Galkin et al. ( <ref type="formula">2020</ref>) noted that most of the qualifier values in WikiPeople are literals, in this case datetime instances. Literals appear in approximately 13% of the statements in the WikiPeople dataset, but they are typically ignored in knowledge graph embedding approaches <ref type="bibr" target="#b19">(Rosso et al., 2020)</ref>. If the literals are ignored, only 2.6% of statements in WikiPeople are higher-order. None of the previous approaches to this dataset encode literals.</p><p>Note that, for evaluation purposes, alternative correct entities are filtered from the ranking at evaluation time when assessing a given potential answer <ref type="bibr" target="#b1">(Bordes et al., 2013)</ref>. This has implications for treating literals. Consider the case where literals are ignored: when evaluating whether the model correctly predicted EddingtonMedal as a completion for the fact (StephenHawking, AwardReceived, [MASK], <ref type="bibr">(PointInTime, 1975)</ref>), the entity Cop-leyMedal would be filtered out of the ranking if the fact <ref type="bibr">(StephenHawking, AwardReceived, Cop-leyMedal, (PointInTime, 2006)</ref>) also exists in the dataset. This occurs because the PointInTime qualifier is ignored, so that the subject and relation of the facts are identical (and both medals are equally valid completions). When literal-containing qualifiers are not ignored, the facts are distinct, with only one correct answer for each.</p><p>The primary WikiPeople dataset used here was adapted by <ref type="bibr" target="#b19">Rosso et al. (2020)</ref> from the original WikiPeople <ref type="bibr" target="#b8">(Guan et al., 2019)</ref>. To investigate whether this literal data can be leveraged by our model, we generated a new dataset from a subset of WikiPeople that we call WikiPeople Literal. Unlike in <ref type="bibr" target="#b19">Rosso et al. (2020)</ref> and <ref type="bibr" target="#b6">Galkin et al. (2020)</ref>, where literal qualifier terms are ignored when filtering the rankings for evaluation, we include the literal terms during filtering in WikiPeople Literal. Additionally, we evaluate only on facts that include at least one literal. This focus enables us to probe the model's ability to interpret literal qualifiers.</p><p>Following <ref type="bibr" target="#b19">Rosso et al. (2020)</ref>, we drop all statements that contain literals in the main triple.</p></div>
<div xmlns="http://www.tei-c.org/ns/1.0"><head n="5.3">Entity Linked Corpus</head><p>For pre-training we create an entity linked corpus based on the 2019/08/01 English Wikipedia<ref type="foot" target="#foot_2">5</ref> dump used in BLINK <ref type="bibr" target="#b13">(Ledell Wu, 2020)</ref>. We process the XML with Gensim<ref type="foot" target="#foot_3">6</ref> , which we adapt to leave article hyperlinks in the text.</p><p>For simplicity, we use a regex to find occurrences of the entities of interest in the large hyperlinked Wikipedia corpus. For each article we extract the title entity and all of the hyperlinked entities, along with their surface forms in the text and their title name in the hyperlink. We find the wikidata IDs for each of these entities<ref type="foot" target="#foot_4">7</ref> and we retain those entities that are in our downstream n-ary dataset. We then split the article into sentences and run a case insensitive regex over each sentence to find the spans of these entities and link them to their Wikidata IDs, using the ID to surface form/title name dictionaries. Given this collection of entity linked sentences, we create the pre-training examples as described in Section 4.1.</p></div>
<div xmlns="http://www.tei-c.org/ns/1.0"><head n="6">Experiments</head><p>Throughout this section we compare to the following external baselines developed for n-ary link prediction: (i) NaLP-Fix <ref type="bibr" target="#b19">(Rosso et al., 2020)</ref>, (ii) HINGE <ref type="bibr" target="#b19">(Rosso et al., 2020)</ref>, (iii) StarE <ref type="bibr" target="#b6">(Galkin et al., 2020)</ref>, (iv) Hy-Transformer <ref type="bibr" target="#b35">(Yu and Yang, 2021)</ref>, and (v) GRAN <ref type="bibr" target="#b28">(Wang et al., 2021b)</ref>. NaLP-Fix is an improved version of the original NaLP model <ref type="bibr" target="#b8">(Guan et al., 2019)</ref>. None of these methods make predictions over natural language and none of them encode literals.</p><p>The metrics that we use are based on predicting only the subject and object of the hyper-relational facts. We follow the filtered setting introduced by <ref type="bibr" target="#b1">Bordes et al. (2013)</ref> as discussed in Section 5.2 to ensure that corrupted facts are not valid facts from the rest of the dataset. For each test example, we filter from the model's predicted ranking all of the entities that appear in the same position in otherwise identical examples in either the training, validation or test set (except the test entity of interest). We consider mean reciprocal rank (MRR) and hits at 1 and 10 (H@1 and H@10 respectively).</p></div>
<div xmlns="http://www.tei-c.org/ns/1.0"><head n="6.1">Link Prediction with Literals</head><p>In order to showcase the expressive power of natural language as a representation, we employ an experiment that involves making predictions with non-named entity qualifier terms (i.e. literals). We use an evaluation dataset (described in Section 5.2) that contains only the examples in the WikiPeople dataset that have at least one literal qualifier. Additionally, we consider these qualifiers when filtering the ranking at evaluation time, unlike the typical WikiPeople evaluation.</p><p>To the best of our knowledge, no existing works leverage literals in qualifiers, so no strong baselines exist. We therefore use two baselines that cannot leverage literals as comparison points. The first, Hyper-ELC [UNK], is an ablated version of our model that replaces any literal entity with the [UNK] token. We also used the publicly-available on literal-containing qualifiers after adding them back into the dataset (note that StarE achieves stateof-the-art on the full dataset on Hits@10).</p><p>On the WikiPeople Literal dataset, Hyper-ELC significantly outperformed both StarE and Hyper-ELC [UNK] (Table <ref type="table" target="#tab_2">2</ref>, first three columns). In particular, the performance boost over the [UNK] ablation illustrates that our model specifically makes use of the information represented in literal qualifiers.</p><p>Hyper-ELC also performed reasonably well on the standard WikiPeople dataset (Table <ref type="table" target="#tab_2">2</ref>, last three columns), outperforming NaLP-Fix, but with lower overall performance than the most recent baselines <ref type="bibr">(StarE, Hy-Transformer and GRAN)</ref>.</p><p>To investigate the differences between Hyper-ELC and the other state-of-the-art baselines on WikiPeople, we examined the MRR performance ratio of StarE compared to Hyper-ELC for the relationship-entity position (i.e. head or tail) pairs that occur more than 500 times in the evaluation set (see Appendix, Table <ref type="table">6</ref> in the appendix). Notably, Hyper-ELC displayed the most pronounced performance deficit compared to StarE on inferring correct entities in one-to-many relationships with many possible answers. In Section 7, we discuss potential reasons for this deficit and possible future improvements.</p></div>
<div xmlns="http://www.tei-c.org/ns/1.0"><head n="6.2">Link Prediction with Named Entities Only</head><p>Next, we evaluated Hyper-ELC on the WD50K datasets (Table <ref type="table" target="#tab_3">3</ref>), which do not contain any literal entities. WD50K (100) has been created by filtering WD50K to have 100% higher order relationships.</p><p>In order to understand the value of the pretraining and finetuning steps, we consider multiple ablation models:</p><p>Hyper-ELC (only P): a pre-trained version of Hyper-ELC without any exposure to the templated finetuning data (the train set).</p><p>Hyper-ELC (only F): a randomly initialised (i.e. only finetuned) version of Hyper-ELC.</p><p>BERT (only F): a BERT model (base uncased) with its own initialisation followed by a randomly initialised classification layer, finetuned.</p><p>On the full WD50K dataset, Hyper-ELC achieved an MRR of 0.354, nearly identical to the state-of-the-art Hy-Transformer with 0.356. While Hy-Transformer achieved the best performance on Hits@1, Hyper-ELC achieved state-of-the-art on Hits@10.</p><p>On the smaller, purely hyper-relational WD50K (100) dataset, Hyper-ELC performed comparably to StarE but was outperformed by Hy-Transformer (see discussion in Section 7).</p></div>
<div xmlns="http://www.tei-c.org/ns/1.0"><head n="6.3">Link Prediction without a Training Graph</head><p>Finally, we focus specifically on hyper-relational link prediction with the ablated version of Hyper-ELC exposed only to the pre-training data (Table <ref type="table" target="#tab_3">3</ref>, last row, and Table <ref type="table" target="#tab_4">4</ref>). Hyper-ELC (only P) has some ability to perform inference, without any access to the training knowledge graph; it achieves an MRR of 0.087 and 0.207 on WD50K and WD50K (100) respectively, compared to 0.0003 and 0.0006 for the random model and 0.356 and 0.699 for the state-of-the-art Hy-Transformer. This approach could be very powerful in domains where expensive and time consuming curation of hyperrelational knowledge graphs is not feasible.</p><p>The significant performance difference between Hyper-ELC and Hyper-ELC (only P) can likely be partially attributed to the distributional shift in the language from pre-training to the templated format used in finetuning and evaluation on the "Ba- sic" dataset, where the templates are often stilted and ungrammatical. To test the hypothesis that improved templates could drive improved performance, we considered 37 of the roles/relationships that occur most frequently in the WD50K ( <ref type="formula">100</ref>) training dataset and altered some to make the templates for the "Clean" dataset to be more similar to the natural language occurring in the Wikipedia pre-training corpus; for instance, we improved the grammar with stop words like "the". Table <ref type="table">7</ref> in the appendix shows the 37 roles/relationships that we considered and the changes that we made. In Table <ref type="table" target="#tab_4">4</ref> we can see a performance increase from 0.207 MRR to 0.232 for Hyper-ELC (only P) with these simple template changes. However, we saw only a minimal improvement when finetuning was introduced, from 0.642 MRR to 0.645, suggesting that the model adapts effectively to the templated linguistic style with finetuning.</p><p>7 Discussion and Future Work</p><p>Here, we presented Hyper-ELC, the first purely natural language-based approach to n-ary link prediction and the first model to leverage literals in n-ary qualifiers. The natural language-based approach allows us to take advantage of pre-training on massive entity-linked corpora and easily leverage the detail present in hyper-relational facts.</p><p>Hyper-ELC matched state-of-the-art performance on WD50K and established state-of-the-art on a version of WikiPeople containing only literal qualifiers. However, it did not reach the performance of existing KG models on the full WikiPeople dataset. As shown in Table <ref type="table">6</ref>, Hyper-ELC tends to perform significantly worse than StarE on one-tomany relationships; e.g. ([MASK], SexOrGender, Male). One hypothesis for this result is that the softmax loss function used in training the model assumes a single correct answer out of all entities for a given masked template; for each unique training example, all competing entities (including valid ones) are treated as false. The objective function and negative sampling approach are therefore potential areas for investigation in future work.</p><p>In addition, we expect performance improvements by increasing coverage of relevant information for the entities of interest in the pre-training dataset. The WD50K and WikiPeople pre-training datasets only have 88.2% and 85.3% coverage of the WD50K and WikiPeoople entities, respectively. This could be achieved by improving the quality of the entity linking methodology used. Simple improvements could be made to our regex method, such as including the WikiData surface forms in the regex dictionaries. Even greater improvements could likely be made with feature based or neural entity linking methodologies.</p><p>Finally, we found that Hy-Transformer had the best performance on WD50K (100), though Hyper-ELC performed similarly to or better than the other KG baselines. <ref type="bibr" target="#b35">Yu and Yang (2021)</ref> propose that Hy-Transformer's auxiliary masked qualifier prediction task allows it to better leverage the train set, which could explain why Hy-Transformer performs well on the smaller train set in WD50K (100). A similar qualifier prediction task could also be investigated in the context of a language model, which we leave for future work.</p><p>Overall, our results show how a language model can leverage weakly relevant data (an entity-linked corpus) to reach strong performance on a complex link prediction task. In particular, we note that many practical relational inference problems do not exist in isolated domains where only a structured KG model is available; rather, they are loosely informed by massive, readily available unstructured natural language datasets. In these cases, the sheer quantity and variety of data available to language models, combined with their inherent flexibility in representing context, may swing the balance in their favour.</p></div><figure xmlns="http://www.tei-c.org/ns/1.0" xml:id="fig_0"><head>Figure 1 :</head><label>1</label><figDesc>Figure 1: N-ary query representation in KG vs. natural language frameworks. (a) In a knowledge graph, the primary triple query (USA, ElectedPresident, [MASK]) is augmented with an auxiliary link for qualifer information (InYear, 1960). Each entity or relationship is represented by a unique identifier. Qualifiers require the use of specialised encoder architectures; literal qualifiers like 1960 typically cannot be used at all. (b) We instead represent the query in a templated language model, where the qualifier detail can be directly appended.</figDesc><graphic coords="1,306.14,212.58,218.28,89.45" type="bitmap" /></figure>
<figure xmlns="http://www.tei-c.org/ns/1.0" xml:id="fig_1"><head>Figure 2 :</head><label>2</label><figDesc>Figure 2: Overview of the training procedure. The names in brackets below the labels are purely informative; as in the typical link prediction setup, we rank the unique identifiers. [Left] Entities of interest in the pre-training corpus are linked and replaced with mask tokens; the model is trained to predict the corresponding named entity of interest. [Right] The finetuning task is the same, but performed on automatically generated sentences from the train set. Surface forms are used for the other entities in each fact.</figDesc><graphic coords="4,70.86,70.85,453.58,177.01" type="bitmap" /></figure>
<figure xmlns="http://www.tei-c.org/ns/1.0" type="table" xml:id="tab_0"><head>Table 1 :</head><label>1</label><figDesc>Statistics of the datasets used in the experiments. The "Pre" and "Lit" labels on the datasets indicate pre-training and literal datasets, respectively. "M" indicates million. Validation set statistics have been left out for brevity, but they follow a similar pattern to the test set statistics. In the original WikiPeople source data, 10.9% of statements have literals in the qualifiers. The source data also includes 12,363 (3.3%) statements with a literal in the tail position, which are removed from all datasets.</figDesc><table><row><cell>Dataset</cell><cell cols="2">Statements Train Test</cell><cell cols="4">Statements w/ Qualifiers (%) Statements w/ Literals (%) Train Test Train Test</cell><cell>Entities</cell></row><row><cell>WikiPeople Pre WikiPeople WikiPeople Lit</cell><cell>37.4M 294,439 294,439</cell><cell>380,396 37,712 3,906</cell><cell>-2.6 12.1</cell><cell>-2.6 100</cell><cell>-0 10.9</cell><cell>-0 100</cell><cell>29,720 34,839 34,839</cell></row><row><cell>WD50K Pre WD50K WD50K (100)</cell><cell>48.6M 166,435 22,738</cell><cell>494,881 46,159 5,297</cell><cell>-13.8 100</cell><cell>-13.1 100</cell><cell>-0 0</cell><cell>-0 0</cell><cell>42,800 47,155 18,791</cell></row></table></figure>
<figure xmlns="http://www.tei-c.org/ns/1.0" type="table" xml:id="tab_2"><head>Table 2 :</head><label>2</label><figDesc>StarE repository 8 to reproduce StarE performance Performance comparison on the two WikiPeople-derived datasets. WikiPeople Literal evaluates only on examples with literal qualifiers (about 10.9% of the full test set) and filters ranking for evaluation with literals included. Methods above the line can encode literal terms, while methods below can't.</figDesc><table><row><cell>Method</cell><cell cols="4">WikiPeople Literal MRR H@1 H@10 MRR H@1 H@10 WikiPeople</cell></row><row><cell cols="2">NaLP-Fix HINGE StarE Hy-Transformer GRAN Hyper-ELC [UNK] 0.211 0.141 ----0.246 0.161 ----</cell><cell>--0.424 --0.347</cell><cell>0.420 0.343 0.476 0.415 0.491 0.398 0.501 0.426 0.503 0.438 0.415 0.325</cell><cell>0.556 0.585 0.648 0.634 0.620 0.566</cell></row><row><cell>Hyper-ELC</cell><cell>0.322 0.226</cell><cell>0.519</cell><cell>0.440 0.348</cell><cell>0.592</cell></row></table></figure>
<figure xmlns="http://www.tei-c.org/ns/1.0" type="table" xml:id="tab_3"><head>Table 3 :</head><label>3</label><figDesc>Performance comparison on the WD50K datasets. We train and test on the dataset indicated following the approach used by the baselines. Model names "only P" and "only F" indicate that only pre-training or finetuning was performed respectively. Methods above the line use the n-ary training graph, while those below do not.</figDesc><table><row><cell>Method</cell><cell></cell><cell>MRR</cell><cell>WD50K H@1</cell><cell>H@10</cell><cell>MRR</cell><cell cols="2">WD50K (100) H@1 H@10</cell></row><row><cell cols="2">NaLP-Fix HINGE StarE Hy-Transformer Hyper-ELC Hyper-ELC (only F) BERT (only F)</cell><cell>0.177 0.243 0.349 0.356 0.354 0.283 0.29</cell><cell>0.131 0.176 0.271 0.281 0.273 0.214 0.22</cell><cell>0.264 0.377 0.496 0.498 0.508 0.415 0.43</cell><cell>0.458 0.492 0.654 0.699 0.642 0.549 0.609</cell><cell></cell><cell>0.398 0.417 0.588 0.637 0.564 0.475 0.536</cell><cell>0.563 0.636 0.777 0.812 0.789 0.688 0.748</cell></row><row><cell cols="2">Random Hyper-ELC (only P)</cell><cell cols="5">&lt; 0.001 &lt; 0.0001 &lt; 0.001 &lt; 0.001 0.087 0.051 0.157 0.207</cell><cell>0.00 0.129</cell><cell>&lt; 0.001 0.360</cell></row><row><cell>Method</cell><cell>Dataset</cell><cell>WD50K (100)</cell><cell></cell><cell></cell><cell></cell><cell></cell></row><row><cell></cell><cell></cell><cell>MRR</cell><cell></cell><cell></cell><cell></cell><cell></cell></row><row><cell>Random</cell><cell>-</cell><cell>&lt; 0.001</cell><cell></cell><cell></cell><cell></cell><cell></cell></row><row><cell cols="2">Hyper-ELC (only P) Basic Hyper-ELC (only P) Cleaned</cell><cell>0.207 0.232</cell><cell></cell><cell></cell><cell></cell><cell></cell></row><row><cell>Hyper-ELC Hyper-ELC</cell><cell>Basic Cleaned</cell><cell>0.642 0.645</cell><cell></cell><cell></cell><cell></cell><cell></cell></row></table></figure>
<figure xmlns="http://www.tei-c.org/ns/1.0" type="table" xml:id="tab_4"><head>Table 4 :</head><label>4</label><figDesc>With some minor adjustments to the wording of some of the most frequent relationships/roles, to move from the "Basic" to the "Clean" dataset, we can boost performance for the model that doesn't have access to graph based training data. Here, "only P" indicates only pre-training, without finetuning.</figDesc><table /></figure>
			<note xmlns="http://www.tei-c.org/ns/1.0" place="foot" n="3" xml:id="foot_0">https://dumps.wikimedia.org/wikidatawiki/20190801/</note>
			<note xmlns="http://www.tei-c.org/ns/1.0" place="foot" n="4" xml:id="foot_1">https://www.wikidata.org/wiki/Special:EntityData</note>
			<note xmlns="http://www.tei-c.org/ns/1.0" place="foot" n="5" xml:id="foot_2">http://dl.fbaipublicfiles.com/BLINK/enwiki-pagesarticles.xml.bz2</note>
			<note xmlns="http://www.tei-c.org/ns/1.0" place="foot" n="6" xml:id="foot_3">6 https://github.com/RaRe-Technologies/gensim/ blob/develop/gensim/corpora/wikicorpus.</note>
			<note xmlns="http://www.tei-c.org/ns/1.0" place="foot" n="7" xml:id="foot_4">py 7 https://dumps.wikimedia.org/wikidatawiki/latest/ wikidatawiki-latest-wb_items_per_site.sql.gz</note>
			<note xmlns="http://www.tei-c.org/ns/1.0" place="foot" n="8" xml:id="foot_5">Hy-Transformer did not have a published codebase, and we were unable to successfully run the published GRAN code.</note>
		</body>
		<back>
			<div type="annex">
<div xmlns="http://www.tei-c.org/ns/1.0"> <ref type="table">7</ref><p>: 37 of the roles/relationships that occur most frequently in the WD50K (100) train dataset were considered and some were altered to make templates more similar to natural language -for example improving grammar.</p></div>			</div>
			<div type="references">

				<listBibl>

<biblStruct xml:id="b0">
	<analytic>
		<title level="a" type="main">Freebase: a collaboratively created graph database for structuring human knowledge</title>
		<author>
			<persName><forename type="first">Kurt</forename><surname>Bollacker</surname></persName>
		</author>
		<author>
			<persName><forename type="first">Colin</forename><surname>Evans</surname></persName>
		</author>
		<author>
			<persName><forename type="first">Praveen</forename><surname>Paritosh</surname></persName>
		</author>
		<author>
			<persName><forename type="first">Tim</forename><surname>Sturge</surname></persName>
		</author>
		<author>
			<persName><forename type="first">Jamie</forename><surname>Taylor</surname></persName>
		</author>
	</analytic>
	<monogr>
		<title level="m">Proceedings of the 2008 ACM SIG-MOD international conference on Management of data</title>
				<meeting>the 2008 ACM SIG-MOD international conference on Management of data</meeting>
		<imprint>
			<date type="published" when="2008">2008</date>
			<biblScope unit="page" from="1247" to="1250" />
		</imprint>
	</monogr>
	<note type="raw_reference">Kurt Bollacker, Colin Evans, Praveen Paritosh, Tim Sturge, and Jamie Taylor. 2008. Freebase: a collabo- ratively created graph database for structuring human knowledge. In Proceedings of the 2008 ACM SIG- MOD international conference on Management of data, pages 1247-1250.</note>
</biblStruct>

<biblStruct xml:id="b1">
	<analytic>
		<title level="a" type="main">Translating embeddings for modeling multirelational data</title>
		<author>
			<persName><forename type="first">Antoine</forename><surname>Bordes</surname></persName>
		</author>
		<author>
			<persName><forename type="first">Nicolas</forename><surname>Usunier</surname></persName>
		</author>
		<author>
			<persName><forename type="first">Alberto</forename><surname>Garcia-Duran</surname></persName>
		</author>
		<author>
			<persName><forename type="first">Jason</forename><surname>Weston</surname></persName>
		</author>
		<author>
			<persName><forename type="first">Oksana</forename><surname>Yakhnenko</surname></persName>
		</author>
	</analytic>
	<monogr>
		<title level="m">Advances in Neural Information Processing Systems</title>
				<imprint>
			<publisher>Curran Associates, Inc</publisher>
			<date type="published" when="2013">2013</date>
			<biblScope unit="volume">26</biblScope>
		</imprint>
	</monogr>
	<note type="raw_reference">Antoine Bordes, Nicolas Usunier, Alberto Garcia- Duran, Jason Weston, and Oksana Yakhnenko. 2013. Translating embeddings for modeling multi- relational data. In Advances in Neural Information Processing Systems, volume 26. Curran Associates, Inc.</note>
</biblStruct>

<biblStruct xml:id="b2">
	<monogr>
		<title level="m" type="main">Mlmlm: Link prediction with mean likelihood masked language model</title>
		<author>
			<persName><forename type="first">Louis</forename><surname>Clouâtre</surname></persName>
		</author>
		<author>
			<persName><forename type="first">Philippe</forename><surname>Trempe</surname></persName>
		</author>
		<author>
			<persName><forename type="first">Amal</forename><surname>Zouaq</surname></persName>
		</author>
		<author>
			<persName><forename type="first">A</forename><forename type="middle">P</forename><surname>Sarath Chandar</surname></persName>
		</author>
		<imprint>
			<date type="published" when="2021">2021</date>
		</imprint>
	</monogr>
	<note>In FINDINGS</note>
	<note type="raw_reference">Louis Clouâtre, Philippe Trempe, Amal Zouaq, and A. P. Sarath Chandar. 2021. Mlmlm: Link prediction with mean likelihood masked language model. In FINDINGS.</note>
</biblStruct>

<biblStruct xml:id="b3">
	<analytic>
		<title level="a" type="main">BERT: Pre-training of deep bidirectional transformers for language understanding</title>
		<author>
			<persName><forename type="first">Jacob</forename><surname>Devlin</surname></persName>
		</author>
		<author>
			<persName><forename type="first">Ming-Wei</forename><surname>Chang</surname></persName>
		</author>
		<author>
			<persName><forename type="first">Kenton</forename><surname>Lee</surname></persName>
		</author>
		<author>
			<persName><forename type="first">Kristina</forename><surname>Toutanova</surname></persName>
		</author>
		<idno type="DOI">10.18653/v1/N19-1423</idno>
	</analytic>
	<monogr>
		<title level="m">Proceedings of the 2019 Conference of the North American Chapter of the Association for Computational Linguistics: Human Language Technologies</title>
		<title level="s">Long and Short Papers</title>
		<meeting>the 2019 Conference of the North American Chapter of the Association for Computational Linguistics: Human Language Technologies<address><addrLine>Minneapolis, Minnesota</addrLine></address></meeting>
		<imprint>
			<publisher>Association for Computational Linguistics</publisher>
			<date type="published" when="2019">2019</date>
			<biblScope unit="volume">1</biblScope>
			<biblScope unit="page" from="4171" to="4186" />
		</imprint>
	</monogr>
	<note type="raw_reference">Jacob Devlin, Ming-Wei Chang, Kenton Lee, and Kristina Toutanova. 2019. BERT: Pre-training of deep bidirectional transformers for language under- standing. In Proceedings of the 2019 Conference of the North American Chapter of the Association for Computational Linguistics: Human Language Tech- nologies, Volume 1 (Long and Short Papers), pages 4171-4186, Minneapolis, Minnesota. Association for Computational Linguistics.</note>
</biblStruct>

<biblStruct xml:id="b4">
	<analytic>
		<title level="a" type="main">What BERT Is Not: Lessons from a New Suite of Psycholinguistic Diagnostics for Language Models</title>
		<author>
			<persName><forename type="first">Allyson</forename><surname>Ettinger</surname></persName>
		</author>
		<idno type="DOI">10.1162/tacl_a_00298</idno>
	</analytic>
	<monogr>
		<title level="j">Transactions of the Association for Computational Linguistics</title>
		<imprint>
			<biblScope unit="volume">8</biblScope>
			<biblScope unit="page" from="34" to="48" />
			<date type="published" when="2020">2020</date>
		</imprint>
	</monogr>
	<note type="raw_reference">Allyson Ettinger. 2020. What BERT Is Not: Lessons from a New Suite of Psycholinguistic Diagnostics for Language Models. Transactions of the Association for Computational Linguistics, 8:34-48.</note>
</biblStruct>

<biblStruct xml:id="b5">
	<monogr>
		<title level="m" type="main">Do neural language representations learn physical commonsense?</title>
		<author>
			<persName><forename type="first">Maxwell</forename><surname>Forbes</surname></persName>
		</author>
		<author>
			<persName><forename type="first">Ari</forename><surname>Holtzman</surname></persName>
		</author>
		<author>
			<persName><forename type="first">Yejin</forename><surname>Choi</surname></persName>
		</author>
		<idno>CoRR, abs/1908.02899</idno>
		<imprint>
			<date type="published" when="2019">2019</date>
		</imprint>
	</monogr>
	<note type="raw_reference">Maxwell Forbes, Ari Holtzman, and Yejin Choi. 2019. Do neural language representations learn physical commonsense? CoRR, abs/1908.02899.</note>
</biblStruct>

<biblStruct xml:id="b6">
	<monogr>
		<author>
			<persName><forename type="first">Mikhail</forename><surname>Galkin</surname></persName>
		</author>
		<author>
			<persName><forename type="first">Priyansh</forename><surname>Trivedi</surname></persName>
		</author>
		<author>
			<persName><forename type="first">Gaurav</forename><surname>Maheshwari</surname></persName>
		</author>
		<author>
			<persName><forename type="first">Ricardo</forename><surname>Usbeck</surname></persName>
		</author>
		<author>
			<persName><forename type="first">Jens</forename><surname>Lehmann</surname></persName>
		</author>
		<idno type="arXiv">arXiv:2009.10847</idno>
		<title level="m">Message passing for hyper-relational knowledge graphs</title>
				<imprint>
			<date type="published" when="2020">2020</date>
		</imprint>
	</monogr>
	<note type="report_type">arXiv preprint</note>
	<note type="raw_reference">Mikhail Galkin, Priyansh Trivedi, Gaurav Maheshwari, Ricardo Usbeck, and Jens Lehmann. 2020. Message passing for hyper-relational knowledge graphs. arXiv preprint arXiv:2009.10847.</note>
</biblStruct>

<biblStruct xml:id="b7">
	<monogr>
		<title level="m" type="main">Kblrn: End-to-end learning of knowledge base representations with latent, relational, and numerical features</title>
		<author>
			<persName><forename type="first">Alberto</forename><surname>García-Durán</surname></persName>
		</author>
		<author>
			<persName><forename type="first">Mathias</forename><surname>Niepert</surname></persName>
		</author>
		<idno type="arXiv">arXiv:1709.04676</idno>
		<imprint>
			<date type="published" when="2017">2017</date>
		</imprint>
	</monogr>
	<note type="report_type">arXiv preprint</note>
	<note type="raw_reference">Alberto García-Durán and Mathias Niepert. 2017. Kblrn: End-to-end learning of knowledge base rep- resentations with latent, relational, and numerical features. arXiv preprint arXiv:1709.04676.</note>
</biblStruct>

<biblStruct xml:id="b8">
	<analytic>
		<title level="a" type="main">Link prediction on n-ary relational data</title>
		<author>
			<persName><forename type="first">Saiping</forename><surname>Guan</surname></persName>
		</author>
		<author>
			<persName><forename type="first">Xiaolong</forename><surname>Jin</surname></persName>
		</author>
		<author>
			<persName><forename type="first">Yuanzhuo</forename><surname>Wang</surname></persName>
		</author>
		<author>
			<persName><forename type="first">Xueqi</forename><surname>Cheng</surname></persName>
		</author>
	</analytic>
	<monogr>
		<title level="m">The World Wide Web Conference</title>
				<imprint>
			<date type="published" when="2019">2019</date>
			<biblScope unit="page" from="583" to="593" />
		</imprint>
	</monogr>
	<note type="raw_reference">Saiping Guan, Xiaolong Jin, Yuanzhuo Wang, and Xueqi Cheng. 2019. Link prediction on n-ary re- lational data. In The World Wide Web Conference, pages 583-593.</note>
</biblStruct>

<biblStruct xml:id="b9">
	<analytic>
		<title level="a" type="main">A survey on knowledge graphs: Representation, acquisition, and applications</title>
		<author>
			<persName><forename type="first">Shaoxiong</forename><surname>Ji</surname></persName>
		</author>
		<author>
			<persName><forename type="first">Shirui</forename><surname>Pan</surname></persName>
		</author>
		<author>
			<persName><forename type="first">Erik</forename><surname>Cambria</surname></persName>
		</author>
		<author>
			<persName><forename type="first">Pekka</forename><surname>Marttinen</surname></persName>
		</author>
		<author>
			<persName><forename type="first">Philip</forename><surname>Yu</surname></persName>
		</author>
	</analytic>
	<monogr>
		<title level="m">IEEE Transactions on Neural Networks and Learning Systems</title>
				<imprint>
			<date type="published" when="2021">2021</date>
		</imprint>
	</monogr>
	<note type="raw_reference">Shaoxiong Ji, Shirui Pan, Erik Cambria, Pekka Martti- nen, and S Yu Philip. 2021. A survey on knowledge graphs: Representation, acquisition, and applications. IEEE Transactions on Neural Networks and Learning Systems.</note>
</biblStruct>

<biblStruct xml:id="b10">
	<monogr>
		<title level="m" type="main">How can we know what language models know? Transactions of the</title>
		<author>
			<persName><forename type="first">Zhengbao</forename><surname>Jiang</surname></persName>
		</author>
		<author>
			<persName><forename type="first">Frank</forename><forename type="middle">F</forename><surname>Xu</surname></persName>
		</author>
		<idno type="DOI">10.1162/tacl_a_00324</idno>
		<imprint>
			<date type="published" when="2020-06">Jun Araki, and Graham Neubig. 2020</date>
			<publisher>Association for Computational Linguistics</publisher>
			<biblScope unit="volume">8</biblScope>
			<biblScope unit="page" from="423" to="438" />
		</imprint>
	</monogr>
	<note type="raw_reference">Zhengbao Jiang, Frank F. Xu, Jun Araki, and Graham Neubig. 2020. How can we know what language models know? Transactions of the Association for Computational Linguistics, 8:423-438.</note>
</biblStruct>

<biblStruct xml:id="b11">
	<analytic>
		<title level="a" type="main">Multi-task learning for knowledge graph completion with pre-trained language models</title>
		<author>
			<persName><forename type="first">Bosung</forename><surname>Kim</surname></persName>
		</author>
		<author>
			<persName><forename type="first">Taesuk</forename><surname>Hong</surname></persName>
		</author>
		<author>
			<persName><forename type="first">Youngjoong</forename><surname>Ko</surname></persName>
		</author>
		<author>
			<persName><forename type="first">Jungyun</forename><surname>Seo</surname></persName>
		</author>
		<idno type="DOI">10.18653/v1/2020.coling-main.153</idno>
	</analytic>
	<monogr>
		<title level="m">Proceedings of the 28th International Conference on Computational Linguistics</title>
				<meeting>the 28th International Conference on Computational Linguistics<address><addrLine>Barcelona, Spain (Online</addrLine></address></meeting>
		<imprint>
			<date type="published" when="2020">2020</date>
			<biblScope unit="page" from="1737" to="1743" />
		</imprint>
	</monogr>
	<note>International Committee on Computational Linguistics</note>
	<note type="raw_reference">Bosung Kim, Taesuk Hong, Youngjoong Ko, and Jungyun Seo. 2020. Multi-task learning for knowl- edge graph completion with pre-trained language models. In Proceedings of the 28th International Conference on Computational Linguistics, pages 1737-1743, Barcelona, Spain (Online). International Committee on Computational Linguistics.</note>
</biblStruct>

<biblStruct xml:id="b12">
	<analytic>
		<title level="a" type="main">Incorporating literals into knowledge graph embeddings</title>
		<author>
			<persName><forename type="first">Agustinus</forename><surname>Kristiadi</surname></persName>
		</author>
		<author>
			<persName><forename type="first">Mohammad</forename><forename type="middle">Asif</forename><surname>Khan</surname></persName>
		</author>
		<author>
			<persName><forename type="first">Denis</forename><surname>Lukovnikov</surname></persName>
		</author>
		<author>
			<persName><forename type="first">Jens</forename><surname>Lehmann</surname></persName>
		</author>
		<author>
			<persName><forename type="first">Asja</forename><surname>Fischer</surname></persName>
		</author>
	</analytic>
	<monogr>
		<title level="m">International Semantic Web Conference</title>
				<imprint>
			<publisher>Springer</publisher>
			<date type="published" when="2019">2019</date>
			<biblScope unit="page" from="347" to="363" />
		</imprint>
	</monogr>
	<note type="raw_reference">Agustinus Kristiadi, Mohammad Asif Khan, Denis Lukovnikov, Jens Lehmann, and Asja Fischer. 2019. Incorporating literals into knowledge graph embed- dings. In International Semantic Web Conference, pages 347-363. Springer.</note>
</biblStruct>

<biblStruct xml:id="b13">
	<analytic>
		<title level="a" type="main">Zero-shot entity linking with dense entity retrieval</title>
		<author>
			<persName><forename type="first">Martin</forename><surname>Josifoski</surname></persName>
		</author>
		<author>
			<persName><forename type="first">Sebastian</forename><surname>Riedel</surname></persName>
		</author>
		<author>
			<persName><forename type="first">Luke</forename><surname>Zettlemoyer</surname></persName>
		</author>
		<author>
			<persName><forename type="first">Ledell</forename><surname>Wu</surname></persName>
		</author>
		<author>
			<persName><forename type="first">Fabio</forename><surname>Petroni</surname></persName>
		</author>
	</analytic>
	<monogr>
		<title level="m">EMNLP</title>
				<imprint>
			<date type="published" when="2020">2020</date>
		</imprint>
	</monogr>
	<note type="raw_reference">Martin Josifoski Sebastian Riedel Luke Zettlemoyer Ledell Wu, Fabio Petroni. 2020. Zero-shot entity linking with dense entity retrieval. In EMNLP.</note>
</biblStruct>

<biblStruct xml:id="b14">
	<monogr>
		<title level="m" type="main">Open sesame: Getting inside bert&apos;s linguistic knowledge</title>
		<author>
			<persName><forename type="first">Yongjie</forename><surname>Lin</surname></persName>
		</author>
		<author>
			<persName><forename type="first">Yi</forename><surname>Chern Tan</surname></persName>
		</author>
		<author>
			<persName><forename type="first">Roberta</forename><surname>Frank</surname></persName>
		</author>
		<idno>ArXiv, abs/1906.01698</idno>
		<imprint>
			<date type="published" when="2019">2019</date>
		</imprint>
	</monogr>
	<note type="raw_reference">Yongjie Lin, Yi Chern Tan, and Roberta Frank. 2019. Open sesame: Getting inside bert&apos;s linguistic knowl- edge. ArXiv, abs/1906.01698.</note>
</biblStruct>

<biblStruct xml:id="b15">
	<analytic>
		<title level="a" type="main">Generalizing tensor decomposition for n-ary relational knowledge bases</title>
		<author>
			<persName><forename type="first">Yu</forename><surname>Liu</surname></persName>
		</author>
		<author>
			<persName><forename type="first">Quanming</forename><surname>Yao</surname></persName>
		</author>
		<author>
			<persName><forename type="first">Yong</forename><surname>Li</surname></persName>
		</author>
	</analytic>
	<monogr>
		<title level="m">Proceedings of The Web Conference 2020</title>
				<meeting>The Web Conference 2020</meeting>
		<imprint>
			<date type="published" when="2020">2020</date>
			<biblScope unit="page" from="1104" to="1114" />
		</imprint>
	</monogr>
	<note type="raw_reference">Yu Liu, Quanming Yao, and Yong Li. 2020. Generaliz- ing tensor decomposition for n-ary relational knowl- edge bases. In Proceedings of The Web Conference 2020, pages 1104-1114.</note>
</biblStruct>

<biblStruct xml:id="b16">
	<analytic>
		<title level="a" type="main">Constructing knowledge graphs and their biomedical applications</title>
		<author>
			<persName><forename type="first">David</forename><forename type="middle">N</forename><surname>Nicholson</surname></persName>
		</author>
		<author>
			<persName><forename type="first">Casey</forename><forename type="middle">S</forename><surname>Greene</surname></persName>
		</author>
		<idno type="DOI">10.1016/j.csbj.2020.05.017</idno>
	</analytic>
	<monogr>
		<title level="j">Computational and Structural Biotechnology Journal</title>
		<imprint>
			<biblScope unit="volume">18</biblScope>
			<biblScope unit="page" from="1414" to="1428" />
			<date type="published" when="2020">2020</date>
		</imprint>
	</monogr>
	<note type="raw_reference">David N. Nicholson and Casey S. Greene. 2020. Con- structing knowledge graphs and their biomedical ap- plications. Computational and Structural Biotechnol- ogy Journal, 18:1414-1428.</note>
</biblStruct>

<biblStruct xml:id="b17">
	<analytic>
		<title level="a" type="main">Anton Bakhtin</title>
		<author>
			<persName><forename type="first">Fabio</forename><surname>Petroni</surname></persName>
		</author>
		<author>
			<persName><forename type="first">Tim</forename><surname>Rocktäschel</surname></persName>
		</author>
		<author>
			<persName><forename type="first">Patrick</forename><surname>Lewis</surname></persName>
		</author>
		<author>
			<persName><forename type="first">Yuxiang</forename><surname>Wu</surname></persName>
		</author>
		<author>
			<persName><forename type="first">Alexander</forename><forename type="middle">H</forename><surname>Miller</surname></persName>
		</author>
		<author>
			<persName><forename type="first">Sebastian</forename><surname>Riedel</surname></persName>
		</author>
		<idno type="arXiv">arXiv:1909.01066</idno>
	</analytic>
	<monogr>
		<title level="m">Language models as knowledge bases?</title>
				<imprint>
			<date type="published" when="2019">2019</date>
		</imprint>
	</monogr>
	<note type="report_type">arXiv preprint</note>
	<note type="raw_reference">Fabio Petroni, Tim Rocktäschel, Patrick Lewis, An- ton Bakhtin, Yuxiang Wu, Alexander H Miller, and Sebastian Riedel. 2019. Language models as knowl- edge bases? arXiv preprint arXiv:1909.01066.</note>
</biblStruct>

<biblStruct xml:id="b18">
	<analytic>
		<title level="a" type="main">How much knowledge can you pack into the parameters of a language model?</title>
		<author>
			<persName><forename type="first">Adam</forename><surname>Roberts</surname></persName>
		</author>
		<author>
			<persName><forename type="first">Colin</forename><surname>Raffel</surname></persName>
		</author>
		<author>
			<persName><forename type="first">Noam</forename><surname>Shazeer</surname></persName>
		</author>
		<idno type="DOI">10.18653/v1/2020.emnlp-main.437</idno>
	</analytic>
	<monogr>
		<title level="m">Proceedings of the 2020 Conference on Empirical Methods in Natural Language Processing (EMNLP)</title>
				<meeting>the 2020 Conference on Empirical Methods in Natural Language Processing (EMNLP)</meeting>
		<imprint>
			<publisher>Online. Association for Computational Linguistics</publisher>
			<date type="published" when="2020">2020</date>
			<biblScope unit="page" from="5418" to="5426" />
		</imprint>
	</monogr>
	<note type="raw_reference">Adam Roberts, Colin Raffel, and Noam Shazeer. 2020. How much knowledge can you pack into the param- eters of a language model? In Proceedings of the 2020 Conference on Empirical Methods in Natural Language Processing (EMNLP), pages 5418-5426, Online. Association for Computational Linguistics.</note>
</biblStruct>

<biblStruct xml:id="b19">
	<analytic>
		<title level="a" type="main">Beyond triplets: hyper-relational knowledge graph embedding for link prediction</title>
		<author>
			<persName><forename type="first">Paolo</forename><surname>Rosso</surname></persName>
		</author>
		<author>
			<persName><forename type="first">Dingqi</forename><surname>Yang</surname></persName>
		</author>
		<author>
			<persName><forename type="first">Philippe</forename><surname>Cudré-Mauroux</surname></persName>
		</author>
	</analytic>
	<monogr>
		<title level="m">Proceedings of The Web Conference 2020</title>
				<meeting>The Web Conference 2020</meeting>
		<imprint>
			<date type="published" when="2020">2020</date>
			<biblScope unit="page" from="1885" to="1896" />
		</imprint>
	</monogr>
	<note type="raw_reference">Paolo Rosso, Dingqi Yang, and Philippe Cudré- Mauroux. 2020. Beyond triplets: hyper-relational knowledge graph embedding for link prediction. In Proceedings of The Web Conference 2020, pages 1885-1896.</note>
</biblStruct>

<biblStruct xml:id="b20">
	<analytic>
		<title level="a" type="main">AutoPrompt: Eliciting Knowledge from Language Models with Automatically Generated Prompts</title>
		<author>
			<persName><forename type="first">Taylor</forename><surname>Shin</surname></persName>
		</author>
		<author>
			<persName><forename type="first">Yasaman</forename><surname>Razeghi</surname></persName>
		</author>
		<author>
			<persName><forename type="first">Robert</forename><forename type="middle">L</forename><surname>Logan</surname></persName>
		</author>
		<author>
			<persName><forename type="first">I</forename><forename type="middle">V</forename></persName>
		</author>
		<author>
			<persName><forename type="first">Eric</forename><surname>Wallace</surname></persName>
		</author>
		<author>
			<persName><forename type="first">Sameer</forename><surname>Singh</surname></persName>
		</author>
		<idno type="DOI">10.18653/v1/2020.emnlp-main.346</idno>
	</analytic>
	<monogr>
		<title level="m">Proceedings of the 2020 Conference on Empirical Methods in Natural Language Processing (EMNLP)</title>
				<meeting>the 2020 Conference on Empirical Methods in Natural Language Processing (EMNLP)</meeting>
		<imprint>
			<publisher>Online. Association for Computational Linguistics</publisher>
			<date type="published" when="2020">2020</date>
			<biblScope unit="page" from="4222" to="4235" />
		</imprint>
	</monogr>
	<note type="raw_reference">Taylor Shin, Yasaman Razeghi, Robert L. Logan IV, Eric Wallace, and Sameer Singh. 2020. AutoPrompt: Elic- iting Knowledge from Language Models with Auto- matically Generated Prompts. In Proceedings of the 2020 Conference on Empirical Methods in Natural Language Processing (EMNLP), pages 4222-4235, Online. Association for Computational Linguistics.</note>
</biblStruct>

<biblStruct xml:id="b21">
	<monogr>
		<title level="m" type="main">Pretraining is (almost) all you need: An application to commonsense reasoning</title>
		<author>
			<persName><forename type="first">Alexandre</forename><surname>Tamborrino</surname></persName>
		</author>
		<author>
			<persName><forename type="first">Nicola</forename><surname>Pellicanò</surname></persName>
		</author>
		<idno>ArXiv, abs/2004.14074</idno>
		<imprint>
			<date type="published" when="2020">2020</date>
		</imprint>
	</monogr>
	<note>Baptiste Pannier, Pascal Voitot, and Louise Naudin</note>
	<note type="raw_reference">Alexandre Tamborrino, Nicola Pellicanò, Baptiste Pan- nier, Pascal Voitot, and Louise Naudin. 2020. Pre- training is (almost) all you need: An application to commonsense reasoning. ArXiv, abs/2004.14074.</note>
</biblStruct>

<biblStruct xml:id="b22">
	<analytic>
		<title level="a" type="main">Multi-task neural network for nondiscrete attribute prediction in knowledge graphs</title>
		<author>
			<persName><forename type="first">Yi</forename><surname>Tay</surname></persName>
		</author>
		<author>
			<persName><forename type="first">Anh</forename><surname>Luu</surname></persName>
		</author>
		<author>
			<persName><forename type="first">Minh</forename><forename type="middle">C</forename><surname>Tuan</surname></persName>
		</author>
		<author>
			<persName><forename type="first">Siu</forename><forename type="middle">Cheung</forename><surname>Phan</surname></persName>
		</author>
		<author>
			<persName><surname>Hui</surname></persName>
		</author>
	</analytic>
	<monogr>
		<title level="m">Proceedings of the 2017 ACM on Conference on Information and Knowledge Management</title>
				<meeting>the 2017 ACM on Conference on Information and Knowledge Management</meeting>
		<imprint>
			<date type="published" when="2017">2017</date>
			<biblScope unit="page" from="1029" to="1038" />
		</imprint>
	</monogr>
	<note type="raw_reference">Yi Tay, Luu Anh Tuan, Minh C Phan, and Siu Che- ung Hui. 2017. Multi-task neural network for non- discrete attribute prediction in knowledge graphs. In Proceedings of the 2017 ACM on Conference on In- formation and Knowledge Management, pages 1029- 1038.</note>
</biblStruct>

<biblStruct xml:id="b23">
	<monogr>
		<title level="m" type="main">What do you learn from context? probing for sentence structure in contextualized word representations</title>
		<author>
			<persName><forename type="first">Ian</forename><surname>Tenney</surname></persName>
		</author>
		<author>
			<persName><forename type="first">Patrick</forename><surname>Xia</surname></persName>
		</author>
		<author>
			<persName><forename type="first">Berlin</forename><surname>Chen</surname></persName>
		</author>
		<author>
			<persName><forename type="first">Alex</forename><surname>Wang</surname></persName>
		</author>
		<author>
			<persName><forename type="first">Adam</forename><surname>Poliak</surname></persName>
		</author>
		<author>
			<persName><forename type="first">R</forename><forename type="middle">Thomas</forename><surname>Mccoy</surname></persName>
		</author>
		<author>
			<persName><forename type="first">Najoung</forename><surname>Kim</surname></persName>
		</author>
		<author>
			<persName><forename type="first">Benjamin</forename><surname>Van Durme</surname></persName>
		</author>
		<author>
			<persName><forename type="first">Samuel</forename><forename type="middle">R</forename><surname>Bowman</surname></persName>
		</author>
		<author>
			<persName><forename type="first">Dipanjan</forename><surname>Das</surname></persName>
		</author>
		<author>
			<persName><forename type="first">Ellie</forename><surname>Pavlick</surname></persName>
		</author>
		<idno>ArXiv, abs/1905.06316</idno>
		<imprint>
			<date type="published" when="2019">2019</date>
		</imprint>
	</monogr>
	<note type="raw_reference">Ian Tenney, Patrick Xia, Berlin Chen, Alex Wang, Adam Poliak, R. Thomas McCoy, Najoung Kim, Benjamin Van Durme, Samuel R. Bowman, Dipanjan Das, and Ellie Pavlick. 2019. What do you learn from context? probing for sentence structure in contextual- ized word representations. ArXiv, abs/1905.06316.</note>
</biblStruct>

<biblStruct xml:id="b24">
	<analytic>
		<title level="a" type="main">Attention is all you need</title>
		<author>
			<persName><forename type="first">Ashish</forename><surname>Vaswani</surname></persName>
		</author>
		<author>
			<persName><forename type="first">Noam</forename><surname>Shazeer</surname></persName>
		</author>
		<author>
			<persName><forename type="first">Niki</forename><surname>Parmar</surname></persName>
		</author>
		<author>
			<persName><forename type="first">Jakob</forename><surname>Uszkoreit</surname></persName>
		</author>
		<author>
			<persName><forename type="first">Llion</forename><surname>Jones</surname></persName>
		</author>
		<author>
			<persName><forename type="first">Aidan</forename><forename type="middle">N</forename><surname>Gomez</surname></persName>
		</author>
		<author>
			<persName><forename type="first">Ł</forename><surname>Kaiser</surname></persName>
		</author>
		<author>
			<persName><forename type="first">Illia</forename><surname>Polosukhin</surname></persName>
		</author>
	</analytic>
	<monogr>
		<title level="m">Advances in Neural Information Processing Systems</title>
				<imprint>
			<publisher>Curran Associates, Inc</publisher>
			<date type="published" when="2017">2017</date>
			<biblScope unit="volume">30</biblScope>
		</imprint>
	</monogr>
	<note type="raw_reference">Ashish Vaswani, Noam Shazeer, Niki Parmar, Jakob Uszkoreit, Llion Jones, Aidan N Gomez, Ł ukasz Kaiser, and Illia Polosukhin. 2017. Attention is all you need. In Advances in Neural Information Pro- cessing Systems, volume 30. Curran Associates, Inc.</note>
</biblStruct>

<biblStruct xml:id="b25">
	<analytic>
		<title level="a" type="main">Wikidata: a free collaborative knowledgebase</title>
		<author>
			<persName><forename type="first">Denny</forename><surname>Vrandečić</surname></persName>
		</author>
		<author>
			<persName><forename type="first">Markus</forename><surname>Krötzsch</surname></persName>
		</author>
	</analytic>
	<monogr>
		<title level="j">Communications of the ACM</title>
		<imprint>
			<biblScope unit="volume">57</biblScope>
			<biblScope unit="issue">10</biblScope>
			<biblScope unit="page" from="78" to="85" />
			<date type="published" when="2014">2014</date>
		</imprint>
	</monogr>
	<note type="raw_reference">Denny Vrandečić and Markus Krötzsch. 2014. Wiki- data: a free collaborative knowledgebase. Communi- cations of the ACM, 57(10):78-85.</note>
</biblStruct>

<biblStruct xml:id="b26">
	<analytic>
		<title level="a" type="main">Do NLP models know numbers? probing numeracy in embeddings</title>
		<author>
			<persName><forename type="first">Eric</forename><surname>Wallace</surname></persName>
		</author>
		<author>
			<persName><forename type="first">Yizhong</forename><surname>Wang</surname></persName>
		</author>
		<author>
			<persName><forename type="first">Sujian</forename><surname>Li</surname></persName>
		</author>
		<author>
			<persName><forename type="first">Sameer</forename><surname>Singh</surname></persName>
		</author>
		<author>
			<persName><forename type="first">Matt</forename><surname>Gardner</surname></persName>
		</author>
		<idno type="DOI">10.18653/v1/D19-1534</idno>
	</analytic>
	<monogr>
		<title level="m">Proceedings of the 2019 Conference on Empirical Methods in Natural Language Processing and the 9th International Joint Conference on Natural Language Processing (EMNLP-IJCNLP)</title>
				<meeting>the 2019 Conference on Empirical Methods in Natural Language Processing and the 9th International Joint Conference on Natural Language Processing (EMNLP-IJCNLP)<address><addrLine>Hong Kong, China</addrLine></address></meeting>
		<imprint>
			<date type="published" when="2019">2019</date>
			<biblScope unit="page" from="5307" to="5315" />
		</imprint>
	</monogr>
	<note>Association for Computational Linguistics</note>
	<note type="raw_reference">Eric Wallace, Yizhong Wang, Sujian Li, Sameer Singh, and Matt Gardner. 2019. Do NLP models know num- bers? probing numeracy in embeddings. In Proceed- ings of the 2019 Conference on Empirical Methods in Natural Language Processing and the 9th Inter- national Joint Conference on Natural Language Pro- cessing (EMNLP-IJCNLP), pages 5307-5315, Hong Kong, China. Association for Computational Linguis- tics.</note>
</biblStruct>

<biblStruct xml:id="b27">
	<analytic>
		<title level="a" type="main">Structure-augmented text representation learning for efficient knowledge graph completion</title>
		<author>
			<persName><forename type="first">Bo</forename><surname>Wang</surname></persName>
		</author>
		<author>
			<persName><forename type="first">Tao</forename><surname>Shen</surname></persName>
		</author>
		<author>
			<persName><forename type="first">Guodong</forename><surname>Long</surname></persName>
		</author>
		<author>
			<persName><forename type="first">Tianyi</forename><surname>Zhou</surname></persName>
		</author>
		<author>
			<persName><forename type="first">Ying</forename><surname>Wang</surname></persName>
		</author>
		<author>
			<persName><forename type="first">Yi</forename><surname>Chang</surname></persName>
		</author>
		<idno type="DOI">10.1145/3442381.3450043</idno>
	</analytic>
	<monogr>
		<title level="m">Proceedings of the Web Conference 2021, WWW &apos;21</title>
				<meeting>the Web Conference 2021, WWW &apos;21<address><addrLine>New York, NY, USA</addrLine></address></meeting>
		<imprint>
			<publisher>Association for Computing Machinery</publisher>
			<date type="published" when="2021">2021a</date>
			<biblScope unit="page" from="1737" to="1748" />
		</imprint>
	</monogr>
	<note type="raw_reference">Bo Wang, Tao Shen, Guodong Long, Tianyi Zhou, Ying Wang, and Yi Chang. 2021a. Structure-augmented text representation learning for efficient knowledge graph completion. In Proceedings of the Web Confer- ence 2021, WWW &apos;21, page 1737-1748, New York, NY, USA. Association for Computing Machinery.</note>
</biblStruct>

<biblStruct xml:id="b28">
	<monogr>
		<author>
			<persName><forename type="first">Quan</forename><surname>Wang</surname></persName>
		</author>
		<author>
			<persName><forename type="first">Haifeng</forename><surname>Wang</surname></persName>
		</author>
		<author>
			<persName><forename type="first">Yajuan</forename><surname>Lyu</surname></persName>
		</author>
		<author>
			<persName><forename type="first">Yong</forename><surname>Zhu</surname></persName>
		</author>
		<idno type="arXiv">arXiv:2105.08476</idno>
		<title level="m">Link prediction on n-ary relational facts: A graph-based approach</title>
				<imprint>
			<date type="published" when="2021">2021b</date>
		</imprint>
	</monogr>
	<note type="report_type">arXiv preprint</note>
	<note type="raw_reference">Quan Wang, Haifeng Wang, Yajuan Lyu, and Yong Zhu. 2021b. Link prediction on n-ary relational facts: A graph-based approach. arXiv preprint arXiv:2105.08476.</note>
</biblStruct>

<biblStruct xml:id="b29">
	<analytic>
		<title level="a" type="main">Knowledge graph embedding by translating on hyperplanes</title>
		<author>
			<persName><forename type="first">Zhen</forename><surname>Wang</surname></persName>
		</author>
		<author>
			<persName><forename type="first">Jianwen</forename><surname>Zhang</surname></persName>
		</author>
		<author>
			<persName><forename type="first">Jianlin</forename><surname>Feng</surname></persName>
		</author>
		<author>
			<persName><forename type="first">Zheng</forename><surname>Chen</surname></persName>
		</author>
	</analytic>
	<monogr>
		<title level="m">Proceedings of the AAAI Conference on Artificial Intelligence</title>
				<meeting>the AAAI Conference on Artificial Intelligence</meeting>
		<imprint>
			<date type="published" when="2014">2014</date>
			<biblScope unit="volume">28</biblScope>
		</imprint>
	</monogr>
	<note type="raw_reference">Zhen Wang, Jianwen Zhang, Jianlin Feng, and Zheng Chen. 2014. Knowledge graph embedding by trans- lating on hyperplanes. In Proceedings of the AAAI Conference on Artificial Intelligence, volume 28.</note>
</biblStruct>

<biblStruct xml:id="b30">
	<monogr>
		<author>
			<persName><forename type="first">Jianfeng</forename><surname>Wen</surname></persName>
		</author>
		<author>
			<persName><forename type="first">Jianxin</forename><surname>Li</surname></persName>
		</author>
		<author>
			<persName><forename type="first">Yongyi</forename><surname>Mao</surname></persName>
		</author>
		<author>
			<persName><forename type="first">Shini</forename><surname>Chen</surname></persName>
		</author>
		<author>
			<persName><forename type="first">Richong</forename><surname>Zhang</surname></persName>
		</author>
		<idno type="arXiv">arXiv:1604.08642</idno>
		<title level="m">On the representation and embedding of knowledge bases beyond binary relations</title>
				<imprint>
			<date type="published" when="2016">2016</date>
		</imprint>
	</monogr>
	<note type="report_type">arXiv preprint</note>
	<note type="raw_reference">Jianfeng Wen, Jianxin Li, Yongyi Mao, Shini Chen, and Richong Zhang. 2016. On the representation and embedding of knowledge bases beyond binary relations. arXiv preprint arXiv:1604.08642.</note>
</biblStruct>

<biblStruct xml:id="b31">
	<analytic>
		<title level="a" type="main">Knowledge graph embedding with numeric attributes of entities</title>
		<author>
			<persName><forename type="first">Yanrong</forename><surname>Wu</surname></persName>
		</author>
		<author>
			<persName><forename type="first">Zhichun</forename><surname>Wang</surname></persName>
		</author>
	</analytic>
	<monogr>
		<title level="m">Proceedings of The Third Workshop on Representation Learning for NLP</title>
				<meeting>The Third Workshop on Representation Learning for NLP</meeting>
		<imprint>
			<date type="published" when="2018">2018</date>
			<biblScope unit="page" from="132" to="136" />
		</imprint>
	</monogr>
	<note type="raw_reference">Yanrong Wu and Zhichun Wang. 2018. Knowledge graph embedding with numeric attributes of entities. In Proceedings of The Third Workshop on Represen- tation Learning for NLP, pages 132-136.</note>
</biblStruct>

<biblStruct xml:id="b32">
	<analytic>
		<title level="a" type="main">Representation learning of knowledge graphs with entity descriptions</title>
		<author>
			<persName><forename type="first">Ruobing</forename><surname>Xie</surname></persName>
		</author>
		<author>
			<persName><forename type="first">Zhiyuan</forename><surname>Liu</surname></persName>
		</author>
		<author>
			<persName><forename type="first">Jia</forename><surname>Jia</surname></persName>
		</author>
		<author>
			<persName><forename type="first">Huanbo</forename><surname>Luan</surname></persName>
		</author>
		<author>
			<persName><forename type="first">Maosong</forename><surname>Sun</surname></persName>
		</author>
	</analytic>
	<monogr>
		<title level="m">Proceedings of the AAAI Conference on Artificial Intelligence</title>
				<meeting>the AAAI Conference on Artificial Intelligence</meeting>
		<imprint>
			<date type="published" when="2016">2016</date>
			<biblScope unit="volume">30</biblScope>
		</imprint>
	</monogr>
	<note type="raw_reference">Ruobing Xie, Zhiyuan Liu, Jia Jia, Huanbo Luan, and Maosong Sun. 2016. Representation learning of knowledge graphs with entity descriptions. In Pro- ceedings of the AAAI Conference on Artificial Intelli- gence, volume 30.</note>
</biblStruct>

<biblStruct xml:id="b33">
	<monogr>
		<title level="m" type="main">Knowledge graph representation with jointly structural and textual encoding</title>
		<author>
			<persName><forename type="first">Jiacheng</forename><surname>Xu</surname></persName>
		</author>
		<author>
			<persName><forename type="first">Kan</forename><surname>Chen</surname></persName>
		</author>
		<author>
			<persName><forename type="first">Xipeng</forename><surname>Qiu</surname></persName>
		</author>
		<author>
			<persName><forename type="first">Xuanjing</forename><surname>Huang</surname></persName>
		</author>
		<idno type="arXiv">arXiv:1611.08661</idno>
		<imprint>
			<date type="published" when="2016">2016</date>
		</imprint>
	</monogr>
	<note type="report_type">arXiv preprint</note>
	<note type="raw_reference">Jiacheng Xu, Kan Chen, Xipeng Qiu, and Xuanjing Huang. 2016. Knowledge graph representation with jointly structural and textual encoding. arXiv preprint arXiv:1611.08661.</note>
</biblStruct>

<biblStruct xml:id="b34">
	<monogr>
		<title level="m" type="main">Kgbert: Bert for knowledge graph completion</title>
		<author>
			<persName><forename type="first">Liang</forename><surname>Yao</surname></persName>
		</author>
		<author>
			<persName><forename type="first">Chengsheng</forename><surname>Mao</surname></persName>
		</author>
		<author>
			<persName><forename type="first">Yuan</forename><surname>Luo</surname></persName>
		</author>
		<idno>ArXiv, abs/1909.03193</idno>
		<imprint>
			<date type="published" when="2019">2019</date>
		</imprint>
	</monogr>
	<note type="raw_reference">Liang Yao, Chengsheng Mao, and Yuan Luo. 2019. Kg- bert: Bert for knowledge graph completion. ArXiv, abs/1909.03193.</note>
</biblStruct>

<biblStruct xml:id="b35">
	<monogr>
		<title level="m" type="main">Improving hyper-relational knowledge graph completion</title>
		<author>
			<persName><forename type="first">Donghan</forename><surname>Yu</surname></persName>
		</author>
		<author>
			<persName><forename type="first">Yiming</forename><surname>Yang</surname></persName>
		</author>
		<idno type="arXiv">arXiv:2104.08167</idno>
		<imprint>
			<date type="published" when="2021">2021</date>
		</imprint>
	</monogr>
	<note type="report_type">arXiv preprint</note>
	<note type="raw_reference">Donghan Yu and Yiming Yang. 2021. Improving hyper-relational knowledge graph completion. arXiv preprint arXiv:2104.08167.</note>
</biblStruct>

<biblStruct xml:id="b36">
	<analytic>
		<title level="a" type="main">Scalable instance reconstruction in knowledge bases via relatedness affiliated embedding</title>
		<author>
			<persName><forename type="first">Richong</forename><surname>Zhang</surname></persName>
		</author>
		<author>
			<persName><forename type="first">Junpeng</forename><surname>Li</surname></persName>
		</author>
		<author>
			<persName><forename type="first">Jiajie</forename><surname>Mei</surname></persName>
		</author>
		<author>
			<persName><forename type="first">Yongyi</forename><surname>Mao</surname></persName>
		</author>
	</analytic>
	<monogr>
		<title level="m">Proceedings of the 2018 World Wide Web Conference</title>
				<meeting>the 2018 World Wide Web Conference</meeting>
		<imprint>
			<date type="published" when="2018">2018</date>
			<biblScope unit="page" from="1185" to="1194" />
		</imprint>
	</monogr>
	<note type="raw_reference">Richong Zhang, Junpeng Li, Jiajie Mei, and Yongyi Mao. 2018. Scalable instance reconstruction in knowledge bases via relatedness affiliated embed- ding. In Proceedings of the 2018 World Wide Web Conference, pages 1185-1194.</note>
</biblStruct>

<biblStruct xml:id="b37">
	<monogr>
		<title level="m" type="main">A Appendices</title>
		<imprint/>
	</monogr>
	<note type="raw_reference">A Appendices</note>
</biblStruct>

				</listBibl>
			</div>
		</back>
	</text>
</TEI>
