<?xml version="1.0" encoding="UTF-8"?>
<TEI xml:space="preserve" xmlns="http://www.tei-c.org/ns/1.0" 
xmlns:xsi="http://www.w3.org/2001/XMLSchema-instance" 
xsi:schemaLocation="http://www.tei-c.org/ns/1.0 https://raw.githubusercontent.com/kermitt2/grobid/master/grobid-home/schemas/xsd/Grobid.xsd"
 xmlns:xlink="http://www.w3.org/1999/xlink">
	<teiHeader xml:lang="en">
		<fileDesc>
			<titleStmt>
				<title level="a" type="main">Learning Structural Information for Syntax-Controlled Paraphrase Generation</title>
			</titleStmt>
			<publicationStmt>
				<publisher/>
				<availability status="unknown"><licence/></availability>
			</publicationStmt>
			<sourceDesc>
				<biblStruct>
					<analytic>
						<author>
							<persName><forename type="first">Erguang</forename><surname>Yang</surname></persName>
							<email>egyang@bjtu.edu.cn</email>
							<affiliation key="aff0">
								<orgName type="department">School of Computer and Information Technology</orgName>
								<orgName type="institution">Beijing Jiaotong University</orgName>
								<address>
									<settlement>Beijing</settlement>
									<country key="CN">China</country>
								</address>
							</affiliation>
						</author>
						<author>
							<persName><forename type="first">Chenglin</forename><surname>Bai</surname></persName>
							<email>chenglin.bai@bjtu.edu.cn</email>
							<affiliation key="aff0">
								<orgName type="department">School of Computer and Information Technology</orgName>
								<orgName type="institution">Beijing Jiaotong University</orgName>
								<address>
									<settlement>Beijing</settlement>
									<country key="CN">China</country>
								</address>
							</affiliation>
						</author>
						<author>
							<persName><forename type="first">Deyi</forename><surname>Xiong</surname></persName>
							<email>dyxiong@tju.edu.cn</email>
							<affiliation key="aff1">
								<orgName type="department">College of Intelligence and Computing</orgName>
								<orgName type="institution">Tianjin University</orgName>
								<address>
									<settlement>Tianjin</settlement>
									<country key="CN">China</country>
								</address>
							</affiliation>
						</author>
						<author>
							<persName><forename type="first">Yujie</forename><surname>Zhang</surname></persName>
							<email>yjzhang@bjtu.edu.cn</email>
							<affiliation key="aff0">
								<orgName type="department">School of Computer and Information Technology</orgName>
								<orgName type="institution">Beijing Jiaotong University</orgName>
								<address>
									<settlement>Beijing</settlement>
									<country key="CN">China</country>
								</address>
							</affiliation>
						</author>
						<author>
							<persName><forename type="first">Yao</forename><surname>Meng</surname></persName>
							<email>yaomeng1@lenovo.com</email>
							<affiliation key="aff2">
								<orgName type="department">Lenovo Research AI Lab</orgName>
								<address>
									<settlement>Beijing</settlement>
									<country key="CN">China</country>
								</address>
							</affiliation>
						</author>
						<author>
							<persName><forename type="first">Jinan</forename><surname>Xu</surname></persName>
							<email>jaxu@bjtu.edu.cn</email>
							<affiliation key="aff0">
								<orgName type="department">School of Computer and Information Technology</orgName>
								<orgName type="institution">Beijing Jiaotong University</orgName>
								<address>
									<settlement>Beijing</settlement>
									<country key="CN">China</country>
								</address>
							</affiliation>
						</author>
						<author>
							<persName><forename type="first">Yufeng</forename><surname>Chen</surname></persName>
							<email>chenyf@bjtu.edu.cn</email>
							<affiliation key="aff0">
								<orgName type="department">School of Computer and Information Technology</orgName>
								<orgName type="institution">Beijing Jiaotong University</orgName>
								<address>
									<settlement>Beijing</settlement>
									<country key="CN">China</country>
								</address>
							</affiliation>
						</author>
						<title level="a" type="main">Learning Structural Information for Syntax-Controlled Paraphrase Generation</title>
					</analytic>
					<monogr>
						<imprint>
							<date/>
						</imprint>
					</monogr>
					<idno type="MD5">F68D76E12EBCFF9877599A3A147A7328</idno>
				</biblStruct>
			</sourceDesc>
		</fileDesc>
		<encodingDesc>
			<appInfo>
				<application version="0.7.3-SNAPSHOT" ident="GROBID" when="2023-01-12T09:11+0000">
					<desc>GROBID - A machine learning software for extracting information from scholarly documents</desc>
					<ref target="https://github.com/kermitt2/grobid"/>
				</application>
			</appInfo>
		</encodingDesc>
		<profileDesc>
			<abstract>
<div xmlns="http://www.tei-c.org/ns/1.0"><p>Syntax-controlled paraphrase generation aims to produce paraphrase conform to given syntactic patterns. To address this task, recent works have started to use parse trees (or syntactic templates) to guide generation. A constituency parse tree contains abundant structural information, such as parent-child relation, sibling relation, and the alignment relation between words and nodes. Previous works have only utilized parent-child and alignment relations, which may affect the generation quality. To address this limitation, we propose a Structural Information-augmented Syntax-Controlled Paraphrasing (SI-SCP) model. Particularly, we design a syntax encoder based on tree-transformer to capture parent-child and sibling relations. To model the alignment relation between words and nodes, we propose an attention regularization objective, which makes the decoder accurately select corresponding syntax nodes to guide the generation of words. Experiments show that SI-SCP achieves state-ofthe-art performances in terms of semantic and syntactic quality on two popular benchmark datasets. Additionally, we propose a Syntactic Template Retriever (STR) to retrieve compatible syntactic structures. We validate that STR is capable of retrieving compatible syntactic structures. We further demonstrate the effectiveness of SI-SCP to generate diverse paraphrases with retrieved syntactic structures.</p></div>
			</abstract>
		</profileDesc>
	</teiHeader>
	<text xml:lang="en">
		<body>
<div xmlns="http://www.tei-c.org/ns/1.0"><head n="1">Introduction</head><p>Paraphrases are texts or passages conveying the same meaning but with different surface realization. Paraphrase generation (PG) is a key technology of automatically generating a restatement for a given text, which has the potential use in many downstream tasks, such as question answering (Gan and Ng, 2019), machine translation <ref type="bibr" target="#b27">(Zhou et al., 2019)</ref>, and sentence simplification (Zhao et <ref type="bibr">al., 2018)</ref>. However, a natural sentence can be paraphrased into various surface forms.</p><p>To obtain diverse paraphrases, controllable paraphrase generation (CPG) with specified styles has recently attracted growing interests e.g., satisfying particular sentiment <ref type="bibr" target="#b6">(Hu et al., 2017;</ref><ref type="bibr" target="#b8">John et al., 2019;</ref><ref type="bibr" target="#b2">Dai et al., 2019;</ref><ref type="bibr" target="#b11">Lee et al., 2021)</ref> or syntactic structure <ref type="bibr" target="#b7">(Iyyer et al., 2018;</ref><ref type="bibr" target="#b1">Chen et al., 2019;</ref><ref type="bibr" target="#b15">Liu et al., 2020;</ref><ref type="bibr" target="#b10">Kumar et al., 2020;</ref><ref type="bibr" target="#b12">Li et al., 2020;</ref><ref type="bibr" target="#b24">Yang et al., 2021)</ref>. As CPG can produce diverse paraphrases by exposing syntactic control, it can be used in a wide range of application scenarios, such as dialogue generation <ref type="bibr" target="#b17">(Niu and Bansal, 2018)</ref>, data augmentation <ref type="bibr" target="#b7">(Iyyer et al., 2018;</ref><ref type="bibr" target="#b24">Yang et al., 2021;</ref><ref type="bibr" target="#b21">Sun et al., 2021)</ref>, and diverse question generation <ref type="bibr" target="#b25">(Yu and Jiang, 2021)</ref>, etc.</p><p>Generally, syntax-controlled paraphrase generation needs to tackle two major challenges. The first challenge is how syntax-controlled generating is achieved? For this challenge, <ref type="bibr" target="#b7">Iyyer et al. (2018)</ref> use two encoders to encode input sentences and linearized parse trees to produce paraphrases. A constituency parse tree contains abundant structural information, such as parent-child relation, sibling relation, and the alignment relation between words and nodes, as shown in Figure <ref type="figure" target="#fig_0">1</ref>. Linearizing parse trees, typically, result in loss of structural informa-tion. <ref type="bibr" target="#b10">Kumar et al. (2020)</ref> encode parse trees in a top-down manner, and then a queue-based decoding mechanism is proposed to incorporate syntax information. <ref type="bibr" target="#b12">Li et al. (2020)</ref> employ a path attention mechanism to capture the tree structure of the syntax. However, these methods still have some limitations. The top-down encoding manner and path attention only consider parent-child relation. Additionally, due to the complexity of the queuebased decoding mechanism <ref type="bibr" target="#b10">(Kumar et al., 2020)</ref>, the predicted pop sequences cannot be guaranteed to be perfect, which may cause error propagation.</p><p>The second challenge is how compatible syntactic structures can be retrieved to guide generation in practice? Previous works <ref type="bibr" target="#b7">(Iyyer et al., 2018;</ref><ref type="bibr" target="#b12">Li et al., 2020)</ref> use common syntactic templates that appear most frequently from the corpus, which means that these works generate syntactically diverse paraphrases using a fixed set of syntactic structures for all input sentences. The diversity in syntax is hence limited. Moreover, not all sentences can be paraphrased into the same set of syntactic structures.</p><p>In order to address these problems, we propose a Structural Information-augmented Syntax-Controlled Paraphrasing (SI-SCP) model based on attention network. Particularly, we design a tree transformer to capture parent-child and sibling relation. To learn the alignment relation between words and nodes, we propose an attention regularization objective. The basic motivation is that a syntactic template contains several syntax nodes which guide the generation of different words, respectively. As shown in Figure <ref type="figure" target="#fig_0">1</ref>, the NP node guides the generation of noun phrase. Learning alignment relation makes the decoder accurately select corresponding syntax nodes to guide the generation of words. Additionally, to enhance diversity in syntax-controlled generation, we propose a Syntactic Template Retriever (STR) to retrieve compatible syntactic structures for any input sentence.</p><p>We evaluate our model on two popular benchmark datasets. Experiment results show that SI-SCP achieves the state-of-the-art performence in syntactic and semantic quality. The visualization results show the attention regularization makes the decoder accurately attend to corresponding syntactic nodes during decoding. Human evaluation also demonstrates that our method is able to generate semantically and syntactically better sentences than previous methods. We further show that STR can retrieve more compatible structures compared with the common syntactic templates method. SI-SCP can generate more syntactically diverse paraphrases with retrieved syntactic structures.</p><p>In summary, the major contributions of this paper are as follows:</p><p>• We build a novel syntax-controlled paraphrasing model that contains a tree-transformer and an attention regularization objective.</p><p>• To retrieve compatible syntactic structures in practice, we propose a syntactic template retriever.</p><p>• Experiments show that our SI-SCP achieves new state-of-the-art results in both semantic and syntactic evaluation on two popular benchmark datasets. We further demonstrate that STR is capable of retrieving compatible syntactic templates. The SI-SCP can produce more syntactically diverse paraphrases with retrieved syntactic structures.</p></div>
<div xmlns="http://www.tei-c.org/ns/1.0"><head n="2">Related Work</head><p>We focus primarily on the task of syntactically controlled paraphrase generation, which has recently attracted increasing attention <ref type="bibr" target="#b7">(Iyyer et al., 2018;</ref><ref type="bibr" target="#b1">Chen et al., 2019;</ref><ref type="bibr" target="#b15">Liu et al., 2020;</ref><ref type="bibr" target="#b10">Kumar et al., 2020;</ref><ref type="bibr" target="#b12">Li et al., 2020)</ref>. According to the control element, previous works can be divided into two categories. The first strand of research uses sentential exemplar as syntactic control. <ref type="bibr" target="#b1">Chen et al. (2019)</ref> and <ref type="bibr" target="#b15">Liu et al. (2020)</ref> design a latent variable to learn syntax by encoding the exemplar itself, and then use a syntactic latent variable to guide the generation of paraphrases. However, a latent based approach might not offer enough explicit syntactic information as guaranteed by actual constituency parse trees <ref type="bibr" target="#b10">(Kumar et al., 2020)</ref>. The second strand of research takes a parse tree as a syntactic input, controlling the syntax of generated text with the structure specified by the parse tree. <ref type="bibr" target="#b7">Iyyer et al. (2018)</ref> use two encoders to encode input sentences and linearized parse trees to produce paraphrases. Due to the linearization of syntactic tree, a lot of structural information is generally lost. To capture the tree structure of the parse tree, <ref type="bibr" target="#b10">Kumar et al. (2020)</ref> encode parse trees in a top-down manner, and then a queue-based decoding mechanism is proposed to incorporate syntactic information. Li Differing from previous approaches, we propose a novel tree-transformer to model parent-child and sibling relation for better capturing the tree structure of the parse tree. To learn the alignment relation between words and nodes, we also propose an attention regularization objective, which makes the decoder accurately select corresponding syntax nodes to guide the generation of words. Additionally, we propose a syntactic template retriever that can help to retrieve compatible syntactic structures for any input sentences.</p><p>3 Syntax-Controlled Paraphrasing</p></div>
<div xmlns="http://www.tei-c.org/ns/1.0"><head n="3.1">Problem Formalization</head><p>We formulate the problem of syntax-controlled paraphrase generation as follows. Given a source sentence x and a syntactic template t, the syntaxcontrolled text generation aims to generate target sentence y which conveys the meaning of x and conform to the syntactic structure of t.</p><p>The syntactic template t is a partial constituency parse tree that provides a general syntax skeleton. Due to different levels of syntax trees contain different information, to compare fairly, we use the top-4 layers (in this work) of the full parse tree of y as the syntactic template for all baselines. Of course, our model can also use syntactic templates from other layers.</p><p>As shown in Figure <ref type="figure" target="#fig_1">2</ref>, our model contains a sentence encoder and a syntactic encoder, which encodes the source sentence x and the template t separately. We deploy a target sentence decoder to generate the final text. The details of the proposed approach will be presented below.</p></div>
<div xmlns="http://www.tei-c.org/ns/1.0"><head n="3.2">Sentence Encoder</head><p>The sentence encoder contains N stacked transformer blocks. The hidden states of the sentence encoder are calculated by:</p><formula xml:id="formula_0">h x = Transformer(x)<label>(1)</label></formula><p>where h x is final hidden state of source sentence x.</p></div>
<div xmlns="http://www.tei-c.org/ns/1.0"><head n="3.3">Syntactic Encoder</head><p>This encoder provides the necessary syntactic signal for the generation of paraphrases. A parse tree contains rich parent-child and sibling relations.</p><p>To capture these information, we propose a treetransformer with a syntax embedding layer, parentchild attention, and sibling attention modules.</p><p>Syntax Embedding Layer Given a syntactic template t, we use (node, level, index) format sequences to represent it. Formally, let t = {t 1 , t 2 , ..., t n }, where t i = (p i , l i , s i ), p i is a parse tree node, l i is its level, s i is the index of the node at a specific level. For example, the syntactic template in Figure <ref type="figure" target="#fig_1">2</ref> is represented by {(ROOT, 1, 1), (S, 2, 1), (NP, 3, 1), (DT, 4, 1), (VP, 3, 2), (VBZ 4, 2), (SBAR, 4, 3)}.</p><p>At the embedding layer, node tokens, level tokens, and index tokens are embedded respectively and then added together to produce the syntax embedding at position i:</p><formula xml:id="formula_1">Emb(t i ) = Emb(p i ) + Emb(l i ) + Emb(s i ) (2)</formula><p>Parent-Child and Sibling Attention Then we calculate the hidden state of each node in a treestructure manner. Specifically, we introduce an adjacency matrix to guide the calculation of the self-attention module:</p><formula xml:id="formula_2">A = Softmax((QK T / √ d) ⊙ M ) h t = A • V (3)</formula><p>where Q is a query matrix consisting of query vectors with dimension d, K is a key matrix consisting of key vectors with dimension d, V is a value matrix consisting of key vectors with dimension d. M is an adjacency matrix obtained from the syntactic template. ⊙ denotes the element-wise product. For example, Figure <ref type="figure" target="#fig_1">2</ref> shows examples of the parent-child adjacency matrix and sibling adjacency matrix. We encode parent-child and sibling information by parent-child and sibling attention operations. We stack multiple tree transformer blocks to make the information of the ROOT node flow to leaf nodes. After obtaining hidden states of all nodes, we use another encoder to encode all the leaf nodes in a sequential way:</p><formula xml:id="formula_3">h seq leaf = Transformer(h leaf )<label>(4)</label></formula><p>The reason we use this sequential encode is that parent-child and sibling attention modules would create a mismatch between the encoding and decoding process. Thus, it may be beneficial to introduce sequence information. We also demonstrate the effectiveness of the sequential encoder with experiments in Section 5.2.4.</p></div>
<div xmlns="http://www.tei-c.org/ns/1.0"><head n="3.4">Decoder</head><p>Based on the input sentence hidden states h x and syntactic template hidden states h seq leaf , the target transformer decoder uses two cross-attention modules to jointly exploit the input sentence and syntactic template information to generate the target text y. Cross attentions are calculated as follows:</p><formula xml:id="formula_4">h y,t , A t = Attn(h y , h seq leaf , h seq leaf ) h y,t,x , A x = Attn(h y,t , h x , h x ) (5)</formula><p>where Attn is the multi-head attention module in transformer. h y is hidden states of decoder, A t and A x are attention scores with the template and the input sentence, respectively. Through the feedforward network sub-layer, h y,t,x will be used as the input of the next layer or used to predict the next word.</p></div>
<div xmlns="http://www.tei-c.org/ns/1.0"><head>Syntax Attention Regularization</head><p>The attention weight A t is essential for accurate syntactic control.</p><p>We propose an regularization method to guide the learning of A t using the alignment of nodes and words in a parse tree. Specifically, we propose a attention regularization loss as follows:</p><formula xml:id="formula_5">L ar = MSE(A t , Ât )<label>(6)</label></formula><p>where Ât are oracle attention weights obtained from the alignment of nodes and words in a parse tree. MSE denotes the Mean Square Error loss function. By doing so, we can make learned A t close to oracle attention distribution. We also introduce label smoothing (0.25) to reduce errors caused by parsing.</p><p>Because multi-layer transformer and multi-head attention mechanism produce multiple syntax attention matrices, we simply make each generated attention matrix close to the oracle attention. We leave alternatives to this simple method to our future work.</p></div>
<div xmlns="http://www.tei-c.org/ns/1.0"><head n="3.5">Training</head><p>To train the above model, we optimize the following objective function:</p><formula xml:id="formula_6">L = λ 1 L ce + λ 2 L ar<label>(7)</label></formula><p>where L ce = − N t=1 log p(y t |x, t, y 1:t−1 ) is the cross-entropy loss for ground-true y, λ * are balancing hyper-parameters.</p></div>
<div xmlns="http://www.tei-c.org/ns/1.0"><head n="4">Syntactic Template Retriever</head><p>A sentence cannot be converted to any syntactic structures. Incompatible syntax will lead to imperfect paraphrase conversion and nonsensical sentences. In this work, we propose a Syntactic Template Retriever (STR) to find compatible syntax for a sentence in practice. The basic assumption is that syntactic templates expressing the same meaning are relatively close in semantic space. Specifically, given an input sentence and its parse tree, the retriever retrieves compatible syntactic templates based on similarity from a pre-collected template library.</p></div>
<div xmlns="http://www.tei-c.org/ns/1.0"><head n="4.1">Encoder</head><p>We use a template encoder to map any template t into a vector space. Meanwhile, for the input sentence x and its parse tree p x (i.e., the query q), we use a sentence encoder and parse tree encoder to map them to the same vector space, and then retrieves k syntactic templates whose vectors are closest to the query vector. We define the similarity between the query and the syntactic template using the dot product of their vectors:</p><formula xml:id="formula_7">sim(q, t) = v q • v T t v t = Enc t (t) v q = W • [Enc x (x); Enc p (p x )]<label>(8)</label></formula><p>where Enc * denote three different encoders, W is a linear layer, ';' denotes concatenation operation.</p><p>The three encoders are built with the transformer encoder. We use linearized parse tree and syntactic template as input 1 , prepend [CLS] token to each input, and then take the representation of the prepended token as the output of each encoder in a similar way to BERT <ref type="bibr" target="#b3">(Devlin et al., 2019)</ref>.</p></div>
<div xmlns="http://www.tei-c.org/ns/1.0"><head n="4.2">Training</head><p>The goal is to create a vector space such that relevant pairs of queries and templates will have a smaller distance (i.e., higher similarity) than the irrelevant pairs. We use paraphrase pairs to build training data, where positive templates are from reference sentences.</p><p>Let (q i , t + i , t − i,1 , ..., t − i,n ) be a training instance that consists of one relevant (positive) template t + i , along with n irrelevant (negative) templates t − i,j . To train the retriever, we optimize the negative log 1 We compared linearized and structured approaches and both have comparable performance, the main reason may be that controlled paraphrase generation requires learning relation between text and syntax (words and nodes), while the retriever learns relation between syntax. Based on the principle of simplicity, we used the linearized approach. likelihood of the positive template:</p><formula xml:id="formula_8">L(q i , t + i , t − i,1 , ..., t − i,n ) = − log e sim(q i ,t + i )</formula><p>e sim(q i ,t + i ) + n j=1 e sim(q i ,t − i,j )</p><p>At the training stage, we use the trick of in-batch negatives to learn the retriever.</p></div>
<div xmlns="http://www.tei-c.org/ns/1.0"><head n="5">Experiments</head><p>In this section, we conducted experiments to answer the following questions:</p><p>• How does our model compare against previous models?</p><p>• Can our model produce diverse paraphrases with retrieved templates?</p></div>
<div xmlns="http://www.tei-c.org/ns/1.0"><head n="5.1">Controlled Paraphrase Generation</head><p>Implementation details are presented in Appendix A due to limited space.</p></div>
<div xmlns="http://www.tei-c.org/ns/1.0"><head n="5.2">Datasets</head><p>Following previous work <ref type="bibr" target="#b10">(Kumar et al., 2020)</ref> • Source as output: Simply output the source sentence as output.</p><p>• SCPN <ref type="bibr" target="#b7">(Iyyer et al., 2018)</ref> &amp; GuiG <ref type="bibr" target="#b12">(Li et al., 2020)</ref>: They adopt a two-stage generation process. <ref type="bibr" target="#b7">Iyyer et al. (2018)</ref> use two Bi-LSTM <ref type="bibr" target="#b5">(Hochreiter and Schmidhuber, 1997)</ref> encoders to encode input sentences and linearized parse trees respectively. An LSTM decoder with attention mechanism pays attention to both semantic and syntactic hidden states to generate paraphrases. <ref type="bibr" target="#b12">Li et al. (2020)</ref> use transformer network and propose a syntactic encoder with a path attention mechanism. GuiG only provided trained model on the ParaNMT-Small dataset.</p><p>• SGCP <ref type="bibr" target="#b10">(Kumar et al., 2020)</ref>: SGCP encodes syntactic templates with GRU network in a top-down manner. We directly used released SGCP model<ref type="foot" target="#foot_1">3</ref> and top-4 layers of the full parse tree of the reference paraphrases as syntactic templates.</p><p>• SynTrans: The framework is similar to SCPN, and we replace LSTM with Transformer <ref type="bibr" target="#b22">(Vaswani et al., 2017)</ref>. In this experiment, we directly used linearized syntactic templates to guide generation.</p></div>
<div xmlns="http://www.tei-c.org/ns/1.0"><head n="5.2.2">Automatic Evaluation</head><p>1. Semantic Metrics: BLEU <ref type="bibr" target="#b18">(Papineni et al., 2002)</ref>, ROUGE <ref type="bibr" target="#b14">(Lin, 2004)</ref>, and METEOR <ref type="bibr" target="#b0">(Banerjee and Lavie, 2005)</ref>  generated sentences and reference paraphrases in the test set were used as semantic metrics.</p><p>2. Syntactic Metrics: Following previous works <ref type="bibr" target="#b1">(Chen et al., 2019;</ref><ref type="bibr" target="#b10">Kumar et al., 2020;</ref><ref type="bibr" target="#b12">Li et al., 2020)</ref>, we used the tree edit distance (TED) against the parse tree of the reference.</p></div>
<div xmlns="http://www.tei-c.org/ns/1.0"><head n="5.2.3">Human Evaluation</head><p>We conducted the human evaluation on 100 randomly selected instances from the test set of ParaNMT-Small in a blind fashion. Three annotators evaluated generated paraphrases in terms of semantic and syntactic similarity (generations vs references); each aspect was scored from 1 to 5.</p></div>
<div xmlns="http://www.tei-c.org/ns/1.0"><head n="5.2.4">Results</head><p>As can be observed in Table <ref type="table" target="#tab_0">1</ref>, firstly, SGCP gets the lowest results, we observe that SGCP often produces sentences that end abruptly, thereby harming syntax and semantics<ref type="foot" target="#foot_2">4</ref> . GuiG achieves better performance than SCPN model among two-stage approach. This is because GuiG adopts the more advanced transformer network and a path-attention mechanism which can capture partial structural information. For SynTrans which uses linerized syntactic templates directly, it obtains relatively lower performance. Conversely, SI-SCP achieves significant improvements in both semantic and syntactic metrics, which means that modeling structural information can improve the quality of generations. Among different variants of our model (ablation study), we see that removing any of the sequence encoder, attention regularization, and sibling attention module has a negative impact on performance, where attention regularization and sibling attention modules have a more significant impact. Table <ref type="table" target="#tab_2">2</ref> shows the results of human evaluation which are consistent with automatic evaluation results. Our model obtains the highest scores in both semantics and syntax, thereby highlighting the efficacy of our method.</p><p>Table <ref type="table">6</ref> shows examples of paraphrases generated by different model. We can observe that our SI-SCP can produce better results than baseline models in terms of both semantics and syntax.</p></div>
<div xmlns="http://www.tei-c.org/ns/1.0"><head n="5.2.5">Visualization of Syntax Attention</head><p>We visualize the syntax attention when using the syntactic template as control in Figure <ref type="figure">3</ref>. This is an instance from the test dataset: {Source: it looks to me like they are really sweet boys. Reference: they look like very nice boys, i think.}. Figure <ref type="figure">3</ref>  Table <ref type="table">4</ref>: Diverse paraphrase generation results. STR&amp;SI-SCP denotes that SI-SCP uses 10 templates retrieved by the STR to generate 10 paraphrases. CT denotes using 10 common templates. B-1: BLEU-1. B-2: BLEU-2. B-3: BLEU-3. B-4: BLEU-4. Re: Rejection. Slf-B: Self-BLEU.</p><p>is the syntactic tempalte used in the example.</p><p>We can see that most words can accurately align with corresponding nodes when using attention regularization. Without attention regularization, most words tend to pay attention to the punctuation. These results show that the proposed attention regularization can make the decoder accurately select corresponding nodes to guide the generation of words.</p></div>
<div xmlns="http://www.tei-c.org/ns/1.0"><head n="5.3">Diverse Paraphrase Generation</head><p>In this section, we further evaluated our model's ability to generate diverse paraphrases. We first examine whether STR can retrieve compatible templates. We generated 10 syntactically different paraphrases for each input sentence using 10 retrieved syntactic templates. Implementation details are presented in Appendix B.</p></div>
<div xmlns="http://www.tei-c.org/ns/1.0"><head n="5.3.1">Evaluation Metrics</head><p>We evaluated this task with the following metrics:</p><p>1. Retrieval Accuracy: We use Top-K retrieval accuracy on the test set, measured as the percentage of Top-K retrieved templates that contain the gold template. The gold template is  obtained from the reference sentence. This metric is used to evaluate the performance of the template retriever.</p><p>2. Semantics: Given 10 generated paraphrases Y = {y 1 , y 2 , ..., y 10 } for each input sentence in the test set. For 10 paraphrases, the one with the highest BLEU score to the reference sentence is selected as the final generation y best . The BLEU score between (y best , y) is calculated at the corpus level.</p><p>3. Rejection Rate: We use Sentence-BERT<ref type="foot" target="#foot_3">5</ref>  <ref type="bibr" target="#b20">(Reimers and Gurevych, 2019)</ref> to compute paraphrase scores for generated outputs with respect to the input. And then use this score<ref type="foot" target="#foot_4">6</ref> to filter out low-quality paraphrases. The percentage of filtered sentences is taken as a rejection rate.</p><p>4. Diversity: We compute BLEU between all pairs (y i , y j ), then macro-average these values at the corpus-level.</p></div>
<div xmlns="http://www.tei-c.org/ns/1.0"><head n="5.">Validity (Valid):</head><p>To measure paraphrase quality, we perform human evaluation on 100 randomly selected paraphrases from the remaining paraphrases. Three annotators evaluate whether the generated sentences are true paraphrases, (the paraphrase is marked with 1, otherwise marked with 0). Then we compute the percentage of paraphrases marked as 1.</p></div>
<div xmlns="http://www.tei-c.org/ns/1.0"><head n="5.3.2">Results</head><p>As can be observed in Table <ref type="table" target="#tab_3">3</ref>, our STR significantly surpasses CT in retrieval accuracy. These results show that STR is capable of retrieving compatible syntactic templates.</p><p>In Table <ref type="table">4</ref>, we also show the results of the vanilla Seq2Seq based on transformer, where we use top-K (K=50) sampling to generate 10 paraphrases. Because this method tends to generate repeated sentences, it obtains lower valid scores on the QQP-Pos dataset. We see that syntax-controlled paraphrasing method significantly improve the diversity of generations.</p><p>Among different syntax-controlled models, compared with CT, STR significantly improves semantics, rejection rate, and validity metrics (Row 1/2/3/7/8 vs. Row 4/5/6/9/10). These results validate the advantages of the syntactic template retriever from the perspective of practical application. Using the same syntactic templates, GuiG can get a better rejection rate, but SI-SCP obtains better performance in terms of semantics, validity metrics. These results are consistent with automatic evaluation results in Table <ref type="table" target="#tab_0">1</ref>.</p></div>
<div xmlns="http://www.tei-c.org/ns/1.0"><head n="5.3.3">Case Study</head><p>Table <ref type="table" target="#tab_4">5</ref> lists some paraphrases generated by SI-SCP with different syntactic templates. More generation results are presented in Appendix C. We see that the generated sentences always conform to the target templates. These examples are well-formed, semantically sensible, and grammatically correct sentences that also preserve semantics of the original sentences. However, our model also produces sentences with semantic deviation, like the failed cases in Table <ref type="table" target="#tab_4">5</ref>, when given template is incompatible with the input sentence.</p></div>
<div xmlns="http://www.tei-c.org/ns/1.0"><head n="6">Conclusion</head><p>We have presented a Structural Informationaugmented Syntax-Controlled Paraphrasing (SI-SCP) model which can directly generate syntactic paraphrases with syntactic templates. Particularly, we propose a tree-transformer and an attention regularization. The tree transformer can model parentchild and sibling relation of the syntactic template. The attention regularization method makes the decoder accurately select corresponding syntax nodes to guide the generation of words. To retrieve compatible syntactic templates in practice, we further propose a Syntactic Template Retriever (STR). Experiments show that SI-SCP achieves substantial improvements over previous strong baselines. Furthermore, we also validate that STR is capable of retrieving compatible syntactic templates. SI-SCP can produce more syntactically paraphrases with retrieved syntactic templates.</p></div>
<div xmlns="http://www.tei-c.org/ns/1.0"><head>A Controlled Paraphrase Generation</head></div>
<div xmlns="http://www.tei-c.org/ns/1.0"><head>A.1 Implementation Details</head><p>We parsed all sentences in the training set, reference sentences in the validation and test set using Stanford CoreNLP <ref type="bibr" target="#b16">(Manning et al., 2014)</ref>. We used the scheduled Adam optimizer <ref type="bibr" target="#b9">(Kingma and Ba, 2014)</ref> for optimization, and the learning rate was set to 2.0 for all experiments. We set hidden state size to 256 (i.e., d), filter size to 1024, head number to 4. The number of layers of the sentence encoder, sentence decoder, tree transformer and sequence encoder were set to 4, 4, 3, and 2, respectively. The batch size was set to 128. λ 1 was set to 5.0 while λ 2 1.0. We used BPE tokens pre-trained with 30, 000 iterations. All hyperparameter tuning was based on the BLEU score on the development set.</p><p>For the SynTrans baseline model, we set the number of syntactic encoder layers to 5 for fair comparison.</p></div>
<div xmlns="http://www.tei-c.org/ns/1.0"><head>B Diverse Paraphrase Generation B.1 Implementation Details</head><p>For the syntactic template retriever, we used 300 as hidden size, 512 as filter size and 4 heads in multihead attention. The number of layers of sentence, syntax, and template encoders were all set to 4. The batch size was set to 512. We used the scheduled Adam optimizer <ref type="bibr" target="#b9">(Kingma and Ba, 2014)</ref> for optimization, and the learning rate was set to 0.1. The word embedding layer was initialized by the publicly available GloVe <ref type="bibr" target="#b19">(Pennington et al., 2014)</ref> 300-dimensional embeddings.<ref type="foot" target="#foot_5">7</ref>  </p></div>
<div xmlns="http://www.tei-c.org/ns/1.0"><head>C Generated Paraphrase Examples</head></div><figure xmlns="http://www.tei-c.org/ns/1.0" xml:id="fig_0"><head>Figure 1 :</head><label>1</label><figDesc>Figure 1: An example of a constituency tree structure. Parent-child relation: NP→NN, sibling relation: NP NP VP Dot, alignment relation between nodes and words: (NN thing), (NP the same thing).</figDesc><graphic coords="1,335.91,212.61,158.74,110.16" type="bitmap" /></figure>
<figure xmlns="http://www.tei-c.org/ns/1.0" xml:id="fig_1"><head>Figure 2 :</head><label>2</label><figDesc>Figure 2: The architecture of syntax-controlled paraphrasing model. The sequence encoder is built with the transformer network, which is used to encode leaf nodes in the syntactic template. Please refer Section 3.3 for details.</figDesc><graphic coords="3,116.21,70.85,362.81,238.23" type="bitmap" /></figure>
<figure xmlns="http://www.tei-c.org/ns/1.0" xml:id="fig_2"><head></head><label></label><figDesc>Figure 3: (a) shows the used syntactic template. (b) and (c) show visualization results of syntax attention with or without regularization.</figDesc><graphic coords="7,100.62,354.71,158.72,107.32" type="bitmap" /></figure>
<figure xmlns="http://www.tei-c.org/ns/1.0" xml:id="fig_3"><head></head><label></label><figDesc>between a movie or a pottery class. ( S ( NP ( PRP ) ) ( VP ( MD ) ( VP ) ) ( . ) ) you can choose from the film or the pottery class. ( S ( NP ( NP ) ( CC ) ( NP ) ) ( VP ( MD ) ( VP ) ) ( . ) ) the film or the pottery class can be selected. ( S ( NP ( NP ) ( , ) ( CC ) ( NP ) ) ( VP ( MD ) ( VP ) ) ( . ) ) the film , or the pottery class can be selected. ( SQ ( MD ) ( NP ( PRP ) ) ( VP ( VP ) ( CC ) ( VP ) ) ( . ) ) can you pick one of the film or the pottery class? ( S ( NP ( PRP ) ) ( VP ( VBZ ) ( UCP ) ) ( . ) ) it 's possible to choose between film or the pottery class. ( S ( NP ( RB ) ( DT ) ( JJ ) ( NN ) ) ( VP ( MD ) ( VP ) ) ( . ) ) perhaps a pottery class can choose between the movies and the film.</figDesc></figure>
<figure xmlns="http://www.tei-c.org/ns/1.0" type="table" xml:id="tab_0"><head>Table 1 :</head><label>1</label><figDesc>Evaluation results on the ParaNMT-small and QQP-Pos datasets. All scores are reported as the mean over three runs.</figDesc><table><row><cell>Model</cell><cell cols="4">BLEU↑ R-1 / R-2 / R-L↑ MTR↑ TED↓</cell></row><row><cell></cell><cell cols="2">ParaNMT-Small</cell><cell></cell><cell></cell></row><row><cell>Source-as-Output</cell><cell>18.5</cell><cell>50.6 / 23.2 / 23.1</cell><cell>47.6</cell><cell>11.9</cell></row><row><cell>SCPN (2018)</cell><cell>21.2</cell><cell>55.1 / 31.3 / 57.4</cell><cell>33.0</cell><cell>6.3</cell></row><row><cell>SGCP (2020)</cell><cell>7.9</cell><cell>34.7 / 13.7 / 36.9</cell><cell>17.9</cell><cell>12.5</cell></row><row><cell>GuiG (2020)</cell><cell>26.3</cell><cell>60.7 / 37.1 / 62.5</cell><cell>38.0</cell><cell>6.4</cell></row><row><cell>SynTrans</cell><cell>19.3</cell><cell>54.0 / 28.7 / 55.8</cell><cell>32.1</cell><cell>8.0</cell></row><row><cell>SI-SCP -SeqEnc</cell><cell>27.8 27.4</cell><cell>62.8 / 39.5 / 64.4 61.4 / 37.4 / 63.2</cell><cell>39.9 39.1</cell><cell>5.7 5.8</cell></row><row><cell>-AttnRegu</cell><cell>26.8</cell><cell>61.6 / 38.9 / 63.7</cell><cell>38.5</cell><cell>6.0</cell></row><row><cell>-SibAttn</cell><cell>26.1</cell><cell>61.0 / 37.3 / 62.9</cell><cell>38.0</cell><cell>6.1</cell></row><row><cell></cell><cell></cell><cell>QQP-Pos</cell><cell></cell><cell></cell></row><row><cell>Source-as-Output</cell><cell>17.2</cell><cell>51.9 / 26.2 / 52.9</cell><cell>31.0</cell><cell>16.2</cell></row><row><cell>SCPN (2018)</cell><cell>28.1</cell><cell>59.1 / 36.5 / 62.1</cell><cell>33.1</cell><cell>8.3</cell></row><row><cell>SGCP (2020)</cell><cell>9.2</cell><cell>35.8 / 16.0 / 40.2</cell><cell>17.5</cell><cell>12.3</cell></row><row><cell>SynTrans</cell><cell>24.8</cell><cell>57.2 / 32.9 / 59.4</cell><cell>33.3</cell><cell>10.8</cell></row><row><cell>SI-SCP -SeqEnc</cell><cell>53.5 53.1</cell><cell>77.3 / 61.0 / 78.8 76.9 / 60.5 / 78.6</cell><cell>54.5 54.4</cell><cell>5.2 5.3</cell></row><row><cell>-AttnRegu</cell><cell>31.4</cell><cell>61.6 / 38.5 / 63.5</cell><cell>38.0</cell><cell>9.6</cell></row><row><cell>-SibAttn</cell><cell>53.0</cell><cell>77.0 / 60.5 / 78.7</cell><cell>54.1</cell><cell>5.2</cell></row></table><note>R-1: ROUGE-1. R-2: ROUGE-2. R-L: ROUGE-L. MTR: METEOR. '-SeqEnc': no sequential encoder used to encode leaf nodes, '-AttnReg': no attention regularization, '-SibAttn': no sibling attention module.</note></figure>
<figure xmlns="http://www.tei-c.org/ns/1.0" type="table" xml:id="tab_2"><head>Table 2 :</head><label>2</label><figDesc>scores between Human evaluation results.</figDesc><table><row><cell>Model</cell><cell cols="2">Semantic Syntactic</cell></row><row><cell>SCPN</cell><cell>3.16</cell><cell>3.73</cell></row><row><cell>GuiG</cell><cell>3.67</cell><cell>3.77</cell></row><row><cell>SynTrans</cell><cell>3.05</cell><cell>3.51</cell></row><row><cell>SI-SCP</cell><cell>3.81</cell><cell>4.55</cell></row></table></figure>
<figure xmlns="http://www.tei-c.org/ns/1.0" type="table" xml:id="tab_3"><head>Table 3 :</head><label>3</label><figDesc>(a)    Retrieval accuracy (%). 'CT': common template, 'STR': our syntactic template retriever.</figDesc><table><row><cell>Dataset</cell><cell>Model</cell><cell cols="5">Top-1 Top-5 Top-10 Top-20</cell></row><row><cell>ParaNMT</cell><cell>CT (2018)</cell><cell>2.5</cell><cell>6.7</cell><cell>11.3</cell><cell>16.7</cell></row><row><cell>-Small</cell><cell>STR</cell><cell>8.6</cell><cell>20.5</cell><cell>27.3</cell><cell>34.4</cell></row><row><cell>QQP</cell><cell>CT (2018)</cell><cell>9.2</cell><cell>40.2</cell><cell>47.9</cell><cell>58.8</cell></row><row><cell>-Pos</cell><cell>STR</cell><cell>19.1</cell><cell>48.7</cell><cell>61.1</cell><cell>71.1</cell></row><row><cell>Model</cell><cell cols="6">B-1 / B-2 / B-3 / B-4↑ Re(%)↓ Slf-B↓ Valid(%)↑</cell></row><row><cell></cell><cell cols="3">ParaNMT-Small</cell><cell></cell><cell></cell></row><row><cell>Seq2Seq</cell><cell cols="3">55.8 / 39.1 / 28.8 / 21.9</cell><cell>30.0</cell><cell>69.2</cell><cell>56.7</cell></row><row><cell>(1) CT &amp; SCPN</cell><cell cols="3">48.1 / 31.0 / 20.6 / 14.0</cell><cell>70.7</cell><cell>34.4</cell><cell>15.1</cell></row><row><cell>(2) CT &amp; GuiG</cell><cell cols="3">51.0 / 34.4 / 23.9 / 17.2</cell><cell>56.5</cell><cell>30.4</cell><cell>33.8</cell></row><row><cell>(3) CT &amp; SI-SCP</cell><cell cols="3">51.8 / 35.7 / 25.3 / 18.3</cell><cell>64.1</cell><cell>28.7</cell><cell>36.8</cell></row><row><cell>(4) STR &amp; SCPN</cell><cell cols="3">55.1 / 37.7 / 26.2 / 18.6</cell><cell>46.0</cell><cell>32.5</cell><cell>24.5</cell></row><row><cell>(5) STR &amp; GuiG (6) STR &amp; SI-SCP</cell><cell cols="3">56.2 / 38.6 / 27.2 / 19.5 57.6 / 40.6 / 29.5 / 21.7</cell><cell>39.7 42.1</cell><cell>32.0 32.2</cell><cell>55.7 65.7</cell></row><row><cell></cell><cell></cell><cell>QQP-Pos</cell><cell></cell><cell></cell><cell></cell></row><row><cell>Seq2Seq</cell><cell cols="3">53.0 / 39.6 / 30.9 / 24.9</cell><cell>9.4</cell><cell>89.3</cell><cell>28.5</cell></row><row><cell>(7) CT &amp; SCPN</cell><cell cols="3">60.4 / 43.7 / 32.3 / 24.4</cell><cell>40.2</cell><cell>28.2</cell><cell>52.9</cell></row><row><cell>(8) CT &amp; SI-SCP</cell><cell cols="3">68.1 / 54.7 / 45.3 / 38.4</cell><cell>25.1</cell><cell>27.0</cell><cell>62.2</cell></row><row><cell>(9) STR &amp; SCPN</cell><cell cols="3">62.7 / 46.7 / 35.6 / 27.6</cell><cell>28.1</cell><cell>28.1</cell><cell>63.5</cell></row><row><cell cols="4">(10) STR &amp; SI-SCP 71.8 / 59.4 / 50.5 / 43.9</cell><cell>14.4</cell><cell>31.5</cell><cell>67.6</cell></row></table></figure>
<figure xmlns="http://www.tei-c.org/ns/1.0" type="table" xml:id="tab_4"><head>Table 5 :</head><label>5</label><figDesc>Syntactic paraphrases generated by SI-SCP with retrieved templates. We show several successful and one failed (in blue) generations.</figDesc><table /></figure>
<figure xmlns="http://www.tei-c.org/ns/1.0" type="table" xml:id="tab_5"><head></head><label></label><figDesc>Table 6 shows several paraphrases generated by each model. Table 7 lists some paraphrases generated by SI-SCP with different syntactic templates. Our model can generate more syntactically diverse paraphrases with retrieved syntactic templates.</figDesc><table /></figure>
			<note xmlns="http://www.tei-c.org/ns/1.0" place="foot" n="2" xml:id="foot_0">Due to the different control types, we don't compared with the example-based methods<ref type="bibr" target="#b1">(Chen et al., 2019;</ref><ref type="bibr" target="#b15">Liu et al., 2020)</ref> </note>
			<note xmlns="http://www.tei-c.org/ns/1.0" place="foot" n="3" xml:id="foot_1">https://github.com/malllabiisc/SGCP</note>
			<note xmlns="http://www.tei-c.org/ns/1.0" place="foot" n="4" xml:id="foot_2">The results of the SGCP baseline reported here are lower than in the original paper. This is because that original paper used very fine-grained syntactic information, which contains more hints about reference paraphrase. Additionally, compared with syntactic templates, fine-grained syntactic structures are more conducive to guiding models to generate natural sentences.</note>
			<note xmlns="http://www.tei-c.org/ns/1.0" place="foot" n="5" xml:id="foot_3">We used the paraphrase-distilroberta-base-v1, which is trained on large-scale paraphrase data. Available at: https: //public.ukp.informatik.tu-darmstadt.de/ reimers/sentence-transformers/v0.2/</note>
			<note xmlns="http://www.tei-c.org/ns/1.0" place="foot" n="6" xml:id="foot_4">Similar to<ref type="bibr" target="#b7">Iyyer et al. (2018)</ref>, we set minimum paraphrase similarity to 0.7.</note>
			<note xmlns="http://www.tei-c.org/ns/1.0" place="foot" n="7" xml:id="foot_5">https://nlp.stanford.edu/projects/ glove/</note>
		</body>
		<back>

			<div type="acknowledgement">
<div xmlns="http://www.tei-c.org/ns/1.0"><head>Acknowledgements</head><p>The present research was supported by the National Nature Science Foundation of China (No.  61876198, 61976015, 61976016). Deyi Xiong was supported by the Natural Science Foundation of Tianjin (Grant No. 19JCZDJC31400). We would like thank the four anonymous reviewers for their constructive suggestions and insightful comments.</p></div>
			</div>

			<div type="annex">
<div xmlns="http://www.tei-c.org/ns/1.0"><p>it is necessary to maintain the balance between budget revenue and expenditure. ( S ( NP ( NP ) ( PP ) ) ( VP ( MD ) ( VP ) ) ( . ) ) the balance of budget revenue and expenditure must be kept. ( S ( NP ( NP ) ( PP ) ) ( VP ( VBZ ) ( ADJP ) ) ( . ) )</p><p>the balance between budget revenue and expenditure is necessary. ( S ( SBAR ( WHADVP ) ( S ) ) ( , ) ( NP ( PRP ) ) ( VP ( VBZ ) ( ADJP ) ) ( . ) )</p><p>when the budget revenue is recovered, it is necessary to maintain expenditure.</p><p>Table <ref type="table">7</ref>: Syntactic paraphrases generated by SI-SCP with retrieved templates. We show several successful and one failed (in blue) generations.</p></div>			</div>
			<div type="references">

				<listBibl>

<biblStruct xml:id="b0">
	<analytic>
		<title level="a" type="main">ME-TEOR: An automatic metric for MT evaluation with improved correlation with human judgments</title>
		<author>
			<persName><forename type="first">Satanjeev</forename><surname>Banerjee</surname></persName>
		</author>
		<author>
			<persName><forename type="first">Alon</forename><surname>Lavie</surname></persName>
		</author>
	</analytic>
	<monogr>
		<title level="m">Proceedings of the ACL Workshop on Intrinsic and Extrinsic Evaluation Measures for Machine Translation and/or Summarization</title>
				<meeting>the ACL Workshop on Intrinsic and Extrinsic Evaluation Measures for Machine Translation and/or Summarization<address><addrLine>Ann Arbor, Michigan</addrLine></address></meeting>
		<imprint>
			<publisher>Association for Computational Linguistics</publisher>
			<date type="published" when="2005">2005</date>
			<biblScope unit="page" from="65" to="72" />
		</imprint>
	</monogr>
	<note type="raw_reference">Satanjeev Banerjee and Alon Lavie. 2005. ME- TEOR: An automatic metric for MT evaluation with improved correlation with human judgments. In Proceedings of the ACL Workshop on Intrinsic and Extrinsic Evaluation Measures for Machine Translation and/or Summarization, pages 65-72, Ann Arbor, Michigan. Association for Computational Linguistics.</note>
</biblStruct>

<biblStruct xml:id="b1">
	<analytic>
		<title level="a" type="main">Controllable paraphrase generation with a syntactic exemplar</title>
		<author>
			<persName><forename type="first">Mingda</forename><surname>Chen</surname></persName>
		</author>
		<author>
			<persName><forename type="first">Qingming</forename><surname>Tang</surname></persName>
		</author>
		<author>
			<persName><forename type="first">Sam</forename><surname>Wiseman</surname></persName>
		</author>
		<author>
			<persName><forename type="first">Kevin</forename><surname>Gimpel</surname></persName>
		</author>
		<idno type="DOI">10.18653/v1/P19-1599</idno>
	</analytic>
	<monogr>
		<title level="m">ACL</title>
				<meeting><address><addrLine>Florence, Italy</addrLine></address></meeting>
		<imprint>
			<publisher>Association for Computational Linguistics</publisher>
			<date type="published" when="2019">2019</date>
			<biblScope unit="page" from="5972" to="5984" />
		</imprint>
	</monogr>
	<note type="raw_reference">Mingda Chen, Qingming Tang, Sam Wiseman, and Kevin Gimpel. 2019. Controllable paraphrase gen- eration with a syntactic exemplar. In ACL, pages 5972-5984, Florence, Italy. Association for Compu- tational Linguistics.</note>
</biblStruct>

<biblStruct xml:id="b2">
	<analytic>
		<title level="a" type="main">Style transformer: Unpaired text style transfer without disentangled latent representation</title>
		<author>
			<persName><forename type="first">Ning</forename><surname>Dai</surname></persName>
		</author>
		<author>
			<persName><forename type="first">Jianze</forename><surname>Liang</surname></persName>
		</author>
		<author>
			<persName><forename type="first">Xipeng</forename><surname>Qiu</surname></persName>
		</author>
		<author>
			<persName><forename type="first">Xuanjing</forename><surname>Huang</surname></persName>
		</author>
		<idno type="DOI">10.18653/v1/P19-1601</idno>
	</analytic>
	<monogr>
		<title level="m">Proceedings of the 57th Annual Meeting of the Association for Computational Linguistics</title>
				<meeting>the 57th Annual Meeting of the Association for Computational Linguistics<address><addrLine>Florence, Italy</addrLine></address></meeting>
		<imprint>
			<publisher>Association for Computational Linguistics</publisher>
			<date type="published" when="2019">2019</date>
			<biblScope unit="page" from="5997" to="6007" />
		</imprint>
	</monogr>
	<note type="raw_reference">Ning Dai, Jianze Liang, Xipeng Qiu, and Xuanjing Huang. 2019. Style transformer: Unpaired text style transfer without disentangled latent representation. In Proceedings of the 57th Annual Meeting of the Association for Computational Linguistics, pages 5997-6007, Florence, Italy. Association for Com- putational Linguistics.</note>
</biblStruct>

<biblStruct xml:id="b3">
	<analytic>
		<title level="a" type="main">Bert: Pre-training of deep bidirectional transformers for language understanding</title>
		<author>
			<persName><forename type="first">Jacob</forename><surname>Devlin</surname></persName>
		</author>
		<author>
			<persName><forename type="first">Ming-Wei</forename><surname>Chang</surname></persName>
		</author>
		<author>
			<persName><forename type="first">Kenton</forename><surname>Lee</surname></persName>
		</author>
		<author>
			<persName><forename type="first">Kristina</forename><surname>Toutanova</surname></persName>
		</author>
	</analytic>
	<monogr>
		<title level="m">Proceedings of the 2019 Conference of the North American Chapter</title>
		<title level="s">Long and Short Papers</title>
		<meeting>the 2019 Conference of the North American Chapter</meeting>
		<imprint>
			<publisher>Human Language Technologies</publisher>
			<date type="published" when="2019">2019</date>
			<biblScope unit="volume">1</biblScope>
			<biblScope unit="page" from="4171" to="4186" />
		</imprint>
	</monogr>
	<note type="raw_reference">Jacob Devlin, Ming-Wei Chang, Kenton Lee, and Kristina Toutanova. 2019. Bert: Pre-training of deep bidirectional transformers for language under- standing. In Proceedings of the 2019 Conference of the North American Chapter of the Association for Computational Linguistics: Human Language Technologies, Volume 1 (Long and Short Papers), pages 4171-4186.</note>
</biblStruct>

<biblStruct xml:id="b4">
	<analytic>
		<title level="a" type="main">Improving the robustness of question answering systems to question paraphrasing</title>
		<author>
			<persName><forename type="first">Chung</forename><surname>Wee</surname></persName>
		</author>
		<author>
			<persName><forename type="first">Hwee Tou</forename><surname>Gan</surname></persName>
		</author>
		<author>
			<persName><surname>Ng</surname></persName>
		</author>
		<idno type="DOI">10.18653/v1/P19-1610</idno>
	</analytic>
	<monogr>
		<title level="m">ACL</title>
				<meeting><address><addrLine>Florence, Italy</addrLine></address></meeting>
		<imprint>
			<publisher>Association for Computational Linguistics</publisher>
			<date type="published" when="2019">2019</date>
			<biblScope unit="page" from="6065" to="6075" />
		</imprint>
	</monogr>
	<note type="raw_reference">Wee Chung Gan and Hwee Tou Ng. 2019. Improv- ing the robustness of question answering systems to question paraphrasing. In ACL, pages 6065-6075, Florence, Italy. Association for Computational Lin- guistics.</note>
</biblStruct>

<biblStruct xml:id="b5">
	<analytic>
		<title level="a" type="main">Long short-term memory</title>
		<author>
			<persName><forename type="first">Sepp</forename><surname>Hochreiter</surname></persName>
		</author>
		<author>
			<persName><forename type="first">Jürgen</forename><surname>Schmidhuber</surname></persName>
		</author>
	</analytic>
	<monogr>
		<title level="j">Neural computation</title>
		<imprint>
			<biblScope unit="volume">9</biblScope>
			<biblScope unit="issue">8</biblScope>
			<biblScope unit="page" from="1735" to="1780" />
			<date type="published" when="1997">1997</date>
		</imprint>
	</monogr>
	<note type="raw_reference">Sepp Hochreiter and Jürgen Schmidhuber. 1997. Long short-term memory. Neural computation, 9(8):1735- 1780.</note>
</biblStruct>

<biblStruct xml:id="b6">
	<analytic>
		<title level="a" type="main">Toward controlled generation of text</title>
		<author>
			<persName><forename type="first">Zhiting</forename><surname>Hu</surname></persName>
		</author>
		<author>
			<persName><forename type="first">Zichao</forename><surname>Yang</surname></persName>
		</author>
		<author>
			<persName><forename type="first">Xiaodan</forename><surname>Liang</surname></persName>
		</author>
		<author>
			<persName><forename type="first">Ruslan</forename><surname>Salakhutdinov</surname></persName>
		</author>
		<author>
			<persName><forename type="first">Eric</forename><forename type="middle">P</forename><surname>Xing</surname></persName>
		</author>
		<ptr target="JMLR.org" />
	</analytic>
	<monogr>
		<title level="m">Proceedings of the 34th International Conference on Machine Learning</title>
				<meeting>the 34th International Conference on Machine Learning</meeting>
		<imprint>
			<date type="published" when="2017">2017</date>
			<biblScope unit="volume">70</biblScope>
			<biblScope unit="page" from="1587" to="1596" />
		</imprint>
	</monogr>
	<note type="raw_reference">Zhiting Hu, Zichao Yang, Xiaodan Liang, Ruslan Salakhutdinov, and Eric P. Xing. 2017. Toward controlled generation of text. In Proceedings of the 34th International Conference on Machine Learning -Volume 70, ICML&apos;17, page 1587-1596. JMLR.org.</note>
</biblStruct>

<biblStruct xml:id="b7">
	<analytic>
		<title level="a" type="main">Adversarial example generation with syntactically controlled paraphrase networks</title>
		<author>
			<persName><forename type="first">Mohit</forename><surname>Iyyer</surname></persName>
		</author>
		<author>
			<persName><forename type="first">John</forename><surname>Wieting</surname></persName>
		</author>
		<author>
			<persName><forename type="first">Kevin</forename><surname>Gimpel</surname></persName>
		</author>
		<author>
			<persName><forename type="first">Luke</forename><surname>Zettlemoyer</surname></persName>
		</author>
		<idno type="DOI">10.18653/v1/N18-1170</idno>
	</analytic>
	<monogr>
		<title level="m">NAACL</title>
				<imprint>
			<publisher>Association for Computational Linguistics</publisher>
			<date type="published" when="2018">2018</date>
			<biblScope unit="page" from="1875" to="1885" />
		</imprint>
	</monogr>
	<note type="raw_reference">Mohit Iyyer, John Wieting, Kevin Gimpel, and Luke Zettlemoyer. 2018. Adversarial example generation with syntactically controlled paraphrase networks. In NAACL, pages 1875-1885. Association for Compu- tational Linguistics.</note>
</biblStruct>

<biblStruct xml:id="b8">
	<analytic>
		<title level="a" type="main">Disentangled representation learning for non-parallel text style transfer</title>
		<author>
			<persName><forename type="first">Vineet</forename><surname>John</surname></persName>
		</author>
		<author>
			<persName><forename type="first">Lili</forename><surname>Mou</surname></persName>
		</author>
		<author>
			<persName><forename type="first">Hareesh</forename><surname>Bahuleyan</surname></persName>
		</author>
		<author>
			<persName><forename type="first">Olga</forename><surname>Vechtomova</surname></persName>
		</author>
		<idno type="DOI">10.18653/v1/P19-1041</idno>
	</analytic>
	<monogr>
		<title level="m">Proceedings of the 57th Annual Meeting of the Association for Computational Linguistics</title>
				<meeting>the 57th Annual Meeting of the Association for Computational Linguistics<address><addrLine>Florence, Italy</addrLine></address></meeting>
		<imprint>
			<publisher>Association for Computational Linguistics</publisher>
			<date type="published" when="2019">2019</date>
			<biblScope unit="page" from="424" to="434" />
		</imprint>
	</monogr>
	<note type="raw_reference">Vineet John, Lili Mou, Hareesh Bahuleyan, and Olga Vechtomova. 2019. Disentangled representation learning for non-parallel text style transfer. In Proceedings of the 57th Annual Meeting of the Association for Computational Linguistics, pages 424-434, Florence, Italy. Association for Compu- tational Linguistics.</note>
</biblStruct>

<biblStruct xml:id="b9">
	<analytic>
		<title level="a" type="main">Adam: A method for stochastic optimization</title>
		<author>
			<persName><forename type="first">Diederik</forename><surname>Kingma</surname></persName>
		</author>
		<author>
			<persName><forename type="first">Jimmy</forename><surname>Ba</surname></persName>
		</author>
	</analytic>
	<monogr>
		<title level="j">Computer Science</title>
		<imprint>
			<date type="published" when="2014">2014</date>
		</imprint>
	</monogr>
	<note type="raw_reference">Diederik Kingma and Jimmy Ba. 2014. Adam: A method for stochastic optimization. Computer Science.</note>
</biblStruct>

<biblStruct xml:id="b10">
	<analytic>
		<title level="a" type="main">Syntax-guided controlled generation of paraphrases</title>
		<author>
			<persName><forename type="first">Ashutosh</forename><surname>Kumar</surname></persName>
		</author>
		<author>
			<persName><forename type="first">Kabir</forename><surname>Ahuja</surname></persName>
		</author>
		<author>
			<persName><forename type="first">Raghuram</forename><surname>Vadapalli</surname></persName>
		</author>
		<author>
			<persName><forename type="first">Partha</forename><surname>Talukdar</surname></persName>
		</author>
	</analytic>
	<monogr>
		<title level="j">TACL</title>
		<imprint>
			<biblScope unit="volume">8</biblScope>
			<biblScope unit="page" from="329" to="345" />
			<date type="published" when="2020">2020</date>
		</imprint>
	</monogr>
	<note type="raw_reference">Ashutosh Kumar, Kabir Ahuja, Raghuram Vadapalli, and Partha Talukdar. 2020. Syntax-guided controlled generation of paraphrases. TACL, 8:329-345.</note>
</biblStruct>

<biblStruct xml:id="b11">
	<analytic>
		<title level="a" type="main">Enhancing content preservation in text style transfer using reverse attention and conditional layer normalization</title>
		<author>
			<persName><forename type="first">Dongkyu</forename><surname>Lee</surname></persName>
		</author>
		<author>
			<persName><forename type="first">Zhiliang</forename><surname>Tian</surname></persName>
		</author>
		<author>
			<persName><forename type="first">Lanqing</forename><surname>Xue</surname></persName>
		</author>
		<author>
			<persName><forename type="first">Nevin</forename><forename type="middle">L</forename><surname>Zhang</surname></persName>
		</author>
		<idno type="DOI">10.18653/v1/2021.acl-long.8</idno>
	</analytic>
	<monogr>
		<title level="m">Proceedings of the 59th Annual Meeting of the Association for Computational Linguistics and the 11th International Joint Conference on Natural Language Processing</title>
		<title level="s">Long Papers</title>
		<meeting>the 59th Annual Meeting of the Association for Computational Linguistics and the 11th International Joint Conference on Natural Language Processing</meeting>
		<imprint>
			<publisher>Online. Association for Computational Linguistics</publisher>
			<date type="published" when="2021">2021</date>
			<biblScope unit="volume">1</biblScope>
			<biblScope unit="page" from="93" to="102" />
		</imprint>
	</monogr>
	<note type="raw_reference">Dongkyu Lee, Zhiliang Tian, Lanqing Xue, and Nevin L. Zhang. 2021. Enhancing content preser- vation in text style transfer using reverse atten- tion and conditional layer normalization. In Proceedings of the 59th Annual Meeting of the Association for Computational Linguistics and the 11th International Joint Conference on Natural Language Processing (Volume 1: Long Papers), pages 93-102, Online. Association for Computa- tional Linguistics.</note>
</biblStruct>

<biblStruct xml:id="b12">
	<monogr>
		<title level="m" type="main">Transformer-based neural text generation with syntactic guidance</title>
		<author>
			<persName><forename type="first">Yinghao</forename><surname>Li</surname></persName>
		</author>
		<author>
			<persName><forename type="first">Rui</forename><surname>Feng</surname></persName>
		</author>
		<author>
			<persName><forename type="first">Isaac</forename><surname>Rehg</surname></persName>
		</author>
		<author>
			<persName><forename type="first">Chao</forename><surname>Zhang</surname></persName>
		</author>
		<imprint>
			<date type="published" when="2020">2020</date>
		</imprint>
	</monogr>
	<note type="raw_reference">Yinghao Li, Rui Feng, Isaac Rehg, and Chao Zhang. 2020. Transformer-based neural text generation with syntactic guidance.</note>
</biblStruct>

<biblStruct xml:id="b13">
	<analytic>
		<title level="a" type="main">Paraphrase generation with deep reinforcement learning</title>
		<author>
			<persName><forename type="first">Zichao</forename><surname>Li</surname></persName>
		</author>
		<author>
			<persName><forename type="first">Xin</forename><surname>Jiang</surname></persName>
		</author>
		<author>
			<persName><forename type="first">Lifeng</forename><surname>Shang</surname></persName>
		</author>
		<author>
			<persName><forename type="first">Hang</forename><surname>Li</surname></persName>
		</author>
		<idno type="DOI">10.18653/v1/D18-1421</idno>
	</analytic>
	<monogr>
		<title level="m">EMNLP</title>
				<meeting><address><addrLine>Brussels, Belgium</addrLine></address></meeting>
		<imprint>
			<publisher>Association for Computational Linguistics</publisher>
			<date type="published" when="2018">2018</date>
			<biblScope unit="page" from="3865" to="3878" />
		</imprint>
	</monogr>
	<note type="raw_reference">Zichao Li, Xin Jiang, Lifeng Shang, and Hang Li. 2018. Paraphrase generation with deep reinforcement learn- ing. In EMNLP, pages 3865-3878, Brussels, Bel- gium. Association for Computational Linguistics.</note>
</biblStruct>

<biblStruct xml:id="b14">
	<analytic>
		<title level="a" type="main">ROUGE: A package for automatic evaluation of summaries</title>
		<author>
			<persName><forename type="first">Chin-Yew</forename><surname>Lin</surname></persName>
		</author>
	</analytic>
	<monogr>
		<title level="m">Text Summarization Branches Out</title>
				<meeting><address><addrLine>Barcelona, Spain</addrLine></address></meeting>
		<imprint>
			<publisher>Association for Computational Linguistics</publisher>
			<date type="published" when="2004">2004</date>
			<biblScope unit="page" from="74" to="81" />
		</imprint>
	</monogr>
	<note type="raw_reference">Chin-Yew Lin. 2004. ROUGE: A package for automatic evaluation of summaries. In Text Summarization Branches Out, pages 74-81, Barcelona, Spain. Asso- ciation for Computational Linguistics.</note>
</biblStruct>

<biblStruct xml:id="b15">
	<analytic>
		<title level="a" type="main">Exploring bilingual parallel corpora 2087 for syntactically controllable paraphrase generation</title>
		<author>
			<persName><forename type="first">Mingtong</forename><surname>Liu</surname></persName>
		</author>
		<author>
			<persName><forename type="first">Erguang</forename><surname>Yang</surname></persName>
		</author>
		<author>
			<persName><forename type="first">Deyi</forename><surname>Xiong</surname></persName>
		</author>
		<author>
			<persName><forename type="first">Yujie</forename><surname>Zhang</surname></persName>
		</author>
		<author>
			<persName><forename type="first">Chen</forename><surname>Sheng</surname></persName>
		</author>
		<author>
			<persName><forename type="first">Changjian</forename><surname>Hu</surname></persName>
		</author>
		<author>
			<persName><forename type="first">Jinan</forename><surname>Xu</surname></persName>
		</author>
		<author>
			<persName><forename type="first">Yufeng</forename><surname>Chen</surname></persName>
		</author>
		<idno type="DOI">10.24963/ijcai.2020/547</idno>
	</analytic>
	<monogr>
		<title level="m">IJCAI-20</title>
				<imprint>
			<date type="published" when="2020">2020</date>
			<biblScope unit="page" from="3955" to="3961" />
		</imprint>
	</monogr>
	<note type="raw_reference">Mingtong Liu, Erguang Yang, Deyi Xiong, Yujie Zhang, Chen Sheng, Changjian Hu, Jinan Xu, and Yufeng Chen. 2020. Exploring bilingual parallel corpora 2087 for syntactically controllable paraphrase generation. In IJCAI-20, pages 3955-3961. International Joint Conferences on Artificial Intelligence Organization. Main track.</note>
</biblStruct>

<biblStruct xml:id="b16">
	<analytic>
		<title level="a" type="main">The Stanford CoreNLP natural language processing toolkit</title>
		<author>
			<persName><forename type="first">Christopher</forename><surname>Manning</surname></persName>
		</author>
		<author>
			<persName><forename type="first">Mihai</forename><surname>Surdeanu</surname></persName>
		</author>
		<author>
			<persName><forename type="first">John</forename><surname>Bauer</surname></persName>
		</author>
		<author>
			<persName><forename type="first">Jenny</forename><surname>Finkel</surname></persName>
		</author>
		<author>
			<persName><forename type="first">Steven</forename><surname>Bethard</surname></persName>
		</author>
		<author>
			<persName><forename type="first">David</forename><surname>Mcclosky</surname></persName>
		</author>
		<idno type="DOI">10.3115/v1/P14-5010</idno>
	</analytic>
	<monogr>
		<title level="m">ACL</title>
				<meeting><address><addrLine>Baltimore, Maryland</addrLine></address></meeting>
		<imprint>
			<date type="published" when="2014">2014</date>
			<biblScope unit="page" from="55" to="60" />
		</imprint>
	</monogr>
	<note>Association for Computational Linguistics</note>
	<note type="raw_reference">Christopher Manning, Mihai Surdeanu, John Bauer, Jenny Finkel, Steven Bethard, and David McClosky. 2014. The Stanford CoreNLP natural language pro- cessing toolkit. In ACL, pages 55-60, Baltimore, Maryland. Association for Computational Linguis- tics.</note>
</biblStruct>

<biblStruct xml:id="b17">
	<analytic>
		<title level="a" type="main">Polite Dialogue Generation Without Parallel Data</title>
		<author>
			<persName><forename type="first">Tong</forename><surname>Niu</surname></persName>
		</author>
		<author>
			<persName><forename type="first">Mohit</forename><surname>Bansal</surname></persName>
		</author>
		<idno type="DOI">10.1162/tacl_a_00027</idno>
	</analytic>
	<monogr>
		<title level="j">Transactions of the Association for Computational Linguistics</title>
		<imprint>
			<biblScope unit="volume">6</biblScope>
			<biblScope unit="page" from="373" to="389" />
			<date type="published" when="2018">2018</date>
		</imprint>
	</monogr>
	<note type="raw_reference">Tong Niu and Mohit Bansal. 2018. Polite Dialogue Gen- eration Without Parallel Data. Transactions of the Association for Computational Linguistics, 6:373- 389.</note>
</biblStruct>

<biblStruct xml:id="b18">
	<analytic>
		<title level="a" type="main">Bleu: A method for automatic evaluation of machine translation</title>
		<author>
			<persName><forename type="first">Kishore</forename><surname>Papineni</surname></persName>
		</author>
		<author>
			<persName><forename type="first">Salim</forename><surname>Roukos</surname></persName>
		</author>
		<author>
			<persName><forename type="first">Todd</forename><surname>Ward</surname></persName>
		</author>
		<author>
			<persName><forename type="first">Wei-Jing</forename><surname>Zhu</surname></persName>
		</author>
		<idno type="DOI">10.3115/1073083.1073135</idno>
	</analytic>
	<monogr>
		<title level="m">Proceedings of the 40th Annual Meeting on Association for Computational Linguistics, ACL &apos;02</title>
				<meeting>the 40th Annual Meeting on Association for Computational Linguistics, ACL &apos;02</meeting>
		<imprint>
			<publisher>USA. Association for Computational Linguistics</publisher>
			<date type="published" when="2002">2002</date>
			<biblScope unit="page" from="311" to="318" />
		</imprint>
	</monogr>
	<note type="raw_reference">Kishore Papineni, Salim Roukos, Todd Ward, and Wei- Jing Zhu. 2002. Bleu: A method for automatic evaluation of machine translation. In Proceedings of the 40th Annual Meeting on Association for Computational Linguistics, ACL &apos;02, page 311-318, USA. Association for Computational Linguistics.</note>
</biblStruct>

<biblStruct xml:id="b19">
	<analytic>
		<title level="a" type="main">GloVe: Global vectors for word representation</title>
		<author>
			<persName><forename type="first">Jeffrey</forename><surname>Pennington</surname></persName>
		</author>
		<author>
			<persName><forename type="first">Richard</forename><surname>Socher</surname></persName>
		</author>
		<author>
			<persName><forename type="first">Christopher</forename><surname>Manning</surname></persName>
		</author>
		<idno type="DOI">10.3115/v1/D14-1162</idno>
	</analytic>
	<monogr>
		<title level="m">Proceedings of the 2014 Conference on Empirical Methods in Natural Language Processing (EMNLP)</title>
				<meeting>the 2014 Conference on Empirical Methods in Natural Language Processing (EMNLP)<address><addrLine>Doha, Qatar</addrLine></address></meeting>
		<imprint>
			<date type="published" when="2014">2014</date>
			<biblScope unit="page" from="1532" to="1543" />
		</imprint>
	</monogr>
	<note>Association for Computational Linguistics</note>
	<note type="raw_reference">Jeffrey Pennington, Richard Socher, and Christo- pher Manning. 2014. GloVe: Global vectors for word representation. In Proceedings of the 2014 Conference on Empirical Methods in Natural Language Processing (EMNLP), pages 1532-1543, Doha, Qatar. Association for Computational Linguis- tics.</note>
</biblStruct>

<biblStruct xml:id="b20">
	<analytic>
		<title level="a" type="main">Sentence-BERT: Sentence embeddings using Siamese BERTnetworks</title>
		<author>
			<persName><forename type="first">Nils</forename><surname>Reimers</surname></persName>
		</author>
		<author>
			<persName><forename type="first">Iryna</forename><surname>Gurevych</surname></persName>
		</author>
		<idno type="DOI">10.18653/v1/D19-1410</idno>
	</analytic>
	<monogr>
		<title level="m">EMNLP</title>
				<meeting><address><addrLine>Hong Kong, China</addrLine></address></meeting>
		<imprint>
			<publisher>Association for Computational Linguistics</publisher>
			<date type="published" when="2019">2019</date>
		</imprint>
	</monogr>
	<note type="raw_reference">Nils Reimers and Iryna Gurevych. 2019. Sentence- BERT: Sentence embeddings using Siamese BERT- networks. In EMNLP, Hong Kong, China. Associa- tion for Computational Linguistics.</note>
</biblStruct>

<biblStruct xml:id="b21">
	<analytic>
		<title level="a" type="main">AE-SOP: Paraphrase generation with adaptive syntactic control</title>
		<author>
			<persName><forename type="first">Jiao</forename><surname>Sun</surname></persName>
		</author>
		<author>
			<persName><forename type="first">Xuezhe</forename><surname>Ma</surname></persName>
		</author>
		<author>
			<persName><forename type="first">Nanyun</forename><surname>Peng</surname></persName>
		</author>
		<idno type="DOI">10.18653/v1/2021.emnlp-main.420</idno>
	</analytic>
	<monogr>
		<title level="m">EMNLP</title>
				<meeting><address><addrLine>Dominican Republic</addrLine></address></meeting>
		<imprint>
			<publisher>Association for Computational Linguistics</publisher>
			<date type="published" when="2021">2021</date>
			<biblScope unit="page" from="5176" to="5189" />
		</imprint>
		<respStmt>
			<orgName>Online and Punta Cana</orgName>
		</respStmt>
	</monogr>
	<note type="raw_reference">Jiao Sun, Xuezhe Ma, and Nanyun Peng. 2021. AE- SOP: Paraphrase generation with adaptive syntactic control. In EMNLP, pages 5176-5189, Online and Punta Cana, Dominican Republic. Association for Computational Linguistics.</note>
</biblStruct>

<biblStruct xml:id="b22">
	<analytic>
		<title level="a" type="main">Attention is all you need</title>
		<author>
			<persName><forename type="first">Ashish</forename><surname>Vaswani</surname></persName>
		</author>
		<author>
			<persName><forename type="first">Noam</forename><surname>Shazeer</surname></persName>
		</author>
		<author>
			<persName><forename type="first">Niki</forename><surname>Parmar</surname></persName>
		</author>
		<author>
			<persName><forename type="first">Jakob</forename><surname>Uszkoreit</surname></persName>
		</author>
		<author>
			<persName><forename type="first">Llion</forename><surname>Jones</surname></persName>
		</author>
		<author>
			<persName><forename type="first">Aidan</forename><forename type="middle">N</forename><surname>Gomez</surname></persName>
		</author>
		<author>
			<persName><forename type="first">Łukasz</forename><surname>Kaiser</surname></persName>
		</author>
		<author>
			<persName><forename type="first">Illia</forename><surname>Polosukhin</surname></persName>
		</author>
	</analytic>
	<monogr>
		<title level="m">Advances in neural information processing systems</title>
				<imprint>
			<date type="published" when="2017">2017</date>
			<biblScope unit="page" from="5998" to="6008" />
		</imprint>
	</monogr>
	<note type="raw_reference">Ashish Vaswani, Noam Shazeer, Niki Parmar, Jakob Uszkoreit, Llion Jones, Aidan N Gomez, Łukasz Kaiser, and Illia Polosukhin. 2017. Attention is all you need. In Advances in neural information processing systems, pages 5998-6008.</note>
</biblStruct>

<biblStruct xml:id="b23">
	<analytic>
		<title level="a" type="main">ParaNMT-50M: Pushing the limits of paraphrastic sentence embeddings with millions of machine translations</title>
		<author>
			<persName><forename type="first">John</forename><surname>Wieting</surname></persName>
		</author>
		<author>
			<persName><forename type="first">Kevin</forename><surname>Gimpel</surname></persName>
		</author>
		<idno type="DOI">10.18653/v1/P18-1042</idno>
	</analytic>
	<monogr>
		<title level="m">ACL</title>
				<meeting><address><addrLine>Melbourne, Australia</addrLine></address></meeting>
		<imprint>
			<publisher>Association for Computational Linguistics</publisher>
			<date type="published" when="2018">2018</date>
			<biblScope unit="page" from="451" to="462" />
		</imprint>
	</monogr>
	<note type="raw_reference">John Wieting and Kevin Gimpel. 2018. ParaNMT-50M: Pushing the limits of paraphrastic sentence embed- dings with millions of machine translations. In ACL, pages 451-462, Melbourne, Australia. Association for Computational Linguistics.</note>
</biblStruct>

<biblStruct xml:id="b24">
	<analytic>
		<title level="a" type="main">Syntactically-informed unsupervised paraphrasing with non-parallel data</title>
		<author>
			<persName><forename type="first">Erguang</forename><surname>Yang</surname></persName>
		</author>
		<author>
			<persName><forename type="first">Mingtong</forename><surname>Liu</surname></persName>
		</author>
		<author>
			<persName><forename type="first">Deyi</forename><surname>Xiong</surname></persName>
		</author>
		<author>
			<persName><forename type="first">Yujie</forename><surname>Zhang</surname></persName>
		</author>
		<author>
			<persName><forename type="first">Yao</forename><surname>Meng</surname></persName>
		</author>
		<author>
			<persName><forename type="first">Changjian</forename><surname>Hu</surname></persName>
		</author>
		<author>
			<persName><forename type="first">Jinan</forename><surname>Xu</surname></persName>
		</author>
		<author>
			<persName><forename type="first">Yufeng</forename><surname>Chen</surname></persName>
		</author>
	</analytic>
	<monogr>
		<title level="m">Proceedings of the 2021 Conference on Empirical Methods in Natural Language Processing</title>
				<meeting>the 2021 Conference on Empirical Methods in Natural Language Processing<address><addrLine>Punta Cana, Dominican Republic</addrLine></address></meeting>
		<imprint>
			<publisher>Association for Computational Linguistics</publisher>
			<date type="published" when="2021">2021</date>
			<biblScope unit="page" from="2594" to="2604" />
		</imprint>
	</monogr>
	<note type="raw_reference">Erguang Yang, Mingtong Liu, Deyi Xiong, Yujie Zhang, Yao Meng, Changjian Hu, Jinan Xu, and Yufeng Chen. 2021. Syntactically-informed unsupervised paraphrasing with non-parallel data. In Proceedings of the 2021 Conference on Empirical Methods in Natural Language Processing, pages 2594-2604, On- line and Punta Cana, Dominican Republic. Associa- tion for Computational Linguistics.</note>
</biblStruct>

<biblStruct xml:id="b25">
	<analytic>
		<title level="a" type="main">Expanding, retrieving and infilling: Diversifying cross-domain question generation with flexible templates</title>
		<author>
			<persName><forename type="first">Xiaojing</forename><surname>Yu</surname></persName>
		</author>
		<author>
			<persName><forename type="first">Anxiao</forename><surname>Jiang</surname></persName>
		</author>
		<idno type="DOI">10.18653/v1/2021.eacl-main.279</idno>
	</analytic>
	<monogr>
		<title level="m">EACL</title>
				<imprint>
			<publisher>Online. Association for Computational Linguistics</publisher>
			<date type="published" when="2021">2021</date>
			<biblScope unit="page" from="3202" to="3212" />
		</imprint>
	</monogr>
	<note type="raw_reference">Xiaojing Yu and Anxiao Jiang. 2021. Expanding, re- trieving and infilling: Diversifying cross-domain question generation with flexible templates. In EACL, pages 3202-3212, Online. Association for Computational Linguistics.</note>
</biblStruct>

<biblStruct xml:id="b26">
	<analytic>
		<title level="a" type="main">Integrating transformer and paraphrase rules for sentence simplification</title>
		<author>
			<persName><forename type="first">Sanqiang</forename><surname>Zhao</surname></persName>
		</author>
		<author>
			<persName><forename type="first">Rui</forename><surname>Meng</surname></persName>
		</author>
		<idno type="DOI">10.18653/v1/D18-1355</idno>
	</analytic>
	<monogr>
		<title level="m">EMNLP</title>
				<meeting><address><addrLine>Brussels, Belgium</addrLine></address></meeting>
		<imprint>
			<publisher>Association for Computational Linguistics</publisher>
			<date type="published" when="2018">2018</date>
			<biblScope unit="page" from="3164" to="3173" />
		</imprint>
	</monogr>
	<note>Daqing He, Andi Saptono, and Bambang Parmanto</note>
	<note type="raw_reference">Sanqiang Zhao, Rui Meng, Daqing He, Andi Saptono, and Bambang Parmanto. 2018. Integrating trans- former and paraphrase rules for sentence simplifica- tion. In EMNLP, pages 3164-3173, Brussels, Bel- gium. Association for Computational Linguistics.</note>
</biblStruct>

<biblStruct xml:id="b27">
	<analytic>
		<title level="a" type="main">Paraphrases as foreign languages in multilingual neural machine translation</title>
		<author>
			<persName><forename type="first">Zhong</forename><surname>Zhou</surname></persName>
		</author>
		<author>
			<persName><forename type="first">Matthias</forename><surname>Sperber</surname></persName>
		</author>
		<author>
			<persName><forename type="first">Alexander</forename><surname>Waibel</surname></persName>
		</author>
		<idno type="DOI">10.18653/v1/P19-2015</idno>
	</analytic>
	<monogr>
		<title level="m">ACL</title>
				<meeting><address><addrLine>Florence, Italy</addrLine></address></meeting>
		<imprint>
			<publisher>Association for Computational Linguistics</publisher>
			<date type="published" when="2019">2019</date>
			<biblScope unit="page" from="113" to="122" />
		</imprint>
	</monogr>
	<note type="raw_reference">Zhong Zhou, Matthias Sperber, and Alexander Waibel. 2019. Paraphrases as foreign languages in multilin- gual neural machine translation. In ACL, pages 113- 122, Florence, Italy. Association for Computational Linguistics.</note>
</biblStruct>

				</listBibl>
			</div>
		</back>
	</text>
</TEI>
