<?xml version="1.0" encoding="UTF-8"?>
<TEI xml:space="preserve" xmlns="http://www.tei-c.org/ns/1.0" 
xmlns:xsi="http://www.w3.org/2001/XMLSchema-instance" 
xsi:schemaLocation="http://www.tei-c.org/ns/1.0 https://raw.githubusercontent.com/kermitt2/grobid/master/grobid-home/schemas/xsd/Grobid.xsd"
 xmlns:xlink="http://www.w3.org/1999/xlink">
	<teiHeader xml:lang="en">
		<fileDesc>
			<titleStmt>
				<title level="a" type="main">Building an Event Extractor with Only a Few Examples</title>
			</titleStmt>
			<publicationStmt>
				<publisher/>
				<availability status="unknown"><licence/></availability>
			</publicationStmt>
			<sourceDesc>
				<biblStruct>
					<analytic>
						<author>
							<persName><forename type="first">Pengfei</forename><surname>Yu</surname></persName>
							<email>pengfei4@illinois.edu</email>
							<affiliation key="aff0">
								<orgName type="institution">University of Illinois Urbana-Champaign</orgName>
							</affiliation>
						</author>
						<author>
							<persName><forename type="first">Zixuan</forename><surname>Zhang</surname></persName>
							<email>zixuan11@illinois.edu</email>
							<affiliation key="aff0">
								<orgName type="institution">University of Illinois Urbana-Champaign</orgName>
							</affiliation>
						</author>
						<author>
							<persName><forename type="first">Clare</forename><surname>Voss</surname></persName>
							<email>clare.r.voss.civ@army.mil</email>
						</author>
						<author>
							<persName><forename type="first">Jonathan</forename><surname>May</surname></persName>
							<email>jonmay@isi.edu</email>
							<affiliation key="aff1">
								<orgName type="laboratory">Army Combat Capabilities Development Command Army Research Laboratory</orgName>
								<orgName type="institution">University of South California 3 U.S</orgName>
							</affiliation>
						</author>
						<author>
							<persName><forename type="first">Heng</forename><surname>Ji</surname></persName>
							<email>hengji@illinois.edu</email>
							<affiliation key="aff0">
								<orgName type="institution">University of Illinois Urbana-Champaign</orgName>
							</affiliation>
						</author>
						<title level="a" type="main">Building an Event Extractor with Only a Few Examples</title>
					</analytic>
					<monogr>
						<imprint>
							<date/>
						</imprint>
					</monogr>
					<idno type="MD5">2AA7B871CABC4E81AD17A3487F443B68</idno>
				</biblStruct>
			</sourceDesc>
		</fileDesc>
		<encodingDesc>
			<appInfo>
				<application version="0.7.3-SNAPSHOT" ident="GROBID" when="2023-01-12T08:35+0000">
					<desc>GROBID - A machine learning software for extracting information from scholarly documents</desc>
					<ref target="https://github.com/kermitt2/grobid"/>
				</application>
			</appInfo>
		</encodingDesc>
		<profileDesc>
			<abstract>
<div xmlns="http://www.tei-c.org/ns/1.0"><p>Supervised event extraction models require a substantial amount of training data to perform well. However, event annotation requires a lot of human effort and costs much time, which limits the application of existing supervised approaches to new event types. In order to reduce manual labor and shorten the time to build an event extraction system for an arbitrary event ontology, we present a new framework to train such systems much more efficiently without large annotations. Our event trigger labeling model uses a weak supervision approach, which only requires a set of keywords, a small number of examples and an unlabeled corpus, on which our approach automatically collects weakly supervised annotations. Our argument role labeling component performs zero-shot learning, which only requires the names of the argument roles of new event types. The source codes of our event trigger detection 1 and event argument extraction 2 models are publicly available for research purposes. We also release a dockerized system connecting the two models into an unified event extraction pipeline 3 .</p></div>
			</abstract>
		</profileDesc>
	</teiHeader>
	<text xml:lang="en">
		<body>
<div xmlns="http://www.tei-c.org/ns/1.0"><head n="1">Introduction</head><p>Supervised event extraction models require sufficient training data to achieve a good performance. However, event annotation is a challenging task costing a lot of time and manual effort due to the sparsity of event mentions in natural language and the potentially large number of emergent event types that human annotators need to keep in mind during annotation. Therefore, annotation becomes a bottleneck that slows down the development of supervised event extraction systems whenever a new scenario of interest emerges with new event types in need of new data.</p><p>In order to meet the needs of fast development of event extraction systems for emergent new event types, we present a novel framework that can train event extraction systems with very few resources. Our proposed framework includes a weakly supervised approach to train a event trigger labeling model and a zero-shot model for argument role labeling. Our proposed weakly supervised event trigger labeling model only requires a few keywords and a small number of example event mentions. In our experiments on the ACE 2005 English dataset,<ref type="foot" target="#foot_3">4</ref> we use 4.9 keywords and 7.3 example mentions per event type on average, which are all extracted from the ACE annotation guidelines. We also propose a zero-shot argument role labeling model that only requires the argument role names of new event types to perform the task. Since such information is typically included in the target ontology and annotation guidelines, we believe this required input costs much less than human annotations. Our framework can be applied to any new event types. Our trigger labeling component outperforms existing few-shot and zero-shot methods <ref type="bibr" target="#b10">(Huang et al., 2018;</ref><ref type="bibr" target="#b12">Li et al., 2021;</ref><ref type="bibr" target="#b5">Feng et al., 2020)</ref> on ACE 2005 English dataset.</p></div>
<div xmlns="http://www.tei-c.org/ns/1.0"><head n="2">Approach</head><p>Our framework includes two components: a trigger labeling model trained from a few keywords and example mentions per each new event type and an unlabeled corpus; and a zero-shot argument role labeling model which only needs the corresponding argument role names for extraction.</p></div>
<div xmlns="http://www.tei-c.org/ns/1.0"><head n="2.1">Event Trigger Labeling</head><p>As shown in Figure <ref type="figure" target="#fig_1">1</ref>, our framework requires a list of keywords {k 1 , . . . , k M } for each target event type and a set of event mentions as input. Our goal is to annotate an unlabeled corpus C = {s 1 , s 2 , . . . , s N }, which is a collection of sentences s i , and train a model on the weakly supervised annotations. The corpus for weak supervision is disjoint from the evaluation corpus.</p><p>Keyword Representation For each keyword k i , we first find all its occurrences (including morphological inflection) in the corpus and summarize the semantics of each keyword into distributed representations by aggregating the hidden representation of each keyword occurrence using a large-scale language model M inspired by <ref type="bibr" target="#b22">Meng et al. (2020)</ref>. M functions as a sentence encoder to transform tokens in a sentence into hidden representations. A keyword occurrence consists of a sentence s j 2 C and a token offset (b ij , e ij ) indicating the starting and ending offsets of k i . We average the token hidden representations from the language model M within the token span as the representation for the j-th occurrence, and use the mean vector of all occurrences as the keyword representation k i . This process is shown in the top right corner of Figure <ref type="figure" target="#fig_1">1</ref>.</p><p>Keyword Clustering and Annotation Since some keywords have similar meanings, we propose an additional clustering step to group similar keywords together to find mentions of novel trigger words not in the keyword list. We show an example in Figure <ref type="figure" target="#fig_1">1</ref> for the Attack event. We apply spherical <ref type="bibr">KMeans (Lloyd, 1982)</ref> to acquire a set of cluster centers for an event type{c 1 , c 2 , . . . , c m }. Letting t denote the representation of a token in an unlabeled sentence according to M, we compute the score S(t) of the token being an event trigger as the cosine similarity with the closest cluster representation for all the event type's clusters: S(t) = max i cos_sim(c i , t). We accept a token as an event trigger of this type if the score S(t) exceeds a threshold value. We select the threshold for which this annotation procedure achieves the best trigger labeling F1 score on example sentences.</p><p>Training with Example-based Denoising At each minibatch training step, let B w be a sampled batch from the weakly supervised data. We further sample a batch B e from the example mentions (from the human annotation guidelines). We compute the information consistency between B w and B e as d = I(r ✓ L &gt; Be r ✓ L Bw &gt; 0) where I is the indicator function, L is the loss with respect to either the example batch or the weakly supervised batch, and ✓ is the set of model parameters. If d = 0, the training gradient has deviated far from the example gradient, in which case we discard the training data for loss computation. The overall loss is</p><formula xml:id="formula_0">L B = d L Bw + (1 d )L Be ,</formula><p>where is a hyperparameter that interpolates joint training on example data and weakly supervised data.</p></div>
<div xmlns="http://www.tei-c.org/ns/1.0"><head n="2.2">Event Argument Role Labeling</head><p>Our zero-shot event argument extraction model only requires the event argument role names (usually single words or phrases) for each event type (e.g., the event argument role names Giver, Beneficiary, Recipient and Place for event type Transaction: Transfer-Money). Note that our model does not require any detailed information such as natural language descriptions, example annotations or external resources <ref type="bibr">(Zhang et al., 2021)</ref>. Our model is trained on existing event argument roles with annotations, and is using zero-shot learning to generalize well to any new argument roles.</p></div>
<div xmlns="http://www.tei-c.org/ns/1.0"><head>Zero-shot Training and Classification</head><p>Inspired from many typical zero-shot learning tasks such as zero-shot image classification <ref type="bibr" target="#b28">(Xian et al., 2018;</ref><ref type="bibr" target="#b16">Liu et al., 2018b)</ref>, we take a similar approach to build a shared embedding space for both role label semantics and the contextual text features between triggers and arguments.</p><p>Given an input sentence, we first perform named entity recognition (NER) with Spacy<ref type="foot" target="#foot_4">5</ref> to extract all entity mentions in a sentence. After that, given the event role names {r 1 , r 2 , • • • , r R } for a certain event type, we first obtain the semantic embeddings {r 1 , r 2 , • • • , r R } using the pretrained language model BERT <ref type="bibr" target="#b2">(Devlin et al., 2019)</ref>. We also use BERT to get the representation vectors for all extracted event triggers t i and entity mentions e i within the sentence, and concatenate the vectors as [t i , e i ] to represent a trigger-entity pair. The intuition here is to learn two separate neural network projection functions to map each role label and trigger-entity pair into a single shared embedding space, where each trigger-entity pair stays near its correct roles and far from all other event argument roles. During training, we minimize the cosine distance between each [t i , e i ] and its role label r i , while maximizing the distance between [t i , e i ] and all other role labels. Specifically, if we use R to represent the set of all argument role embeddings and use The test designed to measure the responsiveness of emergency workers to a terrorist attack.</p><formula xml:id="formula_1">x i = [t i , e i ]</formula><p>... air power remains an important part of the battle.</p><p>We preview the potential battles ahead and the strategies in play ... </p><formula xml:id="formula_2">L i = P j6 =i,rj 2R max (m C(x i , r i ) + C(x i , r j ))</formula><p>, where C(x, r) denotes the cosine similarity. In this way, the trigger-entity pair representations tend to be centered around their argument role labels. During testing, we directly classify each trigger-entity pair as its nearest role label.</p></div>
<div xmlns="http://www.tei-c.org/ns/1.0"><head n="3">Evaluation</head></div>
<div xmlns="http://www.tei-c.org/ns/1.0"><head n="3.1">Dataset</head><p>We evaluate our models with the English portion of the ACE 2005 dataset. It contains 33 event types with 22 event argument role types. We use the training split as the weak supervision corpus, while in zero-shot event argument role labeling, we follow previous work <ref type="bibr" target="#b10">(Huang et al., 2018;</ref><ref type="bibr">Zhang et al., 2021)</ref> and use the 10 most frequent event types as training types and other event types along with their role types for testing. </p></div>
<div xmlns="http://www.tei-c.org/ns/1.0"><head n="3.2">Results</head><p>Event Detection. We evaluate event detection performance on two tasks. The first is the traditional trigger labeling. The model detects trigger spans from sentences and predicts an event type for each span. The second task is sentence level event detection <ref type="bibr" target="#b5">(Feng et al., 2020)</ref>, where the model predicts whether a sentence contains a mention of each event type. We evaluate both of the tasks with the F1 score. To further evaluate the impact of weak supervision, we compare with the Example baseline, which uses the same architecture but is trained only with example mentions in the human annotation guidelines. We also show ablation results for the keyword clustering step and example-based denoising step. As an efficient approach for event detection, we also compare with other zero-shot and few-shot methods for each task, as specified next below. We provide more implementation details in the Appendix.</p><p>We show the performance of our framework on trigger labeling in Table <ref type="table" target="#tab_1">2</ref>. We compare with the reported performance using two zero-shot methods: ZSL <ref type="bibr" target="#b10">(Huang et al., 2018)</ref> and TapKey <ref type="bibr" target="#b12">(Li et al., 2021)</ref>. Our framework has the best performance among all the methods. We also show some inconsistent weakly supervised annotations (d = 0 in the denoising step in Section 2.1) from the denoising component in Table <ref type="table" target="#tab_3">3</ref> to demonstrate the effectiveness of the denoising component. To further understand the effect of weak supervision, we compare the weakly supervised results with supervised models trained on varying percentages of training data  in Figure <ref type="figure" target="#fig_2">2</ref>. For sentence-level detection, we compare with the best few-shot (9-shot) results <ref type="bibr" target="#b5">(Feng et al., 2020)</ref>   </p></div>
<div xmlns="http://www.tei-c.org/ns/1.0"><head n="4">Related Work</head><p>Supervised Event Detection Event detection under supervised settings has been widely studied <ref type="bibr" target="#b11">(Ji and Grishman, 2008;</ref><ref type="bibr" target="#b1">Chen et al., 2015;</ref><ref type="bibr" target="#b6">Feng et al., 2016;</ref><ref type="bibr" target="#b17">Liu et al., 2017</ref><ref type="bibr" target="#b15">Liu et al., , 2018a</ref><ref type="bibr" target="#b14">Liu et al., , 2019a;;</ref><ref type="bibr" target="#b21">Lu et al., 2019;</ref><ref type="bibr" target="#b3">Ding et al., 2019;</ref><ref type="bibr" target="#b29">Yan et al., 2019;</ref><ref type="bibr" target="#b24">Tong et al., 2020;</ref><ref type="bibr" target="#b4">Du and Cardie, 2020;</ref><ref type="bibr" target="#b12">Li et al., 2021)</ref>.</p><p>Other methods on joint information extraction <ref type="bibr">(Li et al., 2013;</ref><ref type="bibr" target="#b25">Wadden et al., 2019;</ref><ref type="bibr" target="#b13">Lin et al., 2020)</ref> also include event detection as a subtask. However, supervised methods heavily rely on human annotations to perform well.</p><p>Weakly Supervised Event Extraction Some previous weakly supervised event extraction methods aim at augmenting data for existing event types. </p></div>
<div xmlns="http://www.tei-c.org/ns/1.0"><head n="5">Conclusions</head><p>In this work we present an efficient event extraction framework that can be trained with only a few keywords and example event mentions per new event type. We use weak supervision for trigger labeling and apply a zero-shot framework for argument role labeling. Our framework can collect training data and build models for emergent new event types in a significantly shortened time without needing to acquire large-scale human annotations.</p></div><figure xmlns="http://www.tei-c.org/ns/1.0" xml:id="fig_0"><head></head><label></label><figDesc>to undermine peace talks by supporting militant groups that attack Israelis.</figDesc></figure>
<figure xmlns="http://www.tei-c.org/ns/1.0" xml:id="fig_1"><head>Figure 1 :</head><label>1</label><figDesc>Figure 1: The weakly supervised event trigger labeling framework to represent trigger-entity pairs, the training objective is to minimize the hinge lossL i = P j6 =i,rj 2R max (m C(x i , r i ) + C(x i , r j )), where C(x, r) denotes the cosine similarity. In this way, the trigger-entity pair representations tend to be centered around their argument role labels. During testing, we directly classify each trigger-entity pair as its nearest role label.</figDesc></figure>
<figure xmlns="http://www.tei-c.org/ns/1.0" xml:id="fig_2"><head>Figure 2 :</head><label>2</label><figDesc>Figure 2: Supervised performance with respect to training data portion. Dotted lines indicate the performance of the weakly supervised methods.</figDesc></figure>
<figure xmlns="http://www.tei-c.org/ns/1.0" type="table" xml:id="tab_0"><head>Table 1 :</head><label>1</label><figDesc>Dataset statistics.</figDesc><table><row><cell>Dataset</cell><cell>Split</cell><cell>#Sents</cell><cell cols="2">#Ents #Events</cell></row><row><cell>ACE05-E</cell><cell cols="3">Train 17,172 29,006 Dev 923 2,451 Test 832 3,017</cell><cell>4,202 450 403</cell></row></table></figure>
<figure xmlns="http://www.tei-c.org/ns/1.0" type="table" xml:id="tab_1"><head>Table 2 :</head><label>2</label><figDesc>Trigger labeling performance (in %).<ref type="bibr" target="#b10">Huang et al. (2018)</ref> evaluated on a 23-event-type subset of the complete ACE event ontology. We compute our model's performance on these types for comparison. The slots with "-" are unreported results.</figDesc><table><row><cell cols="4">Full ACE Ontology (33 Types)</cell><cell>P</cell><cell>R</cell><cell>F</cell></row><row><cell cols="4">TapKey (Li et al., 2021)</cell><cell>-</cell><cell>-</cell><cell>52.1</cell></row><row><cell cols="3">Example Ours w/o denoising w/o clustering</cell><cell></cell><cell cols="2">57.2 63.0 59.8 65.6 60.8 63.1 62.2 61.1 61.6 61.3 59.7 60.4</cell></row><row><cell cols="4">ACE Subset (23 Types)</cell><cell>P</cell><cell>R</cell><cell>F</cell></row><row><cell cols="4">ZSL (Huang et al., 2018) Ours</cell><cell cols="2">75.5 36.3 49.1 66.3 60.5 63.3</cell></row><row><cell></cell><cell>0.8</cell><cell></cell><cell></cell><cell></cell></row><row><cell></cell><cell>0.7</cell><cell>F1=0.63</cell><cell></cell><cell></cell></row><row><cell></cell><cell>0.6</cell><cell></cell><cell cols="2">F1=0.62</cell></row><row><cell></cell><cell>0.5</cell><cell></cell><cell></cell><cell></cell></row><row><cell>F1</cell><cell>0.4</cell><cell></cell><cell></cell><cell></cell></row><row><cell></cell><cell>0.3</cell><cell></cell><cell></cell><cell></cell></row><row><cell></cell><cell>0.2</cell><cell></cell><cell></cell><cell></cell></row><row><cell></cell><cell>0.1</cell><cell></cell><cell></cell><cell></cell><cell>Micro F1</cell></row><row><cell></cell><cell>0 0</cell><cell>0.2</cell><cell>0.4</cell><cell>0.6</cell><cell>0.8 Macro F1 1</cell></row><row><cell></cell><cell></cell><cell></cell><cell cols="2">Training Data Portion</cell></row></table></figure>
<figure xmlns="http://www.tei-c.org/ns/1.0" type="table" xml:id="tab_2"><head></head><label></label><figDesc>in Table4. Our weakly supervised approach has improved the performance.</figDesc><table><row><cell>Error</cell><cell>Inconsistent Weak Supervision</cell></row><row><cell>False Positive</cell><cell>... a minute fraction of the sum of money[Transfer-Money] ...</cell></row><row><cell>False Negative</cell><cell>... travel[Transport]. concerns our ability to</cell></row></table></figure>
<figure xmlns="http://www.tei-c.org/ns/1.0" type="table" xml:id="tab_3"><head>Table 3 :</head><label>3</label><figDesc>Inconsistent weakly supervised annotations from the denoising step.</figDesc><table><row><cell>Method</cell><cell>P</cell><cell>R</cell><cell>F</cell></row><row><cell cols="4">9-shot (Feng et al., 2020) 54.5 57.0 61.8</cell></row><row><cell>Example Ours</cell><cell cols="3">66.4 68.0 66.9 66.2 74.2 69.9</cell></row></table></figure>
<figure xmlns="http://www.tei-c.org/ns/1.0" type="table" xml:id="tab_4"><head>Table 4 :</head><label>4</label><figDesc>Sentence level event detection result (%).</figDesc><table><row><cell>Event Argument Extraction. In our experiments of event argument extraction, we use the top 10</cell></row></table></figure>
<figure xmlns="http://www.tei-c.org/ns/1.0" type="table" xml:id="tab_5"><head>Table 5 :</head><label>5</label><figDesc>Event argument role labeling performance on ACE dataset. We report both overall scores and also top-3 scores on specific event argument roles. frequent event types in ACE dataset for training and the other 23 types for testing. We report the precision, recall, and F1 scores on the test split of ACE dataset as shown in Table5.</figDesc><table /></figure>
<figure xmlns="http://www.tei-c.org/ns/1.0" type="table" xml:id="tab_6"><head></head><label></label><figDesc>Zero-shot Event Argument Extraction In zeroshot learning(Zhang and Saligrama, 2015;<ref type="bibr" target="#b23">Romera- Paredes and Torr, 2015;</ref><ref type="bibr" target="#b0">Zhang et al., 2017)</ref>, the model is required to make predictions on types that are not observed during training. Such a problem setting has also been widely explored in Computer Vision, especially for zero-shot image classification<ref type="bibr" target="#b8">(Gu et al., 2021;</ref><ref type="bibr" target="#b9">Hanouti and Borgne, 2022)</ref>. In terms of zero-shot event extraction,<ref type="bibr" target="#b10">Huang et al. (2018)</ref> propose a semantic similarity based learning method, and more recently, Zhang et al. (2021) fur-ther use resources from external corpus as weaklysupervised example annotations.</figDesc><table><row><cell>Ferguson et al. (2018) propose a semi-supervised</cell></row><row><cell>method which requires a strong supervised event</cell></row><row><cell>extractor for data collection. Chen et al. (2017) pro-</cell></row><row><cell>pose a distant supervision based framework using</cell></row><row><cell>Freebase Compound Value Types (CVTs). Wang</cell></row><row><cell>et al. (2019) follow Chen et al. (2015) and intro-</cell></row><row><cell>duce a novel adversarial training method to denoise</cell></row><row><cell>the noisy training data for event extraction.</cell></row></table></figure>
			<note xmlns="http://www.tei-c.org/ns/1.0" place="foot" n="1" xml:id="foot_0">https://github.com/Perfec-Yu/ efficient-event-extraction</note>
			<note xmlns="http://www.tei-c.org/ns/1.0" place="foot" n="2" xml:id="foot_1">https://github.com/zhangzx-uiuc/ zero-shot-event-arguments</note>
			<note xmlns="http://www.tei-c.org/ns/1.0" place="foot" n="3" xml:id="foot_2">https://hub.docker.com/repository/ docker/zixuan11/event-extractor</note>
			<note xmlns="http://www.tei-c.org/ns/1.0" place="foot" n="4" xml:id="foot_3">https://catalog.ldc.upenn.edu/ LDC2006T06</note>
			<note xmlns="http://www.tei-c.org/ns/1.0" place="foot" n="5" xml:id="foot_4">https://spacy.io/api/entityrecognizer</note>
			<note xmlns="http://www.tei-c.org/ns/1.0" place="foot" xml:id="foot_5">Qi Li, Heng Ji, and Liang Huang. 2013. Joint event extraction via structured prediction with global features. In Proceedings of the 51st Annual Meeting of the Association for Computational Linguistics (Volume 1: Long Papers), pages 73-82, Sofia, Bulgaria. Association for Computational Linguistics.</note>
		</body>
		<back>

			<div type="acknowledgement">
<div xmlns="http://www.tei-c.org/ns/1.0"><head>Acknowledgement</head><p>This research is based upon work supported in part by U.S. DARPA LORELEI Program No. HR0011-15-C-0115, U.S. DARPA AIDA Program No. FA8750-18-2-0014 and KAIROS Program No. FA8750-19-2-1004. The views and conclusions contained herein are those of the authors and should not be interpreted as necessarily representing the official policies, either expressed or implied, of DARPA, or the U.S. Government. The U.S. Government is authorized to reproduce and distribute reprints for governmental purposes notwithstanding any copyright annotation therein.</p></div>
			</div>

			<div type="annex">
<div xmlns="http://www.tei-c.org/ns/1.0"><p>Hongming Zhang, Haoyu <ref type="bibr">Wang, and Dan Roth. 2021</ref>.</p><p>Zero-shot Label-aware Event Trigger and Argument Classification. In Findings of the Association for Computational Linguistics: ACL-IJCNLP 2021, pages 1331-1340, Online. Association for Computational Linguistics.</p><p>Li Zhang, Tao Xiang, and Shaogang Gong. 2017. Learning a deep embedding model for zero-shot learning.</p><p>In Proceedings of the IEEE conference on computer vision and pattern recognition, pages 2021-2030.</p><p>Ziming Zhang and Venkatesh Saligrama. 2015. Zeroshot learning via semantic similarity embedding. In Proceedings of the IEEE international conference on computer vision, pages 4166-4174.</p></div>
<div xmlns="http://www.tei-c.org/ns/1.0"><head>A Implementation Details</head></div>
<div xmlns="http://www.tei-c.org/ns/1.0"><head>A.1 Spherical KMeans for Keyword Clustering</head><p>Compared with traditional KMeans <ref type="bibr" target="#b19">(Lloyd, 1982)</ref>, there are two modifications in spherical KMeans. Firstly, the cluster assignment at each iteration step is decided according to the cosine similarities to the cluster centers instead of the Euclidean distance. Besides, after computing the cluster centers as the mean vectors of those keyword representations that are assigned to the corresponding clusters, we add an additional normalizing step to make all cluster centers have unit norm. We use the implementation in https://github. com/jasonlaska/spherecluster for experiments.</p></div>
<div xmlns="http://www.tei-c.org/ns/1.0"><head>A.2 Implementation Details for Trigger Labeling</head><p>We adopt a sequence labeling model for trigger labeling. Since we observe very few consecutive trigger spans, we use a simplified 'IO' tagging method instead of 'BIO' tagging. Specifically, we assign each token in a sentence a label 'I-&lt;Event_type&gt;' if it is in a trigger span of the corresponding event type. For the model architecture, we use Roberta-Large <ref type="bibr" target="#b18">(Liu et al., 2019b)</ref> to encode each token in the sentences into a hidden representation. Then we adopt an additional linear layer to classify each token into one of the tags. We use training batch size of 8 sentences. We truncate sentences to contain at most 96 tokens. For optimization, we use AdamW <ref type="bibr" target="#b20">(Loshchilov and Hutter, 2019)</ref> optimizer with initial learning rate 10 5 . We also use a linear warmup with 1200 warmup steps. We run experiments with 4 random seeds and report the average score.</p></div>
<div xmlns="http://www.tei-c.org/ns/1.0"><head>A.3 Implementation Details for Sentence-level Event Detection</head><p>We use a Roberta-Large model finetuned on MultiNLI <ref type="bibr" target="#b27">(Williams et al., 2018)</ref> dataset for textual entailment. The input to the model consists of a candidate sentence and an event-type-specific entailment sentence, such as Agent attacked Target for Attack event. The complete list of used entailment sentences can be found in the supplementary materials. The model outputs scores for the three labels: s e for entailment, s n neutral and s c contradiction. We compute the probability of mentioning an event as P (Mention) =</p><p>e se e se +e sn+sc . We use cross entropy loss to train the model. For evaluation, consider the candidate sentence mentioning an event if the probability of entailment is greater than 0.5. We use the same training hyper-parameters as trigger labeling. We run experiments with 4 random seeds and report the average score.</p></div>
<div xmlns="http://www.tei-c.org/ns/1.0"><head>A.4 Implementation Details for Weak Supervision</head><p>For the weak annotation, The threshold is chosen from 0.4 to 1.0 with 0.05 incremental steps. We choose the threshold as 0.65 to have the best F1 score on the example mentions. Since we use the ACE 2005 English training corpus for weak supervision, we also compute the F1 score of the weakly supervised annotation directly. The F1 score is 0.46. For the example-based denoising, we choose the weight parameter = 0.7 for trigger labeling and = 0.5 for sentence-level event detection.</p></div>
<div xmlns="http://www.tei-c.org/ns/1.0"><head>B Keywords and Example Mentions</head><p>We show keywords for each event type in Table <ref type="table">6</ref>.</p><p>We include example mentions in the supplementary materials. We have a total of 173 sentences and 241 event mentions in the example data. Table <ref type="table">6</ref>: Keywords used for each event type. Although we performed lemmatization for matching, there are some situations that lemmatization cannot handle perfectly. Therefore we also include various tenses for some verbs.</p></div>			</div>
			<div type="references">

				<listBibl>

<biblStruct xml:id="b0">
	<analytic>
		<title level="a" type="main">Automatically labeled data generation for large scale event extraction</title>
		<author>
			<persName><forename type="first">Yubo</forename><surname>Chen</surname></persName>
		</author>
		<author>
			<persName><forename type="first">Shulin</forename><surname>Liu</surname></persName>
		</author>
		<author>
			<persName><forename type="first">Xiang</forename><surname>Zhang</surname></persName>
		</author>
		<author>
			<persName><forename type="first">Kang</forename><surname>Liu</surname></persName>
		</author>
	</analytic>
	<monogr>
		<title level="m">Proceedings of the 55th Annual Meeting of the Association Computational Linguistics</title>
		<title level="s">Long Papers</title>
		<meeting>the 55th Annual Meeting of the Association Computational Linguistics<address><addrLine>Vancouver, Canada</addrLine></address></meeting>
		<imprint>
			<publisher>Association for Computational Linguistics</publisher>
			<date type="published" when="2017">Jun Zhao. 2017</date>
			<biblScope unit="volume">1</biblScope>
			<biblScope unit="page" from="409" to="419" />
		</imprint>
	</monogr>
	<note type="raw_reference">Yubo Chen, Shulin Liu, Xiang Zhang, Kang Liu, and Jun Zhao. 2017. Automatically labeled data genera- tion for large scale event extraction. In Proceedings of the 55th Annual Meeting of the Association Computational Linguistics (Volume 1: Long Papers), pages 409-419, Vancouver, Canada. Association for Computational Linguistics.</note>
</biblStruct>

<biblStruct xml:id="b1">
	<analytic>
		<title level="a" type="main">Event extraction via dynamic multipooling convolutional neural networks</title>
		<author>
			<persName><forename type="first">Yubo</forename><surname>Chen</surname></persName>
		</author>
		<author>
			<persName><forename type="first">Liheng</forename><surname>Xu</surname></persName>
		</author>
		<author>
			<persName><forename type="first">Kang</forename><surname>Liu</surname></persName>
		</author>
		<author>
			<persName><forename type="first">Daojian</forename><surname>Zeng</surname></persName>
		</author>
		<author>
			<persName><forename type="first">Jun</forename><surname>Zhao</surname></persName>
		</author>
	</analytic>
	<monogr>
		<title level="m">Proceedings of the 53rd Annual Meeting of the Association for Computational Linguistics and the 7th International Joint Conference on Natural Language Processing</title>
		<title level="s">Long Papers</title>
		<meeting>the 53rd Annual Meeting of the Association for Computational Linguistics and the 7th International Joint Conference on Natural Language Processing<address><addrLine>Beijing, China</addrLine></address></meeting>
		<imprint>
			<date type="published" when="2015">2015</date>
			<biblScope unit="volume">1</biblScope>
			<biblScope unit="page" from="167" to="176" />
		</imprint>
	</monogr>
	<note>Association for Computational Linguistics</note>
	<note type="raw_reference">Yubo Chen, Liheng Xu, Kang Liu, Daojian Zeng, and Jun Zhao. 2015. Event extraction via dynamic multi- pooling convolutional neural networks. In Proceed- ings of the 53rd Annual Meeting of the Association for Computational Linguistics and the 7th Interna- tional Joint Conference on Natural Language Pro- cessing (Volume 1: Long Papers), pages 167-176, Beijing, China. Association for Computational Lin- guistics.</note>
</biblStruct>

<biblStruct xml:id="b2">
	<analytic>
		<title level="a" type="main">BERT: Pre-training of deep bidirectional transformers for language understanding</title>
		<author>
			<persName><forename type="first">Jacob</forename><surname>Devlin</surname></persName>
		</author>
		<author>
			<persName><forename type="first">Ming-Wei</forename><surname>Chang</surname></persName>
		</author>
		<author>
			<persName><forename type="first">Kenton</forename><surname>Lee</surname></persName>
		</author>
		<author>
			<persName><forename type="first">Kristina</forename><surname>Toutanova</surname></persName>
		</author>
	</analytic>
	<monogr>
		<title level="m">Proceedings of the 2019 Conference of the North American Chapter of the Association for Computational Linguistics: Human Language Technologies</title>
		<title level="s">Long and Short Papers</title>
		<meeting>the 2019 Conference of the North American Chapter of the Association for Computational Linguistics: Human Language Technologies<address><addrLine>Minneapolis, Minnesota</addrLine></address></meeting>
		<imprint>
			<publisher>Association for Computational Linguistics</publisher>
			<date type="published" when="2019">2019</date>
			<biblScope unit="volume">1</biblScope>
			<biblScope unit="page" from="4171" to="4186" />
		</imprint>
	</monogr>
	<note type="raw_reference">Jacob Devlin, Ming-Wei Chang, Kenton Lee, and Kristina Toutanova. 2019. BERT: Pre-training of deep bidirectional transformers for language under- standing. In Proceedings of the 2019 Conference of the North American Chapter of the Association for Computational Linguistics: Human Language Tech- nologies, Volume 1 (Long and Short Papers), pages 4171-4186, Minneapolis, Minnesota. Association for Computational Linguistics.</note>
</biblStruct>

<biblStruct xml:id="b3">
	<analytic>
		<title level="a" type="main">Event detection with triggeraware lattice neural network</title>
		<author>
			<persName><forename type="first">Ning</forename><surname>Ding</surname></persName>
		</author>
		<author>
			<persName><forename type="first">Ziran</forename><surname>Li</surname></persName>
		</author>
		<author>
			<persName><forename type="first">Zhiyuan</forename><surname>Liu</surname></persName>
		</author>
		<author>
			<persName><forename type="first">Haitao</forename><surname>Zheng</surname></persName>
		</author>
		<author>
			<persName><forename type="first">Zibo</forename><surname>Lin</surname></persName>
		</author>
	</analytic>
	<monogr>
		<title level="m">Proceedings of the 2019 Conference on Empirical Methods in Natural Language Processing and the 9th International Joint Conference on Natural Language Processing (EMNLP-IJCNLP)</title>
				<meeting>the 2019 Conference on Empirical Methods in Natural Language Processing and the 9th International Joint Conference on Natural Language Processing (EMNLP-IJCNLP)<address><addrLine>Hong Kong, China</addrLine></address></meeting>
		<imprint>
			<publisher>Association for Computational Linguistics</publisher>
			<date type="published" when="2019">2019</date>
			<biblScope unit="page" from="347" to="356" />
		</imprint>
	</monogr>
	<note type="raw_reference">Ning Ding, Ziran Li, Zhiyuan Liu, Haitao Zheng, and Zibo Lin. 2019. Event detection with trigger- aware lattice neural network. In Proceedings of the 2019 Conference on Empirical Methods in Natu- ral Language Processing and the 9th International Joint Conference on Natural Language Process- ing (EMNLP-IJCNLP), pages 347-356, Hong Kong, China. Association for Computational Linguistics.</note>
</biblStruct>

<biblStruct xml:id="b4">
	<analytic>
		<title level="a" type="main">Event extraction by answering (almost) natural questions</title>
		<author>
			<persName><forename type="first">Xinya</forename><surname>Du</surname></persName>
		</author>
		<author>
			<persName><forename type="first">Claire</forename><surname>Cardie</surname></persName>
		</author>
	</analytic>
	<monogr>
		<title level="m">Proceedings of the 2020 Conference on Empirical Methods in Natural Language Processing (EMNLP)</title>
				<meeting>the 2020 Conference on Empirical Methods in Natural Language Processing (EMNLP)</meeting>
		<imprint>
			<publisher>Online. Association for Computational Linguistics</publisher>
			<date type="published" when="2020">2020</date>
			<biblScope unit="page" from="671" to="683" />
		</imprint>
	</monogr>
	<note type="raw_reference">Xinya Du and Claire Cardie. 2020. Event extraction by answering (almost) natural questions. In Proceedings of the 2020 Conference on Empirical Methods in Nat- ural Language Processing (EMNLP), pages 671-683, Online. Association for Computational Linguistics.</note>
</biblStruct>

<biblStruct xml:id="b5">
	<monogr>
		<title level="m" type="main">Probing and fine-tuning reading comprehension models for few-shot event extraction</title>
		<author>
			<persName><forename type="first">Rui</forename><surname>Feng</surname></persName>
		</author>
		<author>
			<persName><forename type="first">Jie</forename><surname>Yuan</surname></persName>
		</author>
		<author>
			<persName><forename type="first">Chao</forename><surname>Zhang</surname></persName>
		</author>
		<idno type="arXiv">arXiv:2010.11325</idno>
		<imprint>
			<date type="published" when="2020">2020</date>
		</imprint>
	</monogr>
	<note type="report_type">arXiv preprint</note>
	<note type="raw_reference">Rui Feng, Jie Yuan, and Chao Zhang. 2020. Prob- ing and fine-tuning reading comprehension mod- els for few-shot event extraction. arXiv preprint arXiv:2010.11325.</note>
</biblStruct>

<biblStruct xml:id="b6">
	<analytic>
		<title level="a" type="main">A language-independent neural network for event detection</title>
		<author>
			<persName><forename type="first">Xiaocheng</forename><surname>Feng</surname></persName>
		</author>
		<author>
			<persName><forename type="first">Lifu</forename><surname>Huang</surname></persName>
		</author>
		<author>
			<persName><forename type="first">Duyu</forename><surname>Tang</surname></persName>
		</author>
		<author>
			<persName><forename type="first">Heng</forename><surname>Ji</surname></persName>
		</author>
		<author>
			<persName><forename type="first">Bing</forename><surname>Qin</surname></persName>
		</author>
		<author>
			<persName><forename type="first">Ting</forename><surname>Liu</surname></persName>
		</author>
	</analytic>
	<monogr>
		<title level="m">Proceedings of the 54th Annual Meeting of the Association for Computational Linguistics</title>
				<meeting>the 54th Annual Meeting of the Association for Computational Linguistics<address><addrLine>Berlin, Germany</addrLine></address></meeting>
		<imprint>
			<publisher>Association for Computational Linguistics</publisher>
			<date type="published" when="2016">2016</date>
			<biblScope unit="volume">2</biblScope>
			<biblScope unit="page" from="66" to="71" />
		</imprint>
	</monogr>
	<note>Short Papers)</note>
	<note type="raw_reference">Xiaocheng Feng, Lifu Huang, Duyu Tang, Heng Ji, Bing Qin, and Ting Liu. 2016. A language-independent neural network for event detection. In Proceedings of the 54th Annual Meeting of the Association for Computational Linguistics (Volume 2: Short Papers), pages 66-71, Berlin, Germany. Association for Com- putational Linguistics.</note>
</biblStruct>

<biblStruct xml:id="b7">
	<analytic>
		<title level="a" type="main">Semi-supervised event extraction with paraphrase clusters</title>
		<author>
			<persName><forename type="first">James</forename><surname>Ferguson</surname></persName>
		</author>
		<author>
			<persName><forename type="first">Colin</forename><surname>Lockard</surname></persName>
		</author>
		<author>
			<persName><forename type="first">Daniel</forename><surname>Weld</surname></persName>
		</author>
		<author>
			<persName><forename type="first">Hannaneh</forename><surname>Hajishirzi</surname></persName>
		</author>
	</analytic>
	<monogr>
		<title level="m">Proceedings of the 2018 Conference of the North American Chapter of the Association for Computational Linguistics: Human Language Technologies</title>
				<meeting>the 2018 Conference of the North American Chapter of the Association for Computational Linguistics: Human Language Technologies<address><addrLine>Short Papers; New Orleans, Louisiana</addrLine></address></meeting>
		<imprint>
			<publisher>Association for Computational Linguistics</publisher>
			<date type="published" when="2018">2018</date>
			<biblScope unit="volume">2</biblScope>
			<biblScope unit="page" from="359" to="364" />
		</imprint>
	</monogr>
	<note type="raw_reference">James Ferguson, Colin Lockard, Daniel Weld, and Han- naneh Hajishirzi. 2018. Semi-supervised event ex- traction with paraphrase clusters. In Proceedings of the 2018 Conference of the North American Chap- ter of the Association for Computational Linguistics: Human Language Technologies, Volume 2 (Short Pa- pers), pages 359-364, New Orleans, Louisiana. As- sociation for Computational Linguistics.</note>
</biblStruct>

<biblStruct xml:id="b8">
	<monogr>
		<title level="m" type="main">Zero-shot detection via vision and language knowledge distillation</title>
		<author>
			<persName><forename type="first">Xiuye</forename><surname>Gu</surname></persName>
		</author>
		<author>
			<persName><forename type="first">Tsung-Yi</forename><surname>Lin</surname></persName>
		</author>
		<author>
			<persName><forename type="first">Weicheng</forename><surname>Kuo</surname></persName>
		</author>
		<author>
			<persName><forename type="first">Yin</forename><surname>Cui</surname></persName>
		</author>
		<idno type="arXiv">arXiv:2104.13921</idno>
		<imprint>
			<date type="published" when="2021">2021</date>
		</imprint>
	</monogr>
	<note type="report_type">arXiv preprint</note>
	<note type="raw_reference">Xiuye Gu, Tsung-Yi Lin, Weicheng Kuo, and Yin Cui. 2021. Zero-shot detection via vision and language knowledge distillation. arXiv preprint arXiv:2104.13921.</note>
</biblStruct>

<biblStruct xml:id="b9">
	<monogr>
		<title level="m" type="main">Learning semantic ambiguities for zero-shot learning</title>
		<author>
			<persName><forename type="first">Celina</forename><surname>Hanouti</surname></persName>
		</author>
		<author>
			<persName><forename type="first">Hervé</forename><surname>Le Borgne</surname></persName>
		</author>
		<idno type="arXiv">arXiv:2201.01823</idno>
		<imprint>
			<date type="published" when="2022">2022</date>
		</imprint>
	</monogr>
	<note type="report_type">arXiv preprint</note>
	<note type="raw_reference">Celina Hanouti and Hervé Le Borgne. 2022. Learning semantic ambiguities for zero-shot learning. arXiv preprint arXiv:2201.01823.</note>
</biblStruct>

<biblStruct xml:id="b10">
	<analytic>
		<title level="a" type="main">Zero-shot transfer learning for event extraction</title>
		<author>
			<persName><forename type="first">Lifu</forename><surname>Huang</surname></persName>
		</author>
		<author>
			<persName><forename type="first">Heng</forename><surname>Ji</surname></persName>
		</author>
		<author>
			<persName><forename type="first">Kyunghyun</forename><surname>Cho</surname></persName>
		</author>
		<author>
			<persName><forename type="first">Ido</forename><surname>Dagan</surname></persName>
		</author>
		<author>
			<persName><forename type="first">Sebastian</forename><surname>Riedel</surname></persName>
		</author>
		<author>
			<persName><forename type="first">Clare</forename><surname>Voss</surname></persName>
		</author>
	</analytic>
	<monogr>
		<title level="m">Proceedings of the 56th Annual Meeting of the Association for Computational Linguistics</title>
		<title level="s">Long Papers</title>
		<meeting>the 56th Annual Meeting of the Association for Computational Linguistics<address><addrLine>Melbourne, Australia</addrLine></address></meeting>
		<imprint>
			<publisher>Association for Computational Linguistics</publisher>
			<date type="published" when="2018">2018</date>
			<biblScope unit="volume">1</biblScope>
			<biblScope unit="page" from="2160" to="2170" />
		</imprint>
	</monogr>
	<note type="raw_reference">Lifu Huang, Heng Ji, Kyunghyun Cho, Ido Dagan, Se- bastian Riedel, and Clare Voss. 2018. Zero-shot transfer learning for event extraction. In Proceedings of the 56th Annual Meeting of the Association for Computational Linguistics (Volume 1: Long Papers), pages 2160-2170, Melbourne, Australia. Association for Computational Linguistics.</note>
</biblStruct>

<biblStruct xml:id="b11">
	<analytic>
		<title level="a" type="main">Refining event extraction through cross-document inference</title>
		<author>
			<persName><forename type="first">Heng</forename><surname>Ji</surname></persName>
		</author>
		<author>
			<persName><forename type="first">Ralph</forename><surname>Grishman</surname></persName>
		</author>
	</analytic>
	<monogr>
		<title level="m">Proceedings of ACL-08: HLT</title>
				<meeting>ACL-08: HLT<address><addrLine>Ohio</addrLine></address></meeting>
		<imprint>
			<publisher>Columbus</publisher>
			<date type="published" when="2008">2008</date>
			<biblScope unit="page" from="254" to="262" />
		</imprint>
	</monogr>
	<note>Association for Computational Linguistics</note>
	<note type="raw_reference">Heng Ji and Ralph Grishman. 2008. Refining event extraction through cross-document inference. In Pro- ceedings of ACL-08: HLT, pages 254-262, Colum- bus, Ohio. Association for Computational Linguis- tics.</note>
</biblStruct>

<biblStruct xml:id="b12">
	<analytic>
		<title level="a" type="main">Document-level event argument extraction by conditional generation</title>
		<author>
			<persName><forename type="first">Sha</forename><surname>Li</surname></persName>
		</author>
		<author>
			<persName><forename type="first">Ji</forename><surname>Heng</surname></persName>
		</author>
		<author>
			<persName><forename type="first">Jiawei</forename><surname>Han</surname></persName>
		</author>
	</analytic>
	<monogr>
		<title level="m">Proceedings of the 2021 Conference of the North American Chapter of the Association for Computational Linguistics: Human Language Technologies</title>
		<title level="s">Long and Short Papers</title>
		<meeting>the 2021 Conference of the North American Chapter of the Association for Computational Linguistics: Human Language Technologies</meeting>
		<imprint>
			<publisher>Association for Computational Linguistics</publisher>
			<date type="published" when="2021">2021</date>
			<biblScope unit="volume">1</biblScope>
		</imprint>
	</monogr>
	<note type="raw_reference">Sha Li, Heng Ji, and Jiawei Han. 2021. Document-level event argument extraction by conditional generation. In Proceedings of the 2021 Conference of the North American Chapter of the Association for Computa- tional Linguistics: Human Language Technologies, Volume 1 (Long and Short Papers). Association for Computational Linguistics.</note>
</biblStruct>

<biblStruct xml:id="b13">
	<analytic>
		<title level="a" type="main">A joint neural model for information extraction with global features</title>
		<author>
			<persName><forename type="first">Ying</forename><surname>Lin</surname></persName>
		</author>
		<author>
			<persName><forename type="first">Heng</forename><surname>Ji</surname></persName>
		</author>
		<author>
			<persName><forename type="first">Fei</forename><surname>Huang</surname></persName>
		</author>
		<author>
			<persName><forename type="first">Lingfei</forename><surname>Wu</surname></persName>
		</author>
	</analytic>
	<monogr>
		<title level="m">Proceedings of the 58th Annual Meeting of the Association for Computational Linguistics</title>
				<meeting>the 58th Annual Meeting of the Association for Computational Linguistics</meeting>
		<imprint>
			<publisher>Online. Association for Computational Linguistics</publisher>
			<date type="published" when="2020">2020</date>
			<biblScope unit="page" from="7999" to="8009" />
		</imprint>
	</monogr>
	<note type="raw_reference">Ying Lin, Heng Ji, Fei Huang, and Lingfei Wu. 2020. A joint neural model for information extraction with global features. In Proceedings of the 58th Annual Meeting of the Association for Computational Lin- guistics, pages 7999-8009, Online. Association for Computational Linguistics.</note>
</biblStruct>

<biblStruct xml:id="b14">
	<analytic>
		<title level="a" type="main">Neural cross-lingual event detection with minimal parallel resources</title>
		<author>
			<persName><forename type="first">Jian</forename><surname>Liu</surname></persName>
		</author>
		<author>
			<persName><forename type="first">Yubo</forename><surname>Chen</surname></persName>
		</author>
		<author>
			<persName><forename type="first">Kang</forename><surname>Liu</surname></persName>
		</author>
		<author>
			<persName><forename type="first">Jun</forename><surname>Zhao</surname></persName>
		</author>
	</analytic>
	<monogr>
		<title level="m">Proceedings of the 2019 Conference on Empirical Methods in Natural Language Processing and the 9th International Joint Conference on Natural Language Processing (EMNLP-IJCNLP)</title>
				<meeting>the 2019 Conference on Empirical Methods in Natural Language Processing and the 9th International Joint Conference on Natural Language Processing (EMNLP-IJCNLP)<address><addrLine>Hong Kong, China</addrLine></address></meeting>
		<imprint>
			<publisher>Association for Computational Linguistics</publisher>
			<date type="published" when="2019">2019a</date>
			<biblScope unit="page" from="738" to="748" />
		</imprint>
	</monogr>
	<note type="raw_reference">Jian Liu, Yubo Chen, Kang Liu, and Jun Zhao. 2019a. Neural cross-lingual event detection with minimal parallel resources. In Proceedings of the 2019 Con- ference on Empirical Methods in Natural Language Processing and the 9th International Joint Confer- ence on Natural Language Processing (EMNLP- IJCNLP), pages 738-748, Hong Kong, China. As- sociation for Computational Linguistics.</note>
</biblStruct>

<biblStruct xml:id="b15">
	<analytic>
		<title level="a" type="main">Exploiting contextual information via dynamic memory network for event detection</title>
		<author>
			<persName><forename type="first">Shaobo</forename><surname>Liu</surname></persName>
		</author>
		<author>
			<persName><forename type="first">Rui</forename><surname>Cheng</surname></persName>
		</author>
		<author>
			<persName><forename type="first">Xiaoming</forename><surname>Yu</surname></persName>
		</author>
		<author>
			<persName><forename type="first">Xueqi</forename><surname>Cheng</surname></persName>
		</author>
	</analytic>
	<monogr>
		<title level="m">Proceedings of the 2018 Conference on Empirical Methods in Natural Language Processing</title>
				<meeting>the 2018 Conference on Empirical Methods in Natural Language Processing<address><addrLine>Brussels, Belgium</addrLine></address></meeting>
		<imprint>
			<publisher>Association for Computational Linguistics</publisher>
			<date type="published" when="2018">2018a</date>
			<biblScope unit="page" from="1030" to="1035" />
		</imprint>
	</monogr>
	<note type="raw_reference">Shaobo Liu, Rui Cheng, Xiaoming Yu, and Xueqi Cheng. 2018a. Exploiting contextual information via dynamic memory network for event detection. In Proceedings of the 2018 Conference on Empiri- cal Methods in Natural Language Processing, pages 1030-1035, Brussels, Belgium. Association for Com- putational Linguistics.</note>
</biblStruct>

<biblStruct xml:id="b16">
	<analytic>
		<title level="a" type="main">Generalized zero-shot learning with deep calibration network</title>
		<author>
			<persName><forename type="first">Shichen</forename><surname>Liu</surname></persName>
		</author>
		<author>
			<persName><forename type="first">Mingsheng</forename><surname>Long</surname></persName>
		</author>
		<author>
			<persName><forename type="first">Jianmin</forename><surname>Wang</surname></persName>
		</author>
		<author>
			<persName><forename type="first">Michael</forename><forename type="middle">I</forename><surname>Jordan</surname></persName>
		</author>
	</analytic>
	<monogr>
		<title level="m">Advances in Neural Information Processing Systems</title>
				<imprint>
			<date type="published" when="2018">2018b</date>
			<biblScope unit="page" from="2005" to="2015" />
		</imprint>
	</monogr>
	<note type="raw_reference">Shichen Liu, Mingsheng Long, Jianmin Wang, and Michael I Jordan. 2018b. Generalized zero-shot learning with deep calibration network. In Advances in Neural Information Processing Systems, pages 2005-2015.</note>
</biblStruct>

<biblStruct xml:id="b17">
	<analytic>
		<title level="a" type="main">Exploiting argument information to improve event detection via supervised attention mechanisms</title>
		<author>
			<persName><forename type="first">Shulin</forename><surname>Liu</surname></persName>
		</author>
		<author>
			<persName><forename type="first">Yubo</forename><surname>Chen</surname></persName>
		</author>
		<author>
			<persName><forename type="first">Kang</forename><surname>Liu</surname></persName>
		</author>
	</analytic>
	<monogr>
		<title level="m">Proceedings of the 55th Annual Meeting of the Association for Computational Linguistics</title>
		<title level="s">Long Papers</title>
		<meeting>the 55th Annual Meeting of the Association for Computational Linguistics<address><addrLine>Vancouver, Canada</addrLine></address></meeting>
		<imprint>
			<publisher>Association for Computational Linguistics</publisher>
			<date type="published" when="2017">Jun Zhao. 2017</date>
			<biblScope unit="volume">1</biblScope>
			<biblScope unit="page" from="1789" to="1798" />
		</imprint>
	</monogr>
	<note type="raw_reference">Shulin Liu, Yubo Chen, Kang Liu, and Jun Zhao. 2017. Exploiting argument information to improve event detection via supervised attention mechanisms. In Proceedings of the 55th Annual Meeting of the As- sociation for Computational Linguistics (Volume 1: Long Papers), pages 1789-1798, Vancouver, Canada. Association for Computational Linguistics.</note>
</biblStruct>

<biblStruct xml:id="b18">
	<monogr>
		<title level="m" type="main">Roberta: A robustly optimized BERT pretraining approach</title>
		<author>
			<persName><forename type="first">Yinhan</forename><surname>Liu</surname></persName>
		</author>
		<author>
			<persName><forename type="first">Myle</forename><surname>Ott</surname></persName>
		</author>
		<author>
			<persName><forename type="first">Naman</forename><surname>Goyal</surname></persName>
		</author>
		<author>
			<persName><forename type="first">Jingfei</forename><surname>Du</surname></persName>
		</author>
		<author>
			<persName><forename type="first">Mandar</forename><surname>Joshi</surname></persName>
		</author>
		<author>
			<persName><forename type="first">Danqi</forename><surname>Chen</surname></persName>
		</author>
		<author>
			<persName><forename type="first">Omer</forename><surname>Levy</surname></persName>
		</author>
		<author>
			<persName><forename type="first">Mike</forename><surname>Lewis</surname></persName>
		</author>
		<author>
			<persName><forename type="first">Luke</forename><surname>Zettlemoyer</surname></persName>
		</author>
		<author>
			<persName><forename type="first">Veselin</forename><surname>Stoyanov</surname></persName>
		</author>
		<idno>CoRR, abs/1907.11692</idno>
		<imprint>
			<date type="published" when="2019">2019b</date>
		</imprint>
	</monogr>
	<note type="raw_reference">Yinhan Liu, Myle Ott, Naman Goyal, Jingfei Du, Man- dar Joshi, Danqi Chen, Omer Levy, Mike Lewis, Luke Zettlemoyer, and Veselin Stoyanov. 2019b. Roberta: A robustly optimized BERT pretraining approach. CoRR, abs/1907.11692.</note>
</biblStruct>

<biblStruct xml:id="b19">
	<analytic>
		<title level="a" type="main">Least squares quantization in PCM</title>
		<author>
			<persName><forename type="first">P</forename><surname>Stuart</surname></persName>
		</author>
		<author>
			<persName><surname>Lloyd</surname></persName>
		</author>
	</analytic>
	<monogr>
		<title level="j">IEEE Trans. Inf. Theory</title>
		<imprint>
			<biblScope unit="volume">28</biblScope>
			<biblScope unit="issue">2</biblScope>
			<biblScope unit="page" from="129" to="136" />
			<date type="published" when="1982">1982</date>
		</imprint>
	</monogr>
	<note type="raw_reference">Stuart P. Lloyd. 1982. Least squares quantization in PCM. IEEE Trans. Inf. Theory, 28(2):129-136.</note>
</biblStruct>

<biblStruct xml:id="b20">
	<analytic>
		<title level="a" type="main">Decoupled weight decay regularization</title>
		<author>
			<persName><forename type="first">Ilya</forename><surname>Loshchilov</surname></persName>
		</author>
		<author>
			<persName><forename type="first">Frank</forename><surname>Hutter</surname></persName>
		</author>
		<idno>ICLR 2019</idno>
	</analytic>
	<monogr>
		<title level="m">7th International Conference on Learning Representations</title>
				<meeting><address><addrLine>New Orleans, LA, USA</addrLine></address></meeting>
		<imprint>
			<date type="published" when="2019-05-06">2019. May 6-9, 2019</date>
		</imprint>
	</monogr>
	<note>OpenReview.net</note>
	<note type="raw_reference">Ilya Loshchilov and Frank Hutter. 2019. Decoupled weight decay regularization. In 7th International Conference on Learning Representations, ICLR 2019, New Orleans, LA, USA, May 6-9, 2019. OpenRe- view.net.</note>
</biblStruct>

<biblStruct xml:id="b21">
	<analytic>
		<title level="a" type="main">Distilling discrimination and generalization knowledge for event detection via delta-representation learning</title>
		<author>
			<persName><forename type="first">Yaojie</forename><surname>Lu</surname></persName>
		</author>
		<author>
			<persName><forename type="first">Hongyu</forename><surname>Lin</surname></persName>
		</author>
		<author>
			<persName><forename type="first">Xianpei</forename><surname>Han</surname></persName>
		</author>
		<author>
			<persName><forename type="first">Le</forename><surname>Sun</surname></persName>
		</author>
	</analytic>
	<monogr>
		<title level="m">Proceedings of the 57th Annual Meeting of the Association for Computational Linguistics</title>
				<meeting>the 57th Annual Meeting of the Association for Computational Linguistics<address><addrLine>Florence, Italy</addrLine></address></meeting>
		<imprint>
			<publisher>Association for Computational Linguistics</publisher>
			<date type="published" when="2019">2019</date>
			<biblScope unit="page" from="4366" to="4376" />
		</imprint>
	</monogr>
	<note type="raw_reference">Yaojie Lu, Hongyu Lin, Xianpei Han, and Le Sun. 2019. Distilling discrimination and generalization knowl- edge for event detection via delta-representation learning. In Proceedings of the 57th Annual Meet- ing of the Association for Computational Linguistics, pages 4366-4376, Florence, Italy. Association for Computational Linguistics.</note>
</biblStruct>

<biblStruct xml:id="b22">
	<analytic>
		<title level="a" type="main">Text classification using label names only: A language model self-training approach</title>
		<author>
			<persName><forename type="first">Yu</forename><surname>Meng</surname></persName>
		</author>
		<author>
			<persName><forename type="first">Yunyi</forename><surname>Zhang</surname></persName>
		</author>
		<author>
			<persName><forename type="first">Jiaxin</forename><surname>Huang</surname></persName>
		</author>
		<author>
			<persName><forename type="first">Chenyan</forename><surname>Xiong</surname></persName>
		</author>
		<author>
			<persName><forename type="first">Heng</forename><surname>Ji</surname></persName>
		</author>
		<author>
			<persName><forename type="first">Chao</forename><surname>Zhang</surname></persName>
		</author>
		<author>
			<persName><forename type="first">Jiawei</forename><surname>Han</surname></persName>
		</author>
	</analytic>
	<monogr>
		<title level="m">Proceedings of the 2020 Conference on Empirical Methods in Natural Language Processing (EMNLP)</title>
				<meeting>the 2020 Conference on Empirical Methods in Natural Language Processing (EMNLP)</meeting>
		<imprint>
			<publisher>Online. Association for Computational Linguistics</publisher>
			<date type="published" when="2020">2020</date>
			<biblScope unit="page" from="9006" to="9017" />
		</imprint>
	</monogr>
	<note type="raw_reference">Yu Meng, Yunyi Zhang, Jiaxin Huang, Chenyan Xiong, Heng Ji, Chao Zhang, and Jiawei Han. 2020. Text classification using label names only: A language model self-training approach. In Proceedings of the 2020 Conference on Empirical Methods in Natural Language Processing (EMNLP), pages 9006-9017, Online. Association for Computational Linguistics.</note>
</biblStruct>

<biblStruct xml:id="b23">
	<analytic>
		<title level="a" type="main">An embarrassingly simple approach to zero-shot learning</title>
		<author>
			<persName><forename type="first">Bernardino</forename><surname>Romera</surname></persName>
		</author>
		<author>
			<persName><forename type="first">-</forename><surname>Paredes</surname></persName>
		</author>
		<author>
			<persName><forename type="first">Philip</forename><surname>Torr</surname></persName>
		</author>
	</analytic>
	<monogr>
		<title level="m">International conference on machine learning</title>
				<imprint>
			<publisher>PMLR</publisher>
			<date type="published" when="2015">2015</date>
			<biblScope unit="page" from="2152" to="2161" />
		</imprint>
	</monogr>
	<note type="raw_reference">Bernardino Romera-Paredes and Philip Torr. 2015. An embarrassingly simple approach to zero-shot learn- ing. In International conference on machine learning, pages 2152-2161. PMLR.</note>
</biblStruct>

<biblStruct xml:id="b24">
	<analytic>
		<title level="a" type="main">Improving event detection via open-domain trigger knowledge</title>
		<author>
			<persName><forename type="first">Meihan</forename><surname>Tong</surname></persName>
		</author>
		<author>
			<persName><forename type="first">Bin</forename><surname>Xu</surname></persName>
		</author>
		<author>
			<persName><forename type="first">Shuai</forename><surname>Wang</surname></persName>
		</author>
		<author>
			<persName><forename type="first">Yixin</forename><surname>Cao</surname></persName>
		</author>
		<author>
			<persName><forename type="first">Lei</forename><surname>Hou</surname></persName>
		</author>
		<author>
			<persName><forename type="first">Juanzi</forename><surname>Li</surname></persName>
		</author>
		<author>
			<persName><forename type="first">Jun</forename><surname>Xie</surname></persName>
		</author>
	</analytic>
	<monogr>
		<title level="m">Proceedings of the 58th Annual Meeting of the Association for Computational Linguistics</title>
				<meeting>the 58th Annual Meeting of the Association for Computational Linguistics</meeting>
		<imprint>
			<publisher>Association for Computational Linguistics</publisher>
			<date type="published" when="2020">2020</date>
			<biblScope unit="page" from="5887" to="5897" />
		</imprint>
	</monogr>
	<note type="raw_reference">Meihan Tong, Bin Xu, Shuai Wang, Yixin Cao, Lei Hou, Juanzi Li, and Jun Xie. 2020. Improving event detec- tion via open-domain trigger knowledge. In Proceed- ings of the 58th Annual Meeting of the Association for Computational Linguistics, pages 5887-5897, On- line. Association for Computational Linguistics.</note>
</biblStruct>

<biblStruct xml:id="b25">
	<analytic>
		<title level="a" type="main">Entity, relation, and event extraction with contextualized span representations</title>
		<author>
			<persName><forename type="first">David</forename><surname>Wadden</surname></persName>
		</author>
		<author>
			<persName><forename type="first">Ulme</forename><surname>Wennberg</surname></persName>
		</author>
		<author>
			<persName><forename type="first">Yi</forename><surname>Luan</surname></persName>
		</author>
		<author>
			<persName><forename type="first">Hannaneh</forename><surname>Hajishirzi</surname></persName>
		</author>
	</analytic>
	<monogr>
		<title level="m">Proceedings of the 2019 Conference on Empirical Methods in Natural Language Processing and the 9th International Joint Conference on Natural Language Processing (EMNLP-IJCNLP)</title>
				<meeting>the 2019 Conference on Empirical Methods in Natural Language Processing and the 9th International Joint Conference on Natural Language Processing (EMNLP-IJCNLP)<address><addrLine>Hong Kong, China</addrLine></address></meeting>
		<imprint>
			<publisher>Association for Computational Linguistics</publisher>
			<date type="published" when="2019">2019</date>
			<biblScope unit="page" from="5784" to="5789" />
		</imprint>
	</monogr>
	<note type="raw_reference">David Wadden, Ulme Wennberg, Yi Luan, and Han- naneh Hajishirzi. 2019. Entity, relation, and event extraction with contextualized span representations. In Proceedings of the 2019 Conference on Empirical Methods in Natural Language Processing and the 9th International Joint Conference on Natural Lan- guage Processing (EMNLP-IJCNLP), pages 5784- 5789, Hong Kong, China. Association for Computa- tional Linguistics.</note>
</biblStruct>

<biblStruct xml:id="b26">
	<analytic>
		<title level="a" type="main">Adversarial training for weakly supervised event detection</title>
		<author>
			<persName><forename type="first">Xiaozhi</forename><surname>Wang</surname></persName>
		</author>
		<author>
			<persName><forename type="first">Xu</forename><surname>Han</surname></persName>
		</author>
		<author>
			<persName><forename type="first">Zhiyuan</forename><surname>Liu</surname></persName>
		</author>
		<author>
			<persName><forename type="first">Maosong</forename><surname>Sun</surname></persName>
		</author>
		<author>
			<persName><forename type="first">Peng</forename><surname>Li</surname></persName>
		</author>
	</analytic>
	<monogr>
		<title level="m">Proceedings of the 2019 Conference of the North American Chapter of the Association for Computational Linguistics: Human Language Technologies</title>
		<title level="s">Long and Short Papers</title>
		<meeting>the 2019 Conference of the North American Chapter of the Association for Computational Linguistics: Human Language Technologies<address><addrLine>Minneapolis</addrLine></address></meeting>
		<imprint>
			<publisher>Association for Computational Linguistics</publisher>
			<date type="published" when="2019">2019</date>
			<biblScope unit="volume">1</biblScope>
			<biblScope unit="page" from="998" to="1008" />
		</imprint>
	</monogr>
	<note type="raw_reference">Xiaozhi Wang, Xu Han, Zhiyuan Liu, Maosong Sun, and Peng Li. 2019. Adversarial training for weakly supervised event detection. In Proceedings of the 2019 Conference of the North American Chapter of the Association for Computational Linguistics: Hu- man Language Technologies, Volume 1 (Long and Short Papers), pages 998-1008, Minneapolis, Min- nesota. Association for Computational Linguistics.</note>
</biblStruct>

<biblStruct xml:id="b27">
	<analytic>
		<title level="a" type="main">A broad-coverage challenge corpus for sentence understanding through inference</title>
		<author>
			<persName><forename type="first">Adina</forename><surname>Williams</surname></persName>
		</author>
		<author>
			<persName><forename type="first">Nikita</forename><surname>Nangia</surname></persName>
		</author>
		<author>
			<persName><forename type="first">Samuel</forename><surname>Bowman</surname></persName>
		</author>
	</analytic>
	<monogr>
		<title level="m">Proceedings of the 2018 Conference of the North American Chapter of the Association for Computational Linguistics: Human Language Technologies</title>
		<title level="s">Long Papers</title>
		<meeting>the 2018 Conference of the North American Chapter of the Association for Computational Linguistics: Human Language Technologies<address><addrLine>New Orleans, Louisiana</addrLine></address></meeting>
		<imprint>
			<date type="published" when="2018">2018</date>
			<biblScope unit="volume">1</biblScope>
			<biblScope unit="page" from="1112" to="1122" />
		</imprint>
	</monogr>
	<note>Association for Computational Linguistics</note>
	<note type="raw_reference">Adina Williams, Nikita Nangia, and Samuel Bowman. 2018. A broad-coverage challenge corpus for sen- tence understanding through inference. In Proceed- ings of the 2018 Conference of the North American Chapter of the Association for Computational Lin- guistics: Human Language Technologies, Volume 1 (Long Papers), pages 1112-1122, New Orleans, Louisiana. Association for Computational Linguis- tics.</note>
</biblStruct>

<biblStruct xml:id="b28">
	<analytic>
		<title level="a" type="main">Feature generating networks for zero-shot learning</title>
		<author>
			<persName><forename type="first">Yongqin</forename><surname>Xian</surname></persName>
		</author>
		<author>
			<persName><forename type="first">Tobias</forename><surname>Lorenz</surname></persName>
		</author>
		<author>
			<persName><forename type="first">Bernt</forename><surname>Schiele</surname></persName>
		</author>
		<author>
			<persName><forename type="first">Zeynep</forename><surname>Akata</surname></persName>
		</author>
	</analytic>
	<monogr>
		<title level="m">Proceedings of the IEEE conference on computer vision and pattern recognition</title>
				<meeting>the IEEE conference on computer vision and pattern recognition</meeting>
		<imprint>
			<date type="published" when="2018">2018</date>
			<biblScope unit="page" from="5542" to="5551" />
		</imprint>
	</monogr>
	<note type="raw_reference">Yongqin Xian, Tobias Lorenz, Bernt Schiele, and Zeynep Akata. 2018. Feature generating networks for zero-shot learning. In Proceedings of the IEEE conference on computer vision and pattern recogni- tion, pages 5542-5551.</note>
</biblStruct>

<biblStruct xml:id="b29">
	<analytic>
		<title level="a" type="main">Event detection with multiorder graph convolution and aggregated attention</title>
		<author>
			<persName><forename type="first">Haoran</forename><surname>Yan</surname></persName>
		</author>
		<author>
			<persName><forename type="first">Xiaolong</forename><surname>Jin</surname></persName>
		</author>
		<author>
			<persName><forename type="first">Xiangbin</forename><surname>Meng</surname></persName>
		</author>
		<author>
			<persName><forename type="first">Jiafeng</forename><surname>Guo</surname></persName>
		</author>
		<author>
			<persName><forename type="first">Xueqi</forename><surname>Cheng</surname></persName>
		</author>
	</analytic>
	<monogr>
		<title level="m">Proceedings of the 2019 Conference on Empirical Methods in Natural Language Processing and the 9th International Joint Conference on Natural Language Processing (EMNLP-IJCNLP)</title>
				<meeting>the 2019 Conference on Empirical Methods in Natural Language Processing and the 9th International Joint Conference on Natural Language Processing (EMNLP-IJCNLP)<address><addrLine>Hong Kong, China</addrLine></address></meeting>
		<imprint>
			<publisher>Association for Computational Linguistics</publisher>
			<date type="published" when="2019">2019</date>
			<biblScope unit="page" from="5766" to="5770" />
		</imprint>
	</monogr>
	<note type="raw_reference">Haoran Yan, Xiaolong Jin, Xiangbin Meng, Jiafeng Guo, and Xueqi Cheng. 2019. Event detection with multi- order graph convolution and aggregated attention. In Proceedings of the 2019 Conference on Empirical Methods in Natural Language Processing and the 9th International Joint Conference on Natural Lan- guage Processing (EMNLP-IJCNLP), pages 5766- 5770, Hong Kong, China. Association for Computa- tional Linguistics.</note>
</biblStruct>

				</listBibl>
			</div>
		</back>
	</text>
</TEI>
