<?xml version="1.0" encoding="UTF-8"?>
<TEI xml:space="preserve" xmlns="http://www.tei-c.org/ns/1.0" 
xmlns:xsi="http://www.w3.org/2001/XMLSchema-instance" 
xsi:schemaLocation="http://www.tei-c.org/ns/1.0 https://raw.githubusercontent.com/kermitt2/grobid/master/grobid-home/schemas/xsd/Grobid.xsd"
 xmlns:xlink="http://www.w3.org/1999/xlink">
	<teiHeader xml:lang="en">
		<fileDesc>
			<titleStmt>
				<title level="a" type="main">Revisiting Uncertainty-based Query Strategies for Active Learning with Transformers</title>
			</titleStmt>
			<publicationStmt>
				<publisher/>
				<availability status="unknown"><licence/></availability>
			</publicationStmt>
			<sourceDesc>
				<biblStruct>
					<analytic>
						<author>
							<persName><forename type="first">Christopher</forename><surname>Schröder</surname></persName>
							<affiliation key="aff0">
								<orgName type="institution">Leipzig University</orgName>
							</affiliation>
						</author>
						<author>
							<persName><forename type="first">Andreas</forename><surname>Niekler</surname></persName>
							<affiliation key="aff0">
								<orgName type="institution">Leipzig University</orgName>
							</affiliation>
						</author>
						<author>
							<persName><forename type="first">Martin</forename><surname>Potthast</surname></persName>
							<affiliation key="aff0">
								<orgName type="institution">Leipzig University</orgName>
							</affiliation>
						</author>
						<title level="a" type="main">Revisiting Uncertainty-based Query Strategies for Active Learning with Transformers</title>
					</analytic>
					<monogr>
						<imprint>
							<date/>
						</imprint>
					</monogr>
					<idno type="MD5">2C8E650B7D6D35DDEB55A8295287FC48</idno>
				</biblStruct>
			</sourceDesc>
		</fileDesc>
		<encodingDesc>
			<appInfo>
				<application version="0.7.3-SNAPSHOT" ident="GROBID" when="2023-01-12T07:01+0000">
					<desc>GROBID - A machine learning software for extracting information from scholarly documents</desc>
					<ref target="https://github.com/kermitt2/grobid"/>
				</application>
			</appInfo>
		</encodingDesc>
		<profileDesc>
			<abstract>
<div xmlns="http://www.tei-c.org/ns/1.0"><p>Active learning is the iterative construction of a classification model through targeted labeling, enabling significant labeling cost savings. As most research on active learning has been carried out before transformer-based language models ("transformers") became popular, despite its practical importance, comparably few papers have investigated how transformers can be combined with active learning to date. This can be attributed to the fact that using state-of-the-art query strategies for transformers induces a prohibitive runtime overhead, which effectively nullifies, or even outweighs the desired cost savings. For this reason, we revisit uncertainty-based query strategies, which had been largely outperformed before, but are particularly suited in the context of fine-tuning transformers. In an extensive evaluation, we connect transformers to experiments from previous research, assessing their performance on five widely used text classification benchmarks. For active learning with transformers, several other uncertainty-based approaches outperform the well-known prediction entropy query strategy, thereby challenging its status as most popular uncertainty baseline in active learning for text classification.</p></div>
			</abstract>
		</profileDesc>
	</teiHeader>
	<text xml:lang="en">
		<body>
<div xmlns="http://www.tei-c.org/ns/1.0"><head n="1">Introduction</head><p>Collecting labeled data for machine learning can be costly and time-consuming. A key technique to minimize labeling costs has been active learning, where an oracle (e.g., a human expert) is queried to label problem instances selected that are deemed to be most informative to the learning algorithm's next iteration according to a query strategy.</p><p>Active learning is characterized by the realworld machine learning scenario in which large amounts of training data are unavailable, which may explain why comparably little research has investigated deep learning in this context. The recent widely successful transformer-based language models can circumvent the limitations imposed by small training datasets <ref type="bibr" target="#b31">(Vaswani et al., 2017;</ref><ref type="bibr" target="#b1">Devlin et al., 2019)</ref>. Pre-trained on large amounts of unlabeled text, they can be fine-tuned to a given task using far less training data than when trained from scratch. However, their high number of model parameters renders them computationally highly expensive, for query strategies that are targeted at neural networks or text classification <ref type="bibr" target="#b28">(Settles et al., 2007;</ref><ref type="bibr" target="#b36">Zhang et al., 2017)</ref>, resulting in prohibitive turnaround times between labeling steps.</p><p>In this paper, we systematically investigate uncertainty-based query strategies as a computationally inexpensive alternative. Despite their relative disadvantages in traditional active learning, when paired with transformers, they are highly effective as well as efficient. Our extensive experiments assess a multitude of combinations including state-of-the-art transformer models BERT <ref type="bibr" target="#b1">(Devlin et al., 2019)</ref> and DistilRoBERTa <ref type="bibr" target="#b24">(Sanh et al., 2019)</ref>, five well-known sentence classification benchmarks, and five query strategies.<ref type="foot" target="#foot_0">1</ref> </p></div>
<div xmlns="http://www.tei-c.org/ns/1.0"><head n="2">Related Work</head><p>Uncertainty-based query strategies used to be the most common choice in active learning, using uncertainty scores obtained from the learning algorithm <ref type="bibr" target="#b12">(Lewis and Gale, 1994)</ref>, estimates obtained via ensembles <ref type="bibr" target="#b10">(Krogh and Vedelsby, 1994;</ref><ref type="bibr" target="#b22">RayChaudhuri and Hamey, 1995)</ref>, or prediction entropy <ref type="bibr" target="#b20">(Perona et al., 2008)</ref>. More recentlypredating transformers-neural network-based active learning predominantly employed query strategies that select problem instances according to (1) the magnitude of their backpropagation-induced gradients <ref type="bibr" target="#b28">(Settles et al., 2007;</ref><ref type="bibr" target="#b36">Zhang et al., 2017)</ref>, where instances causing a high-magnitude gradient inform the model better, and (2) representativitybased criteria (e.g., coresets <ref type="bibr" target="#b27">(Sener and Savarese, 2018)</ref>), which select instances from a vector space to geometrically represent the full dataset. For today's deep neural networks, ensembles are too computationally expensive, and prediction entropy has been observed to be overconfident <ref type="bibr" target="#b5">(Guo et al., 2017;</ref><ref type="bibr" target="#b11">Lakshminarayanan et al., 2017)</ref>. The exception are flat architectures, where, among others, <ref type="bibr" target="#b21">Prabhu et al. (2019)</ref> showed fastText <ref type="bibr" target="#b8">(Joulin et al., 2017)</ref> to be effective, well-calibrated, and computationally efficient. Prior to transformers, query strategies relying on expected gradient length <ref type="bibr" target="#b28">(Settles et al., 2007)</ref> achieved the best results on many active learning benchmarks for text classification <ref type="bibr" target="#b36">(Zhang et al., 2017)</ref>. Gradients depend on the current model, which means, when used for a query strategy, they scale with the vast number of a transformer's parameters, and moreover, they need to be computed per-instance instead of batch-wise, thereby becoming computationally expensive.</p><p>The cost of ensembles, the adverse scaling of network parameters in gradient-based strategies, and a history of deeming neural networks to be overconfident effectively rule out the most predominantly used query strategies. This might explain why transformers, despite the success of fine-tuning them for text classification <ref type="bibr" target="#b6">(Howard and Ruder, 2018;</ref><ref type="bibr" target="#b32">Yang et al., 2019;</ref><ref type="bibr" target="#b29">Sun et al., 2019)</ref>, have only very recently been considered at all in combination with active learning <ref type="bibr" target="#b15">(Lu and MacNamee, 2020;</ref><ref type="bibr" target="#b33">Yuan et al., 2020;</ref><ref type="bibr" target="#b3">Ein-Dor et al., 2020;</ref><ref type="bibr" target="#b17">Margatina et al., 2021)</ref>. All of the related works mitigate the computationally complex query strategies by subsampling the unlabeled data before querying <ref type="bibr" target="#b15">(Lu and MacNamee, 2020;</ref><ref type="bibr" target="#b3">Ein-Dor et al., 2020;</ref><ref type="bibr" target="#b17">Margatina et al., 2021)</ref>, by performing fewer queries with larger sample sizes <ref type="bibr" target="#b33">(Yuan et al., 2020;</ref><ref type="bibr" target="#b17">Margatina et al., 2021)</ref>, or by tailoring to less expensive settings, namely binary classification <ref type="bibr" target="#b3">(Ein-Dor et al., 2020)</ref>. Subsampling, however, introduces additional randomness which can aggravate comparability across experiments, and large sample sizes increase the amount of labeled data, which is contrary to minimizing the labeling effort.</p><p>Due to this computationally challenging setting, the uncertainty-based prediction entropy query strategy <ref type="bibr" target="#b23">(Roy and McCallum, 2001;</ref><ref type="bibr" target="#b26">Schohn and Cohn, 2000)</ref> is therefore a frequently used baseline and a lowest common denominator in recent work on active learning for text classification <ref type="bibr" target="#b36">(Zhang et al., 2017;</ref><ref type="bibr" target="#b14">Lowell et al., 2019;</ref><ref type="bibr" target="#b21">Prabhu et al., 2019;</ref><ref type="bibr" target="#b3">Ein-Dor et al., 2020;</ref><ref type="bibr" target="#b15">Lu and MacNamee, 2020;</ref><ref type="bibr" target="#b33">Yuan et al., 2020;</ref><ref type="bibr" target="#b17">Margatina et al., 2021;</ref><ref type="bibr" target="#b34">Zhang and Plank, 2021)</ref>. Apart from being employed as base-lines, uncertainty-based query strategies have not been systematically analyzed in conjunction with transformers, and moreover, comparisons to the previous benchmarks by <ref type="bibr" target="#b36">Zhang et al. (2017)</ref> have been omitted by the aforementioned related work. Our work not only closes this gap, but also reevaluates the relative strength of uncertainty-based approaches, including two recently largely neglected strategies, thereby challenging the status of prediction entropy as the most popular baseline.</p></div>
<div xmlns="http://www.tei-c.org/ns/1.0"><head n="3">Transformer-based Active Learning</head><p>The goal of active learning is to minimize the labeling costs of training data acquisition while maximizing a model's performance (increase) with each newly labeled problem instance. In contrast to regular supervised text classification ("passive learning"), it operates iteratively, where in each iteration (1) a so-called query strategy selects new instances for labeling according to an estimation of their informativeness, (2) an oracle (e.g., a human expert) provides the respective label, and (3) a learning algorithm either uses the newly labeled instance for its next learning step, or a model is retrained from scratch using all previously labeled instances. This work considers pool-based active learning <ref type="bibr" target="#b12">(Lewis and Gale, 1994)</ref>, where the query strategies have access to all unlabeled data. Notation-wise, we denote instances by x 1 , x 2 , . . . , x n , the number of classes by c, the respective label for instance x i by y i (where ∀i : y i ∈ {1, . . . , c}), and P (y i |x i ) is a probability-like predicted class distribution.</p></div>
<div xmlns="http://www.tei-c.org/ns/1.0"><head>Query Strategies</head><p>We consider three well-known uncertainty-based query strategies, one recent stateof-the-art strategy that coincidentally also includes uncertainty, and a random baseline:</p><p>(1) Prediction Entropy (PE; <ref type="bibr" target="#b23">Roy and McCallum, 2001;</ref><ref type="bibr" target="#b26">Schohn and Cohn, 2000)</ref> selects instances with the highest entropy in the predicted label distribution with the aim to reduce overall entropy:</p><formula xml:id="formula_0">argmax x i   − c j=1 P (y i = j|x i ) log P (y i = j|x i )  </formula><p>(2) Breaking Ties (BT; <ref type="bibr" target="#b25">Scheffer et al., 2001;</ref><ref type="bibr" target="#b16">Luo et al., 2005)</ref> takes instances with the minimum margin between the top two most likely probabilities:</p><formula xml:id="formula_1">argmin x i P (y i = k * 1 |x i ) − P (y i = k * 2 |x i )</formula><p>where ,000 1,000 TREC-6 (TREC-6) Q 6 5,500 (*) 500</p><p>Table <ref type="table">1</ref>: Key information about the examined datasets.</p><p>The dataset type was abbreviated as follows: N: News, S: Sentiment, Q: Questions. (*): Predefined test sets were available and adopted.</p><p>likely label respectively. In the binary case, this margin is small iff the label entropy is high, which is why BT and PE then select the same instances.</p><p>(3) Least Confidence (LC; <ref type="bibr" target="#b0">Culotta and McCallum, 2005)</ref> selects instances whose most likely label has the least confidence according to the current model:</p><formula xml:id="formula_2">argmax x i 1 − P (y i = k * 1 |x i )</formula><p>(4) Contrastive Active Learning (CA; <ref type="bibr" target="#b17">Margatina et al., 2021)</ref> selects instances with the maximum mean Kullback-Leibler (KL) divergence between the predicted class distributions ("probabilities") of an instance and each of its m nearest neighbors:</p><formula xml:id="formula_3">argmax x i   1 m m j=1 KL(P (y j |x knn j ) P (y i |x i ))  </formula><p>where the instances x knn j are the m nearest neighbors of instance x i .</p><p>(5) Random Sampling (RS), a commonly used baseline, draws uniformly from the unlabeled pool.</p></div>
<div xmlns="http://www.tei-c.org/ns/1.0"><head>Oracle The oracle is usually operationalized using the training datasets of existing benchmarks:</head><p>To ensure comparability with the literature, we pick important standard text classification tasks.</p><p>Classification We fine-tune BERT <ref type="bibr" target="#b1">(Devlin et al., 2019)</ref> and DistilRoBERTa <ref type="bibr" target="#b24">(Sanh et al., 2019)</ref> on several natural language understanding datasets. BERT is well-researched as transformer and has recently also shown strong results in active learning <ref type="bibr" target="#b33">(Yuan et al., 2020;</ref><ref type="bibr" target="#b3">Ein-Dor et al., 2020;</ref><ref type="bibr" target="#b17">Margatina et al., 2021)</ref>. The model consists of 24 layers, hidden units of size 1024 and 336M parameters in total. DistilRoBERTa, by contrast, is a more parameterefficient alternative which has merely six layers, hidden units of size 768, and 82M parameters. We also trained a passive model on the full data.</p><p>The classification model consists of the respective transformer, on top of which we add a fully  connected projection layer, and a final softmax output layer. We use the "[CLS]" token that is computed by the transformer as sentence representation. Regarding fine-tuning, we adopt the combination of discriminative fine-tuning and slanted triangular learning rates <ref type="bibr" target="#b6">(Howard and Ruder, 2018)</ref>.</p><p>The main active learning routine is then as follows:</p><p>(1) The query strategy, either using the model from the previous iteration, or sampling randomly, selects 25 instances from the unlabeled pool.</p><p>(2) The oracle provides labels for these instances.</p><p>(3) The next model is trained using all data labeled so far.</p><p>Baselines For comparison, we consider a linear SVM, and KimCNN <ref type="bibr" target="#b9">(Kim, 2014)</ref>, which have been used extensively in text classification, disregarding active learning. We adopted the KimCNN parameters from <ref type="bibr" target="#b9">Kim (2014)</ref> and <ref type="bibr" target="#b36">Zhang et al. (2017)</ref>.</p></div>
<div xmlns="http://www.tei-c.org/ns/1.0"><head n="4">Evaluation</head><p>We evaluate five query strategies in combination with BERT, DistilRoBERTa and two baselines.</p></div>
<div xmlns="http://www.tei-c.org/ns/1.0"><head>Datasets and Experimental Setup</head><p>In Table <ref type="table">1</ref>, we show the five datasets employed, which have previously been used to evaluate active learning: AG's News (AGN; <ref type="bibr" target="#b35">Zhang et al., 2015)</ref>, Customer Reviews (CR; <ref type="bibr" target="#b7">Hu and Liu, 2004)</ref>, Movie Reviews (MR; <ref type="bibr" target="#b19">Pang and Lee, 2005)</ref>, Subjectivity (SUBJ; <ref type="bibr" target="#b18">Pang and Lee, 2004)</ref>, and TREC-6 <ref type="bibr" target="#b13">(Li and Roth, 2002)</ref>. These datasets encompass binary and multiclass classification in different domains, and they are class-balanced, except for TREC-6. Where available, we employed the pre-existing test sets, or otherwise a random sample of 10%.</p><p>We follow the experiment setup of <ref type="bibr" target="#b36">Zhang et al. (2017)</ref>: 25 training instances are used to train the first model, followed by 20 active learning iterations, during each of which 25 instances are queried and labeled. Using 10% of the so far labeled data as validation set, we stop early <ref type="bibr" target="#b2">(Duong et al., 2018)</ref> when accuracy surpasses 98%, or the validation loss does not increase for five epochs.</p></div>
<div xmlns="http://www.tei-c.org/ns/1.0"><head>Results</head><p>For each combination of dataset, model, and query strategy, Figure <ref type="figure" target="#fig_0">1</ref> shows the respective learning curves. The horizontal line shows the best model's score when trained on the full dataset, which four out of five datasets approach very closely, or even exceed. As expected, BERT generally achieves steeper learning curves than Dis-tilRoBERTa, but surprisingly, during later iterations DistilRoBERTa reaches scores only slightly worse than BERT for all datasets except MR. Regarding query strategies, RS is a strong contender during early iterations, e.g., as can be seen for the  first few iterations of CR. This is partly because all but one of the datasets are balanced, but nevertheless, RS is eventually outperformed by the other strategies in most cases. For imbalanced datasets, Ein-Dor et al. ( <ref type="formula">2020</ref>) have shown RS to be less effective, which we can confirm for TREC-6. While in terms of area under the learning curve (AUC) there seems to be no overall best strategy, PE/BT and CA often show very steep learning curves.</p><p>In Table <ref type="table" target="#tab_2">2</ref>, we rank the query strategies by their average accuracy and AUC results, ranging from 1 (best) to 5 (worst). We also report their average accuracy and AUC per model and query strategy. Surprisingly, we can see that PE, a commonly used and proven to be strong baseline, which has been a lowest common denominator in recent work on active learning for text classification <ref type="bibr" target="#b36">(Zhang et al., 2017;</ref><ref type="bibr" target="#b14">Lowell et al., 2019;</ref><ref type="bibr" target="#b21">Prabhu et al., 2019;</ref><ref type="bibr" target="#b3">Ein-Dor et al., 2020;</ref><ref type="bibr" target="#b15">Lu and MacNamee, 2020;</ref><ref type="bibr" target="#b33">Yuan et al., 2020;</ref><ref type="bibr" target="#b17">Margatina et al., 2021;</ref><ref type="bibr" target="#b34">Zhang and Plank, 2021)</ref>, is on average outranked by BT when using transformers. BT achieves the best AUC ranks and scores, and in many cases also the best accuracy ranks and scores. It seems to be similarly effective on the baselines as well. Moreover, LC also outperforms PE for DistilRoBERTa where it even competes with BT. Detailed accuracy and AUC scores including standard deviations are reported in Appendix Tables <ref type="table" target="#tab_9">5 &amp; 7</ref>.</p><p>Table <ref type="table" target="#tab_4">3</ref> compares the best model trained via active learning per dataset against passive text classification, namely (1) our own model trained on the full training set, and (2) state-of-the-art results. The largest discrepancy between active learning and passive text classification is observed on AGN, which is also the largest dataset from which the active learning models use less than 1% for training. Otherwise, all models are close to or even surpass the state of the art, using only between 0.4% and 14% of the data. Noteworthy, LC achieves the best accuracy result for two datasets, while the strong baseline PE and the state-of-the-art approach CA perform best on only one dataset each.</p><p>In Table <ref type="table" target="#tab_5">4</ref>, we report the best AUC scores per dataset, and compare them to previous work. BT ranks highest in two out of three cases with CA achieving the best result on the remaining two datasets. BERT achieves the best AUC scores on all datasets with a considerable increase in AUC compared to <ref type="bibr" target="#b36">Zhang et al. (2017)</ref>.</p><p>In summary, we use recent transformer models in combination with several query strategies to evaluate a previously established but lately neglected benchmark. We find that the PE baseline is outperformed by BT, which, as a reminder, selects the same instances as PE for binary classification, but shows superior results on multi-class We conclude that BT, which even out- performs the state-of-the-art strategy CA in many cases, is therefore a strong contender to become the new default uncertainty-based baseline. Finally, DistilRoBERTa, using less than 25% of BERT's parameters, achieves results that are remarkably close to BERT at only a fraction of the overhead. Considering the computational burdens that motivated this work, this increase in efficiency is often preferable from a practitioner's perspective.</p></div>
<div xmlns="http://www.tei-c.org/ns/1.0"><head n="5">Conclusions</head><p>An investigation of the effectiveness of uncertaintybased query strategies in combination with BERT and DistilRoBERTa for active learning on several sentence classification datasets shows that uncertainty-based strategies still perform well. We evaluate five query strategies on an established benchmark, for which we achieve results close to state-of-the-art text classification on four out of five datasets, using only a small fraction of the training data. Contrary to current literature, prediction entropy, the supposedly strongest uncertainty-based baseline, is outperformed by several uncertaintybased strategies on this benchmark-in particularly by the breaking ties strategy. This invalidates the common practice of solely relying on prediction entropy as baseline, and shows that uncertainty-based strategies demand renewed attention especially in the context of transformer-based active learning.</p></div>
<div xmlns="http://www.tei-c.org/ns/1.0"><head>Ethical Considerations</head><p>Research on active learning improves the labeling of data, by efficiently supporting the learning algorithm with targeted information, so that overall less data has to be labeled. This could contribute to creating machine learning models, which would otherwise be infeasible, either due to limited budget, or time. Active learning can be used for good or bad, and our contributions would-in both casesshow how to make this process more efficient.</p><p>Moreover, we use pre-trained models, which can contain one or more types of bias. Bias, however, affects all approaches based on fine-tuning pretrained language models, but therefore this has to be kept in mind and mitigated all the more.  </p></div>
<div xmlns="http://www.tei-c.org/ns/1.0"><head>C.2 Datasets</head><p>Our experiments used datasets that are well-known benchmarks in text classification and active learning. All datasets have been made accessible to the Python ecosystem by several Python libraries that provide fast access to the raw text of those datasets.</p><p>We obtain CR and SUBJ using gluonnlp, and AGN, MR, and TREC using huggingface datasets.</p></div>
<div xmlns="http://www.tei-c.org/ns/1.0"><head>C.3 Hyperparameters</head><p>Maximum Sequence Lenght We set the maximum sequence length to the minimum multiple of ten for which 95% of the respective dataset's sentences contain less than or an equal number of tokens for both KimCNN and transformers (shown in Table <ref type="table">6</ref>).</p><p>Transformers AGN is trained for 50 epochs and all other datasets for 15 epochs <ref type="bibr" target="#b6">(Howard and Ruder, 2018)</ref>. For training, we use AdamW (Loshchilov and Hutter, 2019) with a learning rate of η = 2e−5, beta coefficients of β 1 = 0.9 and β 2 = 0.999, and an epsilon of = 1e−8. Training is done in batches, with a batch size of 12.</p><p>KimCNN We adopt the parameters by <ref type="bibr" target="#b36">Zhang et al. (2017)</ref>, i.e., 50 filters and filter heights of <ref type="bibr">(3,</ref><ref type="bibr">4,</ref><ref type="bibr">5)</ref>. Training is done in batches with a batch size of 25, a learning rate of η = 1e−3, and word embeddings from word2vec <ref type="bibr">(Mikolov et al., 2013)</ref>.</p></div>
<div xmlns="http://www.tei-c.org/ns/1.0"><head>D Standard Deviations and Runtimes</head><p>In Table <ref type="table" target="#tab_7">5</ref> and Table <ref type="table" target="#tab_9">7</ref> we report final accuracy and AUC scores including standard deviations, measured after the last iteration of active learning. Moreover, we report the runtimes of the query step per strategy in Table <ref type="table" target="#tab_10">8</ref>.</p></div>
<div xmlns="http://www.tei-c.org/ns/1.0"><head>D.1 Evaluation Metrics</head><p>Active learning was evaluated using standard active learning metrics, namely accuracy und area under the learning curve. For both metrics, the respective scikit-learn implementation was used.  </p></div>
<div xmlns="http://www.tei-c.org/ns/1.0"><head>References</head></div><figure xmlns="http://www.tei-c.org/ns/1.0" xml:id="fig_0"><head>Figure 1 :</head><label>1</label><figDesc>Figure 1: Active learning curves of BERT and DistilRoBERTa when combined with five query strategies: Prediction Entropy (PE), Breaking Ties (BT), Least Confidence (LC), Contrastive Active Learning (CA), and Random Sampling (RS). The tubes around the lines represent standard deviation over five runs. For comparison, the horizontal line depicts a passive text classification for which BERT has been trained using the entire training set.</figDesc></figure>
<figure xmlns="http://www.tei-c.org/ns/1.0" type="table" xml:id="tab_2"><head>Table 2 :</head><label>2</label><figDesc></figDesc><table /><note>The "Mean Rank" columns show the mean rank when ordered by mean accuracy (Acc.) after the final iteration and by overall AUC. The "Mean Result" columns show the mean accuracy and AUC.</note></figure>
<figure xmlns="http://www.tei-c.org/ns/1.0" type="table" xml:id="tab_4"><head>Table 3 :</head><label>3</label><figDesc>Best final accuracy compared to (our) passive classification and state-of-the-art text classification: 1 Yang et al. (2019), 2 Zheng et al. (2019), 3 Gao et al. (2021), 4 Zhao et al. (2015), 5 Tay et al. (2018). "Data Use" indicates proportion of training data used.</figDesc><table /></figure>
<figure xmlns="http://www.tei-c.org/ns/1.0" type="table" xml:id="tab_5"><head>Table 4 :</head><label>4</label><figDesc>Best area under curve (AUC) scores (averaged over five runs) compared to<ref type="bibr" target="#b36">Zhang et al. (2017)</ref>.</figDesc><table><row><cell>Dataset</cell><cell>Model</cell><cell>AUC</cell></row><row><cell>AGN</cell><cell>BERT (BT, ours) -</cell><cell>0.875</cell></row><row><cell>CR</cell><cell>BERT (PE, BT; ours) CNN 6</cell><cell>0.877 0.743</cell></row><row><cell>MR</cell><cell>BERT (PE, BT; ours) CNN 6</cell><cell>0.833 0.707</cell></row><row><cell>SUBJ</cell><cell>BERT (CA, ours) CNN 6</cell><cell>0.943 0.856</cell></row><row><cell>TREC-6</cell><cell>BERT (CA, ours) -</cell><cell>0.868</cell></row></table></figure>
<figure xmlns="http://www.tei-c.org/ns/1.0" type="table" xml:id="tab_7"><head>Table 5 :</head><label>5</label><figDesc>Final accuracy per dataset, model, and query strategy. We report the mean and standard deviation over five runs. The best result per dataset is printed in bold.</figDesc><table /></figure>
<figure xmlns="http://www.tei-c.org/ns/1.0" type="table" xml:id="tab_9"><head>Table 7 :</head><label>7</label><figDesc>Final AUC per dataset, model, and query strategy. We report the mean and standard deviation over five runs. The best result per dataset is printed in bold.</figDesc><table><row><cell>Dataset</cell><cell>Model</cell><cell></cell><cell></cell><cell>Query Strategy</cell><cell></cell><cell></cell></row><row><cell></cell><cell></cell><cell>PE</cell><cell>BT</cell><cell>LC</cell><cell>CA</cell><cell>RS</cell></row><row><cell></cell><cell>SVM</cell><cell>1.852 ± 0.415</cell><cell>0.907 ± 0.203</cell><cell>0.432 ± 0.097</cell><cell>516.554 ± 115.583</cell><cell>0.001 ± 0.000</cell></row><row><cell>AGN</cell><cell>KimCNN DistilRoBERTa</cell><cell>7.264 ± 1.626 97.479 ± 21.800</cell><cell>6.199 ± 1.389 96.372 ± 21.551</cell><cell>10.256 ± 2.359 87.398 ± 19.560</cell><cell>481.758 ± 142.013 852.457 ± 230.157</cell><cell>0.002 ± 0.000 0.002 ± 0.000</cell></row><row><cell></cell><cell>BERT</cell><cell>528.884 ± 118.347</cell><cell>503.454 ± 112.583</cell><cell>480.401 ± 107.422</cell><cell>1475.960 ± 391.579</cell><cell>0.002 ± 0.000</cell></row><row><cell></cell><cell>SVM</cell><cell>0.005 ± 0.001</cell><cell>0.005 ± 0.001</cell><cell>0.003 ± 0.001</cell><cell>0.307 ± 0.070</cell><cell>0.000 ± 0.000</cell></row><row><cell>CR</cell><cell>KimCNN DistilRoBERTa</cell><cell>0.184 ± 0.042 1.942 ± 0.434</cell><cell>0.155 ± 0.035 1.916 ± 0.428</cell><cell>0.163 ± 0.036 1.912 ± 0.428</cell><cell>0.705 ± 0.189 2.627 ± 0.648</cell><cell>0.000 ± 0.000 0.000 ± 0.000</cell></row><row><cell></cell><cell>BERT</cell><cell>12.112 ± 2.709</cell><cell>12.374 ± 2.767</cell><cell>12.427 ± 2.780</cell><cell>12.750 ± 2.852</cell><cell>0.000 ± 0.000</cell></row><row><cell></cell><cell>SVM</cell><cell>0.014 ± 0.003</cell><cell>0.014 ± 0.003</cell><cell>0.009 ± 0.002</cell><cell>1.889 ± 0.425</cell><cell>0.000 ± 0.000</cell></row><row><cell>MR</cell><cell>KimCNN DistilRoBERTa</cell><cell>0.521 ± 0.117 7.558 ± 1.691</cell><cell>0.436 ± 0.098 7.481 ± 1.673</cell><cell>0.468 ± 0.105 7.183 ± 1.627</cell><cell>3.672 ± 1.098 12.303 ± 3.293</cell><cell>0.000 ± 0.000 0.000 ± 0.000</cell></row><row><cell></cell><cell>BERT</cell><cell>41.428 ± 9.265</cell><cell>42.247 ± 9.447</cell><cell>41.960 ± 9.391</cell><cell>43.480 ± 9.747</cell><cell>0.000 ± 0.000</cell></row><row><cell></cell><cell>SVM</cell><cell>0.014 ± 0.003</cell><cell>0.013 ± 0.003</cell><cell>0.009 ± 0.002</cell><cell>1.969 ± 0.444</cell><cell>0.000 ± 0.000</cell></row><row><cell>SUBJ</cell><cell>KimCNN DistilRoBERTa</cell><cell>0.472 ± 0.106 5.219 ± 1.167</cell><cell>0.409 ± 0.091 5.153 ± 1.153</cell><cell>1.708 ± 1.144 5.099 ± 1.140</cell><cell>3.161 ± 0.954 10.508 ± 2.885</cell><cell>0.000 ± 0.000 0.000 ± 0.000</cell></row><row><cell></cell><cell>BERT</cell><cell>31.332 ± 7.006</cell><cell>32.908 ± 7.358</cell><cell>33.043 ± 7.393</cell><cell>37.832 ± 8.478</cell><cell>0.000 ± 0.000</cell></row><row><cell></cell><cell>SVM</cell><cell>0.085 ± 0.019</cell><cell>0.042 ± 0.009</cell><cell>0.018 ± 0.004</cell><cell>0.609 ± 0.138</cell><cell>0.000 ± 0.000</cell></row><row><cell>TREC-6</cell><cell>KimCNN DistilRoBERTa</cell><cell>0.289 ± 0.065 2.934 ± 0.656</cell><cell>0.248 ± 0.055 2.887 ± 0.646</cell><cell>1.111 ± 0.745 3.239 ± 1.473</cell><cell>1.504 ± 0.447 4.691 ± 1.271</cell><cell>0.000 ± 0.000 0.000 ± 0.000</cell></row><row><cell></cell><cell>BERT</cell><cell>14.577 ± 3.260</cell><cell>14.539 ± 3.251</cell><cell>14.963 ± 3.350</cell><cell>17.901 ± 17.213</cell><cell>0.000 ± 0.000</cell></row></table></figure>
<figure xmlns="http://www.tei-c.org/ns/1.0" type="table" xml:id="tab_10"><head>Table 8 :</head><label>8</label><figDesc>Query time in seconds. We report the mean and standard deviation over five runs. The best result (with the lowest query time) per dataset and model is printed in bold. Christopher Schröder, Lydia Müller, Andreas Niekler, and Martin Potthast. 2022. Small-Text: Active learning for text classification in python. arXiv preprint arXiv:2107.10314. Ye Zhang, Matthew Lease, and Byron C. Wallace. 2017. Active discriminative text representation learning. In Proceedings of the Thirty-First AAAI Conference on Artificial Intelligence, pages 3386-3392.</figDesc><table /></figure>
			<note xmlns="http://www.tei-c.org/ns/1.0" place="foot" n="1" xml:id="foot_0">Code: https://github.com/webis-de/ACL-22</note>
			<note xmlns="http://www.tei-c.org/ns/1.0" place="foot" n="8" xml:id="foot_1">https://github.com/webis-de/small-text, 1.0.0a8</note>
		</body>
		<back>

			<div type="acknowledgement">
<div xmlns="http://www.tei-c.org/ns/1.0"><head>Acknowledgments</head><p>We thank the anonymous reviewers for their valuable and constructive feedback. This research was partially funded by the Development Bank of Saxony (SAB) under project number 100335729.</p></div>
			</div>

			<div type="annex">
<div xmlns="http://www.tei-c.org/ns/1.0"><head>Supplementary Material</head><p>The experiments can be reproduced using the code that is referenced on the first page 2 . In the following, we summarize important details for reproduction, including details on the results.</p></div>
<div xmlns="http://www.tei-c.org/ns/1.0"><head>A Technical Environment</head><p>All experiments were conducted within a Python 3.8 environment. The system had CUDA 11.1 installed and was equipped with an NVIDIA GeForce RTX 2080 Ti (11GB VRAM). Computations for fine-tuning transformers and training KimCNN were performed on the GPU .</p></div>
<div xmlns="http://www.tei-c.org/ns/1.0"><head>B Implementation Details</head><p>Our experiments were built using well-known machine learning libraries: PyTorch 3 , huggingface transformers 4 , scikit-learn 5 , scipy 6 , and numpy 7 .</p><p>2 https://github.com/webis-de/ACL-22 3 https://pytorch.org/, 1.8.0 4 https://github.com/huggingface/transformers, 4.11.0 5 https://scikit-learn.org/, 0.24.0 6 https://www.scipy.org/, 1.6.0 7 https://numpy.org/, 1.19.5</p><p>For active learning and text classification, we used small-text 8 (Schröder et al., 2022).</p></div>
<div xmlns="http://www.tei-c.org/ns/1.0"><head>C Experiments</head><p>Each experiment configuration represents a combination of model, dataset and query strategy, and has been run for five times. We used a class-balanced initial set to support the warm start of the first model for the imbalanced TREC-6 dataset, whose rarest class would otherwise only rarely be encountered if sampled randomly.</p></div>
<div xmlns="http://www.tei-c.org/ns/1.0"><head>C.1 Pre-Trained Models</head><p>We fine-tuned DistilRoBERTa (distilroberta-base) and BERT-large (bert-large-uncased). Both of them are available via the huggingface model repository. </p></div>			</div>
			<div type="references">

				<listBibl>

<biblStruct xml:id="b0">
	<analytic>
		<title level="a" type="main">Reducing labeling effort for structured prediction tasks</title>
		<author>
			<persName><forename type="first">Aron</forename><surname>Culotta</surname></persName>
		</author>
		<author>
			<persName><forename type="first">Andrew</forename><surname>Mccallum</surname></persName>
		</author>
	</analytic>
	<monogr>
		<title level="m">Proceedings of the 20th National Conference on Artificial Intelligence</title>
				<meeting>the 20th National Conference on Artificial Intelligence</meeting>
		<imprint>
			<date type="published" when="2005">2005</date>
			<biblScope unit="page" from="746" to="751" />
		</imprint>
	</monogr>
	<note type="raw_reference">Aron Culotta and Andrew McCallum. 2005. Reduc- ing labeling effort for structured prediction tasks. In Proceedings of the 20th National Conference on Ar- tificial Intelligence, pages 746-751.</note>
</biblStruct>

<biblStruct xml:id="b1">
	<analytic>
		<title level="a" type="main">BERT: Pre-training of deep bidirectional transformers for language understanding</title>
		<author>
			<persName><forename type="first">Jacob</forename><surname>Devlin</surname></persName>
		</author>
		<author>
			<persName><forename type="first">Ming-Wei</forename><surname>Chang</surname></persName>
		</author>
		<author>
			<persName><forename type="first">Kenton</forename><surname>Lee</surname></persName>
		</author>
		<author>
			<persName><forename type="first">Kristina</forename><surname>Toutanova</surname></persName>
		</author>
		<idno type="DOI">10.18653/v1/N19-1423</idno>
	</analytic>
	<monogr>
		<title level="m">Proceedings of the 2019 Conference of the North American Chapter</title>
				<meeting>the 2019 Conference of the North American Chapter</meeting>
		<imprint>
			<publisher>the Association for Computational Linguistics</publisher>
			<date type="published" when="2019">2019</date>
			<biblScope unit="page" from="4171" to="4186" />
		</imprint>
	</monogr>
	<note type="raw_reference">Jacob Devlin, Ming-Wei Chang, Kenton Lee, and Kristina Toutanova. 2019. BERT: Pre-training of deep bidirectional transformers for language under- standing. In Proceedings of the 2019 Conference of the North American Chapter of the Association for Computational Linguistics (NAACL), pages 4171- 4186.</note>
</biblStruct>

<biblStruct xml:id="b2">
	<analytic>
		<title level="a" type="main">Active learning for deep semantic parsing</title>
		<author>
			<persName><forename type="first">Long</forename><surname>Duong</surname></persName>
		</author>
		<author>
			<persName><forename type="first">Hadi</forename><surname>Afshar</surname></persName>
		</author>
		<author>
			<persName><forename type="first">Dominique</forename><surname>Estival</surname></persName>
		</author>
		<author>
			<persName><forename type="first">Glen</forename><surname>Pink</surname></persName>
		</author>
		<author>
			<persName><forename type="first">Philip</forename><surname>Cohen</surname></persName>
		</author>
		<author>
			<persName><forename type="first">Mark</forename><surname>Johnson</surname></persName>
		</author>
		<idno type="DOI">10.18653/v1/P18-2008</idno>
	</analytic>
	<monogr>
		<title level="m">Proceedings of the 56th Annual Meeting of the Association for Computational Linguistics (ACL)</title>
				<meeting>the 56th Annual Meeting of the Association for Computational Linguistics (ACL)</meeting>
		<imprint>
			<date type="published" when="2018">2018</date>
			<biblScope unit="page" from="43" to="48" />
		</imprint>
	</monogr>
	<note type="raw_reference">Long Duong, Hadi Afshar, Dominique Estival, Glen Pink, Philip Cohen, and Mark Johnson. 2018. Ac- tive learning for deep semantic parsing. In Proceed- ings of the 56th Annual Meeting of the Association for Computational Linguistics (ACL), pages 43-48.</note>
</biblStruct>

<biblStruct xml:id="b3">
	<analytic>
		<title level="a" type="main">Active Learning for BERT: An Empirical Study</title>
		<author>
			<persName><forename type="first">Liat</forename><surname>Ein-Dor</surname></persName>
		</author>
		<author>
			<persName><forename type="first">Alon</forename><surname>Halfon</surname></persName>
		</author>
		<author>
			<persName><forename type="first">Ariel</forename><surname>Gera</surname></persName>
		</author>
		<author>
			<persName><forename type="first">Eyal</forename><surname>Shnarch</surname></persName>
		</author>
		<author>
			<persName><forename type="first">Lena</forename><surname>Dankin</surname></persName>
		</author>
		<author>
			<persName><forename type="first">Leshem</forename><surname>Choshen</surname></persName>
		</author>
		<author>
			<persName><forename type="first">Marina</forename><surname>Danilevsky</surname></persName>
		</author>
		<author>
			<persName><forename type="first">Ranit</forename><surname>Aharonov</surname></persName>
		</author>
		<author>
			<persName><forename type="first">Yoav</forename><surname>Katz</surname></persName>
		</author>
		<author>
			<persName><forename type="first">Noam</forename><surname>Slonim</surname></persName>
		</author>
		<idno type="DOI">10.18653/v1/2020.emnlp-main.638</idno>
	</analytic>
	<monogr>
		<title level="m">Proceedings of the 2020 Conference on Empirical Methods in Natural Language Processing (EMNLP)</title>
				<meeting>the 2020 Conference on Empirical Methods in Natural Language Processing (EMNLP)</meeting>
		<imprint>
			<date type="published" when="2020">2020</date>
			<biblScope unit="page" from="7949" to="7962" />
		</imprint>
	</monogr>
	<note type="raw_reference">Liat Ein-Dor, Alon Halfon, Ariel Gera, Eyal Shnarch, Lena Dankin, Leshem Choshen, Marina Danilevsky, Ranit Aharonov, Yoav Katz, and Noam Slonim. 2020. Active Learning for BERT: An Empirical Study. In Proceedings of the 2020 Conference on Empirical Methods in Natural Language Processing (EMNLP), pages 7949-7962.</note>
</biblStruct>

<biblStruct xml:id="b4">
	<analytic>
		<title level="a" type="main">SimCSE: Simple contrastive learning of sentence embeddings</title>
		<author>
			<persName><forename type="first">Tianyu</forename><surname>Gao</surname></persName>
		</author>
		<author>
			<persName><forename type="first">Xingcheng</forename><surname>Yao</surname></persName>
		</author>
		<author>
			<persName><forename type="first">Danqi</forename><surname>Chen</surname></persName>
		</author>
		<idno type="DOI">10.18653/v1/2021.emnlp-main.552</idno>
	</analytic>
	<monogr>
		<title level="m">Proceedings of the 2021 Conference on Empirical Methods in Natural Language Processing (EMNLP)</title>
				<meeting>the 2021 Conference on Empirical Methods in Natural Language Processing (EMNLP)</meeting>
		<imprint>
			<date type="published" when="2021">2021</date>
			<biblScope unit="page" from="6894" to="6910" />
		</imprint>
	</monogr>
	<note type="raw_reference">Tianyu Gao, Xingcheng Yao, and Danqi Chen. 2021. SimCSE: Simple contrastive learning of sentence embeddings. In Proceedings of the 2021 Conference on Empirical Methods in Natural Language Process- ing (EMNLP), pages 6894-6910.</note>
</biblStruct>

<biblStruct xml:id="b5">
	<analytic>
		<title level="a" type="main">On calibration of modern neural networks</title>
		<author>
			<persName><forename type="first">Chuan</forename><surname>Guo</surname></persName>
		</author>
		<author>
			<persName><forename type="first">Geoff</forename><surname>Pleiss</surname></persName>
		</author>
		<author>
			<persName><forename type="first">Yu</forename><surname>Sun</surname></persName>
		</author>
		<author>
			<persName><forename type="first">Kilian</forename><forename type="middle">Q</forename><surname>Weinberger</surname></persName>
		</author>
	</analytic>
	<monogr>
		<title level="m">Proceedings of the 34th International Conference on Machine Learning (ICML)</title>
				<meeting>the 34th International Conference on Machine Learning (ICML)</meeting>
		<imprint>
			<date type="published" when="2017">2017</date>
			<biblScope unit="page" from="1321" to="1330" />
		</imprint>
	</monogr>
	<note type="raw_reference">Chuan Guo, Geoff Pleiss, Yu Sun, and Kilian Q. Wein- berger. 2017. On calibration of modern neural net- works. In Proceedings of the 34th International Conference on Machine Learning (ICML), pages 1321-1330.</note>
</biblStruct>

<biblStruct xml:id="b6">
	<analytic>
		<title level="a" type="main">Universal language model fine-tuning for text classification</title>
		<author>
			<persName><forename type="first">Jeremy</forename><surname>Howard</surname></persName>
		</author>
		<author>
			<persName><forename type="first">Sebastian</forename><surname>Ruder</surname></persName>
		</author>
		<idno type="DOI">10.18653/v1/P18-1031</idno>
	</analytic>
	<monogr>
		<title level="m">Proceedings of the 56th Annual Meeting of the Association for Computational Linguistics (ACL)</title>
				<meeting>the 56th Annual Meeting of the Association for Computational Linguistics (ACL)</meeting>
		<imprint>
			<date type="published" when="2018">2018</date>
			<biblScope unit="page" from="328" to="339" />
		</imprint>
	</monogr>
	<note type="raw_reference">Jeremy Howard and Sebastian Ruder. 2018. Universal language model fine-tuning for text classification. In Proceedings of the 56th Annual Meeting of the Asso- ciation for Computational Linguistics (ACL), pages 328-339.</note>
</biblStruct>

<biblStruct xml:id="b7">
	<analytic>
		<title level="a" type="main">Mining and summarizing customer reviews</title>
		<author>
			<persName><forename type="first">Minqing</forename><surname>Hu</surname></persName>
		</author>
		<author>
			<persName><forename type="first">Bing</forename><surname>Liu</surname></persName>
		</author>
		<idno type="DOI">10.1145/1014052.1014073</idno>
	</analytic>
	<monogr>
		<title level="m">Proceedings of the Tenth ACM SIGKDD International Conference on Knowledge Discovery and Data Mining</title>
				<meeting>the Tenth ACM SIGKDD International Conference on Knowledge Discovery and Data Mining</meeting>
		<imprint>
			<date type="published" when="2004">2004</date>
			<biblScope unit="page" from="168" to="177" />
		</imprint>
	</monogr>
	<note type="raw_reference">Minqing Hu and Bing Liu. 2004. Mining and summa- rizing customer reviews. In Proceedings of the Tenth ACM SIGKDD International Conference on Knowl- edge Discovery and Data Mining, pages 168-177.</note>
</biblStruct>

<biblStruct xml:id="b8">
	<analytic>
		<title level="a" type="main">Bag of tricks for efficient text classification</title>
		<author>
			<persName><forename type="first">Armand</forename><surname>Joulin</surname></persName>
		</author>
		<author>
			<persName><forename type="first">Edouard</forename><surname>Grave</surname></persName>
		</author>
		<author>
			<persName><forename type="first">Piotr</forename><surname>Bojanowski</surname></persName>
		</author>
		<author>
			<persName><forename type="first">Tomas</forename><surname>Mikolov</surname></persName>
		</author>
	</analytic>
	<monogr>
		<title level="m">Proceedings of the 15th Conference of the European Chapter</title>
				<meeting>the 15th Conference of the European Chapter</meeting>
		<imprint>
			<publisher>the Association for Computational Linguistics</publisher>
			<date type="published" when="2017">2017</date>
			<biblScope unit="page" from="427" to="431" />
		</imprint>
	</monogr>
	<note type="raw_reference">Armand Joulin, Edouard Grave, Piotr Bojanowski, and Tomas Mikolov. 2017. Bag of tricks for efficient text classification. In Proceedings of the 15th Confer- ence of the European Chapter of the Association for Computational Linguistics (EACL), pages 427-431.</note>
</biblStruct>

<biblStruct xml:id="b9">
	<analytic>
		<title level="a" type="main">Convolutional neural networks for sentence classification</title>
		<author>
			<persName><forename type="first">Yoon</forename><surname>Kim</surname></persName>
		</author>
	</analytic>
	<monogr>
		<title level="m">Proceedings of the 2014 Conference on Empirical Methods in Natural Language Processing (EMNLP)</title>
				<meeting>the 2014 Conference on Empirical Methods in Natural Language Processing (EMNLP)</meeting>
		<imprint>
			<date type="published" when="2014">2014</date>
			<biblScope unit="page" from="1746" to="1751" />
		</imprint>
	</monogr>
	<note type="raw_reference">Yoon Kim. 2014. Convolutional neural networks for sentence classification. In Proceedings of the 2014 Conference on Empirical Methods in Natural Lan- guage Processing (EMNLP), pages 1746-1751.</note>
</biblStruct>

<biblStruct xml:id="b10">
	<analytic>
		<title level="a" type="main">Neural network ensembles, cross validation and active learning</title>
		<author>
			<persName><forename type="first">Anders</forename><surname>Krogh</surname></persName>
		</author>
		<author>
			<persName><forename type="first">Jesper</forename><surname>Vedelsby</surname></persName>
		</author>
	</analytic>
	<monogr>
		<title level="m">Proceedings of the 7th International Conference on Neural Information Processing Systems (NIPS)</title>
				<meeting>the 7th International Conference on Neural Information Processing Systems (NIPS)</meeting>
		<imprint>
			<date type="published" when="1994">1994</date>
			<biblScope unit="page" from="231" to="238" />
		</imprint>
	</monogr>
	<note type="raw_reference">Anders Krogh and Jesper Vedelsby. 1994. Neural net- work ensembles, cross validation and active learning. In Proceedings of the 7th International Conference on Neural Information Processing Systems (NIPS), pages 231-238.</note>
</biblStruct>

<biblStruct xml:id="b11">
	<analytic>
		<title level="a" type="main">Simple and scalable predictive uncertainty estimation using deep ensembles</title>
		<author>
			<persName><forename type="first">Alexander</forename><surname>Balaji Lakshminarayanan</surname></persName>
		</author>
		<author>
			<persName><forename type="first">Charles</forename><surname>Pritzel</surname></persName>
		</author>
		<author>
			<persName><surname>Blundell</surname></persName>
		</author>
	</analytic>
	<monogr>
		<title level="m">Proceedings of the 31st International Conference on Neural Information Processing Systems (NIPS)</title>
				<meeting>the 31st International Conference on Neural Information Processing Systems (NIPS)</meeting>
		<imprint>
			<date type="published" when="2017">2017</date>
			<biblScope unit="page" from="6405" to="6416" />
		</imprint>
	</monogr>
	<note type="raw_reference">Balaji Lakshminarayanan, Alexander Pritzel, and Charles Blundell. 2017. Simple and scalable pre- dictive uncertainty estimation using deep ensembles. In Proceedings of the 31st International Conference on Neural Information Processing Systems (NIPS), pages 6405-6416.</note>
</biblStruct>

<biblStruct xml:id="b12">
	<analytic>
		<title level="a" type="main">A sequential algorithm for training text classifiers</title>
		<author>
			<persName><forename type="first">David</forename><forename type="middle">D</forename><surname>Lewis</surname></persName>
		</author>
		<author>
			<persName><forename type="first">William</forename><forename type="middle">A</forename><surname>Gale</surname></persName>
		</author>
		<idno type="DOI">10.1007/978-1-4471-2099-5_1</idno>
	</analytic>
	<monogr>
		<title level="m">Proceedings of the 17th Annual International ACM-SIGIR Conference on Research and Development in Information Retrieval</title>
				<meeting>the 17th Annual International ACM-SIGIR Conference on Research and Development in Information Retrieval</meeting>
		<imprint>
			<date type="published" when="1994">1994</date>
			<biblScope unit="page" from="3" to="12" />
		</imprint>
	</monogr>
	<note type="raw_reference">David D. Lewis and William A. Gale. 1994. A se- quential algorithm for training text classifiers. In Proceedings of the 17th Annual International ACM- SIGIR Conference on Research and Development in Information Retrieval, pages 3-12.</note>
</biblStruct>

<biblStruct xml:id="b13">
	<analytic>
		<title level="a" type="main">Learning question classifiers</title>
		<author>
			<persName><forename type="first">Xin</forename><surname>Li</surname></persName>
		</author>
		<author>
			<persName><forename type="first">Dan</forename><surname>Roth</surname></persName>
		</author>
		<idno type="DOI">10.3115/1072228.1072378</idno>
	</analytic>
	<monogr>
		<title level="m">Proceedings of the 19th International Conference on Computational Linguistics (COLING)</title>
				<meeting>the 19th International Conference on Computational Linguistics (COLING)</meeting>
		<imprint>
			<date type="published" when="2002">2002</date>
			<biblScope unit="page" from="1" to="7" />
		</imprint>
	</monogr>
	<note type="raw_reference">Xin Li and Dan Roth. 2002. Learning question classi- fiers. In Proceedings of the 19th International Con- ference on Computational Linguistics (COLING), pages 1-7.</note>
</biblStruct>

<biblStruct xml:id="b14">
	<analytic>
		<title level="a" type="main">Practical obstacles to deploying active learning</title>
		<author>
			<persName><forename type="first">David</forename><surname>Lowell</surname></persName>
		</author>
		<author>
			<persName><forename type="first">Zachary</forename><forename type="middle">C</forename><surname>Lipton</surname></persName>
		</author>
		<author>
			<persName><forename type="first">Byron</forename><forename type="middle">C</forename></persName>
		</author>
		<idno type="DOI">10.18653/v1/D19-1003</idno>
	</analytic>
	<monogr>
		<title level="m">Proceedings of the 2019 Conference on Empirical Methods in Natural Language Processing and the 9th International Joint Conference on Natural Language Processing</title>
				<meeting>the 2019 Conference on Empirical Methods in Natural Language Processing and the 9th International Joint Conference on Natural Language Processing</meeting>
		<imprint>
			<publisher>EMNLP-IJCNLP</publisher>
			<date type="published" when="2019">2019</date>
			<biblScope unit="page" from="21" to="30" />
		</imprint>
	</monogr>
	<note>Wallace</note>
	<note type="raw_reference">David Lowell, Zachary C. Lipton, and Byron C. Wal- lace. 2019. Practical obstacles to deploying active learning. In Proceedings of the 2019 Conference on Empirical Methods in Natural Language Processing and the 9th International Joint Conference on Natu- ral Language Processing (EMNLP-IJCNLP), pages 21-30.</note>
</biblStruct>

<biblStruct xml:id="b15">
	<monogr>
		<title level="m" type="main">Investigating the effectiveness of representations based on pretrained transformer-based language models in active learning for labelling text datasets</title>
		<author>
			<persName><forename type="first">Jinghui</forename><surname>Lu</surname></persName>
		</author>
		<author>
			<persName><forename type="first">Brian</forename><surname>Macnamee</surname></persName>
		</author>
		<idno type="arXiv">arXiv:2004.13138</idno>
		<imprint>
			<date type="published" when="2020">2020</date>
		</imprint>
	</monogr>
	<note type="report_type">arXiv preprint</note>
	<note type="raw_reference">Jinghui Lu and Brian MacNamee. 2020. Investigat- ing the effectiveness of representations based on pre- trained transformer-based language models in active learning for labelling text datasets. arXiv preprint arXiv:2004.13138.</note>
</biblStruct>

<biblStruct xml:id="b16">
	<analytic>
		<title level="a" type="main">Active learning to recognize multiple types of plankton</title>
		<author>
			<persName><forename type="first">Tong</forename><surname>Luo</surname></persName>
		</author>
		<author>
			<persName><forename type="first">Kurt</forename><surname>Kramer</surname></persName>
		</author>
		<author>
			<persName><forename type="first">Dmitry</forename><forename type="middle">B</forename><surname>Goldgof</surname></persName>
		</author>
		<author>
			<persName><forename type="first">Lawrence</forename><forename type="middle">O</forename><surname>Hall</surname></persName>
		</author>
		<author>
			<persName><forename type="first">Scott</forename><surname>Samson</surname></persName>
		</author>
		<author>
			<persName><forename type="first">Andrew</forename><surname>Remsen</surname></persName>
		</author>
		<author>
			<persName><forename type="first">Thomas</forename><surname>Hopkins</surname></persName>
		</author>
	</analytic>
	<monogr>
		<title level="j">Journal of Machine Learning Research (JMLR)</title>
		<imprint>
			<biblScope unit="volume">6</biblScope>
			<biblScope unit="page" from="589" to="613" />
			<date type="published" when="2005">2005</date>
		</imprint>
	</monogr>
	<note type="raw_reference">Tong Luo, Kurt Kramer, Dmitry B. Goldgof, Lawrence O. Hall, Scott Samson, Andrew Remsen, and Thomas Hopkins. 2005. Active learning to rec- ognize multiple types of plankton. Journal of Ma- chine Learning Research (JMLR), 6:589-613.</note>
</biblStruct>

<biblStruct xml:id="b17">
	<analytic>
		<title level="a" type="main">Active learning by acquiring contrastive examples</title>
		<author>
			<persName><forename type="first">Katerina</forename><surname>Margatina</surname></persName>
		</author>
		<author>
			<persName><forename type="first">Giorgos</forename><surname>Vernikos</surname></persName>
		</author>
	</analytic>
	<monogr>
		<title level="m">Proceedings of the 2021 Conference on Empirical Methods in Natural Language Processing (EMNLP)</title>
				<meeting>the 2021 Conference on Empirical Methods in Natural Language Processing (EMNLP)</meeting>
		<imprint>
			<date type="published" when="2021">2021</date>
			<biblScope unit="page" from="650" to="663" />
		</imprint>
	</monogr>
	<note>Loïc Barrault, and Nikolaos Aletras</note>
	<note type="raw_reference">Katerina Margatina, Giorgos Vernikos, Loïc Barrault, and Nikolaos Aletras. 2021. Active learning by ac- quiring contrastive examples. In Proceedings of the 2021 Conference on Empirical Methods in Natural Language Processing (EMNLP), pages 650-663.</note>
</biblStruct>

<biblStruct xml:id="b18">
	<analytic>
		<title level="a" type="main">A sentimental education: Sentiment analysis using subjectivity summarization based on minimum cuts</title>
		<author>
			<persName><forename type="first">Bo</forename><surname>Pang</surname></persName>
		</author>
		<author>
			<persName><forename type="first">Lillian</forename><surname>Lee</surname></persName>
		</author>
		<idno type="DOI">10.3115/1218955.1218990</idno>
	</analytic>
	<monogr>
		<title level="m">Proceedings of the 42nd Annual Meeting of the Association for Computational Linguistics (ACL)</title>
				<meeting>the 42nd Annual Meeting of the Association for Computational Linguistics (ACL)</meeting>
		<imprint>
			<date type="published" when="2004">2004</date>
			<biblScope unit="page" from="271" to="278" />
		</imprint>
	</monogr>
	<note type="raw_reference">Bo Pang and Lillian Lee. 2004. A sentimental educa- tion: Sentiment analysis using subjectivity summa- rization based on minimum cuts. In Proceedings of the 42nd Annual Meeting of the Association for Com- putational Linguistics (ACL), pages 271-278.</note>
</biblStruct>

<biblStruct xml:id="b19">
	<analytic>
		<title level="a" type="main">Seeing stars: Exploiting class relationships for sentiment categorization with respect to rating scales</title>
		<author>
			<persName><forename type="first">Bo</forename><surname>Pang</surname></persName>
		</author>
		<author>
			<persName><forename type="first">Lillian</forename><surname>Lee</surname></persName>
		</author>
		<idno type="DOI">10.3115/1219840.1219855</idno>
	</analytic>
	<monogr>
		<title level="m">Proceedings of the 43rd Annual Meeting of the Association for Computational Linguistics (ACL)</title>
				<meeting>the 43rd Annual Meeting of the Association for Computational Linguistics (ACL)</meeting>
		<imprint>
			<date type="published" when="2005">2005</date>
			<biblScope unit="page" from="115" to="124" />
		</imprint>
	</monogr>
	<note type="raw_reference">Bo Pang and Lillian Lee. 2005. Seeing stars: Exploit- ing class relationships for sentiment categorization with respect to rating scales. In Proceedings of the 43rd Annual Meeting of the Association for Compu- tational Linguistics (ACL), pages 115-124.</note>
</biblStruct>

<biblStruct xml:id="b20">
	<analytic>
		<title level="a" type="main">Entropybased active learning for object recognition</title>
		<author>
			<persName><forename type="first">P</forename><surname>Perona</surname></persName>
		</author>
		<author>
			<persName><forename type="first">A</forename><surname>Holub</surname></persName>
		</author>
		<author>
			<persName><forename type="first">M</forename><forename type="middle">C</forename><surname>Burl</surname></persName>
		</author>
		<idno type="DOI">10.1109/CVPRW.2008.4563068</idno>
	</analytic>
	<monogr>
		<title level="m">Proceedings of the 2008 IEEE Computer Society Conference on Computer Vision and Pattern Recognition Workshops (CVPR Workshops)</title>
				<meeting>the 2008 IEEE Computer Society Conference on Computer Vision and Pattern Recognition Workshops (CVPR Workshops)</meeting>
		<imprint>
			<date type="published" when="2008">2008</date>
			<biblScope unit="page" from="1" to="8" />
		</imprint>
	</monogr>
	<note type="raw_reference">P. Perona, A. Holub, and M. C. Burl. 2008. Entropy- based active learning for object recognition. In Pro- ceedings of the 2008 IEEE Computer Society Con- ference on Computer Vision and Pattern Recognition Workshops (CVPR Workshops), pages 1-8.</note>
</biblStruct>

<biblStruct xml:id="b21">
	<analytic>
		<title level="a" type="main">Sampling bias in deep active classification: An empirical study</title>
		<author>
			<persName><forename type="first">Ameya</forename><surname>Prabhu</surname></persName>
		</author>
		<author>
			<persName><forename type="first">Charles</forename><surname>Dognin</surname></persName>
		</author>
		<author>
			<persName><forename type="first">Maneesh</forename><surname>Singh</surname></persName>
		</author>
		<idno type="DOI">10.18653/v1/D19-1417</idno>
	</analytic>
	<monogr>
		<title level="m">Proceedings of the 2019 Conference on Empirical Methods in Natural Language Processing and the 9th International Joint Conference on Natural Language Processing (EMNLP-IJCNLP)</title>
				<meeting>the 2019 Conference on Empirical Methods in Natural Language Processing and the 9th International Joint Conference on Natural Language Processing (EMNLP-IJCNLP)</meeting>
		<imprint>
			<date type="published" when="2019">2019</date>
			<biblScope unit="page" from="4058" to="4068" />
		</imprint>
	</monogr>
	<note type="raw_reference">Ameya Prabhu, Charles Dognin, and Maneesh Singh. 2019. Sampling bias in deep active classification: An empirical study. In Proceedings of the 2019 Con- ference on Empirical Methods in Natural Language Processing and the 9th International Joint Confer- ence on Natural Language Processing (EMNLP- IJCNLP), pages 4058-4068.</note>
</biblStruct>

<biblStruct xml:id="b22">
	<analytic>
		<title level="a" type="main">Minimisation of data collection by active learning</title>
		<author>
			<persName><forename type="first">Tirthankar</forename><surname>Raychaudhuri</surname></persName>
		</author>
		<author>
			<persName><forename type="first">G</forename><forename type="middle">C</forename><surname>Leonard</surname></persName>
		</author>
		<author>
			<persName><surname>Hamey</surname></persName>
		</author>
		<idno type="DOI">10.1109/ICNN.1995.487351</idno>
	</analytic>
	<monogr>
		<title level="m">Proceedings of International Conference on Neural Networks (ICNN)</title>
				<meeting>International Conference on Neural Networks (ICNN)</meeting>
		<imprint>
			<date type="published" when="1995">1995</date>
			<biblScope unit="page" from="1338" to="1341" />
		</imprint>
	</monogr>
	<note type="raw_reference">Tirthankar RayChaudhuri and Leonard G. C. Hamey. 1995. Minimisation of data collection by active learning. In Proceedings of International Confer- ence on Neural Networks (ICNN), pages 1338-1341.</note>
</biblStruct>

<biblStruct xml:id="b23">
	<analytic>
		<title level="a" type="main">Toward optimal active learning through sampling estimation of error reduction</title>
		<author>
			<persName><forename type="first">Nicholas</forename><surname>Roy</surname></persName>
		</author>
		<author>
			<persName><forename type="first">Andrew</forename><surname>Mccallum</surname></persName>
		</author>
	</analytic>
	<monogr>
		<title level="m">Proceedings of the Eighteenth International Conference on Machine Learning (ICML)</title>
				<meeting>the Eighteenth International Conference on Machine Learning (ICML)</meeting>
		<imprint>
			<date type="published" when="2001">2001</date>
			<biblScope unit="page" from="441" to="448" />
		</imprint>
	</monogr>
	<note type="raw_reference">Nicholas Roy and Andrew McCallum. 2001. Toward optimal active learning through sampling estimation of error reduction. In Proceedings of the Eigh- teenth International Conference on Machine Learn- ing (ICML), pages 441-448.</note>
</biblStruct>

<biblStruct xml:id="b24">
	<monogr>
		<title level="m" type="main">Distilbert, a distilled version of bert: smaller, faster, cheaper and lighter</title>
		<author>
			<persName><forename type="first">Victor</forename><surname>Sanh</surname></persName>
		</author>
		<author>
			<persName><forename type="first">Lysandre</forename><surname>Debut</surname></persName>
		</author>
		<author>
			<persName><forename type="first">Julien</forename><surname>Chaumond</surname></persName>
		</author>
		<author>
			<persName><forename type="first">Thomas</forename><surname>Wolf</surname></persName>
		</author>
		<idno type="arXiv">arXiv:1910.01108</idno>
		<imprint>
			<date type="published" when="2019">2019</date>
		</imprint>
	</monogr>
	<note type="report_type">arXiv preprint</note>
	<note type="raw_reference">Victor Sanh, Lysandre Debut, Julien Chaumond, and Thomas Wolf. 2019. Distilbert, a distilled version of bert: smaller, faster, cheaper and lighter. arXiv preprint arXiv:1910.01108.</note>
</biblStruct>

<biblStruct xml:id="b25">
	<analytic>
		<title level="a" type="main">Active hidden markov models for information extraction</title>
		<author>
			<persName><forename type="first">Tobias</forename><surname>Scheffer</surname></persName>
		</author>
		<author>
			<persName><forename type="first">Christian</forename><surname>Decomain</surname></persName>
		</author>
		<author>
			<persName><forename type="first">Stefan</forename><surname>Wrobel</surname></persName>
		</author>
	</analytic>
	<monogr>
		<title level="m">Proceedings of the 4th International Conference on Advances in Intelligent Data Analysis (IDA)</title>
				<meeting>the 4th International Conference on Advances in Intelligent Data Analysis (IDA)</meeting>
		<imprint>
			<date type="published" when="2001">2001</date>
			<biblScope unit="page" from="309" to="318" />
		</imprint>
	</monogr>
	<note type="raw_reference">Tobias Scheffer, Christian Decomain, and Stefan Wro- bel. 2001. Active hidden markov models for infor- mation extraction. In Proceedings of the 4th Inter- national Conference on Advances in Intelligent Data Analysis (IDA), pages 309-318.</note>
</biblStruct>

<biblStruct xml:id="b26">
	<analytic>
		<title level="a" type="main">Less is more: Active learning with support vector machines</title>
		<author>
			<persName><forename type="first">Greg</forename><surname>Schohn</surname></persName>
		</author>
		<author>
			<persName><forename type="first">David</forename><surname>Cohn</surname></persName>
		</author>
	</analytic>
	<monogr>
		<title level="m">Proceedings of the Seventeenth International Conference on Machine Learning (ICML)</title>
				<meeting>the Seventeenth International Conference on Machine Learning (ICML)</meeting>
		<imprint>
			<date type="published" when="2000">2000</date>
			<biblScope unit="page" from="839" to="846" />
		</imprint>
	</monogr>
	<note type="raw_reference">Greg Schohn and David Cohn. 2000. Less is more: Active learning with support vector machines. In Proceedings of the Seventeenth International Con- ference on Machine Learning (ICML), pages 839- 846.</note>
</biblStruct>

<biblStruct xml:id="b27">
	<analytic>
		<title level="a" type="main">Active learning for convolutional neural networks: A core-set approach</title>
		<author>
			<persName><forename type="first">Ozan</forename><surname>Sener</surname></persName>
		</author>
		<author>
			<persName><forename type="first">Silvio</forename><surname>Savarese</surname></persName>
		</author>
	</analytic>
	<monogr>
		<title level="m">Proceedings of the 6th International Conference on Learning Representations (ICLR)</title>
				<meeting>the 6th International Conference on Learning Representations (ICLR)</meeting>
		<imprint>
			<date type="published" when="2018">2018</date>
		</imprint>
	</monogr>
	<note type="raw_reference">Ozan Sener and Silvio Savarese. 2018. Active learn- ing for convolutional neural networks: A core-set approach. In Proceedings of the 6th International Conference on Learning Representations (ICLR).</note>
</biblStruct>

<biblStruct xml:id="b28">
	<analytic>
		<title level="a" type="main">Multiple-instance active learning</title>
		<author>
			<persName><forename type="first">Burr</forename><surname>Settles</surname></persName>
		</author>
		<author>
			<persName><forename type="first">Mark</forename><surname>Craven</surname></persName>
		</author>
		<author>
			<persName><forename type="first">Soumya</forename><surname>Ray</surname></persName>
		</author>
	</analytic>
	<monogr>
		<title level="m">Proceedings of the 20th International Conference on Neural Information Processing Systems (NIPS)</title>
				<meeting>the 20th International Conference on Neural Information Processing Systems (NIPS)</meeting>
		<imprint>
			<date type="published" when="2007">2007</date>
			<biblScope unit="page" from="1289" to="1296" />
		</imprint>
	</monogr>
	<note type="raw_reference">Burr Settles, Mark Craven, and Soumya Ray. 2007. Multiple-instance active learning. In Proceedings of the 20th International Conference on Neural In- formation Processing Systems (NIPS), pages 1289- 1296.</note>
</biblStruct>

<biblStruct xml:id="b29">
	<analytic>
		<title level="a" type="main">How to fine-tune BERT for text classification?</title>
		<author>
			<persName><forename type="first">Chi</forename><surname>Sun</surname></persName>
		</author>
		<author>
			<persName><forename type="first">Xipeng</forename><surname>Qiu</surname></persName>
		</author>
		<author>
			<persName><forename type="first">Yige</forename><surname>Xu</surname></persName>
		</author>
		<author>
			<persName><forename type="first">Xuanjing</forename><surname>Huang</surname></persName>
		</author>
		<idno type="DOI">10.1007/978-3-030-32381-3_16</idno>
	</analytic>
	<monogr>
		<title level="m">Chinese Computational Linguistics -18th China National Conference (CCL)</title>
				<imprint>
			<date type="published" when="2019">2019</date>
			<biblScope unit="page" from="194" to="206" />
		</imprint>
	</monogr>
	<note type="raw_reference">Chi Sun, Xipeng Qiu, Yige Xu, and Xuanjing Huang. 2019. How to fine-tune BERT for text classification? In Chinese Computational Linguistics -18th China National Conference (CCL), pages 194-206.</note>
</biblStruct>

<biblStruct xml:id="b30">
	<analytic>
		<title level="a" type="main">Recurrently controlled recurrent networks</title>
		<author>
			<persName><forename type="first">Yi</forename><surname>Tay</surname></persName>
		</author>
		<author>
			<persName><forename type="first">Anh</forename><forename type="middle">Tuan</forename><surname>Luu</surname></persName>
		</author>
		<author>
			<persName><forename type="first">Siu</forename><forename type="middle">Cheung</forename><surname>Hui</surname></persName>
		</author>
	</analytic>
	<monogr>
		<title level="m">Proceedings of the Advances in Neural Information Processing Systems 31 (NeurIPS)</title>
				<meeting>the Advances in Neural Information Processing Systems 31 (NeurIPS)</meeting>
		<imprint>
			<date type="published" when="2018">2018</date>
			<biblScope unit="page" from="4731" to="4743" />
		</imprint>
	</monogr>
	<note type="raw_reference">Yi Tay, Anh Tuan Luu, and Siu Cheung Hui. 2018. Re- currently controlled recurrent networks. In Proceed- ings of the Advances in Neural Information Process- ing Systems 31 (NeurIPS), pages 4731-4743.</note>
</biblStruct>

<biblStruct xml:id="b31">
	<analytic>
		<title level="a" type="main">Attention is all you need</title>
		<author>
			<persName><forename type="first">Ashish</forename><surname>Vaswani</surname></persName>
		</author>
		<author>
			<persName><forename type="first">Noam</forename><surname>Shazeer</surname></persName>
		</author>
		<author>
			<persName><forename type="first">Niki</forename><surname>Parmar</surname></persName>
		</author>
		<author>
			<persName><forename type="first">Jakob</forename><surname>Uszkoreit</surname></persName>
		</author>
		<author>
			<persName><forename type="first">Llion</forename><surname>Jones</surname></persName>
		</author>
		<author>
			<persName><forename type="first">Aidan</forename><forename type="middle">N</forename><surname>Gomez</surname></persName>
		</author>
		<author>
			<persName><forename type="first">Łukasz</forename><surname>Kaiser</surname></persName>
		</author>
		<author>
			<persName><forename type="first">Illia</forename><surname>Polosukhin</surname></persName>
		</author>
	</analytic>
	<monogr>
		<title level="m">Proceedings of the Advances in Neural Information Processing Systems</title>
				<editor>
			<persName><forename type="first">I</forename><surname>Guyon</surname></persName>
		</editor>
		<editor>
			<persName><forename type="first">U</forename><forename type="middle">V</forename><surname>Luxburg</surname></persName>
		</editor>
		<editor>
			<persName><forename type="first">S</forename><surname>Bengio</surname></persName>
		</editor>
		<editor>
			<persName><forename type="first">H</forename><surname>Wallach</surname></persName>
		</editor>
		<editor>
			<persName><forename type="first">R</forename><surname>Fergus</surname></persName>
		</editor>
		<editor>
			<persName><forename type="first">S</forename><surname>Vishwanathan</surname></persName>
		</editor>
		<editor>
			<persName><forename type="first">R</forename><surname>Garnett</surname></persName>
		</editor>
		<meeting>the Advances in Neural Information Processing Systems</meeting>
		<imprint>
			<date type="published" when="2017">2017</date>
			<biblScope unit="volume">30</biblScope>
			<biblScope unit="page" from="5998" to="6008" />
		</imprint>
	</monogr>
	<note type="raw_reference">Ashish Vaswani, Noam Shazeer, Niki Parmar, Jakob Uszkoreit, Llion Jones, Aidan N Gomez, Łukasz Kaiser, and Illia Polosukhin. 2017. Attention is all you need. In I. Guyon, U. V. Luxburg, S. Bengio, H. Wallach, R. Fergus, S. Vishwanathan, and R. Gar- nett, editors, Proceedings of the Advances in Neu- ral Information Processing Systems 30 (NeurIPS), pages 5998-6008.</note>
</biblStruct>

<biblStruct xml:id="b32">
	<analytic>
		<title level="a" type="main">Xlnet: Generalized autoregressive pretraining for language understanding</title>
		<author>
			<persName><forename type="first">Zhilin</forename><surname>Yang</surname></persName>
		</author>
		<author>
			<persName><forename type="first">Zihang</forename><surname>Dai</surname></persName>
		</author>
		<author>
			<persName><forename type="first">Yiming</forename><surname>Yang</surname></persName>
		</author>
		<author>
			<persName><forename type="first">Jaime</forename><surname>Carbonell</surname></persName>
		</author>
		<author>
			<persName><forename type="first">Quoc</forename><forename type="middle">V</forename><surname>Salakhutdinov</surname></persName>
		</author>
		<author>
			<persName><surname>Russ R A.Nd Le</surname></persName>
		</author>
	</analytic>
	<monogr>
		<title level="m">Proceedings of the Advances in Neural Information Processing Systems</title>
				<editor>
			<persName><forename type="first">H</forename><surname>Wallach</surname></persName>
		</editor>
		<editor>
			<persName><forename type="first">H</forename><surname>Larochelle</surname></persName>
		</editor>
		<editor>
			<persName><forename type="first">A</forename><surname>Beygelzimer</surname></persName>
		</editor>
		<editor>
			<persName><forename type="first">F</forename><surname>Alché-Buc</surname></persName>
		</editor>
		<editor>
			<persName><forename type="first">E</forename><surname>Fox</surname></persName>
		</editor>
		<editor>
			<persName><forename type="first">R</forename><surname>Garnett</surname></persName>
		</editor>
		<meeting>the Advances in Neural Information Processing Systems</meeting>
		<imprint>
			<date type="published" when="2019">2019</date>
			<biblScope unit="volume">32</biblScope>
			<biblScope unit="page" from="5753" to="5763" />
		</imprint>
	</monogr>
	<note type="raw_reference">Zhilin Yang, Zihang Dai, Yiming Yang, Jaime Car- bonell, and Quoc V. Salakhutdinov, Russ R a.nd Le. 2019. Xlnet: Generalized autoregressive pretrain- ing for language understanding. In H. Wallach, H. Larochelle, A. Beygelzimer, F. d&apos;Alché-Buc, E. Fox, and R. Garnett, editors, Proceedings of the Advances in Neural Information Processing Systems 32 (NeurIPS), pages 5753-5763.</note>
</biblStruct>

<biblStruct xml:id="b33">
	<analytic>
		<title level="a" type="main">Cold-start active learning through self-supervised language modeling</title>
		<author>
			<persName><forename type="first">Michelle</forename><surname>Yuan</surname></persName>
		</author>
		<author>
			<persName><forename type="first">Hsuan-Tien</forename><surname>Lin</surname></persName>
		</author>
		<author>
			<persName><forename type="first">Jordan</forename><surname>Boyd-Graber</surname></persName>
		</author>
		<idno type="DOI">10.18653/v1/2020.emnlp-main.637</idno>
	</analytic>
	<monogr>
		<title level="m">Proceedings of the 2020 Conference on Empirical Methods in Natural Language Processing (EMNLP)</title>
				<meeting>the 2020 Conference on Empirical Methods in Natural Language Processing (EMNLP)</meeting>
		<imprint>
			<date type="published" when="2020">2020</date>
			<biblScope unit="page" from="7935" to="7948" />
		</imprint>
	</monogr>
	<note type="raw_reference">Michelle Yuan, Hsuan-Tien Lin, and Jordan Boyd- Graber. 2020. Cold-start active learning through self-supervised language modeling. In Proceed- ings of the 2020 Conference on Empirical Methods in Natural Language Processing (EMNLP), pages 7935-7948.</note>
</biblStruct>

<biblStruct xml:id="b34">
	<analytic>
		<title level="a" type="main">Cartography active learning</title>
		<author>
			<persName><forename type="first">Mike</forename><surname>Zhang</surname></persName>
		</author>
		<author>
			<persName><forename type="first">Barbara</forename><surname>Plank</surname></persName>
		</author>
		<idno type="DOI">10.18653/v1/2021.findings-emnlp.36</idno>
	</analytic>
	<monogr>
		<title level="m">Findings of the Association for Computational Linguistics (EMNLP Findings)</title>
				<imprint>
			<date type="published" when="2021">2021</date>
			<biblScope unit="page" from="395" to="406" />
		</imprint>
	</monogr>
	<note type="raw_reference">Mike Zhang and Barbara Plank. 2021. Cartography active learning. In Findings of the Association for Computational Linguistics (EMNLP Findings), pages 395-406.</note>
</biblStruct>

<biblStruct xml:id="b35">
	<analytic>
		<title level="a" type="main">Character-level convolutional networks for text classification</title>
		<author>
			<persName><forename type="first">Xiang</forename><surname>Zhang</surname></persName>
		</author>
		<author>
			<persName><forename type="first">Junbo</forename><surname>Zhao</surname></persName>
		</author>
		<author>
			<persName><forename type="first">Yann</forename><surname>Lecun</surname></persName>
		</author>
	</analytic>
	<monogr>
		<title level="m">Proceedings of the Advances in Neural Information Processing Systems 28 (NIPS)</title>
				<editor>
			<persName><forename type="first">C</forename><surname>Cortes</surname></persName>
		</editor>
		<editor>
			<persName><forename type="first">N</forename><forename type="middle">D</forename><surname>Lawrence</surname></persName>
		</editor>
		<editor>
			<persName><forename type="first">D</forename><forename type="middle">D</forename><surname>Lee</surname></persName>
		</editor>
		<editor>
			<persName><forename type="first">M</forename><surname>Sugiyama</surname></persName>
		</editor>
		<editor>
			<persName><forename type="first">R</forename><surname>Garnett</surname></persName>
		</editor>
		<meeting>the Advances in Neural Information Processing Systems 28 (NIPS)</meeting>
		<imprint>
			<date type="published" when="2015">2015</date>
			<biblScope unit="page" from="649" to="657" />
		</imprint>
	</monogr>
	<note type="raw_reference">Xiang Zhang, Junbo Zhao, and Yann LeCun. 2015. Character-level convolutional networks for text clas- sification. In C. Cortes, N. D. Lawrence, D. D. Lee, M. Sugiyama, and R. Garnett, editors, Proceedings of the Advances in Neural Information Processing Systems 28 (NIPS), pages 649-657.</note>
</biblStruct>

<biblStruct xml:id="b36">
	<analytic>
		<title level="a" type="main">Active discriminative text representation learning</title>
		<author>
			<persName><forename type="first">Ye</forename><surname>Zhang</surname></persName>
		</author>
		<author>
			<persName><forename type="first">Matthew</forename><surname>Lease</surname></persName>
		</author>
		<author>
			<persName><forename type="first">Byron</forename><forename type="middle">C</forename><surname>Wallace</surname></persName>
		</author>
	</analytic>
	<monogr>
		<title level="m">Proceedings of the Thirty-First AAAI Conference on Artificial Intelligence</title>
				<meeting>the Thirty-First AAAI Conference on Artificial Intelligence</meeting>
		<imprint>
			<date type="published" when="2017">2017</date>
			<biblScope unit="page" from="3386" to="3392" />
		</imprint>
	</monogr>
	<note type="raw_reference">Ye Zhang, Matthew Lease, and Byron C. Wallace. 2017. Active discriminative text representation learning. In Proceedings of the Thirty-First AAAI Conference on Artificial Intelligence, pages 3386- 3392.</note>
</biblStruct>

<biblStruct xml:id="b37">
	<analytic>
		<title level="a" type="main">Self-adaptive hierarchical sentence model</title>
		<author>
			<persName><forename type="first">Han</forename><surname>Zhao</surname></persName>
		</author>
		<author>
			<persName><forename type="first">Zhengdong</forename><surname>Lu</surname></persName>
		</author>
		<author>
			<persName><forename type="first">Pascal</forename><surname>Poupart</surname></persName>
		</author>
	</analytic>
	<monogr>
		<title level="m">Proceedings of the 24th International Conference on Artificial Intelligence</title>
				<meeting>the 24th International Conference on Artificial Intelligence</meeting>
		<imprint>
			<date type="published" when="2015">2015</date>
			<biblScope unit="page" from="4069" to="4076" />
		</imprint>
	</monogr>
	<note type="raw_reference">Han Zhao, Zhengdong Lu, and Pascal Poupart. 2015. Self-adaptive hierarchical sentence model. In Pro- ceedings of the 24th International Conference on Ar- tificial Intelligence, pages 4069-4076.</note>
</biblStruct>

<biblStruct xml:id="b38">
	<analytic>
		<title level="a" type="main">Dynamically route hierarchical structure representation to attentive capsule for text classification</title>
		<author>
			<persName><forename type="first">Wanshan</forename><surname>Zheng</surname></persName>
		</author>
		<author>
			<persName><forename type="first">Zibin</forename><surname>Zheng</surname></persName>
		</author>
		<author>
			<persName><forename type="first">Hai</forename><surname>Wan</surname></persName>
		</author>
		<author>
			<persName><forename type="first">Chuan</forename><surname>Chen</surname></persName>
		</author>
	</analytic>
	<monogr>
		<title level="m">Proceedings of the Twenty-Eighth International Joint Conference on Artificial Intelligence (IJCAI)</title>
				<meeting>the Twenty-Eighth International Joint Conference on Artificial Intelligence (IJCAI)</meeting>
		<imprint>
			<date type="published" when="2019">2019</date>
			<biblScope unit="page" from="5464" to="5470" />
		</imprint>
	</monogr>
	<note type="raw_reference">Wanshan Zheng, Zibin Zheng, Hai Wan, and Chuan Chen. 2019. Dynamically route hierarchical struc- ture representation to attentive capsule for text classi- fication. In Proceedings of the Twenty-Eighth Inter- national Joint Conference on Artificial Intelligence (IJCAI), pages 5464-5470.</note>
</biblStruct>

				</listBibl>
			</div>
		</back>
	</text>
</TEI>
