<?xml version="1.0" encoding="UTF-8"?>
<TEI xml:space="preserve" xmlns="http://www.tei-c.org/ns/1.0" 
xmlns:xsi="http://www.w3.org/2001/XMLSchema-instance" 
xsi:schemaLocation="http://www.tei-c.org/ns/1.0 https://raw.githubusercontent.com/kermitt2/grobid/master/grobid-home/schemas/xsd/Grobid.xsd"
 xmlns:xlink="http://www.w3.org/1999/xlink">
	<teiHeader xml:lang="en">
		<fileDesc>
			<titleStmt>
				<title level="a" type="main">A Robustly Optimized BMRC for Aspect Sentiment Triplet Extraction</title>
			</titleStmt>
			<publicationStmt>
				<publisher/>
				<availability status="unknown"><licence/></availability>
			</publicationStmt>
			<sourceDesc>
				<biblStruct>
					<analytic>
						<author>
							<persName><forename type="first">Shu</forename><surname>Liu</surname></persName>
							<affiliation key="aff0">
								<orgName type="department">School of Computer Science and Engineering</orgName>
								<orgName type="institution">Central South University</orgName>
							</affiliation>
							<affiliation key="aff1">
								<orgName type="department">Hunan Engineering Research Center of Machine Vision and Intelligent</orgName>
							</affiliation>
						</author>
						<author>
							<persName><forename type="first">Kaiwen</forename><surname>Li</surname></persName>
						</author>
						<author role="corresp">
							<persName><forename type="first">Zuhe</forename><surname>Li</surname></persName>
							<email>zuheli@126.com</email>
							<affiliation key="aff0">
								<orgName type="department">School of Computer Science and Engineering</orgName>
								<orgName type="institution">Central South University</orgName>
							</affiliation>
							<affiliation key="aff1">
								<orgName type="department">Hunan Engineering Research Center of Machine Vision and Intelligent</orgName>
							</affiliation>
							<affiliation key="aff2">
								<orgName type="department">School of Computer and Communication Engineering</orgName>
								<orgName type="institution">Zhengzhou University of Light Industry</orgName>
							</affiliation>
							<affiliation key="aff3">
								<orgName type="laboratory">Henan Key Laboratory of Data Intelligence on Food Safety</orgName>
							</affiliation>
						</author>
						<title level="a" type="main">A Robustly Optimized BMRC for Aspect Sentiment Triplet Extraction</title>
					</analytic>
					<monogr>
						<imprint>
							<date/>
						</imprint>
					</monogr>
					<idno type="MD5">3957609FA8A25770B866BA062830C284</idno>
				</biblStruct>
			</sourceDesc>
		</fileDesc>
		<encodingDesc>
			<appInfo>
				<application version="0.7.3-SNAPSHOT" ident="GROBID" when="2023-01-12T09:27+0000">
					<desc>GROBID - A machine learning software for extracting information from scholarly documents</desc>
					<ref target="https://github.com/kermitt2/grobid"/>
				</application>
			</appInfo>
		</encodingDesc>
		<profileDesc>
			<abstract>
<div xmlns="http://www.tei-c.org/ns/1.0"><p>Aspect sentiment triplet extraction (ASTE) is a challenging subtask in aspect-based sentiment analysis. It aims to explore the triplets of aspects, opinions and sentiments with complex correspondence from the context. The bidirectional machine reading comprehension (BMRC) can effectively deal with ASTE task, but several problems remains, such as query conflict and probability unilateral decrease. Therefore, this paper presents a robustly optimized BMRC method by incorporating four improvements. The word segmentation is applied to facilitate the semantic learning. Exclusive classifiers are designed to avoid the interference between different queries. A span matching rule is proposed to select the aspects and opinions that better represent the expectations of the model. The probability generation strategy is also introduced to obtain the predicted probability for aspects, opinions and aspect-opinion pairs. We have conducted extensive experiments on multiple benchmark datasets, where our model achieves the stateof-the-art performance. 1</p></div>
			</abstract>
		</profileDesc>
	</teiHeader>
	<text xml:lang="en">
		<body>
<div xmlns="http://www.tei-c.org/ns/1.0"><head n="1">Introduction</head><p>Aspect-based sentiment analysis (ABSA) is an important research area of natural language processing (NLP), which aims to mine fine-grained opinions and sentiments based on a specific aspect. In recent years, it has attracted extensive attention of researchers <ref type="bibr" target="#b6">(Hu and Liu, 2004)</ref>. ABSA includes three basic subtasks: aspect term extraction <ref type="bibr" target="#b22">(Yin et al., 2016;</ref><ref type="bibr" target="#b8">Li et al., 2018;</ref><ref type="bibr" target="#b11">Ma et al., 2019)</ref>, opinion term extraction <ref type="bibr" target="#b9">(Liu et al., 2015;</ref><ref type="bibr" target="#b18">Wu et al., 2021)</ref>, and aspect level sentiment classification <ref type="bibr" target="#b17">(Wang et al., 2016;</ref><ref type="bibr" target="#b0">Chen et al., 2017;</ref><ref type="bibr" target="#b7">Jiang et al., 2019;</ref><ref type="bibr" target="#b23">Zhang and Qian, 2020)</ref>.</p><p>Substantial progress has been achieved in recent studies, integrating multiple subtasks into a more complex task <ref type="bibr" target="#b2">(Chen and Qian, 2020;</ref><ref type="bibr" target="#b4">He et al., 2019;</ref><ref type="bibr" target="#b10">Luo et al., 2019;</ref><ref type="bibr" target="#b24">Zhao et al., 2020)</ref>. Among them, aspect sentiment triplet extraction (ASTE) <ref type="bibr" target="#b13">(Peng et al., 2020)</ref> becomes a subject of great interest, which is also the goal of our work. Many research efforts have been made <ref type="bibr" target="#b19">(Xu et al., 2021;</ref><ref type="bibr" target="#b12">Mao et al., 2021;</ref><ref type="bibr" target="#b1">Chen et al., 2021)</ref>, for example, using bidirectional machine reading comprehension (BMRC) for ASTE. It handles the task effectively, but problems still remain. In the structure of BMRC, the shared classifiers may lead to query conflicts based on specific context, thus affecting the model performance. Some important strategies are also ignored, such as word segmentation, span matching and probability generation.</p><p>In this paper, we present a robustly optimized BMRC method for ASTE. The task is transformed into a machine reading comprehension problem. The complex correspondence between the aspect and opinion is processed through bidirectional query based on specific context. Such relationship can be effectively used to make their extraction mutually beneficial, thus facilitating better prediction of various sentiments. In order to deal with the ASTE task more efficiently, we incorporate the word segmentation and exclusive classifiers, and improve the span matching where the priority rule of the combination of probability and position relationship has been added. We also optimize the generation of probability to avoid its unilateral decrease. Our contributions can be summarized as follows:</p><p>• Exclusive classifiers are designed in BMRC, so as to avoid the interference between different question answering steps and the query conflict.</p><p>• We further advance the prediction performance by adding word segmentation, improving span matching and probability generation.</p><p>• Extensive experiments are conducted on</p><p>The portions are small but being that the food was so good makes up for that.</p><p>negative positive benchmark datasets, where our model achieves the state-of-the-art performance.</p></div>
<div xmlns="http://www.tei-c.org/ns/1.0"><head n="2">Methodology</head><p>In this section, we briefly review the ASTE task and BMRC model, and then introduce our four improvements in detail.</p></div>
<div xmlns="http://www.tei-c.org/ns/1.0"><head n="2.1">Problem Formulation</head><p>Given a sentence W = {w 1 , w 2 , ..., w M } with M tokens, ASTE task is to identify the collection of triplets</p><formula xml:id="formula_0">T = {(a i , o i , s i )} |T |</formula><p>i=1 , where a i , o i , s i and |T | denote the aspect, the opinion expression, the sentiment, and the number of triplets, respectively. For the sentence shown in Figure <ref type="figure" target="#fig_0">1</ref>, the collection T is {(portions, small, negative), (f ood, good, positive)}.</p></div>
<div xmlns="http://www.tei-c.org/ns/1.0"><head n="2.2">BMRC</head><p>BMRC can put forward the corresponding query according to the context, and the model then outputs the desired answer. Forward Query BMRC will query all the aspects based on context; Then, according to the aspect of each prediction, all opinions describing it are queried from the context. Backward Query BMRC will query all the opinions based on context; Then, according to the opinion of each prediction, all aspects describing it are queried from the context. Sentiment Prediction Once the aspect-opinion pairs are obtained, the sentiment queries can be constructed to predict the sentiments of the corresponding pairs according to the context.</p><p>After that, the sentiments and aspect-opinion pairs are combined into triplets. The whole process is illustrated in Figure <ref type="figure">2</ref>.</p></div>
<div xmlns="http://www.tei-c.org/ns/1.0"><head n="2.3">Word Segmentation</head><p>We use the tokenizer based on wordpiece in BERT <ref type="bibr" target="#b3">(Devlin et al., 2019)</ref> to segment words into subwords. Wordpiece is a common technique for word segmentation in NLP tasks.</p><p>The role of word segmentation has been investigated. Suppose the word "walking" is fed into the model, unless it appears many times in the training corpus, the model may fail to handle the word well. When similar words like "walked", "walker" or "walks" show up, without word segmentation, they will be treated as completely different words. However, if they are subdivided into "walk ##ing", "walk ##ed", "walk ##er", and "walk ##s", their sub-word "walk" contains the same semantics which is quite common during training. In this sense, the model is able to learn more information through word segmentation.</p></div>
<div xmlns="http://www.tei-c.org/ns/1.0"><head n="2.4">Exclusive Classifiers</head><p>Bidirectional queries are performed in BMRC, and the model needs to perform multiple different types of queries based on context. For example, the aspect query in forward query is different from the opinion query in backward query. The former queries all the aspects in the context, while the latter queries all the opinions in the context, requiring different entities. Another example is the aspect query in the forward query and the aspect query in the backward query. Although the entities of the two queries are the same, the latter conveys opinion information and searches for all the aspects described by it, while the former does not carry any context information, namely, all the aspects in the context.</p><p>In the original BMRC, all queries share one classifier. However, if different types of queries use the same classifier, it cannot serve any part very well. These different types of queries will interfere with each other and cause the query conflict. By adding exclusive classifiers, each different type of query can use a unique classifier, as shown in Figure <ref type="figure" target="#fig_1">3</ref>, which can effectively avoid the problem of query conflict and greatly improve the performance of the model.</p></div>
<div xmlns="http://www.tei-c.org/ns/1.0"><head n="2.5">Span Matching</head><p>Recently, there is a lot of work to deal with ABSA tasks based on span extraction <ref type="bibr" target="#b5">(Hu et al., 2019;</ref><ref type="bibr" target="#b19">Xu et al., 2021)</ref>, so does BMRC. After obtaining the predicted value of each position as the start or end position of span through binary classifiers, the predicted value is converted into probability using softmax function <ref type="bibr" target="#b1">(Chen et al., 2021)</ref>.</p><p>When predicting the span, many start and end positions may be predicted. The rule to match them is very important, which will seriously affect the</p><p>The portions are small but being that the food was so good makes up for that.  performance of the model. The matching should consider the probability of start and end positions, as well as the relationship between the positions. The former represents the optimistic degree of the model for the position, and the latter is the judgment that the start and end positions of span are as close as possible; the priority of probability is higher. So, the overview of our span matching rule is: make each end position match the start position with the highest probability after the previous end position. If there is a start position with the same probability, select the one whose position is closest to the end position.</p></div>
<div xmlns="http://www.tei-c.org/ns/1.0"><head>Query</head></div>
<div xmlns="http://www.tei-c.org/ns/1.0"><head>BERT Encode</head></div>
<div xmlns="http://www.tei-c.org/ns/1.0"><head n="2.6">Probability Generation</head><p>Once the bidirectional queries and span matching are completed, the aspects, opinions and pairs with corresponding relationship are obtained. In BMRC, the probability product of the start and end positions is taken as the probability of the span, and the probability of pair is the probability product of aspect and opinion. In this way, the probability of pair decreases unilaterally and cannot well represent the prediction of the pair by the model. For example, the probability of the four positions of pair is 0.9, while the probability of pair is 0.9 4 = 0.6561, which seems not so reasonable.</p><p>By probability generation, we can effectively solve the problem of unilateral decrease in the probability of span and pair, so that their probability can better reflect the expectation of the model. The operations are shown in Equation 1 and 2, where we balance the probability of span and pair so that their probability is within the interval of the two related probabilities. It enables us to avoid the unilateral decrease of probability, but keep more appropriate to the expectation of the model. P (span) = P (span start ) * P (span end ) (1) P (pair) = P (pair asp ) * P (pair opi )</p><p>(2)  In the above equations, P ( ) represents the prediction probability of . The span represents an aspect or opinion, span start and span end represent its start and end positions. The pair represents an aspect-opinion pair, pair asp and pair opi represent the aspect and opinion in the pair. For the convenience of comparison, the calculation method of P (span start ) and P (span end ) is consistent with BMRC <ref type="bibr" target="#b1">(Chen et al., 2021)</ref>.</p><p>The effects of span matching and probability generation are shown in Figure <ref type="figure" target="#fig_2">4</ref>.</p></div>
<div xmlns="http://www.tei-c.org/ns/1.0"><head n="3">Experiment</head><p>In this section, we introduce information about the experiments, including datasets, evaluation metrics, baselines, experimental results, and ablation study.</p></div>
<div xmlns="http://www.tei-c.org/ns/1.0"><head n="3.1">Datasets</head><p>We evaluate the model performance on ASTE-Data-v1 <ref type="bibr" target="#b13">(Peng et al., 2020)</ref> and ASTE-Data-v2 <ref type="bibr" target="#b20">(Xu et al., 2020)</ref>, which are popular benchmark datasets for ASTE task. They are derived from Laptop14, Rest14, Rest15, and Rest16 of SemEval shared challenges <ref type="bibr" target="#b16">(Pontiki et al., 2014</ref><ref type="bibr" target="#b15">(Pontiki et al., , 2015</ref><ref type="bibr" target="#b14">(Pontiki et al., , 2016))</ref>. The ASTE-Data-v2 datasets are the refined data of the previous ASTE-Data-V1 datasets<ref type="foot" target="#foot_1">2</ref> .</p></div>
<div xmlns="http://www.tei-c.org/ns/1.0"><head n="3.2">Evaluation Metrics</head><p>We use precision (P), recall (R) and F1 scores as evaluation metrics to gauge the performance. A triplet prediction is correct only if the aspect, opinion and sentiment are predicted correctly.</p></div>
<div xmlns="http://www.tei-c.org/ns/1.0"><head n="3.3">Results</head><p>We focus on the ASTE task. The experimental results on ASTE-Data-v1 and ASTE-Data-v2 datasets are shown in Tables <ref type="table">1 and 2</ref>, respectively. In order to make a fair comparison with baselines, our F1 scores appear at least three times in the experiments.</p><p>It is worth noting that we have achieved state-ofthe-art performances on both ASTE-Data datasets, indicating that our improvements further advance the performance of BMRC in dealing with ASTE task. On the Laptop14, Rest14, Rest15, and Rest16 datasets of ASTE-Data-v1, the F1 scores of our model are increased by 2.97, 4.20, 5.61 and 5.52 respectively, compared with the original BMRC. As for ASTE-Data-v2, we also increase the F1 scores of the Strong baseline Span-ASTE <ref type="bibr" target="#b19">(Xu et al., 2021)</ref> by 2.74, 0.77, 2.36 and 2.90, respectively. This indicates that our improvement is very significant.</p></div><figure xmlns="http://www.tei-c.org/ns/1.0" xml:id="fig_0"><head>Figure 1 :</head><label>1</label><figDesc>Figure 1: The illustration of ASTE task.</figDesc></figure>
<figure xmlns="http://www.tei-c.org/ns/1.0" xml:id="fig_1"><head>Figure 3 :</head><label>3</label><figDesc>Figure 3: Exclusive classifiers for different queries.</figDesc></figure>
<figure xmlns="http://www.tei-c.org/ns/1.0" xml:id="fig_2"><head>Figure 4 :</head><label>4</label><figDesc>Figure 4: Span matching and probability generation architecture.</figDesc></figure>
<figure xmlns="http://www.tei-c.org/ns/1.0" type="table" xml:id="tab_0"><head></head><label></label><figDesc>What sentiment given the aspect portions and the opinion small ?</figDesc><table><row><cell>Input Review</cell><cell></cell><cell></cell><cell></cell><cell></cell></row><row><cell></cell><cell cols="2">Forward Query</cell><cell cols="3">Backward Query</cell></row><row><cell>Non-restrictive Extraction Query</cell><cell cols="2">𝑨→𝑶 N : What aspects? Answer: portions, food</cell><cell cols="3">N : What opinions? Query 𝑶→𝑨 Answer: small, good</cell></row><row><cell></cell><cell>Query 𝑨→𝑶,𝟏 R</cell><cell>: What opinions</cell><cell>Query O→𝑨,𝟏 R</cell><cell cols="2">: What aspects</cell></row><row><cell></cell><cell cols="2">given the aspect portions ?</cell><cell cols="3">given the opinion small ?</cell></row><row><cell>Restrictive</cell><cell cols="2">Answer: small</cell><cell cols="3">Answer: portions</cell></row><row><cell>Extraction Query</cell><cell>Query 𝑨→𝑶,𝟐 𝑹</cell><cell>: What opinions</cell><cell cols="2">Query O→A,𝟐 𝑹</cell><cell>: What aspects</cell></row><row><cell></cell><cell cols="2">given the aspect food ?</cell><cell cols="3">given the opinion good ?</cell></row><row><cell></cell><cell cols="2">Answer: good</cell><cell cols="3">Answer: food</cell></row><row><cell>Sentiment</cell><cell cols="2">Query 𝟏 𝑺 : Answer: negative</cell><cell></cell><cell></cell></row><row><cell>Classification</cell><cell></cell><cell></cell><cell></cell><cell></cell></row><row><cell>Query</cell><cell>Query 𝟐</cell><cell></cell><cell></cell><cell></cell></row><row><cell>Output Triplets</cell><cell></cell><cell></cell><cell></cell><cell></cell></row><row><cell></cell><cell cols="2">Figure 2: The BMRC framework.</cell><cell></cell><cell></cell></row></table><note>𝑺 : What sentiment given the aspect food and the opinion good ? Answer: positive {portions, small, negative} , {food, good, positive}</note></figure>
			<note xmlns="http://www.tei-c.org/ns/1.0" place="foot" n="1" xml:id="foot_0">We make our code publicly available at https:// github.com/ITKaven/RoBMRC</note>
			<note xmlns="http://www.tei-c.org/ns/1.0" place="foot" n="2" xml:id="foot_1">https://github.com/xuuuluuu/ SemEval-Triplet-data</note>
		</body>
		<back>

			<div type="acknowledgement">
<div xmlns="http://www.tei-c.org/ns/1.0"><head>Acknowledgements</head><p>This work was supported by the National Natural Science Foundation of China (No. 61902435 and 61702462), the Fundamental Research Funds for the Central Universities of Central South University, and the Scientific and Technological Project of Henan Province (No. 222102210010). We are grateful for resources from the High Performance Computing Center of Central South University.</p></div>
			</div>

			<div type="annex">
<div xmlns="http://www.tei-c.org/ns/1.0"><p>Peng-two-stage <ref type="bibr">(Peng et al., 2020) 44.18 62.99 51.89 40.40 47.24 43.50 40.97 54.68 46.79 46.76 62.97 53.62</ref> JET-BERT <ref type="bibr" target="#b20">(Xu et al., 2020</ref><ref type="bibr">) 67.97 60.32 63.92 58.47 43.67 50.00 58.35 51.43 54.67 64.77 61.29 62.98 Dual-MRC (Mao et al., 2021</ref><ref type="bibr">) 71.55 69.14 70.32 57.39 53.88 55.58 63.78 51.87 57.21 68.60 66.24 67.40 BMRC (Chen et al., 2021)</ref> 71 Table <ref type="table">3</ref>: The performance of our four improvements on the ASTE-Data-v2 datasets.</p></div>
<div xmlns="http://www.tei-c.org/ns/1.0"><head n="3.4">Ablation Experiments</head><p>Firstly, we experiment the model without improvement on the ASTE-Data-v2. The model is a reproduction based on BMRC, and then gradually superimposes the four improvements of word segmentation, exclusive classifiers, span matching and probability generation to conduct ablation experiment. This arrangement corresponds to the sequence before and after they contact the data, that is, the data will first pass through word segmentation and enter the model, the prediction value is obtained from the exclusive classifiers, and then span matching is carried out according to it. Finally, the probability generation is used to generate probabilistic representations of aspects, opinions and pairs. The datasets and various parameters of the five experiments are the same. In order to make a fair comparison with baselines, our F1 scores appear at least three times in the experiments. The ablation experimental results are shown in Table <ref type="table">3</ref>. Each improvement advances the performance of the model, demonstrating their advantages and effectiveness.</p></div>
<div xmlns="http://www.tei-c.org/ns/1.0"><head n="4">Conclusion</head><p>In this paper, we propose several improvements on the basis of BMRC for ASTE task, which can effectively deal with the complex correspondence among aspect, opinion and sentiment. In order to deal with the problems of the original BMRC, we add exclusive classifiers and three strategies, including word segmentation, span matching and probability generation. The proposed method is expected to handle complex ASTE task more efficiently. Extensive experiments are conducted to demonstrate the advantages of our improvements.</p></div>			</div>
			<div type="references">

				<listBibl>

<biblStruct xml:id="b0">
	<analytic>
		<title level="a" type="main">Recurrent attention network on memory for aspect sentiment analysis</title>
		<author>
			<persName><forename type="first">Peng</forename><surname>Chen</surname></persName>
		</author>
		<author>
			<persName><forename type="first">Zhongqian</forename><surname>Sun</surname></persName>
		</author>
		<author>
			<persName><forename type="first">Lidong</forename><surname>Bing</surname></persName>
		</author>
		<author>
			<persName><forename type="first">Wei</forename><surname>Yang</surname></persName>
		</author>
		<idno type="DOI">10.18653/v1/D17-1047</idno>
	</analytic>
	<monogr>
		<title level="m">Proceedings of the 2017 Conference on Empirical Methods in Natural Language Processing</title>
				<meeting>the 2017 Conference on Empirical Methods in Natural Language Processing<address><addrLine>Copenhagen, Denmark</addrLine></address></meeting>
		<imprint>
			<publisher>Association for Computational Linguistics</publisher>
			<date type="published" when="2017">2017</date>
			<biblScope unit="page" from="452" to="461" />
		</imprint>
	</monogr>
	<note type="raw_reference">Peng Chen, Zhongqian Sun, Lidong Bing, and Wei Yang. 2017. Recurrent attention network on mem- ory for aspect sentiment analysis. In Proceedings of the 2017 Conference on Empirical Methods in Nat- ural Language Processing, pages 452-461, Copen- hagen, Denmark. Association for Computational Linguistics.</note>
</biblStruct>

<biblStruct xml:id="b1">
	<analytic>
		<title level="a" type="main">Bidirectional machine reading comprehension for aspect sentiment triplet extraction</title>
		<author>
			<persName><forename type="first">Shaowei</forename><surname>Chen</surname></persName>
		</author>
		<author>
			<persName><forename type="first">Yu</forename><surname>Wang</surname></persName>
		</author>
		<author>
			<persName><forename type="first">Jie</forename><surname>Liu</surname></persName>
		</author>
		<author>
			<persName><forename type="first">Yuelin</forename><surname>Wang</surname></persName>
		</author>
	</analytic>
	<monogr>
		<title level="m">Proceedings of the AAAI Conference on Artificial Intelligence</title>
				<meeting>the AAAI Conference on Artificial Intelligence</meeting>
		<imprint>
			<date type="published" when="2021">2021</date>
			<biblScope unit="volume">35</biblScope>
			<biblScope unit="page" from="12666" to="12674" />
		</imprint>
	</monogr>
	<note type="raw_reference">Shaowei Chen, Yu Wang, Jie Liu, and Yuelin Wang. 2021. Bidirectional machine reading comprehen- sion for aspect sentiment triplet extraction. Pro- ceedings of the AAAI Conference on Artificial Intel- ligence, 35(14):12666-12674.</note>
</biblStruct>

<biblStruct xml:id="b2">
	<analytic>
		<title level="a" type="main">Relation-aware collaborative learning for unified aspect-based sentiment analysis</title>
		<author>
			<persName><forename type="first">Zhuang</forename><surname>Chen</surname></persName>
		</author>
		<author>
			<persName><forename type="first">Tieyun</forename><surname>Qian</surname></persName>
		</author>
		<idno type="DOI">10.18653/v1/2020.acl-main.340</idno>
	</analytic>
	<monogr>
		<title level="m">Proceedings of the 58th Annual Meeting of the Association for Computational Linguistics</title>
				<meeting>the 58th Annual Meeting of the Association for Computational Linguistics</meeting>
		<imprint>
			<publisher>Online. Association for Computational Linguistics</publisher>
			<date type="published" when="2020">2020</date>
			<biblScope unit="page" from="3685" to="3694" />
		</imprint>
	</monogr>
	<note type="raw_reference">Zhuang Chen and Tieyun Qian. 2020. Relation-aware collaborative learning for unified aspect-based sen- timent analysis. In Proceedings of the 58th Annual Meeting of the Association for Computational Lin- guistics, pages 3685-3694, Online. Association for Computational Linguistics.</note>
</biblStruct>

<biblStruct xml:id="b3">
	<analytic>
		<title level="a" type="main">BERT: Pre-training of deep bidirectional transformers for language understanding</title>
		<author>
			<persName><forename type="first">Jacob</forename><surname>Devlin</surname></persName>
		</author>
		<author>
			<persName><forename type="first">Ming-Wei</forename><surname>Chang</surname></persName>
		</author>
		<author>
			<persName><forename type="first">Kenton</forename><surname>Lee</surname></persName>
		</author>
		<author>
			<persName><forename type="first">Kristina</forename><surname>Toutanova</surname></persName>
		</author>
		<idno type="DOI">10.18653/v1/N19-1423</idno>
	</analytic>
	<monogr>
		<title level="m">Proceedings of the 2019 Conference of the North American Chapter of the Association for Computational Linguistics: Human Language Technologies</title>
		<title level="s">Long and Short Papers</title>
		<meeting>the 2019 Conference of the North American Chapter of the Association for Computational Linguistics: Human Language Technologies<address><addrLine>Minneapolis, Minnesota</addrLine></address></meeting>
		<imprint>
			<publisher>Association for Computational Linguistics</publisher>
			<date type="published" when="2019">2019</date>
			<biblScope unit="volume">1</biblScope>
			<biblScope unit="page" from="4171" to="4186" />
		</imprint>
	</monogr>
	<note type="raw_reference">Jacob Devlin, Ming-Wei Chang, Kenton Lee, and Kristina Toutanova. 2019. BERT: Pre-training of deep bidirectional transformers for language under- standing. In Proceedings of the 2019 Conference of the North American Chapter of the Association for Computational Linguistics: Human Language Technologies, Volume 1 (Long and Short Papers), pages 4171-4186, Minneapolis, Minnesota. Associ- ation for Computational Linguistics.</note>
</biblStruct>

<biblStruct xml:id="b4">
	<analytic>
		<title level="a" type="main">An interactive multi-task learning network for end-to-end aspect-based sentiment analysis</title>
		<author>
			<persName><forename type="first">Ruidan</forename><surname>He</surname></persName>
		</author>
		<author>
			<persName><forename type="first">Sun</forename><surname>Wee</surname></persName>
		</author>
		<author>
			<persName><forename type="first">Hwee</forename><forename type="middle">Tou</forename><surname>Lee</surname></persName>
		</author>
		<author>
			<persName><forename type="first">Daniel</forename><surname>Ng</surname></persName>
		</author>
		<author>
			<persName><surname>Dahlmeier</surname></persName>
		</author>
		<idno type="DOI">10.18653/v1/P19-1048</idno>
	</analytic>
	<monogr>
		<title level="m">Proceedings of the 57th Annual Meeting of the Association for Computational Linguistics</title>
				<meeting>the 57th Annual Meeting of the Association for Computational Linguistics<address><addrLine>Florence, Italy</addrLine></address></meeting>
		<imprint>
			<publisher>Association for Computational Linguistics</publisher>
			<date type="published" when="2019">2019</date>
			<biblScope unit="page" from="504" to="515" />
		</imprint>
	</monogr>
	<note type="raw_reference">Ruidan He, Wee Sun Lee, Hwee Tou Ng, and Daniel Dahlmeier. 2019. An interactive multi-task learn- ing network for end-to-end aspect-based sentiment analysis. In Proceedings of the 57th Annual Meet- ing of the Association for Computational Linguis- tics, pages 504-515, Florence, Italy. Association for Computational Linguistics.</note>
</biblStruct>

<biblStruct xml:id="b5">
	<analytic>
		<title level="a" type="main">Open-domain targeted sentiment analysis via span-based extraction and classification</title>
		<author>
			<persName><forename type="first">Minghao</forename><surname>Hu</surname></persName>
		</author>
		<author>
			<persName><forename type="first">Yuxing</forename><surname>Peng</surname></persName>
		</author>
		<author>
			<persName><forename type="first">Zhen</forename><surname>Huang</surname></persName>
		</author>
		<author>
			<persName><forename type="first">Dongsheng</forename><surname>Li</surname></persName>
		</author>
		<author>
			<persName><forename type="first">Yiwei</forename><surname>Lv</surname></persName>
		</author>
		<idno type="DOI">10.18653/v1/P19-1051</idno>
	</analytic>
	<monogr>
		<title level="m">Proceedings of the 57th Annual Meeting of the Association for Computational Linguistics</title>
				<meeting>the 57th Annual Meeting of the Association for Computational Linguistics<address><addrLine>Florence, Italy</addrLine></address></meeting>
		<imprint>
			<publisher>Association for Computational Linguistics</publisher>
			<date type="published" when="2019">2019</date>
			<biblScope unit="page" from="537" to="546" />
		</imprint>
	</monogr>
	<note type="raw_reference">Minghao Hu, Yuxing Peng, Zhen Huang, Dongsheng Li, and Yiwei Lv. 2019. Open-domain targeted sen- timent analysis via span-based extraction and classi- fication. In Proceedings of the 57th Annual Meet- ing of the Association for Computational Linguis- tics, pages 537-546, Florence, Italy. Association for Computational Linguistics.</note>
</biblStruct>

<biblStruct xml:id="b6">
	<analytic>
		<title level="a" type="main">Mining and summarizing customer reviews</title>
		<author>
			<persName><forename type="first">Minqing</forename><surname>Hu</surname></persName>
		</author>
		<author>
			<persName><forename type="first">Bing</forename><surname>Liu</surname></persName>
		</author>
		<idno type="DOI">10.1145/1014052.1014073</idno>
	</analytic>
	<monogr>
		<title level="m">Proceedings of the Tenth ACM SIGKDD International Conference on Knowledge Discovery and Data Mining</title>
				<meeting>the Tenth ACM SIGKDD International Conference on Knowledge Discovery and Data Mining<address><addrLine>Seattle, Washington, USA</addrLine></address></meeting>
		<imprint>
			<publisher>ACM</publisher>
			<date type="published" when="2004-08-22">2004. August 22-25, 2004</date>
			<biblScope unit="page" from="168" to="177" />
		</imprint>
	</monogr>
	<note type="raw_reference">Minqing Hu and Bing Liu. 2004. Mining and summa- rizing customer reviews. In Proceedings of the Tenth ACM SIGKDD International Conference on Knowl- edge Discovery and Data Mining, Seattle, Wash- ington, USA, August 22-25, 2004, pages 168-177. ACM.</note>
</biblStruct>

<biblStruct xml:id="b7">
	<analytic>
		<title level="a" type="main">A challenge dataset and effective models for aspect-based sentiment analysis</title>
		<author>
			<persName><forename type="first">Qingnan</forename><surname>Jiang</surname></persName>
		</author>
		<author>
			<persName><forename type="first">Lei</forename><surname>Chen</surname></persName>
		</author>
		<author>
			<persName><forename type="first">Ruifeng</forename><surname>Xu</surname></persName>
		</author>
		<author>
			<persName><forename type="first">Xiang</forename><surname>Ao</surname></persName>
		</author>
		<author>
			<persName><forename type="first">Min</forename><surname>Yang</surname></persName>
		</author>
		<idno type="DOI">10.18653/v1/D19-1654</idno>
	</analytic>
	<monogr>
		<title level="m">Proceedings of the 2019 Conference on Empirical Methods in Natural Language Processing and the 9th International Joint Conference on Natural Language Processing (EMNLP-IJCNLP)</title>
				<meeting>the 2019 Conference on Empirical Methods in Natural Language Processing and the 9th International Joint Conference on Natural Language Processing (EMNLP-IJCNLP)<address><addrLine>Hong Kong, China</addrLine></address></meeting>
		<imprint>
			<publisher>Association for Computational Linguistics</publisher>
			<date type="published" when="2019">2019</date>
			<biblScope unit="page" from="6280" to="6285" />
		</imprint>
	</monogr>
	<note type="raw_reference">Qingnan Jiang, Lei Chen, Ruifeng Xu, Xiang Ao, and Min Yang. 2019. A challenge dataset and effec- tive models for aspect-based sentiment analysis. In Proceedings of the 2019 Conference on Empirical Methods in Natural Language Processing and the 9th International Joint Conference on Natural Lan- guage Processing (EMNLP-IJCNLP), pages 6280- 6285, Hong Kong, China. Association for Computa- tional Linguistics.</note>
</biblStruct>

<biblStruct xml:id="b8">
	<analytic>
		<title level="a" type="main">Aspect term extraction with history attention and selective transformation</title>
		<author>
			<persName><forename type="first">Xin</forename><surname>Li</surname></persName>
		</author>
		<author>
			<persName><forename type="first">Lidong</forename><surname>Bing</surname></persName>
		</author>
		<author>
			<persName><forename type="first">Piji</forename><surname>Li</surname></persName>
		</author>
		<author>
			<persName><forename type="first">Wai</forename><surname>Lam</surname></persName>
		</author>
		<author>
			<persName><forename type="first">Zhimou</forename><surname>Yang</surname></persName>
		</author>
		<idno type="DOI">10.24963/ijcai.2018/583</idno>
	</analytic>
	<monogr>
		<title level="m">Proceedings of the Twenty-Seventh International Joint Conference on Artificial Intelligence, IJCAI-18</title>
				<meeting>the Twenty-Seventh International Joint Conference on Artificial Intelligence, IJCAI-18</meeting>
		<imprint>
			<date type="published" when="2018">2018</date>
			<biblScope unit="page" from="4194" to="4200" />
		</imprint>
	</monogr>
	<note>International Joint Conferences on Artificial Intelligence Organization</note>
	<note type="raw_reference">Xin Li, Lidong Bing, Piji Li, Wai Lam, and Zhimou Yang. 2018. Aspect term extraction with history attention and selective transformation. In Proceed- ings of the Twenty-Seventh International Joint Con- ference on Artificial Intelligence, IJCAI-18, pages 4194-4200. International Joint Conferences on Ar- tificial Intelligence Organization.</note>
</biblStruct>

<biblStruct xml:id="b9">
	<analytic>
		<title level="a" type="main">Finegrained opinion mining with recurrent neural networks and word embeddings</title>
		<author>
			<persName><forename type="first">Pengfei</forename><surname>Liu</surname></persName>
		</author>
		<author>
			<persName><forename type="first">Shafiq</forename><surname>Joty</surname></persName>
		</author>
		<author>
			<persName><forename type="first">Helen</forename><surname>Meng</surname></persName>
		</author>
		<idno type="DOI">10.18653/v1/D15-1168</idno>
	</analytic>
	<monogr>
		<title level="m">Proceedings of the 2015 Conference on Empirical Methods in Natural Language Processing</title>
				<meeting>the 2015 Conference on Empirical Methods in Natural Language Processing<address><addrLine>Lisbon</addrLine></address></meeting>
		<imprint>
			<publisher>Portugal. Association for Computational Linguistics</publisher>
			<date type="published" when="2015">2015</date>
			<biblScope unit="page" from="1433" to="1443" />
		</imprint>
	</monogr>
	<note type="raw_reference">Pengfei Liu, Shafiq Joty, and Helen Meng. 2015. Fine- grained opinion mining with recurrent neural net- works and word embeddings. In Proceedings of the 2015 Conference on Empirical Methods in Nat- ural Language Processing, pages 1433-1443, Lis- bon, Portugal. Association for Computational Lin- guistics.</note>
</biblStruct>

<biblStruct xml:id="b10">
	<analytic>
		<title level="a" type="main">DOER: Dual cross-shared RNN for aspect term-polarity co-extraction</title>
		<author>
			<persName><forename type="first">Huaishao</forename><surname>Luo</surname></persName>
		</author>
		<author>
			<persName><forename type="first">Tianrui</forename><surname>Li</surname></persName>
		</author>
		<author>
			<persName><forename type="first">Bing</forename><surname>Liu</surname></persName>
		</author>
		<author>
			<persName><forename type="first">Junbo</forename><surname>Zhang</surname></persName>
		</author>
		<idno type="DOI">10.18653/v1/P19-1056</idno>
	</analytic>
	<monogr>
		<title level="m">Proceedings of the 57th Annual Meeting of the Association for Computational Linguistics</title>
				<meeting>the 57th Annual Meeting of the Association for Computational Linguistics<address><addrLine>Florence, Italy</addrLine></address></meeting>
		<imprint>
			<publisher>Association for Computational Linguistics</publisher>
			<date type="published" when="2019">2019</date>
			<biblScope unit="page" from="591" to="601" />
		</imprint>
	</monogr>
	<note type="raw_reference">Huaishao Luo, Tianrui Li, Bing Liu, and Junbo Zhang. 2019. DOER: Dual cross-shared RNN for aspect term-polarity co-extraction. In Proceedings of the 57th Annual Meeting of the Association for Compu- tational Linguistics, pages 591-601, Florence, Italy. Association for Computational Linguistics.</note>
</biblStruct>

<biblStruct xml:id="b11">
	<analytic>
		<title level="a" type="main">Exploring sequence-tosequence learning in aspect term extraction</title>
		<author>
			<persName><forename type="first">Dehong</forename><surname>Ma</surname></persName>
		</author>
		<author>
			<persName><forename type="first">Sujian</forename><surname>Li</surname></persName>
		</author>
		<author>
			<persName><forename type="first">Fangzhao</forename><surname>Wu</surname></persName>
		</author>
		<author>
			<persName><forename type="first">Xing</forename><surname>Xie</surname></persName>
		</author>
		<author>
			<persName><forename type="first">Houfeng</forename><surname>Wang</surname></persName>
		</author>
		<idno type="DOI">10.18653/v1/P19-1344</idno>
	</analytic>
	<monogr>
		<title level="m">Proceedings of the 57th Annual Meeting of the Association for Computational Linguistics</title>
				<meeting>the 57th Annual Meeting of the Association for Computational Linguistics<address><addrLine>Florence, Italy</addrLine></address></meeting>
		<imprint>
			<publisher>Association for Computational Linguistics</publisher>
			<date type="published" when="2019">2019</date>
			<biblScope unit="page" from="3538" to="3547" />
		</imprint>
	</monogr>
	<note type="raw_reference">Dehong Ma, Sujian Li, Fangzhao Wu, Xing Xie, and Houfeng Wang. 2019. Exploring sequence-to- sequence learning in aspect term extraction. In Pro- ceedings of the 57th Annual Meeting of the Asso- ciation for Computational Linguistics, pages 3538- 3547, Florence, Italy. Association for Computa- tional Linguistics.</note>
</biblStruct>

<biblStruct xml:id="b12">
	<analytic>
		<title level="a" type="main">A joint training dual-mrc framework for aspect based sentiment analysis</title>
		<author>
			<persName><forename type="first">Yue</forename><surname>Mao</surname></persName>
		</author>
		<author>
			<persName><forename type="first">Yi</forename><surname>Shen</surname></persName>
		</author>
		<author>
			<persName><forename type="first">Chao</forename><surname>Yu</surname></persName>
		</author>
		<author>
			<persName><forename type="first">Longjun</forename><surname>Cai</surname></persName>
		</author>
	</analytic>
	<monogr>
		<title level="m">Proceedings of the AAAI Conference on Artificial Intelligence</title>
				<meeting>the AAAI Conference on Artificial Intelligence</meeting>
		<imprint>
			<date type="published" when="2021">2021</date>
			<biblScope unit="volume">35</biblScope>
			<biblScope unit="page" from="13543" to="13551" />
		</imprint>
	</monogr>
	<note type="raw_reference">Yue Mao, Yi Shen, Chao Yu, and Longjun Cai. 2021. A joint training dual-mrc framework for aspect based sentiment analysis. Proceedings of the AAAI Conference on Artificial Intelligence, 35(15):13543- 13551.</note>
</biblStruct>

<biblStruct xml:id="b13">
	<analytic>
		<title level="a" type="main">Knowing what, how and why: A near complete solution for aspect-based sentiment analysis</title>
		<author>
			<persName><forename type="first">Haiyun</forename><surname>Peng</surname></persName>
		</author>
		<author>
			<persName><forename type="first">Lu</forename><surname>Xu</surname></persName>
		</author>
		<author>
			<persName><forename type="first">Lidong</forename><surname>Bing</surname></persName>
		</author>
		<author>
			<persName><forename type="first">Fei</forename><surname>Huang</surname></persName>
		</author>
		<author>
			<persName><forename type="first">Wei</forename><surname>Lu</surname></persName>
		</author>
		<author>
			<persName><forename type="first">Luo</forename><surname>Si</surname></persName>
		</author>
		<idno type="DOI">10.1609/aaai.v34i05.6383</idno>
	</analytic>
	<monogr>
		<title level="m">Proceedings of the AAAI Conference on Artificial Intelligence</title>
				<meeting>the AAAI Conference on Artificial Intelligence</meeting>
		<imprint>
			<date type="published" when="2020">2020</date>
			<biblScope unit="volume">34</biblScope>
			<biblScope unit="page" from="8600" to="8607" />
		</imprint>
	</monogr>
	<note type="raw_reference">Haiyun Peng, Lu Xu, Lidong Bing, Fei Huang, Wei Lu, and Luo Si. 2020. Knowing what, how and why: A near complete solution for aspect-based sentiment analysis. Proceedings of the AAAI Conference on Artificial Intelligence, 34(05):8600-8607.</note>
</biblStruct>

<biblStruct xml:id="b14">
	<analytic>
		<title level="a" type="main">SemEval-2016 task 5: Aspect based sentiment analysis</title>
		<author>
			<persName><forename type="first">Maria</forename><surname>Pontiki</surname></persName>
		</author>
		<author>
			<persName><forename type="first">Dimitris</forename><surname>Galanis</surname></persName>
		</author>
		<author>
			<persName><forename type="first">Haris</forename><surname>Papageorgiou</surname></persName>
		</author>
		<author>
			<persName><forename type="first">Ion</forename><surname>Androutsopoulos</surname></persName>
		</author>
		<author>
			<persName><forename type="first">Suresh</forename><surname>Manandhar</surname></persName>
		</author>
		<author>
			<persName><forename type="first">Al-Smadi</forename><surname>Mohammad</surname></persName>
		</author>
		<author>
			<persName><forename type="first">Mahmoud</forename><surname>Al-Ayyoub</surname></persName>
		</author>
		<author>
			<persName><forename type="first">Yanyan</forename><surname>Zhao</surname></persName>
		</author>
		<author>
			<persName><forename type="first">Bing</forename><surname>Qin</surname></persName>
		</author>
		<author>
			<persName><forename type="first">Orphée</forename><surname>De Clercq</surname></persName>
		</author>
		<author>
			<persName><forename type="first">Véronique</forename><surname>Hoste</surname></persName>
		</author>
		<author>
			<persName><forename type="first">Marianna</forename><surname>Apidianaki</surname></persName>
		</author>
		<author>
			<persName><forename type="first">Xavier</forename><surname>Tannier</surname></persName>
		</author>
		<author>
			<persName><forename type="first">Natalia</forename><surname>Loukachevitch</surname></persName>
		</author>
		<author>
			<persName><forename type="first">Evgeniy</forename><surname>Kotelnikov</surname></persName>
		</author>
		<author>
			<persName><forename type="first">Nuria</forename><surname>Bel</surname></persName>
		</author>
		<idno type="DOI">10.18653/v1/S16-1002</idno>
	</analytic>
	<monogr>
		<title level="m">Proceedings of the 10th International Workshop on Semantic Evaluation (SemEval-2016)</title>
				<meeting>the 10th International Workshop on Semantic Evaluation (SemEval-2016)<address><addrLine>San Diego, California</addrLine></address></meeting>
		<imprint>
			<publisher>Association for Computational Linguistics</publisher>
			<date type="published" when="2016">2016</date>
			<biblScope unit="page" from="19" to="30" />
		</imprint>
	</monogr>
	<note>Salud María Jiménez-Zafra, and Gülşen Eryigit</note>
	<note type="raw_reference">Maria Pontiki, Dimitris Galanis, Haris Papageorgiou, Ion Androutsopoulos, Suresh Manandhar, Moham- mad AL-Smadi, Mahmoud Al-Ayyoub, Yanyan Zhao, Bing Qin, Orphée De Clercq, Véronique Hoste, Marianna Apidianaki, Xavier Tannier, Na- talia Loukachevitch, Evgeniy Kotelnikov, Nuria Bel, Salud María Jiménez-Zafra, and Gülşen Eryigit. 2016. SemEval-2016 task 5: Aspect based senti- ment analysis. In Proceedings of the 10th Interna- tional Workshop on Semantic Evaluation (SemEval- 2016), pages 19-30, San Diego, California. Associa- tion for Computational Linguistics.</note>
</biblStruct>

<biblStruct xml:id="b15">
	<analytic>
		<title level="a" type="main">SemEval-2015 task 12: Aspect based sentiment analysis</title>
		<author>
			<persName><forename type="first">Maria</forename><surname>Pontiki</surname></persName>
		</author>
		<author>
			<persName><forename type="first">Dimitris</forename><surname>Galanis</surname></persName>
		</author>
		<author>
			<persName><forename type="first">Haris</forename><surname>Papageorgiou</surname></persName>
		</author>
		<idno type="DOI">10.18653/v1/S15-2082</idno>
	</analytic>
	<monogr>
		<title level="m">Proceedings of the 9th International Workshop on Semantic Evaluation</title>
				<meeting>the 9th International Workshop on Semantic Evaluation<address><addrLine>Denver, Colorado</addrLine></address></meeting>
		<imprint>
			<publisher>Association for Computational Linguistics</publisher>
			<date type="published" when="2015">2015. SemEval 2015</date>
			<biblScope unit="page" from="486" to="495" />
		</imprint>
	</monogr>
	<note>Suresh Manandhar, and Ion Androutsopoulos</note>
	<note type="raw_reference">Maria Pontiki, Dimitris Galanis, Haris Papageorgiou, Suresh Manandhar, and Ion Androutsopoulos. 2015. SemEval-2015 task 12: Aspect based sentiment analysis. In Proceedings of the 9th International Workshop on Semantic Evaluation (SemEval 2015), pages 486-495, Denver, Colorado. Association for Computational Linguistics.</note>
</biblStruct>

<biblStruct xml:id="b16">
	<analytic>
		<title level="a" type="main">SemEval-2014 task 4: Aspect based sentiment analysis</title>
		<author>
			<persName><forename type="first">Maria</forename><surname>Pontiki</surname></persName>
		</author>
		<author>
			<persName><forename type="first">Dimitris</forename><surname>Galanis</surname></persName>
		</author>
		<author>
			<persName><forename type="first">John</forename><surname>Pavlopoulos</surname></persName>
		</author>
		<author>
			<persName><forename type="first">Harris</forename><surname>Papageorgiou</surname></persName>
		</author>
		<idno type="DOI">10.3115/v1/S14-2004</idno>
	</analytic>
	<monogr>
		<title level="m">Proceedings of the 8th International Workshop on Semantic Evaluation</title>
				<meeting>the 8th International Workshop on Semantic Evaluation<address><addrLine>Dublin, Ireland</addrLine></address></meeting>
		<imprint>
			<publisher>Association for Computational Linguistics</publisher>
			<date type="published" when="2014">2014. SemEval 2014</date>
			<biblScope unit="page" from="27" to="35" />
		</imprint>
	</monogr>
	<note>Ion Androutsopoulos, and Suresh Manandhar</note>
	<note type="raw_reference">Maria Pontiki, Dimitris Galanis, John Pavlopoulos, Harris Papageorgiou, Ion Androutsopoulos, and Suresh Manandhar. 2014. SemEval-2014 task 4: As- pect based sentiment analysis. In Proceedings of the 8th International Workshop on Semantic Evaluation (SemEval 2014), pages 27-35, Dublin, Ireland. As- sociation for Computational Linguistics.</note>
</biblStruct>

<biblStruct xml:id="b17">
	<analytic>
		<title level="a" type="main">Attention-based LSTM for aspectlevel sentiment classification</title>
		<author>
			<persName><forename type="first">Yequan</forename><surname>Wang</surname></persName>
		</author>
		<author>
			<persName><forename type="first">Minlie</forename><surname>Huang</surname></persName>
		</author>
		<author>
			<persName><forename type="first">Xiaoyan</forename><surname>Zhu</surname></persName>
		</author>
		<author>
			<persName><forename type="first">Li</forename><surname>Zhao</surname></persName>
		</author>
		<idno type="DOI">10.18653/v1/D16-1058</idno>
	</analytic>
	<monogr>
		<title level="m">Proceedings of the 2016 Conference on Empirical Methods in Natural Language Processing</title>
				<meeting>the 2016 Conference on Empirical Methods in Natural Language Processing<address><addrLine>Austin, Texas</addrLine></address></meeting>
		<imprint>
			<publisher>Association for Computational Linguistics</publisher>
			<date type="published" when="2016">2016</date>
			<biblScope unit="page" from="606" to="615" />
		</imprint>
	</monogr>
	<note type="raw_reference">Yequan Wang, Minlie Huang, Xiaoyan Zhu, and Li Zhao. 2016. Attention-based LSTM for aspect- level sentiment classification. In Proceedings of the 2016 Conference on Empirical Methods in Nat- ural Language Processing, pages 606-615, Austin, Texas. Association for Computational Linguistics.</note>
</biblStruct>

<biblStruct xml:id="b18">
	<analytic>
		<title level="a" type="main">Learn from syntax: Improving pair-wise aspect and opinion terms extraction with rich syntactic knowledge</title>
		<author>
			<persName><forename type="first">Shengqiong</forename><surname>Wu</surname></persName>
		</author>
		<author>
			<persName><forename type="first">Hao</forename><surname>Fei</surname></persName>
		</author>
		<author>
			<persName><forename type="first">Yafeng</forename><surname>Ren</surname></persName>
		</author>
		<author>
			<persName><forename type="first">Donghong</forename><surname>Ji</surname></persName>
		</author>
		<author>
			<persName><forename type="first">Jingye</forename><surname>Li</surname></persName>
		</author>
	</analytic>
	<monogr>
		<title level="m">Proceedings of the Thirtieth International Joint Conference on Artificial Intelligence, IJCAI-21</title>
				<meeting>the Thirtieth International Joint Conference on Artificial Intelligence, IJCAI-21</meeting>
		<imprint>
			<date type="published" when="2021">2021</date>
			<biblScope unit="page" from="3957" to="3963" />
		</imprint>
	</monogr>
	<note type="raw_reference">Shengqiong Wu, Hao Fei, Yafeng Ren, Donghong Ji, and Jingye Li. 2021. Learn from syntax: Improv- ing pair-wise aspect and opinion terms extraction with rich syntactic knowledge. In Proceedings of the Thirtieth International Joint Conference on Artifi- cial Intelligence, IJCAI-21, pages 3957-3963. Inter- national Joint Conferences on Artificial Intelligence Organization. Main Track.</note>
</biblStruct>

<biblStruct xml:id="b19">
	<analytic>
		<title level="a" type="main">Learning span-level interactions for aspect sentiment triplet extraction</title>
		<author>
			<persName><forename type="first">Lu</forename><surname>Xu</surname></persName>
		</author>
		<author>
			<persName><forename type="first">Yew</forename></persName>
		</author>
		<author>
			<persName><forename type="first">Ken</forename><surname>Chia</surname></persName>
		</author>
		<author>
			<persName><forename type="first">Lidong</forename><surname>Bing</surname></persName>
		</author>
		<idno type="DOI">10.18653/v1/2021.acl-long.367</idno>
	</analytic>
	<monogr>
		<title level="m">Proceedings of the 59th Annual Meeting of the Association for Computational Linguistics and the 11th International Joint Conference on Natural Language Processing</title>
		<title level="s">Long Papers</title>
		<meeting>the 59th Annual Meeting of the Association for Computational Linguistics and the 11th International Joint Conference on Natural Language Processing</meeting>
		<imprint>
			<date type="published" when="2021">2021</date>
			<biblScope unit="page" from="4755" to="4766" />
		</imprint>
	</monogr>
	<note type="raw_reference">Lu Xu, Yew Ken Chia, and Lidong Bing. 2021. Learning span-level interactions for aspect senti- ment triplet extraction. In Proceedings of the 59th Annual Meeting of the Association for Computa- tional Linguistics and the 11th International Joint Conference on Natural Language Processing (Vol- ume 1: Long Papers), pages 4755-4766, Online. As- sociation for Computational Linguistics.</note>
</biblStruct>

<biblStruct xml:id="b20">
	<analytic>
		<title level="a" type="main">Position-aware tagging for aspect sentiment triplet extraction</title>
		<author>
			<persName><forename type="first">Lu</forename><surname>Xu</surname></persName>
		</author>
		<author>
			<persName><forename type="first">Hao</forename><surname>Li</surname></persName>
		</author>
		<author>
			<persName><forename type="first">Wei</forename><surname>Lu</surname></persName>
		</author>
		<author>
			<persName><forename type="first">Lidong</forename><surname>Bing</surname></persName>
		</author>
		<idno type="DOI">10.18653/v1/2020.emnlp-main.183</idno>
	</analytic>
	<monogr>
		<title level="m">Proceedings of the 2020 Conference on Empirical Methods in Natural Language Processing (EMNLP)</title>
				<meeting>the 2020 Conference on Empirical Methods in Natural Language Processing (EMNLP)</meeting>
		<imprint>
			<publisher>Online. Association for Computational Linguistics</publisher>
			<date type="published" when="2020">2020</date>
			<biblScope unit="page" from="2339" to="2349" />
		</imprint>
	</monogr>
	<note type="raw_reference">Lu Xu, Hao Li, Wei Lu, and Lidong Bing. 2020. Position-aware tagging for aspect sentiment triplet extraction. In Proceedings of the 2020 Conference on Empirical Methods in Natural Language Process- ing (EMNLP), pages 2339-2349, Online. Associa- tion for Computational Linguistics.</note>
</biblStruct>

<biblStruct xml:id="b21">
	<analytic>
		<title level="a" type="main">A unified generative framework for aspect-based sentiment analysis</title>
		<author>
			<persName><forename type="first">Hang</forename><surname>Yan</surname></persName>
		</author>
		<author>
			<persName><forename type="first">Junqi</forename><surname>Dai</surname></persName>
		</author>
		<author>
			<persName><forename type="first">Tuo</forename><surname>Ji</surname></persName>
		</author>
		<author>
			<persName><forename type="first">Xipeng</forename><surname>Qiu</surname></persName>
		</author>
		<author>
			<persName><forename type="first">Zheng</forename><surname>Zhang</surname></persName>
		</author>
		<idno type="DOI">10.18653/v1/2021.acl-long.188</idno>
	</analytic>
	<monogr>
		<title level="m">Proceedings of the 59th Annual Meeting of the Association for Computational Linguistics and the 11th International Joint Conference on Natural Language Processing</title>
		<title level="s">Long Papers</title>
		<meeting>the 59th Annual Meeting of the Association for Computational Linguistics and the 11th International Joint Conference on Natural Language Processing</meeting>
		<imprint>
			<publisher>Online. Association for Computational Linguistics</publisher>
			<date type="published" when="2021">2021</date>
			<biblScope unit="volume">1</biblScope>
			<biblScope unit="page" from="2416" to="2429" />
		</imprint>
	</monogr>
	<note type="raw_reference">Hang Yan, Junqi Dai, Tuo Ji, Xipeng Qiu, and Zheng Zhang. 2021. A unified generative framework for aspect-based sentiment analysis. In Proceedings of the 59th Annual Meeting of the Association for Com- putational Linguistics and the 11th International Joint Conference on Natural Language Processing (Volume 1: Long Papers), pages 2416-2429, Online. Association for Computational Linguistics.</note>
</biblStruct>

<biblStruct xml:id="b22">
	<analytic>
		<title level="a" type="main">Unsupervised word and dependency path embeddings for aspect term extraction</title>
		<author>
			<persName><forename type="first">Yichun</forename><surname>Yin</surname></persName>
		</author>
		<author>
			<persName><forename type="first">Furu</forename><surname>Wei</surname></persName>
		</author>
		<author>
			<persName><forename type="first">Li</forename><surname>Dong</surname></persName>
		</author>
		<author>
			<persName><forename type="first">Kaimeng</forename><surname>Xu</surname></persName>
		</author>
		<author>
			<persName><forename type="first">Ming</forename><surname>Zhang</surname></persName>
		</author>
		<author>
			<persName><forename type="first">Ming</forename><surname>Zhou</surname></persName>
		</author>
	</analytic>
	<monogr>
		<title level="m">Proceedings of the Twenty-Fifth International Joint Conference on Artificial Intelligence, IJCAI 2016</title>
				<meeting>the Twenty-Fifth International Joint Conference on Artificial Intelligence, IJCAI 2016<address><addrLine>New York, NY, USA</addrLine></address></meeting>
		<imprint>
			<publisher>IJCAI/AAAI Press</publisher>
			<date type="published" when="2016-07">2016. 9-15 July 2016</date>
			<biblScope unit="page" from="2979" to="2985" />
		</imprint>
	</monogr>
	<note type="raw_reference">Yichun Yin, Furu Wei, Li Dong, Kaimeng Xu, Ming Zhang, and Ming Zhou. 2016. Unsupervised word and dependency path embeddings for aspect term ex- traction. In Proceedings of the Twenty-Fifth Inter- national Joint Conference on Artificial Intelligence, IJCAI 2016, New York, NY, USA, 9-15 July 2016, pages 2979-2985. IJCAI/AAAI Press.</note>
</biblStruct>

<biblStruct xml:id="b23">
	<analytic>
		<title level="a" type="main">Convolution over hierarchical syntactic and lexical graphs for aspect level sentiment analysis</title>
		<author>
			<persName><forename type="first">Mi</forename><surname>Zhang</surname></persName>
		</author>
		<author>
			<persName><forename type="first">Tieyun</forename><surname>Qian</surname></persName>
		</author>
		<idno type="DOI">10.18653/v1/2020.emnlp-main.286</idno>
	</analytic>
	<monogr>
		<title level="m">Proceedings of the 2020 Conference on Empirical Methods in Natural Language Processing (EMNLP)</title>
				<meeting>the 2020 Conference on Empirical Methods in Natural Language Processing (EMNLP)</meeting>
		<imprint>
			<publisher>Association for Computational Linguistics</publisher>
			<date type="published" when="2020">2020</date>
			<biblScope unit="page" from="3540" to="3549" />
		</imprint>
	</monogr>
	<note type="raw_reference">Mi Zhang and Tieyun Qian. 2020. Convolution over hierarchical syntactic and lexical graphs for aspect level sentiment analysis. In Proceedings of the 2020 Conference on Empirical Methods in Natural Lan- guage Processing (EMNLP), pages 3540-3549, On- line. Association for Computational Linguistics.</note>
</biblStruct>

<biblStruct xml:id="b24">
	<analytic>
		<title level="a" type="main">SpanMlt: A span-based multi-task learning framework for pair-wise aspect and opinion terms extraction</title>
		<author>
			<persName><forename type="first">He</forename><surname>Zhao</surname></persName>
		</author>
		<author>
			<persName><forename type="first">Longtao</forename><surname>Huang</surname></persName>
		</author>
		<author>
			<persName><forename type="first">Rong</forename><surname>Zhang</surname></persName>
		</author>
		<author>
			<persName><forename type="first">Quan</forename><surname>Lu</surname></persName>
		</author>
		<author>
			<persName><forename type="first">Hui</forename><surname>Xue</surname></persName>
		</author>
		<idno type="DOI">10.18653/v1/2020.acl-main.296</idno>
	</analytic>
	<monogr>
		<title level="m">Proceedings of the 58th Annual Meeting of the Association for Computational Linguistics</title>
				<meeting>the 58th Annual Meeting of the Association for Computational Linguistics</meeting>
		<imprint>
			<publisher>Online. Association for Computational Linguistics</publisher>
			<date type="published" when="2020">2020</date>
			<biblScope unit="page" from="3239" to="3248" />
		</imprint>
	</monogr>
	<note type="raw_reference">He Zhao, Longtao Huang, Rong Zhang, Quan Lu, and Hui Xue. 2020. SpanMlt: A span-based multi-task learning framework for pair-wise aspect and opinion terms extraction. In Proceedings of the 58th Annual Meeting of the Association for Computational Lin- guistics, pages 3239-3248, Online. Association for Computational Linguistics.</note>
</biblStruct>

				</listBibl>
			</div>
		</back>
	</text>
</TEI>
