<?xml version="1.0" encoding="UTF-8"?>
<TEI xml:space="preserve" xmlns="http://www.tei-c.org/ns/1.0" 
xmlns:xsi="http://www.w3.org/2001/XMLSchema-instance" 
xsi:schemaLocation="http://www.tei-c.org/ns/1.0 https://raw.githubusercontent.com/kermitt2/grobid/master/grobid-home/schemas/xsd/Grobid.xsd"
 xmlns:xlink="http://www.w3.org/1999/xlink">
	<teiHeader xml:lang="en">
		<fileDesc>
			<titleStmt>
				<title level="a" type="main">Unsupervised Paraphrasability Prediction for Compound Nominalizations</title>
			</titleStmt>
			<publicationStmt>
				<publisher/>
				<availability status="unknown"><licence/></availability>
			</publicationStmt>
			<sourceDesc>
				<biblStruct>
					<analytic>
						<author>
							<persName><forename type="first">John</forename><forename type="middle">S Y</forename><surname>Lee</surname></persName>
							<email>jsylee@cityu.edu.hk</email>
							<affiliation key="aff0">
								<orgName type="department">Department of Linguistics</orgName>
								<orgName type="institution">Translation City University of Hong Kong Hong Kong SAR</orgName>
								<address>
									<country key="CN">China</country>
								</address>
							</affiliation>
						</author>
						<author>
							<persName><forename type="first">Ho</forename><forename type="middle">Hung</forename><surname>Lim</surname></persName>
							<email>hhlim3@cityu.edu.hk</email>
							<affiliation key="aff0">
								<orgName type="department">Department of Linguistics</orgName>
								<orgName type="institution">Translation City University of Hong Kong Hong Kong SAR</orgName>
								<address>
									<country key="CN">China</country>
								</address>
							</affiliation>
						</author>
						<author>
							<persName><forename type="first">Carol</forename><surname>Webster</surname></persName>
							<email>carol.webster@cpce-polyu.edu.hk</email>
							<affiliation key="aff1">
								<orgName type="department">College of Professional and Continuing Education</orgName>
								<orgName type="institution">The Hong Kong Polytechnic University Hong Kong SAR</orgName>
								<address>
									<country key="CN">China</country>
								</address>
							</affiliation>
						</author>
						<title level="a" type="main">Unsupervised Paraphrasability Prediction for Compound Nominalizations</title>
					</analytic>
					<monogr>
						<imprint>
							<date/>
						</imprint>
					</monogr>
					<idno type="MD5">957F7E52E33EC24ADDB962D36DED4D58</idno>
				</biblStruct>
			</sourceDesc>
		</fileDesc>
		<encodingDesc>
			<appInfo>
				<application version="0.7.3-SNAPSHOT" ident="GROBID" when="2023-01-12T09:09+0000">
					<desc>GROBID - A machine learning software for extracting information from scholarly documents</desc>
					<ref target="https://github.com/kermitt2/grobid"/>
				</application>
			</appInfo>
		</encodingDesc>
		<profileDesc>
			<abstract>
<div xmlns="http://www.tei-c.org/ns/1.0"><p>Commonly found in academic and formal texts, a nominalization uses a deverbal noun to describe an event associated with its corresponding verb. Nominalizations can be difficult to interpret because of ambiguous semantic relations between the deverbal noun and its arguments. Automatic generation of clausal paraphrases for nominalizations can help disambiguate their meaning. However, previous work has not identified cases where it is awkward or impossible to paraphrase a compound nominalization. This paper investigates unsupervised prediction of paraphrasability, which determines whether the prenominal modifier of a nominalization can be re-written as a noun or adverb in a clausal paraphrase. We adopt the approach of overgenerating candidate paraphrases followed by candidate ranking with a neural language model. In experiments on an English dataset, we show that features from an Abstract Meaning Representation graph lead to statistically significant improvement in both paraphrasability prediction and paraphrase generation.</p></div>
			</abstract>
		</profileDesc>
	</teiHeader>
	<text xml:lang="en">
		<body>
<div xmlns="http://www.tei-c.org/ns/1.0"><head n="1">Introduction</head><p>A nominalization is a noun (e.g., "response") that is morphologically derived from a verb ("respond"), and that designates some aspects of the event referred to by the verb <ref type="bibr" target="#b24">(Quirk et al., 1985)</ref>. In a compound nominalization, this deverbal noun may have both prenominal and postnominal modifiers. The prenominal modifier can be a noun (e.g., "police response to the rioting") or an adjective ("bodily injury to a friend"), while postnominal modifiers are prepositional phrases ("presidential nomination of Harrison").</p><p>Academic and other formal texts utilize nominalization extensively to produce a compact and abstract writing style. The meaning of compound nominalizations can however be difficult to interpret because of ambiguous semantic relations be-tween the deverbal noun and its modifiers. In particular, the prenominal modifier can play multiple semantic roles in the corresponding predicate or clausal paraphrase: as a subject (e.g., "the police response" → "the police responds"); as an object ("bodily injury" → "injure the body"); as an oblique ("presidential nomination" → "nominate as president"; as an adverb ("symbolic admission" → "admit symbolically"; or none of the above ("stellar performance" → "a star performs").</p><p>The paraphrasability of the prenominal modifier -whether it describes an entity, the manner of an action, or neither -therefore has direct impact on NLP tasks that require interpretation of compound nominalizations. This ambiguity affects accuracy in relation extraction, which is important for information retrieval and question answering <ref type="bibr" target="#b9">(Greenwood, 2004;</ref><ref type="bibr" target="#b16">Klein et al., 2020)</ref>. A machine translation system must also be able to render the deverbal noun and its prenominal modifier properly when there is no equivalent nominalization in the target language. Further, paraphrasability prediction could benefit nominal semantic role labeling, which needs to identify the role played by the prenominal modifier <ref type="bibr" target="#b17">(Lapata, 2002;</ref><ref type="bibr" target="#b22">Padó et al., 2008;</ref><ref type="bibr" target="#b15">Kilicoglu et al., 2010)</ref>. Finally, it is critical for nominalization paraphrasing. When a clausal paraphrase is not available for the input nominalization, approaches that do not consider paraphrasability may produce an invalid or misleading output <ref type="bibr" target="#b18">(Lee et al., 2021)</ref>.</p><p>This study focuses on English, the dominant language for academic texts. It aims to make two contributions. First, we enlarge an existing dataset to cover three paraphrasability categories for prenominal modifiers in a compound nominalization (paraphrased as noun, as adverb or nonparaphrasable). Second, we extend an algorithm to take paraphrasability into account, and show that features from Abstract Meaning Representation graphs improve performance in both paraphrasabil-ity prediction and paraphrase generation.</p><p>The rest of the paper is organized as follows. After defining our task (Section 2), we summarize previous research (Section 3). We then describe our dataset (Section 4) and present our approach (Sections 5-6). Then, we discuss experimental results (Section 7-8) and conclude (Section 9).</p></div>
<div xmlns="http://www.tei-c.org/ns/1.0"><head n="2">Paraphrasability of nominalizations</head></div>
<div xmlns="http://www.tei-c.org/ns/1.0"><head n="2.1">Motivation</head><p>Our goal is to paraphrase a nominalization into a "clausal paraphrase", which we define as a clause headed by a verb whose syntactic arguments (e.g., subject, object, and prepositional object) are transformed from the nominal arguments in the input nominalization. We focus on compound nominalizations in which the head noun has a prenominal modifier and a prepositional object, following the syntactic form targeted by the only publicly available dataset for nominalization paraphrasing <ref type="bibr" target="#b18">(Lee et al., 2021)</ref>. Some example inputs and outputs are shown in Table <ref type="table" target="#tab_0">1</ref>.</p><p>A clausal paraphrase would not be possible for a compound nominalization if there is no suitable verb equivalent for its head noun. Large-scale language resources <ref type="bibr" target="#b19">(Meyers et al., 1998)</ref> already exist to help determine whether such a verb exists, and the task has been tackled in the context of QA semantic role labeling for nominalization <ref type="bibr" target="#b16">(Klein et al., 2020)</ref>. Less attention has been paid to another factor, namely, whether the prenominal modifier can be expressed as a subject, object or prepositional object in the paraphrase. We are not aware of previous data-driven research on this task, which is the focus of this paper. We will not consider the prepositional object in the input nominalization, since it can be incorporated into a clausal paraphrase in most cases.</p></div>
<div xmlns="http://www.tei-c.org/ns/1.0"><head n="2.2">Task definition</head><p>The term "paraphrasability" has been used for the degree of semantic equivalence between syntactic variants of predicate phrases <ref type="bibr" target="#b8">(Fujita and Sato, 2008)</ref>. We will use this term to refer to the three categories of paraphrasing behavior of prenominal modifiers in compound nominalizations:</p><p>Noun The prenominal modifier is a noun, or is an adjective that pertains to a noun, that can serve as the subject, object or prepositional object in a clausal paraphrase. In other words, either the prenominal modifier itself (e.g., "police") or its pertainym ("president" for "presidential") literally refers to the entity that participates in the event denoted by the deverbal noun ("police response", "presidential nomination").</p><p>Adverb The prenominal modifier is an adjective that can appear in the clausal paraphrase in its adverbial form (e.g., "frontal opposition" → "oppose frontally"), but not as pertainym ("frontal opposition" → "the front opposes").</p><p>Nil The prenominal modifier cannot be paraphrased with either method above (e.g., "stellar performance" → "a star performs"; "brain drain" → "drain a brain").</p><p>As shown in Table <ref type="table" target="#tab_0">1</ref>, the input is a nominalization that consists of a deverbal noun (derived from the verb V ); its prenominal modifier (bolded); and a prepositional phrase. The output of the Paraphrasability Prediction task is the part-of-speech label of the word to which the prenominal modifier is paraphrased (bolded). The label can be Noun, Adverb, or Nil when it is not paraphrasable.</p><p>The output of the Paraphrase Generation task is a clausal paraphrase of the input. It incorporates the verb V , the prepositional object from the input (marked with O); and either a noun (marked with M ) or an adverb (marked with B) corresponding to the prenominal modifier. The gold paraphrase of the Nil type input is defined as null. The only way to render such an input as a clause is with a support verb or light verb (e.g., "stellar performance" → "give a stellar performance" ). Since the paraphrase retains the original nominalization, it does not serve our goal of unpacking its meaning.</p><p>3 Previous work</p></div>
<div xmlns="http://www.tei-c.org/ns/1.0"><head n="3.1">Noun literality prediction</head><p>There has been extensive research on compositionality analysis on noun compounds <ref type="bibr" target="#b26">(Reddy et al., 2011)</ref>, adjective-noun combinations and other types of multiword expressions (MWEs) <ref type="bibr" target="#b1">(Biemann and Giesbrecht, 2011;</ref><ref type="bibr" target="#b25">Ramisch et al., 2016;</ref><ref type="bibr" target="#b5">Cordeiro et al., 2019;</ref><ref type="bibr" target="#b14">Jana et al., 2019)</ref>. Compositionality refers to the extent to which the meaning of the MWE can be expressed in terms of the meaning of its constituents. It therefore has considerable overlap with literality prediction, which would identify, for example, the noun "rat" in "rat race" as non-literal <ref type="bibr" target="#b26">(Reddy et al., 2011)</ref> Our task is closely related to literality prediction since compound nominalizations are a subset of noun-noun compounds; in particular, a prenominal modifier that is "literal" would likely be of paraphrasability type Noun (Section 2.2). We will therefore evaluate the performance of a state-ofthe-art noun literality prediction model <ref type="bibr" target="#b30">(Shwartz and Dagan, 2019)</ref> in our experiment.</p><p>Our task is nonetheless distinct from literality prediction since it focuses on paraphrasability rather than literalness. For example, even when a prenominal modifier is used metaphorically and is non-literal (e.g. "circular argument"), it would be labeled Noun in terms of paraphrasability if it can appear in a clausal paraphrase ("argue in a circle").</p></div>
<div xmlns="http://www.tei-c.org/ns/1.0"><head n="3.2">Noun compound interpretation</head><p>A noun compound can be disambiguated with a free-form paraphrase <ref type="bibr" target="#b12">(Hendrickx et al., 2013)</ref>, or with verbs and prepositions linking the two nouns, e.g., "apple pie" is a "pie with apples" <ref type="bibr" target="#b3">(Butnariu et al., 2010;</ref><ref type="bibr" target="#b20">Nakov and Hearst, 2013)</ref>. Unsupervised approaches have been found to be effective for noun compound interpretation. Paraphrase templates with slots for prepositions and predicates, for example, can be filled using pre-trained masked language models <ref type="bibr" target="#b23">(Ponkiya et al., 2020)</ref>. We will likewise investigate unsupervised approaches in this work. Even though compound nominalizations are a subset of noun-noun compounds, our task is different since paraphrases in noun compound interpretation do not transform the head noun into a verb.</p></div>
<div xmlns="http://www.tei-c.org/ns/1.0"><head n="3.3">Paraphrasing nominalizations</head><p>Research on nominalization interpretation has mostly focused on nominal semantic role labeling, which assigns abstract labels (e.g., agent, patient, manner) to arguments of nominalizations <ref type="bibr" target="#b17">(Lapata, 2002;</ref><ref type="bibr" target="#b21">Nicholson and Baldwin, 2008;</ref><ref type="bibr" target="#b22">Padó et al., 2008;</ref><ref type="bibr" target="#b15">Kilicoglu et al., 2010)</ref>. Given the systematic correspondences between nominalization and clause structure, there have also been efforts to paraphrase nominalizations as clauses. Algorithms have been proposed for automatic acquisition of paraphrase templates, which can cover nominalization inputs <ref type="bibr" target="#b29">(Shinyama et al., 2002)</ref>. The paraphrasing task has also been indirectly addressed in a model for question and answer generation from nominalizations <ref type="bibr" target="#b16">(Klein et al., 2020)</ref>.</p><p>The most closely related work to this paper was reported in <ref type="bibr" target="#b18">Lee et al. (2021)</ref>. Their proposed model first overgenerates paraphrase candidates, and then uses textual entailment to identify the optimal candidate. However, since all nominalizations in their dataset have paraphrases, their algorithm makes no judgment on paraphrasability. We extend their dataset and investigate paraphrasability prediction to fill in this research gap.</p></div>
<div xmlns="http://www.tei-c.org/ns/1.0"><head n="4">Dataset</head><p>The only publicly available dataset of clausal paraphrases, developed by <ref type="bibr" target="#b18">Lee et al. (2021)</ref> </p></div>
<div xmlns="http://www.tei-c.org/ns/1.0"><head n="4.1">Data source</head><p>In the interest of consistency with the existing dataset, we focus on nominalizations with the same syntactic pattern. Specifically, we collected sentences from English Wikipedia that contain a noun phrase headed by a deverbal noun with one prenominal modifier and one postnominal modifier.</p><p>As shown in Table <ref type="table" target="#tab_0">1</ref>, the postnominal modifier is a prepositional phrase with prepositional object O. The prenominal modifier can be a noun or an adjective. To create a challenging dataset, the adjective must have a pertainym, or can itself also serve as noun (e.g., "light"), such that multiple paraphrasability labels are plausible.</p></div>
<div xmlns="http://www.tei-c.org/ns/1.0"><head n="4.2">Annotation</head><p>Two annotators, a native speaker and a near-native speaker of English, independently classified the nominalizations into one of three paraphrasability labels (Section 2.2). For those labeled as Adverb, the annotator composed a paraphrase with an adverb that is derivationally related to the adjective. For those labeled as Nil, no paraphrase was required. Examples for each label are provided in Table <ref type="table" target="#tab_0">1</ref>.</p><p>A professor of linguistics who is a native speaker of English reviewed the annotation, either keeping both or selecting one of them. A total of 184 non-Noun instances were collected and added to the dataset, resulting in an expanded dataset with 634 paraphrases (Table <ref type="table">2</ref>). 1</p></div>
<div xmlns="http://www.tei-c.org/ns/1.0"><head n="5">Paraphrase candidates</head><p>Our approach is to first overgenerate paraphrase candidates for each input, and then identify the op-1 Accessible at https://github.com/NominalizationParaphrase timal candidate. This section presents the candidate types, and the next section describes the candidate selection algorithm.</p><p>Table <ref type="table" target="#tab_2">3</ref> shows the paraphrase candidates for the input "frontal opposition of the employers". The prenominal modifier, "frontal", is transformed into various parts-of-speech and placed at different positions in the candidates. Each candidate is associated with one of the three paraphrasability types:</p></div>
<div xmlns="http://www.tei-c.org/ns/1.0"><head n="5.1">Noun</head><p>The Noun type candidates are the five paraphrases defined in <ref type="bibr" target="#b18">Lee et al. (2021)</ref>. The prenominal modifier is paraphrased as a noun in the subject (MVO, MOV), object (OVM, VMO), and oblique (VOM) positions.</p></div>
<div xmlns="http://www.tei-c.org/ns/1.0"><head n="5.2">Adverb</head><p>There are four paraphrase candidates for the Adverb type. The prenominal modifier must be an adjective. It is paraphrased as an adverb that pertains to itself, according to WordNet <ref type="bibr" target="#b7">(Fellbaum, 2010)</ref>; or an adverb that is derivationally related to itself, according to CatVar <ref type="bibr" target="#b11">(Habash and Dorr, 2003)</ref>. The adverb (B) is placed either before the verb (BVO, OBV) or at the end of the clause (VOB, OVB).</p></div>
<div xmlns="http://www.tei-c.org/ns/1.0"><head n="5.3">Nil</head><p>There are, by definition, no obvious paraphrase candidates to represent inputs of the Nil type. We implemented the following alternatives:</p><p>Identity The nominalization input itself.</p></div>
<div xmlns="http://www.tei-c.org/ns/1.0"><head>Light verb</head><p>The paraphrase retains the nominalization as the object of a light verb or support verb <ref type="bibr" target="#b10">(Grefenstette and Teufel, 1995)</ref>. One paraphrase candidate prepends the light verb; e.g., "home run against Arizona" → "hit a home run against Arizona". The other candidate uses the prepositional object (O) as subject; e.g., "stellar performance of the rookies" → "the rookies give a stellar performance".</p><p>Predicative adjective Limited to prenominal modifiers that are adjectives, this paraphrase uses the adjective predicatively to form a clause. The paraphrase is designed, on the one hand, to be acceptable for Nil type inputs, e.g., "stellar performance of the rookies" → "the performance of the rookies is stellar"; and on the other hand, to be unacceptable for nominal adjectives, which cannot be used as a predicate <ref type="bibr" target="#b4">(Coates, 1971</ref>), e.g., "presidential nomination of Harrison" → "the nomination of Harrison is presidential".</p><p>We used a masked language model, BERT <ref type="bibr" target="#b6">(Devlin et al., 2019)</ref>, to generate the most likely determiners, prepositions and light verbs for the paraphrase candidates above.</p></div>
<div xmlns="http://www.tei-c.org/ns/1.0"><head n="6">Approach</head><p>As discussed in Section 4.1, the input is a sentence that contains a nominalization, headed by a deverbal noun that has a prenominal modifier and a prepositional phrase (Table <ref type="table" target="#tab_0">1</ref>). The prenominal modifier may be a noun or an adjective.</p><p>We first overgenerate paraphrases to construct a candidate pool (Section 6.1), and then filter the pool by considering paraphrasability (Section 6.2). For the Paraphrase Generation task, the output is the best candidate selected by the textual entailment and language models (Section 6.3). For the Paraphrarasability Prediction task, the output is the paraphrasability label associated with the selected candidate (Table <ref type="table" target="#tab_2">3</ref>).</p></div>
<div xmlns="http://www.tei-c.org/ns/1.0"><head n="6.1">Candidate pool construction</head><p>This step constructs a pool of paraphrase candidates. We evaluated the following methods:</p><p>All Include all paraphrase candidates in Table <ref type="table" target="#tab_2">3</ref>.</p><p>Gold Include only those paraphrase candidates associated with the gold paraphrasability label.</p><p>Majority baseline Include only those paraphrase candidates associated with the majority paraphrasability label, which is Noun in our dataset. This baseline replicates the algorithm proposed by <ref type="bibr" target="#b18">Lee et al. (2021)</ref>, which considers only the MVO, OVM, VMO, VOM, and MOV paraphrases in Table <ref type="table" target="#tab_2">3</ref>.</p><p>Word frequency baseline Include the Noun type (Adverb type) paraphrase candidates only when the noun (the adverb) corresponding to the prenominal modifier has high frequency.</p><p>The frequency threshold is optimized on our dataset based on frequency statistics in the Google Web 1T N-gram Corpus <ref type="bibr" target="#b2">(Brants and Franz, 2006)</ref>.</p></div>
<div xmlns="http://www.tei-c.org/ns/1.0"><head n="6.2">Candidate pool filtering</head><p>This step filters the candidate pool constructed by the All model. We evaluated two methods that consider paraphrasability through semantic parsing and literality prediction, respectively.</p></div>
<div xmlns="http://www.tei-c.org/ns/1.0"><head n="6.2.1">Filtering with AMR</head><p>Abstract Meaning Representation (AMR) abstracts away from the syntactic realization of a sentence and expresses its meaning with a directed acyclic graph, where nodes represent events and concepts, and edges represent relationships between the nodes <ref type="bibr" target="#b0">(Banarescu et al., 2013)</ref>. In an AMR graph, deverbal nouns are annotated as verbs, and adjectives pertaining to nouns are annotated in their nominal form whenever possible. We use PERIN <ref type="bibr" target="#b28">(Samuel and Straka, 2020)</ref> to construct an AMR graph for the input sentence, and align the nodes with the words in the input. We will refer to the node aligned to the deverbal noun as the "deverbal noun node"; and the node aligned to the prenominal modifier as the "prenominal modifier node". In Figure <ref type="figure" target="#fig_0">1</ref>, the "constitution" node is the prenominal modifier node (aligned to "constitutional" in the input); and the "interpret-01" node is the deverbal noun node (aligned to "interpretation").</p><p>The All+AMR model predicts Noun as paraphrasability label and removes all non-Noun type candidates from the pool if the prenominal modifier node:</p><p>• is an argument of the deverbal noun node; or • is the domain of the deverbal noun node, and is annotated as a noun.</p><p>Otherwise, it predicts paraphrasability to be non-Noun and removes all Noun type candidates from the pool.</p><p>For example, the model predicts Noun as paraphrasability label for the sentence in Figure <ref type="figure" target="#fig_0">1</ref>, since the prenominal modifier node ("constitution") serves as arg0 to the deverbal noun node ("interpret-01"). The model rejects Noun as paraphrasability label for the sentence in Figure <ref type="figure" target="#fig_1">2</ref>. Even though the prenominal modifier node ("secular") is the domain of the deverbal noun node ("celebrate-02"), it is annotated with the original adjective rather than its nominal form.</p></div>
<div xmlns="http://www.tei-c.org/ns/1.0"><head n="6.2.2">Filtering with noun literality prediction</head><p>Noun literality prediction is closely related to paraphrasability prediction (Section 3.1). We use Lex-Comp <ref type="bibr" target="#b30">(Shwartz and Dagan, 2019)</ref>, a state-of-theart model in noun literality prediction, which is trained on datasets from <ref type="bibr" target="#b26">Reddy et al. (2011) and</ref><ref type="bibr" target="#b31">Tratz et al. (2010)</ref> using contextualized word embeddings. <ref type="foot" target="#foot_0">2</ref>Given the prenominal modifier and the deverbal noun in the input, the All+LexComp model predicts Noun as paraphrasability label if LexComp predicts "literal", and removes all non-Noun type candidates. Otherwise, it predicts Nil and keeps only the Nil type paraphrases. This model does not perform filtering on an input with an adjectival modifier.</p></div>
<div xmlns="http://www.tei-c.org/ns/1.0"><head n="6.3">Candidate selection</head><p>A textual entailment model (TE), enhanced with re-ranking by language model scores, was found to yield the strongest performance in paraphrase generation for compound nominalizations <ref type="bibr" target="#b18">(Lee et al., 2021)</ref>. Taking the nominalization input as the premise and a paraphrase candidate as the hypothesis, the TE model predicts whether the facts in the former imply those in the latter. Among the three candidate paraphrases that yield the highest TE scores, the candidate with the highest language model (LM) score is selected.</p><p>We replicate this algorithm and apply it on the filtered candidate pool. We use the AllenNLP textual entailment model<ref type="foot" target="#foot_1">3</ref> , and the log-probability score based on GPT-2 (117M) as the LM score (Salazar  et al., 2020). 4   7 Experimental set-up and metrics</p><p>The entire dataset was used for evaluation since our approach is unsupervised. We used SpaCy <ref type="bibr" target="#b13">(Honnibal and Johnson, 2015)</ref> for POS tagging to determine the POS of the prenominal modifier.</p><p>Paraphrasability prediction. We report precision, recall and F 1 . Precision is defined as the number of actual Noun instances, out of all instances predicted by the system as Noun. Recall is defined as the proportion of gold Noun instances that are correctly identified by the system as Noun.</p><p>Paraphrase generation. We report "paraphrase accuracy" and "word order accuracy" as defined in <ref type="bibr" target="#b18">Lee et al. (2021)</ref>. For the former, the determiners are removed from all paraphrases. The system is considered correct if the lemmatized form of all words in the predicted paraphrase are identical with those in the gold paraphrase. The latter is defined likewise, except that prepositions are not taken into consideration. It thus essentially measures the system's ability to predict the verb and arguments and to put them into the correct word order. The word orders VOB/BVO and OVB/OBV are considered interchangeable.</p></div>
<div xmlns="http://www.tei-c.org/ns/1.0"><head n="8">Results</head><p>Table <ref type="table">4</ref> shows system performance on the paraphrasability prediction (Section 8.1) and its effect on paraphrase generation (Section 8.2).</p></div>
<div xmlns="http://www.tei-c.org/ns/1.0"><head n="8.1">Paraphrasability prediction</head><p>Given the preponderance of the Noun label in our dataset, the Majority baseline produced a strong performance at 0.673 precision and perfect recall. It outperforms the Word Frequency baseline, which has slightly higher precision (0.686) but lower recall (0.911), both in terms of F 1 and accuracy.</p><p>Using all paraphrase candidates resulted in an improvement in binary classification accuracy (0.711 vs. 0.673) over the Majority baseline, demonstrating the effectiveness of the Adverb and Nil paraphrases (Section 5.2-5.3). In terms of three-way classification, however, it offered no improvement over the Majority baseline (0.671 vs. 0.673). This indicates that while the candidate selection method (Section 6.3) can correctly detect some Noun type candidates as inappropriate, it is less competent in judging between Adverb vs. Nil paraphrases.</p><p>The All+LexComp model raised the accuracy by only 0.4% in comparison to the All model. This result suggests that noun literality prediction is only slightly helpful as a proxy for paraphrasability.</p><p>The All+AMR model achieved the highest F 1 (0.852) by raising both the precision and recall of the All model. The improvement is statistically significant in terms of both binary classification (0.782)<ref type="foot" target="#foot_3">5</ref> and three-way classification (0.744)<ref type="foot" target="#foot_4">6</ref> . These results show that AMR is useful for predicting paraphrasability, which may be due to the more fine-grained semantic information in the AMR graphs that could not be inferred by the LM and TE models in the candidate selection step. The improvement of the All+AMR model over the All+LexComp model is also significant<ref type="foot" target="#foot_5">7</ref> , likely because the semantic features in the AMR graphs are more relevant to paraphrasability than literality.</p><p>Table <ref type="table" target="#tab_4">5</ref> shows the paraphrasability labels predicted by the All+AMR model. While it was able to identify most of the Noun inputs, it did so for only half of the Adverb ones. The most challenging turned out to be the Nil inputs, which the model succeeded in detecting less than one-third of the time.</p></div>
<div xmlns="http://www.tei-c.org/ns/1.0"><head n="8.2">Paraphrase generation</head><p>Despite its higher accuracy in paraphrasability prediction, the Majority baseline (0.264 paraphrase accuracy) performed worse than the Word Frequency baseline (0.275) in paraphrase generation. This likely reflects the greater challenge in identifying the correct Noun type paraphrases than the Advice and Nil types.</p><p>For the other models, performance in para-  phrasability prediction is largely correlated to paraphrase generation. The All model improved over the Majority baseline both in terms of word order (0.416) and paraphrase accuracy (0.318). Consider the input "... the apocalyptic destruction of the town and the cult". The All model correctly declined to paraphrase (null output) on the basis of the high score secured by the light-verb paraphrase "the town and the cult suffer an apocalyptic destruction". In contrast, the Majority baseline produced the inappropriate paraphrase "the apocalypses destroy the town and the cult". The All+AMR model again offered the best performance, at 0.462 word order accuracy and 0.347 paraphrase accuracy. 8 For the sentence in Figure <ref type="figure" target="#fig_0">1</ref>, the All model generated the predicative adjective paraphrase "interpretation of law is constitutional" due to the high LM score, even though the word "constitutional" yields a different meaning in this paraphrase. The All+AMR model was able to reject this paraphrase since the word "constitution" was inferred to play the subject role. Conversely, in Figure <ref type="figure" target="#fig_1">2</ref>, the model was able to reject paraphrases involving the noun "secularism", since the AMR parser annotated with the original adjective "secu- 8 The improvement in word order accuracy is statistically significant over the All and All+LexComp models at p = 0.0211 and p = 0.0482, respectively. The improvement in paraphrase accuracy is not significant, however, at p = 0.0970 and p = 0.428 against the All and All+LexComp models, respectively. lar". The considerable performance gap from the Gold model (paraphrase accuracy 0.591), however, indicates there is still much room for improvement in interpreting nominalizations.</p></div>
<div xmlns="http://www.tei-c.org/ns/1.0"><head n="9">Conclusion</head><p>A clausal paraphrase can help disambiguate a nominalization semantically, especially when the prenominal modifier is difficult to interpret. This paper has presented the first study on determining the paraphrasability of the prenominal modifier in a compound nominalization. We have expanded an existing dataset to cover cases when the prenominal modifier can appear as a noun in the paraphrase, as an adverb, or not at all.</p><p>Our experiments suggest that overgeneration of paraphrase candidates, followed by ranking with a textual entailment model and language model, can yield competitive results. Further, AMR-based features lead to statistically significant improvement in performance.</p><p>A limitation of our study is the restricted syntactic form of the input nominalizations. To facilitate more comprehensive evaluation, future research should consider expanding the dataset further to cover a wider range of nominalizations, and richer variations in their clausal paraphrases.</p></div><figure xmlns="http://www.tei-c.org/ns/1.0" xml:id="fig_0"><head>Figure 1 :</head><label>1</label><figDesc>Figure 1: AMR graph of the sentence "... a court for the constitutional interpretation of law", which is predicted as Noun by the All+AMR model (Section 6.2.1)</figDesc><graphic coords="6,109.13,70.85,141.74,200.96" type="bitmap" /></figure>
<figure xmlns="http://www.tei-c.org/ns/1.0" xml:id="fig_1"><head>Figure 2 :</head><label>2</label><figDesc>Figure 2: AMR graph of the sentence "... the secular celebration of Christmas", which is predicted as non-Noun by the All+AMR model (Section 6.2.1)</figDesc><graphic coords="6,358.59,70.85,113.39,230.82" type="bitmap" /></figure>
<figure xmlns="http://www.tei-c.org/ns/1.0" type="table" xml:id="tab_0"><head>Table 1 :</head><label>1</label><figDesc>. American influence on global culture America M influences V global culture O Noun police response to the rioting the police M responds V to the rioting O climatic effects of air pollutants air pollutants O affect V the climate M war preparations of the government the government O prepares V for war M bodily injury to a friend injure V the body M of a friend O student admissions into universities admit V students M into universities O presidential nomination of Harrison nominate V Harrison O as president M business travel to Greece travel V to Greece O for business M naval assistance from Italian powers navies M of Italian powers O assist V majority decision of the panel a majority M of the panel O decides V frontal opposition of the employers The employers O oppose V frontally B Adverb dynamic allocation of licenses allocate V licenses O dynamically B stellar performance of the rookies null Nil brain drain of scientists null Input and output of the Paraphrasability Prediction and Paraphrase Generation task (Section 2.2)</figDesc><table><row><cell>Input</cell><cell>Paraphrase</cell><cell>Paraphrasability</cell></row><row><cell>Nominalization</cell><cell>Generation</cell><cell>Prediction</cell></row></table></figure>
<figure xmlns="http://www.tei-c.org/ns/1.0" type="table" xml:id="tab_2"><head>Table 3 :</head><label>3</label><figDesc></figDesc><table><row><cell cols="2">Paraphrasability Paraphrase Candidate</cell><cell>Word Order</cell></row><row><cell>Label</cell><cell></cell><cell></cell></row><row><cell>Noun</cell><cell>the front opposes the employers</cell><cell>MVO</cell></row><row><cell></cell><cell>the employers oppose the front</cell><cell>OVM</cell></row><row><cell></cell><cell>oppose the front of the employers</cell><cell>VMO</cell></row><row><cell></cell><cell>oppose the employers at the front</cell><cell>VOM</cell></row><row><cell></cell><cell>front employers oppose</cell><cell>MOV</cell></row><row><cell>Adverb</cell><cell>oppose the employers frontally</cell><cell>VOB</cell></row><row><cell></cell><cell>frontally oppose the employers</cell><cell>BVO</cell></row><row><cell></cell><cell>the employers oppose frontally</cell><cell>OVB</cell></row><row><cell></cell><cell>the employers frontally oppose</cell><cell>OBV</cell></row><row><cell>Nil</cell><cell>frontal opposition of the employers</cell><cell>Identity</cell></row><row><cell></cell><cell>Opposition of the employers is frontal</cell><cell>Predicative Adjective</cell></row><row><cell></cell><cell cols="2">have frontal opposition of the employers Light Verb</cell></row><row><cell></cell><cell>the employers face frontal opposition</cell><cell>Light Verb</cell></row></table><note>Automatically generated paraphrase candidates (Section 5) for the input "frontal opposition of the employers", which place the prenominal modifier (M or B), verb (V) and prepositional object (O) in the input nominalization in different word orders</note></figure>
<figure xmlns="http://www.tei-c.org/ns/1.0" type="table" xml:id="tab_4"><head>Table 5 :</head><label>5</label><figDesc>Contingency table for the paraphrasability prediction of the All+AMR model</figDesc><table /></figure>
			<note xmlns="http://www.tei-c.org/ns/1.0" place="foot" n="2" xml:id="foot_0">https://github.com/vered1986/lexcomp</note>
			<note xmlns="http://www.tei-c.org/ns/1.0" place="foot" n="3" xml:id="foot_1">https://demo.allennlp.org/textual-entailment/roberta-snli</note>
			<note xmlns="http://www.tei-c.org/ns/1.0" place="foot" n="4" xml:id="foot_2">https://github.com/awslabs/mlm-scoring</note>
			<note xmlns="http://www.tei-c.org/ns/1.0" place="foot" n="5" xml:id="foot_3">p = 0.000556 according to McNemar's Test with continuity correction; the same test is used henceforth</note>
			<note xmlns="http://www.tei-c.org/ns/1.0" place="foot" n="6" xml:id="foot_4">6 At p = 0.</note>
			<note xmlns="http://www.tei-c.org/ns/1.0" place="foot" n="7" xml:id="foot_5">000172 7 p = 0.00169 on binary classification and p = 0.000667 on three-way classification</note>
		</body>
		<back>

			<div type="acknowledgement">
<div xmlns="http://www.tei-c.org/ns/1.0"><head>Acknowledgments</head><p>This project was supported by an HKSAR UGC Teaching Learning Grant (Meeting the Challenge of Teaching and Learning Language in the University: Enhancing Linguistic Competence and Performance in English and Chinese, 2016-19 Triennium).</p></div>
			</div>

			<div type="references">

				<listBibl>

<biblStruct xml:id="b0">
	<analytic>
		<title level="a" type="main">Abstract meaning representation for sembanking</title>
		<author>
			<persName><forename type="first">Laura</forename><surname>Banarescu</surname></persName>
		</author>
		<author>
			<persName><forename type="first">Claire</forename><surname>Bonial</surname></persName>
		</author>
		<author>
			<persName><forename type="first">Shu</forename><surname>Cai</surname></persName>
		</author>
		<author>
			<persName><forename type="first">Madalina</forename><surname>Georgescu</surname></persName>
		</author>
		<author>
			<persName><forename type="first">Kira</forename><surname>Griffitt</surname></persName>
		</author>
		<author>
			<persName><forename type="first">Ulf</forename><surname>Hermjakob</surname></persName>
		</author>
		<author>
			<persName><forename type="first">Kevin</forename><surname>Knight</surname></persName>
		</author>
		<author>
			<persName><forename type="first">Philipp</forename><surname>Koehn</surname></persName>
		</author>
		<author>
			<persName><forename type="first">Martha</forename><surname>Palmer</surname></persName>
		</author>
		<author>
			<persName><forename type="first">Nathan</forename><surname>Schneider</surname></persName>
		</author>
	</analytic>
	<monogr>
		<title level="m">Proc. 7th Linguistic Annotation Workshop and Interoperability with Discourse</title>
				<meeting>7th Linguistic Annotation Workshop and Interoperability with Discourse</meeting>
		<imprint>
			<date type="published" when="2013">2013</date>
		</imprint>
	</monogr>
	<note type="raw_reference">Laura Banarescu, Claire Bonial, Shu Cai, Madalina Georgescu, Kira Griffitt, Ulf Hermjakob, Kevin Knight, Philipp Koehn, Martha Palmer, and Nathan Schneider. 2013. Abstract meaning representation for sembanking. In Proc. 7th Linguistic Annotation Workshop and Interoperability with Discourse.</note>
</biblStruct>

<biblStruct xml:id="b1">
	<analytic>
		<title level="a" type="main">Distributional Semantics and Compositionality 2011: Shared Task Description and Results</title>
		<author>
			<persName><forename type="first">Chris</forename><surname>Biemann</surname></persName>
		</author>
		<author>
			<persName><forename type="first">Eugenie</forename><surname>Giesbrecht</surname></persName>
		</author>
	</analytic>
	<monogr>
		<title level="m">Proc. Workshop on Distributional Semantics and Compositionality</title>
				<meeting>Workshop on Distributional Semantics and Compositionality<address><addrLine>DiSCo)</addrLine></address></meeting>
		<imprint>
			<date type="published" when="2011">2011</date>
		</imprint>
	</monogr>
	<note type="raw_reference">Chris Biemann and Eugenie Giesbrecht. 2011. Dis- tributional Semantics and Compositionality 2011: Shared Task Description and Results. In Proc. Work- shop on Distributional Semantics and Composition- ality (DiSCo).</note>
</biblStruct>

<biblStruct xml:id="b2">
	<monogr>
		<title level="m" type="main">The Google Web 1T 5-gram Corpus Version 1.1</title>
		<author>
			<persName><forename type="first">Thorsten</forename><surname>Brants</surname></persName>
		</author>
		<author>
			<persName><forename type="first">Alex</forename><surname>Franz</surname></persName>
		</author>
		<imprint>
			<date type="published" when="2006">2006</date>
			<biblScope unit="page" from="C2006T" to="2013" />
		</imprint>
	</monogr>
	<note type="raw_reference">Thorsten Brants and Alex Franz. 2006. The Google Web 1T 5-gram Corpus Version 1.1. In LDC2006T13.</note>
</biblStruct>

<biblStruct xml:id="b3">
	<analytic>
		<title level="a" type="main">SemEval-2010 Task 9: The interpretation of noun compounds using paraphrasing verbs and prepositions</title>
		<author>
			<persName><forename type="first">Cristina</forename><surname>Butnariu</surname></persName>
		</author>
		<author>
			<persName><forename type="first">Nam</forename><surname>Su</surname></persName>
		</author>
		<author>
			<persName><forename type="first">Preslav</forename><surname>Kim</surname></persName>
		</author>
		<author>
			<persName><surname>Nakov</surname></persName>
		</author>
		<author>
			<persName><forename type="first">Ó</forename><surname>Diarmuid</surname></persName>
		</author>
		<author>
			<persName><forename type="first">Stan</forename><surname>Séaghdha</surname></persName>
		</author>
		<author>
			<persName><forename type="first">Tony</forename><surname>Szpakowicz</surname></persName>
		</author>
		<author>
			<persName><surname>Veale</surname></persName>
		</author>
	</analytic>
	<monogr>
		<title level="m">Proc. NAACL HLT Workshop on Semantic Evaluations: Recent Achievements and Future Directions</title>
				<meeting>NAACL HLT Workshop on Semantic Evaluations: Recent Achievements and Future Directions</meeting>
		<imprint>
			<date type="published" when="2010">2010</date>
			<biblScope unit="page" from="100" to="105" />
		</imprint>
	</monogr>
	<note type="raw_reference">Cristina Butnariu, Su Nam Kim, Preslav Nakov, Di- armuid Ó Séaghdha, Stan Szpakowicz, and Tony Veale. 2010. SemEval-2010 Task 9: The interpre- tation of noun compounds using paraphrasing verbs and prepositions. In Proc. NAACL HLT Workshop on Semantic Evaluations: Recent Achievements and Future Directions, page 100-105.</note>
</biblStruct>

<biblStruct xml:id="b4">
	<analytic>
		<title level="a" type="main">Denominal Adjectives: A Study in Syntactic Relationships between Modifier and Head</title>
		<author>
			<persName><forename type="first">Jennifer</forename><surname>Coates</surname></persName>
		</author>
	</analytic>
	<monogr>
		<title level="j">Lingua</title>
		<imprint>
			<biblScope unit="volume">27</biblScope>
			<biblScope unit="page" from="160" to="169" />
			<date type="published" when="1971">1971</date>
		</imprint>
	</monogr>
	<note type="raw_reference">Jennifer Coates. 1971. Denominal Adjectives: A Study in Syntactic Relationships between Modifier and Head. Lingua, 27:160-169.</note>
</biblStruct>

<biblStruct xml:id="b5">
	<analytic>
		<title level="a" type="main">Unsupervised compositionality prediction of nominal compounds</title>
		<author>
			<persName><forename type="first">Silvio</forename><surname>Cordeiro</surname></persName>
		</author>
		<author>
			<persName><forename type="first">Aline</forename><surname>Villavicencio</surname></persName>
		</author>
		<author>
			<persName><forename type="first">Marco</forename><surname>Idiart</surname></persName>
		</author>
		<author>
			<persName><forename type="first">Carlos</forename><surname>Ramisch</surname></persName>
		</author>
	</analytic>
	<monogr>
		<title level="j">Computational Linguistics</title>
		<imprint>
			<biblScope unit="volume">45</biblScope>
			<biblScope unit="issue">1</biblScope>
			<biblScope unit="page" from="1" to="57" />
			<date type="published" when="2019">2019</date>
		</imprint>
	</monogr>
	<note type="raw_reference">Silvio Cordeiro, Aline Villavicencio, Marco Idiart, and Carlos Ramisch. 2019. Unsupervised composition- ality prediction of nominal compounds. Computa- tional Linguistics, 45(1):1-57.</note>
</biblStruct>

<biblStruct xml:id="b6">
	<analytic>
		<title level="a" type="main">BERT: Pretraining of Deep Bidirectional Transformers for Language Understanding</title>
		<author>
			<persName><forename type="first">Jacob</forename><surname>Devlin</surname></persName>
		</author>
		<author>
			<persName><forename type="first">Ming-Wei</forename><surname>Chang</surname></persName>
		</author>
		<author>
			<persName><forename type="first">Kenton</forename><surname>Lee</surname></persName>
		</author>
		<author>
			<persName><forename type="first">Kristina</forename><surname>Toutanova</surname></persName>
		</author>
	</analytic>
	<monogr>
		<title level="m">Proc. North American Chapter of the Association for Computational Linguistics -Human Language Technologies (NAACL-HLT)</title>
				<meeting>North American Chapter of the Association for Computational Linguistics -Human Language Technologies (NAACL-HLT)</meeting>
		<imprint>
			<date type="published" when="2019">2019</date>
		</imprint>
	</monogr>
	<note type="raw_reference">Jacob Devlin, Ming-Wei Chang, Kenton Lee, and Kristina Toutanova. 2019. BERT: Pretraining of Deep Bidirectional Transformers for Language Un- derstanding. In Proc. North American Chapter of the Association for Computational Linguistics -Hu- man Language Technologies (NAACL-HLT).</note>
</biblStruct>

<biblStruct xml:id="b7">
	<analytic>
		<title level="a" type="main">Wordnet</title>
		<author>
			<persName><forename type="first">Christiane</forename><surname>Fellbaum</surname></persName>
		</author>
	</analytic>
	<monogr>
		<title level="m">Theory and applications of ontology: computer applications</title>
				<meeting><address><addrLine>Dordrecht</addrLine></address></meeting>
		<imprint>
			<publisher>Springer</publisher>
			<date type="published" when="2010">2010</date>
			<biblScope unit="page" from="231" to="243" />
		</imprint>
	</monogr>
	<note type="raw_reference">Christiane Fellbaum. 2010. Wordnet. In Theory and applications of ontology: computer applications, pages 231-243, Springer, Dordrecht.</note>
</biblStruct>

<biblStruct xml:id="b8">
	<analytic>
		<title level="a" type="main">A Probabilistic Model for Measuring Grammaticality and Similarity of Automatically Generated Paraphrases of Predicate Phrases</title>
		<author>
			<persName><forename type="first">Atsushi</forename><surname>Fujita</surname></persName>
		</author>
		<author>
			<persName><forename type="first">Satoshi</forename><surname>Sato</surname></persName>
		</author>
	</analytic>
	<monogr>
		<title level="m">Proc. 22nd International Conference on Computational Linguistics (COLING)</title>
				<meeting>22nd International Conference on Computational Linguistics (COLING)</meeting>
		<imprint>
			<date type="published" when="2008">2008</date>
		</imprint>
	</monogr>
	<note type="raw_reference">Atsushi Fujita and Satoshi Sato. 2008. A Probabilistic Model for Measuring Grammaticality and Similar- ity of Automatically Generated Paraphrases of Pred- icate Phrases. In Proc. 22nd International Confer- ence on Computational Linguistics (COLING).</note>
</biblStruct>

<biblStruct xml:id="b9">
	<analytic>
		<title level="a" type="main">Using Pertainyms to Improve Passage Retrieval for Questions Requesting Information About a Location</title>
		<author>
			<persName><forename type="first">A</forename><surname>Mark</surname></persName>
		</author>
		<author>
			<persName><surname>Greenwood</surname></persName>
		</author>
	</analytic>
	<monogr>
		<title level="m">Proc. SIGIR Workshop on Information Retrieval for Question Answering (IR4QA)</title>
				<meeting>SIGIR Workshop on Information Retrieval for Question Answering (IR4QA)<address><addrLine>Sheffield, UK.</addrLine></address></meeting>
		<imprint>
			<date type="published" when="2004">2004</date>
			<biblScope unit="page" from="17" to="22" />
		</imprint>
	</monogr>
	<note type="raw_reference">Mark A. Greenwood. 2004. Using Pertainyms to Im- prove Passage Retrieval for Questions Requesting Information About a Location. In Proc. SIGIR Work- shop on Information Retrieval for Question Answer- ing (IR4QA), page 17-22, Sheffield, UK.</note>
</biblStruct>

<biblStruct xml:id="b10">
	<analytic>
		<title level="a" type="main">Corpus-based Method for Automatic Identification of Support Verbs for Nominalizations</title>
		<author>
			<persName><forename type="first">Gregory</forename><surname>Grefenstette</surname></persName>
		</author>
		<author>
			<persName><forename type="first">Simone</forename><surname>Teufel</surname></persName>
		</author>
	</analytic>
	<monogr>
		<title level="m">Proc. 7th Conference on European chapter</title>
				<meeting>7th Conference on European chapter</meeting>
		<imprint>
			<publisher>the Association for Computational Linguistics</publisher>
			<date type="published" when="1995">1995</date>
		</imprint>
	</monogr>
	<note type="raw_reference">Gregory Grefenstette and Simone Teufel. 1995. Corpus-based Method for Automatic Identification of Support Verbs for Nominalizations. In Proc. 7th Conference on European chapter of the Association for Computational Linguistics (EACL).</note>
</biblStruct>

<biblStruct xml:id="b11">
	<analytic>
		<title level="a" type="main">A Categorial Variation Database for English</title>
		<author>
			<persName><forename type="first">Nizar</forename><surname>Habash</surname></persName>
		</author>
		<author>
			<persName><forename type="first">Bonnie</forename><surname>Dorr</surname></persName>
		</author>
	</analytic>
	<monogr>
		<title level="m">Proc. North American Chapter of the Association for Computational Linguistics -Human Language Technologies (NAACL)</title>
				<meeting>North American Chapter of the Association for Computational Linguistics -Human Language Technologies (NAACL)</meeting>
		<imprint>
			<date type="published" when="2003">2003</date>
		</imprint>
	</monogr>
	<note type="raw_reference">Nizar Habash and Bonnie Dorr. 2003. A Categorial Variation Database for English. In Proc. North American Chapter of the Association for Computa- tional Linguistics -Human Language Technologies (NAACL).</note>
</biblStruct>

<biblStruct xml:id="b12">
	<analytic>
		<title level="a" type="main">SemEval-2013 task 4: Free paraphrases of noun compounds</title>
		<author>
			<persName><forename type="first">Iris</forename><surname>Hendrickx</surname></persName>
		</author>
		<author>
			<persName><forename type="first">Preslav</forename><surname>Nakov</surname></persName>
		</author>
		<author>
			<persName><forename type="first">Stan</forename><surname>Szpakowicz</surname></persName>
		</author>
		<author>
			<persName><forename type="first">Zornitsa</forename><surname>Kozareva</surname></persName>
		</author>
		<author>
			<persName><forename type="first">Diarmuid</forename><forename type="middle">Ó</forename><surname>Séaghdha</surname></persName>
		</author>
		<author>
			<persName><forename type="first">Tony</forename><surname>Veale</surname></persName>
		</author>
	</analytic>
	<monogr>
		<title level="m">Proc. 7th International Workshop on Semantic Evaluation (SemEval)</title>
				<meeting>7th International Workshop on Semantic Evaluation (SemEval)</meeting>
		<imprint>
			<date type="published" when="2013">2013</date>
			<biblScope unit="page" from="138" to="143" />
		</imprint>
	</monogr>
	<note type="raw_reference">Iris Hendrickx, Preslav Nakov, Stan Szpakowicz, Zor- nitsa Kozareva, Diarmuid Ó Séaghdha, and Tony Veale. 2013. SemEval-2013 task 4: Free para- phrases of noun compounds. In Proc. 7th Interna- tional Workshop on Semantic Evaluation (SemEval), page 138-143.</note>
</biblStruct>

<biblStruct xml:id="b13">
	<analytic>
		<title level="a" type="main">An Improved Non-monotonic Transition System for Dependency Parsing</title>
		<author>
			<persName><forename type="first">Matthew</forename><surname>Honnibal</surname></persName>
		</author>
		<author>
			<persName><forename type="first">Mark</forename><surname>Johnson</surname></persName>
		</author>
	</analytic>
	<monogr>
		<title level="m">Proc. Conference on Empirical Methods in Natural Language Processing (EMNLP)</title>
				<meeting>Conference on Empirical Methods in Natural Language essing (EMNLP)</meeting>
		<imprint>
			<date type="published" when="2015">2015</date>
		</imprint>
	</monogr>
	<note type="raw_reference">Matthew Honnibal and Mark Johnson. 2015. An Im- proved Non-monotonic Transition System for De- pendency Parsing. In Proc. Conference on Em- pirical Methods in Natural Language Processing (EMNLP).</note>
</biblStruct>

<biblStruct xml:id="b14">
	<analytic>
		<title level="a" type="main">On the Compositionality Prediction of Noun Phrases using Poincaré Embeddings</title>
		<author>
			<persName><forename type="first">Abhik</forename><surname>Jana</surname></persName>
		</author>
		<author>
			<persName><forename type="first">Dima</forename><surname>Puzyrev</surname></persName>
		</author>
		<author>
			<persName><forename type="first">Alexander</forename><surname>Panchenko</surname></persName>
		</author>
		<author>
			<persName><forename type="first">Pawan</forename><surname>Goyal</surname></persName>
		</author>
		<author>
			<persName><forename type="first">Chris</forename><surname>Biemann</surname></persName>
		</author>
		<author>
			<persName><forename type="first">Animesh</forename><surname>Mukherjee</surname></persName>
		</author>
	</analytic>
	<monogr>
		<title level="m">Proc. 57th Annual Meeting of the Association for Computational Linguistics (ACL)</title>
				<meeting>57th Annual Meeting of the Association for Computational Linguistics (ACL)</meeting>
		<imprint>
			<date type="published" when="2019">2019</date>
		</imprint>
	</monogr>
	<note type="raw_reference">Abhik Jana, Dima Puzyrev, Alexander Panchenko, Pawan Goyal, Chris Biemann, and Animesh Mukherjee. 2019. On the Compositionality Predic- tion of Noun Phrases using Poincaré Embeddings. In Proc. 57th Annual Meeting of the Association for Computational Linguistics (ACL).</note>
</biblStruct>

<biblStruct xml:id="b15">
	<analytic>
		<title level="a" type="main">Arguments of Nominals in Semantic Interpretation of Biomedical Text</title>
		<author>
			<persName><forename type="first">Halil</forename><surname>Kilicoglu</surname></persName>
		</author>
		<author>
			<persName><forename type="first">Marcelo</forename><surname>Fiszman</surname></persName>
		</author>
		<author>
			<persName><forename type="first">Graciela</forename><surname>Rosemblat</surname></persName>
		</author>
		<author>
			<persName><forename type="first">Sean</forename><surname>Marimpietri</surname></persName>
		</author>
		<author>
			<persName><forename type="first">Thomas</forename><forename type="middle">C</forename><surname>Rindflesch</surname></persName>
		</author>
	</analytic>
	<monogr>
		<title level="m">Proc. Workshop on Biomedical Natural Language Processing</title>
				<meeting>Workshop on Biomedical Natural Language essing</meeting>
		<imprint>
			<date type="published" when="2010">2010</date>
		</imprint>
	</monogr>
	<note type="raw_reference">Halil Kilicoglu, Marcelo Fiszman, Graciela Rosemblat, Sean Marimpietri, and Thomas C. Rindflesch. 2010. Arguments of Nominals in Semantic Interpretation of Biomedical Text. In Proc. Workshop on Biomedi- cal Natural Language Processing.</note>
</biblStruct>

<biblStruct xml:id="b16">
	<analytic>
		<title level="a" type="main">QANom: Question-Answer driven SRL for Nominalizations</title>
		<author>
			<persName><forename type="first">Ayal</forename><surname>Klein</surname></persName>
		</author>
		<author>
			<persName><forename type="first">Jonathan</forename><surname>Mamou</surname></persName>
		</author>
		<author>
			<persName><forename type="first">Valentina</forename><surname>Pyatkin</surname></persName>
		</author>
		<author>
			<persName><forename type="first">Daniela</forename><surname>Stepanov</surname></persName>
		</author>
		<author>
			<persName><forename type="first">Hangfeng</forename><surname>He</surname></persName>
		</author>
		<author>
			<persName><forename type="first">Dan</forename><surname>Roth</surname></persName>
		</author>
		<author>
			<persName><forename type="first">Luke</forename><surname>Zettlemoyer</surname></persName>
		</author>
		<author>
			<persName><forename type="first">Ido</forename><surname>Dagan</surname></persName>
		</author>
	</analytic>
	<monogr>
		<title level="m">Proc. 28th International Conference on Computational Linguistics (COLING)</title>
				<meeting>28th International Conference on Computational Linguistics (COLING)</meeting>
		<imprint>
			<date type="published" when="2020">2020</date>
		</imprint>
	</monogr>
	<note type="raw_reference">Ayal Klein, Jonathan Mamou, Valentina Pyatkin, Daniela Stepanov, Hangfeng He, Dan Roth, Luke Zettlemoyer, and Ido Dagan. 2020. QANom: Question-Answer driven SRL for Nominalizations. In Proc. 28th International Conference on Computa- tional Linguistics (COLING).</note>
</biblStruct>

<biblStruct xml:id="b17">
	<analytic>
		<title level="a" type="main">The Disambiguation of Nominalizations</title>
		<author>
			<persName><forename type="first">Maria</forename><surname>Lapata</surname></persName>
		</author>
	</analytic>
	<monogr>
		<title level="j">Computational Linguistics</title>
		<imprint>
			<biblScope unit="volume">28</biblScope>
			<biblScope unit="issue">3</biblScope>
			<biblScope unit="page" from="357" to="388" />
			<date type="published" when="2002">2002</date>
		</imprint>
	</monogr>
	<note type="raw_reference">Maria Lapata. 2002. The Disambiguation of Nomi- nalizations. Computational Linguistics, 28(3):357- 388.</note>
</biblStruct>

<biblStruct xml:id="b18">
	<analytic>
		<title level="a" type="main">Paraphrasing Compound Nominalizations</title>
		<author>
			<persName><forename type="first">John</forename><surname>Lee</surname></persName>
		</author>
		<author>
			<persName><forename type="first">Hung</forename><surname>Ho</surname></persName>
		</author>
		<author>
			<persName><forename type="first">Carol</forename><surname>Lim</surname></persName>
		</author>
		<author>
			<persName><surname>Webster</surname></persName>
		</author>
	</analytic>
	<monogr>
		<title level="m">Proc. Conference on Empirical Methods in Natural Language Processing (EMNLP)</title>
				<meeting>Conference on Empirical Methods in Natural Language essing (EMNLP)</meeting>
		<imprint>
			<date type="published" when="2021">2021</date>
		</imprint>
	</monogr>
	<note type="raw_reference">John Lee, Ho Hung Lim, and Carol Webster. 2021. Paraphrasing Compound Nominalizations. In Proc. Conference on Empirical Methods in Natural Lan- guage Processing (EMNLP).</note>
</biblStruct>

<biblStruct xml:id="b19">
	<analytic>
		<title level="a" type="main">Using NOMLEX to Produce Nominalization Patterns for Information Extraction</title>
		<author>
			<persName><forename type="first">Adam</forename><surname>Meyers</surname></persName>
		</author>
		<author>
			<persName><forename type="first">Catherine</forename><surname>Macleod</surname></persName>
		</author>
		<author>
			<persName><forename type="first">Roman</forename><surname>Yangarber</surname></persName>
		</author>
		<author>
			<persName><forename type="first">Ralph</forename><surname>Grishman</surname></persName>
		</author>
		<author>
			<persName><forename type="first">Leslie</forename><surname>Barrett</surname></persName>
		</author>
		<author>
			<persName><forename type="first">Ruth</forename><surname>Reeves</surname></persName>
		</author>
	</analytic>
	<monogr>
		<title level="m">Proc. Computational Treatment of Nominals</title>
				<meeting>Computational Treatment of Nominals</meeting>
		<imprint>
			<date type="published" when="1998">1998</date>
		</imprint>
	</monogr>
	<note type="raw_reference">Adam Meyers, Catherine Macleod, Roman Yangarber, Ralph Grishman, Leslie Barrett, and Ruth Reeves. 1998. Using NOMLEX to Produce Nominalization Patterns for Information Extraction. In Proc. Com- putational Treatment of Nominals.</note>
</biblStruct>

<biblStruct xml:id="b20">
	<analytic>
		<title level="a" type="main">Semantic Interpretation of Noun Compounds Using Verbal and Other Paraphrases</title>
		<author>
			<persName><forename type="first">I</forename><surname>Preslav</surname></persName>
		</author>
		<author>
			<persName><forename type="first">Marti</forename><forename type="middle">A</forename><surname>Nakov</surname></persName>
		</author>
		<author>
			<persName><surname>Hearst</surname></persName>
		</author>
	</analytic>
	<monogr>
		<title level="j">ACM Transactions on Speech and Language Processing</title>
		<imprint>
			<biblScope unit="volume">10</biblScope>
			<biblScope unit="issue">3</biblScope>
			<date type="published" when="2013">2013</date>
		</imprint>
	</monogr>
	<note type="raw_reference">Preslav I. Nakov and Marti A. Hearst. 2013. Seman- tic Interpretation of Noun Compounds Using Ver- bal and Other Paraphrases. ACM Transactions on Speech and Language Processing, 10(3).</note>
</biblStruct>

<biblStruct xml:id="b21">
	<analytic>
		<title level="a" type="main">Interpreting Compound Nominalisations</title>
		<author>
			<persName><forename type="first">Jeremy</forename><surname>Nicholson</surname></persName>
		</author>
		<author>
			<persName><forename type="first">Timothy</forename><surname>Baldwin</surname></persName>
		</author>
	</analytic>
	<monogr>
		<title level="m">Proc. LREC Workshop Towards a Shared Task for Multiword Expressions</title>
				<meeting>LREC Workshop Towards a Shared Task for Multiword Expressions</meeting>
		<imprint>
			<publisher>MWE</publisher>
			<date type="published" when="2008">2008. 2008</date>
		</imprint>
	</monogr>
	<note type="raw_reference">Jeremy Nicholson and Timothy Baldwin. 2008. Inter- preting Compound Nominalisations. In Proc. LREC Workshop Towards a Shared Task for Multiword Ex- pressions (MWE 2008).</note>
</biblStruct>

<biblStruct xml:id="b22">
	<analytic>
		<title level="a" type="main">Semantic role assignment for event nominalisations by leveraging verbal data</title>
		<author>
			<persName><forename type="first">Sebastian</forename><surname>Padó</surname></persName>
		</author>
		<author>
			<persName><forename type="first">Marco</forename><surname>Pennacchiotti</surname></persName>
		</author>
		<author>
			<persName><forename type="first">Caroline</forename><surname>Sporleder</surname></persName>
		</author>
	</analytic>
	<monogr>
		<title level="m">Proc. 22nd International Conference on Computational Linguistics (COLING)</title>
				<meeting>22nd International Conference on Computational Linguistics (COLING)</meeting>
		<imprint>
			<date type="published" when="2008">2008</date>
		</imprint>
	</monogr>
	<note type="raw_reference">Sebastian Padó, Marco Pennacchiotti, and Caroline Sporleder. 2008. Semantic role assignment for event nominalisations by leveraging verbal data. In Proc. 22nd International Conference on Computational Linguistics (COLING).</note>
</biblStruct>

<biblStruct xml:id="b23">
	<analytic>
		<title level="a" type="main">Looking inside noun compounds: Unsupervised prepositional and free paraphrasing</title>
		<author>
			<persName><forename type="first">Girishkumar</forename><surname>Ponkiya</surname></persName>
		</author>
		<author>
			<persName><forename type="first">Rudra</forename><surname>Murthy</surname></persName>
		</author>
	</analytic>
	<monogr>
		<title level="m">Findings of the Association for Computational Linguistics: EMNLP 2020</title>
				<imprint>
			<date type="published" when="2020">2020</date>
			<biblScope unit="page" from="4313" to="4323" />
		</imprint>
	</monogr>
	<note>Pushpak Bhattacharyya, and Girish Palshikar</note>
	<note type="raw_reference">Girishkumar Ponkiya, Rudra Murthy, Pushpak Bhat- tacharyya, and Girish Palshikar. 2020. Looking in- side noun compounds: Unsupervised prepositional and free paraphrasing. In Findings of the Associa- tion for Computational Linguistics: EMNLP 2020, page 4313-4323.</note>
</biblStruct>

<biblStruct xml:id="b24">
	<monogr>
		<title level="m" type="main">A Comprehensive Grammar of the English Language</title>
		<author>
			<persName><forename type="first">Randolph</forename><surname>Quirk</surname></persName>
		</author>
		<author>
			<persName><forename type="first">Sidney</forename><surname>Greenbaum</surname></persName>
		</author>
		<author>
			<persName><forename type="first">Geoffrey</forename><surname>Leech</surname></persName>
		</author>
		<author>
			<persName><forename type="first">Jan</forename><surname>Svartvik</surname></persName>
		</author>
		<imprint>
			<date type="published" when="1985">1985</date>
			<publisher>Longman</publisher>
		</imprint>
	</monogr>
	<note type="raw_reference">Randolph Quirk, Sidney Greenbaum, Geoffrey Leech, and Jan Svartvik. 1985. A Comprehensive Grammar of the English Language. Longman.</note>
</biblStruct>

<biblStruct xml:id="b25">
	<analytic>
		<title level="a" type="main">How naked is the naked truth? a multilingual lexicon of nominal compound compositionality</title>
		<author>
			<persName><forename type="first">Carlos</forename><surname>Ramisch</surname></persName>
		</author>
		<author>
			<persName><forename type="first">Silvio</forename><surname>Cordeiro</surname></persName>
		</author>
		<author>
			<persName><forename type="first">Leonardo</forename><surname>Zilio</surname></persName>
		</author>
		<author>
			<persName><forename type="first">Marco</forename><surname>Idiart</surname></persName>
		</author>
		<author>
			<persName><forename type="first">Aline</forename><surname>Villavicencio</surname></persName>
		</author>
		<author>
			<persName><forename type="first">Rodrigo</forename><surname>Wilkens</surname></persName>
		</author>
	</analytic>
	<monogr>
		<title level="m">Proc. Annual Meeting of the Association for Computational Linguistics (ACL)</title>
				<meeting>Annual Meeting of the Association for Computational Linguistics (ACL)</meeting>
		<imprint>
			<date type="published" when="2016">2016</date>
		</imprint>
	</monogr>
	<note type="raw_reference">Carlos Ramisch, Silvio Cordeiro, Leonardo Zilio, Marco Idiart, Aline Villavicencio, and Rodrigo Wilkens. 2016. How naked is the naked truth? a multilingual lexicon of nominal compound compo- sitionality. In Proc. Annual Meeting of the Associa- tion for Computational Linguistics (ACL).</note>
</biblStruct>

<biblStruct xml:id="b26">
	<analytic>
		<title level="a" type="main">An empirical study on compositionality in compound nouns</title>
		<author>
			<persName><forename type="first">Siva</forename><surname>Reddy</surname></persName>
		</author>
		<author>
			<persName><forename type="first">Diana</forename><surname>Mccarthy</surname></persName>
		</author>
		<author>
			<persName><forename type="first">Suresh</forename><surname>Manandhar</surname></persName>
		</author>
	</analytic>
	<monogr>
		<title level="m">Proceedings of the 5th International Joint Conference on Natural Language Processing</title>
				<meeting>the 5th International Joint Conference on Natural Language Processing</meeting>
		<imprint>
			<date type="published" when="2011">2011</date>
			<biblScope unit="page" from="210" to="218" />
		</imprint>
	</monogr>
	<note type="raw_reference">Siva Reddy, Diana McCarthy, and Suresh Manandhar. 2011. An empirical study on compositionality in compound nouns. In Proceedings of the 5th Interna- tional Joint Conference on Natural Language Pro- cessing, pages 210-218.</note>
</biblStruct>

<biblStruct xml:id="b27">
	<analytic>
		<title level="a" type="main">Masked Language Model Scoring</title>
		<author>
			<persName><forename type="first">Julian</forename><surname>Salazar</surname></persName>
		</author>
		<author>
			<persName><forename type="first">Davis</forename><surname>Liang</surname></persName>
		</author>
		<author>
			<persName><forename type="first">Toan</forename><forename type="middle">Q</forename><surname>Nguyen</surname></persName>
		</author>
		<author>
			<persName><forename type="first">Katrin</forename><surname>Kirchhoff</surname></persName>
		</author>
	</analytic>
	<monogr>
		<title level="m">Proc. Annual Meeting of the Association for Computational Linguistics (ACL)</title>
				<meeting>Annual Meeting of the Association for Computational Linguistics (ACL)</meeting>
		<imprint>
			<date type="published" when="2020">2020</date>
		</imprint>
	</monogr>
	<note type="raw_reference">Julian Salazar, Davis Liang, Toan Q. Nguyen, and Katrin Kirchhoff. 2020. Masked Language Model Scoring. In Proc. Annual Meeting of the Association for Computational Linguistics (ACL).</note>
</biblStruct>

<biblStruct xml:id="b28">
	<analytic>
		<title level="a" type="main">ÚFAL at MRP 2020: Permutation-invariant Semantic Parsing in PERIN</title>
		<author>
			<persName><forename type="first">David</forename><surname>Samuel</surname></persName>
		</author>
		<author>
			<persName><forename type="first">Milan</forename><surname>Straka</surname></persName>
		</author>
	</analytic>
	<monogr>
		<title level="m">Proc. CoNLL 2020 Shared Task: Cross-Framework Meaning Representation Parsing</title>
				<meeting>CoNLL 2020 Shared Task: Cross-Framework Meaning Representation Parsing</meeting>
		<imprint>
			<date type="published" when="2020">2020</date>
			<biblScope unit="page" from="53" to="64" />
		</imprint>
	</monogr>
	<note type="raw_reference">David Samuel and Milan Straka. 2020. ÚFAL at MRP 2020: Permutation-invariant Semantic Parsing in PERIN. In Proc. CoNLL 2020 Shared Task: Cross- Framework Meaning Representation Parsing, page 53-64.</note>
</biblStruct>

<biblStruct xml:id="b29">
	<analytic>
		<title level="a" type="main">Automatic Paraphrase Acquisition from News Articles</title>
		<author>
			<persName><forename type="first">Yusuke</forename><surname>Shinyama</surname></persName>
		</author>
		<author>
			<persName><forename type="first">Satoshi</forename><surname>Sekine</surname></persName>
		</author>
		<author>
			<persName><forename type="first">Kiyoshi</forename><surname>Sudo</surname></persName>
		</author>
	</analytic>
	<monogr>
		<title level="m">Proc. Second international conference on Human Language Technology Research (HLT)</title>
				<meeting>Second international conference on Human Language Technology Research (HLT)</meeting>
		<imprint>
			<date type="published" when="2002">2002</date>
		</imprint>
	</monogr>
	<note type="raw_reference">Yusuke Shinyama, Satoshi Sekine, and Kiyoshi Sudo. 2002. Automatic Paraphrase Acquisition from News Articles. In Proc. Second international con- ference on Human Language Technology Research (HLT).</note>
</biblStruct>

<biblStruct xml:id="b30">
	<analytic>
		<title level="a" type="main">Still a Pain in the Neck: Evaluating Text Representations on Lexical Composition</title>
		<author>
			<persName><forename type="first">Vered</forename><surname>Shwartz</surname></persName>
		</author>
		<author>
			<persName><forename type="first">Ido</forename><surname>Dagan</surname></persName>
		</author>
	</analytic>
	<monogr>
		<title level="j">Transactions of the Association for Computational Linguistics</title>
		<imprint>
			<biblScope unit="volume">7</biblScope>
			<biblScope unit="page" from="403" to="419" />
			<date type="published" when="2019">2019</date>
		</imprint>
	</monogr>
	<note type="raw_reference">Vered Shwartz and Ido Dagan. 2019. Still a Pain in the Neck: Evaluating Text Representations on Lexical Composition. Transactions of the Association for Computational Linguistics, 7:403-419.</note>
</biblStruct>

<biblStruct xml:id="b31">
	<analytic>
		<title level="a" type="main">A Taxonomy, Dataset, and Classifier for Automatic Noun Compound Interpretation</title>
		<author>
			<persName><forename type="first">Stephen</forename><surname>Tratz</surname></persName>
		</author>
		<author>
			<persName><forename type="first">Eduard</forename><surname>Hovy</surname></persName>
		</author>
	</analytic>
	<monogr>
		<title level="m">Proc. 48th Annual Meeting of the Association for Computational Linguistics (ACL)</title>
				<meeting>48th Annual Meeting of the Association for Computational Linguistics (ACL)</meeting>
		<imprint>
			<date type="published" when="2010">2010</date>
			<biblScope unit="page" from="678" to="687" />
		</imprint>
	</monogr>
	<note type="raw_reference">Stephen Tratz and Eduard Hovy. 2010. A Taxonomy, Dataset, and Classifier for Automatic Noun Com- pound Interpretation. In Proc. 48th Annual Meet- ing of the Association for Computational Linguistics (ACL), page 678-687.</note>
</biblStruct>

				</listBibl>
			</div>
		</back>
	</text>
</TEI>
