<?xml version="1.0" encoding="UTF-8"?>
<TEI xml:space="preserve" xmlns="http://www.tei-c.org/ns/1.0" 
xmlns:xsi="http://www.w3.org/2001/XMLSchema-instance" 
xsi:schemaLocation="http://www.tei-c.org/ns/1.0 https://raw.githubusercontent.com/kermitt2/grobid/master/grobid-home/schemas/xsd/Grobid.xsd"
 xmlns:xlink="http://www.w3.org/1999/xlink">
	<teiHeader xml:lang="en">
		<fileDesc>
			<titleStmt>
				<title level="a" type="main">UniDS: A Unified Dialogue System for Chit-Chat and Task-oriented Dialogues</title>
			</titleStmt>
			<publicationStmt>
				<publisher/>
				<availability status="unknown"><licence/></availability>
			</publicationStmt>
			<sourceDesc>
				<biblStruct>
					<analytic>
						<author>
							<persName><forename type="first">Xinyan</forename><surname>Zhao</surname></persName>
							<affiliation key="aff0">
								<orgName type="institution">University of Science and Technology</orgName>
								<address>
									<country key="CN">China</country>
								</address>
							</affiliation>
							<affiliation key="aff1">
								<orgName type="laboratory">Huawei Noah&apos;s Ark Lab</orgName>
							</affiliation>
						</author>
						<author>
							<persName><forename type="first">Yasheng</forename><surname>Wang</surname></persName>
							<email>wangyasheng@huawei.com</email>
							<affiliation key="aff1">
								<orgName type="laboratory">Huawei Noah&apos;s Ark Lab</orgName>
							</affiliation>
						</author>
						<author>
							<persName><forename type="first">Yitong</forename><surname>Li</surname></persName>
							<email>liyitong3@huawei.com</email>
							<affiliation key="aff1">
								<orgName type="laboratory">Huawei Noah&apos;s Ark Lab</orgName>
							</affiliation>
						</author>
						<author>
							<persName><forename type="first">Fei</forename><surname>Mi</surname></persName>
							<email>mifei2@huawei.com</email>
							<affiliation key="aff1">
								<orgName type="laboratory">Huawei Noah&apos;s Ark Lab</orgName>
							</affiliation>
						</author>
						<author>
							<persName><forename type="first">Yajiao</forename><surname>Liu</surname></persName>
							<email>yajiao.liu@huawei.com</email>
							<affiliation key="aff1">
								<orgName type="laboratory">Huawei Noah&apos;s Ark Lab</orgName>
							</affiliation>
						</author>
						<author>
							<persName><forename type="first">Xin</forename><surname>Jiang</surname></persName>
							<email>jiang.xin@huawei.com</email>
							<affiliation key="aff1">
								<orgName type="laboratory">Huawei Noah&apos;s Ark Lab</orgName>
							</affiliation>
						</author>
						<author>
							<persName><forename type="first">Qun</forename><surname>Liu</surname></persName>
							<email>qun.liu@huawei.com</email>
						</author>
						<author>
							<persName><forename type="first">Huanhuan</forename><surname>Chen</surname></persName>
							<email>hchen@ustc.edu.cn</email>
							<affiliation key="aff0">
								<orgName type="institution">University of Science and Technology</orgName>
								<address>
									<country key="CN">China</country>
								</address>
							</affiliation>
							<affiliation key="aff1">
								<orgName type="laboratory">Huawei Noah&apos;s Ark Lab</orgName>
							</affiliation>
						</author>
						<title level="a" type="main">UniDS: A Unified Dialogue System for Chit-Chat and Task-oriented Dialogues</title>
					</analytic>
					<monogr>
						<imprint>
							<date/>
						</imprint>
					</monogr>
					<idno type="MD5">086D0DB21923670E6B6F7D1FAF9E7404</idno>
				</biblStruct>
			</sourceDesc>
		</fileDesc>
		<encodingDesc>
			<appInfo>
				<application version="0.7.3-SNAPSHOT" ident="GROBID" when="2023-01-12T07:23+0000">
					<desc>GROBID - A machine learning software for extracting information from scholarly documents</desc>
					<ref target="https://github.com/kermitt2/grobid"/>
				</application>
			</appInfo>
		</encodingDesc>
		<profileDesc>
			<abstract>
<div xmlns="http://www.tei-c.org/ns/1.0"><p>With the advances in deep learning, tremendous progress has been made with chit-chat dialogue systems and task-oriented dialogue systems. However, these two systems are often tackled separately in current methods. To achieve more natural interaction with humans, dialogue systems need to be capable of both chatting and accomplishing tasks. To this end, we propose a unified dialogue system (UniDS) with the two aforementioned skills. In particular, we design a unified dialogue data schema, compatible for both chit-chat and task-oriented dialogues. Besides, we propose a two-stage training method to train UniDS based on the unified dialogue data schema. UniDS does not need to adding extra parameters to existing chit-chat dialogue systems. Experimental results demonstrate that the proposed UniDS works comparably well as the state-of-the-art chit-chat dialogue systems and task-oriented dialogue systems. More importantly, UniDS achieves better robustness than pure dialogue systems and satisfactory switch ability between two types of dialogues. This work demonstrates the feasibility and potential of building a general dialogue system.</p></div>
			</abstract>
		</profileDesc>
	</teiHeader>
	<text xml:lang="en">
		<body>
<div xmlns="http://www.tei-c.org/ns/1.0"><head n="1">Introduction</head><p>Dialogue system is an important tool to achieve intelligent user interaction, and it is actively studied by NLP and other communities. Current research of dialogue systems focus on task-oriented dialogue (TOD) systems <ref type="bibr" target="#b4">(Hosseini-Asl et al., 2020;</ref><ref type="bibr" target="#b12">Peng et al., 2020;</ref><ref type="bibr" target="#b18">Yang et al., 2021)</ref>, achieving functional goals, and chit-chat dialogue systems aiming at entertainment <ref type="bibr" target="#b23">(Zhou et al., 2018;</ref><ref type="bibr" target="#b20">Zhang et al., 2020;</ref><ref type="bibr" target="#b22">Zhao et al., 2020;</ref><ref type="bibr" target="#b14">Roller et al., 2021)</ref>. Different methods are devised for these two types of dialogue systems separately. However, a more suitable way for users would be to have one dialogue agent that is able to handle both chit-chat and TOD * This work was done during an internship at Huawei Noah's Ark Lab.  in one conversation. As illustrated in Figure <ref type="figure" target="#fig_1">1</ref>, users may have communication-oriented needs (e.g. chatting about money and happiness) and task-oriented needs (e.g. hotel reservation) when interacting with a dialogue agent. Furthermore, inputs of dialogue systems are often interfered by background noise, such as voice from other people or devices, collected by the preceding automatic speech recognition (ASR) module. Therefore, the chit-chat ability may also improve the robustness of a task-oriented dialog system <ref type="bibr" target="#b21">(Zhao et al., 2017)</ref>.</p><p>As shown in Table1, there are many differences between chit-chat and task-oriented dialogues. Creating a single model for different tasks without performance degradation is challenging <ref type="bibr" target="#b6">(Kaiser et al., 2017)</ref>. Some works attempt to model different dialogue skills via different experts or adapters <ref type="bibr" target="#b10">(Madotto et al., 2020;</ref><ref type="bibr" target="#b8">Lin et al., 2021)</ref>. However, these methods increase the number of parameters and hard to achieve satisfactory performance on both types of dialogues. Besides, previous work lack the exploration of the ability to switch between different types of dialogues.</p><p>This work proposes a auto-regressive language model based dialogue system to handle chit-chat</p></div>
<div xmlns="http://www.tei-c.org/ns/1.0"><head>Diversity Purpose</head><p>Turns Mainstream method Chit-chat Strong Entertainment Long End-to-end method Task-oriented dialogue Weak</p><p>Completing tasks Short Pipeline method * and TOD in a unified framework (UniDS). Specifically, since chit-chat data do not have explicit belief state and agent action, to unify chit-chat and task-oriented dialogues format, we device belief state and agent act for chit-chat dialogues as taskoriented dialogues. On the other hand, because of the diversity of chit-chat, chit-chat dialogue systems need more training data than task-oriented dialogue systems, e.g., 147,116,725 dialogues for DialoGPT <ref type="bibr" target="#b13">(Radford et al., 2019)</ref> and 8,438 dialogues for UBAR <ref type="bibr" target="#b18">(Yang et al., 2021)</ref>. To overcome this difference, we propose to train UniDS in a twostage way. A chit-chat model is first trained with huge chit-chat dialogues, and then we train UniDS from the chit-chat dialogue system with mixed dialogues based on our proposed unified dialogue data schema.</p><p>We evaluate UniDS using a public task-oriented dialogue dataset MultiWOZ and a chit-chat dataset extracted from Reddit<ref type="foot" target="#foot_0">1</ref> through both automatic and human evaluations. UniDS achieves comparable performance compared to the state-of-the-art chit-chat dialogue system DialoGPT, and TOD system UBAR. In addition, we empirically show that UniDS is more robust to noise in task-oriented dialogues, and UniDS shows a desirable ability to switch between the two types of dialogues.</p><p>The contributions of this work are summarised as follows:</p><p>• To the best of our knowledge, this is the first work presenting a unified dialogue system to jointly handle chit-chat and task-oriented dialogues in an end-to-end way.</p><p>• We design a unified dialogue data schema for chit-chat and TOD, allowing the training and inference of dialogue systems to be performed in a unified manner.</p><p>• To tackle the gap between chit-chat dialogue systems and task-oriented dialogue systems in the requirement of training data, a two-stage training method is proposed to train UniDS.</p><p>• Extensive empirical results show that UniDS performs comparably to state-of-the-art chitchat dialogue systems and task-oriented dialogue systems. Moreover, UniDS achieves better robustness to dialog noise and satisfactory switch ability between two types of dialogues.</p></div>
<div xmlns="http://www.tei-c.org/ns/1.0"><head n="2">Related Work</head><p>With the development of large-scale language models, chit-chat dialogue systems achieve remarkable success. Based on GPT-2 <ref type="bibr" target="#b13">(Radford et al., 2019)</ref>, DialoGPT <ref type="bibr" target="#b20">(Zhang et al., 2020)</ref> is further trained on large-scale dialogues extracted from Reddit. Di-aloGPT could generate more relevant, contentful, and fluent responses than previous methods. Afterwards, larger pre-train LM based chit-chat dialogue systems <ref type="bibr" target="#b1">(Adiwardana et al., 2020;</ref><ref type="bibr" target="#b2">Bao et al., 2020;</ref><ref type="bibr" target="#b14">Roller et al., 2021)</ref> are proposed and achieve even better performance. In the area of task-oriented dialogue systems, recent research <ref type="bibr" target="#b4">(Hosseini-Asl et al., 2020;</ref><ref type="bibr" target="#b12">Peng et al., 2020;</ref><ref type="bibr" target="#b18">Yang et al., 2021)</ref> concatenated elements in a dialogue into one sequence and utilized pre-train LM to generate the belief state, system act, and response in an end-to-end way and achieved promising results.</p><p>There are several works related to the unified dialogue system. <ref type="bibr" target="#b21">Zhao et al. (2017)</ref> insert one turn chit-chat dialogue into task-oriented dialogues to train a model with better out-of-domain recovery ability. Attention over Parameters (AoP) <ref type="bibr" target="#b10">(Madotto et al., 2020)</ref> utilizes different decoders for different dialogue skills (e.g., hotel booking, restaurant booking, chit). However, the performance of AoP can be improved and it largely increases parameters comparing with models that handle a single type of dialogues. ACCENTOR <ref type="bibr" target="#b16">(Sun et al., 2021)</ref> adds chit-chat utterance at the beginning or end of task-oriented responses to make the conversation more engaging, but ACCENTOR is unable to have a chit-chat with users. Unlike the above works, UniDS does not add extra parameters to existing dialogue models, and UniDS could alternatively handle chit-chat and task-oriented dialogues in a seamless way.</p></div>
<div xmlns="http://www.tei-c.org/ns/1.0"><head n="3">Unified Dialogue System</head></div>
<div xmlns="http://www.tei-c.org/ns/1.0"><head n="3.1">Architecture of UniDS</head><p>As illustrated in Figure <ref type="figure">2</ref>, we formulate unified dialogue system as an auto-regressive language model. A dialogue session at turn t has the following components: user input U t , belief state B t , database search result D t , system act A t , and response R t . Each component consists of tokens from a fixed vocabulary. For turn t, the dialogue context C t is the concatenation of all the components of the previous dialogues as well as the user input at turn t:</p><formula xml:id="formula_0">C t = [U 0 , B 0 , D 0 , A 0 , R 0 , • • • , R t−1 , U t ].</formula><p>Given the dialogue context C t , UniDS first generates the belief state B t :</p><formula xml:id="formula_1">B t = UniDS(C t ) ,<label>(1)</label></formula><p>and use it to search the database to get the search result D t . Then, UniDS generates the system act A t conditioned on the updated context by extending C t with B t and D t :</p><formula xml:id="formula_2">A t = UniDS([C t , B t , D t ]) .<label>(2)</label></formula><p>Lastly, the response R t is generated conditioned on the concatenation of all previous components:</p><formula xml:id="formula_3">R t = UniDS([C t , B t , D t , A t ]) .</formula><p>(3)</p></div>
<div xmlns="http://www.tei-c.org/ns/1.0"><head n="3.2">Unified Dialogue Data Schema</head><p>In the widely adopted task-oriented dialogue system pipeline, a dialogue session consists of a user input utterance, a belief state that represents the user intention, a database search result, a system act, and a system response <ref type="bibr" target="#b19">(Young et al., 2013;</ref><ref type="bibr" target="#b18">Yang et al., 2021)</ref>. However, due to the diversity of chit-chat and the cost of manual annotation, chit-chat dialogue systems do not assume the existence of the belief state nor system act <ref type="bibr" target="#b2">(Bao et al., 2020;</ref><ref type="bibr" target="#b20">Zhang et al., 2020)</ref>. The inconsistency of data format between chit-chat and TOD hinders the implementation of a unified model. To tackle this problem, we design a data schema with belief state, database result representation and system act for chit-chat. Table <ref type="table" target="#tab_2">2</ref> illustrates such unified data schema with examples. The following sections explain each component in detail.</p></div>
<div xmlns="http://www.tei-c.org/ns/1.0"><head n="3.2.1">Belief state</head><p>The unified belief state is represented in the form of "&lt;domain&gt; slot [value]". A belief state could have several domains, each containing several slot-value pairs. As we can observe, extracting belief state of TOD may need to copy some words from the user utterance. To make UniDS keep this copy mechanism, for chit-chat, nouns in the user utterance U t are extracted as the slot or value of belief state.</p></div>
<div xmlns="http://www.tei-c.org/ns/1.0"><head n="3.2.2">DB result</head><p>We use a special token to represent the number of matched entities under the constraints of the belief state in the current turn.</p></div>
<div xmlns="http://www.tei-c.org/ns/1.0"><head n="3.2.3">System act</head><p>System acts are represented as "&lt;domain&gt; &lt;act&gt; [slot]" for TOD. The meaning of "&lt;domain&gt;" is the same as in belief states. "[act]" denotes the type of action the system needs to perform. Following the "domain-act" pair, slots are optional. For chit-chat, token "&lt;chit_act&gt;" denotes the dialogue system will chat with the user. Therefore, a processed dialogue sequence X t at turn t for either TOD or chit-chat can be both represented as:</p><formula xml:id="formula_4">X t = [C t , B t , D t , A t , R t ].</formula><p>(4)</p></div>
<div xmlns="http://www.tei-c.org/ns/1.0"><head n="3.3">Two-stage training method</head><p>Since the diversity of chit-chat in topics and terms, chit-chat dialogue systems need much larger training data than task-oriented dialogue systems. If directly training UniDS with the unified dialogue data which contains much more chit-chat dialogues than task-oriented dialogues, the trained model may ignore the ability to complete task-oriented dialogues. Therefore, this work proposes a two-stage method for training UniDS. As illustrated in Figure <ref type="figure" target="#fig_2">3</ref>, we propose to first train a chit-chat dialogue model with huge chit-chat dialogues, and then we train UniDS from the chit-chat dialogue system with mixed dialogues. The mixed dialogue data is obtained by mixing chit-chat and TOD data which are pre-processed by the proposed unified data schema in the ratio of 1:1. Motivated by the recent success of applying GPT-2 for task-oriented dialogue systems <ref type="bibr" target="#b4">(Hosseini-Asl et al., 2020;</ref><ref type="bibr" target="#b12">Peng et al., 2020;</ref><ref type="bibr" target="#b18">Yang et al., 2021)</ref> and chit-chat dialogue systems <ref type="bibr" target="#b20">(Zhang et al., 2020)</ref>, we use DialoGPT <ref type="bibr" target="#b20">(Zhang et al., 2020)</ref>    in an auto-regressive manner as:</p><formula xml:id="formula_5">L = N i=1 − log P (x i |x &lt;i ) ,<label>(5)</label></formula><p>where x i is a token of X t , and x &lt;i are the preceding tokens. tiWOZ have 8438/1000/1000 dialogues, respectively. Each dialogue contains 1 to 3 domains.</p></div>
<div xmlns="http://www.tei-c.org/ns/1.0"><head n="4.1.2">Chit-chat Dataset</head><p>We derived open-domain chit-chat dialogue from Reddit dump<ref type="foot" target="#foot_1">3</ref> . To avoid overlapping, the chit-chat training set and test set are extracted from the Reddit posts in 2017 and 2018 respectively. To ensure the generation quality, we conduct a careful data cleaning. A conversation will be filtered when (1) there is a URL in the utterance; (2) there is an utterance longer than 200 words or less than 2 words; (3) the dialogue contains "[removed]" or "[deleted]" tokens; (4) the number of utterances in the dialogue is less than 4; (5) the dialogue contains offensive words. Finally, we sample 8, 438 dialogues for training which is the same size as the training set of MultiWOZ. The validation set and test set contain 6, 000 dialogues and 8, 320 dialogues, respectively.</p></div>
<div xmlns="http://www.tei-c.org/ns/1.0"><head n="4.2">Baselines</head><p>For chit-chat dialogue, we compare UniDS with Di-aloGPT <ref type="bibr" target="#b20">(Zhang et al., 2020)</ref>. For fair comparisons, we further fine-tune a 12-layer DialoGPT and a 24layer DialoGPT with our chit-chat dialogue training set, which we refer to as DialoGPT-12L and DialoGPT-24L, respectively.</p><p>For TOD, we consider the state-of-the-art endto-end TOD system UBAR <ref type="bibr" target="#b18">(Yang et al., 2021)</ref> and PPTOD <ref type="bibr" target="#b15">(Su et al., 2021)</ref>. For a fair comparison with UniDS, we also fine-tune UBAR from 12 layers DialoGPT and 24 layers DialoGPT with Multi-WOZ dataset, the fine-tuned models are denoted as UBAR-12L and UBAR-24L, respectively.</p></div>
<div xmlns="http://www.tei-c.org/ns/1.0"><head n="4.3">Implementation Details</head><p>UniDS and baselines are implemented based on HuggingFace's Transformers <ref type="bibr" target="#b17">(Wolf et al., 2019)</ref>. The max sequence length is 1024 and sequences longer than 1024 are truncated from the head. We use the AdamW optimizer <ref type="bibr" target="#b9">(Loshchilov and Hutter, 2019)</ref> and greedy decoding method for inference. All models are trained on a single Tesla V100, and we perform a hyper-parameter search on batch size and learning rate. The best model and hyperparameter are selected through the performance on the validation set of MultiWOZ only.</p><p>As shown in Table1, chit-chat dialogues need to attract users to talk more, while TOD needs to complete tasks as soon as possible. Therefore, a model trained with the mixed dialogue data tends to talk long turns instead of efficiently completing the task. Since entity recommendation acts are important for dialogue system to complete tasks efficiently, we use a weighted cross-entropy loss as the training objective of UniDS. We assign larger weights to tokens about entity recommendation actions. We empirically set the weight of entity recommendation actions in loss function to 2 4 , weights of other 4 The appendix gives discussions for other values of weight, but does not affect the overall conclusion.</p><p>tokens are set to 1 by default.</p></div>
<div xmlns="http://www.tei-c.org/ns/1.0"><head n="4.4">Evaluation Metrics</head><p>For chit-chat dialogues, the BLEU score <ref type="bibr" target="#b11">(Papineni et al., 2002)</ref> and the average length of the generated responses are reported. Because of the diversity of chit-chat, BLEU may be difficult to reflect the quality of chit-chat responses, we also report distinct-1 and distinct-2 <ref type="bibr" target="#b7">(Li et al., 2016)</ref> of generated dialogues, which is defined as the rate of distinct uniand bi-grams in the generated sentences. We also conduct a human evaluation on 50 randomly sampled test dialogues for two 24 layers models. Three judges evaluate them in terms of relevance, informativeness, and how human-like the response is with a 3-point Likert-like scale <ref type="bibr" target="#b5">(Joshi et al., 2015)</ref>.</p><p>For TOD, we follow UBAR to use the following automatic metrics: Inform refers to the rate of the entities provided by a model are correct; success measures the rate of a model has answered all the requested information; and BLEU to measure the fluency of generated responses. A combined score is computed as (Inform + Success) × 0.5 + BLEU to measure the overall response quality.</p></div>
<div xmlns="http://www.tei-c.org/ns/1.0"><head n="4.5">Overall results</head><p>Table <ref type="table" target="#tab_4">3</ref> presents the overall comparison results of automatic evaluation. The first block shows the results of UBAR. The following two blocks are various baselines trained on 12 or 24 layers Di-aloGPT respectively. From these results, we have the following observations. i) For the chit-chat task, UniDS achieves comparable performance with DialoGPT.    chat ability even after training with the mixed dialogue data.</p><p>ii) For the TOD task, UniDS achieves better performance than UBAR for the same parameter size. For both 12L and 24L DialoGPT, UniDS improves the BLEU score and the Combined score compared with UBAR. We believe this is because combining chit-chat dialogues for training helps the model to generate more fluent responses.</p><p>Furthermore, we also provide the human evaluation results in Table <ref type="table" target="#tab_7">5</ref>. UniDS is compared to DialoGPT regarding three dimensions for chit-chat dialogues. We could see that UniDS consistently wins the majority cases for all three aspects, including relevance, informativeness, and human-like.</p></div>
<div xmlns="http://www.tei-c.org/ns/1.0"><head n="4.6">Analysis</head></div>
<div xmlns="http://www.tei-c.org/ns/1.0"><head n="4.6.1">Ablation Study</head><p>In this experiment (c.f. Table <ref type="table" target="#tab_5">4</ref>), we compare two simplified versions of UniDS to understand the effects of different components. For comparison, we report the performance of 1) removing slots in belief state of chit-chat, denoted as "UniDS w/o chit-chat BS", and 2) replacing the weighted crossentropy loss with a standard cross-entropy loss, denoted as "UniDS w/o weighted loss". Next, we elaborate our observations w.r.t. these two components.</p><p>w/o chit-chat BS: When removing the belief state of chit-chat dialogues, the performances of both UniDS-12L and UniDS-24L drop w.r.t. inform, success, and combined score for TOD. We believe the reason is that the process of extracting the belief state needs to copy some keywords from the user utterance, and even extracting nouns as belief state for chit-chat is helpful for UniDS to learn this copy mechanism in the TOD task. Taking the case in Figure <ref type="figure">4</ref> as an example, UniDS w/o chit-chat BS (left) fails to extract the user's interest in searching restaurants, while UniDS (right) extracts the restaurant slot successfully. As a result, UniDS could recommend the right entities. Furthermore, removing chit-chat BS does not degrade the performance of chit-chat.  w/o weighted loss: When replacing the weighted cross-entropy loss in UniDS with standard crossentropy loss, we observe a notable drop w.r.t. inform, success, and combined score in task-oriented metrics. These results demonstrate that giving more attention to entity recommendation acts helps the task completion capability. Moreover, dropping the weight loss does not affect the performance of chitchat much.</p><p>Overall, we contend both "chit-chat BS" and "weighted loss" are beneficial for task-oriented dialogues without degrading the chit-chat capability.</p></div>
<div xmlns="http://www.tei-c.org/ns/1.0"><head n="4.6.2">Analysis of Switching Ability</head><p>In real-world scenarios, it is common and natural for users to switch between chit-chat and taskoriented dialogues. Therefore, we investigate the switch ability of UniDS in this subsection. To simulate the scenario of dialogue switching, we consider two setups: (1) having two turns of chit-chat dialogues before the start of a task-oriented dialogue and (2) pre-pending two turns of task-oriented dialogues at the beginning of a chit-chat dialogue. To evaluate the model's ability to switch between two types of dialogues, we propose a metric, called Switch-n, which is defined as the rate of a model switches its response type within the first n turns after a user switches the type of input. Additionally, we also report the model performance after the switching.</p><p>Tables <ref type="table" target="#tab_9">6 and 7</ref> present the results of the two switching setups, and we have the following observations:</p><p>(i) It is not surprising that adding switching tasks for both chit-chat and TOD degrades the performance of UniDS, as the added 2 turns of switching utterances introduce irrelevant con-   tent, which distracts the model. However, focusing on the switching task, we observe that for almost 98% of cases, UniDS can success in dialogue task switching, from chit-chat to TOD and vice versa, within the first two turns (Switch-1 and Switch-2). This demonstrates UniDS has a good ability to switch between two types of dialogue tasks.</p><p>(ii) When switching from task-oriented dialogues to chit-chat dialogues, the value of Switch-1 is relatively low, this may because our model tends to confirm user intents or give a transitional response rather than switch to chit-chat mode immediately. As the case shown in Table 8, when the user switches from TOD to chit-chat, UniDS gives a chatty response and thanks the user for using its services.</p></div>
<div xmlns="http://www.tei-c.org/ns/1.0"><head n="4.6.3">Robustness Study</head><p>Many real-world dialogue systems need real-time speech recognition to interact with users, which is easily interfered by background noise from the background environment (e.g. other people and devices). Therefore, we analyze the robustness of UniDS and UBAR by inserting several turns of irrelevant chit-chat utterances into the TOD, and we evaluate the model performance against such noise.</p><p>As observed in Table <ref type="table" target="#tab_12">9</ref>, both UniDS and UBAR drops on the combined score when only one turn of chit-chat dialogue is inserted. However, UniDS drop less than UBAR (about 4 vs. 6 points). Similarly, when two turns of chit-chat are inserted into TOD, UniDS drops about 8 points, and UBAR drops about 11 points on the combined score. These results demonstrate that UniDS has stronger robustness to such task-irrelevant noise than UBAR. We present an interesting case in Figure <ref type="figure" target="#fig_4">5</ref>. When giving a task-irrelevant utterance, UBAR-24L reserves a train for the user randomly, which makes the task failed because the user intent is incomplete, while UniDS keeps the previous belief state and gives a chatty response. When the user returns to the TOD, UniDS can continue with the task.</p></div>
<div xmlns="http://www.tei-c.org/ns/1.0"><head n="5">Conclusion</head><p>This paper proposes a unified dialogue system (UniDS) to jointly handle both chit-chat and taskoriented dialogues in an end-to-end framework. Specifically, we propose a unified dialogue data schema for both chit-chat and task-oriented dialogues, and a two-stage method to train UniDS. To our best knowledge, this is the first study towards an end-to-end unified dialogue system.</p><p>Experiments show that UniDS performs comparably with state-of-the-art chit-chat dialogue systems and task-oriented dialogue systems without adding extra parameters to current chit-chat dialogue systems. More importantly, the proposed UniDS achieves good switch ability and shows better robustness than pure task-oriented dialogue systems. Although question answering (QA) is not considered in the proposed UniDS, as an initial attempt, our explorations may inspire future studies towards building a general dialogue system.</p></div>
<div xmlns="http://www.tei-c.org/ns/1.0"><head n="6">Ethical Considerations</head><p>We notice that some chit-chat utterances generated by the proposed UniDS may be unethical, biased or offensive. Toxic output is one of the main issues of current state-of-the-art dialogue models trained on large naturally-occurring datasets. We look forward to furthering progress in the detection and control of toxic outputs.</p></div><figure xmlns="http://www.tei-c.org/ns/1.0" xml:id="fig_0"><head>I</head><label></label><figDesc>would like someone in the center. Does money buy happiness? I don't have much money... User System I am looking for a place to stay that has cheap price range it should be in a type of hotel. Depends how much money you spend on it.Okay, do you have a specific area you want to stay in?</figDesc></figure>
<figure xmlns="http://www.tei-c.org/ns/1.0" xml:id="fig_1"><head>Figure 1 :</head><label>1</label><figDesc>Figure 1: Illustration of users being interested to chitchat with the dialogue system before booking a hotel.</figDesc></figure>
<figure xmlns="http://www.tei-c.org/ns/1.0" xml:id="fig_2"><head>Figure 3 :</head><label>3</label><figDesc>Figure 3: Training process of UniDS.</figDesc></figure>
<figure xmlns="http://www.tei-c.org/ns/1.0" xml:id="fig_3"><head></head><label></label><figDesc>Figure 4: TOD examples from UniDS w/o chit-chat BS and UniDS. UniDS w/o chit-chat BS does not extract the user intent of searching restaurants, but UniDS extracts this intent successfully (highlighted in italics).</figDesc></figure>
<figure xmlns="http://www.tei-c.org/ns/1.0" xml:id="fig_4"><head>Figure 5 :</head><label>5</label><figDesc>Figure 5: Examples of UBAR-DialoGPT-24L and UniDS-24L when inserting a task-irrelevant utterance in a task-oriented dialogue. UBAR-DialoGPT reserves a train for the user randomly, which makes the task failed because the user intent is incomplete; while UniDS keeps the previous belief state and gives a chatty response. When the user returns to the TOD, UniDS could continue with the task.</figDesc></figure>
<figure xmlns="http://www.tei-c.org/ns/1.0" type="table" xml:id="tab_0"><head>Table 1 :</head><label>1</label><figDesc>Differences between chit-chat and task-oriented dialogues. *: The model will predict belief state and system act before giving a response, to this end, the training set needs to be annotated with belief state and system act.</figDesc><table /></figure>
<figure xmlns="http://www.tei-c.org/ns/1.0" type="table" xml:id="tab_2"><head>Table 2 :</head><label>2</label><figDesc>Unified dialogue data schema (where tokens inside the square bracket are optional) and examples.</figDesc><table><row><cell></cell><cell>Trained with</cell><cell></cell></row><row><cell>Chit-chat dialogue model</cell><cell>mixed dialogues</cell><cell>UniDS</cell></row></table></figure>
<figure xmlns="http://www.tei-c.org/ns/1.0" type="table" xml:id="tab_4"><head>Table 3 :</head><label>3</label><figDesc>Automatic evaluations of UniDS with two model sizes over two types of dialogue datasets. All results are reported in percentage, except Combined and AvgLen. Best results are in bold. *: Results reported in original paper<ref type="bibr" target="#b18">(Yang et al., 2021)</ref> is not obtained by end-to-end evaluation. This result is reported by authors of UBAR in https://github.com/TonyNemo/UBAR-MultiWOZ/issues/3.</figDesc><table><row><cell>Model UBAR * PPTOD UBAR-12L DialoGPT-12L UniDS-12L UBAR-24L DialoGPT-24L UniDS-24L</cell><cell># of para. 82M ∼220M 117M 117M 117M 345M 345M 345M</cell><cell>Task-oriented Dialogue Inform Success BLEU Combined BLEU Dist-1 Dist-2 AvgLen Chit-chat 91.5 77.4 17.0 101.5 ----89.20 79.40 18.62 102.92 ----89.40 75.10 16.93 99.18 --------0.27 6 32 14.00 87.10 77.00 18.01 100.06 0.35 6 30 12.00 89.40 75.50 16.86 99.31 --------0.43 7 36 12.28 90.30 80.50 18.72 104.12 0.45 6 35 14.62</cell></row></table></figure>
<figure xmlns="http://www.tei-c.org/ns/1.0" type="table" xml:id="tab_5"><head>Table 4 :</head><label>4</label><figDesc>Ablation studies of automatic evaluations for UniDS.</figDesc><table><row><cell>Model</cell><cell cols="8">Task-oriented Dialogue Inform Success BLEU Combined BLEU Dist-1 Dist-2 AvgLen Chit-chat</cell></row><row><cell>UniDS-12L</cell><cell>87.10</cell><cell>77.00</cell><cell>18.01</cell><cell>100.06</cell><cell>0.35</cell><cell>6</cell><cell>30</cell><cell>12.00</cell></row><row><cell>w/o chit-chat BS</cell><cell>83.90</cell><cell>72.80</cell><cell>18.15</cell><cell>96.50</cell><cell>0.37</cell><cell>5</cell><cell>29</cell><cell>14.67</cell></row><row><cell cols="2">w/o weighted loss 81.70</cell><cell>71.20</cell><cell>17.93</cell><cell>94.38</cell><cell>0.33</cell><cell>6</cell><cell>32</cell><cell>14.29</cell></row><row><cell>UniDS-24L</cell><cell>90.30</cell><cell>80.50</cell><cell>18.72</cell><cell>104.12</cell><cell>0.45</cell><cell>6</cell><cell>35</cell><cell>14.62</cell></row><row><cell>w/o chit-chat BS</cell><cell>86.90</cell><cell>78.50</cell><cell>18.71</cell><cell>101.41</cell><cell>0.49</cell><cell>6</cell><cell>33</cell><cell>15.29</cell></row><row><cell cols="2">w/o weighted loss 85.60</cell><cell>76.50</cell><cell>18.96</cell><cell>100.01</cell><cell>0.44</cell><cell>6</cell><cell>34</cell><cell>14.85</cell></row></table><note>For the BLEU score, UniDS outperforms DialoGPT with 12L and 24L. On other metrics, UniDS is comparable with DialoGPT. This demonstrates that UniDS can still keep strong chit-</note></figure>
<figure xmlns="http://www.tei-c.org/ns/1.0" type="table" xml:id="tab_7"><head>Table 5</head><label>5</label><figDesc></figDesc><table><row><cell>: Win rate [%] between the UniDS-24L and DialoGPT-24L using three human evaluation metrics on chit-chat dialogues. "Neutral" means the generated responses of DialoGPT-24L and UniDS-24L are consid-ered to have equal quality.</cell></row></table></figure>
<figure xmlns="http://www.tei-c.org/ns/1.0" type="table" xml:id="tab_8"><head>Table 6 :</head><label>6</label><figDesc>Switching performance of UniDS when having 2 turns chit-chat dialogues before task-orientated dialogues. Numbers in brackets indicates the exactly switching rate at the 2nd turn.</figDesc><table><row><cell cols="5">UniDS BLEU Dist-1 Dist-2 AvgLen Switch-1 Switch-2</cell></row><row><cell>12L 0.22 24L 0.34</cell><cell>4 6</cell><cell>19 31</cell><cell>14.15 16.18</cell><cell>31.8 98.9 (+67.1) 37.0 96.6 (+59.6)</cell></row></table></figure>
<figure xmlns="http://www.tei-c.org/ns/1.0" type="table" xml:id="tab_9"><head>Table 7 :</head><label>7</label><figDesc>Switching performance of UniDS when prepending 2 turns task-oriented dialogues before chit-chat.</figDesc><table /></figure>
<figure xmlns="http://www.tei-c.org/ns/1.0" type="table" xml:id="tab_11"><head>Table 8 :</head><label>8</label><figDesc>Example of UniDS when switching from the task-oriented dialogue to chit-chat. UniDS gives a chatty response and thanks the user for using its services. Dialogue history is omitted.</figDesc><table><row><cell>Model UBAR-12L 99.18 93.76 (-5.42) 88.14 (-11.04) Base 1 turn 2 turns UniDS-12L 100.06 96.13 (-3.93) 91.42 (-8.64) UBAR-24L 99.31 93.08 (-6.23) 88.67 (-10.64) UniDS-24L 104.12 100.71 (-3.41) 95.68 (-8.44)</cell></row></table></figure>
<figure xmlns="http://www.tei-c.org/ns/1.0" type="table" xml:id="tab_12"><head>Table 9 :</head><label>9</label><figDesc>Combined score over TOD dataset for robustness test by inserting 1 and 2 turns of task-irrelavant utterances. Full results are presented in Appendix.</figDesc><table /></figure>
			<note xmlns="http://www.tei-c.org/ns/1.0" place="foot" n="1" xml:id="foot_0">https://www.reddit.com/</note>
			<note xmlns="http://www.tei-c.org/ns/1.0" place="foot" n="3" xml:id="foot_1">https://files.pushshift.io/reddit/comments/</note>
		</body>
		<back>
			<div type="references">

				<listBibl>

<biblStruct xml:id="b0">
	<monogr>
		<title level="m" type="main">Switch-1 Switch-2</title>
		<idno>12L 84.60 72.00 11.72 90.02 65.8 99.5 (+33.7) 24L 85.30 75.70 12.44 92.94 64.4 99.2 (+34.8</idno>
		<imprint>
			<publisher>UniDS Inf. Succ. BLEU Comb</publisher>
		</imprint>
	</monogr>
	<note type="raw_reference">UniDS Inf. Succ. BLEU Comb. Switch-1 Switch-2 12L 84.60 72.00 11.72 90.02 65.8 99.5 (+33.7) 24L 85.30 75.70 12.44 92.94 64.4 99.2 (+34.8)</note>
</biblStruct>

<biblStruct xml:id="b1">
	<monogr>
		<title level="m" type="main">Towards a human-like opendomain chatbot</title>
		<author>
			<persName><forename type="first">References</forename><surname>Daniel Adiwardana</surname></persName>
		</author>
		<author>
			<persName><forename type="first">Minh-Thang</forename><surname>Luong</surname></persName>
		</author>
		<author>
			<persName><forename type="first">David</forename><forename type="middle">R</forename><surname>So</surname></persName>
		</author>
		<author>
			<persName><forename type="first">Jamie</forename><surname>Hall</surname></persName>
		</author>
		<author>
			<persName><forename type="first">Noah</forename><surname>Fiedel</surname></persName>
		</author>
		<author>
			<persName><forename type="first">Romal</forename><surname>Thoppilan</surname></persName>
		</author>
		<author>
			<persName><forename type="first">Zi</forename><surname>Yang</surname></persName>
		</author>
		<author>
			<persName><forename type="first">Apoorv</forename><surname>Kulshreshtha</surname></persName>
		</author>
		<author>
			<persName><forename type="first">Gaurav</forename><surname>Nemade</surname></persName>
		</author>
		<author>
			<persName><forename type="first">Yifeng</forename><surname>Lu</surname></persName>
		</author>
		<author>
			<persName><forename type="first">V</forename><surname>Quoc</surname></persName>
		</author>
		<author>
			<persName><surname>Le</surname></persName>
		</author>
		<idno>CoRR, abs/2001.09977</idno>
		<imprint>
			<date type="published" when="2020">2020</date>
		</imprint>
	</monogr>
	<note type="raw_reference">References Daniel Adiwardana, Minh-Thang Luong, David R. So, Jamie Hall, Noah Fiedel, Romal Thoppilan, Zi Yang, Apoorv Kulshreshtha, Gaurav Nemade, Yifeng Lu, and Quoc V. Le. 2020. Towards a human-like open- domain chatbot. CoRR, abs/2001.09977.</note>
</biblStruct>

<biblStruct xml:id="b2">
	<monogr>
		<title level="m" type="main">PLATO-2: towards building an open-domain chatbot via curriculum learning</title>
		<author>
			<persName><forename type="first">Siqi</forename><surname>Bao</surname></persName>
		</author>
		<author>
			<persName><forename type="first">Huang</forename><surname>He</surname></persName>
		</author>
		<author>
			<persName><forename type="first">Fan</forename><surname>Wang</surname></persName>
		</author>
		<author>
			<persName><forename type="first">Hua</forename><surname>Wu</surname></persName>
		</author>
		<author>
			<persName><forename type="first">Haifeng</forename><surname>Wang</surname></persName>
		</author>
		<author>
			<persName><forename type="first">Wenquan</forename><surname>Wu</surname></persName>
		</author>
		<author>
			<persName><forename type="first">Zhen</forename><surname>Guo</surname></persName>
		</author>
		<author>
			<persName><forename type="first">Zhibin</forename><surname>Liu</surname></persName>
		</author>
		<author>
			<persName><forename type="first">Xinchao</forename><surname>Xu</surname></persName>
		</author>
		<imprint>
			<date type="published" when="2006">2020. 2006.16779</date>
		</imprint>
	</monogr>
	<note type="raw_reference">Siqi Bao, Huang He, Fan Wang, Hua Wu, Haifeng Wang, Wenquan Wu, Zhen Guo, Zhibin Liu, and Xinchao Xu. 2020. PLATO-2: towards building an open-domain chatbot via curriculum learning. CoRR, abs/2006.16779.</note>
</biblStruct>

<biblStruct xml:id="b3">
	<analytic>
		<title level="a" type="main">Multiwoz-a largescale multi-domain wizard-of-oz dataset for taskoriented dialogue modelling</title>
		<author>
			<persName><forename type="first">Paweł</forename><surname>Budzianowski</surname></persName>
		</author>
		<author>
			<persName><forename type="first">Tsung-Hsien</forename><surname>Wen</surname></persName>
		</author>
		<author>
			<persName><forename type="first">Bo-Hsiang</forename><surname>Tseng</surname></persName>
		</author>
		<author>
			<persName><forename type="first">Iñigo</forename><surname>Casanueva</surname></persName>
		</author>
		<author>
			<persName><forename type="first">Stefan</forename><surname>Ultes</surname></persName>
		</author>
		<author>
			<persName><forename type="first">Milica</forename><surname>Osman Ramadan</surname></persName>
		</author>
		<author>
			<persName><surname>Gasic</surname></persName>
		</author>
	</analytic>
	<monogr>
		<title level="m">Proceedings of the 2018 on Empirical Methods in Natural Language Processing</title>
				<meeting>the 2018 on Empirical Methods in Natural Language Processing</meeting>
		<imprint>
			<date type="published" when="2018">2018</date>
			<biblScope unit="page" from="5016" to="5026" />
		</imprint>
	</monogr>
	<note type="raw_reference">Paweł Budzianowski, Tsung-Hsien Wen, Bo-Hsiang Tseng, Iñigo Casanueva, Stefan Ultes, Osman Ra- madan, and Milica Gasic. 2018. Multiwoz-a large- scale multi-domain wizard-of-oz dataset for task- oriented dialogue modelling. In Proceedings of the 2018 on Empirical Methods in Natural Language Processing, pages 5016-5026.</note>
</biblStruct>

<biblStruct xml:id="b4">
	<analytic>
		<title level="a" type="main">A simple language model for task-oriented dialogue</title>
		<author>
			<persName><forename type="first">Ehsan</forename><surname>Hosseini-Asl</surname></persName>
		</author>
		<author>
			<persName><forename type="first">Bryan</forename><surname>Mccann</surname></persName>
		</author>
		<author>
			<persName><forename type="first">Chien-Sheng</forename><surname>Wu</surname></persName>
		</author>
		<author>
			<persName><forename type="first">Semih</forename><surname>Yavuz</surname></persName>
		</author>
		<author>
			<persName><forename type="first">Richard</forename><surname>Socher</surname></persName>
		</author>
	</analytic>
	<monogr>
		<title level="m">Advances in Neural Information Processing Systems 33: Annual Conference on Neural Information Processing Systems</title>
				<meeting><address><addrLine>NeurIPS</addrLine></address></meeting>
		<imprint>
			<date type="published" when="2020-12-06">2020. 2020. 2020. December 6-12, 2020</date>
		</imprint>
	</monogr>
	<note type="raw_reference">Ehsan Hosseini-Asl, Bryan McCann, Chien-Sheng Wu, Semih Yavuz, and Richard Socher. 2020. A simple language model for task-oriented dialogue. In Ad- vances in Neural Information Processing Systems 33: Annual Conference on Neural Information Process- ing Systems 2020, NeurIPS 2020, December 6-12, 2020, virtual.</note>
</biblStruct>

<biblStruct xml:id="b5">
	<analytic>
		<title level="a" type="main">Likert scale: Explored and explained</title>
		<author>
			<persName><forename type="first">A</forename><surname>Joshi</surname></persName>
		</author>
		<author>
			<persName><forename type="first">Saket</forename><surname>Kale</surname></persName>
		</author>
		<author>
			<persName><forename type="first">Satish</forename><surname>Chandel</surname></persName>
		</author>
		<author>
			<persName><forename type="first">D</forename><surname>Pal</surname></persName>
		</author>
	</analytic>
	<monogr>
		<title level="j">British Journal of Applied Science and Technology</title>
		<imprint>
			<biblScope unit="volume">7</biblScope>
			<biblScope unit="page" from="396" to="403" />
			<date type="published" when="2015">2015</date>
		</imprint>
	</monogr>
	<note type="raw_reference">A. Joshi, Saket Kale, Satish Chandel, and D. Pal. 2015. Likert scale: Explored and explained. British Journal of Applied Science and Technology, 7:396-403.</note>
</biblStruct>

<biblStruct xml:id="b6">
	<analytic>
		<title level="a" type="main">One model to learn them all</title>
		<author>
			<persName><forename type="first">Lukasz</forename><surname>Kaiser</surname></persName>
		</author>
		<author>
			<persName><forename type="first">Aidan</forename><forename type="middle">N</forename><surname>Gomez</surname></persName>
		</author>
		<author>
			<persName><forename type="first">Noam</forename><surname>Shazeer</surname></persName>
		</author>
		<author>
			<persName><forename type="first">Ashish</forename><surname>Vaswani</surname></persName>
		</author>
		<author>
			<persName><forename type="first">Niki</forename><surname>Parmar</surname></persName>
		</author>
		<idno>CoRR, abs/1706.05137</idno>
	</analytic>
	<monogr>
		<title level="m">Llion Jones, and Jakob Uszkoreit</title>
				<imprint>
			<date type="published" when="2017">2017</date>
		</imprint>
	</monogr>
	<note type="raw_reference">Lukasz Kaiser, Aidan N. Gomez, Noam Shazeer, Ashish Vaswani, Niki Parmar, Llion Jones, and Jakob Uszko- reit. 2017. One model to learn them all. CoRR, abs/1706.05137.</note>
</biblStruct>

<biblStruct xml:id="b7">
	<analytic>
		<title level="a" type="main">A diversity-promoting objective function for neural conversation models</title>
		<author>
			<persName><forename type="first">Jiwei</forename><surname>Li</surname></persName>
		</author>
		<author>
			<persName><forename type="first">Michel</forename><surname>Galley</surname></persName>
		</author>
		<author>
			<persName><forename type="first">Chris</forename><surname>Brockett</surname></persName>
		</author>
		<author>
			<persName><forename type="first">Jianfeng</forename><surname>Gao</surname></persName>
		</author>
		<author>
			<persName><forename type="first">Bill</forename><surname>Dolan</surname></persName>
		</author>
	</analytic>
	<monogr>
		<title level="m">The 2016 Conference of the North American Chapter of the Association for Computational Linguistics: Human Language Technologies</title>
				<meeting><address><addrLine>San Diego California, USA</addrLine></address></meeting>
		<imprint>
			<date type="published" when="2016-06-12">2016. June 12-17, 2016</date>
			<biblScope unit="page" from="110" to="119" />
		</imprint>
	</monogr>
	<note>NAACL HLT 2016</note>
	<note type="raw_reference">Jiwei Li, Michel Galley, Chris Brockett, Jianfeng Gao, and Bill Dolan. 2016. A diversity-promoting ob- jective function for neural conversation models. In NAACL HLT 2016, The 2016 Conference of the North American Chapter of the Association for Computa- tional Linguistics: Human Language Technologies, San Diego California, USA, June 12-17, 2016, pages 110-119.</note>
</biblStruct>

<biblStruct xml:id="b8">
	<analytic>
		<title level="a" type="main">The adapter-bot: All-in-one controllable conversational model</title>
		<author>
			<persName><forename type="first">Zhaojiang</forename><surname>Lin</surname></persName>
		</author>
		<author>
			<persName><forename type="first">Andrea</forename><surname>Madotto</surname></persName>
		</author>
		<author>
			<persName><forename type="first">Yejin</forename><surname>Bang</surname></persName>
		</author>
		<author>
			<persName><forename type="first">Pascale</forename><surname>Fung</surname></persName>
		</author>
	</analytic>
	<monogr>
		<title level="m">Thirty-Fifth AAAI Conference on Artificial Intelligence, AAAI 2021, Thirty-Third Conference on Innovative Applications of Artificial Intelligence, IAAI 2021, The Eleventh Symposium on Educational Advances in Artificial Intelligence, EAAI 2021, Virtual Event</title>
				<imprint>
			<date type="published" when="2021-02-02">2021. February 2-9, 2021</date>
			<biblScope unit="page" from="16081" to="16083" />
		</imprint>
	</monogr>
	<note type="raw_reference">Zhaojiang Lin, Andrea Madotto, Yejin Bang, and Pas- cale Fung. 2021. The adapter-bot: All-in-one control- lable conversational model. In Thirty-Fifth AAAI Conference on Artificial Intelligence, AAAI 2021, Thirty-Third Conference on Innovative Applications of Artificial Intelligence, IAAI 2021, The Eleventh Symposium on Educational Advances in Artificial In- telligence, EAAI 2021, Virtual Event, February 2-9, 2021, pages 16081-16083.</note>
</biblStruct>

<biblStruct xml:id="b9">
	<monogr>
		<title level="m" type="main">Decoupled weight decay regularization</title>
		<author>
			<persName><forename type="first">I</forename><surname>Loshchilov</surname></persName>
		</author>
		<author>
			<persName><forename type="first">F</forename><surname>Hutter</surname></persName>
		</author>
		<imprint>
			<date type="published" when="2019">2019</date>
		</imprint>
	</monogr>
	<note>In ICLR</note>
	<note type="raw_reference">I. Loshchilov and F. Hutter. 2019. Decoupled weight decay regularization. In ICLR.</note>
</biblStruct>

<biblStruct xml:id="b10">
	<monogr>
		<title level="m" type="main">Attention over parameters for dialogue systems</title>
		<author>
			<persName><forename type="first">Andrea</forename><surname>Madotto</surname></persName>
		</author>
		<author>
			<persName><forename type="first">Zhaojiang</forename><surname>Lin</surname></persName>
		</author>
		<author>
			<persName><forename type="first">Chien-Sheng</forename><surname>Wu</surname></persName>
		</author>
		<author>
			<persName><forename type="first">Jamin</forename><surname>Shin</surname></persName>
		</author>
		<author>
			<persName><forename type="first">Pascale</forename><surname>Fung</surname></persName>
		</author>
		<idno>CoRR, abs/2001.01871</idno>
		<imprint>
			<date type="published" when="2020">2020</date>
		</imprint>
	</monogr>
	<note type="raw_reference">Andrea Madotto, Zhaojiang Lin, Chien-Sheng Wu, Jamin Shin, and Pascale Fung. 2020. Attention over parameters for dialogue systems. CoRR, abs/2001.01871.</note>
</biblStruct>

<biblStruct xml:id="b11">
	<analytic>
		<title level="a" type="main">Bleu: a method for automatic evaluation of machine translation</title>
		<author>
			<persName><forename type="first">Kishore</forename><surname>Papineni</surname></persName>
		</author>
		<author>
			<persName><forename type="first">Salim</forename><surname>Roukos</surname></persName>
		</author>
		<author>
			<persName><forename type="first">Todd</forename><surname>Ward</surname></persName>
		</author>
		<author>
			<persName><forename type="first">Wei-Jing</forename><surname>Zhu</surname></persName>
		</author>
	</analytic>
	<monogr>
		<title level="m">Proceedings of the 40th Annual Meeting of the Association for Computational Linguistics</title>
				<meeting>the 40th Annual Meeting of the Association for Computational Linguistics<address><addrLine>Philadelphia, PA, USA</addrLine></address></meeting>
		<imprint>
			<date type="published" when="2002-07-06">2002. July 6-12, 2002</date>
			<biblScope unit="page" from="311" to="318" />
		</imprint>
	</monogr>
	<note type="raw_reference">Kishore Papineni, Salim Roukos, Todd Ward, and Wei- Jing Zhu. 2002. Bleu: a method for automatic evalu- ation of machine translation. In Proceedings of the 40th Annual Meeting of the Association for Computa- tional Linguistics, July 6-12, 2002, Philadelphia, PA, USA, pages 311-318.</note>
</biblStruct>

<biblStruct xml:id="b12">
	<monogr>
		<title level="m" type="main">SOLOIST: few-shot task-oriented dialog with A single pre-trained auto-regressive model</title>
		<author>
			<persName><forename type="first">Baolin</forename><surname>Peng</surname></persName>
		</author>
		<author>
			<persName><forename type="first">Chunyuan</forename><surname>Li</surname></persName>
		</author>
		<author>
			<persName><forename type="first">Jinchao</forename><surname>Li</surname></persName>
		</author>
		<author>
			<persName><forename type="first">Shahin</forename><surname>Shayandeh</surname></persName>
		</author>
		<author>
			<persName><forename type="first">Lars</forename><surname>Liden</surname></persName>
		</author>
		<author>
			<persName><forename type="first">Jianfeng</forename><surname>Gao</surname></persName>
		</author>
		<idno>CoRR, abs/2005.05298</idno>
		<imprint>
			<date type="published" when="2020">2020</date>
		</imprint>
	</monogr>
	<note type="raw_reference">Baolin Peng, Chunyuan Li, Jinchao Li, Shahin Shayandeh, Lars Liden, and Jianfeng Gao. 2020. SOLOIST: few-shot task-oriented dialog with A single pre-trained auto-regressive model. CoRR, abs/2005.05298.</note>
</biblStruct>

<biblStruct xml:id="b13">
	<analytic>
		<title level="a" type="main">Language models are unsupervised multitask learners</title>
		<author>
			<persName><forename type="first">Alec</forename><surname>Radford</surname></persName>
		</author>
		<author>
			<persName><forename type="first">Jeffrey</forename><surname>Wu</surname></persName>
		</author>
		<author>
			<persName><forename type="first">Rewon</forename><surname>Child</surname></persName>
		</author>
		<author>
			<persName><forename type="first">David</forename><surname>Luan</surname></persName>
		</author>
		<author>
			<persName><forename type="first">Dario</forename><surname>Amodei</surname></persName>
		</author>
		<author>
			<persName><forename type="first">Ilya</forename><surname>Sutskever</surname></persName>
		</author>
	</analytic>
	<monogr>
		<title level="j">OpenAI blog</title>
		<imprint>
			<biblScope unit="volume">1</biblScope>
			<biblScope unit="issue">8</biblScope>
			<biblScope unit="page">9</biblScope>
			<date type="published" when="2019">2019</date>
		</imprint>
	</monogr>
	<note type="raw_reference">Alec Radford, Jeffrey Wu, Rewon Child, David Luan, Dario Amodei, Ilya Sutskever, et al. 2019. Language models are unsupervised multitask learners. OpenAI blog, 1(8):9.</note>
</biblStruct>

<biblStruct xml:id="b14">
	<analytic>
		<title level="a" type="main">Recipes for building an open-domain chatbot</title>
		<author>
			<persName><forename type="first">Stephen</forename><surname>Roller</surname></persName>
		</author>
		<author>
			<persName><forename type="first">Emily</forename><surname>Dinan</surname></persName>
		</author>
		<author>
			<persName><forename type="first">Naman</forename><surname>Goyal</surname></persName>
		</author>
		<author>
			<persName><forename type="first">Da</forename><surname>Ju</surname></persName>
		</author>
		<author>
			<persName><forename type="first">Mary</forename><surname>Williamson</surname></persName>
		</author>
		<author>
			<persName><forename type="first">Yinhan</forename><surname>Liu</surname></persName>
		</author>
		<author>
			<persName><forename type="first">Jing</forename><surname>Xu</surname></persName>
		</author>
		<author>
			<persName><forename type="first">Myle</forename><surname>Ott</surname></persName>
		</author>
		<author>
			<persName><forename type="first">Eric</forename><forename type="middle">Michael</forename><surname>Smith</surname></persName>
		</author>
		<author>
			<persName><forename type="first">Y-Lan</forename><surname>Boureau</surname></persName>
		</author>
		<author>
			<persName><forename type="first">Jason</forename><surname>Weston</surname></persName>
		</author>
	</analytic>
	<monogr>
		<title level="m">Proceedings of the 16th Conference of the European Chapter of the Association for Computational Linguistics: Main Volume, EACL 2021</title>
				<meeting>the 16th Conference of the European Chapter of the Association for Computational Linguistics: Main Volume, EACL 2021<address><addrLine>Online</addrLine></address></meeting>
		<imprint>
			<date type="published" when="2021-04-19">2021. April 19 -23, 2021</date>
			<biblScope unit="page" from="300" to="325" />
		</imprint>
	</monogr>
	<note type="raw_reference">Stephen Roller, Emily Dinan, Naman Goyal, Da Ju, Mary Williamson, Yinhan Liu, Jing Xu, Myle Ott, Eric Michael Smith, Y-Lan Boureau, and Jason We- ston. 2021. Recipes for building an open-domain chatbot. In Proceedings of the 16th Conference of the European Chapter of the Association for Com- putational Linguistics: Main Volume, EACL 2021, Online, April 19 -23, 2021, pages 300-325.</note>
</biblStruct>

<biblStruct xml:id="b15">
	<monogr>
		<title level="m" type="main">Multi-task pre-training for plug-and-play task-oriented dialogue system</title>
		<author>
			<persName><forename type="first">Yixuan</forename><surname>Su</surname></persName>
		</author>
		<author>
			<persName><forename type="first">Lei</forename><surname>Shu</surname></persName>
		</author>
		<author>
			<persName><forename type="first">Elman</forename><surname>Mansimov</surname></persName>
		</author>
		<author>
			<persName><forename type="first">Arshit</forename><surname>Gupta</surname></persName>
		</author>
		<author>
			<persName><forename type="first">Deng</forename><surname>Cai</surname></persName>
		</author>
		<author>
			<persName><forename type="first">Yi-An</forename><surname>Lai</surname></persName>
		</author>
		<author>
			<persName><forename type="first">Yi</forename><surname>Zhang</surname></persName>
		</author>
		<idno>CoRR, abs/2109.14739</idno>
		<imprint>
			<date type="published" when="2021">2021</date>
		</imprint>
	</monogr>
	<note type="raw_reference">Yixuan Su, Lei Shu, Elman Mansimov, Arshit Gupta, Deng Cai, Yi-An Lai, and Yi Zhang. 2021. Multi-task pre-training for plug-and-play task-oriented dialogue system. CoRR, abs/2109.14739.</note>
</biblStruct>

<biblStruct xml:id="b16">
	<analytic>
		<title level="a" type="main">Adding chit-chat to enhance task-oriented dialogues</title>
		<author>
			<persName><forename type="first">Kai</forename><surname>Sun</surname></persName>
		</author>
		<author>
			<persName><forename type="first">Seungwhan</forename><surname>Moon</surname></persName>
		</author>
		<author>
			<persName><forename type="first">Paul</forename><forename type="middle">A</forename><surname>Crook</surname></persName>
		</author>
		<author>
			<persName><forename type="first">Stephen</forename><surname>Roller</surname></persName>
		</author>
		<author>
			<persName><forename type="first">Becka</forename><surname>Silvert</surname></persName>
		</author>
		<author>
			<persName><forename type="first">Bing</forename><surname>Liu</surname></persName>
		</author>
		<author>
			<persName><forename type="first">Zhiguang</forename><surname>Wang</surname></persName>
		</author>
		<author>
			<persName><forename type="first">Honglei</forename><surname>Liu</surname></persName>
		</author>
		<author>
			<persName><forename type="first">Eunjoon</forename><surname>Cho</surname></persName>
		</author>
		<author>
			<persName><forename type="first">Claire</forename><surname>Cardie</surname></persName>
		</author>
	</analytic>
	<monogr>
		<title level="m">Proceedings of the 2021 Conference of the North American Chapter of the Association for Computational Linguistics: Human Language Technologies, NAACL-HLT 2021</title>
				<meeting>the 2021 Conference of the North American Chapter of the Association for Computational Linguistics: Human Language Technologies, NAACL-HLT 2021</meeting>
		<imprint>
			<date type="published" when="2021-06-06">2021. June 6-11, 2021</date>
			<biblScope unit="page" from="1570" to="1583" />
		</imprint>
	</monogr>
	<note type="raw_reference">Kai Sun, Seungwhan Moon, Paul A. Crook, Stephen Roller, Becka Silvert, Bing Liu, Zhiguang Wang, Honglei Liu, Eunjoon Cho, and Claire Cardie. 2021. Adding chit-chat to enhance task-oriented dialogues. In Proceedings of the 2021 Conference of the North American Chapter of the Association for Computa- tional Linguistics: Human Language Technologies, NAACL-HLT 2021, Online, June 6-11, 2021, pages 1570-1583.</note>
</biblStruct>

<biblStruct xml:id="b17">
	<monogr>
		<title level="m" type="main">Huggingface&apos;s transformers: State-of-the-art natural language processing</title>
		<author>
			<persName><forename type="first">Thomas</forename><surname>Wolf</surname></persName>
		</author>
		<author>
			<persName><forename type="first">Lysandre</forename><surname>Debut</surname></persName>
		</author>
		<author>
			<persName><forename type="first">Victor</forename><surname>Sanh</surname></persName>
		</author>
		<author>
			<persName><forename type="first">Julien</forename><surname>Chaumond</surname></persName>
		</author>
		<author>
			<persName><forename type="first">Clement</forename><surname>Delangue</surname></persName>
		</author>
		<author>
			<persName><forename type="first">Anthony</forename><surname>Moi</surname></persName>
		</author>
		<author>
			<persName><forename type="first">Pierric</forename><surname>Cistac</surname></persName>
		</author>
		<author>
			<persName><forename type="first">Tim</forename><surname>Rault</surname></persName>
		</author>
		<author>
			<persName><forename type="first">Rémi</forename><surname>Louf</surname></persName>
		</author>
		<author>
			<persName><forename type="first">Morgan</forename><surname>Funtowicz</surname></persName>
		</author>
		<author>
			<persName><forename type="first">Jamie</forename><surname>Brew</surname></persName>
		</author>
		<idno>CoRR, abs/1910.03771</idno>
		<imprint>
			<date type="published" when="2019">2019</date>
		</imprint>
	</monogr>
	<note type="raw_reference">Thomas Wolf, Lysandre Debut, Victor Sanh, Julien Chaumond, Clement Delangue, Anthony Moi, Pierric Cistac, Tim Rault, Rémi Louf, Morgan Funtowicz, and Jamie Brew. 2019. Huggingface&apos;s transformers: State-of-the-art natural language processing. CoRR, abs/1910.03771.</note>
</biblStruct>

<biblStruct xml:id="b18">
	<analytic>
		<title level="a" type="main">UBAR: towards fully end-to-end task-oriented dialog system with GPT-2</title>
		<author>
			<persName><forename type="first">Yunyi</forename><surname>Yang</surname></persName>
		</author>
		<author>
			<persName><forename type="first">Yunhao</forename><surname>Li</surname></persName>
		</author>
		<author>
			<persName><forename type="first">Xiaojun</forename><surname>Quan</surname></persName>
		</author>
	</analytic>
	<monogr>
		<title level="m">Thirty-Fifth AAAI Conference on Artificial Intelligence, AAAI 2021, Thirty-Third Conference on Innovative Applications of Artificial Intelligence, IAAI 2021, The Eleventh Symposium on Educational Advances in Artificial Intelligence, EAAI 2021, Virtual Event</title>
				<imprint>
			<date type="published" when="2021-02-02">2021. February 2-9, 2021</date>
			<biblScope unit="page" from="14230" to="14238" />
		</imprint>
	</monogr>
	<note type="raw_reference">Yunyi Yang, Yunhao Li, and Xiaojun Quan. 2021. UBAR: towards fully end-to-end task-oriented dialog system with GPT-2. In Thirty-Fifth AAAI Conference on Artificial Intelligence, AAAI 2021, Thirty-Third Conference on Innovative Applications of Artificial Intelligence, IAAI 2021, The Eleventh Symposium on Educational Advances in Artificial Intelligence, EAAI 2021, Virtual Event, February 2-9, 2021, pages 14230-14238.</note>
</biblStruct>

<biblStruct xml:id="b19">
	<analytic>
		<title level="a" type="main">Pomdp-based statistical spoken dialog systems: A review</title>
		<author>
			<persName><forename type="first">Steve</forename><forename type="middle">J</forename><surname>Young</surname></persName>
		</author>
		<author>
			<persName><forename type="first">Milica</forename><surname>Gasic</surname></persName>
		</author>
		<author>
			<persName><forename type="first">Blaise</forename><surname>Thomson</surname></persName>
		</author>
		<author>
			<persName><forename type="first">Jason</forename><forename type="middle">D</forename><surname>Williams</surname></persName>
		</author>
	</analytic>
	<monogr>
		<title level="m">Proc. IEEE</title>
				<meeting>IEEE</meeting>
		<imprint>
			<date type="published" when="2013">2013</date>
			<biblScope unit="volume">101</biblScope>
			<biblScope unit="page" from="1160" to="1179" />
		</imprint>
	</monogr>
	<note type="raw_reference">Steve J. Young, Milica Gasic, Blaise Thomson, and Jason D. Williams. 2013. Pomdp-based statisti- cal spoken dialog systems: A review. Proc. IEEE, 101(5):1160-1179.</note>
</biblStruct>

<biblStruct xml:id="b20">
	<analytic>
		<title level="a" type="main">DIALOGPT : Large-scale generative pre-training for conversational response generation</title>
		<author>
			<persName><forename type="first">Yizhe</forename><surname>Zhang</surname></persName>
		</author>
		<author>
			<persName><forename type="first">Siqi</forename><surname>Sun</surname></persName>
		</author>
		<author>
			<persName><forename type="first">Michel</forename><surname>Galley</surname></persName>
		</author>
		<author>
			<persName><forename type="first">Yen-Chun</forename><surname>Chen</surname></persName>
		</author>
		<author>
			<persName><forename type="first">Chris</forename><surname>Brockett</surname></persName>
		</author>
		<author>
			<persName><forename type="first">Xiang</forename><surname>Gao</surname></persName>
		</author>
		<author>
			<persName><forename type="first">Jianfeng</forename><surname>Gao</surname></persName>
		</author>
		<author>
			<persName><forename type="first">Jingjing</forename><surname>Liu</surname></persName>
		</author>
		<author>
			<persName><forename type="first">Bill</forename><surname>Dolan</surname></persName>
		</author>
	</analytic>
	<monogr>
		<title level="m">Proceedings of the 58th Annual Meeting of the Association for Computational Linguistics: System Demonstrations, ACL 2020</title>
				<meeting>the 58th Annual Meeting of the Association for Computational Linguistics: System Demonstrations, ACL 2020<address><addrLine>Online</addrLine></address></meeting>
		<imprint>
			<date type="published" when="2020">July 5-10, 2020</date>
			<biblScope unit="page" from="270" to="278" />
		</imprint>
	</monogr>
	<note type="raw_reference">Yizhe Zhang, Siqi Sun, Michel Galley, Yen-Chun Chen, Chris Brockett, Xiang Gao, Jianfeng Gao, Jingjing Liu, and Bill Dolan. DIALOGPT : Large-scale generative pre-training for conversational response generation. In Proceedings of the 58th Annual Meet- ing of the Association for Computational Linguistics: System Demonstrations, ACL 2020, Online, July 5-10, 2020, pages 270-278.</note>
</biblStruct>

<biblStruct xml:id="b21">
	<analytic>
		<title level="a" type="main">Generative encoder-decoder models for task-oriented spoken dialog systems with chatting capability</title>
		<author>
			<persName><forename type="first">Tiancheng</forename><surname>Zhao</surname></persName>
		</author>
		<author>
			<persName><forename type="first">Allen</forename><surname>Lu</surname></persName>
		</author>
		<author>
			<persName><forename type="first">Kyusong</forename><surname>Lee</surname></persName>
		</author>
		<author>
			<persName><forename type="first">Maxine</forename><surname>Eskenazi</surname></persName>
		</author>
	</analytic>
	<monogr>
		<title level="m">Proceedings of the 18th Annual SIGdial Meeting on Discourse and Dialogue</title>
				<meeting>the 18th Annual SIGdial Meeting on Discourse and Dialogue<address><addrLine>Saarbrücken, Germany</addrLine></address></meeting>
		<imprint>
			<date type="published" when="2017-08-15">2017. August 15-17, 2017</date>
			<biblScope unit="page" from="27" to="36" />
		</imprint>
	</monogr>
	<note type="raw_reference">Tiancheng Zhao, Allen Lu, Kyusong Lee, and Maxine Eskenazi. 2017. Generative encoder-decoder models for task-oriented spoken dialog systems with chatting capability. In Proceedings of the 18th Annual SIGdial Meeting on Discourse and Dialogue, Saarbrücken, Germany, August 15-17, 2017, pages 27-36.</note>
</biblStruct>

<biblStruct xml:id="b22">
	<analytic>
		<title level="a" type="main">Condition aware and revise transformer for question answering</title>
		<author>
			<persName><forename type="first">Xinyan</forename><surname>Zhao</surname></persName>
		</author>
		<author>
			<persName><forename type="first">Feng</forename><surname>Xiao</surname></persName>
		</author>
		<author>
			<persName><forename type="first">Haoming</forename><surname>Zhong</surname></persName>
		</author>
		<author>
			<persName><forename type="first">Jun</forename><surname>Yao</surname></persName>
		</author>
		<author>
			<persName><forename type="first">Huanhuan</forename><surname>Chen</surname></persName>
		</author>
	</analytic>
	<monogr>
		<title level="m">WWW &apos;20: The Web Conference</title>
				<meeting><address><addrLine>Taipei, Taiwan</addrLine></address></meeting>
		<imprint>
			<date type="published" when="2020-04-20">2020. 2020. April 20-24, 2020</date>
			<biblScope unit="page" from="2377" to="2387" />
		</imprint>
	</monogr>
	<note type="raw_reference">Xinyan Zhao, Feng Xiao, Haoming Zhong, Jun Yao, and Huanhuan Chen. 2020. Condition aware and revise transformer for question answering. In WWW &apos;20: The Web Conference 2020, Taipei, Taiwan, April 20-24, 2020, pages 2377-2387.</note>
</biblStruct>

<biblStruct xml:id="b23">
	<analytic>
		<title level="a" type="main">Emotional chatting machine: Emotional conversation generation with internal and external memory</title>
		<author>
			<persName><forename type="first">Hao</forename><surname>Zhou</surname></persName>
		</author>
		<author>
			<persName><forename type="first">Minlie</forename><surname>Huang</surname></persName>
		</author>
		<author>
			<persName><forename type="first">Tianyang</forename><surname>Zhang</surname></persName>
		</author>
		<author>
			<persName><forename type="first">Xiaoyan</forename><surname>Zhu</surname></persName>
		</author>
		<author>
			<persName><forename type="first">Bing</forename><surname>Liu</surname></persName>
		</author>
	</analytic>
	<monogr>
		<title level="m">Proceedings of the Thirty-Second AAAI Conference on Artificial Intelligence, (AAAI-18), the 30th innovative Applications of Artificial Intelligence (IAAI-18), and the 8th AAAI Symposium on Educational Advances in Artificial Intelligence (EAAI-18)</title>
				<meeting>the Thirty-Second AAAI Conference on Artificial Intelligence, (AAAI-18), the 30th innovative Applications of Artificial Intelligence (IAAI-18), and the 8th AAAI Symposium on Educational Advances in Artificial Intelligence (EAAI-18)<address><addrLine>New Orleans, Louisiana, USA</addrLine></address></meeting>
		<imprint>
			<date type="published" when="2018-02-02">2018. February 2-7, 2018</date>
			<biblScope unit="page" from="730" to="739" />
		</imprint>
	</monogr>
	<note type="raw_reference">Hao Zhou, Minlie Huang, Tianyang Zhang, Xiaoyan Zhu, and Bing Liu. 2018. Emotional chatting ma- chine: Emotional conversation generation with in- ternal and external memory. In Proceedings of the Thirty-Second AAAI Conference on Artificial Intelli- gence, (AAAI-18), the 30th innovative Applications of Artificial Intelligence (IAAI-18), and the 8th AAAI Symposium on Educational Advances in Artificial In- telligence (EAAI-18), New Orleans, Louisiana, USA, February 2-7, 2018, pages 730-739.</note>
</biblStruct>

				</listBibl>
			</div>
		</back>
	</text>
</TEI>
