<?xml version="1.0" encoding="UTF-8"?>
<TEI xml:space="preserve" xmlns="http://www.tei-c.org/ns/1.0" 
xmlns:xsi="http://www.w3.org/2001/XMLSchema-instance" 
xsi:schemaLocation="http://www.tei-c.org/ns/1.0 https://raw.githubusercontent.com/kermitt2/grobid/master/grobid-home/schemas/xsd/Grobid.xsd"
 xmlns:xlink="http://www.w3.org/1999/xlink">
	<teiHeader xml:lang="en">
		<fileDesc>
			<titleStmt>
				<title level="a" type="main">EmoInHindi: A Multi-label Emotion and Intensity Annotated Dataset in Hindi for Emotion Recognition in Dialogues</title>
			</titleStmt>
			<publicationStmt>
				<publisher/>
				<availability status="unknown"><licence/></availability>
			</publicationStmt>
			<sourceDesc>
				<biblStruct>
					<analytic>
						<author>
							<persName><forename type="first">Vikram</forename><surname>Gopendra</surname></persName>
							<affiliation key="aff0">
								<orgName type="department">Department of Computer Science and Engineering</orgName>
								<orgName type="institution">Indian Institute of Technology Patna</orgName>
								<address>
									<settlement>Patna</settlement>
									<country key="IN">India</country>
								</address>
							</affiliation>
						</author>
						<author>
							<persName><surname>Singh</surname></persName>
							<affiliation key="aff0">
								<orgName type="department">Department of Computer Science and Engineering</orgName>
								<orgName type="institution">Indian Institute of Technology Patna</orgName>
								<address>
									<settlement>Patna</settlement>
									<country key="IN">India</country>
								</address>
							</affiliation>
						</author>
						<author>
							<persName><forename type="first">Priyanshu</forename><surname>Priya</surname></persName>
							<affiliation key="aff0">
								<orgName type="department">Department of Computer Science and Engineering</orgName>
								<orgName type="institution">Indian Institute of Technology Patna</orgName>
								<address>
									<settlement>Patna</settlement>
									<country key="IN">India</country>
								</address>
							</affiliation>
						</author>
						<author role="corresp">
							<persName><forename type="first">Mauajama</forename><surname>Firdaus</surname></persName>
							<email>mauajama.pcs16@iitp.ac.in</email>
							<affiliation key="aff0">
								<orgName type="department">Department of Computer Science and Engineering</orgName>
								<orgName type="institution">Indian Institute of Technology Patna</orgName>
								<address>
									<settlement>Patna</settlement>
									<country key="IN">India</country>
								</address>
							</affiliation>
						</author>
						<author>
							<persName><forename type="first">Asif</forename><surname>Ekbal</surname></persName>
							<affiliation key="aff0">
								<orgName type="department">Department of Computer Science and Engineering</orgName>
								<orgName type="institution">Indian Institute of Technology Patna</orgName>
								<address>
									<settlement>Patna</settlement>
									<country key="IN">India</country>
								</address>
							</affiliation>
						</author>
						<author>
							<persName><forename type="first">Pushpak</forename><surname>Bhattacharyya</surname></persName>
							<affiliation key="aff0">
								<orgName type="department">Department of Computer Science and Engineering</orgName>
								<orgName type="institution">Indian Institute of Technology Patna</orgName>
								<address>
									<settlement>Patna</settlement>
									<country key="IN">India</country>
								</address>
							</affiliation>
						</author>
						<title level="a" type="main">EmoInHindi: A Multi-label Emotion and Intensity Annotated Dataset in Hindi for Emotion Recognition in Dialogues</title>
					</analytic>
					<monogr>
						<imprint>
							<date/>
						</imprint>
					</monogr>
					<idno type="MD5">2A69E86681F478A46A6332A589BF47FA</idno>
				</biblStruct>
			</sourceDesc>
		</fileDesc>
		<encodingDesc>
			<appInfo>
				<application version="0.7.3-SNAPSHOT" ident="GROBID" when="2023-01-12T07:38+0000">
					<desc>GROBID - A machine learning software for extracting information from scholarly documents</desc>
					<ref target="https://github.com/kermitt2/grobid"/>
				</application>
			</appInfo>
		</encodingDesc>
		<profileDesc>
			<textClass>
				<keywords>
					<term>Multi-label Emotion and Intensity Recognition</term>
					<term>Dialogues</term>
					<term>Low-resource Language Dataset # of sentences # of emotions Emotion Intensity Annotation Language Conversational Multi-label</term>
				</keywords>
			</textClass>
			<abstract>
<div xmlns="http://www.tei-c.org/ns/1.0"><p>The long-standing goal of Artificial Intelligence (AI) has been to create human-like conversational systems. Such systems should have the ability to develop an emotional connection with the users, hence emotion recognition in dialogues is an important task. Emotion detection in dialogues is a challenging task because humans usually convey multiple emotions with varying degrees of intensities in a single utterance. Moreover, emotion in an utterance of a dialogue may be dependent on previous utterances making the task more complex. Emotion recognition has always been in great demand. However, most of the existing datasets for multi-label emotion and intensity detection in conversations are in English. To this end, we create a large conversational dataset in Hindi named EmoInHindi for multi-label emotion and intensity recognition in conversations containing 1,814 dialogues with a total of 44,247 utterances. We prepare our dataset in a Wizard-of-Oz manner for mental health and legal counselling of crime victims. Each utterance of the dialogue is annotated with one or more emotion categories from the 16 emotion classes including neutral, and their corresponding intensity values. We further propose strong contextual baselines that can detect emotion(s) and the corresponding intensity of an utterance given the conversational context.</p></div>
			</abstract>
		</profileDesc>
	</teiHeader>
	<text xml:lang="en">
		<body>
<div xmlns="http://www.tei-c.org/ns/1.0"><head n="1.">Introduction</head><p>Emotions are fundamental human characteristics that have been researched for many years by researchers in psychology, sociology, medicine, computer science, and other domains. Ekman's sixclass categorization <ref type="bibr" target="#b4">(Ekman, 1992</ref>) and Plutchik's Wheel of Emotion which proposed eight basic bipolar emotions <ref type="bibr" target="#b23">(Plutchik and Kellerman, 2013)</ref>, are two notable works in understanding and categorising human emotions. Emotions play an important role in our daily life and emotion detection in text has become a longstanding goal in Natural Language Processing (NLP). Emotions are inherently conveyed by messages in human communications. With the popularity of social media platforms like Facebook Messenger, WhatsApp and conversational agents like Amazon's Alexa, there is a growing demand for machines to interpret human emotions in real conversations for more personalized and human-like interactions. The ability to effectively identify emotions in conversations is crucial for developing robust dialogue systems. There are two major types of dialogue systems: a task-oriented dialogue systems and a social (chit-chat) dialogue system. The former is concerned with creating a personal assistant capable of performing specific tasks, but the latter is concerned with capturing the conversation flow, which focuses more on the speaker's feelings. In both these systems, understanding the user's emo-* The authors are jointly the first authors tions is crucial for providing better user experience and maximizing the user satisfaction. Nowadays, many websites, blogs, tweets, conversational agents support Hindi language and some of them use Hindi as a primary language as well. However, most studies of emotion in conversations have focused on English language interactions <ref type="bibr" target="#b3">(Chen et al., 2018;</ref><ref type="bibr" target="#b29">Yeh et al., 2019;</ref><ref type="bibr" target="#b11">Hazarika et al., 2018;</ref><ref type="bibr" target="#b8">Ghosal et al., 2019;</ref><ref type="bibr" target="#b17">Kim et al., 2018;</ref><ref type="bibr" target="#b12">He and Xia, 2018;</ref><ref type="bibr" target="#b30">Yu et al., 2018;</ref><ref type="bibr" target="#b13">Huang et al., 2019)</ref>; comparatively very little attention is given to emotion detection in regional languages like Hindi. Towards this end, we propose a novel conversational dataset EmoInHindi for identifying emotions (e.g., joy, sad, angry, disgusted etc.) in textual conversations in Hindi language, where the emotion of an utterance is detected in the conversational context.</p></div>
<div xmlns="http://www.tei-c.org/ns/1.0"><head n="1.1.">Problem Definition</head><p>Given a textual utterance of a dialogue along with the conversation history (previous few utterances in dialogue), the task is to identify the emotion category(s) of each utterance from a set of pre-defined emotion categories and their corresponding intensity values. Formally, given the input utterance U t consisting of sequence of words U t = {w 1 , w 2 , ..., w T } and the conversation history C consisting of sequence of utterances C = {U 1 , U 2 , ..., U t−1 }, the task is to predict one or more emotion label, e = {e 1 , e 2 , ..., e L } from N pre-defined set of emotions and correspond-ing intensity value i = {i 1 , i 2 , ..., i L }, where i k ∈ {0, 1, 2, 3} of the utterance U t . Fig. <ref type="figure">1</ref> depicts a sample dialogue from our dataset, where each utterance is labeled with one or more underlying emotions and corresponding intensity value.</p></div>
<div xmlns="http://www.tei-c.org/ns/1.0"><head n="1.2.">Contribution</head><p>The key contributions of our work are two-fold:</p><p>• We propose EmoInHindi<ref type="foot" target="#foot_0">1</ref> , the currently largest Hindi conversational dataset labeled with multiple emotions and their corresponding intensity values. • We setup strong baselines for utterance-level multiple emotion and intensity detection task and report their results for identifying emotion(s) and the corresponding intensity expressed in an utterance of a dialogue written in Hindi.</p></div>
<div xmlns="http://www.tei-c.org/ns/1.0"><head n="2.">Related Work</head><p>With the development in Artificial Intelligence (AI), emotion classification has become a significant task because of its importance in many downstream tasks like response generation for conversational agents, customer behavior modeling, multimodal interactions and many more.</p><p>Recently, <ref type="bibr" target="#b17">Kim et al. (2018;</ref><ref type="bibr" target="#b12">He and Xia (2018;</ref><ref type="bibr" target="#b30">Yu et al. (2018;</ref><ref type="bibr" target="#b13">Huang et al. (2019)</ref> investigated multi-label emotion classification for textual data. <ref type="bibr" target="#b17">Kim et al. (2018)</ref> performed multi-label emotion classification on twitter data using multiple Convolution Neural Network (CNN) networks along with self-attention and <ref type="bibr" target="#b13">Huang et al. (2019)</ref> employed sequence-to-sequence framework for multi-label emotion classification. <ref type="bibr" target="#b30">Yu et al. (2018)</ref> improved the performance of multi-label emotion classification on twitter data by using transfer learning. Our present study differs from the previous multi-label emotion classification research in that we categorise emotions of utterances of conversations, which require contextual knowledge from previous utterances, making the task more difficult and intriguing.</p><p>Recently, emotion recognition in conversations <ref type="bibr" target="#b3">(Chen et al., 2018;</ref><ref type="bibr" target="#b29">Yeh et al., 2019;</ref><ref type="bibr" target="#b11">Hazarika et al., 2018;</ref><ref type="bibr" target="#b8">Ghosal et al., 2019;</ref><ref type="bibr" target="#b6">Firdaus et al., 2020)</ref> has been in demand. <ref type="bibr" target="#b21">Li et al. (2017)</ref>   <ref type="bibr" target="#b1">Ahmad et al. (2020)</ref>. <ref type="bibr" target="#b19">Kumar et al. (2019)</ref> presented a largest annotated corpus in Hindi comprising of sentences taken from various short stories in which each sentence is annotated with relevant emotion categories given the context of a sentence. However, all of these works are focused on non-conversational settings. The long-term goal of our present work is to build a dialogue system capable of having a conversation with the user in Hindi. Such a system should not only be able to respond in Hindi according to the user's intent, but its utterances should also be aligned with the user's emotional state. As opposed to existing works on emotion detection from textual data in Hindi language, our present work provides a multi-label emotion and intensity annotated conversational dataset in Hindi.</p></div>
<div xmlns="http://www.tei-c.org/ns/1.0"><head n="3.">Dataset</head><p>In this section, we describe the complete details of our EmoInHindi dataset.</p></div>
<div xmlns="http://www.tei-c.org/ns/1.0"><head n="3.1.">Dataset Preparation</head><p>The dataset that we prepared for our experiment comprises of dialogues focused on mental health counselling and legal assistance for women and children who have been victims of various types of crimes ranging from domestic violence, workplace harassment, matrimonial fraud, to cybercrimes like cyber stalking, online harassment, masquerading and trolling. We construct the dataset in Hindi in Wizard-of-Oz <ref type="bibr" target="#b15">(Kelley, 1984)</ref> style. Every dialogue in the dataset starts with a basic description of the victim, after which the victim is asked about the problem and accordingly provided with the required assistance. The crime victims need emotional comfort and support for expressing their feelings freely, hence the dialogue systems should interact with the users empathetically. Such conversational agents that comprehend human emotions assist in enhancing the user's communication Figure <ref type="figure">1</ref>: Sample dialogue from our dataset with emotion and corresponding intensity annotation with the system, thereby strengthening the communication in a positive direction <ref type="bibr" target="#b22">(Martinovsky and Traum, 2006;</ref><ref type="bibr" target="#b25">Prendinger and Ishizuka, 2005)</ref>. We have annotated every utterance in a dialogue with multiple appropriate emotion categories and their corresponding intensity.</p></div>
<div xmlns="http://www.tei-c.org/ns/1.0"><head n="3.2.">Guidelines for Dataset Preparation</head><p>We contacted an expert in mental health counselling from our institute health department to understand the flow of dialogues in victims' situations to create the conversations. At first, we tried to find out the problems of the victims and assessed their psychological needs. While counselling the victims, we make sure to be patient and kind towards them. The victims were provided a non-judgemental environment to share as much information they are comfortable to and if the victims decide to report the assault, seek medical attention, or contact organizations that can help them, then we assist them accordingly by providing the relevant legal, medical and organization information. Eventually, this was created to help the victims identify ways in which the victims can re-establish their sense of physical and emotional safety and provided a few basic safety suggestions to them so that they are aware of the crimes and can prevent such events in the future.</p></div>
<div xmlns="http://www.tei-c.org/ns/1.0"><head n="3.3.">Annotation</head><p>The utterances in every dialogue of our proposed Hindi dataset is annotated with one or more appropriate emotion categories and their corresponding intensity. For annotating the dataset, we consider 15 emotions, namely Anticipation, Confident, Hopeful, Anger, Sad, Joy, Compassion, Fear, Disgusted, Annoyed, Grateful, Impressed, Apprehensive, Surprised, Guilty as emotion labels for the utterances in a dialogue. The emotion annotation list has been extended to incorporate one more label, namely Neutral. The "Neutral" label is designated to utterances having no-emotion. While annotating the dataset, every utterance in a given dialogue is labeled with one or more emotions. Every emotion label is accompanied with an intensity value ranging from 1-3, with 1 indicating the lower intensity and 3 the highest.</p><p>The Neutral label has intensity value of 0.</p><p>For annotating the utterances in our dataset, we employ three annotators highly proficient in Hindi and have prior experience in labelling emotions in conversational settings. The guidelines for annotation along with some examples were explained to the annotators before starting the annotation process. The annotators were asked to label each utterance of every dialogue with emotion(s) and corresponding intensity value. We achieve the overall Fleiss' <ref type="bibr" target="#b7">(Fleiss, 1971</ref>) kappa score of 0.84 for the emotions, 0.88 for intensity, which can be considered reliable. To determine the final label of the utterances, we use majority vote.  </p></div>
<div xmlns="http://www.tei-c.org/ns/1.0"><head n="3.5.">Dataset Statistics</head><p>In Table <ref type="table">2</ref>, we provide the important statistics of the dataset followed by the overall emotion distribution of our dataset in Table <ref type="table">3</ref>.</p></div>
<div xmlns="http://www.tei-c.org/ns/1.0"><head n="3.6.">Comparison with the related datasets</head><p>The available datasets for emotion detection are mostly in English. Towards the task of emotion detection from Hindi text, previous attempts have been made in creating corpus containing 2,866 sentences for predicting emotions from Hindi-English code switched language used in social media <ref type="bibr" target="#b27">(Vijay et al., 2018)</ref>. A Hindi dataset, IITKGP-SEHSC consisting of 12,000 sentences collected from auditory speech signals was proposed by <ref type="bibr" target="#b18">(Koolagudi et al., 2011)</ref>. Another dataset with 780 Hindi sentences collected from children stories belonging to three genres, namely fable, folk-tale and legend and annotated with five different emotion categories: happy, sad, anger, fear and neutral was introduced in <ref type="bibr" target="#b10">(Harikrishna and Rao, 2016)</ref>. Lately, the authors in <ref type="bibr" target="#b19">(Kumar et al., 2019)</ref> introduced the first largest annotated Hindi corpus named BHAAV for emotion detection consisting of 20,304 sentences from 230 popular Hindi short stories spanning across frequently used 18 genres, viz. historical, mystery, patriotic to name a few. The authors in <ref type="bibr" target="#b1">(Ahmad et al., 2020)</ref> proposed Hindi corpus, Emo-Dis-HI consisting of 2,668 sentences from news documents of disaster domain, where each sentence is labeled with one of the emotion categories viz., sadness, sympathy/pensiveness, optimism, fear/anxiety, joy, disgust, anger, surprise and no-emotion. When it comes to the task of analyzing emotions from Hindi text in conversational setting, there are no conversational dataset available in Hindi. Our proposed dataset is different from the existing datasets for emotion detection from Hindi. The dataset that we present here is the first large-scale goal-oriented conversational dataset comprising of 1814 dialogues with each utterance in dialogues annotated for multilabel emotion and corresponding intensity value.</p><p>Comparisons between the existing datasets and our proposed dataset, EmoInHindi are given in Table <ref type="table" target="#tab_1">4</ref>.  </p></div>
<div xmlns="http://www.tei-c.org/ns/1.0"><head>Parameters</head></div>
<div xmlns="http://www.tei-c.org/ns/1.0"><head n="4.">Baselines</head><p>We use the following baseline models:</p><p>Baseline #1: bcLSTM: The bidirectional contextual LSTM bcLstm <ref type="bibr" target="#b24">(Poria et al., 2017</ref>) is a bidirectional contextual LSTM. Two uni-directional LSTMs with opposite directions are stacked to create bi-directional LSTMs. As a result, an utterance may learn from utterances in the video that occur before and after it, which is, of course, context.</p><p>Baseline #2: bcLSTM+Attention: At each timestamp, an attention module is added to the output of c-LSTM in this bcLSTM with attention <ref type="bibr" target="#b24">(Poria et al., 2017)</ref>  </p></div>
<div xmlns="http://www.tei-c.org/ns/1.0"><head n="4.1.">Proposed: C-Attention-Trans and C-Fourier-Trans</head><p>We use the transformer encoder suggested by <ref type="bibr" target="#b26">(Vaswani et al., 2017)</ref>  Working method of the model Suppose text features have dimension d, then each utterance is represented by u i,x ∈ R d where x represents x th utterance of the conversation i. To get U i , we collect a number of utterance in a conversation ,d , where c i represents the number of utterances we consider as a context in a conversation. This U i is given to both C-A-Trans and C-F-Trans for the output. We show our model in Fig <ref type="figure" target="#fig_1">3</ref>.</p><formula xml:id="formula_0">U i = [x i,1 , x i,2 , ..., x i,ci ] ∈ R ci</formula><p>The output of the C-A-Transformer and C-F-Transformer is fed to the FC Layer, which then passes it on to the Softmax Layer for emotion and intensity prediction.</p></div>
<div xmlns="http://www.tei-c.org/ns/1.0"><head>Loss function:</head><p>The emotion intensity classifier is trained by minimizing the negative log-likelihood</p><formula xml:id="formula_1">L Emo = − N ∑ em=1 y em log ỹ em (1)</formula><p>For multilabel emotion, we use MultiLabelSoft-MarginLoss, where y em is the true emotion labels and ỹ em is the predicted emotion label. For Emotion Intensity, we use MSE (Mean Squared Error) as the loss function.  For this, we use a principled approach to multitask deep learning that takes into account the homoscedastic uncertainty (task dependent or homoscedastic uncertainty is aleatoric uncertainty that is not depending on the input data). Homoscedastic is a number that remains constant throughout all input data and changes between jobs. Task-dependent uncertainty is the effect of this, while weighing multiple loss functions <ref type="bibr" target="#b16">(Kendall et al., 2018)</ref> of each task.</p></div>
<div xmlns="http://www.tei-c.org/ns/1.0"><head>METHODS</head><formula xml:id="formula_2">L = ∑ i W i L i (2)</formula><p>Where i defines different tasks (emotion classification and intensity).</p></div>
<div xmlns="http://www.tei-c.org/ns/1.0"><head n="5.">Results and Analysis</head></div>
<div xmlns="http://www.tei-c.org/ns/1.0"><head n="5.1.">Feature Extraction and Data Distribution for Experiment</head><p>For textual features, we take the pre-trained 300dimensional Hindi fastText embedding <ref type="bibr" target="#b14">(Joulin et al., 2016)</ref>. We obtain the training and testing set using 80:20 split of the dataset. Further, the 20% of the training set is used as validation set during training to keep track of model training progress. Empirically, we take five 2 utterances as context for a particular utterance.</p></div>
<div xmlns="http://www.tei-c.org/ns/1.0"><head n="5.2.">Experimental Setup</head><p>We implement our proposed model in PyTorch, a Python-based deep learning library. We perform grid search to find the optimal hyper-parameters in Table <ref type="table" target="#tab_3">5</ref>. We use Adam as an optimizer. We  </p></div>
<div xmlns="http://www.tei-c.org/ns/1.0"><head n="5.4.">Error Analysis</head><p>We show a few samples<ref type="foot" target="#foot_1">3</ref> (c.f. Table <ref type="table" target="#tab_6">7</ref>) which are correctly predicted by our proposed model (C-F-Trans). For example, as shown in </p></div>
<div xmlns="http://www.tei-c.org/ns/1.0"><head n="6.">Conclusion and Future Direction</head><p>In this paper, we have introduced a large-scale Hindi conversational dataset, EmoInHindi prepared in Wizard-of-Oz fashion for multi-label emotion classification and intensity prediction in dialogues. We have evaluated our proposed EmoIn-Hindi dataset and reported the results using strong baselines for both tasks of emotion recognition and intensity prediction. We believe that this dataset can be employed in the future for for making emotion-aware conversational agents capable of conversing with the users in Hindi. Furthermore, we would like to extend this work for more low-resource languages like Bengali, Marathi etc. so that it can be used to create emotionally-aware conversational systems that can interact with the users in their regional language thereby creating a more user-friendly environment for them.</p></div>
<div xmlns="http://www.tei-c.org/ns/1.0"><head n="7.">Acknowledgement</head><p>Priyanshu </p></div><figure xmlns="http://www.tei-c.org/ns/1.0" xml:id="fig_0"><head>Figure 2 :</head><label>2</label><figDesc>Figure 2: Distribution of emotions in EmoInHindi dataset</figDesc><graphic coords="3,329.11,561.04,174.61,92.96" type="bitmap" /></figure>
<figure xmlns="http://www.tei-c.org/ns/1.0" xml:id="fig_1"><head>Figure 3 :</head><label>3</label><figDesc>Figure 3: Architectural diagram of the C-F-Trans framework</figDesc><graphic coords="6,140.03,62.81,317.49,126.88" type="bitmap" /></figure>
<figure xmlns="http://www.tei-c.org/ns/1.0" xml:id="fig_2"><head></head><label></label><figDesc>for Context-Attention-Transformer. A C-A-Transformer is proposed to capture the deep contextual relationship with input utterance. We use a Transformer-based method to capture the flow of informative triggers across utterances. The Context-Attention-Transformer receives the input embedding and captures the input utterance's deep contextual relationship. We employ the Fourier transform instead of self attention, as suggested by F-Net (Lee-Thorp et al., 2021) for Context-Fourier-Transformer. 1D Fourier Transforms are used to transform both the sequences and hidden dimensions. Instead self-attention, this trick proved to be effective.</figDesc></figure>
<figure xmlns="http://www.tei-c.org/ns/1.0" type="table" xml:id="tab_1"><head>Table 4 :</head><label>4</label><figDesc>Agent मु झे यह सु नकर दु ख हु आ मे रे दोस्त । क्या आप कृ पया मु झे बता सकते हैं िक आपको िकसने धोखा िदया है ? (I am sorry to hear this my friend. Could you please let me know who has cheated you?) sad (1), anticipation (1) Victim मु झे मे रे साथी ने सफ र् सं प त्त के लए धोखा िदया है । (I am cheated by my partner just for the sake of property.) sad (1) Agent मैं समझता हू ं िक स्थ त आपके लए अच्छी नहीं है । यह बहु त अच्छा होगा यिद आप इस पर कु छ और जानकारी साझा कर सकें तािक हम आपक बे हतर सहायता कर सकें । (I understand the situation is not good for you. It would be great if you could share few more information on this so that we could better assist you.) Agent हम आपका ददर् समझते हैं । कृ पया शां त हो जाएं ; हम आपके साथ हैं और आपक हर सं भव मदद करने क पू री को शश करें गे । यिद आप सहज हैं , तो बे हतर सहायता के लए हम आपसे कु छ और िववरण पू छना चाहें गे । (We understand your pain. Please calm down; we are with you and will do our best to help you in every possible way. If you are comfortable, we would like to ask you few more details for better assistance.) Comparison of different datasets and our proposed EmoInHindi dataset</figDesc><table><row><cell>Speaker Utterances</cell></row></table><note>Apart from generic challenges mentioned in the previous section, we came across a few challenges while annotating the emotions which are as follows:• Identification of implicit emotions: It</note></figure>
<figure xmlns="http://www.tei-c.org/ns/1.0" type="table" xml:id="tab_3"><head>Table 5 :</head><label>5</label><figDesc>Hyper-parameters for our experiments where.</figDesc><table /></figure>
<figure xmlns="http://www.tei-c.org/ns/1.0" type="table" xml:id="tab_5"><head>Table 6 :</head><label>6</label><figDesc>Results for our proposed framework for Multi-label Emotion Classification तु म मे रा समय क्यों बबार् द कर रहे हो ? अगर आप मे री मदद नहीं कर सकते तो चले जाओ । Why are you wasting my time? If you can't help me go away. Anger, Annoyed Anger, Annoyed 2, 1 तु म मे रा समय क्यों बबार् द कर रहे हो ? अगर आप मे री मदद नहीं कर सकते तो चले जाओ । Why are you wasting my time? If you can't help me go away. Anger, Annoyed Anger, Annoyed 2, 1</figDesc><table><row><cell>bc-LSTM bc-LSTM+ATT CMN C-A-Trans C-F-Trans</cell><cell cols="2">TASK-TYPE Emotion Intensity √ -√ √ √ -√ √ √ -√ √ √ -√ √ √ -√ √</cell><cell>ACC MICRO-F1 0.60 0.63 0.63 0.65 0.61 0.63 0.64 0.67 0.63 0.66 0.64 0.68 0.67 0.71 0.69 0.73 0.70 0.76 0.72 0.77</cell><cell cols="2">HL 0.081 0.077 0.079 0.075 0.076 0.073 0.066 0.059 0.057 0.055 0.69 JI 0.57 0.59 0.57 0.60 0.59 0.61 0.64 0.66 0.68</cell></row><row><cell></cell><cell></cell><cell cols="2">Correctly Predicted</cell><cell></cell></row><row><cell>Hindi-Utterance</cell><cell></cell><cell>English-Utterance</cell><cell></cell><cell>Correct-label</cell><cell>Predicted-Label Predicted Intensity</cell></row><row><cell cols="2">रक्षक मे रा मकान मा लक मु झे परे शान करने क को शश कर रहा है । कृ प्या मे री सहायता करे ।</cell><cell cols="2">Rakshak my landlord is try to harass me. Please help me.</cell><cell>Sad, Annoyed</cell><cell>Sad, Anger</cell><cell>3, 1</cell></row><row><cell>घनौना ! कोई िकसी लड़क के साथ ऐसा कै से कर सकता है ?</cell><cell></cell><cell cols="2">Disgusting! How could anyone do this to any girl?</cell><cell>Disgust, Anger</cell><cell>Disgust, Anger</cell><cell>3, 2</cell></row></table></figure>
<figure xmlns="http://www.tei-c.org/ns/1.0" type="table" xml:id="tab_6"><head>Table 7 :</head><label>7</label><figDesc>Error analysis: Some correct and incorrectly predicted samples Our loss function's primary goal is to instruct the model on how to weigh the task-specific losses.</figDesc><table /></figure>
<figure xmlns="http://www.tei-c.org/ns/1.0" type="table" xml:id="tab_7"><head></head><label></label><figDesc>Softmax as a classifier for emotion. We use Transformer Encoder with two layers. The embedding size is set to 300, and the learning rate is set to 0.003. We use negative log-likelihood loss for emotion prediction. Our model converges with 30 epochs and we use 32 batch size.</figDesc><table><row><cell>Methods</cell><cell cols="4">Accuracy Precision Recall F1</cell></row><row><cell>bc-LSTM (Poria et al., 2017)</cell><cell>60.95</cell><cell>59.13</cell><cell>59.72</cell><cell>59.42</cell></row><row><cell cols="2">bc-LSTM+Attn(Poria et al., 2017) 61.91</cell><cell>60.54</cell><cell>61.82</cell><cell>61.18</cell></row><row><cell>CMN (Hazarika et al., 2018)</cell><cell>63.51</cell><cell>63.13</cell><cell>63.68</cell><cell>63.37</cell></row><row><cell>C-Attention-Trans (Ours)</cell><cell>65.62</cell><cell>63.76</cell><cell>64.82</cell><cell>64.26</cell></row><row><cell>C-Fourier-TRans (Ours)</cell><cell>67.14</cell><cell>65.98</cell><cell>66.52</cell><cell>66.24</cell></row></table><note>2 Baseline models give the best result at five. use</note></figure>
<figure xmlns="http://www.tei-c.org/ns/1.0" type="table" xml:id="tab_8"><head>Table 8 :</head><label>8</label><figDesc>Result Analysis For Single label Emotion with IntensityC-A-Trans, 0.018 points ↓, and 0.020 points ↓,in comparison of bc-LSTM+ATT) and C-F-Trans, achieves the best JI of 0.055% (0.03 points ↑ in comparison of C-A-Trans, 0.08 points ↑, and 0.09 points ↑ ,in comparison of bc-LSTM+ATT ). We show the results in Table6</figDesc><table /></figure>
<figure xmlns="http://www.tei-c.org/ns/1.0" type="table" xml:id="tab_9"><head>Table 7 ,</head><label>7</label><figDesc>रक्षक मे रा मकान मा लक मु झे परे शान करने क को शश कर रहा है । कृ प्या मे री सहायता करे । (Rakshak my landlord is try to harass me. Please help me.) have label Sad,Annoyed and intensity 3,1 correctly predicted by our model (C-F-Trans). But our model also confused in some situations as for example, मैं आवे दन में क्या लख स-कती हू ँ ? मु झे िप्रय मत कहो । (What can I write in the application? Don't call me dear) have label Anticipation, Annoyed but our model predicted Joy due to word िप्रय(dear) which is maximum used with emotion Joy. So our model predicted Joy emotion and Grateful as it is come with Joy most of the time.</figDesc><table /></figure>
<figure xmlns="http://www.tei-c.org/ns/1.0" type="table" xml:id="tab_10"><head></head><label></label><figDesc>Priya acknowledges the Innovation in Science Pursuit for Inspired Research (INSPIRE) Fellowship implemented by the Department of Science and Technology, Ministry of Science and Technology, Government of India for financial support. Asif Ekbal acknowledges the Young Faculty Research Fellowship (YFRF), supported by Visvesvaraya PhD scheme for Electronics and IT, Ministry of Electronics and Information Technology (MeitY), Government of India, being implemented</figDesc><table /></figure>
			<note xmlns="http://www.tei-c.org/ns/1.0" place="foot" n="1" xml:id="foot_0">https://www.ac.in/ ai-nlp-ml/resources</note>
			<note xmlns="http://www.tei-c.org/ns/1.0" place="foot" n="3" xml:id="foot_1">For the global audience, we also translate these Hindi utterances into English.by Digital India Corporation (formerly Media Lab Asia).</note>
		</body>
		<back>
			<div type="references">

				<listBibl>

<biblStruct xml:id="b0">
	<monogr>
		<title level="m" type="main">22 points ↑ in comparison of C-A-Trans and 2.85 points ↑) in comparison of CMN, 5.44 points ↑ in comparison of bc-lstm+att, 6.26 points ↑ in comparison of bc-lstm, recall of 66.52% (1.70 points ↑ in comparison of C-A-Trans and 2.84 points ↑) in comparison of CMN, 4.7 points ↑ in comparison of bc-lstm+att, 6.8 points ↑ in comparison of bc-lstm,) and F1-score of 66.24% (1.98 points ↑ in comparison of C-A-Trans and 2.87 points ↑) in comparison of CMN, 5.06 points ↑ in comparison of bc-lstm+att, 6.82 points ↑ in comparison of bc-lstm</title>
		<author>
			<persName><forename type="first">C-F-Trans</forename><surname>Results</surname></persName>
		</author>
		<imprint/>
	</monogr>
	<note>We observe that C-F-Trans performs better than the C-A-Trans. We show the results in Table 8 for single label emotion and intensity. For Multi-label emotion C-F-Trans, achieves the best HL of 0.055% (0.04 points ↓ in comparison of 8. Bibliographical References</note>
	<note type="raw_reference">3. Results C-F-Trans, achieves the best precision of 65.98% (2.22 points ↑ in comparison of C-A-Trans and 2.85 points ↑) in comparison of CMN, 5.44 points ↑ in comparison of bc-lstm+att, 6.26 points ↑ in com- parison of bc-lstm, recall of 66.52% (1.70 points ↑ in comparison of C-A-Trans and 2.84 points ↑) in comparison of CMN, 4.7 points ↑ in compar- ison of bc-lstm+att, 6.8 points ↑ in comparison of bc-lstm,) and F1-score of 66.24% (1.98 points ↑ in comparison of C-A-Trans and 2.87 points ↑) in comparison of CMN, 5.06 points ↑ in compar- ison of bc-lstm+att, 6.82 points ↑ in comparison of bc-lstm,), Accuracy of 67.14% (1.52 points ↑ in comparison of C-A-Trans and 3.63 points ↑) in comparison of CMN, 5.23 points ↑ in comparison of bc-lstm+att, 6.19 points ↑ in comparison of bc- lstm,). We observe that C-F-Trans performs better than the C-A-Trans. We show the results in Table 8 for single label emotion and intensity. For Multi-label emotion C-F-Trans, achieves the best HL of 0.055% (0.04 points ↓ in comparison of 8. Bibliographical References</note>
</biblStruct>

<biblStruct xml:id="b1">
	<analytic>
		<title level="a" type="main">Borrow from rich cousin: transfer learning for emotion detection using cross lingual embedding</title>
		<author>
			<persName><forename type="first">Z</forename><surname>Ahmad</surname></persName>
		</author>
		<author>
			<persName><forename type="first">R</forename><surname>Jindal</surname></persName>
		</author>
		<author>
			<persName><forename type="first">A</forename><surname>Ekbal</surname></persName>
		</author>
		<author>
			<persName><forename type="first">P</forename><surname>Bhattachharyya</surname></persName>
		</author>
	</analytic>
	<monogr>
		<title level="j">Expert Systems with Applications</title>
		<imprint>
			<biblScope unit="volume">139</biblScope>
			<biblScope unit="page">112851</biblScope>
			<date type="published" when="2020">2020</date>
		</imprint>
	</monogr>
	<note type="raw_reference">Ahmad, Z., Jindal, R., Ekbal, A., and Bhattach- haryya, P. (2020). Borrow from rich cousin: transfer learning for emotion detection using cross lingual embedding. Expert Systems with Applications, 139:112851.</note>
</biblStruct>

<biblStruct xml:id="b2">
	<analytic>
		<title level="a" type="main">Semeval-2019 task 3: Emocontext contextual emotion detection in text</title>
		<author>
			<persName><forename type="first">A</forename><surname>Chatterjee</surname></persName>
		</author>
		<author>
			<persName><forename type="first">K</forename><forename type="middle">N</forename><surname>Narahari</surname></persName>
		</author>
		<author>
			<persName><forename type="first">M</forename><surname>Joshi</surname></persName>
		</author>
		<author>
			<persName><forename type="first">P</forename><surname>Agrawal</surname></persName>
		</author>
	</analytic>
	<monogr>
		<title level="m">Proceedings of the 13th international workshop on semantic evaluation</title>
				<meeting>the 13th international workshop on semantic evaluation</meeting>
		<imprint>
			<date type="published" when="2019">2019</date>
			<biblScope unit="page" from="39" to="48" />
		</imprint>
	</monogr>
	<note type="raw_reference">Chatterjee, A., Narahari, K. N., Joshi, M., and Agrawal, P. (2019). Semeval-2019 task 3: Emo- context contextual emotion detection in text. In Proceedings of the 13th international workshop on semantic evaluation, pages 39-48.</note>
</biblStruct>

<biblStruct xml:id="b3">
	<monogr>
		<author>
			<persName><forename type="first">S.-Y</forename><surname>Chen</surname></persName>
		</author>
		<author>
			<persName><forename type="first">C.-C</forename><surname>Hsu</surname></persName>
		</author>
		<author>
			<persName><forename type="first">C.-C</forename><surname>Kuo</surname></persName>
		</author>
		<author>
			<persName><forename type="first">L.-W</forename><surname>Ku</surname></persName>
		</author>
		<idno type="arXiv">arXiv:1802.08379</idno>
		<title level="m">Emotionlines: An emotion corpus of multi-party conversations</title>
				<imprint>
			<date type="published" when="2018">2018</date>
		</imprint>
	</monogr>
	<note type="report_type">arXiv preprint</note>
	<note type="raw_reference">Chen, S.-Y., Hsu, C.-C., Kuo, C.-C., Ku, L.-W., et al. (2018). Emotionlines: An emotion cor- pus of multi-party conversations. arXiv preprint arXiv:1802.08379.</note>
</biblStruct>

<biblStruct xml:id="b4">
	<analytic>
		<title level="a" type="main">An argument for basic emotions</title>
		<author>
			<persName><forename type="first">P</forename><surname>Ekman</surname></persName>
		</author>
	</analytic>
	<monogr>
		<title level="j">Cognition &amp; emotion</title>
		<imprint>
			<biblScope unit="volume">6</biblScope>
			<biblScope unit="issue">3-4</biblScope>
			<biblScope unit="page" from="169" to="200" />
			<date type="published" when="1992">1992</date>
		</imprint>
	</monogr>
	<note type="raw_reference">Ekman, P. (1992). An argument for basic emo- tions. Cognition &amp; emotion, 6(3-4):169-200.</note>
</biblStruct>

<biblStruct xml:id="b5">
	<monogr>
		<title level="m" type="main">Emowoz: A large-scale corpus and labelling scheme for emotion in task-oriented dialogue systems</title>
		<author>
			<persName><forename type="first">S</forename><surname>Feng</surname></persName>
		</author>
		<author>
			<persName><forename type="first">N</forename><surname>Lubis</surname></persName>
		</author>
		<author>
			<persName><forename type="first">C</forename><surname>Geishauser</surname></persName>
		</author>
		<author>
			<persName><forename type="first">H.-C</forename><surname>Lin</surname></persName>
		</author>
		<author>
			<persName><forename type="first">M</forename><surname>Heck</surname></persName>
		</author>
		<author>
			<persName><forename type="first">C</forename><surname>Van Niekerk</surname></persName>
		</author>
		<author>
			<persName><forename type="first">M</forename><surname>Gašić</surname></persName>
		</author>
		<idno type="arXiv">arXiv:2109.04919</idno>
		<imprint>
			<date type="published" when="2021">2021</date>
		</imprint>
	</monogr>
	<note type="report_type">arXiv preprint</note>
	<note type="raw_reference">Feng, S., Lubis, N., Geishauser, C., Lin, H.- c., Heck, M., van Niekerk, C., and Gašić, M. (2021). Emowoz: A large-scale corpus and la- belling scheme for emotion in task-oriented dia- logue systems. arXiv preprint arXiv:2109.04919.</note>
</biblStruct>

<biblStruct xml:id="b6">
	<analytic>
		<title level="a" type="main">Meisd: a multimodal multi-label emotion, intensity and sentiment dialogue dataset for emotion recognition and sentiment analysis in conversations</title>
		<author>
			<persName><forename type="first">M</forename><surname>Firdaus</surname></persName>
		</author>
		<author>
			<persName><forename type="first">H</forename><surname>Chauhan</surname></persName>
		</author>
		<author>
			<persName><forename type="first">A</forename><surname>Ekbal</surname></persName>
		</author>
		<author>
			<persName><forename type="first">P</forename><surname>Bhattacharyya</surname></persName>
		</author>
	</analytic>
	<monogr>
		<title level="m">Proceedings of the 28th International Conference on Computational Linguistics</title>
				<meeting>the 28th International Conference on Computational Linguistics</meeting>
		<imprint>
			<date type="published" when="2020">2020</date>
			<biblScope unit="page" from="4441" to="4453" />
		</imprint>
	</monogr>
	<note type="raw_reference">Firdaus, M., Chauhan, H., Ekbal, A., and Bhat- tacharyya, P. (2020). Meisd: a multimodal multi-label emotion, intensity and sentiment di- alogue dataset for emotion recognition and sen- timent analysis in conversations. In Proceedings of the 28th International Conference on Compu- tational Linguistics, pages 4441-4453.</note>
</biblStruct>

<biblStruct xml:id="b7">
	<analytic>
		<title level="a" type="main">Measuring nominal scale agreement among many raters</title>
		<author>
			<persName><forename type="first">J</forename><forename type="middle">L</forename><surname>Fleiss</surname></persName>
		</author>
	</analytic>
	<monogr>
		<title level="j">Psychological bulletin</title>
		<imprint>
			<biblScope unit="volume">76</biblScope>
			<biblScope unit="issue">5</biblScope>
			<biblScope unit="page">378</biblScope>
			<date type="published" when="1971">1971</date>
		</imprint>
	</monogr>
	<note type="raw_reference">Fleiss, J. L. (1971). Measuring nominal scale agreement among many raters. Psychological bulletin, 76(5):378.</note>
</biblStruct>

<biblStruct xml:id="b8">
	<monogr>
		<title level="m" type="main">Dialoguegcn: A graph convolutional neural network for emotion recognition in conversation</title>
		<author>
			<persName><forename type="first">D</forename><surname>Ghosal</surname></persName>
		</author>
		<author>
			<persName><forename type="first">N</forename><surname>Majumder</surname></persName>
		</author>
		<author>
			<persName><forename type="first">S</forename><surname>Poria</surname></persName>
		</author>
		<author>
			<persName><forename type="first">N</forename><surname>Chhaya</surname></persName>
		</author>
		<author>
			<persName><forename type="first">A</forename><surname>Gelbukh</surname></persName>
		</author>
		<idno type="arXiv">arXiv:1908.11540</idno>
		<imprint>
			<date type="published" when="2019">2019</date>
		</imprint>
	</monogr>
	<note type="report_type">arXiv preprint</note>
	<note type="raw_reference">Ghosal, D., Majumder, N., Poria, S., Chhaya, N., and Gelbukh, A. (2019). Dialoguegcn: A graph convolutional neural network for emo- tion recognition in conversation. arXiv preprint arXiv:1908.11540.</note>
</biblStruct>

<biblStruct xml:id="b9">
	<monogr>
		<title level="m" type="main">Irony in language and thought: A cognitive science reader</title>
		<author>
			<persName><forename type="first">R</forename><forename type="middle">W</forename><surname>Gibbs</surname><genName>Jr</genName></persName>
		</author>
		<author>
			<persName><forename type="first">R</forename><forename type="middle">W</forename><surname>Gibbs</surname></persName>
		</author>
		<author>
			<persName><forename type="first">H</forename><forename type="middle">L</forename><surname>Colston</surname></persName>
		</author>
		<imprint>
			<date type="published" when="2007">2007</date>
			<publisher>Psychology Press</publisher>
		</imprint>
	</monogr>
	<note type="raw_reference">Gibbs Jr, R. W., Gibbs, R. W., and Colston, H. L. (2007). Irony in language and thought: A cogni- tive science reader. Psychology Press.</note>
</biblStruct>

<biblStruct xml:id="b10">
	<analytic>
		<title level="a" type="main">Emotionspecific features for classifying emotions in story text</title>
		<author>
			<persName><forename type="first">D</forename><surname>Harikrishna</surname></persName>
		</author>
		<author>
			<persName><forename type="first">K</forename><forename type="middle">S</forename><surname>Rao</surname></persName>
		</author>
	</analytic>
	<monogr>
		<title level="m">2016 Twenty Second National Conference on Communication (NCC)</title>
				<imprint>
			<publisher>IEEE</publisher>
			<date type="published" when="2016">2016</date>
			<biblScope unit="page" from="1" to="4" />
		</imprint>
	</monogr>
	<note type="raw_reference">Harikrishna, D. and Rao, K. S. (2016). Emotion- specific features for classifying emotions in story text. In 2016 Twenty Second National Con- ference on Communication (NCC), pages 1-4. IEEE.</note>
</biblStruct>

<biblStruct xml:id="b11">
	<analytic>
		<title level="a" type="main">Conversational memory network for emotion recognition in dyadic dialogue videos</title>
		<author>
			<persName><forename type="first">D</forename><surname>Hazarika</surname></persName>
		</author>
		<author>
			<persName><forename type="first">S</forename><surname>Poria</surname></persName>
		</author>
		<author>
			<persName><forename type="first">A</forename><surname>Zadeh</surname></persName>
		</author>
		<author>
			<persName><forename type="first">E</forename><surname>Cambria</surname></persName>
		</author>
		<author>
			<persName><forename type="first">L.-P</forename><surname>Morency</surname></persName>
		</author>
		<author>
			<persName><forename type="first">R</forename><surname>Zimmermann</surname></persName>
		</author>
	</analytic>
	<monogr>
		<title level="m">Proceedings of the conference. Association for Computational Linguistics. North American Chapter</title>
				<meeting>the conference. Association for Computational Linguistics. North American Chapter</meeting>
		<imprint>
			<publisher>NIH Public Access</publisher>
			<date type="published" when="2018">2018</date>
			<biblScope unit="volume">2018</biblScope>
			<biblScope unit="page">2122</biblScope>
		</imprint>
	</monogr>
	<note type="raw_reference">Hazarika, D., Poria, S., Zadeh, A., Cambria, E., Morency, L.-P., and Zimmermann, R. (2018). Conversational memory network for emotion recognition in dyadic dialogue videos. In Pro- ceedings of the conference. Association for Com- putational Linguistics. North American Chapter. Meeting, volume 2018, page 2122. NIH Public Access.</note>
</biblStruct>

<biblStruct xml:id="b12">
	<analytic>
		<title level="a" type="main">Joint binary neural network for multi-label learning with applications to emotion classification</title>
		<author>
			<persName><forename type="first">H</forename><surname>He</surname></persName>
		</author>
		<author>
			<persName><forename type="first">R</forename><surname>Xia</surname></persName>
		</author>
	</analytic>
	<monogr>
		<title level="m">CCF International Conference on Natural Language Processing and Chinese Computing</title>
				<imprint>
			<publisher>Springer</publisher>
			<date type="published" when="2018">2018</date>
			<biblScope unit="page" from="250" to="259" />
		</imprint>
	</monogr>
	<note type="raw_reference">He, H. and Xia, R. (2018). Joint binary neural net- work for multi-label learning with applications to emotion classification. In CCF International Conference on Natural Language Processing and Chinese Computing, pages 250-259. Springer.</note>
</biblStruct>

<biblStruct xml:id="b13">
	<monogr>
		<author>
			<persName><forename type="first">C</forename><surname>Huang</surname></persName>
		</author>
		<author>
			<persName><forename type="first">A</forename><surname>Trabelsi</surname></persName>
		</author>
		<author>
			<persName><forename type="first">X</forename><surname>Qin</surname></persName>
		</author>
		<author>
			<persName><forename type="first">N</forename><surname>Farruque</surname></persName>
		</author>
		<author>
			<persName><forename type="first">O</forename><forename type="middle">R</forename><surname>Zaïane</surname></persName>
		</author>
		<idno type="arXiv">arXiv:1911.02147</idno>
		<title level="m">Seq2emo for multi-label emotion classification based on latent variable chains transformation</title>
				<imprint>
			<date type="published" when="2019">2019</date>
		</imprint>
	</monogr>
	<note type="report_type">arXiv preprint</note>
	<note type="raw_reference">Huang, C., Trabelsi, A., Qin, X., Farruque, N., and Zaïane, O. R. (2019). Seq2emo for multi-label emotion classification based on latent variable chains transformation. arXiv preprint arXiv:1911.02147.</note>
</biblStruct>

<biblStruct xml:id="b14">
	<monogr>
		<author>
			<persName><forename type="first">A</forename><surname>Joulin</surname></persName>
		</author>
		<author>
			<persName><forename type="first">E</forename><surname>Grave</surname></persName>
		</author>
		<author>
			<persName><forename type="first">P</forename><surname>Bojanowski</surname></persName>
		</author>
		<author>
			<persName><forename type="first">M</forename><surname>Douze</surname></persName>
		</author>
		<author>
			<persName><forename type="first">H</forename><surname>Jégou</surname></persName>
		</author>
		<author>
			<persName><forename type="first">T</forename><surname>Mikolov</surname></persName>
		</author>
		<idno type="arXiv">arXiv:1612.03651</idno>
		<title level="m">Fasttext. zip: Compressing text classification models</title>
				<imprint>
			<date type="published" when="2016">2016</date>
		</imprint>
	</monogr>
	<note type="report_type">arXiv preprint</note>
	<note type="raw_reference">Joulin, A., Grave, E., Bojanowski, P., Douze, M., Jégou, H., and Mikolov, T. (2016). Fast- text. zip: Compressing text classification mod- els. arXiv preprint arXiv:1612.03651.</note>
</biblStruct>

<biblStruct xml:id="b15">
	<analytic>
		<title level="a" type="main">An iterative design methodology for user-friendly natural language office information applications</title>
		<author>
			<persName><forename type="first">J</forename><forename type="middle">F</forename><surname>Kelley</surname></persName>
		</author>
	</analytic>
	<monogr>
		<title level="j">ACM Transactions on Information Systems (TOIS)</title>
		<imprint>
			<biblScope unit="volume">2</biblScope>
			<biblScope unit="issue">1</biblScope>
			<biblScope unit="page" from="26" to="41" />
			<date type="published" when="1984">1984</date>
		</imprint>
	</monogr>
	<note type="raw_reference">Kelley, J. F. (1984). An iterative design methodol- ogy for user-friendly natural language office in- formation applications. ACM Transactions on Information Systems (TOIS), 2(1):26-41.</note>
</biblStruct>

<biblStruct xml:id="b16">
	<analytic>
		<title level="a" type="main">Multi-task learning using uncertainty to weigh losses for scene geometry and semantics</title>
		<author>
			<persName><forename type="first">A</forename><surname>Kendall</surname></persName>
		</author>
		<author>
			<persName><forename type="first">Y</forename><surname>Gal</surname></persName>
		</author>
		<author>
			<persName><forename type="first">R</forename><surname>Cipolla</surname></persName>
		</author>
	</analytic>
	<monogr>
		<title level="m">Proceedings of the IEEE conference on computer vision and pattern recognition</title>
				<meeting>the IEEE conference on computer vision and pattern recognition</meeting>
		<imprint>
			<date type="published" when="2018">2018</date>
			<biblScope unit="page" from="7482" to="7491" />
		</imprint>
	</monogr>
	<note type="raw_reference">Kendall, A., Gal, Y., and Cipolla, R. (2018). Multi-task learning using uncertainty to weigh losses for scene geometry and semantics. In Pro- ceedings of the IEEE conference on computer vi- sion and pattern recognition, pages 7482-7491.</note>
</biblStruct>

<biblStruct xml:id="b17">
	<monogr>
		<title level="m" type="main">Attnconvnet at semeval-2018 task 1: Attentionbased convolutional neural networks for multilabel emotion classification</title>
		<author>
			<persName><forename type="first">Y</forename><surname>Kim</surname></persName>
		</author>
		<author>
			<persName><forename type="first">H</forename><surname>Lee</surname></persName>
		</author>
		<author>
			<persName><forename type="first">K</forename><surname>Jung</surname></persName>
		</author>
		<idno type="arXiv">arXiv:1804.00831</idno>
		<imprint>
			<date type="published" when="2018">2018</date>
		</imprint>
	</monogr>
	<note type="report_type">arXiv preprint</note>
	<note type="raw_reference">Kim, Y., Lee, H., and Jung, K. (2018). At- tnconvnet at semeval-2018 task 1: Attention- based convolutional neural networks for multi- label emotion classification. arXiv preprint arXiv:1804.00831.</note>
</biblStruct>

<biblStruct xml:id="b18">
	<analytic>
		<title level="a" type="main">Iitkgp-sehsc: Hindi speech corpus for emotion analysis</title>
		<author>
			<persName><forename type="first">S</forename><forename type="middle">G</forename><surname>Koolagudi</surname></persName>
		</author>
		<author>
			<persName><forename type="first">R</forename><surname>Reddy</surname></persName>
		</author>
		<author>
			<persName><forename type="first">J</forename><surname>Yadav</surname></persName>
		</author>
		<author>
			<persName><forename type="first">K</forename><forename type="middle">S</forename><surname>Rao</surname></persName>
		</author>
	</analytic>
	<monogr>
		<title level="m">2011 International conference on devices and communications (ICDe-Com)</title>
				<imprint>
			<publisher>IEEE</publisher>
			<date type="published" when="2011">2011</date>
			<biblScope unit="page" from="1" to="5" />
		</imprint>
	</monogr>
	<note type="raw_reference">Koolagudi, S. G., Reddy, R., Yadav, J., and Rao, K. S. (2011). Iitkgp-sehsc: Hindi speech corpus for emotion analysis. In 2011 International con- ference on devices and communications (ICDe- Com), pages 1-5. IEEE.</note>
</biblStruct>

<biblStruct xml:id="b19">
	<monogr>
		<title level="m" type="main">Bhaav-a text corpus for emotion analysis from hindi stories</title>
		<author>
			<persName><forename type="first">Y</forename><surname>Kumar</surname></persName>
		</author>
		<author>
			<persName><forename type="first">D</forename><surname>Mahata</surname></persName>
		</author>
		<author>
			<persName><forename type="first">S</forename><surname>Aggarwal</surname></persName>
		</author>
		<author>
			<persName><forename type="first">A</forename><surname>Chugh</surname></persName>
		</author>
		<author>
			<persName><forename type="first">R</forename><surname>Maheshwari</surname></persName>
		</author>
		<author>
			<persName><forename type="first">R</forename><forename type="middle">R</forename><surname>Shah</surname></persName>
		</author>
		<idno type="arXiv">arXiv:1910.04073</idno>
		<imprint>
			<date type="published" when="2019">2019</date>
		</imprint>
	</monogr>
	<note type="report_type">arXiv preprint</note>
	<note type="raw_reference">Kumar, Y., Mahata, D., Aggarwal, S., Chugh, A., Maheshwari, R., and Shah, R. R. (2019). Bhaav-a text corpus for emotion analysis from hindi stories. arXiv preprint arXiv:1910.04073.</note>
</biblStruct>

<biblStruct xml:id="b20">
	<monogr>
		<author>
			<persName><forename type="first">J</forename><surname>Lee-Thorp</surname></persName>
		</author>
		<author>
			<persName><forename type="first">J</forename><surname>Ainslie</surname></persName>
		</author>
		<author>
			<persName><forename type="first">I</forename><surname>Eckstein</surname></persName>
		</author>
		<author>
			<persName><forename type="first">S</forename><surname>Ontanon</surname></persName>
		</author>
		<idno type="arXiv">arXiv:2105.03824</idno>
		<title level="m">Fnet: Mixing tokens with fourier transforms</title>
				<imprint>
			<date type="published" when="2021">2021</date>
		</imprint>
	</monogr>
	<note type="report_type">arXiv preprint</note>
	<note type="raw_reference">Lee-Thorp, J., Ainslie, J., Eckstein, I., and Ontanon, S. (2021). Fnet: Mixing to- kens with fourier transforms. arXiv preprint arXiv:2105.03824.</note>
</biblStruct>

<biblStruct xml:id="b21">
	<monogr>
		<author>
			<persName><forename type="first">Y</forename><surname>Li</surname></persName>
		</author>
		<author>
			<persName><forename type="first">H</forename><surname>Su</surname></persName>
		</author>
		<author>
			<persName><forename type="first">X</forename><surname>Shen</surname></persName>
		</author>
		<author>
			<persName><forename type="first">W</forename><surname>Li</surname></persName>
		</author>
		<author>
			<persName><forename type="first">Z</forename><surname>Cao</surname></persName>
		</author>
		<author>
			<persName><forename type="first">S</forename><surname>Niu</surname></persName>
		</author>
		<idno type="arXiv">arXiv:1710.03957</idno>
		<title level="m">Dailydialog: A manually labelled multi-turn dialogue dataset</title>
				<imprint>
			<date type="published" when="2017">2017</date>
		</imprint>
	</monogr>
	<note type="report_type">arXiv preprint</note>
	<note type="raw_reference">Li, Y., Su, H., Shen, X., Li, W., Cao, Z., and Niu, S. (2017). Dailydialog: A manu- ally labelled multi-turn dialogue dataset. arXiv preprint arXiv:1710.03957.</note>
</biblStruct>

<biblStruct xml:id="b22">
	<monogr>
		<title level="m" type="main">The error is the clue: Breakdown in human-machine interaction</title>
		<author>
			<persName><forename type="first">B</forename><surname>Martinovsky</surname></persName>
		</author>
		<author>
			<persName><forename type="first">D</forename><surname>Traum</surname></persName>
		</author>
		<author>
			<persName><forename type="first">California Marina Del Rey Ca Inst For</forename><surname>Southern</surname></persName>
		</author>
		<author>
			<persName><surname>Creative …</surname></persName>
		</author>
		<imprint>
			<date type="published" when="2006">2006</date>
			<pubPlace>UNIVERSITY</pubPlace>
		</imprint>
	</monogr>
	<note type="report_type">Technical report</note>
	<note type="raw_reference">Martinovsky, B. and Traum, D. (2006). The er- ror is the clue: Breakdown in human-machine interaction. Technical report, UNIVERSITY OF SOUTHERN CALIFORNIA MARINA DEL REY CA INST FOR CREATIVE ….</note>
</biblStruct>

<biblStruct xml:id="b23">
	<monogr>
		<title level="m" type="main">Biological foundations of emotion</title>
		<author>
			<persName><forename type="first">R</forename><surname>Plutchik</surname></persName>
		</author>
		<author>
			<persName><forename type="first">H</forename><surname>Kellerman</surname></persName>
		</author>
		<imprint>
			<date type="published" when="2013">2013</date>
			<publisher>Academic Press</publisher>
			<biblScope unit="volume">3</biblScope>
		</imprint>
	</monogr>
	<note type="raw_reference">Plutchik, R. and Kellerman, H. (2013). Biologi- cal foundations of emotion, volume 3. Academic Press.</note>
</biblStruct>

<biblStruct xml:id="b24">
	<analytic>
		<title level="a" type="main">Context-dependent sentiment analysis in usergenerated videos</title>
		<author>
			<persName><forename type="first">S</forename><surname>Poria</surname></persName>
		</author>
		<author>
			<persName><forename type="first">E</forename><surname>Cambria</surname></persName>
		</author>
		<author>
			<persName><forename type="first">D</forename><surname>Hazarika</surname></persName>
		</author>
		<author>
			<persName><forename type="first">N</forename><surname>Majumder</surname></persName>
		</author>
		<author>
			<persName><forename type="first">A</forename><surname>Zadeh</surname></persName>
		</author>
		<author>
			<persName><forename type="first">L.-P</forename><surname>Morency</surname></persName>
		</author>
	</analytic>
	<monogr>
		<title level="m">Proceedings of the 55th annual meeting of the association for computational linguistics</title>
				<meeting>the 55th annual meeting of the association for computational linguistics</meeting>
		<imprint>
			<date type="published" when="2017">2017</date>
			<biblScope unit="volume">1</biblScope>
			<biblScope unit="page" from="873" to="883" />
		</imprint>
	</monogr>
	<note type="raw_reference">Poria, S., Cambria, E., Hazarika, D., Majumder, N., Zadeh, A., and Morency, L.-P. (2017). Context-dependent sentiment analysis in user- generated videos. In Proceedings of the 55th annual meeting of the association for computa- tional linguistics (volume 1: Long papers), pages 873-883.</note>
</biblStruct>

<biblStruct xml:id="b25">
	<analytic>
		<title level="a" type="main">The empathic companion: A character-based interface that addresses users&apos;affective states</title>
		<author>
			<persName><forename type="first">H</forename><surname>Prendinger</surname></persName>
		</author>
		<author>
			<persName><forename type="first">M</forename><surname>Ishizuka</surname></persName>
		</author>
	</analytic>
	<monogr>
		<title level="j">Applied artificial intelligence</title>
		<imprint>
			<biblScope unit="volume">19</biblScope>
			<biblScope unit="issue">3-4</biblScope>
			<biblScope unit="page" from="267" to="285" />
			<date type="published" when="2005">2005</date>
		</imprint>
	</monogr>
	<note type="raw_reference">Prendinger, H. and Ishizuka, M. (2005). The em- pathic companion: A character-based interface that addresses users&apos;affective states. Applied ar- tificial intelligence, 19(3-4):267-285.</note>
</biblStruct>

<biblStruct xml:id="b26">
	<analytic>
		<title level="a" type="main">Attention is all you need</title>
		<author>
			<persName><forename type="first">A</forename><surname>Vaswani</surname></persName>
		</author>
		<author>
			<persName><forename type="first">N</forename><surname>Shazeer</surname></persName>
		</author>
		<author>
			<persName><forename type="first">N</forename><surname>Parmar</surname></persName>
		</author>
		<author>
			<persName><forename type="first">J</forename><surname>Uszkoreit</surname></persName>
		</author>
		<author>
			<persName><forename type="first">L</forename><surname>Jones</surname></persName>
		</author>
		<author>
			<persName><forename type="first">A</forename><forename type="middle">N</forename><surname>Gomez</surname></persName>
		</author>
		<author>
			<persName><forename type="first">Ł</forename><surname>Kaiser</surname></persName>
		</author>
		<author>
			<persName><forename type="first">I</forename><surname>Polosukhin</surname></persName>
		</author>
	</analytic>
	<monogr>
		<title level="m">Advances in neural information processing systems</title>
				<imprint>
			<date type="published" when="2017">2017</date>
			<biblScope unit="page" from="5998" to="6008" />
		</imprint>
	</monogr>
	<note type="raw_reference">Vaswani, A., Shazeer, N., Parmar, N., Uszkoreit, J., Jones, L., Gomez, A. N., Kaiser, Ł., and Polo- sukhin, I. (2017). Attention is all you need. In Advances in neural information processing sys- tems, pages 5998-6008.</note>
</biblStruct>

<biblStruct xml:id="b27">
	<analytic>
		<title level="a" type="main">Corpus creation and emotion prediction for hindi-english code-mixed social media text</title>
		<author>
			<persName><forename type="first">D</forename><surname>Vijay</surname></persName>
		</author>
		<author>
			<persName><forename type="first">A</forename><surname>Bohra</surname></persName>
		</author>
		<author>
			<persName><forename type="first">V</forename><surname>Singh</surname></persName>
		</author>
		<author>
			<persName><forename type="first">S</forename><forename type="middle">S</forename><surname>Akhtar</surname></persName>
		</author>
		<author>
			<persName><forename type="first">M</forename><surname>Shrivastava</surname></persName>
		</author>
	</analytic>
	<monogr>
		<title level="m">Proceedings of the 2018 Conference of the North American Chapter</title>
				<meeting>the 2018 Conference of the North American Chapter</meeting>
		<imprint>
			<publisher>Student Research Workshop</publisher>
			<date type="published" when="2018">2018</date>
			<biblScope unit="page" from="128" to="135" />
		</imprint>
	</monogr>
	<note type="raw_reference">Vijay, D., Bohra, A., Singh, V., Akhtar, S. S., and Shrivastava, M. (2018). Corpus creation and emotion prediction for hindi-english code-mixed social media text. In Proceedings of the 2018 Conference of the North American Chapter of the Association for Computational Linguistics: Student Research Workshop, pages 128-135.</note>
</biblStruct>

<biblStruct xml:id="b28">
	<analytic>
		<title level="a" type="main">Current state of text sentiment analysis from opinion to emotion mining</title>
		<author>
			<persName><forename type="first">A</forename><surname>Yadollahi</surname></persName>
		</author>
		<author>
			<persName><forename type="first">A</forename><forename type="middle">G</forename><surname>Shahraki</surname></persName>
		</author>
		<author>
			<persName><forename type="first">O</forename><forename type="middle">R</forename><surname>Zaiane</surname></persName>
		</author>
	</analytic>
	<monogr>
		<title level="j">ACM Computing Surveys (CSUR)</title>
		<imprint>
			<biblScope unit="volume">50</biblScope>
			<biblScope unit="issue">2</biblScope>
			<biblScope unit="page" from="1" to="33" />
			<date type="published" when="2017">2017</date>
		</imprint>
	</monogr>
	<note type="raw_reference">Yadollahi, A., Shahraki, A. G., and Zaiane, O. R. (2017). Current state of text sentiment analysis from opinion to emotion mining. ACM Comput- ing Surveys (CSUR), 50(2):1-33.</note>
</biblStruct>

<biblStruct xml:id="b29">
	<analytic>
		<title level="a" type="main">An interaction-aware attention network for speech emotion recognition in spoken dialogs</title>
		<author>
			<persName><forename type="first">S.-L</forename><surname>Yeh</surname></persName>
		</author>
		<author>
			<persName><forename type="first">Y.-S</forename><surname>Lin</surname></persName>
		</author>
		<author>
			<persName><forename type="first">C.-C</forename><surname>Lee</surname></persName>
		</author>
	</analytic>
	<monogr>
		<title level="m">ICASSP 2019-2019 IEEE International Conference on Acoustics, Speech and Signal Processing (ICASSP)</title>
				<imprint>
			<publisher>IEEE</publisher>
			<date type="published" when="2019">2019</date>
			<biblScope unit="page" from="6685" to="6689" />
		</imprint>
	</monogr>
	<note type="raw_reference">Yeh, S.-L., Lin, Y.-S., and Lee, C.-C. (2019). An interaction-aware attention network for speech emotion recognition in spoken dialogs. In ICASSP 2019-2019 IEEE International Confer- ence on Acoustics, Speech and Signal Processing (ICASSP), pages 6685-6689. IEEE.</note>
</biblStruct>

<biblStruct xml:id="b30">
	<monogr>
		<title level="m" type="main">Improving multi-label emotion classification via sentiment classification with dual attention transfer network</title>
		<author>
			<persName><forename type="first">J</forename><surname>Yu</surname></persName>
		</author>
		<author>
			<persName><forename type="first">L</forename><surname>Marujo</surname></persName>
		</author>
		<author>
			<persName><forename type="first">J</forename><surname>Jiang</surname></persName>
		</author>
		<author>
			<persName><forename type="first">P</forename><surname>Karuturi</surname></persName>
		</author>
		<author>
			<persName><forename type="first">W</forename><surname>Brendel</surname></persName>
		</author>
		<imprint>
			<date type="published" when="2018">2018</date>
			<publisher>ACL</publisher>
		</imprint>
	</monogr>
	<note type="raw_reference">Yu, J., Marujo, L., Jiang, J., Karuturi, P., and Brendel, W. (2018). Improving multi-label emo- tion classification via sentiment classification with dual attention transfer network. ACL.</note>
</biblStruct>

				</listBibl>
			</div>
		</back>
	</text>
</TEI>
