<?xml version="1.0" encoding="UTF-8"?>
<TEI xml:space="preserve" xmlns="http://www.tei-c.org/ns/1.0" 
xmlns:xsi="http://www.w3.org/2001/XMLSchema-instance" 
xsi:schemaLocation="http://www.tei-c.org/ns/1.0 https://raw.githubusercontent.com/kermitt2/grobid/master/grobid-home/schemas/xsd/Grobid.xsd"
 xmlns:xlink="http://www.w3.org/1999/xlink">
	<teiHeader xml:lang="en">
		<fileDesc>
			<titleStmt>
				<title level="a" type="main">Modeling Noise in Paraphrase Detection</title>
			</titleStmt>
			<publicationStmt>
				<publisher/>
				<availability status="unknown"><licence/></availability>
			</publicationStmt>
			<sourceDesc>
				<biblStruct>
					<analytic>
						<author>
							<persName><forename type="first">Teemu</forename><surname>Vahtola</surname></persName>
							<email>teemu.vahtola@helsinki.fi</email>
							<affiliation key="aff0">
								<orgName type="department">Department of Digital Humanities Faculty of Arts</orgName>
								<orgName type="institution">University of Helsinki</orgName>
							</affiliation>
						</author>
						<author>
							<persName><forename type="first">Eetu</forename><surname>Sjöblom</surname></persName>
							<email>eetu.sjoblom@helsinki.fi</email>
							<affiliation key="aff0">
								<orgName type="department">Department of Digital Humanities Faculty of Arts</orgName>
								<orgName type="institution">University of Helsinki</orgName>
							</affiliation>
						</author>
						<author>
							<persName><forename type="first">Jörg</forename><surname>Tiedemann</surname></persName>
							<email>jorg.tiedemann@helsinki.fi</email>
							<affiliation key="aff0">
								<orgName type="department">Department of Digital Humanities Faculty of Arts</orgName>
								<orgName type="institution">University of Helsinki</orgName>
							</affiliation>
						</author>
						<author>
							<persName><forename type="first">Mathias</forename><surname>Creutz</surname></persName>
							<email>mathias.creutz@helsinki.fi</email>
							<affiliation key="aff0">
								<orgName type="department">Department of Digital Humanities Faculty of Arts</orgName>
								<orgName type="institution">University of Helsinki</orgName>
							</affiliation>
						</author>
						<title level="a" type="main">Modeling Noise in Paraphrase Detection</title>
					</analytic>
					<monogr>
						<imprint>
							<date/>
						</imprint>
					</monogr>
					<idno type="MD5">BE11A4DB281EFCA04E703099CB35E714</idno>
				</biblStruct>
			</sourceDesc>
		</fileDesc>
		<encodingDesc>
			<appInfo>
				<application version="0.7.3-SNAPSHOT" ident="GROBID" when="2023-01-12T09:10+0000">
					<desc>GROBID - A machine learning software for extracting information from scholarly documents</desc>
					<ref target="https://github.com/kermitt2/grobid"/>
				</application>
			</appInfo>
		</encodingDesc>
		<profileDesc>
			<textClass>
				<keywords>paraphrase detection, label noise</keywords>
			</textClass>
			<abstract>
<div xmlns="http://www.tei-c.org/ns/1.0"><p>Noisy labels in training data present a challenging issue in classification tasks, misleading a model towards incorrect decisions during training. In this paper, we propose the use of a linear noise model to augment pre-trained language models to account for label noise in fine-tuning. We test our approach in a paraphrase detection task with various levels of noise and five different languages. Our experiments demonstrate the effectiveness of the additional noise model in making the training procedures more robust and stable. Furthermore, we show that this model can be applied without further knowledge about annotation confidence and reliability of individual training examples and we analyse our results in light of data selection and sampling strategies.</p></div>
			</abstract>
		</profileDesc>
	</teiHeader>
	<text xml:lang="en">
		<body>
<div xmlns="http://www.tei-c.org/ns/1.0"><head n="1.">Introduction</head><p>Large pre-trained language models have obtained great results in many NLP tasks in recent years by utilising the dominant pre-training and fine-tuning paradigm. The language models' success on a specific downstream task is to a great extent dependent on the quality and quantity of task-specific training data. A considerable amount of annotated, high-quality training data is often necessary even for fine-tuning a large pre-trained language model in order for it to perform well on a certain downstream task. Consequently, different methods are utilised to obtain sufficient amounts of training data in a cost-effective way leading to different levels of noise. In this paper, we study the use of an explicit noise model to address label noise -incorrectly classified training samples that mislead the model during training. The noise model can be added to a neural architecture to make the training procedures more robust and predictable when noise enters the model. We apply the task of paraphrase detection as an example to demonstrate the use of an additional noise layer that is attached to a language model during fine-tuning. Our contributions are: (1) An implementation of a noise model that extends pre-trained language models to increase robustness when fine-tuning paraphrase detection with noisy training data. (2) A study that shows the effect of noise modeling with various degrees of noise across five different languages. (3) Experiments that demonstrate the effectiveness of noise models without explicit information about annotation quality and label confidence.</p></div>
<div xmlns="http://www.tei-c.org/ns/1.0"><head n="2.">Training with Label Noise</head><p>Online platforms are often utilized for the acquisition of large quantities of annotations from non-experts. The quality of such crowdsourced human-made annotations has recently been questioned, for example, in machine translation evaluation (see, e.g., <ref type="bibr" target="#b7">Graham et al. (2017)</ref>; <ref type="bibr" target="#b23">Toral et al. (2018)</ref>; <ref type="bibr" target="#b15">Läubli et al. (2020)</ref>). Annotators seem to assign higher scores to translations that more accurately conform the sentence structure of the source sentence than to those that differ in phrasing and structure, even if the latter would be more natural <ref type="bibr" target="#b5">(Freitag et al., 2020)</ref>. Paraphrase detection struggles with a similar problem. As classifying paraphrases is about assessing degrees of similarity between sequences, many instances can be difficult to classify, and the defining line between paraphrastic and non-paraphrastic sequences can shift between annotators. <ref type="bibr" target="#b0">Aulamo et al. (2019)</ref> have studied inter-annotator agreement in the paraphrase domain. In a four-scale classification task of identifying potential paraphrases in the Opusparcus corpus <ref type="bibr" target="#b3">(Creutz, 2018)</ref>, they found inter-annotator agreement to be as low as 59.9%. Relaxing the task into binary classification increased inter-annotator agreement to 83.1% Furthermore, they hypothesize that a deeper expertise in the topic results in more coherent categorization of paraphrases.</p><p>Paraphrase annotation and machine translation are not the only examples where the complexity of NLP tasks causes annotation noise. A similar picture can be seen in data sets for sentiment and emotion classification <ref type="bibr" target="#b21">(Strapparava and Mihalcea, 2010)</ref> and natural language inference <ref type="bibr" target="#b8">(Gururangan et al., 2018)</ref>, to name a few. In general, some level of noise is unavoidable even with extensive annotator training <ref type="bibr" target="#b1">(Bayerl and Paul, 2011)</ref> and needs to be addressed in one way or another. Sometimes, automation and heuristics can help to facilitate (semi-)automatic annotation <ref type="bibr" target="#b18">(Mohammad, 2012;</ref><ref type="bibr">Araque et al., 2019)</ref> but that comes with additional caveats.</p><p>Erroneous annotations in the training data typically appear as label noise, that is, annotations that do not correspond to the true class of the training sample. The misclassified instances may thus lead the model to incorrect decisions during training. For instance, label noise can be a negative instance incorrectly labeled as positive in a binary classification task (false positives).</p></div>
<div xmlns="http://www.tei-c.org/ns/1.0"><head n="2.1.">Related Work</head><p>Machine learning practitioners use varied methods to alleviate the effect of label noise to the model. To obtain high-quality data consisting only of reliable training examples, incorrectly classified examples can be identified and removed. However, the process of identifying and removing misclassified examples can be extremely time-consuming, and moreover, it is not always desired to remove training examples from the data, especially if the data is of limited size to begin with. Detailed information about approaches to training with noisy labels is presented in <ref type="bibr" target="#b6">Frenay and Verleysen (2014)</ref>. Noisy training data can be augmented with clean data for a model to learn to account for the corrupted labels in the original data. This line of work includes, for example, <ref type="bibr" target="#b14">Li et al. (2017)</ref>, who use knowledge distillation from a model trained on small and clean data to re-weight noisy labels to soft labels in a noisy training set. <ref type="bibr" target="#b25">Veit et al. (2017)</ref> train a network with a clean sub-sample of the training data to reduce noise in the rest of the data. Annotating a sufficient number of clean training examples for training an auxiliary network can be costly, and ready-made additional clean data is rarely available. Thus, methods for learning models directly from data that includes noisy labels should be analysed further. Augmenting machine learning models with a noise processing layer to directly transform latent labels to noisy labels to explicitly model the effect of noise has been studied comprehensively for image processing. <ref type="bibr" target="#b17">Mnih and Hinton (2012)</ref> implement a robust loss-function that reduces the effect of noisy labels to the image classifier by treating true observations as noisy observations. <ref type="bibr" target="#b22">Sukhbaatar et al. (2015)</ref>, <ref type="bibr" target="#b10">Jindal et al. (2016), and</ref><ref type="bibr" target="#b19">Patrini et al. (2017)</ref> integrate a linear noise layer on top of a base model's prediction layer to transform the output of the base model to correspond to the noisy label distribution in the data. <ref type="bibr" target="#b11">Jindal et al. (2019)</ref> extend the noise layer experimentation from image processing to multiple text-classification tasks. These works train the base neural networks from scratch, whereas we are curious to examine to what extent a strong pretrained language model can benefit from an additional noise layer when the noise layer is applied into the finetuning stage. We reproduce the model proposed by <ref type="bibr" target="#b11">Jindal et al. (2019)</ref> to paraphrase detection, but instead of training a sequence classification model from scratch, we use BERT <ref type="bibr" target="#b4">(Devlin et al., 2019)</ref> as our base model and exploit the noise processing layer for transforming the outputs of an additional classification head to correspond to the noisy label distribution in the training data during fine-tuning. <ref type="bibr" target="#b11">Jindal et al. (2019)</ref> apply the same noise processing layer to all training samples and assume that the noise is instance-independent. Another strategy is to deal with instance-dependent noise by incorporating explicit information about specific training samples into the model reflecting the label confidence or label ambiguity in the data <ref type="bibr" target="#b9">(Haque et al., 2021;</ref><ref type="bibr" target="#b2">Berthon et al., 2021)</ref>. We implement a strategy for augmenting our general noise model with label confidence values extracted from the training data ranking to test the impact of such information.</p></div>
<div xmlns="http://www.tei-c.org/ns/1.0"><head n="2.2.">Paraphrase Detection with Noisy Labels</head><p>We use five languages from Opusparcus to evaluate our approach.<ref type="foot" target="#foot_0">1</ref> Opusparcus is a sentential paraphrase corpus consisting of data sets in six European languages.</p><p>The training sets are automatically ranked based on a probabilistic score of two sequences being paraphrases. As such, the data does not contain explicit annotations but the score can be used to define cutoff points for positive paraphrase examples. A small sample of manually annotated paraphrase pairs across various ranges of scores makes it possible to control the expected noise level in the selected training data <ref type="bibr" target="#b3">(Creutz, 2018)</ref>, which is useful for our experiments below. The data is described in more detail in section 4.1. Previous research about paraphrase detection on Opusparcus include <ref type="bibr" target="#b20">Sjöblom et al. (2018)</ref> and <ref type="bibr" target="#b24">Vahtola et al. (2021)</ref>. However, that work does not attempt to mitigate the effect of noisy labels directly. Instead, the objective has been in finding an optimal trade-off between the number of training examples and noisy labels for a deep neural network trained from scratch <ref type="bibr" target="#b20">(Sjöblom et al., 2018)</ref>, or a proportion of noisy labels in the training data up to which a pre-trained language model (BERT in this case) is still capable of obtaining high accuracy in paraphrase detection <ref type="bibr" target="#b24">(Vahtola et al., 2021)</ref>. <ref type="bibr" target="#b24">Vahtola et al. (2021)</ref> show that a fine-tuned BERT can perform with up to 20% of corrupted training data after which the model starts collapsing. In contrast to previous work, we attempt to alleviate the effect of noise in the data with an explicit noise model to address considerably higher proportions of noisy labels and to make it possible to handle label noise even without existing confidence values for the labels in the training data.</p></div>
<div xmlns="http://www.tei-c.org/ns/1.0"><head n="3.">Model Description</head><p>The baseline model implements a binary classification layer on top of fine-tuned language models (languagespecific BERT in our case) with no explicit noise modeling. In addition to that, we experiment with two noise models: (i) a label noise model that takes as input the output prediction from the base model's classification layer, and transforms the predictions to account for a noisy label distribution in the training set, and (ii) a label confidence model that, in addition to transforming the latent labels to noisy labels, uses auxiliary label confidence values to further guide the transformation. The confidence values are obtained from the scores that are used in ranking the sentence pairs in Opusparcus. With those two models, we want to contrast the ability of a noise model to cope with label noise with or without explicit knowledge about annotation confidence in comparison to a general baseline model.</p></div>
<div xmlns="http://www.tei-c.org/ns/1.0"><head n="3.1.">Label Noise Model</head><p>Our implementation of the additional noise model layer is based on the noise absorbing layer proposed by <ref type="bibr" target="#b11">Jindal et al. (2019)</ref>. In contrast to <ref type="bibr" target="#b11">Jindal et al. (2019)</ref>, we augment a pre-trained language model (BERT) with an auxiliary linear transformation layer Q that learns the transformation from the unnormalized base model output ŷ to the noisy label distribution y ′ such that</p><formula xml:id="formula_0">p(y ′ |x) = softmax(Q × ŷ) (1)</formula><p>The noise layer Q is initialized as an n × n identity matrix, where n corresponds to the number of discrete labels. Figure <ref type="figure" target="#fig_0">1</ref> illustrates the additional noise layer on top of BERT. We train the model to minimize the cross-entropy loss as follows:</p><formula xml:id="formula_1">L(y, y ′ ) = − N i=1 y i log(y ′ i ) (2)</formula><p>As the cross-entropy is minimized over the noisy training data, the values in the noise matrix Q are updated during error backpropagation to account for a noisy label distribution. Last, we apply L 2 -regularization to the noise layer independently of the rest of the model.</p></div>
<div xmlns="http://www.tei-c.org/ns/1.0"><head n="3.2.">Label Confidence Model</head><p>To take into account a confidence value associated with each training sample, we propose a noise layer whose weight matrix Q is a linear combination of two matrices Q 1 and Q 2 . Similarly to the label noise model described above, the matrices Q 1 and Q 2 are initialized to identity matrices. Given the two matrices, the noise model output is calculated as follows:</p><formula xml:id="formula_2">Q = (cQ 1 + (1 − c)Q 2 ) (3) p(y ′ |x) = softmax(Q × ŷ) (4)</formula><p>where c is a confidence value in [0, 1] for each training sample x.</p><p>For training samples with high label confidence, that is, confidence values close to 1, the weight matrix Q 1 contributes more to the layer weights. Conversely, for samples with low confidence, the weight matrix Q 2 contributes more. Intuitively, during training, the matrix Q 1 can stay close to the identity matrix while Q 2 can learn more of the noise distribution so that the base model outputs for samples with high confidence are not transformed as much as the outputs for samples with low confidence.</p><p>We calculate the confidence value c for each training sample by normalizing the scores used to rank the paraphrase candidates in Opusparcus. We normalize the scores so that the highest ranking sample in our final training set has a confidence value of 1 and the last sample has a confidence value of 0.</p></div>
<div xmlns="http://www.tei-c.org/ns/1.0"><head n="4.">Experiments</head><p>We perform systematic experimentation of the proposed noise layer augmented models to evaluate their robustness to increasing proportions of noisy labels in the training data. The noise layer is implemented on a BERT model for sequence classification using the Hugging Face transformers library <ref type="bibr" target="#b27">(Wolf et al., 2020)</ref>. The pre-trained models we use are: <ref type="bibr" target="#b4">Devlin et al. (2019)</ref> for English, German BERT by deepset<ref type="foot" target="#foot_2">2</ref> for German, <ref type="bibr" target="#b26">Virtanen et al. (2019)</ref> for Finnish, <ref type="bibr" target="#b12">Kuratov and Arkhipov (2019)</ref> for Russian, and <ref type="bibr" target="#b16">Malmsten et al. (2020)</ref> for Swedish.</p><p>All BERT models, with or without the added noise layers, are fine-tuned using an early stopping criterion with patience of 10. The learning rate is set to 1e-5, and the models are regularized with a weight decay of 0.1. In the training of all noise models, we additionally regularize the noise layer with a weight decay of 0.01. Because the negative instances in our data are not noisy (see Section 4.2), we train the additional noise layers using only the positive instances. For the negative instances we use the base model output both during training and inference.</p></div>
<div xmlns="http://www.tei-c.org/ns/1.0"><head n="4.1.">Data</head><p>We use five languages -German, English, Finnish, Russian and Swedish -from the Opusparcus paraphrase corpus to evaluate the proposed noise models. To evaluate the robustness of the models to the increasing proportions of noisy labels in the training data, we sample corresponding noise buckets for each language ranging from an estimated proportion of noisy labels between 5% and 40%. These buckets are generated by increasing the data sizes for each language independently so that the estimated proportion of noisy labels increases in increments of 5 percentage points. As a result, we produce eight training data subsets for each language that differ in size but match in their estimated noise distributions.</p></div>
<div xmlns="http://www.tei-c.org/ns/1.0"><head n="4.2.">Data Sampling for Fine-Tuning</head><p>Each respective training data subset consists of an equivalent number (n) of positive and negative exam- As <ref type="bibr" target="#b20">Sjöblom et al. (2018)</ref> note, these methods may in theory introduce false negatives to the training data, but the probability for this is expected to be so low that it does not affect the models' capability to generalise well to unseen data. Note, since we expect the negative examples to be (predominantly) clean of noisy labels, the reported proportions of noisy labels correspond to the proportion of noisy labels in the positive examples, exclusively.</p><p>Based on an evaluation of the results obtained using the different sampling strategies for the negative samples, we did not observe a clear difference justifying the selection of one strategy over the other. Therefore, we report results that are averaged over the three negative sampling strategies.</p></div>
<div xmlns="http://www.tei-c.org/ns/1.0"><head n="4.3.">Results from the Label Noise Model</head><p>Figure <ref type="figure" target="#fig_2">3</ref> presents the averaged results of the fine-tuned models on Opusparcus development sets over all negative sampling strategies.</p><p>The figures represent a comparison of three models: a fine-tuned BERT without an additional noise processing layer (BERT Basic), a fine-tuned BERT with the proposed label noise model (BERT Noise), and a finetuned BERT augmented with the proposed label confidence model (BERT Confidence). Overall, BERT Noise obtains higher accuracy scores compared to BERT Basic except for German and for data selections with very small noise levels in English.</p><p>The difference between both models increases with growing noise levels as expected. All noise models certainly drop in performance when noise is added but, especially for Finnish and Swedish, the performance stays high. In general, one would not know the noise level of the training data and the result is, hence, very encouraging in terms of training robustness. German seems to be an outlier in our experiments but even there the noise model does at least not hurt the performance except in the cleanest data sets with noise levels below 10%.</p></div>
<div xmlns="http://www.tei-c.org/ns/1.0"><head n="4.4.">Results from the Label Confidence Model</head><p>Next, we evaluate the impact of the confidence information on the noise modeling performance. We train BERT Confidence using the same hyperparameters as before, introducing auxiliary confidence values to the model. The results show that our model is not able to pick up additional benefits from those values and the model behaves very similarly to BERT Noise. Alike BERT Noise, BERT Confidence outperforms BERT Basic in Finnish and Swedish on all noise levels, and in the other languages when trained on the noisier subsets. Similar behaviour between the two noise models indicates that the label noise model can effectively be utilised even when we do not have further knowledge about the noise level in the data and the reliability of individual labels.</p></div>
<div xmlns="http://www.tei-c.org/ns/1.0"><head n="5.">Discussion</head><p>The results suggest that the additional noise processing layer is most beneficial in scenarios where the training data is especially noisy, and utilising the noise model does not affect performance in a deteriorating manner in other test conditions either. In most situations, reducing noise by selecting training data only from a certain distribution of the data is not possible, or information about the quality of the data is not known a priori. In situations where the training data is assumed or known to be noisy, utilising the noise model is recommended, as the results show that this simple addition makes the model considerably more robust to noise. Across the five languages, the English results are the best in absolute terms, with accuracies over 90%. Figure <ref type="figure" target="#fig_2">3</ref> (bottom right) may provide an explanation, as it can be seen that English has more training data than any other language for each noise level. German, Finnish and Swedish all reach accuracies in the high 80's. If the amount of training data were the decisive factor, we would expect German to outperform Finnish, which should outperform Swedish by a slight margin. However, this is not what happens. Furthermore, the Russian results are the worst ones, with accuracies well below 80%, although the amount of training data is comparable to that of the other languages, except for noise levels 5 and 10%.</p></div>
<div xmlns="http://www.tei-c.org/ns/1.0"><head n="5.1.">Effects of Negative Data Sampling and Unbalanced Classes</head><p>One of our observations is that all models, across languages and noise levels, predict the positive (paraphrase) class significantly more often than the negative (non-paraphrase) class. For instance, at the 10% noise level, BERT Basic predicts the positive class as follows: 78% (Russian), 77% (English), 76% (German), 69% (Finnish) and 64% (Swedish). This is not unexpected, due to the way the negative non-paraphrase training samples were created. Because the samples were created by randomly pairing sentences from the training set, we would expect there to be very few nonparaphrase pairs which are close in surface form, that is, the hardest cases for the model to recognize as nonparaphrases. This gives the model a signal that for a pair of sentences to be non-paraphrastic, the surface forms should probably have very little in common, and other pairs are likely to be paraphrases. Furthermore, increasing the noise level of the training set exacerbates this problem. As the label noise increases, the models increasingly overpredict the paraphrase class. This results from the fact that our noise is asymmetric: we only have noisy samples where the assumed class is a paraphrase but the sample in reality is a non-paraphrase, further strengthening the signal that many different types of phrase pairs are paraphrastic. However, this problem is clearly worse for BERT Basic than for BERT Noise. For instance, when BERT Basic predicts 84% positives for Russian at the 40% noise level, BERT Noise only predicts 66% positives.</p><p>Based on these results, the difference between BERT Basic and BERT Noise seems to lie in that the addi- tional noise layer alleviates the second problem resulting from the addition of asymmetric noise, confirming that the model indeed learns to correct for noise during training. However, the model cannot naturally correct for the sampling strategy used to create the nonparaphrase samples, so the problem still persists for BERT Noise to some extent.</p><p>This also construes the differences between the lan-guages. The development sets used for testing are not balanced in terms of classes. Instead, all languages have more paraphrases than non-paraphrases in the data. English and German have the largest proportions of paraphrases in their development sets (75% and 73% respectively). Hence, it is not a bad strategy to overpredict paraphrases. As the amount of noise in the training data grows, the increasing overprediction of positives Figure <ref type="figure">4</ref>: Paraphrase detection accuracies for all models of German and Finnish for all training set sizes after the addition of two smaller sets: 10,000 and 100,000 sentence pairs. The plots now include the same data points as in Figure <ref type="figure" target="#fig_2">3</ref> plus the two added ones. Note that the x axis shows the size of the training set (on a logarithmic scale) rather than the noise levels, as in the earlier figures.</p><p>by BERT Basic compensates for the overall decrease in performance, resulting in a smaller difference in performance between the BERT Basic and the BERT Noise models. This is especially true for German. By contrast, the benefit of the BERT Noise models is the most prominent for languages where the class distribution is closer to uniform and the overprediction of positives degrades performance. This shows in the results for Finnish and Swedish, where the development sets contain no more than 61% and 57% positives, respectively. At the highest noise level, 40%, the BERT Noise models accurately predict positives in very similar proportions: 62% (Finnish) and 59% (Swedish). BERT Basic is far behind, with an overprediction of positives: 75% (Finnish) and 70% (Swedish).</p></div>
<div xmlns="http://www.tei-c.org/ns/1.0"><head n="5.2.">Smaller Models</head><p>Another open question is the behaviour of models on even smaller training sets. To study this, we extracted subsets below the 5% noise level. Since we are unable to accurately estimate the noise level of the small sets, we decided to use the same absolute number of training examples for every language: 10,000 and 100,000 paraphrastic sentence pairs (plus an equal number of negative samples). We do not know the exact noise levels, but we expect the data to be quite clean with noise levels below 5%.</p><p>The results for the smaller data sets are similar across the languages. Figure <ref type="figure">4</ref> adds their performance for two languages that otherwise behave quite differently from each other. We note that in absolute terms the accuracies are lower for the smallest sizes, which is not surprising. Small amounts of training data do not outperform the use of larger, slightly noisier sets. Also, the two noise models are very similar to the BERT Basic model, which is to be expected, since the data does not contain much noise. We also notice that the accuracy for the smallest set is higher for Finnish (86%) than for German (80%). This could be caused by differences in the qualities of the underlying BERT models, as the amount of data used for fine-tuning is still so limited. However, another explanation may be the asymmetry between the positive and negative classes. At this level, the models do not yet overpredict the positive class as strongly as for larger training sets, which is beneficial for Finnish with its more balanced distribution of labels in the test data.</p></div>
<div xmlns="http://www.tei-c.org/ns/1.0"><head n="6.">Conclusion</head><p>We have proposed the integration of a linear noise prediction layer into the fine-tuning step of a pre-trained language model (BERT) to implicitly account for noisy labels in the training data. We have shown that the noise model contributes to the training procedures in a way that alleviates the deteriorating effect of unknown label noise. We test the approach on a paraphrase detection task showing that the model increases robustness and stability with improved performance for four out of five languages included in our experiments.</p></div>
<div xmlns="http://www.tei-c.org/ns/1.0"><head n="7.">Acknowledgements</head><p>This work is part of the Behind the words project, funded by the Academy of Finland. We wish to acknowledge CSC -The Finnish IT Center for Science for the generous computational resources they have provided.</p></div>
<div xmlns="http://www.tei-c.org/ns/1.0"><head n="8.">Bibliographical References</head><p>Araque, O., Gatti, L., Staiano, J., and Guerini, M. (2019). Depechemood++: a bilingual emotion lexicon built through simple yet powerful techniques. IEEE Transactions on Affective Computing, pages 1-1.</p></div><figure xmlns="http://www.tei-c.org/ns/1.0" xml:id="fig_0"><head>Figure 1 :</head><label>1</label><figDesc>Figure 1: The input signal x, consisting of a pair of sentences, is fed into a fine-tuned BERT model augmented with a classification layer, which outputs a predicted label ŷ, indicating whether the sentences are paraphrases or not. During training, an additional noise layer transforms ŷ into the observed training label y ′ , which is noisy and may therefore be incorrect.</figDesc><graphic coords="3,79.09,62.81,204.09,107.57" type="bitmap" /></figure>
<figure xmlns="http://www.tei-c.org/ns/1.0" xml:id="fig_1"><head>Figure 2 :</head><label>2</label><figDesc>Figure 2: Our approaches for sampling negative training examples (sentence pairs that are not paraphrases).</figDesc><graphic coords="4,307.28,237.34,226.77,175.11" type="bitmap" /></figure>
<figure xmlns="http://www.tei-c.org/ns/1.0" xml:id="fig_2"><head>Figure 3 :</head><label>3</label><figDesc>Figure 3: Paraphrase detection accuracies for models trained on data subsets with increasing noise levels. The noise levels [%] of the training sets are marked on the x axis. The bars indicate the corresponding training set sizes (labels on the secondary y axis on the right). Bottom right: Comparison across languages between the increasing noise level presented on the x axis, and the growing training set sizes on a logarithmic scale on the y axis.</figDesc><graphic coords="6,72.00,407.70,210.15,170.10" type="bitmap" /></figure>
<figure xmlns="http://www.tei-c.org/ns/1.0" type="table" xml:id="tab_0"><head>Table 1 :</head><label>1</label><figDesc>It was a difficult and long delivery . The delivery was difficult and long . 77.5163 2 501 He doesn 't know what he 's doing . He has no idea what he 's doing . 60.5163 520 103None of your business . That was none of your damn business . 26.9842 1 000 589 He liked it . Examples from the Opusparcus English training data illustrating label noise. The first column indicates the location of a sentence pair in the data, after all sentence pairs have been sorted according to a PMI-based score shown in the fourth column. The higher the score, the more likely the sentences are paraphrases. Therefore, the most likely paraphrastic sentence pairs are located in the beginning of the training set followed by less likely paraphrastic sentence pairs in a decreasing order.</figDesc><table><row><cell>Index</cell><cell>Sentence 1</cell><cell>Sentence 2</cell><cell>Ranking score</cell></row><row><cell>8</cell><cell></cell><cell></cell><cell></cell></row><row><cell></cell><cell></cell><cell>She liked it .</cell><cell>22.1814</cell></row><row><cell cols="2">1 300 948 What 's this all about ?</cell><cell>Why do you need him ?</cell><cell>20.0698</cell></row><row><cell cols="3">The corpus consists of automatically annotated training</cell><cell></cell></row><row><cell cols="3">and manually annotated evaluation and test sets. The</cell><cell></cell></row><row><cell cols="3">automatic annotation of the training sets is based on a</cell><cell></cell></row><row><cell cols="3">PMI weighted probability of a given sentence pair con-</cell><cell></cell></row><row><cell cols="3">sisting of two paraphrastic sentences. The most proba-</cell><cell></cell></row><row><cell cols="3">ble paraphrase pairs are positioned in the beginning of</cell><cell></cell></row><row><cell cols="3">the training data, followed by less probable pairs in a</cell><cell></cell></row><row><cell cols="3">descending order. Table 1 provides examples. Albeit</cell><cell></cell></row><row><cell cols="3">having differences on their syntactic and lexical level,</cell><cell></cell></row><row><cell cols="3">the first two sentence pairs carry the same approximate</cell><cell></cell></row><row><cell cols="3">meanings, respectively, and occur early in the training</cell><cell></cell></row><row><cell cols="3">data. The third sentence pair includes a difference in</cell><cell></cell></row><row><cell cols="3">tone but still carries the same approximate meaning.</cell><cell></cell></row><row><cell cols="3">In the fourth example, the surface forms differ only in</cell><cell></cell></row><row><cell cols="3">the choice of the subjective pronoun. The sentences</cell><cell></cell></row><row><cell cols="3">in the last example are unrelated. Collecting the first</cell><cell></cell></row><row><cell cols="3">1.5 million sentence pairs from the English training set</cell><cell></cell></row><row><cell cols="3">and treating the collected sentence pairs as positive ex-</cell><cell></cell></row><row><cell cols="3">amples, that is, classifying them as paraphrases, results</cell><cell></cell></row><row><cell cols="3">in a subset where the probability of acquiring incor-</cell><cell></cell></row><row><cell cols="3">rectly classified sentence pairs is approximately 10%.</cell><cell></cell></row><row><cell cols="3">Thus, the proportion of noisy training examples can be</cell><cell></cell></row><row><cell cols="3">controlled by selecting n examples from the beginning</cell><cell></cell></row><row><cell cols="3">of the file so that the use of a larger n will produce a</cell><cell></cell></row><row><cell cols="3">larger proportion of noisy labels. The format of the data</cell><cell></cell></row><row><cell cols="3">enables a natural evaluation of the model robustness</cell><cell></cell></row><row><cell cols="3">on different proportions of noisy labels in the training</cell><cell></cell></row><row><cell cols="3">data. For a detailed description of the construction of</cell><cell></cell></row><row><cell cols="2">the corpora, we refer the reader to Creutz (2018).</cell><cell></cell><cell></cell></row></table></figure>
			<note xmlns="http://www.tei-c.org/ns/1.0" place="foot" n="1" xml:id="foot_0">Opusparcus also includes French, which we do not include in this work due to technical difficulties in implementing the noise models using FlauBERT(Le et  </note>
			<note xmlns="http://www.tei-c.org/ns/1.0" place="foot" n="2020" xml:id="foot_1">al., 2020)  as the base model.</note>
			<note xmlns="http://www.tei-c.org/ns/1.0" place="foot" n="2" xml:id="foot_2">https://www.deepset.ai/german-bert</note>
		</body>
		<back>
			<div type="references">

				<listBibl>

<biblStruct xml:id="b0">
	<analytic>
		<title level="a" type="main">Annotation of subtitle paraphrases using a new web tool</title>
		<author>
			<persName><forename type="first">M</forename><surname>Aulamo</surname></persName>
		</author>
		<author>
			<persName><forename type="first">M</forename><surname>Creutz</surname></persName>
		</author>
		<author>
			<persName><forename type="first">E</forename><surname>Sjöblom</surname></persName>
		</author>
		<idno>date: 05-03-2019 Through 08-03-2019</idno>
	</analytic>
	<monogr>
		<title level="m">Digital Humanities in the Nordic Countries, number 2364 in CEUR Workshop Proceedings</title>
				<editor>
			<persName><forename type="first">Costanza</forename><surname>Navarretta</surname></persName>
		</editor>
		<imprint>
			<publisher>Germany</publisher>
			<date type="published" when="2019-05">2019. May. 2019</date>
			<biblScope unit="page" from="33" to="48" />
		</imprint>
	</monogr>
	<note>CEUR-WS.org. Digital Humanities in the Nordic Countries</note>
	<note type="raw_reference">Aulamo, M., Creutz, M., and Sjöblom, E. (2019). An- notation of subtitle paraphrases using a new web tool. In Costanza Navarretta, et al., editors, Digital Humanities in the Nordic Countries, number 2364 in CEUR Workshop Proceedings, pages 33-48, Ger- many, May. CEUR-WS.org. Digital Humanities in the Nordic Countries, DHN 2019 ; Conference date: 05-03-2019 Through 08-03-2019.</note>
</biblStruct>

<biblStruct xml:id="b1">
	<analytic>
		<title level="a" type="main">What determines inter-coder agreement in manual annotations? a meta-analytic investigation</title>
		<author>
			<persName><forename type="first">P</forename><forename type="middle">S</forename><surname>Bayerl</surname></persName>
		</author>
		<author>
			<persName><forename type="first">K</forename><forename type="middle">I</forename><surname>Paul</surname></persName>
		</author>
	</analytic>
	<monogr>
		<title level="j">Computational Linguistics</title>
		<imprint>
			<biblScope unit="volume">37</biblScope>
			<biblScope unit="issue">4</biblScope>
			<biblScope unit="page" from="699" to="725" />
			<date type="published" when="2011-12">2011. December</date>
		</imprint>
	</monogr>
	<note type="raw_reference">Bayerl, P. S. and Paul, K. I. (2011). What deter- mines inter-coder agreement in manual annotations? a meta-analytic investigation. Computational Lin- guistics, 37(4):699-725, December.</note>
</biblStruct>

<biblStruct xml:id="b2">
	<analytic>
		<title level="a" type="main">Confidence scores make instancedependent label-noise learning possible</title>
		<author>
			<persName><forename type="first">A</forename><surname>Berthon</surname></persName>
		</author>
		<author>
			<persName><forename type="first">B</forename><surname>Han</surname></persName>
		</author>
		<author>
			<persName><forename type="first">G</forename><surname>Niu</surname></persName>
		</author>
		<author>
			<persName><forename type="first">T</forename><surname>Liu</surname></persName>
		</author>
		<author>
			<persName><forename type="first">M</forename><surname>Sugiyama</surname></persName>
		</author>
	</analytic>
	<monogr>
		<title level="m">International Conference on Machine Learning</title>
				<imprint>
			<publisher>PMLR</publisher>
			<date type="published" when="2021">2021</date>
			<biblScope unit="page" from="825" to="836" />
		</imprint>
	</monogr>
	<note type="raw_reference">Berthon, A., Han, B., Niu, G., Liu, T., and Sugiyama, M. (2021). Confidence scores make instance- dependent label-noise learning possible. In Interna- tional Conference on Machine Learning, pages 825- 836. PMLR.</note>
</biblStruct>

<biblStruct xml:id="b3">
	<analytic>
		<title level="a" type="main">Open subtitles paraphrase corpus for six languages</title>
		<author>
			<persName><forename type="first">M</forename><surname>Creutz</surname></persName>
		</author>
	</analytic>
	<monogr>
		<title level="m">Proceedings of the Eleventh International Conference on Language Resources and Evaluation (LREC 2018)</title>
				<meeting>the Eleventh International Conference on Language Resources and Evaluation (LREC 2018)<address><addrLine>Miyazaki, Japan</addrLine></address></meeting>
		<imprint>
			<publisher>European Language Resources Association (ELRA</publisher>
			<date type="published" when="2018-05">2018. May</date>
		</imprint>
	</monogr>
	<note type="raw_reference">Creutz, M. (2018). Open subtitles paraphrase corpus for six languages. In Proceedings of the Eleventh In- ternational Conference on Language Resources and Evaluation (LREC 2018), Miyazaki, Japan, May. European Language Resources Association (ELRA).</note>
</biblStruct>

<biblStruct xml:id="b4">
	<analytic>
		<title level="a" type="main">BERT: Pre-training of deep bidirectional transformers for language understanding</title>
		<author>
			<persName><forename type="first">J</forename><surname>Devlin</surname></persName>
		</author>
		<author>
			<persName><forename type="first">M.-W</forename><surname>Chang</surname></persName>
		</author>
		<author>
			<persName><forename type="first">K</forename><surname>Lee</surname></persName>
		</author>
		<author>
			<persName><forename type="first">K</forename><surname>Toutanova</surname></persName>
		</author>
	</analytic>
	<monogr>
		<title level="m">Proceedings of the 2019 Conference of the North American Chapter of the Association for Computational Linguistics: Human Language Technologies</title>
		<title level="s">Long and Short Papers</title>
		<meeting>the 2019 Conference of the North American Chapter of the Association for Computational Linguistics: Human Language Technologies<address><addrLine>Minneapolis, Minnesota</addrLine></address></meeting>
		<imprint>
			<publisher>Association for Computational Linguistics</publisher>
			<date type="published" when="2019-06">2019. June</date>
			<biblScope unit="volume">1</biblScope>
			<biblScope unit="page" from="4171" to="4186" />
		</imprint>
	</monogr>
	<note type="raw_reference">Devlin, J., Chang, M.-W., Lee, K., and Toutanova, K. (2019). BERT: Pre-training of deep bidirec- tional transformers for language understanding. In Proceedings of the 2019 Conference of the North American Chapter of the Association for Computa- tional Linguistics: Human Language Technologies, Volume 1 (Long and Short Papers), pages 4171- 4186, Minneapolis, Minnesota, June. Association for Computational Linguistics.</note>
</biblStruct>

<biblStruct xml:id="b5">
	<analytic>
		<title level="a" type="main">BLEU might be guilty but references are not innocent</title>
		<author>
			<persName><forename type="first">M</forename><surname>Freitag</surname></persName>
		</author>
		<author>
			<persName><forename type="first">D</forename><surname>Grangier</surname></persName>
		</author>
		<author>
			<persName><forename type="first">I</forename><surname>Caswell</surname></persName>
		</author>
	</analytic>
	<monogr>
		<title level="m">Proceedings of the 2020 Conference on Empirical Methods in Natural Language Processing (EMNLP)</title>
				<meeting>the 2020 Conference on Empirical Methods in Natural Language Processing (EMNLP)</meeting>
		<imprint>
			<publisher>Association for Computational Linguistics</publisher>
			<date type="published" when="2020-11">2020. November</date>
			<biblScope unit="page" from="61" to="71" />
		</imprint>
	</monogr>
	<note type="raw_reference">Freitag, M., Grangier, D., and Caswell, I. (2020). BLEU might be guilty but references are not in- nocent. In Proceedings of the 2020 Conference on Empirical Methods in Natural Language Processing (EMNLP), pages 61-71, Online, November. Associ- ation for Computational Linguistics.</note>
</biblStruct>

<biblStruct xml:id="b6">
	<analytic>
		<title level="a" type="main">Classification in the presence of label noise: A survey</title>
		<author>
			<persName><forename type="first">B</forename><surname>Frenay</surname></persName>
		</author>
		<author>
			<persName><forename type="first">M</forename><surname>Verleysen</surname></persName>
		</author>
	</analytic>
	<monogr>
		<title level="j">IEEE Transactions on Neural Networks and Learning Systems</title>
		<imprint>
			<biblScope unit="volume">25</biblScope>
			<biblScope unit="issue">5</biblScope>
			<biblScope unit="page" from="845" to="869" />
			<date type="published" when="2014">2014</date>
		</imprint>
	</monogr>
	<note type="raw_reference">Frenay, B. and Verleysen, M. (2014). Classification in the presence of label noise: A survey. IEEE Trans- actions on Neural Networks and Learning Systems, 25(5):845-869.</note>
</biblStruct>

<biblStruct xml:id="b7">
	<analytic>
		<title level="a" type="main">Can machine translation systems be evaluated by the crowd alone</title>
		<author>
			<persName><forename type="first">Y</forename><surname>Graham</surname></persName>
		</author>
		<author>
			<persName><forename type="first">T</forename><surname>Baldwin</surname></persName>
		</author>
		<author>
			<persName><forename type="first">A</forename><surname>Moffat</surname></persName>
		</author>
		<author>
			<persName><forename type="first">J</forename><surname>Zobel</surname></persName>
		</author>
	</analytic>
	<monogr>
		<title level="j">Natural Language Engineering</title>
		<imprint>
			<biblScope unit="volume">23</biblScope>
			<biblScope unit="issue">1</biblScope>
			<biblScope unit="page" from="3" to="30" />
			<date type="published" when="2017">2017</date>
		</imprint>
	</monogr>
	<note type="raw_reference">Graham, Y., Baldwin, T., Moffat, A., and Zobel, J. (2017). Can machine translation systems be evalu- ated by the crowd alone. Natural Language Engi- neering, 23(1):3-30.</note>
</biblStruct>

<biblStruct xml:id="b8">
	<analytic>
		<title level="a" type="main">Annotation artifacts in natural language inference data</title>
		<author>
			<persName><forename type="first">S</forename><surname>Gururangan</surname></persName>
		</author>
		<author>
			<persName><forename type="first">S</forename><surname>Swayamdipta</surname></persName>
		</author>
		<author>
			<persName><forename type="first">O</forename><surname>Levy</surname></persName>
		</author>
		<author>
			<persName><forename type="first">R</forename><surname>Schwartz</surname></persName>
		</author>
		<author>
			<persName><forename type="first">S</forename><surname>Bowman</surname></persName>
		</author>
		<author>
			<persName><forename type="first">N</forename><forename type="middle">A</forename><surname>Smith</surname></persName>
		</author>
	</analytic>
	<monogr>
		<title level="m">Proceedings of the 2018 Conference of the North American Chapter of the Association for Computational Linguistics: Human Language Technologies</title>
		<title level="s">Short Papers</title>
		<meeting>the 2018 Conference of the North American Chapter of the Association for Computational Linguistics: Human Language Technologies<address><addrLine>Louisiana</addrLine></address></meeting>
		<imprint>
			<publisher>Association for Computational Linguistics</publisher>
			<date type="published" when="2018-06">2018. June</date>
			<biblScope unit="volume">2</biblScope>
			<biblScope unit="page" from="107" to="112" />
		</imprint>
	</monogr>
	<note type="raw_reference">Gururangan, S., Swayamdipta, S., Levy, O., Schwartz, R., Bowman, S., and Smith, N. A. (2018). Annota- tion artifacts in natural language inference data. In Proceedings of the 2018 Conference of the North American Chapter of the Association for Computa- tional Linguistics: Human Language Technologies, Volume 2 (Short Papers), pages 107-112, New Or- leans, Louisiana, June. Association for Computa- tional Linguistics.</note>
</biblStruct>

<biblStruct xml:id="b9">
	<analytic>
		<title level="a" type="main">Deep learning for suicide and depression identification with unsupervised label correction</title>
		<author>
			<persName><forename type="first">A</forename><surname>Haque</surname></persName>
		</author>
		<author>
			<persName><forename type="first">V</forename><surname>Reddi</surname></persName>
		</author>
		<author>
			<persName><forename type="first">T</forename><surname>Giallanza</surname></persName>
		</author>
	</analytic>
	<monogr>
		<title level="m">Artificial Neural Networks and Machine Learning -ICANN 2021</title>
				<editor>
			<persName><forename type="first">Igor</forename><surname>Farkaš</surname></persName>
		</editor>
		<meeting><address><addrLine>Cham</addrLine></address></meeting>
		<imprint>
			<publisher>Springer International Publishing</publisher>
			<date type="published" when="2021">2021</date>
			<biblScope unit="page" from="436" to="447" />
		</imprint>
	</monogr>
	<note type="raw_reference">Haque, A., Reddi, V., and Giallanza, T. (2021). Deep learning for suicide and depression identification with unsupervised label correction. In Igor Farkaš, et al., editors, Artificial Neural Networks and Ma- chine Learning -ICANN 2021, pages 436-447, Cham. Springer International Publishing.</note>
</biblStruct>

<biblStruct xml:id="b10">
	<analytic>
		<title level="a" type="main">Learning deep networks from noisy labels with dropout regularization</title>
		<author>
			<persName><forename type="first">I</forename><surname>Jindal</surname></persName>
		</author>
		<author>
			<persName><forename type="first">M</forename><forename type="middle">S</forename><surname>Nokleby</surname></persName>
		</author>
		<author>
			<persName><forename type="first">X</forename><surname>Chen</surname></persName>
		</author>
	</analytic>
	<monogr>
		<title level="m">IEEE 16th International Conference on Data Mining, ICDM 2016</title>
				<editor>
			<persName><forename type="first">Francesco</forename><surname>Bonchi</surname></persName>
		</editor>
		<meeting><address><addrLine>Barcelona, Spain</addrLine></address></meeting>
		<imprint>
			<publisher>IEEE Computer Society</publisher>
			<date type="published" when="2016-12-12">2016. December 12-15, 2016</date>
			<biblScope unit="page" from="967" to="972" />
		</imprint>
	</monogr>
	<note type="raw_reference">Jindal, I., Nokleby, M. S., and Chen, X. (2016). Learn- ing deep networks from noisy labels with dropout regularization. In Francesco Bonchi, et al., editors, IEEE 16th International Conference on Data Min- ing, ICDM 2016, December 12-15, 2016, Barcelona, Spain, pages 967-972. IEEE Computer Society.</note>
</biblStruct>

<biblStruct xml:id="b11">
	<analytic>
		<title level="a" type="main">An effective label noise model for DNN text classification</title>
		<author>
			<persName><forename type="first">I</forename><surname>Jindal</surname></persName>
		</author>
		<author>
			<persName><forename type="first">D</forename><surname>Pressel</surname></persName>
		</author>
		<author>
			<persName><forename type="first">B</forename><surname>Lester</surname></persName>
		</author>
		<author>
			<persName><forename type="first">M</forename><surname>Nokleby</surname></persName>
		</author>
	</analytic>
	<monogr>
		<title level="m">Proceedings of the 2019 Conference of the North American Chapter of the Association for Computational Linguistics: Human Language Technologies</title>
		<title level="s">Long and Short Papers</title>
		<meeting>the 2019 Conference of the North American Chapter of the Association for Computational Linguistics: Human Language Technologies<address><addrLine>Minneapolis, Minnesota</addrLine></address></meeting>
		<imprint>
			<publisher>Association for Computational Linguistics</publisher>
			<date type="published" when="2019-06">2019. June</date>
			<biblScope unit="volume">1</biblScope>
			<biblScope unit="page" from="3246" to="3256" />
		</imprint>
	</monogr>
	<note type="raw_reference">Jindal, I., Pressel, D., Lester, B., and Nokleby, M. (2019). An effective label noise model for DNN text classification. In Proceedings of the 2019 Confer- ence of the North American Chapter of the Associ- ation for Computational Linguistics: Human Lan- guage Technologies, Volume 1 (Long and Short Pa- pers), pages 3246-3256, Minneapolis, Minnesota, June. Association for Computational Linguistics.</note>
</biblStruct>

<biblStruct xml:id="b12">
	<monogr>
		<title level="m" type="main">Adaptation of deep bidirectional multilingual transformers for russian language</title>
		<author>
			<persName><forename type="first">Y</forename><surname>Kuratov</surname></persName>
		</author>
		<author>
			<persName><forename type="first">M</forename><surname>Arkhipov</surname></persName>
		</author>
		<imprint>
			<date type="published" when="2019">2019</date>
		</imprint>
	</monogr>
	<note type="raw_reference">Kuratov, Y. and Arkhipov, M. (2019). Adaptation of deep bidirectional multilingual transformers for rus- sian language.</note>
</biblStruct>

<biblStruct xml:id="b13">
	<analytic>
		<title level="a" type="main">FlauBERT: Unsupervised language model pre-training for French</title>
		<author>
			<persName><forename type="first">H</forename><surname>Le</surname></persName>
		</author>
		<author>
			<persName><forename type="first">L</forename><surname>Vial</surname></persName>
		</author>
		<author>
			<persName><forename type="first">J</forename><surname>Frej</surname></persName>
		</author>
		<author>
			<persName><forename type="first">V</forename><surname>Segonne</surname></persName>
		</author>
		<author>
			<persName><forename type="first">M</forename><surname>Coavoux</surname></persName>
		</author>
		<author>
			<persName><forename type="first">B</forename><surname>Lecouteux</surname></persName>
		</author>
		<author>
			<persName><forename type="first">A</forename><surname>Allauzen</surname></persName>
		</author>
		<author>
			<persName><forename type="first">B</forename><surname>Crabbé</surname></persName>
		</author>
		<author>
			<persName><forename type="first">L</forename><surname>Besacier</surname></persName>
		</author>
		<author>
			<persName><forename type="first">D</forename><surname>Schwab</surname></persName>
		</author>
	</analytic>
	<monogr>
		<title level="m">Proceedings of the 12th Language Resources and Evaluation Conference</title>
				<meeting>the 12th Language Resources and Evaluation Conference<address><addrLine>Marseille, France</addrLine></address></meeting>
		<imprint>
			<publisher>European Language Resources Association</publisher>
			<date type="published" when="2020-05">2020. May</date>
			<biblScope unit="page" from="2479" to="2490" />
		</imprint>
	</monogr>
	<note type="raw_reference">Le, H., Vial, L., Frej, J., Segonne, V., Coavoux, M., Lecouteux, B., Allauzen, A., Crabbé, B., Be- sacier, L., and Schwab, D. (2020). FlauBERT: Un- supervised language model pre-training for French. In Proceedings of the 12th Language Resources and Evaluation Conference, pages 2479-2490, Mar- seille, France, May. European Language Resources Association.</note>
</biblStruct>

<biblStruct xml:id="b14">
	<analytic>
		<title level="a" type="main">Learning from noisy labels with distillation</title>
		<author>
			<persName><forename type="first">Y</forename><surname>Li</surname></persName>
		</author>
		<author>
			<persName><forename type="first">J</forename><surname>Yang</surname></persName>
		</author>
		<author>
			<persName><forename type="first">Y</forename><surname>Song</surname></persName>
		</author>
		<author>
			<persName><forename type="first">L</forename><surname>Cao</surname></persName>
		</author>
		<author>
			<persName><forename type="first">J</forename><surname>Luo</surname></persName>
		</author>
		<author>
			<persName><forename type="first">L</forename><surname>Li</surname></persName>
		</author>
	</analytic>
	<monogr>
		<title level="m">2017 IEEE International Conference on Computer Vision (ICCV)</title>
				<meeting><address><addrLine>CA, USA</addrLine></address></meeting>
		<imprint>
			<publisher>IEEE Computer Society</publisher>
			<date type="published" when="2017-10">2017. oct</date>
			<biblScope unit="page" from="1928" to="1936" />
		</imprint>
	</monogr>
	<note type="raw_reference">Li, Y., Yang, J., Song, Y., Cao, L., Luo, J., and Li, L. (2017). Learning from noisy labels with distillation. In 2017 IEEE International Conference on Com- puter Vision (ICCV), pages 1928-1936, Los Alami- tos, CA, USA, oct. IEEE Computer Society.</note>
</biblStruct>

<biblStruct xml:id="b15">
	<analytic>
		<title level="a" type="main">A set of recommendations for assessing human-machine parity in language translation</title>
		<author>
			<persName><forename type="first">S</forename><surname>Läubli</surname></persName>
		</author>
		<author>
			<persName><forename type="first">S</forename><surname>Castilho</surname></persName>
		</author>
		<author>
			<persName><forename type="first">G</forename><surname>Neubig</surname></persName>
		</author>
		<author>
			<persName><forename type="first">R</forename><surname>Sennrich</surname></persName>
		</author>
		<author>
			<persName><forename type="first">Q</forename><surname>Shen</surname></persName>
		</author>
		<author>
			<persName><forename type="first">A</forename><surname>Toral</surname></persName>
		</author>
	</analytic>
	<monogr>
		<title level="j">Journal of Artificial Intelligence Research</title>
		<imprint>
			<biblScope unit="volume">67</biblScope>
			<date type="published" when="2020-03">2020. Mar</date>
		</imprint>
	</monogr>
	<note type="raw_reference">Läubli, S., Castilho, S., Neubig, G., Sennrich, R., Shen, Q., and Toral, A. (2020). A set of recommenda- tions for assessing human-machine parity in lan- guage translation. Journal of Artificial Intelligence Research, 67, Mar.</note>
</biblStruct>

<biblStruct xml:id="b16">
	<monogr>
		<title level="m" type="main">Playing with words at the national library of sweden -making a swedish bert</title>
		<author>
			<persName><forename type="first">M</forename><surname>Malmsten</surname></persName>
		</author>
		<author>
			<persName><forename type="first">L</forename><surname>Börjeson</surname></persName>
		</author>
		<author>
			<persName><forename type="first">C</forename><surname>Haffenden</surname></persName>
		</author>
		<imprint>
			<date type="published" when="2020">2020</date>
		</imprint>
	</monogr>
	<note type="raw_reference">Malmsten, M., Börjeson, L., and Haffenden, C. (2020). Playing with words at the national library of sweden -making a swedish bert.</note>
</biblStruct>

<biblStruct xml:id="b17">
	<analytic>
		<title level="a" type="main">Learning to label aerial images from noisy data</title>
		<author>
			<persName><forename type="first">V</forename><surname>Mnih</surname></persName>
		</author>
		<author>
			<persName><forename type="first">G</forename><surname>Hinton</surname></persName>
		</author>
	</analytic>
	<monogr>
		<title level="m">Proceedings of the 29th International Coference on International Conference on Machine Learning, ICML&apos;12</title>
				<meeting>the 29th International Coference on International Conference on Machine Learning, ICML&apos;12<address><addrLine>Madison, WI, USA</addrLine></address></meeting>
		<imprint>
			<publisher>Omnipress</publisher>
			<date type="published" when="2012">2012</date>
			<biblScope unit="page" from="203" to="210" />
		</imprint>
	</monogr>
	<note type="raw_reference">Mnih, V. and Hinton, G. (2012). Learning to label aerial images from noisy data. In Proceedings of the 29th International Coference on International Conference on Machine Learning, ICML&apos;12, page 203-210, Madison, WI, USA. Omnipress.</note>
</biblStruct>

<biblStruct xml:id="b18">
	<analytic>
		<title level="a" type="main">#emotional tweets</title>
		<author>
			<persName><forename type="first">S</forename><surname>Mohammad</surname></persName>
		</author>
	</analytic>
	<monogr>
		<title level="m">Proceedings of the main conference and the shared task, and Volume 2: Proceedings of the Sixth International Workshop on Semantic Evaluation</title>
				<meeting>the main conference and the shared task, and Volume 2: the Sixth International Workshop on Semantic Evaluation<address><addrLine>Montréal, Canada</addrLine></address></meeting>
		<imprint>
			<publisher>Association for Computational Linguistics</publisher>
			<date type="published" when="2012-06">2012. SemEval 2012. June</date>
			<biblScope unit="volume">1</biblScope>
			<biblScope unit="page" from="7" to="8" />
		</imprint>
	</monogr>
	<note>*SEM 2012: The First Joint Conference on Lexical and Computational Semantics</note>
	<note type="raw_reference">Mohammad, S. (2012). #emotional tweets. In *SEM 2012: The First Joint Conference on Lexical and Computational Semantics -Volume 1: Proceedings of the main conference and the shared task, and Vol- ume 2: Proceedings of the Sixth International Work- shop on Semantic Evaluation (SemEval 2012), pages 246-255, Montréal, Canada, 7-8 June. Association for Computational Linguistics.</note>
</biblStruct>

<biblStruct xml:id="b19">
	<analytic>
		<title level="a" type="main">Making deep neural networks robust to label noise: A loss correction approach</title>
		<author>
			<persName><forename type="first">G</forename><surname>Patrini</surname></persName>
		</author>
		<author>
			<persName><forename type="first">A</forename><surname>Rozza</surname></persName>
		</author>
		<author>
			<persName><forename type="first">A</forename><forename type="middle">K</forename><surname>Menon</surname></persName>
		</author>
		<author>
			<persName><forename type="first">R</forename><surname>Nock</surname></persName>
		</author>
		<author>
			<persName><forename type="first">L</forename><surname>Qu</surname></persName>
		</author>
	</analytic>
	<monogr>
		<title level="m">2017 IEEE Conference on Computer Vision and Pattern Recognition (CVPR)</title>
				<imprint>
			<date type="published" when="2017">2017</date>
			<biblScope unit="page" from="2233" to="2241" />
		</imprint>
	</monogr>
	<note type="raw_reference">Patrini, G., Rozza, A., Menon, A. K., Nock, R., and Qu, L. (2017). Making deep neural networks robust to label noise: A loss correction approach. In 2017 IEEE Conference on Computer Vision and Pattern Recognition (CVPR), pages 2233-2241.</note>
</biblStruct>

<biblStruct xml:id="b20">
	<analytic>
		<title level="a" type="main">Paraphrase detection on noisy subtitles in six languages</title>
		<author>
			<persName><forename type="first">E</forename><surname>Sjöblom</surname></persName>
		</author>
		<author>
			<persName><forename type="first">M</forename><surname>Creutz</surname></persName>
		</author>
		<author>
			<persName><forename type="first">M</forename><surname>Aulamo</surname></persName>
		</author>
	</analytic>
	<monogr>
		<title level="m">Proceedings of the 2018 EMNLP Workshop W-NUT: The 4th Workshop on Noisy Usergenerated Text</title>
				<meeting>the 2018 EMNLP Workshop W-NUT: The 4th Workshop on Noisy Usergenerated Text<address><addrLine>Brussels, Belgium</addrLine></address></meeting>
		<imprint>
			<date type="published" when="2018-11">2018. November</date>
			<biblScope unit="page" from="64" to="73" />
		</imprint>
	</monogr>
	<note>Association for Computational Linguistics</note>
	<note type="raw_reference">Sjöblom, E., Creutz, M., and Aulamo, M. (2018). Paraphrase detection on noisy subtitles in six lan- guages. In Proceedings of the 2018 EMNLP Work- shop W-NUT: The 4th Workshop on Noisy User- generated Text, pages 64-73, Brussels, Belgium, November. Association for Computational Linguis- tics.</note>
</biblStruct>

<biblStruct xml:id="b21">
	<analytic>
		<title level="a" type="main">Annotating and identifying emotions in text</title>
		<author>
			<persName><forename type="first">C</forename><surname>Strapparava</surname></persName>
		</author>
		<author>
			<persName><forename type="first">R</forename><surname>Mihalcea</surname></persName>
		</author>
	</analytic>
	<monogr>
		<title level="m">Intelligent Information Access</title>
				<editor>
			<persName><forename type="first">G</forename><surname>Armano</surname></persName>
		</editor>
		<meeting><address><addrLine>Berlin, Heidelberg</addrLine></address></meeting>
		<imprint>
			<publisher>Springer</publisher>
			<date type="published" when="2010">2010</date>
			<biblScope unit="volume">301</biblScope>
		</imprint>
	</monogr>
	<note type="raw_reference">Strapparava, C. and Mihalcea, R. (2010). Annotat- ing and identifying emotions in text. In G. Armano, et al., editors, Intelligent Information Access, vol- ume 301 of Studies in Computational Intelligence. Springer, Berlin, Heidelberg.</note>
</biblStruct>

<biblStruct xml:id="b22">
	<monogr>
		<author>
			<persName><forename type="first">S</forename><surname>Sukhbaatar</surname></persName>
		</author>
		<author>
			<persName><forename type="first">J</forename><surname>Bruna</surname></persName>
		</author>
		<author>
			<persName><forename type="first">M</forename><surname>Paluri</surname></persName>
		</author>
		<author>
			<persName><forename type="first">L</forename><surname>Bourdev</surname></persName>
		</author>
		<author>
			<persName><forename type="first">R</forename><surname>Fergus</surname></persName>
		</author>
		<title level="m">Training convolutional networks with noisy labels</title>
				<imprint>
			<date type="published" when="2015">2015</date>
		</imprint>
	</monogr>
	<note type="raw_reference">Sukhbaatar, S., Bruna, J., Paluri, M., Bourdev, L., and Fergus, R. (2015). Training convolutional networks with noisy labels.</note>
</biblStruct>

<biblStruct xml:id="b23">
	<analytic>
		<title level="a" type="main">Attaining the unattainable? reassessing claims of human parity in neural machine translation</title>
		<author>
			<persName><forename type="first">A</forename><surname>Toral</surname></persName>
		</author>
		<author>
			<persName><forename type="first">S</forename><surname>Castilho</surname></persName>
		</author>
		<author>
			<persName><forename type="first">K</forename><surname>Hu</surname></persName>
		</author>
		<author>
			<persName><forename type="first">A</forename><surname>Way</surname></persName>
		</author>
	</analytic>
	<monogr>
		<title level="m">Proceedings of the Third Conference on Machine Translation: Research Papers</title>
				<meeting>the Third Conference on Machine Translation: Research Papers<address><addrLine>Brussels, Belgium</addrLine></address></meeting>
		<imprint>
			<publisher>Association for Computational Linguistics</publisher>
			<date type="published" when="2018-10">2018. October</date>
			<biblScope unit="page" from="113" to="123" />
		</imprint>
	</monogr>
	<note type="raw_reference">Toral, A., Castilho, S., Hu, K., and Way, A. (2018). Attaining the unattainable? reassessing claims of human parity in neural machine translation. In Pro- ceedings of the Third Conference on Machine Trans- lation: Research Papers, pages 113-123, Brussels, Belgium, October. Association for Computational Linguistics.</note>
</biblStruct>

<biblStruct xml:id="b24">
	<analytic>
		<title level="a" type="main">Coping with noisy training data labels in paraphrase detection</title>
		<author>
			<persName><forename type="first">T</forename><surname>Vahtola</surname></persName>
		</author>
		<author>
			<persName><forename type="first">M</forename><surname>Creutz</surname></persName>
		</author>
		<author>
			<persName><forename type="first">E</forename><surname>Sjöblom</surname></persName>
		</author>
		<author>
			<persName><forename type="first">S</forename><surname>Itkonen</surname></persName>
		</author>
	</analytic>
	<monogr>
		<title level="m">Proceedings of the Seventh Workshop on Noisy User-generated Text (W-NUT 2021)</title>
				<meeting>the Seventh Workshop on Noisy User-generated Text (W-NUT 2021)</meeting>
		<imprint>
			<publisher>Association for Computational Linguistics</publisher>
			<date type="published" when="2021-11">2021. November</date>
			<biblScope unit="page" from="291" to="296" />
		</imprint>
	</monogr>
	<note type="raw_reference">Vahtola, T., Creutz, M., Sjöblom, E., and Itkonen, S. (2021). Coping with noisy training data labels in paraphrase detection. In Proceedings of the Seventh Workshop on Noisy User-generated Text (W-NUT 2021), pages 291-296, Online, November. Associ- ation for Computational Linguistics.</note>
</biblStruct>

<biblStruct xml:id="b25">
	<analytic>
		<title level="a" type="main">Learning from noisy largescale datasets with minimal supervision</title>
		<author>
			<persName><forename type="first">A</forename><surname>Veit</surname></persName>
		</author>
		<author>
			<persName><forename type="first">N</forename><surname>Alldrin</surname></persName>
		</author>
		<author>
			<persName><forename type="first">G</forename><surname>Chechik</surname></persName>
		</author>
		<author>
			<persName><forename type="first">I</forename><surname>Krasin</surname></persName>
		</author>
		<author>
			<persName><forename type="first">A</forename><surname>Gupta</surname></persName>
		</author>
		<author>
			<persName><forename type="first">S</forename><surname>Belongie</surname></persName>
		</author>
	</analytic>
	<monogr>
		<title level="m">Proceedings of the IEEE Conference on Computer Vision and Pattern Recognition (CVPR)</title>
				<meeting>the IEEE Conference on Computer Vision and Pattern Recognition (CVPR)</meeting>
		<imprint>
			<date type="published" when="2017-07">2017. July</date>
		</imprint>
	</monogr>
	<note type="raw_reference">Veit, A., Alldrin, N., Chechik, G., Krasin, I., Gupta, A., and Belongie, S. (2017). Learning from noisy large- scale datasets with minimal supervision. In Proceed- ings of the IEEE Conference on Computer Vision and Pattern Recognition (CVPR), July.</note>
</biblStruct>

<biblStruct xml:id="b26">
	<monogr>
		<title level="m" type="main">Multilingual is not enough</title>
		<author>
			<persName><forename type="first">A</forename><surname>Virtanen</surname></persName>
		</author>
		<author>
			<persName><forename type="first">J</forename><surname>Kanerva</surname></persName>
		</author>
		<author>
			<persName><forename type="first">R</forename><surname>Ilo</surname></persName>
		</author>
		<author>
			<persName><forename type="first">J</forename><surname>Luoma</surname></persName>
		</author>
		<author>
			<persName><forename type="first">J</forename><surname>Luotolahti</surname></persName>
		</author>
		<author>
			<persName><forename type="first">T</forename><surname>Salakoski</surname></persName>
		</author>
		<author>
			<persName><forename type="first">F</forename><surname>Ginter</surname></persName>
		</author>
		<author>
			<persName><forename type="first">S</forename><surname>Pyysalo</surname></persName>
		</author>
		<imprint>
			<date type="published" when="2019">2019</date>
		</imprint>
		<respStmt>
			<orgName>Bert for finnish</orgName>
		</respStmt>
	</monogr>
	<note type="raw_reference">Virtanen, A., Kanerva, J., Ilo, R., Luoma, J., Luoto- lahti, J., Salakoski, T., Ginter, F., and Pyysalo, S. (2019). Multilingual is not enough: Bert for finnish.</note>
</biblStruct>

<biblStruct xml:id="b27">
	<analytic>
		<title level="a" type="main">Transformers: State-of-the-art natural language processing</title>
		<author>
			<persName><forename type="first">T</forename><surname>Wolf</surname></persName>
		</author>
		<author>
			<persName><forename type="first">L</forename><surname>Debut</surname></persName>
		</author>
		<author>
			<persName><forename type="first">V</forename><surname>Sanh</surname></persName>
		</author>
		<author>
			<persName><forename type="first">J</forename><surname>Chaumond</surname></persName>
		</author>
		<author>
			<persName><forename type="first">C</forename><surname>Delangue</surname></persName>
		</author>
		<author>
			<persName><forename type="first">A</forename><surname>Moi</surname></persName>
		</author>
		<author>
			<persName><forename type="first">P</forename><surname>Cistac</surname></persName>
		</author>
		<author>
			<persName><forename type="first">T</forename><surname>Rault</surname></persName>
		</author>
		<author>
			<persName><forename type="first">R</forename><surname>Louf</surname></persName>
		</author>
		<author>
			<persName><forename type="first">M</forename><surname>Funtowicz</surname></persName>
		</author>
		<author>
			<persName><forename type="first">J</forename><surname>Davison</surname></persName>
		</author>
		<author>
			<persName><forename type="first">S</forename><surname>Shleifer</surname></persName>
		</author>
		<author>
			<persName><forename type="first">P</forename><surname>Von Platen</surname></persName>
		</author>
		<author>
			<persName><forename type="first">C</forename><surname>Ma</surname></persName>
		</author>
		<author>
			<persName><forename type="first">Y</forename><surname>Jernite</surname></persName>
		</author>
		<author>
			<persName><forename type="first">J</forename><surname>Plu</surname></persName>
		</author>
		<author>
			<persName><forename type="first">C</forename><surname>Xu</surname></persName>
		</author>
		<author>
			<persName><forename type="first">T</forename><surname>Le Scao</surname></persName>
		</author>
		<author>
			<persName><forename type="first">S</forename><surname>Gugger</surname></persName>
		</author>
		<author>
			<persName><forename type="first">M</forename><surname>Drame</surname></persName>
		</author>
		<author>
			<persName><forename type="first">Q</forename><surname>Lhoest</surname></persName>
		</author>
		<author>
			<persName><forename type="first">A</forename><surname>Rush</surname></persName>
		</author>
	</analytic>
	<monogr>
		<title level="m">Proceedings of the 2020 Conference on Empirical Methods in Natural Language Processing: System Demonstrations</title>
				<meeting>the 2020 Conference on Empirical Methods in Natural Language Processing: System Demonstrations</meeting>
		<imprint>
			<publisher>Association for Computational Linguistics</publisher>
			<date type="published" when="2020-10">2020. October</date>
			<biblScope unit="page" from="38" to="45" />
		</imprint>
	</monogr>
	<note type="raw_reference">Wolf, T., Debut, L., Sanh, V., Chaumond, J., Delangue, C., Moi, A., Cistac, P., Rault, T., Louf, R., Funtow- icz, M., Davison, J., Shleifer, S., von Platen, P., Ma, C., Jernite, Y., Plu, J., Xu, C., Le Scao, T., Gug- ger, S., Drame, M., Lhoest, Q., and Rush, A. (2020). Transformers: State-of-the-art natural language pro- cessing. In Proceedings of the 2020 Conference on Empirical Methods in Natural Language Process- ing: System Demonstrations, pages 38-45, Online, October. Association for Computational Linguistics.</note>
</biblStruct>

<biblStruct xml:id="b28">
	<monogr>
		<title level="m" type="main">Opusparcus: Open Subtitles Paraphrase Corpus for Six Languages (version 1.0)</title>
		<imprint>
			<date type="published" when="2018">2018</date>
			<publisher>Kielipankki</publisher>
		</imprint>
	</monogr>
	<note type="raw_reference">Language Resource References Mathias Creutz. (2018). Opusparcus: Open Subtitles Paraphrase Corpus for Six Languages (version 1.0). Kielipankki.</note>
</biblStruct>

				</listBibl>
			</div>
		</back>
	</text>
</TEI>
