<?xml version="1.0" encoding="UTF-8"?>
<TEI xml:space="preserve" xmlns="http://www.tei-c.org/ns/1.0" 
xmlns:xsi="http://www.w3.org/2001/XMLSchema-instance" 
xsi:schemaLocation="http://www.tei-c.org/ns/1.0 https://raw.githubusercontent.com/kermitt2/grobid/master/grobid-home/schemas/xsd/Grobid.xsd"
 xmlns:xlink="http://www.w3.org/1999/xlink">
	<teiHeader xml:lang="en">
		<fileDesc>
			<titleStmt>
				<title level="a" type="main">Natural Language Processing for Multilingual Task-Oriented Dialogue</title>
			</titleStmt>
			<publicationStmt>
				<publisher/>
				<availability status="unknown"><licence/></availability>
			</publicationStmt>
			<sourceDesc>
				<biblStruct>
					<analytic>
						<author>
							<persName><forename type="first">Evgeniia</forename><surname>Razumovskaia</surname></persName>
							<affiliation key="aff0">
								<orgName type="department">Language Technology Lab</orgName>
								<orgName type="institution">University of Cambridge</orgName>
							</affiliation>
						</author>
						<author>
							<persName><forename type="first">Goran</forename><surname>Glavaš</surname></persName>
							<affiliation key="aff1">
								<orgName type="department">Center for Artificial Intelligence and Data Science</orgName>
								<orgName type="institution">University of Würzburg</orgName>
							</affiliation>
						</author>
						<author>
							<persName><forename type="first">Olga</forename><surname>Majewska</surname></persName>
							<affiliation key="aff0">
								<orgName type="department">Language Technology Lab</orgName>
								<orgName type="institution">University of Cambridge</orgName>
							</affiliation>
						</author>
						<author role="corresp">
							<persName><forename type="first">Edoardo</forename><forename type="middle">Maria</forename><surname>Ponti</surname></persName>
							<email>edoardo-maria.ponti@mila.quebec</email>
							<affiliation key="aff2">
								<orgName type="department">Mila -Quebec Artificial Intelligence Institute</orgName>
							</affiliation>
							<affiliation key="aff3">
								<orgName type="institution">McGill University</orgName>
							</affiliation>
						</author>
						<author>
							<persName><forename type="first">Ivan</forename><surname>Vulić</surname></persName>
							<affiliation key="aff0">
								<orgName type="department">Language Technology Lab</orgName>
								<orgName type="institution">University of Cambridge</orgName>
							</affiliation>
							<affiliation key="aff4">
								<orgName type="laboratory">PolyAI Limited</orgName>
							</affiliation>
						</author>
						<title level="a" type="main">Natural Language Processing for Multilingual Task-Oriented Dialogue</title>
					</analytic>
					<monogr>
						<imprint>
							<date/>
						</imprint>
					</monogr>
					<idno type="MD5">1CED575344DDDBCCA036ABC610BB2B46</idno>
				</biblStruct>
			</sourceDesc>
		</fileDesc>
		<encodingDesc>
			<appInfo>
				<application version="0.7.3-SNAPSHOT" ident="GROBID" when="2023-01-12T07:22+0000">
					<desc>GROBID - A machine learning software for extracting information from scholarly documents</desc>
					<ref target="https://github.com/kermitt2/grobid"/>
				</application>
			</appInfo>
		</encodingDesc>
		<profileDesc>
			<abstract/>
		</profileDesc>
	</teiHeader>
	<text xml:lang="en">
		<body>
<div xmlns="http://www.tei-c.org/ns/1.0"><head n="1">Motivation and Objectives</head><p>Enabling machines to intelligently converse with humans in order to solve particular well-defined tasks is in the core focus of task-oriented dialogue (TOD) systems and their development <ref type="bibr" target="#b19">(Kim and Banchs, 2014;</ref><ref type="bibr" target="#b22">Li et al., 2018;</ref><ref type="bibr" target="#b13">Henderson et al., 2019;</ref><ref type="bibr" target="#b46">Zang et al., 2020)</ref>. Such systems have wide applications in a multitude of domains such as hospitality industry, travel, e-banking, healthcare, entertainment industry, industrial production and maintenance, etc. TOD-oriented research has been recently catalysed by the growing ability and viability of deep learning techniques such as largescale pretraining of language models <ref type="bibr" target="#b36">(Ren et al., 2018;</ref><ref type="bibr" target="#b41">Wen et al., 2019;</ref><ref type="bibr" target="#b12">Henderson et al., 2020;</ref><ref type="bibr" target="#b43">Wu et al., 2020;</ref><ref type="bibr">Lin et al., 2020, inter alia)</ref>. The momentum of development in this research area has, however, mainly targeted a very small proportion of potential beneficiaries: most existing TOD systems are predominantly built for English and a few other, major languages only (e.g., Chinese) <ref type="bibr" target="#b25">(Lin et al., 2021;</ref><ref type="bibr" target="#b5">Ding et al., 2021)</ref>. This limits the use, global reach, and transformative potential of TOD systems. Consequently, this deepens the chasm between speakers of dominant versus underrepresented low-resource languages in their access to state-of-the-art language technology <ref type="bibr" target="#b17">(Joshi et al., 2020;</ref><ref type="bibr" target="#b1">Blasi et al., 2021)</ref> and contributes to the digital language divide and inequality of information. 1  Extending the reach of TOD technology is crucial for the democratisation and wide adoption of human-machine communication, with an inclusive long-term goal of bringing it to virtually all citizens of the world. Building on top of our recent comprehensive survey on the topic of multilingual TOD <ref type="bibr" target="#b35">(Razumovskaia et al., 2021)</ref>, in this tutorial our aim is to systematise the current research on multilingual TOD, and offer a fresh perspective to 1 http://labs.theguardian.com/ digital-language-divide/ other researchers and NLP practitioners on the importance and challenges of developing multilingual TOD systems.</p><p>The tutorial will offer a comprehensive overview of multilingual TOD research and know-hows focused on the following central questions:<ref type="foot" target="#foot_0">2</ref> (Q1) Why are multilingual TOD systems so hard to build? What are the main roadblocks and how can we facilitate their development? What are the main design paradigms of multilingual TOD? (Q2) Which TOD datasets are currently available in one or more languages other than English? What are their strengths and weaknesses? How can we improve the current data design and collection efforts and protocols? (Q3) What are the best methods and practices to incorporate language-specific information and perform target language adaptation for multilingual and cross-lingual TOD? (Q4) How can multilingual TOD take inspiration from other related fields of NLP research to better tackle low-resource scenarios (e.g., cross-lingual transfer, injection of external knowledge into parameters of neural models)? Part I will cover the basics of modular and end-toend dialogue systems <ref type="bibr" target="#b45">(Young, 2010;</ref><ref type="bibr" target="#b2">Chen et al., 2017a;</ref><ref type="bibr" target="#b42">Wen et al., 2017;</ref><ref type="bibr" target="#b10">Ham et al., 2020)</ref>, offering a brief overview of the full TOD system structure, and critical modules such as Speech-totext/ASR, natural language understanding (NLU) for dialogue, dialogue state tracking (DST), dialogue management (DM), natural language generation (NLG), and text-to-speech (TTS), along with their functionality. We will analyse which components require language-specific processing and adaptation, and which modules are generally language-invariant. We will then proceed to define the detailed scope and schedule of the tutorial. Concretely, we plan to list and discuss all the current problems and challenges related to multilingual TOD development, and how we will introduce them in the subsequent tutorial parts. Topics overview:</p><p>• Main modules of TOD systems;</p><p>• Modular versus end-to-end TOD;</p><p>• Text-based (vs. other) TOD modules;</p><p>• Language-invariant vs. language-specific TOD modules; • Why is development of multilingual TOD systems so difficult?</p><p>Part II: Methods and Resources for Multilingual NLU in TOD (50 minutes) Part II will cover to-date work in multilingual NLU in ToD, including standard approaches and recent trends. We will provide a comprehenstive overview of methods for learning cross-lingual representation spaces in ToD <ref type="bibr" target="#b27">(Liu et al., 2019;</ref><ref type="bibr" target="#b37">Siddhant et al., 2020;</ref><ref type="bibr" target="#b28">Liu et al., 2020;</ref><ref type="bibr" target="#b31">Moghe et al., 2021)</ref> and their applications in different setups (multilingual vs. cross-lingual, zero-shot vs. few-shot). Finally, we will list available resources: those created specifically for multilingual ToD NLU <ref type="bibr" target="#b5">(Ding et al., 2021;</ref><ref type="bibr" target="#b47">Zuo et al., 2021;</ref><ref type="bibr">Hung et al., 2022, inter</ref>  Part III: Methods and Resources for Multilingual NLG in TOD (35 minutes) Part III will present the methods for multilingual natural language generation and their usage for cross-lingual transfer of TOD. First, we will discuss traditional, grammar-based methods for cross-lingual generation <ref type="bibr" target="#b9">(Gatt and Krahmer, 2018;</ref><ref type="bibr" target="#b39">Vaudry and Lapalme, 2013)</ref>  Part IV: Evaluation of Multilingual TOD Systems (30 minutes) Part IV will focus on evaluation for (multilingual) TOD. We will cover both automatic metrics and human evaluation: automatic metrics allow for faster development cycles, but often do not correlate with user satisfaction with TOD systems <ref type="bibr" target="#b26">(Liu et al., 2016;</ref><ref type="bibr" target="#b32">Novikova et al., 2017)</ref>. We will discuss the shortcomings of automated TOD evaluation, but also the potential pitfalls of human evaluation <ref type="bibr" target="#b4">(Clark et al., 2021)</ref>. We will then analyse the difficulties that multilingual setups pose for both automatic metrics and human evaluation, including evaluation of generated responses in morpho-logically rich languages and difficulty of finding qualified evaluators for rare languages. Topics:</p><p>• Current evaluation protocols in TOD;</p><p>• Automatic vs. human-centered evaluation in multilingual setups: pros and cons; • How to evaluate language-specific phenomena and fluency; • Difficulties in evaluation and current gaps in evaluation resources.</p><p>Part V: Open Challenges and Research Directions in Multilingual TOD (40 minutes)</p><p>In the concluding Part V, we will discuss the main open challenges impeding the development of TOD systems and reflect on the promising avenues for further progress. First, we will advocate for linguistically motivated design of multilingual TOD datasets focusing on linguistic diversity and idiomacity. To fulfill their role as gauges of model performance across languages <ref type="bibr" target="#b14">(Hu et al., 2020;</ref><ref type="bibr" target="#b23">Liang et al., 2020)</ref>, multilingual datasets should (i) maximise diversity along the dimensions of language family, geographic area, and typological features <ref type="bibr" target="#b33">(Ponti et al., 2020)</ref>. as well as (ii) adequately represent the linguistic and extra-linguistic (e.g., world knowledge, cultural references) properties of selected languages (rather than replicating dialogue structures, topics, and entities from a resource-rich source language). We will discuss first attempts at cultural adaptation for dialogue <ref type="bibr" target="#b29">(Majewska et al., 2022)</ref>. Second, we will outline how existing strategies for dealing with data scarcity can be borrowed from other NLP tasks to benefit multilingual and cross-lingual TOD NLU <ref type="bibr" target="#b34">(Ponti et al., 2019;</ref><ref type="bibr" target="#b11">Hedderich et al., 2021)</ref>. Third, we will emphasise the importance of user-centered evaluation as a way of assessing the fluency of generated responses and guiding improvements in ToD systems across different languages. Finally, we will discuss the significance of developments in multilingual ASR and TTS as keys to the ultimate success of multilingual ToD on a wide scale, and the potential of integrating speech-based and text-based modules in future research. Topics:</p><p>• Recommendations for creation of future multilingual TOD datasets: linguistic diversity and idiomacity, low-resource languages, expansion to new domains; • Coping with low-resource scenarios: methods and lessons learned from other NLP tasks and applications; source selection for multi-source transfer and multilingual training;</p><p>• Fluency of generation, code switching;</p><p>• From text-based to voice-based multilingual TOD: promises and challenges; • An overview of other related research areas that can benefit multilingual TOD; • Listing key challenges, a short panel discussion and a QA session.</p></div>
<div xmlns="http://www.tei-c.org/ns/1.0"><head n="3">Tutorial Breadth and Diversity</head><p>According to the representative set of papers listed in the selected bibliography as well as in our recent survey paper <ref type="bibr" target="#b35">(Razumovskaia et al., 2021)</ref>, we anticipate that a total of 20%-25% of the tutorial concerns work which involves at least one of the five presenters. The rest of the tutorial will focus on providing a detailed comprehensive overview of the main topic by covering all the relevant work from other researchers: see again the wide bibliography and coverage in the survey paper.</p><p>Diversity and Inclusion. We consider the following aspects. First, our tutorial proposal focuses on multilingual NLP and promotes the ultimate long-term goal of NLP research: bringing (humancentered) language technology to minor and underresourced languages, and acting as a vehicle of mitigating the digital language divide (see the footnote 1). As such, it is highly relevant to both special themes of ACL 2022 and NAACL-HLT 2022. Our tutorial will also expose prominent issues and gaps related to (lack of) diversity and inclusivity of current multilingual TOD models and datasets, and we hope to inspire research groups currently working separately on (i) TOD and (ii) low-resource languages and low-resource NLP to consider joining forces and research expertise in the future.</p><p>Concerning tutorial organization, we hope that our tutorial will connect researchers from different cultural backgrounds and research fields. We also note that two out of five tutorial presenters are female, and the pool of presenters offers a mix of more junior and experienced presenters.</p></div>
<div xmlns="http://www.tei-c.org/ns/1.0"><head n="4">Presenters</head><p>Evgeniia Razumovskaia is a PhD student in the Language Technology Lab at the University of Cambridge. She works on dialogue systems, focusing on efficient few-shot methods for multilingual dialogue systems. Web: evgeniiaraz.github.io Goran Glavaš is a Full Professor (Chair for Natural Language Processing) and member of the Center for Artificial Intelligence and Data Science (CAIDAS) at the University of Würzburg. His research focuses on multilingual representation learning and cross-lingual transfer (primarily for low-resource languages), fair and sustainable NLP, and NLP applications for social sciences and humanities. He has given tutorials at ACL 2019 and EMNLP 2019, organized workshops TextGraphs and SustainNLP, and served as reviewer and (senior) area chair for a number of *ACL events. He currently serves as an Editor-in-Chief for the ACL Rolling Review. Web: Math: no special requirements; Linguistics: basic knowledge of language typology and of morphology (recommended); Machine Learning: good grasp of core (supervised) machine learning concepts and familiarity with self-supervised pretraining of language models (required). Pre-tutorial reading list (examples): 6 Other Tutorial Information Related Tutorials. Conversational AI and (components of) TOD systems have been taught in several tutorials in past years, where the focus has been put on diverse aspects such as: deep learning techniques for TOD <ref type="bibr">(Chen et al., ACL 2017;</ref><ref type="bibr">Su et al., NAACL-HLT 2018;</ref><ref type="bibr">Gao et al., ACL 2018)</ref>, data collection and end-to-end learning <ref type="bibr">(Wen et al., EMNLP 2019)</ref>, or NLG methods <ref type="bibr">(Ji et al., EMNLP 2020)</ref> and their evaluation (Khapra and Sai, NAACL-HLT 2021). However, our tutorial is the first to focus on the crucial aspects of multilingualism and low-resource languages in relation to the design, development, evaluation, and application of (multilingual) TOD systems. Our tutorial offers a completely novel and unique perspective to TOD also through the optics of multilingual NLP.</p><p>Ethical Considerations. TOD systems can and should be used for greater good, but their use also comes with potential harmful implications. As part of the tutorial, we will therefore also point to guidelines and required ethical standards related to TODoriented data collection and (user-centered) evaluation, and also provide an overview of potential threats in current TOD-oriented models (e.g., gender, race or religion biases <ref type="bibr" target="#b0">(Barikeri et al., 2021)</ref>). Furthermore, we will remind NLP researchers and practitioners to bear in mind potential data-and model-centered biases, and apply appropriate data filtering and debiasing techniques before deploying TOD systems in real-world settings.</p></div><figure xmlns="http://www.tei-c.org/ns/1.0" xml:id="fig_0"><head>(</head><label></label><figDesc>Q5) How good are current (multilingual) TOD systems? Do automatic evaluation measures correlate with user satisfaction? What implication does multilinguality have on TOD evaluation? (Q6) What are the future challenges faced when developing TOD systems in several different languages, especially with respect to voice-based and human-centered TOD? 2 Tutorial Overview and Structure Part I: Introduction, Motivation, and TOD Preliminaries (25 minutes)</figDesc></figure>
<figure xmlns="http://www.tei-c.org/ns/1.0" xml:id="fig_1"><head></head><label></label><figDesc>alia) as well as external resources useful for ToD NLU. Part II comprises the following topics: • Joint versus separate training for NLU: intent detection, slot labeling, DST; • Learning shared cross-lingual representation spaces; from cross-lingual word embeddings to multilingual text encoders -how to leverage them for NLU in TOD? • Multilingual (pre)training versus cross-lingual transfer methods; • Zero-shot and few-shot learning scenarios; • Datasets and resources: (a) for in-task dialogue training and (b) external resources (e.g., parallel data, bilingual dictionaries, multilingual knowledge bases).</figDesc></figure>
<figure xmlns="http://www.tei-c.org/ns/1.0" type="table" xml:id="tab_1"><head></head><label></label><figDesc>sites.google.com/view/goranglavas Olga Majewska works at Amazon Alexa in Cambridge, UK, and an affiliated researcher at the Language Technology Lab, University of Cambridge, where she earned her PhD in computational linguistics in 2021. Her interests lie, among others, in multilingual expansion of conversational AI and development of efficient protocols for generation of task-oriented dialogue evaluation data for underresourced languages. Web: om304.github.io Edoardo Maria Ponti is a Visiting Postdoctoral Scholar at the University of Stanford and a Postdoctoral Fellow at MILA Montreal. He works on sample efficiency and modularity in neural networks, with applications to multilingual NLP. In 2020, he obtained a PhD in computational linguistics from the University of Cambridge, St John's College. Previously, he interned as an AI/ML researcher at Apple in Cupertino. His research earned him a Google Research Faculty Award and an ERC Proof of Concept grant. He received 2 Best Paper Awards at EMNLP 2021 and RepL4NLP 2019. Web: ducdauge.github.io</figDesc><table><row><cell>5 Prerequisites and Reading List</cell></row><row><cell>Ivan Vulić is a Senior Research Associate in the Language Technology Lab at the University of</cell></row><row><cell>Cambridge, and a Senior Scientist at PolyAI. His re-</cell></row><row><cell>search interests are in multilingual and multimodal</cell></row><row><cell>representation learning, and transfer learning for</cell></row><row><cell>low-resource languages and applications such as</cell></row><row><cell>task-oriented dialogue systems. He has extensive</cell></row><row><cell>experience giving invited and keynote talks, and co-</cell></row><row><cell>organising tutorials (e.g., EMNLP 2017, NAACL-</cell></row><row><cell>HLT 2018, ESSLLI 2018, ACL 2019, EMNLP</cell></row><row><cell>2019, AILC Lectures 2021) and workshops in areas</cell></row><row><cell>relevant to this proposal (e.g., SIGTYP, DeeLIO,</cell></row><row><cell>RepL4NLP, PC of *SEM 2021). For his contribu-</cell></row><row><cell>tions to NLP and IR, he obtained the 2021 Karen</cell></row><row><cell>Spärck Jones award. Web: sites.google.com/</cell></row><row><cell>site/ivanvulic</cell></row></table></figure>
			<note xmlns="http://www.tei-c.org/ns/1.0" place="foot" n="2" xml:id="foot_0">All tutorial materials will be available at https:// tinyurl.com/multilingualtod</note>
		</body>
		<back>
			<div type="references">

				<listBibl>

<biblStruct xml:id="b0">
	<analytic>
		<title level="a" type="main">RedditBias: A real-world resource for bias evaluation and debiasing of conversational language models</title>
		<author>
			<persName><forename type="first">Soumya</forename><surname>Barikeri</surname></persName>
		</author>
		<author>
			<persName><forename type="first">Anne</forename><surname>Lauscher</surname></persName>
		</author>
		<author>
			<persName><forename type="first">Ivan</forename><surname>Vulić</surname></persName>
		</author>
		<author>
			<persName><forename type="first">Goran</forename><surname>Glavaš</surname></persName>
		</author>
	</analytic>
	<monogr>
		<title level="m">Proceedings of ACL 2021</title>
				<meeting>ACL 2021</meeting>
		<imprint>
			<date type="published" when="2021">2021</date>
			<biblScope unit="page" from="1941" to="1955" />
		</imprint>
	</monogr>
	<note type="raw_reference">Soumya Barikeri, Anne Lauscher, Ivan Vulić, and Goran Glavaš. 2021. RedditBias: A real-world resource for bias evaluation and debiasing of conversational language models. In Proceedings of ACL 2021, pages 1941-1955.</note>
</biblStruct>

<biblStruct xml:id="b1">
	<monogr>
		<author>
			<persName><forename type="first">Damián</forename><surname>Blasi</surname></persName>
		</author>
		<author>
			<persName><forename type="first">Antonios</forename><surname>Anastasopoulos</surname></persName>
		</author>
		<author>
			<persName><forename type="first">Graham</forename><surname>Neubig</surname></persName>
		</author>
		<idno type="arXiv">arXiv:2110.06733</idno>
		<title level="m">Systematic inequalities in language technology performance across the world&apos;s languages</title>
				<imprint>
			<date type="published" when="2021">2021</date>
		</imprint>
	</monogr>
	<note type="report_type">arXiv preprint</note>
	<note type="raw_reference">Damián Blasi, Antonios Anastasopoulos, and Gra- ham Neubig. 2021. Systematic inequalities in lan- guage technology performance across the world&apos;s languages. arXiv preprint arXiv:2110.06733.</note>
</biblStruct>

<biblStruct xml:id="b2">
	<analytic>
		<title level="a" type="main">A survey on dialogue systems: Recent advances and new frontiers</title>
		<author>
			<persName><forename type="first">Hongshen</forename><surname>Chen</surname></persName>
		</author>
		<author>
			<persName><forename type="first">Xiaorui</forename><surname>Liu</surname></persName>
		</author>
		<author>
			<persName><forename type="first">Dawei</forename><surname>Yin</surname></persName>
		</author>
		<author>
			<persName><forename type="first">Jiliang</forename><surname>Tang</surname></persName>
		</author>
	</analytic>
	<monogr>
		<title level="j">SIGKDD Explorations</title>
		<imprint>
			<biblScope unit="volume">19</biblScope>
			<biblScope unit="issue">2</biblScope>
			<biblScope unit="page" from="25" to="35" />
			<date type="published" when="2017">2017a</date>
		</imprint>
	</monogr>
	<note type="raw_reference">Hongshen Chen, Xiaorui Liu, Dawei Yin, and Jiliang Tang. 2017a. A survey on dialogue systems: Recent advances and new frontiers. SIGKDD Explorations, 19(2):25-35.</note>
</biblStruct>

<biblStruct xml:id="b3">
	<analytic>
		<title level="a" type="main">Deep learning for dialogue systems</title>
		<author>
			<persName><forename type="first">Yun-Nung</forename><surname>Chen</surname></persName>
		</author>
		<author>
			<persName><forename type="first">Asli</forename><surname>Celikyilmaz</surname></persName>
		</author>
		<author>
			<persName><forename type="first">Dilek</forename><surname>Hakkani-Tür</surname></persName>
		</author>
	</analytic>
	<monogr>
		<title level="m">Proceedings of the 55th Annual Meeting of the Association for Computational Linguistics: Tutorial Abstracts</title>
				<meeting>the 55th Annual Meeting of the Association for Computational Linguistics: Tutorial Abstracts</meeting>
		<imprint>
			<date type="published" when="2017">2017b</date>
			<biblScope unit="page" from="8" to="14" />
		</imprint>
	</monogr>
	<note type="raw_reference">Yun-Nung Chen, Asli Celikyilmaz, and Dilek Hakkani- Tür. 2017b. Deep learning for dialogue systems. In Proceedings of the 55th Annual Meeting of the As- sociation for Computational Linguistics: Tutorial Abstracts, pages 8-14.</note>
</biblStruct>

<biblStruct xml:id="b4">
	<analytic>
		<title level="a" type="main">All that&apos;s &apos;human&apos;is not gold: Evaluating human evaluation of generated text</title>
		<author>
			<persName><forename type="first">Elizabeth</forename><surname>Clark</surname></persName>
		</author>
		<author>
			<persName><forename type="first">Tal</forename><surname>August</surname></persName>
		</author>
		<author>
			<persName><forename type="first">Sofia</forename><surname>Serrano</surname></persName>
		</author>
		<author>
			<persName><forename type="first">Nikita</forename><surname>Haduong</surname></persName>
		</author>
		<author>
			<persName><forename type="first">Suchin</forename><surname>Gururangan</surname></persName>
		</author>
		<author>
			<persName><forename type="first">Noah</forename><forename type="middle">A</forename><surname>Smith</surname></persName>
		</author>
	</analytic>
	<monogr>
		<title level="m">Proceedings of ACL-IJCNLP 2021</title>
				<meeting>ACL-IJCNLP 2021</meeting>
		<imprint>
			<date type="published" when="2021">2021</date>
			<biblScope unit="page" from="7282" to="7296" />
		</imprint>
	</monogr>
	<note type="raw_reference">Elizabeth Clark, Tal August, Sofia Serrano, Nikita Haduong, Suchin Gururangan, and Noah A Smith. 2021. All that&apos;s &apos;human&apos;is not gold: Evaluating hu- man evaluation of generated text. In Proceedings of ACL-IJCNLP 2021, pages 7282-7296.</note>
</biblStruct>

<biblStruct xml:id="b5">
	<monogr>
		<title level="m" type="main">GlobalWoZ: Globalizing MultiWoZ to develop multilingual task-oriented dialogue systems</title>
		<author>
			<persName><forename type="first">Bosheng</forename><surname>Ding</surname></persName>
		</author>
		<author>
			<persName><forename type="first">Junjie</forename><surname>Hu</surname></persName>
		</author>
		<author>
			<persName><forename type="first">Lidong</forename><surname>Bing</surname></persName>
		</author>
		<author>
			<persName><forename type="first">Aljunied</forename><surname>Sharifah</surname></persName>
		</author>
		<author>
			<persName><forename type="first">Shafiq</forename><forename type="middle">R</forename><surname>Mahani</surname></persName>
		</author>
		<author>
			<persName><forename type="first">Luo</forename><surname>Joty</surname></persName>
		</author>
		<author>
			<persName><forename type="first">Chunyan</forename><surname>Si</surname></persName>
		</author>
		<author>
			<persName><surname>Miao</surname></persName>
		</author>
		<idno>CoRR, abs/2110.07679</idno>
		<imprint>
			<date type="published" when="2021">2021</date>
		</imprint>
	</monogr>
	<note type="raw_reference">Bosheng Ding, Junjie Hu, Lidong Bing, Sharifah Alju- nied Mahani, Shafiq R. Joty, Luo Si, and Chunyan Miao. 2021. GlobalWoZ: Globalizing MultiWoZ to develop multilingual task-oriented dialogue systems. CoRR, abs/2110.07679.</note>
</biblStruct>

<biblStruct xml:id="b6">
	<analytic>
		<title level="a" type="main">Zero-shot crosslingual abstractive sentence summarization through teaching generation and attention</title>
		<author>
			<persName><forename type="first">Xiangyu</forename><surname>Duan</surname></persName>
		</author>
		<author>
			<persName><forename type="first">Mingming</forename><surname>Yin</surname></persName>
		</author>
		<author>
			<persName><forename type="first">Min</forename><surname>Zhang</surname></persName>
		</author>
		<author>
			<persName><forename type="first">Boxing</forename><surname>Chen</surname></persName>
		</author>
		<author>
			<persName><forename type="first">Weihua</forename><surname>Luo</surname></persName>
		</author>
	</analytic>
	<monogr>
		<title level="m">Proceedings of ACL 2019</title>
				<meeting>ACL 2019</meeting>
		<imprint>
			<date type="published" when="2019">2019</date>
			<biblScope unit="page" from="3162" to="3172" />
		</imprint>
	</monogr>
	<note type="raw_reference">Xiangyu Duan, Mingming Yin, Min Zhang, Boxing Chen, and Weihua Luo. 2019. Zero-shot cross- lingual abstractive sentence summarization through teaching generation and attention. In Proceedings of ACL 2019, pages 3162-3172.</note>
</biblStruct>

<biblStruct xml:id="b7">
	<analytic>
		<title level="a" type="main">Neural approaches to conversational AI</title>
		<author>
			<persName><forename type="first">Jianfeng</forename><surname>Gao</surname></persName>
		</author>
		<author>
			<persName><forename type="first">Michel</forename><surname>Galley</surname></persName>
		</author>
		<author>
			<persName><forename type="first">Lihong</forename><surname>Li</surname></persName>
		</author>
	</analytic>
	<monogr>
		<title level="m">Proceedings of the 56th Annual Meeting of the Association for Computational Linguistics: Tutorial Abstracts</title>
				<meeting>the 56th Annual Meeting of the Association for Computational Linguistics: Tutorial Abstracts</meeting>
		<imprint>
			<date type="published" when="2018">2018</date>
			<biblScope unit="page" from="2" to="7" />
		</imprint>
	</monogr>
	<note type="raw_reference">Jianfeng Gao, Michel Galley, and Lihong Li. 2018. Neu- ral approaches to conversational AI. In Proceedings of the 56th Annual Meeting of the Association for Computational Linguistics: Tutorial Abstracts, pages 2-7.</note>
</biblStruct>

<biblStruct xml:id="b8">
	<analytic>
		<title level="a" type="main">A library for automatic natural language generation of Spanish texts</title>
		<author>
			<persName><forename type="first">Silvia</forename><surname>García-Méndez</surname></persName>
		</author>
		<author>
			<persName><forename type="first">Milagros</forename><surname>Fernández-Gavilanes</surname></persName>
		</author>
		<author>
			<persName><forename type="first">Enrique</forename><surname>Costa-Montenegro</surname></persName>
		</author>
		<author>
			<persName><forename type="first">Jonathan</forename><surname>Juncal-Martínez</surname></persName>
		</author>
		<author>
			<persName><forename type="first">F</forename><surname>Javier González-Castaño</surname></persName>
		</author>
	</analytic>
	<monogr>
		<title level="j">Expert Systems with Applications</title>
		<imprint>
			<biblScope unit="volume">120</biblScope>
			<biblScope unit="page" from="372" to="386" />
			<date type="published" when="2019">2019</date>
		</imprint>
	</monogr>
	<note type="raw_reference">Silvia García-Méndez, Milagros Fernández-Gavilanes, Enrique Costa-Montenegro, Jonathan Juncal- Martínez, and F. Javier González-Castaño. 2019. A library for automatic natural language generation of Spanish texts. Expert Systems with Applications, 120:372-386.</note>
</biblStruct>

<biblStruct xml:id="b9">
	<analytic>
		<title level="a" type="main">Survey of the state of the art in natural language generation: Core tasks, applications and evaluation</title>
		<author>
			<persName><forename type="first">Albert</forename><surname>Gatt</surname></persName>
		</author>
		<author>
			<persName><forename type="first">Emiel</forename><surname>Krahmer</surname></persName>
		</author>
	</analytic>
	<monogr>
		<title level="j">Journal of Artificial Intelligence Research</title>
		<imprint>
			<biblScope unit="volume">61</biblScope>
			<biblScope unit="page" from="65" to="170" />
			<date type="published" when="2018">2018</date>
		</imprint>
	</monogr>
	<note type="raw_reference">Albert Gatt and Emiel Krahmer. 2018. Survey of the state of the art in natural language generation: Core tasks, applications and evaluation. Journal of Artifi- cial Intelligence Research, 61:65-170.</note>
</biblStruct>

<biblStruct xml:id="b10">
	<analytic>
		<title level="a" type="main">End-to-end neural pipeline for goal-oriented dialogue systems using GPT-2</title>
		<author>
			<persName><forename type="first">Donghoon</forename><surname>Ham</surname></persName>
		</author>
		<author>
			<persName><forename type="first">Jeong-Gwan</forename><surname>Lee</surname></persName>
		</author>
		<author>
			<persName><forename type="first">Youngsoo</forename><surname>Jang</surname></persName>
		</author>
		<author>
			<persName><forename type="first">Kee-Eung</forename><surname>Kim</surname></persName>
		</author>
	</analytic>
	<monogr>
		<title level="m">Proceedings of ACL 2020</title>
				<meeting>ACL 2020</meeting>
		<imprint>
			<date type="published" when="2020">2020</date>
			<biblScope unit="page" from="583" to="592" />
		</imprint>
	</monogr>
	<note type="raw_reference">Donghoon Ham, Jeong-Gwan Lee, Youngsoo Jang, and Kee-Eung Kim. 2020. End-to-end neural pipeline for goal-oriented dialogue systems using GPT-2. In Proceedings of ACL 2020, pages 583-592.</note>
</biblStruct>

<biblStruct xml:id="b11">
	<analytic>
		<title level="a" type="main">A survey on recent approaches for Natural Language Processing in low-resource scenarios</title>
		<author>
			<persName><forename type="first">A</forename><surname>Michael</surname></persName>
		</author>
		<author>
			<persName><forename type="first">Lukas</forename><surname>Hedderich</surname></persName>
		</author>
		<author>
			<persName><forename type="first">Heike</forename><surname>Lange</surname></persName>
		</author>
		<author>
			<persName><surname>Adel</surname></persName>
		</author>
	</analytic>
	<monogr>
		<title level="m">Proceedings of NAACL-HLT 2021</title>
				<meeting>NAACL-HLT 2021</meeting>
		<imprint>
			<date type="published" when="2021">Jannik Strötgen, and Dietrich Klakow. 2021</date>
		</imprint>
	</monogr>
	<note type="raw_reference">Michael A. Hedderich, Lukas Lange, Heike Adel, Jan- nik Strötgen, and Dietrich Klakow. 2021. A survey on recent approaches for Natural Language Process- ing in low-resource scenarios. In Proceedings of NAACL-HLT 2021.</note>
</biblStruct>

<biblStruct xml:id="b12">
	<analytic>
		<title level="a" type="main">ConveRT: Efficient and accurate conversational representations from transformers</title>
		<author>
			<persName><forename type="first">Matthew</forename><surname>Henderson</surname></persName>
		</author>
		<author>
			<persName><forename type="first">Iñigo</forename><surname>Casanueva</surname></persName>
		</author>
		<author>
			<persName><forename type="first">Nikola</forename><surname>Mrkšić</surname></persName>
		</author>
		<author>
			<persName><forename type="first">Pei-Hao</forename><surname>Su</surname></persName>
		</author>
		<author>
			<persName><forename type="first">Tsung-Hsien</forename><surname>Wen</surname></persName>
		</author>
		<author>
			<persName><forename type="first">Ivan</forename><surname>Vulić</surname></persName>
		</author>
	</analytic>
	<monogr>
		<title level="m">Proceedings of EMNLP 2020</title>
				<meeting>EMNLP 2020</meeting>
		<imprint>
			<date type="published" when="2020">2020</date>
			<biblScope unit="page" from="2161" to="2174" />
		</imprint>
	</monogr>
	<note type="raw_reference">Matthew Henderson, Iñigo Casanueva, Nikola Mrkšić, Pei-Hao Su, Tsung-Hsien Wen, and Ivan Vulić. 2020. ConveRT: Efficient and accurate conversational rep- resentations from transformers. In Proceedings of EMNLP 2020, pages 2161-2174.</note>
</biblStruct>

<biblStruct xml:id="b13">
	<analytic>
		<title level="a" type="main">Polyresponse: A rank-based approach to task-oriented dialogue with application in restaurant search and booking</title>
		<author>
			<persName><forename type="first">Matthew</forename><surname>Henderson</surname></persName>
		</author>
		<author>
			<persName><forename type="first">Ivan</forename><surname>Vulić</surname></persName>
		</author>
		<author>
			<persName><forename type="first">Inigo</forename><surname>Casanueva</surname></persName>
		</author>
		<author>
			<persName><forename type="first">Paweł</forename><surname>Budzianowski</surname></persName>
		</author>
		<author>
			<persName><forename type="first">Daniela</forename><surname>Gerz</surname></persName>
		</author>
		<author>
			<persName><forename type="first">Sam</forename><surname>Coope</surname></persName>
		</author>
		<author>
			<persName><forename type="first">Georgios</forename><surname>Spithourakis</surname></persName>
		</author>
		<author>
			<persName><forename type="first">Tsung-Hsien</forename><surname>Wen</surname></persName>
		</author>
		<author>
			<persName><forename type="first">Nikola</forename><surname>Mrkšić</surname></persName>
		</author>
		<author>
			<persName><forename type="first">Pei-Hao</forename><surname>Su</surname></persName>
		</author>
	</analytic>
	<monogr>
		<title level="m">Proceedings of EMNLP 2019</title>
				<meeting>EMNLP 2019</meeting>
		<imprint>
			<date type="published" when="2019">2019</date>
			<biblScope unit="page" from="181" to="186" />
		</imprint>
	</monogr>
	<note type="raw_reference">Matthew Henderson, Ivan Vulić, Inigo Casanueva, Paweł Budzianowski, Daniela Gerz, Sam Coope, Georgios Spithourakis, Tsung-Hsien Wen, Nikola Mrkšić, and Pei-Hao Su. 2019. Polyresponse: A rank-based approach to task-oriented dialogue with application in restaurant search and booking. In Pro- ceedings of EMNLP 2019, pages 181-186.</note>
</biblStruct>

<biblStruct xml:id="b14">
	<analytic>
		<title level="a" type="main">XTREME: A massively multilingual multitask benchmark for evaluating cross-lingual generalisation</title>
		<author>
			<persName><forename type="first">Junjie</forename><surname>Hu</surname></persName>
		</author>
		<author>
			<persName><forename type="first">Sebastian</forename><surname>Ruder</surname></persName>
		</author>
		<author>
			<persName><forename type="first">Aditya</forename><surname>Siddhant</surname></persName>
		</author>
		<author>
			<persName><forename type="first">Graham</forename><surname>Neubig</surname></persName>
		</author>
		<author>
			<persName><forename type="first">Orhan</forename><surname>Firat</surname></persName>
		</author>
		<author>
			<persName><forename type="first">Melvin</forename><surname>Johnson</surname></persName>
		</author>
	</analytic>
	<monogr>
		<title level="m">Proceedings of ICML 2020</title>
				<meeting>ICML 2020</meeting>
		<imprint>
			<date type="published" when="2020">2020</date>
			<biblScope unit="page" from="4411" to="4421" />
		</imprint>
	</monogr>
	<note type="raw_reference">Junjie Hu, Sebastian Ruder, Aditya Siddhant, Gra- ham Neubig, Orhan Firat, and Melvin Johnson. 2020. XTREME: A massively multilingual multi- task benchmark for evaluating cross-lingual general- isation. In Proceedings of ICML 2020, pages 4411- 4421.</note>
</biblStruct>

<biblStruct xml:id="b15">
	<analytic>
		<title level="a" type="main">Multi 2 WOZ: A robust multilingual dataset and conversational pretraining for task-oriented dialog</title>
		<author>
			<persName><forename type="first">Chia-Chien</forename><surname>Hung</surname></persName>
		</author>
		<author>
			<persName><forename type="first">Anne</forename><surname>Lauscher</surname></persName>
		</author>
		<author>
			<persName><forename type="first">Ivan</forename><surname>Vulić</surname></persName>
		</author>
		<author>
			<persName><forename type="first">Simone</forename><surname>Paolo Ponzetto</surname></persName>
		</author>
		<author>
			<persName><forename type="first">Goran</forename><surname>Glavaš</surname></persName>
		</author>
	</analytic>
	<monogr>
		<title level="m">Proceedings of the 2022 Annual Conference of the North American Chapter</title>
				<meeting>the 2022 Annual Conference of the North American Chapter</meeting>
		<imprint>
			<publisher>the Association for Computational Linguistics</publisher>
			<date type="published" when="2022">2022</date>
		</imprint>
	</monogr>
	<note>page to appear</note>
	<note type="raw_reference">Chia-Chien Hung, Anne Lauscher, Ivan Vulić, Si- mone Paolo Ponzetto, and Goran Glavaš. 2022. Multi 2 WOZ: A robust multilingual dataset and con- versational pretraining for task-oriented dialog. In Proceedings of the 2022 Annual Conference of the North American Chapter of the Association for Com- putational Linguistics, page to appear.</note>
</biblStruct>

<biblStruct xml:id="b16">
	<analytic>
		<title level="a" type="main">The amazing world of neural language generation</title>
		<author>
			<persName><forename type="first">Yangfeng</forename><surname>Ji</surname></persName>
		</author>
		<author>
			<persName><forename type="first">Antoine</forename><surname>Bosselut</surname></persName>
		</author>
		<author>
			<persName><forename type="first">Thomas</forename><surname>Wolf</surname></persName>
		</author>
		<author>
			<persName><forename type="first">Asli</forename><surname>Celikyilmaz</surname></persName>
		</author>
	</analytic>
	<monogr>
		<title level="m">Proceedings of the 2020 Conference on Empirical Methods in Natural Language Processing: Tutorial Abstracts</title>
				<meeting>the 2020 Conference on Empirical Methods in Natural Language Processing: Tutorial Abstracts</meeting>
		<imprint>
			<date type="published" when="2020">2020</date>
			<biblScope unit="page" from="37" to="42" />
		</imprint>
	</monogr>
	<note type="raw_reference">Yangfeng Ji, Antoine Bosselut, Thomas Wolf, and Asli Celikyilmaz. 2020. The amazing world of neural language generation. In Proceedings of the 2020 Conference on Empirical Methods in Natural Lan- guage Processing: Tutorial Abstracts, pages 37-42.</note>
</biblStruct>

<biblStruct xml:id="b17">
	<analytic>
		<title level="a" type="main">The state and fate of linguistic diversity and inclusion in the NLP world</title>
		<author>
			<persName><forename type="first">Pratik</forename><surname>Joshi</surname></persName>
		</author>
		<author>
			<persName><forename type="first">Sebastin</forename><surname>Santy</surname></persName>
		</author>
		<author>
			<persName><forename type="first">Amar</forename><surname>Budhiraja</surname></persName>
		</author>
		<author>
			<persName><forename type="first">Kalika</forename><surname>Bali</surname></persName>
		</author>
		<author>
			<persName><forename type="first">Monojit</forename><surname>Choudhury</surname></persName>
		</author>
	</analytic>
	<monogr>
		<title level="m">Proceedings of ACL 2020</title>
				<meeting>ACL 2020</meeting>
		<imprint>
			<date type="published" when="2020">2020</date>
			<biblScope unit="page" from="6282" to="6293" />
		</imprint>
	</monogr>
	<note type="raw_reference">Pratik Joshi, Sebastin Santy, Amar Budhiraja, Kalika Bali, and Monojit Choudhury. 2020. The state and fate of linguistic diversity and inclusion in the NLP world. In Proceedings of ACL 2020, pages 6282- 6293.</note>
</biblStruct>

<biblStruct xml:id="b18">
	<analytic>
		<title level="a" type="main">A tutorial on evaluation metrics used in natural language generation</title>
		<author>
			<persName><forename type="first">M</forename><surname>Mitesh</surname></persName>
		</author>
		<author>
			<persName><forename type="first">Ananya</forename><forename type="middle">B</forename><surname>Khapra</surname></persName>
		</author>
		<author>
			<persName><surname>Sai</surname></persName>
		</author>
	</analytic>
	<monogr>
		<title level="m">Proceedings of the 2021 Conference of the North American Chapter of the Association for Computational Linguistics: Human Language Technologies: Tutorials</title>
				<meeting>the 2021 Conference of the North American Chapter of the Association for Computational Linguistics: Human Language Technologies: Tutorials</meeting>
		<imprint>
			<date type="published" when="2021">2021</date>
			<biblScope unit="page" from="15" to="19" />
		</imprint>
	</monogr>
	<note type="raw_reference">Mitesh M. Khapra and Ananya B. Sai. 2021. A tuto- rial on evaluation metrics used in natural language generation. In Proceedings of the 2021 Conference of the North American Chapter of the Association for Computational Linguistics: Human Language Technologies: Tutorials, pages 15-19.</note>
</biblStruct>

<biblStruct xml:id="b19">
	<analytic>
		<title level="a" type="main">R-cube: A dialogue agent for restaurant recommendation and reservation</title>
		<author>
			<persName><forename type="first">S</forename><surname>Kim</surname></persName>
		</author>
		<author>
			<persName><forename type="first">R</forename><forename type="middle">E</forename><surname>Banchs</surname></persName>
		</author>
	</analytic>
	<monogr>
		<title level="m">Signal and Information Processing Association Annual Summit and Conference (APSIPA)</title>
				<imprint>
			<date type="published" when="2014">2014. 2014</date>
		</imprint>
	</monogr>
	<note type="raw_reference">S. Kim and R. E. Banchs. 2014. R-cube: A dialogue agent for restaurant recommendation and reservation. In Signal and Information Processing Association Annual Summit and Conference (APSIPA), 2014</note>
</biblStruct>

<biblStruct xml:id="b20">
	<monogr>
		<title/>
		<author>
			<persName><forename type="first">Asia-Pacific</forename></persName>
		</author>
		<imprint>
			<biblScope unit="page" from="1" to="6" />
		</imprint>
	</monogr>
	<note type="raw_reference">Asia- Pacific, pages 1-6.</note>
</biblStruct>

<biblStruct xml:id="b21">
	<analytic>
		<title level="a" type="main">From zero to hero: On the limitations of zero-shot language transfer with multilingual transformers</title>
		<author>
			<persName><forename type="first">Anne</forename><surname>Lauscher</surname></persName>
		</author>
		<author>
			<persName><forename type="first">Vinit</forename><surname>Ravishankar</surname></persName>
		</author>
		<author>
			<persName><forename type="first">Ivan</forename><surname>Vulić</surname></persName>
		</author>
		<author>
			<persName><forename type="first">Goran</forename><surname>Glavaš</surname></persName>
		</author>
	</analytic>
	<monogr>
		<title level="m">Proceedings of EMNLP 2020</title>
				<meeting>EMNLP 2020</meeting>
		<imprint>
			<date type="published" when="2020">2020</date>
			<biblScope unit="page" from="4483" to="4499" />
		</imprint>
	</monogr>
	<note type="raw_reference">Anne Lauscher, Vinit Ravishankar, Ivan Vulić, and Goran Glavaš. 2020. From zero to hero: On the limitations of zero-shot language transfer with mul- tilingual transformers. In Proceedings of EMNLP 2020, pages 4483-4499.</note>
</biblStruct>

<biblStruct xml:id="b22">
	<monogr>
		<author>
			<persName><forename type="first">Xiujun</forename><surname>Li</surname></persName>
		</author>
		<author>
			<persName><forename type="first">Yu</forename><surname>Wang</surname></persName>
		</author>
		<author>
			<persName><forename type="first">Siqi</forename><surname>Sun</surname></persName>
		</author>
		<author>
			<persName><forename type="first">Sarah</forename><surname>Panda</surname></persName>
		</author>
		<author>
			<persName><forename type="first">Jingjing</forename><surname>Liu</surname></persName>
		</author>
		<author>
			<persName><forename type="first">Jianfeng</forename><surname>Gao</surname></persName>
		</author>
		<idno type="arXiv">arXiv:1807.11125</idno>
		<title level="m">Microsoft dialogue challenge: Building end-to-end task-completion dialogue systems</title>
				<imprint>
			<date type="published" when="2018">2018</date>
		</imprint>
	</monogr>
	<note type="report_type">arXiv preprint</note>
	<note type="raw_reference">Xiujun Li, Yu Wang, Siqi Sun, Sarah Panda, Jingjing Liu, and Jianfeng Gao. 2018. Microsoft dialogue challenge: Building end-to-end task-completion dia- logue systems. arXiv preprint arXiv:1807.11125.</note>
</biblStruct>

<biblStruct xml:id="b23">
	<analytic>
		<title level="a" type="main">XGLUE: A new benchmark datasetfor cross-lingual pre-training, understanding and generation</title>
		<author>
			<persName><forename type="first">Yaobo</forename><surname>Liang</surname></persName>
		</author>
		<author>
			<persName><forename type="first">Nan</forename><surname>Duan</surname></persName>
		</author>
		<author>
			<persName><forename type="first">Yeyun</forename><surname>Gong</surname></persName>
		</author>
		<author>
			<persName><forename type="first">Ning</forename><surname>Wu</surname></persName>
		</author>
		<author>
			<persName><forename type="first">Fenfei</forename><surname>Guo</surname></persName>
		</author>
		<author>
			<persName><forename type="first">Weizhen</forename><surname>Qi</surname></persName>
		</author>
		<author>
			<persName><forename type="first">Ming</forename><surname>Gong</surname></persName>
		</author>
		<author>
			<persName><forename type="first">Linjun</forename><surname>Shou</surname></persName>
		</author>
		<author>
			<persName><forename type="first">Daxin</forename><surname>Jiang</surname></persName>
		</author>
		<author>
			<persName><forename type="first">Guihong</forename><surname>Cao</surname></persName>
		</author>
		<author>
			<persName><forename type="first">Xiaodong</forename><surname>Fan</surname></persName>
		</author>
		<author>
			<persName><forename type="first">Ruofei</forename><surname>Zhang</surname></persName>
		</author>
		<author>
			<persName><forename type="first">Rahul</forename><surname>Agrawal</surname></persName>
		</author>
		<author>
			<persName><forename type="first">Edward</forename><surname>Cui</surname></persName>
		</author>
		<author>
			<persName><forename type="first">Sining</forename><surname>Wei</surname></persName>
		</author>
		<author>
			<persName><forename type="first">Taroon</forename><surname>Bharti</surname></persName>
		</author>
		<author>
			<persName><forename type="first">Ying</forename><surname>Qiao</surname></persName>
		</author>
		<author>
			<persName><forename type="first">Jiun-Hung</forename><surname>Chen</surname></persName>
		</author>
		<author>
			<persName><forename type="first">Winnie</forename><surname>Wu</surname></persName>
		</author>
		<author>
			<persName><forename type="first">Shuguang</forename><surname>Liu</surname></persName>
		</author>
		<author>
			<persName><forename type="first">Fan</forename><surname>Yang</surname></persName>
		</author>
	</analytic>
	<monogr>
		<title level="m">Proceedings of EMNLP 2020</title>
				<meeting>EMNLP 2020<address><addrLine>Daniel Campos</addrLine></address></meeting>
		<imprint>
			<date type="published" when="2020">2020</date>
			<biblScope unit="page" from="6008" to="6018" />
		</imprint>
	</monogr>
	<note>Rangan Majumder, and Ming Zhou</note>
	<note type="raw_reference">Yaobo Liang, Nan Duan, Yeyun Gong, Ning Wu, Fen- fei Guo, Weizhen Qi, Ming Gong, Linjun Shou, Daxin Jiang, Guihong Cao, Xiaodong Fan, Ruofei Zhang, Rahul Agrawal, Edward Cui, Sining Wei, Taroon Bharti, Ying Qiao, Jiun-Hung Chen, Winnie Wu, Shuguang Liu, Fan Yang, Daniel Campos, Ran- gan Majumder, and Ming Zhou. 2020. XGLUE: A new benchmark datasetfor cross-lingual pre-training, understanding and generation. In Proceedings of EMNLP 2020, pages 6008-6018.</note>
</biblStruct>

<biblStruct xml:id="b24">
	<analytic>
		<title level="a" type="main">MinTL: minimalist transfer learning for task-oriented dialogue systems</title>
		<author>
			<persName><forename type="first">Zhaojiang</forename><surname>Lin</surname></persName>
		</author>
		<author>
			<persName><forename type="first">Andrea</forename><surname>Madotto</surname></persName>
		</author>
		<author>
			<persName><forename type="first">Genta</forename><surname>Indra Winata</surname></persName>
		</author>
		<author>
			<persName><forename type="first">Pascale</forename><surname>Fung</surname></persName>
		</author>
	</analytic>
	<monogr>
		<title level="m">Proceedings of EMNLP 2020</title>
				<meeting>EMNLP 2020</meeting>
		<imprint>
			<date type="published" when="2020">2020</date>
			<biblScope unit="page" from="3391" to="3405" />
		</imprint>
	</monogr>
	<note type="raw_reference">Zhaojiang Lin, Andrea Madotto, Genta Indra Winata, and Pascale Fung. 2020. MinTL: minimalist trans- fer learning for task-oriented dialogue systems. In Proceedings of EMNLP 2020, pages 3391-3405.</note>
</biblStruct>

<biblStruct xml:id="b25">
	<monogr>
		<title level="m" type="main">BiToD: A bilingual multidomain dataset for task-oriented dialogue modeling</title>
		<author>
			<persName><forename type="first">Zhaojiang</forename><surname>Lin</surname></persName>
		</author>
		<author>
			<persName><forename type="first">Andrea</forename><surname>Madotto</surname></persName>
		</author>
		<author>
			<persName><forename type="first">Genta</forename><surname>Indra Winata</surname></persName>
		</author>
		<author>
			<persName><forename type="first">Peng</forename><surname>Xu</surname></persName>
		</author>
		<author>
			<persName><forename type="first">Feijun</forename><surname>Jiang</surname></persName>
		</author>
		<author>
			<persName><forename type="first">Yuxiang</forename><surname>Hu</surname></persName>
		</author>
		<author>
			<persName><forename type="first">Chen</forename><surname>Shi</surname></persName>
		</author>
		<author>
			<persName><forename type="first">Pascale</forename><surname>Fung</surname></persName>
		</author>
		<idno>CoRR, abs/2106.02787</idno>
		<imprint>
			<date type="published" when="2021">2021</date>
		</imprint>
	</monogr>
	<note type="raw_reference">Zhaojiang Lin, Andrea Madotto, Genta Indra Winata, Peng Xu, Feijun Jiang, Yuxiang Hu, Chen Shi, and Pascale Fung. 2021. BiToD: A bilingual multi- domain dataset for task-oriented dialogue modeling. CoRR, abs/2106.02787.</note>
</biblStruct>

<biblStruct xml:id="b26">
	<analytic>
		<title level="a" type="main">How not to evaluate your dialogue system: An empirical study of unsupervised evaluation metrics for dialogue response generation</title>
		<author>
			<persName><forename type="first">Chia-Wei</forename><surname>Liu</surname></persName>
		</author>
		<author>
			<persName><forename type="first">Ryan</forename><surname>Lowe</surname></persName>
		</author>
		<author>
			<persName><forename type="first">Iulian</forename><surname>Vlad Serban</surname></persName>
		</author>
		<author>
			<persName><forename type="first">Mike</forename><surname>Noseworthy</surname></persName>
		</author>
		<author>
			<persName><forename type="first">Laurent</forename><surname>Charlin</surname></persName>
		</author>
		<author>
			<persName><forename type="first">Joelle</forename><surname>Pineau</surname></persName>
		</author>
	</analytic>
	<monogr>
		<title level="m">Proceedings of EMNLP 2016</title>
				<meeting>EMNLP 2016</meeting>
		<imprint>
			<date type="published" when="2016">2016</date>
			<biblScope unit="page" from="2122" to="2132" />
		</imprint>
	</monogr>
	<note type="raw_reference">Chia-Wei Liu, Ryan Lowe, Iulian Vlad Serban, Mike Noseworthy, Laurent Charlin, and Joelle Pineau. 2016. How not to evaluate your dialogue system: An empirical study of unsupervised evaluation met- rics for dialogue response generation. In Proceedings of EMNLP 2016, pages 2122-2132.</note>
</biblStruct>

<biblStruct xml:id="b27">
	<analytic>
		<title level="a" type="main">Zero-shot cross-lingual dialogue systems with transferable latent variables</title>
		<author>
			<persName><forename type="first">Zihan</forename><surname>Liu</surname></persName>
		</author>
		<author>
			<persName><forename type="first">Jamin</forename><surname>Shin</surname></persName>
		</author>
		<author>
			<persName><forename type="first">Yan</forename><surname>Xu</surname></persName>
		</author>
		<author>
			<persName><forename type="first">Genta</forename><surname>Indra Winata</surname></persName>
		</author>
		<author>
			<persName><forename type="first">Peng</forename><surname>Xu</surname></persName>
		</author>
		<author>
			<persName><forename type="first">Andrea</forename><surname>Madotto</surname></persName>
		</author>
		<author>
			<persName><forename type="first">Pascale</forename><surname>Fung</surname></persName>
		</author>
	</analytic>
	<monogr>
		<title level="m">Proceedings of EMNLP-IJCNLP 2019</title>
				<meeting>EMNLP-IJCNLP 2019</meeting>
		<imprint>
			<date type="published" when="2019">2019</date>
			<biblScope unit="page" from="1297" to="1303" />
		</imprint>
	</monogr>
	<note type="raw_reference">Zihan Liu, Jamin Shin, Yan Xu, Genta Indra Winata, Peng Xu, Andrea Madotto, and Pascale Fung. 2019. Zero-shot cross-lingual dialogue systems with trans- ferable latent variables. In Proceedings of EMNLP- IJCNLP 2019, pages 1297-1303.</note>
</biblStruct>

<biblStruct xml:id="b28">
	<analytic>
		<title level="a" type="main">Attention-informed mixed-language training for zero-shot cross-lingual task-oriented dialogue systems</title>
		<author>
			<persName><forename type="first">Zihan</forename><surname>Liu</surname></persName>
		</author>
		<author>
			<persName><forename type="first">Genta</forename><surname>Indra Winata</surname></persName>
		</author>
		<author>
			<persName><forename type="first">Zhaojiang</forename><surname>Lin</surname></persName>
		</author>
		<author>
			<persName><forename type="first">Peng</forename><surname>Xu</surname></persName>
		</author>
		<author>
			<persName><forename type="first">Pascale</forename><surname>Fung</surname></persName>
		</author>
	</analytic>
	<monogr>
		<title level="m">Proceedings of AAAI 2020</title>
				<meeting>AAAI 2020</meeting>
		<imprint>
			<date type="published" when="2020">2020</date>
			<biblScope unit="page" from="8433" to="8440" />
		</imprint>
	</monogr>
	<note type="raw_reference">Zihan Liu, Genta Indra Winata, Zhaojiang Lin, Peng Xu, and Pascale Fung. 2020. Attention-informed mixed-language training for zero-shot cross-lingual task-oriented dialogue systems. In Proceedings of AAAI 2020, pages 8433-8440.</note>
</biblStruct>

<biblStruct xml:id="b29">
	<monogr>
		<title level="m" type="main">Cross-lingual dialogue dataset creation via outline-based generation</title>
		<author>
			<persName><forename type="first">Olga</forename><surname>Majewska</surname></persName>
		</author>
		<author>
			<persName><forename type="first">Evgeniia</forename><surname>Razumovskaia</surname></persName>
		</author>
		<author>
			<persName><forename type="first">Maria</forename><surname>Edoardo</surname></persName>
		</author>
		<author>
			<persName><forename type="first">Ivan</forename><surname>Ponti</surname></persName>
		</author>
		<author>
			<persName><forename type="first">Anna</forename><surname>Vulić</surname></persName>
		</author>
		<author>
			<persName><surname>Korhonen</surname></persName>
		</author>
		<idno type="arXiv">arXiv:2201.13405</idno>
		<imprint>
			<date type="published" when="2022">2022</date>
		</imprint>
	</monogr>
	<note type="report_type">arXiv preprint</note>
	<note type="raw_reference">Olga Majewska, Evgeniia Razumovskaia, Edoardo Maria Ponti, Ivan Vulić, and Anna Korhonen. 2022. Cross-lingual dialogue dataset creation via outline-based generation. arXiv preprint arXiv:2201.13405.</note>
</biblStruct>

<biblStruct xml:id="b30">
	<monogr>
		<title level="m" type="main">DialoGLUE: A natural language understanding benchmark for task-oriented dialogue</title>
		<author>
			<persName><forename type="first">Shikib</forename><surname>Mehri</surname></persName>
		</author>
		<author>
			<persName><forename type="first">Mihail</forename><surname>Eric</surname></persName>
		</author>
		<author>
			<persName><forename type="first">Dilek</forename><surname>Hakkani-Tur</surname></persName>
		</author>
		<idno type="arXiv">arXiv:2009.13570</idno>
		<imprint>
			<date type="published" when="2020">2020</date>
		</imprint>
	</monogr>
	<note type="report_type">arXiv preprint</note>
	<note type="raw_reference">Shikib Mehri, Mihail Eric, and Dilek Hakkani-Tur. 2020. DialoGLUE: A natural language understand- ing benchmark for task-oriented dialogue. arXiv preprint arXiv:2009.13570.</note>
</biblStruct>

<biblStruct xml:id="b31">
	<analytic>
		<title level="a" type="main">Cross-lingual intermediate fine-tuning improves dialogue state tracking</title>
		<author>
			<persName><forename type="first">Nikita</forename><surname>Moghe</surname></persName>
		</author>
		<author>
			<persName><forename type="first">Mark</forename><surname>Steedman</surname></persName>
		</author>
		<author>
			<persName><forename type="first">Alexandra</forename><surname>Birch</surname></persName>
		</author>
	</analytic>
	<monogr>
		<title level="m">Proceedings of EMNLP 2021</title>
				<meeting>EMNLP 2021</meeting>
		<imprint>
			<date type="published" when="2021">2021</date>
		</imprint>
	</monogr>
	<note type="raw_reference">Nikita Moghe, Mark Steedman, and Alexandra Birch. 2021. Cross-lingual intermediate fine-tuning im- proves dialogue state tracking. In Proceedings of EMNLP 2021.</note>
</biblStruct>

<biblStruct xml:id="b32">
	<analytic>
		<title level="a" type="main">Why we need new evaluation metrics for NLG</title>
		<author>
			<persName><forename type="first">Jekaterina</forename><surname>Novikova</surname></persName>
		</author>
		<author>
			<persName><forename type="first">Ondřej</forename><surname>Dušek</surname></persName>
		</author>
		<author>
			<persName><forename type="first">Amanda</forename><forename type="middle">Cercas</forename><surname>Curry</surname></persName>
		</author>
		<author>
			<persName><forename type="first">Verena</forename><surname>Rieser</surname></persName>
		</author>
	</analytic>
	<monogr>
		<title level="m">Proceedings of EMNLP 2021</title>
				<meeting>EMNLP 2021</meeting>
		<imprint>
			<date type="published" when="2017">2017</date>
			<biblScope unit="page" from="2241" to="2252" />
		</imprint>
	</monogr>
	<note type="raw_reference">Jekaterina Novikova, Ondřej Dušek, Amanda Cercas Curry, and Verena Rieser. 2017. Why we need new evaluation metrics for NLG. In Proceedings of EMNLP 2021, pages 2241-2252.</note>
</biblStruct>

<biblStruct xml:id="b33">
	<analytic>
		<title level="a" type="main">XCOPA: A multilingual dataset for causal commonsense reasoning</title>
		<author>
			<persName><forename type="first">Maria</forename><surname>Edoardo</surname></persName>
		</author>
		<author>
			<persName><forename type="first">Goran</forename><surname>Ponti</surname></persName>
		</author>
		<author>
			<persName><forename type="first">Olga</forename><surname>Glavaš</surname></persName>
		</author>
		<author>
			<persName><forename type="first">Qianchu</forename><surname>Majewska</surname></persName>
		</author>
		<author>
			<persName><forename type="first">Ivan</forename><surname>Liu</surname></persName>
		</author>
		<author>
			<persName><forename type="first">Anna</forename><surname>Vulić</surname></persName>
		</author>
		<author>
			<persName><surname>Korhonen</surname></persName>
		</author>
	</analytic>
	<monogr>
		<title level="m">Proceedings of EMNLP 2020</title>
				<meeting>EMNLP 2020</meeting>
		<imprint>
			<date type="published" when="2020">2020</date>
			<biblScope unit="page" from="2362" to="2376" />
		</imprint>
	</monogr>
	<note type="raw_reference">Edoardo Maria Ponti, Goran Glavaš, Olga Majewska, Qianchu Liu, Ivan Vulić, and Anna Korhonen. 2020. XCOPA: A multilingual dataset for causal common- sense reasoning. In Proceedings of EMNLP 2020, pages 2362-2376.</note>
</biblStruct>

<biblStruct xml:id="b34">
	<analytic>
		<title level="a" type="main">Cross-lingual semantic specialization via lexical relation induction</title>
		<author>
			<persName><forename type="first">Maria</forename><surname>Edoardo</surname></persName>
		</author>
		<author>
			<persName><forename type="first">Ivan</forename><surname>Ponti</surname></persName>
		</author>
		<author>
			<persName><forename type="first">Goran</forename><surname>Vulić</surname></persName>
		</author>
		<author>
			<persName><forename type="first">Roi</forename><surname>Glavaš</surname></persName>
		</author>
		<author>
			<persName><forename type="first">Anna</forename><surname>Reichart</surname></persName>
		</author>
		<author>
			<persName><surname>Korhonen</surname></persName>
		</author>
	</analytic>
	<monogr>
		<title level="m">Proceedings of EMNLP-IJCNLP 2019</title>
				<meeting>EMNLP-IJCNLP 2019</meeting>
		<imprint>
			<date type="published" when="2019">2019</date>
			<biblScope unit="page" from="2206" to="2217" />
		</imprint>
	</monogr>
	<note type="raw_reference">Edoardo Maria Ponti, Ivan Vulić, Goran Glavaš, Roi Reichart, and Anna Korhonen. 2019. Cross-lingual semantic specialization via lexical relation induc- tion. In Proceedings of EMNLP-IJCNLP 2019, pages 2206-2217.</note>
</biblStruct>

<biblStruct xml:id="b35">
	<monogr>
		<title level="m" type="main">Crossing the conversational chasm: A primer on multilingual task-oriented dialogue systems</title>
		<author>
			<persName><forename type="first">Evgeniia</forename><surname>Razumovskaia</surname></persName>
		</author>
		<author>
			<persName><forename type="first">Goran</forename><surname>Glavas</surname></persName>
		</author>
		<author>
			<persName><forename type="first">Olga</forename><surname>Majewska</surname></persName>
		</author>
		<author>
			<persName><forename type="first">Maria</forename><surname>Edoardo</surname></persName>
		</author>
		<author>
			<persName><forename type="first">Anna</forename><surname>Ponti</surname></persName>
		</author>
		<author>
			<persName><forename type="first">Ivan</forename><surname>Korhonen</surname></persName>
		</author>
		<author>
			<persName><surname>Vulić</surname></persName>
		</author>
		<idno>CoRR, abs/2104.08570</idno>
		<imprint>
			<date type="published" when="2021">2021</date>
		</imprint>
	</monogr>
	<note type="raw_reference">Evgeniia Razumovskaia, Goran Glavas, Olga Majew- ska, Edoardo Maria Ponti, Anna Korhonen, and Ivan Vulić. 2021. Crossing the conversational chasm: A primer on multilingual task-oriented dialogue sys- tems. CoRR, abs/2104.08570.</note>
</biblStruct>

<biblStruct xml:id="b36">
	<analytic>
		<title level="a" type="main">Towards universal dialogue state tracking</title>
		<author>
			<persName><forename type="first">Liliang</forename><surname>Ren</surname></persName>
		</author>
		<author>
			<persName><forename type="first">Kaige</forename><surname>Xie</surname></persName>
		</author>
		<author>
			<persName><forename type="first">Lu</forename><surname>Chen</surname></persName>
		</author>
		<author>
			<persName><forename type="first">Kai</forename><surname>Yu</surname></persName>
		</author>
	</analytic>
	<monogr>
		<title level="m">Proceedings of EMNLP 2018</title>
				<meeting>EMNLP 2018</meeting>
		<imprint>
			<date type="published" when="2018">2018</date>
			<biblScope unit="page" from="2780" to="2786" />
		</imprint>
	</monogr>
	<note type="raw_reference">Liliang Ren, Kaige Xie, Lu Chen, and Kai Yu. 2018. Towards universal dialogue state tracking. In Pro- ceedings of EMNLP 2018, pages 2780-2786.</note>
</biblStruct>

<biblStruct xml:id="b37">
	<analytic>
		<title level="a" type="main">Evaluating the cross-lingual effectiveness of massively multilingual neural machine translation</title>
		<author>
			<persName><forename type="first">Aditya</forename><surname>Siddhant</surname></persName>
		</author>
		<author>
			<persName><forename type="first">Melvin</forename><surname>Johnson</surname></persName>
		</author>
		<author>
			<persName><forename type="first">Henry</forename><surname>Tsai</surname></persName>
		</author>
		<author>
			<persName><forename type="first">Naveen</forename><surname>Ari</surname></persName>
		</author>
		<author>
			<persName><forename type="first">Jason</forename><surname>Riesa</surname></persName>
		</author>
		<author>
			<persName><forename type="first">Ankur</forename><surname>Bapna</surname></persName>
		</author>
		<author>
			<persName><forename type="first">Orhan</forename><surname>Firat</surname></persName>
		</author>
		<author>
			<persName><forename type="first">Karthik</forename><surname>Raman</surname></persName>
		</author>
	</analytic>
	<monogr>
		<title level="m">Proceedings of AAAI 2020</title>
				<meeting>AAAI 2020</meeting>
		<imprint>
			<date type="published" when="2020">2020</date>
			<biblScope unit="page" from="8854" to="8861" />
		</imprint>
	</monogr>
	<note type="raw_reference">Aditya Siddhant, Melvin Johnson, Henry Tsai, Naveen Ari, Jason Riesa, Ankur Bapna, Orhan Firat, and Karthik Raman. 2020. Evaluating the cross-lingual effectiveness of massively multilingual neural ma- chine translation. In Proceedings of AAAI 2020, pages 8854-8861.</note>
</biblStruct>

<biblStruct xml:id="b38">
	<analytic>
		<title level="a" type="main">Deep learning for conversational AI</title>
		<author>
			<persName><forename type="first">Pei-Hao</forename><surname>Su</surname></persName>
		</author>
		<author>
			<persName><forename type="first">Nikola</forename><surname>Mrkšić</surname></persName>
		</author>
		<author>
			<persName><forename type="first">Iñigo</forename><surname>Casanueva</surname></persName>
		</author>
		<author>
			<persName><forename type="first">Ivan</forename><surname>Vulić</surname></persName>
		</author>
	</analytic>
	<monogr>
		<title level="m">Proceedings of NAACL-HLT 2018: Tutorial Abstracts</title>
				<meeting>NAACL-HLT 2018: Tutorial Abstracts</meeting>
		<imprint>
			<date type="published" when="2018">2018</date>
			<biblScope unit="page" from="27" to="32" />
		</imprint>
	</monogr>
	<note type="raw_reference">Pei-Hao Su, Nikola Mrkšić, Iñigo Casanueva, and Ivan Vulić. 2018. Deep learning for conversational AI. In Proceedings of NAACL-HLT 2018: Tutorial Ab- stracts, pages 27-32.</note>
</biblStruct>

<biblStruct xml:id="b39">
	<analytic>
		<title level="a" type="main">Adapting simplenlg for bilingual english-french realisation</title>
		<author>
			<persName><forename type="first">Pierre-Luc</forename><surname>Vaudry</surname></persName>
		</author>
		<author>
			<persName><forename type="first">Guy</forename><surname>Lapalme</surname></persName>
		</author>
	</analytic>
	<monogr>
		<title level="m">Proceedings of the 14th European Workshop on Natural Language Generation</title>
				<meeting>the 14th European Workshop on Natural Language Generation</meeting>
		<imprint>
			<date type="published" when="2013">2013</date>
			<biblScope unit="page" from="183" to="187" />
		</imprint>
	</monogr>
	<note type="raw_reference">Pierre-Luc Vaudry and Guy Lapalme. 2013. Adapt- ing simplenlg for bilingual english-french realisation. In Proceedings of the 14th European Workshop on Natural Language Generation, pages 183-187.</note>
</biblStruct>

<biblStruct xml:id="b40">
	<analytic>
		<title level="a" type="main">Cross-language document summarization based on machine translation quality prediction</title>
		<author>
			<persName><forename type="first">Xiaojun</forename><surname>Wan</surname></persName>
		</author>
		<author>
			<persName><forename type="first">Huiying</forename><surname>Li</surname></persName>
		</author>
		<author>
			<persName><forename type="first">Jianguo</forename><surname>Xiao</surname></persName>
		</author>
	</analytic>
	<monogr>
		<title level="m">Proceedings of ACL 2010</title>
				<meeting>ACL 2010</meeting>
		<imprint>
			<date type="published" when="2010">2010</date>
			<biblScope unit="page" from="917" to="926" />
		</imprint>
	</monogr>
	<note type="raw_reference">Xiaojun Wan, Huiying Li, and Jianguo Xiao. 2010. Cross-language document summarization based on machine translation quality prediction. In Proceed- ings of ACL 2010, pages 917-926.</note>
</biblStruct>

<biblStruct xml:id="b41">
	<analytic>
		<title level="a" type="main">Data collection and end-to-end learning for conversational AI</title>
		<author>
			<persName><forename type="first">Tsung-Hsien</forename><surname>Wen</surname></persName>
		</author>
		<author>
			<persName><forename type="first">Pei-Hao</forename><surname>Su</surname></persName>
		</author>
		<author>
			<persName><forename type="first">Paweł</forename><surname>Budzianowski</surname></persName>
		</author>
		<author>
			<persName><forename type="first">Iñigo</forename><surname>Casanueva</surname></persName>
		</author>
		<author>
			<persName><forename type="first">Ivan</forename><surname>Vulić</surname></persName>
		</author>
	</analytic>
	<monogr>
		<title level="m">Proceedings of the 2019 Conference on Empirical Methods in Natural Language Processing and the 9th International Joint Conference on Natural Language Processing</title>
				<meeting>the 2019 Conference on Empirical Methods in Natural Language Processing and the 9th International Joint Conference on Natural Language Processing</meeting>
		<imprint>
			<publisher>Tutorial Abstracts</publisher>
			<date type="published" when="2019">2019</date>
		</imprint>
	</monogr>
	<note type="raw_reference">Tsung-Hsien Wen, Pei-Hao Su, Paweł Budzianowski, Iñigo Casanueva, and Ivan Vulić. 2019. Data collec- tion and end-to-end learning for conversational AI. In Proceedings of the 2019 Conference on Empirical Methods in Natural Language Processing and the 9th International Joint Conference on Natural Language Processing (EMNLP-IJCNLP): Tutorial Abstracts.</note>
</biblStruct>

<biblStruct xml:id="b42">
	<analytic>
		<title level="a" type="main">A network-based end-to-end trainable task-oriented dialogue system</title>
		<author>
			<persName><forename type="first">Tsung-Hsien</forename><surname>Wen</surname></persName>
		</author>
		<author>
			<persName><forename type="first">David</forename><surname>Vandyke</surname></persName>
		</author>
		<author>
			<persName><forename type="first">Nikola</forename><surname>Mrkšić</surname></persName>
		</author>
		<author>
			<persName><forename type="first">Milica</forename><surname>Gasic</surname></persName>
		</author>
		<author>
			<persName><forename type="first">Lina M Rojas</forename><surname>Barahona</surname></persName>
		</author>
		<author>
			<persName><forename type="first">Pei-Hao</forename><surname>Su</surname></persName>
		</author>
		<author>
			<persName><forename type="first">Stefan</forename><surname>Ultes</surname></persName>
		</author>
		<author>
			<persName><forename type="first">Steve</forename><surname>Young</surname></persName>
		</author>
	</analytic>
	<monogr>
		<title level="m">Proceedings of EACL 2017</title>
				<meeting>EACL 2017</meeting>
		<imprint>
			<date type="published" when="2017">2017</date>
			<biblScope unit="page" from="438" to="449" />
		</imprint>
	</monogr>
	<note type="raw_reference">Tsung-Hsien Wen, David Vandyke, Nikola Mrkšić, Mil- ica Gasic, Lina M Rojas Barahona, Pei-Hao Su, Ste- fan Ultes, and Steve Young. 2017. A network-based end-to-end trainable task-oriented dialogue system. In Proceedings of EACL 2017, pages 438-449.</note>
</biblStruct>

<biblStruct xml:id="b43">
	<analytic>
		<title level="a" type="main">TOD-BERT: Pre-trained natural language understanding for task-oriented dialogue</title>
		<author>
			<persName><forename type="first">Chien-Sheng</forename><surname>Wu</surname></persName>
		</author>
		<author>
			<persName><forename type="first">C</forename><forename type="middle">H</forename><surname>Steven</surname></persName>
		</author>
		<author>
			<persName><forename type="first">Richard</forename><surname>Hoi</surname></persName>
		</author>
		<author>
			<persName><forename type="first">Caiming</forename><surname>Socher</surname></persName>
		</author>
		<author>
			<persName><surname>Xiong</surname></persName>
		</author>
	</analytic>
	<monogr>
		<title level="m">Proceedings of EMNLP 2020</title>
				<meeting>EMNLP 2020</meeting>
		<imprint>
			<date type="published" when="2020">2020</date>
			<biblScope unit="page" from="917" to="929" />
		</imprint>
	</monogr>
	<note type="raw_reference">Chien-Sheng Wu, Steven C.H. Hoi, Richard Socher, and Caiming Xiong. 2020. TOD-BERT: Pre-trained natu- ral language understanding for task-oriented dialogue. In Proceedings of EMNLP 2020, pages 917-929.</note>
</biblStruct>

<biblStruct xml:id="b44">
	<analytic>
		<title level="a" type="main">End-to-end slot alignment and recognition for crosslingual nlu</title>
		<author>
			<persName><forename type="first">Weijia</forename><surname>Xu</surname></persName>
		</author>
		<author>
			<persName><forename type="first">Batool</forename><surname>Haider</surname></persName>
		</author>
		<author>
			<persName><forename type="first">Saab</forename><surname>Mansour</surname></persName>
		</author>
	</analytic>
	<monogr>
		<title level="m">Proceedings of EMNLP 2020</title>
				<meeting>EMNLP 2020</meeting>
		<imprint>
			<date type="published" when="2020">2020</date>
			<biblScope unit="page" from="5052" to="5063" />
		</imprint>
	</monogr>
	<note type="raw_reference">Weijia Xu, Batool Haider, and Saab Mansour. 2020. End-to-end slot alignment and recognition for cross- lingual nlu. In Proceedings of EMNLP 2020, pages 5052-5063.</note>
</biblStruct>

<biblStruct xml:id="b45">
	<analytic>
		<title level="a" type="main">Still talking to machines (cognitively speaking)</title>
		<author>
			<persName><forename type="first">Steve</forename><surname>Young</surname></persName>
		</author>
	</analytic>
	<monogr>
		<title level="m">Proceedings of INTERSPEECH</title>
				<meeting>INTERSPEECH</meeting>
		<imprint>
			<date type="published" when="2010">2010</date>
			<biblScope unit="page" from="1" to="10" />
		</imprint>
	</monogr>
	<note type="raw_reference">Steve Young. 2010. Still talking to machines (cogni- tively speaking). In Proceedings of INTERSPEECH, pages 1-10.</note>
</biblStruct>

<biblStruct xml:id="b46">
	<analytic>
		<title level="a" type="main">MultiWOZ 2.2 : A dialogue dataset with additional annotation corrections and state tracking baselines</title>
		<author>
			<persName><forename type="first">Xiaoxue</forename><surname>Zang</surname></persName>
		</author>
		<author>
			<persName><forename type="first">Abhinav</forename><surname>Rastogi</surname></persName>
		</author>
		<author>
			<persName><forename type="first">Srinivas</forename><surname>Sunkara</surname></persName>
		</author>
		<author>
			<persName><forename type="first">Raghav</forename><surname>Gupta</surname></persName>
		</author>
		<author>
			<persName><forename type="first">Jianguo</forename><surname>Zhang</surname></persName>
		</author>
		<author>
			<persName><forename type="first">Jindong</forename><surname>Chen</surname></persName>
		</author>
	</analytic>
	<monogr>
		<title level="m">Proceedings of the 2nd Workshop on Natural Language Processing for Conversational AI</title>
				<meeting>the 2nd Workshop on Natural Language Processing for Conversational AI</meeting>
		<imprint>
			<date type="published" when="2020">2020</date>
			<biblScope unit="page" from="109" to="117" />
		</imprint>
	</monogr>
	<note type="raw_reference">Xiaoxue Zang, Abhinav Rastogi, Srinivas Sunkara, Raghav Gupta, Jianguo Zhang, and Jindong Chen. 2020. MultiWOZ 2.2 : A dialogue dataset with additional annotation corrections and state tracking baselines. In Proceedings of the 2nd Workshop on Natural Language Processing for Conversational AI, pages 109-117.</note>
</biblStruct>

<biblStruct xml:id="b47">
	<monogr>
		<title level="m" type="main">Allwoz: Towards multilingual task-oriented dialog systems for all</title>
		<author>
			<persName><forename type="first">Lei</forename><surname>Zuo</surname></persName>
		</author>
		<author>
			<persName><forename type="first">Kun</forename><surname>Qian</surname></persName>
		</author>
		<author>
			<persName><forename type="first">Bowen</forename><surname>Yang</surname></persName>
		</author>
		<author>
			<persName><forename type="first">Zhou</forename><surname>Yu</surname></persName>
		</author>
		<idno>CoRR, abs/2112.08333</idno>
		<imprint>
			<date type="published" when="2021">2021</date>
		</imprint>
	</monogr>
	<note type="raw_reference">Lei Zuo, Kun Qian, Bowen Yang, and Zhou Yu. 2021. Allwoz: Towards multilingual task-oriented dialog systems for all. CoRR, abs/2112.08333.</note>
</biblStruct>

				</listBibl>
			</div>
		</back>
	</text>
</TEI>
