<?xml version="1.0" encoding="UTF-8"?>
<TEI xml:space="preserve" xmlns="http://www.tei-c.org/ns/1.0" 
xmlns:xsi="http://www.w3.org/2001/XMLSchema-instance" 
xsi:schemaLocation="http://www.tei-c.org/ns/1.0 https://raw.githubusercontent.com/kermitt2/grobid/master/grobid-home/schemas/xsd/Grobid.xsd"
 xmlns:xlink="http://www.w3.org/1999/xlink">
	<teiHeader xml:lang="en">
		<fileDesc>
			<titleStmt>
				<title level="a" type="main">PerPaDa: A Persian Paraphrase Dataset based on Implicit Crowdsourcing Data Collection</title>
			</titleStmt>
			<publicationStmt>
				<publisher/>
				<availability status="unknown"><licence/></availability>
			</publicationStmt>
			<sourceDesc>
				<biblStruct>
					<analytic>
						<author>
							<persName><forename type="first">Salar</forename><surname>Mohtaj</surname></persName>
							<email>salar.mohtaj@tu-berlin.de</email>
							<affiliation key="aff0">
								<orgName type="institution">Technische Universität Berlin</orgName>
								<address>
									<settlement>Berlin</settlement>
									<country key="DE">Germany</country>
								</address>
							</affiliation>
							<affiliation key="aff1">
								<orgName type="laboratory">German Research Centre for Artificial Intelligence (DFKI)</orgName>
								<address>
									<addrLine>Labor Berlin</addrLine>
									<country key="DE">Germany</country>
								</address>
							</affiliation>
						</author>
						<author>
							<persName><forename type="first">Fatemeh</forename><surname>Tavakkoli</surname></persName>
							<email>f.tavakkoli@fu-berlin.de</email>
							<affiliation key="aff2">
								<orgName type="institution">Freie Universität Berlin</orgName>
								<address>
									<settlement>Berlin</settlement>
									<country key="DE">Germany</country>
								</address>
							</affiliation>
						</author>
						<author>
							<persName><forename type="first">Habibollah</forename><surname>Asghari</surname></persName>
							<email>habib.asghari@ictrc.ac.ir</email>
							<affiliation key="aff3">
								<orgName type="institution">ICT Research Institute of ACECR</orgName>
								<address>
									<settlement>Tehran</settlement>
									<country key="IR">Iran</country>
								</address>
							</affiliation>
						</author>
						<title level="a" type="main">PerPaDa: A Persian Paraphrase Dataset based on Implicit Crowdsourcing Data Collection</title>
					</analytic>
					<monogr>
						<imprint>
							<date/>
						</imprint>
					</monogr>
					<idno type="MD5">AD639D36F73E837736CED9F2A4D81CB7</idno>
				</biblStruct>
			</sourceDesc>
		</fileDesc>
		<encodingDesc>
			<appInfo>
				<application version="0.7.3-SNAPSHOT" ident="GROBID" when="2023-01-12T09:10+0000">
					<desc>GROBID - A machine learning software for extracting information from scholarly documents</desc>
					<ref target="https://github.com/kermitt2/grobid"/>
				</application>
			</appInfo>
		</encodingDesc>
		<profileDesc>
			<textClass>
				<keywords>
					<term>Paraphrase</term>
					<term>Persian</term>
					<term>Implicit crowdsourcing</term>
					<term>Plagiarism detection</term>
				</keywords>
			</textClass>
			<abstract>
<div xmlns="http://www.tei-c.org/ns/1.0"><p>In this paper we introduce PerPaDa, a Persian paraphrase dataset that is collected from users' input in a plagiarism detection system. As an implicit crowdsourcing experience, we have gathered a large collection of original and paraphrased sentences from Hamtajoo; a Persian plagiarism detection system, in which users try to conceal cases of text re-use in their documents by paraphrasing and re-submitting manuscripts for analysis. The compiled dataset contains 2446 instances of paraphrasing. In order to improve the overall quality of the collected data, some heuristics have been used to exclude sentences that don't meet the proposed criteria. The introduced corpus is much larger than the available datasets for the task of paraphrase identification in Persian. Moreover, there is less bias in the data compared to the similar datasets, since the users did not try some fixed predefined rules in order to generate similar texts to their original inputs.</p></div>
			</abstract>
		</profileDesc>
	</teiHeader>
	<text xml:lang="en">
		<body>
<div xmlns="http://www.tei-c.org/ns/1.0"><head n="1.">Introduction</head><p>Paraphrase identification is the task of investigating if a piece of text is a paraphrase of another one <ref type="bibr" target="#b7">(Hunt et al., 2019)</ref>. It is a basic task for different Natural Language Processing (NLP) tasks like Plagiarism Detection (PD) and question answering. Paraphrase identification could improve the overall performance of these tasks by enabling systems to detect semantically similar or related sentences or phrases. For instance, a plagiarism detection system that empowered by a paraphrase identification module not only can detect cases of verbatim text re-use, but also the cases in which people try to conceal plagiarism by using different wordings and the other paraphrasing techniques.</p><p>There are different approaches for identification of paraphrases. A possible approach for measuring if two sentences are semantically similar (i.e., paraphrased) is to measure cosine similarity between two sentences <ref type="bibr" target="#b9">(Mahmoud and Zrigui, 2017)</ref>. However, more recent approaches are using Machine Learning (ML) models to train a classifier to detect if two pieces of text are paraphrased. Moreover, pre-trained language models (e.g., BERT <ref type="bibr" target="#b3">(Devlin et al., 2019)</ref>) have been using recently for the task of paraphrase identification <ref type="bibr" target="#b14">(Wang et al., 2020)</ref>. The neural networks could also be used to generate paraphrases from textual data <ref type="bibr" target="#b13">(Wahle et al., 2021)</ref>.</p><p>A training dataset is an essential part of all supervised learning approaches in ML to train a model. A paraphrase identification dataset is an important piece of puzzle to train an outstanding paraphrase detection model. In this paper we introduced PerPaDa, a new Persian Paraphrase Dataset in Persian. The data is col-lected from users' input to Hamtajoo<ref type="foot" target="#foot_0">1</ref> plagiarism detection system. Hamtajoo is a Persian plagiarism detection tool that is being used by journals, editorial board, conferences, faculty members and students to detect cases of inadvertent or intentional text re-use in scientific papers. Persian is the official language of Iran, Afghanistan, and Tajikistan, and also is spoken in Uzbekistan with more than 110 million speakers. Persian is generally classified as western Iranian languages and is from the Indo-European family <ref type="bibr" target="#b2">(Ataei et al., 2019)</ref>. Persian belongs to Arabic script-based languages which cover Kurdish, Urdu, Arabic, Pashtu and Persian <ref type="bibr" target="#b6">(Farghaly, 2004)</ref>. They have similar writing systems and common scripting. As an implicit crowdsourcing experience, we have gathered a large collection of original and paraphrased sentences from Hamtajoo, when users try to conceal cases of text re-use in their documents by paraphrasing and re-submitting manuscripts for analysis. The proposed dataset contains 2446 instances of paraphrased sentences.</p><p>Bias is an important issue in experiments which try to use crowdsourcing for data curation, annotation and evaluation for ML and NLP <ref type="bibr" target="#b4">(Eickhoff, 2018)</ref>. Similarly, it is a drawback of the available paraphrase datasets based on crowdsourcing that crowd-workers intend to follow some instructions which usually are provided by the experiment designers. This leads to a bias on the applied strategies by people to paraphrase original text. We believe that the implicit crowdsourcing approach that has been used in this paper results to a more diverse and general dataset which covers differ-ent paraphrasing strategies. The paper is organized as follow; Section 2 contains a brief overview of some of the Persian and English corpora for the task of paraphrase identification. We explain the raw data collection procedure from Hamtajoo platform in Section 3. The main steps to construct the PerPaDa dataset are described in Section 4. We represent some statistics on the data and the evaluation of PerPaDa in Section 5 and finally conclude the paper in Section 6.</p></div>
<div xmlns="http://www.tei-c.org/ns/1.0"><head n="2.">Related Work</head><p>In this section, some of the related datasets for the task of paraphrase identification will be introduced. Although the paraphrasing corpora are very limited in Persian, a number of datasets for the task of text re-use detection (i.e., plagiarism detection) have been introduced in recent years. Usually they include paraphrased or obfuscated text that are inserted from source documents into suspicious ones, and PD systems should automatically detect the position of these re-used pieces of text in the source and suspicious documents. We will review some of them in this section. <ref type="bibr">Khoshnavataher et. al. compiled</ref> a Persian plagiarism detection based on automatically generated cases of paraphrasing <ref type="bibr" target="#b8">(Khoshnavataher et al., 2015)</ref>. these automated approaches include shuffling words in sentences, substitution of some words with their synonyms and addition/deletion of some words to/from a sentence. Asghari et. al. from the same team tried to enrich the previous data by incorporating manually paraphrased sentences <ref type="bibr" target="#b1">(Asghari et al., 2021)</ref>. In addition to the mentioned automated approaches to generate obfuscated sentences, they also used more than 150 pairs of paraphrased sentences based on a crowdsourcing experiment. <ref type="bibr">Mashhadirajab et. al.</ref> proposed a text alignment corpus for Persian plagiarism detection, which includes more than 11000 documents and about 11600 plagiarism cases in PAN format <ref type="bibr" target="#b10">(Mashhadirajab et al., 2016)</ref>. They simulated different types of plagiarism by exploiting manually, semi-automatically, or automatically approaches to generate paraphrases in this largescale corpus <ref type="bibr" target="#b10">(Mashhadirajab et al., 2016)</ref>. To the best of our knowledge, there is no Persian paraphrased identification dataset that is compiled for this standalone task. PerPaDa could be the first such a dataset that can be used to train Persian paraphrase generation and identification models.</p></div>
<div xmlns="http://www.tei-c.org/ns/1.0"><head n="3.">Data Collection</head><p>In this section we introduce the data collection procedure, in which we've collected the source data to compile PerPaDa dataset.</p></div>
<div xmlns="http://www.tei-c.org/ns/1.0"><head n="3.1.">Hamtajoo plagiarism detection system</head><p>Hamtajoo is a Persian plagiarism detection system for investigating patterns of text re-use in Persian academic papers <ref type="bibr" target="#b15">(Zarrabi et al., 2021)</ref>. The system works on document level at the first stage and then focuses on paragraph and sentence level in the second detailed comparison stage. The system was officially introduced on 2017 and has been using by academicians to prevent and detect cases of text matching since then. Two screenshots of Hamtajoo platform are shown in Figures <ref type="figure">1 and 2</ref>. The first figure shows the submission page of the platform, where users can either upload their textual document or directly insert text into related the field.</p><p>Figure <ref type="figure">1</ref>: The submission page of Hamtajoo system (the menu and text are in Persian) <ref type="bibr" target="#b15">(Zarrabi et al., 2021)</ref> Figure <ref type="figure">2</ref> shows the Result page, where the sections with a piece of re-used text are highlighted. The origin of the re-used texts are also represented in this page, so users can track reasons behind the system's decisions. There are two main use cases of Hamtajoo and the other plagiarism detection tools for the end users; The tool could be used by students, journal editors and university faculties as dictated by the workflow before publishing papers or theses. On the other hand, these systems are sometimes used to detect potential text re-use cases to reduce or conceal those text matching cases by paraphrasing or removing suspicious parts from manuscripts.</p><p>Figure <ref type="figure">2</ref>: The Result page of Hamtajoo system (the menu and text are in Persian) <ref type="bibr" target="#b15">(Zarrabi et al., 2021)</ref>.</p><p>As an implicit crowdsourcing study, in this research we targeted the second use case of Hamtajoo, where users try to use the system to detect plagiarism cases and then conceal it by paraphrasing. We believe that the resulting pairs of original and paraphrased pieces of text are a rich resource to train paraphrase identification models because:</p><p>1. There is no bias in the data. In other words, users don't follow any instruction to generate paraphrases.</p><p>2. The dataset is huge, since the system is widely used by academicians in Iran.</p><p>3. It covers different scientific topics and domains including humanity, engineering etc.</p></div>
<div xmlns="http://www.tei-c.org/ns/1.0"><head n="3.2.">Raw data gathering</head><p>As mentioned earlier, we have focused on those use cases in which users employ the plagiarism detection system to find case of text re-use and then try to conceal them by paraphrasing. For this purpose, we excluded organizational accounts of the system. These users are mainly journal editors who use the system to check manuscripts for plagiarism before publication. Most of the users (i.e., almost 75%) uploaded fewer than three documents to be checked against plagiarism.</p><p>On the other hand, there are a few users who submitted more than 300 documents into the system. Since the idea is to compare multiple submission of a document to extract those parts which paraphrased by users, we excluded the users who submitted just one document in the system. The length distribution of the reminded 18111 documents is shown in Figure <ref type="figure" target="#fig_0">3</ref>. Here again, there are too many documents which are shorter than 5,000 words and a few documents that are longer than 80,000 words. The detailed steps to extract paraphrased sentences from these documents are explained in the next section. </p></div>
<div xmlns="http://www.tei-c.org/ns/1.0"><head n="4.">Corpus Construction</head><p>In this section we elaborate the main steps to extract paraphrased sentences out of initial selected documents. A sample scenario in which a user use the plagiarism detection system to find case of text re-use and then try to conceal them by paraphrasing is depicted in Figure <ref type="figure">4</ref>. As it's highlighted in the image, a user would try to re-write those colored parts in document A and resubmit the modified document to the system to check if it can detect those paraphrased parts (Document B). Regardless of the final results (i.e., whether the system can detect those paraphrased sections), the matching between the original sentences in Document A and the re-written ones in Document B is a valuable resource of paraphrased sentences. It should be noted that a user may re-submit different versions of the initial document after paraphrasing various parts of the paper, and this matching could be repeated for each pair. The main steps for matching the original detected sentences and the paraphrased ones are as follow:</p><p>1. Detection of near duplicate documents for each user.</p><p>2. Ordering documents in the near duplicate clusters based on the time of submission.</p><p>3. Extracting detected sentences in the lead documents.</p><p>4. Searching for the paraphrased sentences at the similar position in the subsequent documents.</p><p>5. Post-processing of the extracted pairs by applying some heuristics to exclude low quality pairs.</p><p>These steps are elaborated in the succeeding subsections.</p></div>
<div xmlns="http://www.tei-c.org/ns/1.0"><head n="4.1.">Near Duplicate Detection</head><p>In this step all the submitted documents by a user are clustered into the group of near duplicate documents. Since users may upload different documents with totally different contents, this step help us to screen those documents that potentially includes cases of paraphrasing for the use in the next steps.</p><p>For measuring the similarity between submitted documents by a user, we computed cosine similarity between TF-IDF vectors of pairs of documents. We set the similarity threshold to [0.9 -1). So those documents that have cosine similarity greater or equal to 0.9 and lower than 1 are considered as near duplicate documents. The lower band threshold is a heuristic that comes after doing a number of experiments. We don't consider documents with the cosine similarly of 1 (i.e., exact match) for further analysis because they definitely don't contain cases of paraphrasing. The reason of exact match documents in the system could be the lack of getting response from plagiarism detection Figure <ref type="figure">4</ref>: A sample scenario in which a user upload a document, and then re-submit it after paraphrasing to conceal cases of text matching of a document in time which leads to re-submission of the same document once more into the system. Among the clusters of documents of each user, we kept those groups that include at least two documents for further analysis in the next steps.</p></div>
<div xmlns="http://www.tei-c.org/ns/1.0"><head n="4.2.">Ordering the Documents</head><p>In this tiny step, the near duplicate documents are ordered based their submission date/time. The reason is to be able to track changes on those documents that submitted later (i.e., re-submissions). So, the comparison of the documents is always have been done forward and the lead documents compared to those submitted later (i.e., subsequent documents).</p></div>
<div xmlns="http://www.tei-c.org/ns/1.0"><head n="4.3.">Extraction of the Original Sentences</head><p>After ordering near duplicate documents which can potentially include some cases of paraphrasing, we extracted sentences that detected as text matching cases in the lead documents by Hamtajoo (i.e., original sentences which are highlighted parts of Document A in Figure <ref type="figure">4</ref>). The text matching cases are separated from normal texts by a specific HTML tag. So, the pieces of text that detected as cases of plagiarism by the system are extracted from those tags. Since the extracted pieces of texts would include several sentences, we tokenized the whole text into sentences, using Parsivar Persian text pre-processing tool <ref type="bibr" target="#b11">(Mohtaj et al., 2018)</ref>.</p><p>We split document into sentences in order to keep the intellectual property of the articles in the system. In other words, using short texts (e.g., a single sentence) from articles make it very difficult to track and find the origin of the sentences in the final corpus. Moreover, we shuffled the sentences in the final corpus to disrupt the sequence of sentences from a same articles.</p></div>
<div xmlns="http://www.tei-c.org/ns/1.0"><head n="4.4.">Searching for Paraphrased Sentences</head><p>After the extraction of the original sentences from the lead documents, in this step we search for the para-phrased sentences in the subsequent documents. For this purpose, we chose the approximate location of the original sentence (in the lead document) in the subsequent documents. In other words, we focused on the position in which the original sentence was extracted, in the re-submitted document. Since most of the users try to conceal plagiarism by just paraphrasing those sentences that are detected by the system, we expected to find the paraphrased sentences in the similar position.</p><p>However, since the paraphrased sentence would shift a few characters in the subsequent document compared to the lead document, we also took into account ±100 characters in the subsequent document. It means we looked for the paraphrased sentences in span of 100 characters before to 100 characters after the position of the original sentences.</p><p>After choosing a span of ±100 characters in the subsequent document, we split the text within the span into sentences. The resulting sentences are the potential paraphrased sentences for the original sentence.</p><p>To detect the true paraphrased sentence among the potential ones, the original sentence and the potential paraphrased sentences have been embedded into vectors, using ParsBERT pre-trained model <ref type="bibr" target="#b5">(Farahani et al., 2021)</ref>. ParsBERT is a monolingual BERT for the Persian language, which shows its state-of-the-art performance compared to other architectures and multilingual models. We used a Bert based model since it can preserve the semantic representation of the sentences and as a result, can better identify pairs of sentences that are semantically similar.</p><p>After converting sentences into vector of numbers, the cosine similarity between the original sentence and each potential paraphrased sentence is computed as it's shown in Figure <ref type="figure" target="#fig_2">5</ref>. Pairs of sentences with cosine similarity in the range of [0.8 -1) are extracted as the cases of paraphrasing. This process is repeated for all the original sentences in the lead document.  </p></div>
<div xmlns="http://www.tei-c.org/ns/1.0"><head n="4.5.">Post-Processing</head><p>After generating the initial list of pairs of original and paraphrased sentences in the last step, the low quality candidates are removed in this stage. Since the whole process of extracting pair of paraphrasing sentences have been done automatically, some noises may be added into the list. To remove these noises, we applied a series of heuristics on the list of candidates. For this purpose, we removed those pairs that at least one of the sentences contains at least one of the following conditions:</p><p>• Sentences that are shorter than 50 characters • Sentences that are not complete (e.g., no subject or verb)</p><p>• Sentences that are not Persian</p><p>We used Parsivar <ref type="bibr" target="#b11">(Mohtaj et al., 2018)</ref> for Part-ofspeech tagging and langdetect 2 to detect the language of the sentences. Moreover, as it is mentioned before, we shuffled the sentences in the final corpus to disrupt the sequence of sentences from a same articles.</p></div>
<div xmlns="http://www.tei-c.org/ns/1.0"><head n="5.">Evaluation</head><p>In this section we present the dataset statistics and the validation results. It should be highlighted that we didn't applied any manual check on the extracted sentences. Although, we tried to keep more qualified sentences as much as possible, using the above mentioned criteria and heuristics. However, a manual check could be done on the corpus to improve the quality by eliminating low quality pairs in future. </p></div>
<div xmlns="http://www.tei-c.org/ns/1.0"><head n="5.2.">Validation Result</head><p>To validate the proposed dataset, we compared the similarity of pairs of sentences in PerPaDa with manually paraphrased Persian text in HAMTA, that is a Persian plagiarism detection corpus <ref type="bibr" target="#b1">(Asghari et al., 2021)</ref>, <ref type="bibr" target="#b0">(Asghari et al., 2016)</ref>. HAMTA corpus includes manually and automatically generated paraphrased pieces of text. We took the manually compiled paraphrases from HAMTA to compare with PerPaDa. For Comparison, we used the method proposed by Potthast et. al. that includes 10 different retrieval models. Each model is an n-gram vector space model (VSM) where n ranges from 1 to 10 words, employing tf-weighting, and the cosine similarity <ref type="bibr" target="#b12">(Potthast et al., 2010)</ref>. The resulting plot is shown in Figure <ref type="figure" target="#fig_5">8</ref>.  As it is expected, the overall similarity of the pair of sentences decreases by increasing n from 1 to 10 in both data. It means although the original and paraphrased sentences share a number of terms, these terms usually re-ordered in the paraphrased sentences. However, the pair of sentences in PerPaDa tends to have more similarity, comparing to HAMTA. It shows users tend to apply least changes on the original sentence in the implicit crowdsourcing experiment, while they have to make more changes based on pre-defined rules in an explicit crowdsourcing setting.</p></div>
<div xmlns="http://www.tei-c.org/ns/1.0"><head n="6.">Conclusion</head><p>In this paper we introduced PerPaDa, a Persian Paraphrase Dataset based on an implicit crowdsourcing experiment. The raw data has been collected from Hamtajoo that is a Persian plagiarism detection system. We tried to extract those documents from Hamtajoo in which a user tried to conceal text matching cases by paraphrasing part of text that are detected by system as cases of plagiarism. Based on our validation experiments, the proposed data shows similar results with manually paraphrased cor-pora. However, an implicitly generated dataset like PerPaDa is much more cheaper comparing to the explicitly compiled corpora. It can also better shows the paraphrasing behavior of an ordinary user.</p></div>
<div xmlns="http://www.tei-c.org/ns/1.0"><head n="7.">Acknowledgment</head><p>We would like to thank all of the members of ITBM and AIS research groups of ICT research institute for their contribution in developing the Hamtajoo platform.</p></div><figure xmlns="http://www.tei-c.org/ns/1.0" xml:id="fig_0"><head>Figure 3 :</head><label>3</label><figDesc>Figure 3: The length distribution of the target documents</figDesc></figure>
<figure xmlns="http://www.tei-c.org/ns/1.0" xml:id="fig_2"><head>Figure 5 :</head><label>5</label><figDesc>Figure 5: Embedding the original and potential paraphrased sentences into vectors and computing cosine similarity</figDesc></figure>
<figure xmlns="http://www.tei-c.org/ns/1.0" xml:id="fig_3"><head>Figure 6 :Figure 7 :</head><label>67</label><figDesc>Figure 6: Distribution of text length in the original and paraphrased sentences</figDesc></figure>
<figure xmlns="http://www.tei-c.org/ns/1.0" xml:id="fig_5"><head>Figure 8 :</head><label>8</label><figDesc>Figure 8: Comparison of PerPaDa w.r.t. HAMTA: each box plot shows the range of cosine similarity between the original and the paraphrased sentences.</figDesc></figure>
			<note xmlns="http://www.tei-c.org/ns/1.0" place="foot" n="1" xml:id="foot_0"> www.hamtajoo.ir   </note>
			<note xmlns="http://www.tei-c.org/ns/1.0" place="foot" n="3" xml:id="foot_1">http://hamtajoo.ir/corpus</note>
		</body>
		<back>
			<div type="references">

				<listBibl>

<biblStruct xml:id="b0">
	<analytic>
		<title level="a" type="main">Algorithms and corpora for persian plagiarism detection -overview of PAN at FIRE</title>
		<author>
			<persName><forename type="first">H</forename><surname>Bibliographical References Asghari</surname></persName>
		</author>
		<author>
			<persName><forename type="first">S</forename><surname>Mohtaj</surname></persName>
		</author>
		<author>
			<persName><forename type="first">O</forename><surname>Fatemi</surname></persName>
		</author>
		<author>
			<persName><forename type="first">H</forename><surname>Faili</surname></persName>
		</author>
		<author>
			<persName><forename type="first">P</forename><surname>Rosso</surname></persName>
		</author>
		<author>
			<persName><forename type="first">M</forename><surname>Potthast</surname></persName>
		</author>
	</analytic>
	<monogr>
		<title level="m">Text Processing -FIRE 2016 International Workshop</title>
		<title level="s">Lecture Notes in Computer Science</title>
		<editor>
			<persName><forename type="first">Prasenjit</forename><surname>Majumder</surname></persName>
		</editor>
		<meeting><address><addrLine>Kolkata, India</addrLine></address></meeting>
		<imprint>
			<publisher>Springer</publisher>
			<date type="published" when="2016-12-07">2016. 2016. December 7-10, 2016</date>
			<biblScope unit="volume">10478</biblScope>
			<biblScope unit="page" from="61" to="79" />
		</imprint>
	</monogr>
	<note type="raw_reference">Bibliographical References Asghari, H., Mohtaj, S., Fatemi, O., Faili, H., Rosso, P., and Potthast, M. (2016). Algorithms and corpora for persian plagiarism detection -overview of PAN at FIRE 2016. In Prasenjit Majumder, et al., editors, Text Processing -FIRE 2016 International Work- shop, Kolkata, India, December 7-10, 2016, Revised Selected Papers, volume 10478 of Lecture Notes in Computer Science, pages 61-79. Springer.</note>
</biblStruct>

<biblStruct xml:id="b1">
	<analytic>
		<title level="a" type="main">A crowdsourcing approach to construct mono-lingual plagiarism detection corpus</title>
		<author>
			<persName><forename type="first">H</forename><surname>Asghari</surname></persName>
		</author>
		<author>
			<persName><forename type="first">O</forename><surname>Fatemi</surname></persName>
		</author>
		<author>
			<persName><forename type="first">S</forename><surname>Mohtaj</surname></persName>
		</author>
		<author>
			<persName><forename type="first">H</forename><surname>Faili</surname></persName>
		</author>
	</analytic>
	<monogr>
		<title level="j">Int. J. Digit. Libr</title>
		<imprint>
			<biblScope unit="volume">22</biblScope>
			<biblScope unit="issue">1</biblScope>
			<biblScope unit="page" from="49" to="61" />
			<date type="published" when="2021">2021</date>
		</imprint>
	</monogr>
	<note type="raw_reference">Asghari, H., Fatemi, O., Mohtaj, S., and Faili, H. (2021). A crowdsourcing approach to construct mono-lingual plagiarism detection corpus. Int. J. Digit. Libr., 22(1):49-61.</note>
</biblStruct>

<biblStruct xml:id="b2">
	<monogr>
		<author>
			<persName><forename type="first">T</forename><forename type="middle">S</forename><surname>Ataei</surname></persName>
		</author>
		<author>
			<persName><forename type="first">K</forename><surname>Darvishi</surname></persName>
		</author>
		<author>
			<persName><forename type="first">S</forename><surname>Javdan</surname></persName>
		</author>
		<author>
			<persName><forename type="first">B</forename><surname>Minaei-Bidgoli</surname></persName>
		</author>
		<author>
			<persName><forename type="first">S</forename><surname>Eetemadi</surname></persName>
		</author>
		<idno type="arXiv">arXiv:1908.01815</idno>
		<title level="m">Pars-absa: an aspectbased sentiment analysis dataset for persian</title>
				<imprint>
			<date type="published" when="2019">2019</date>
		</imprint>
	</monogr>
	<note type="report_type">arXiv preprint</note>
	<note type="raw_reference">Ataei, T. S., Darvishi, K., Javdan, S., Minaei-Bidgoli, B., and Eetemadi, S. (2019). Pars-absa: an aspect- based sentiment analysis dataset for persian. arXiv preprint arXiv:1908.01815.</note>
</biblStruct>

<biblStruct xml:id="b3">
	<analytic>
		<title level="a" type="main">BERT: pre-training of deep bidirectional transformers for language understanding</title>
		<author>
			<persName><forename type="first">J</forename><surname>Devlin</surname></persName>
		</author>
		<author>
			<persName><forename type="first">M</forename><surname>Chang</surname></persName>
		</author>
		<author>
			<persName><forename type="first">K</forename><surname>Lee</surname></persName>
		</author>
		<author>
			<persName><forename type="first">K</forename><surname>Toutanova</surname></persName>
		</author>
	</analytic>
	<monogr>
		<title level="m">Proceedings of the 2019 Conference of the North American Chapter of the Association for Computational Linguistics: Human Language Technologies, NAACL-HLT 2019</title>
		<title level="s">Long and Short Papers</title>
		<editor>
			<persName><forename type="first">Jill</forename><surname>Burstein</surname></persName>
		</editor>
		<meeting>the 2019 Conference of the North American Chapter of the Association for Computational Linguistics: Human Language Technologies, NAACL-HLT 2019<address><addrLine>Minneapolis, MN, USA</addrLine></address></meeting>
		<imprint>
			<publisher>Association for Computational Linguistics</publisher>
			<date type="published" when="2019-06-02">2019. June 2-7, 2019</date>
			<biblScope unit="volume">1</biblScope>
			<biblScope unit="page" from="4171" to="4186" />
		</imprint>
	</monogr>
	<note type="raw_reference">Devlin, J., Chang, M., Lee, K., and Toutanova, K. (2019). BERT: pre-training of deep bidirectional transformers for language understanding. In Jill Burstein, et al., editors, Proceedings of the 2019 Conference of the North American Chapter of the Association for Computational Linguistics: Human Language Technologies, NAACL-HLT 2019, Min- neapolis, MN, USA, June 2-7, 2019, Volume 1 (Long and Short Papers), pages 4171-4186. Association for Computational Linguistics.</note>
</biblStruct>

<biblStruct xml:id="b4">
	<analytic>
		<title level="a" type="main">Cognitive biases in crowdsourcing</title>
		<author>
			<persName><forename type="first">C</forename><surname>Eickhoff</surname></persName>
		</author>
	</analytic>
	<monogr>
		<title level="m">Proceedings of the Eleventh ACM International Conference on Web Search and Data Mining, WSDM 2018</title>
				<editor>
			<persName><forename type="first">Yi</forename><surname>Chang</surname></persName>
		</editor>
		<meeting>the Eleventh ACM International Conference on Web Search and Data Mining, WSDM 2018<address><addrLine>Marina Del Rey, CA, USA</addrLine></address></meeting>
		<imprint>
			<publisher>ACM</publisher>
			<date type="published" when="2018-02-05">2018. February 5-9. 2018</date>
			<biblScope unit="page" from="162" to="170" />
		</imprint>
	</monogr>
	<note type="raw_reference">Eickhoff, C. (2018). Cognitive biases in crowdsourc- ing. In Yi Chang, et al., editors, Proceedings of the Eleventh ACM International Conference on Web Search and Data Mining, WSDM 2018, Marina Del Rey, CA, USA, February 5-9, 2018, pages 162-170. ACM.</note>
</biblStruct>

<biblStruct xml:id="b5">
	<analytic>
		<title level="a" type="main">Parsbert: Transformer-based model for persian language understanding</title>
		<author>
			<persName><forename type="first">M</forename><surname>Farahani</surname></persName>
		</author>
		<author>
			<persName><forename type="first">M</forename><surname>Gharachorloo</surname></persName>
		</author>
		<author>
			<persName><forename type="first">M</forename><surname>Farahani</surname></persName>
		</author>
		<author>
			<persName><forename type="first">M</forename><surname>Manthouri</surname></persName>
		</author>
	</analytic>
	<monogr>
		<title level="j">Neural Process. Lett</title>
		<imprint>
			<biblScope unit="volume">53</biblScope>
			<biblScope unit="issue">6</biblScope>
			<biblScope unit="page" from="3831" to="3847" />
			<date type="published" when="2021">2021</date>
		</imprint>
	</monogr>
	<note type="raw_reference">Farahani, M., Gharachorloo, M., Farahani, M., and Manthouri, M. (2021). Parsbert: Transformer-based model for persian language understanding. Neural Process. Lett., 53(6):3831-3847.</note>
</biblStruct>

<biblStruct xml:id="b6">
	<analytic>
		<title level="a" type="main">Computer processing of arabic script-based languages: current state and future directions</title>
		<author>
			<persName><forename type="first">A</forename><surname>Farghaly</surname></persName>
		</author>
	</analytic>
	<monogr>
		<title level="m">Proceedings of the workshop on computational approaches to Arabic script-based languages</title>
				<meeting>the workshop on computational approaches to Arabic script-based languages</meeting>
		<imprint>
			<publisher>Association for Computational Linguistics</publisher>
			<date type="published" when="2004">2004</date>
			<biblScope unit="page" from="1" to="1" />
		</imprint>
	</monogr>
	<note type="raw_reference">Farghaly, A. (2004). Computer processing of arabic script-based languages: current state and future di- rections. In Proceedings of the workshop on com- putational approaches to Arabic script-based lan- guages, pages 1-1. Association for Computational Linguistics.</note>
</biblStruct>

<biblStruct xml:id="b7">
	<analytic>
		<title level="a" type="main">Machine learning models for paraphrase identification and its applications on plagiarism detection</title>
		<author>
			<persName><forename type="first">E</forename><surname>Hunt</surname></persName>
		</author>
		<author>
			<persName><forename type="first">B</forename><surname>Dahal</surname></persName>
		</author>
		<author>
			<persName><forename type="first">J</forename><surname>Zhan</surname></persName>
		</author>
		<author>
			<persName><forename type="first">L</forename><surname>Gewali</surname></persName>
		</author>
		<author>
			<persName><forename type="first">P</forename><forename type="middle">Y</forename><surname>Oh</surname></persName>
		</author>
		<author>
			<persName><forename type="first">R</forename><surname>Janamsetty</surname></persName>
		</author>
		<author>
			<persName><forename type="first">C</forename><surname>Kinares</surname></persName>
		</author>
		<author>
			<persName><forename type="first">C</forename><surname>Koh</surname></persName>
		</author>
		<author>
			<persName><forename type="first">A</forename><surname>Sanchez</surname></persName>
		</author>
		<author>
			<persName><forename type="first">F</forename><surname>Zhan</surname></persName>
		</author>
		<author>
			<persName><forename type="first">M</forename><surname>Özdemir</surname></persName>
		</author>
		<author>
			<persName><forename type="first">S</forename><surname>Waseem</surname></persName>
		</author>
		<author>
			<persName><forename type="first">O</forename><surname>Yolcu</surname></persName>
		</author>
	</analytic>
	<monogr>
		<title level="m">2019 IEEE International Conference on Big Knowledge, ICBK 2019</title>
				<editor>
			<persName><forename type="first">Yunjun</forename><surname>Gao</surname></persName>
		</editor>
		<meeting><address><addrLine>Beijing, China</addrLine></address></meeting>
		<imprint>
			<publisher>IEEE</publisher>
			<date type="published" when="2019-11-10">2019. November 10-11, 2019</date>
			<biblScope unit="page" from="97" to="104" />
		</imprint>
	</monogr>
	<note type="raw_reference">Hunt, E., Dahal, B., Zhan, J., Gewali, L., Oh, P. Y., Janamsetty, R., Kinares, C., Koh, C., Sanchez, A., Zhan, F., Özdemir, M., Waseem, S., and Yolcu, O. (2019). Machine learning models for paraphrase identification and its applications on plagiarism de- tection. In Yunjun Gao, et al., editors, 2019 IEEE International Conference on Big Knowledge, ICBK 2019, Beijing, China, November 10-11, 2019, pages 97-104. IEEE.</note>
</biblStruct>

<biblStruct xml:id="b8">
	<analytic>
		<title level="a" type="main">Developing monolingual persian corpus for extrinsic plagiarism detection using artificial obfuscation: Notebook for PAN at CLEF</title>
		<author>
			<persName><forename type="first">K</forename><surname>Khoshnavataher</surname></persName>
		</author>
		<author>
			<persName><forename type="first">V</forename><surname>Zarrabi</surname></persName>
		</author>
		<author>
			<persName><forename type="first">S</forename><surname>Mohtaj</surname></persName>
		</author>
		<author>
			<persName><forename type="first">H</forename><surname>Asghari</surname></persName>
		</author>
	</analytic>
	<monogr>
		<title level="m">Working Notes of CLEF 2015 -Conference and Labs of the Evaluation forum</title>
		<title level="s">1391 of CEUR Workshop Proceedings. CEUR-WS.org</title>
		<editor>
			<persName><forename type="first">Linda</forename><surname>Cappellato</surname></persName>
		</editor>
		<meeting><address><addrLine>Toulouse, France</addrLine></address></meeting>
		<imprint>
			<date type="published" when="2015-09-08">2015. 2015. September 8-11, 2015</date>
		</imprint>
	</monogr>
	<note type="raw_reference">Khoshnavataher, K., Zarrabi, V., Mohtaj, S., and As- ghari, H. (2015). Developing monolingual persian corpus for extrinsic plagiarism detection using artifi- cial obfuscation: Notebook for PAN at CLEF 2015. In Linda Cappellato, et al., editors, Working Notes of CLEF 2015 -Conference and Labs of the Evaluation forum, Toulouse, France, September 8-11, 2015, vol- ume 1391 of CEUR Workshop Proceedings. CEUR- WS.org.</note>
</biblStruct>

<biblStruct xml:id="b9">
	<analytic>
		<title level="a" type="main">Semantic similarity analysis for paraphrase identification in arabic texts</title>
		<author>
			<persName><forename type="first">A</forename><surname>Mahmoud</surname></persName>
		</author>
		<author>
			<persName><forename type="first">M</forename><surname>Zrigui</surname></persName>
		</author>
	</analytic>
	<monogr>
		<title level="m">Proceedings of the 31st Pacific Asia Conference on Language, Information and Computation, PACLIC 2018</title>
				<editor>
			<persName><forename type="first">Rachel</forename><surname>Edita</surname></persName>
		</editor>
		<editor>
			<persName><forename type="first">Roxas</forename></persName>
		</editor>
		<meeting>the 31st Pacific Asia Conference on Language, Information and Computation, PACLIC 2018<address><addrLine>Cebu City, Philippines</addrLine></address></meeting>
		<imprint>
			<date type="published" when="2017-11-16">2017. November 16-18, 2017</date>
			<biblScope unit="page" from="274" to="281" />
		</imprint>
		<respStmt>
			<orgName>The National University (Phillippines)</orgName>
		</respStmt>
	</monogr>
	<note type="raw_reference">Mahmoud, A. and Zrigui, M. (2017). Semantic simi- larity analysis for paraphrase identification in arabic texts. In Rachel Edita Roxas, editor, Proceedings of the 31st Pacific Asia Conference on Language, Infor- mation and Computation, PACLIC 2018, Cebu City, Philippines, November 16-18, 2017, pages 274-281. The National University (Phillippines).</note>
</biblStruct>

<biblStruct xml:id="b10">
	<analytic>
		<title level="a" type="main">A text alignment corpus for persian plagiarism detection</title>
		<author>
			<persName><forename type="first">F</forename><surname>Mashhadirajab</surname></persName>
		</author>
		<author>
			<persName><forename type="first">M</forename><surname>Shamsfard</surname></persName>
		</author>
		<author>
			<persName><forename type="first">R</forename><surname>Adelkhah</surname></persName>
		</author>
		<author>
			<persName><forename type="first">F</forename><surname>Shafiee</surname></persName>
		</author>
		<author>
			<persName><forename type="first">C</forename><surname>Saedi</surname></persName>
		</author>
		<ptr target="CEUR-WS.org" />
	</analytic>
	<monogr>
		<title level="m">Working notes of FIRE 2016 -Forum for Information Retrieval Evaluation</title>
				<editor>
			<persName><forename type="first">Prasenjit</forename><surname>Majumder</surname></persName>
		</editor>
		<meeting><address><addrLine>Kolkata, India</addrLine></address></meeting>
		<imprint>
			<date type="published" when="2016-12-07">2016. December 7-10, 2016</date>
			<biblScope unit="volume">1737</biblScope>
			<biblScope unit="page" from="184" to="189" />
		</imprint>
	</monogr>
	<note>CEUR Workshop Proceedings</note>
	<note type="raw_reference">Mashhadirajab, F., Shamsfard, M., Adelkhah, R., Shafiee, F., and Saedi, C. (2016). A text alignment corpus for persian plagiarism detection. In Prasen- jit Majumder, et al., editors, Working notes of FIRE 2016 -Forum for Information Retrieval Evaluation, Kolkata, India, December 7-10, 2016, volume 1737 of CEUR Workshop Proceedings, pages 184-189. CEUR-WS.org.</note>
</biblStruct>

<biblStruct xml:id="b11">
	<analytic>
		<title level="a" type="main">Parsivar: A language processing toolkit for persian</title>
		<author>
			<persName><forename type="first">S</forename><surname>Mohtaj</surname></persName>
		</author>
		<author>
			<persName><forename type="first">B</forename><surname>Roshanfekr</surname></persName>
		</author>
		<author>
			<persName><forename type="first">A</forename><surname>Zafarian</surname></persName>
		</author>
		<author>
			<persName><forename type="first">H</forename><surname>Asghari</surname></persName>
		</author>
	</analytic>
	<monogr>
		<title level="m">Proceedings of the Eleventh International Conference on Language Resources and Evaluation, LREC 2018</title>
				<editor>
			<persName><surname>Nicoletta Calzolari</surname></persName>
		</editor>
		<meeting>the Eleventh International Conference on Language Resources and Evaluation, LREC 2018<address><addrLine>Miyazaki, Japan</addrLine></address></meeting>
		<imprint>
			<date type="published" when="2018-05-07">2018. May 7-12. 2018</date>
		</imprint>
	</monogr>
	<note>European Language Resources Association (ELRA</note>
	<note type="raw_reference">Mohtaj, S., Roshanfekr, B., Zafarian, A., and Asghari, H. (2018). Parsivar: A language processing toolkit for persian. In Nicoletta Calzolari, et al., editors, Proceedings of the Eleventh International Confer- ence on Language Resources and Evaluation, LREC 2018, Miyazaki, Japan, May 7-12, 2018. European Language Resources Association (ELRA).</note>
</biblStruct>

<biblStruct xml:id="b12">
	<analytic>
		<title level="a" type="main">An evaluation framework for plagiarism detection</title>
		<author>
			<persName><forename type="first">M</forename><surname>Potthast</surname></persName>
		</author>
		<author>
			<persName><forename type="first">B</forename><surname>Stein</surname></persName>
		</author>
		<author>
			<persName><forename type="first">A</forename><surname>Barrón-Cedeño</surname></persName>
		</author>
		<author>
			<persName><forename type="first">P</forename><surname>Rosso</surname></persName>
		</author>
	</analytic>
	<monogr>
		<title level="m">COL-ING 2010, 23rd International Conference on Computational Linguistics, Posters Volume</title>
				<editor>
			<persName><forename type="first">Chu-Ren</forename><surname>Huang</surname></persName>
		</editor>
		<meeting><address><addrLine>Beijing, China</addrLine></address></meeting>
		<imprint>
			<publisher>Chinese Information Processing Society of China</publisher>
			<date type="published" when="2010-08">2010. August 2010</date>
			<biblScope unit="page" from="997" to="1005" />
		</imprint>
	</monogr>
	<note type="raw_reference">Potthast, M., Stein, B., Barrón-Cedeño, A., and Rosso, P. (2010). An evaluation framework for plagiarism detection. In Chu-Ren Huang et al., editors, COL- ING 2010, 23rd International Conference on Com- putational Linguistics, Posters Volume, 23-27 August 2010, Beijing, China, pages 997-1005. Chinese In- formation Processing Society of China.</note>
</biblStruct>

<biblStruct xml:id="b13">
	<analytic>
		<title level="a" type="main">Are neural language models good plagiarists? A benchmark for neural paraphrase detection</title>
		<author>
			<persName><forename type="first">J</forename><forename type="middle">P</forename><surname>Wahle</surname></persName>
		</author>
		<author>
			<persName><forename type="first">T</forename><surname>Ruas</surname></persName>
		</author>
		<author>
			<persName><forename type="first">N</forename><surname>Meuschke</surname></persName>
		</author>
		<author>
			<persName><forename type="first">B</forename><surname>Gipp</surname></persName>
		</author>
	</analytic>
	<monogr>
		<title level="m">ACM/IEEE Joint Conference on Digital Libraries, JCDL 2021</title>
				<editor>
			<persName><forename type="first">J</forename><surname>Stephen Downie</surname></persName>
		</editor>
		<meeting><address><addrLine>Champaign, IL, USA</addrLine></address></meeting>
		<imprint>
			<publisher>IEEE</publisher>
			<date type="published" when="2021-09-27">2021. September 27-30, 2021</date>
			<biblScope unit="page" from="226" to="229" />
		</imprint>
	</monogr>
	<note type="raw_reference">Wahle, J. P., Ruas, T., Meuschke, N., and Gipp, B. (2021). Are neural language models good plagia- rists? A benchmark for neural paraphrase detection. In J. Stephen Downie, et al., editors, ACM/IEEE Joint Conference on Digital Libraries, JCDL 2021, Champaign, IL, USA, September 27-30, 2021, pages 226-229. IEEE.</note>
</biblStruct>

<biblStruct xml:id="b14">
	<analytic>
		<title level="a" type="main">Structbert: Incorporating language structures into pre-training for deep language understanding</title>
		<author>
			<persName><forename type="first">W</forename><surname>Wang</surname></persName>
		</author>
		<author>
			<persName><forename type="first">B</forename><surname>Bi</surname></persName>
		</author>
		<author>
			<persName><forename type="first">M</forename><surname>Yan</surname></persName>
		</author>
		<author>
			<persName><forename type="first">C</forename><surname>Wu</surname></persName>
		</author>
		<author>
			<persName><forename type="first">J</forename><surname>Xia</surname></persName>
		</author>
		<author>
			<persName><forename type="first">Z</forename><surname>Bao</surname></persName>
		</author>
		<author>
			<persName><forename type="first">L</forename><surname>Peng</surname></persName>
		</author>
		<author>
			<persName><forename type="first">L</forename><surname>Si</surname></persName>
		</author>
	</analytic>
	<monogr>
		<title level="m">8th International Conference on Learning Representations</title>
				<meeting><address><addrLine>Addis Ababa, Ethiopia</addrLine></address></meeting>
		<imprint>
			<date type="published" when="2020-04-26">2020. April 26-30, 2020</date>
			<biblScope unit="volume">2020</biblScope>
		</imprint>
	</monogr>
	<note>OpenReview.net</note>
	<note type="raw_reference">Wang, W., Bi, B., Yan, M., Wu, C., Xia, J., Bao, Z., Peng, L., and Si, L. (2020). Structbert: Incorpo- rating language structures into pre-training for deep language understanding. In 8th International Con- ference on Learning Representations, ICLR 2020, Addis Ababa, Ethiopia, April 26-30, 2020. OpenRe- view.net.</note>
</biblStruct>

<biblStruct xml:id="b15">
	<monogr>
		<title level="m" type="main">Hamtajoo: A persian plagiarism checker for academic manuscripts</title>
		<author>
			<persName><forename type="first">V</forename><surname>Zarrabi</surname></persName>
		</author>
		<author>
			<persName><forename type="first">S</forename><surname>Mohtaj</surname></persName>
		</author>
		<author>
			<persName><forename type="first">H</forename><surname>Asghari</surname></persName>
		</author>
		<idno>CoRR, abs/2112.13742</idno>
		<imprint>
			<date type="published" when="2021">2021</date>
		</imprint>
	</monogr>
	<note type="raw_reference">Zarrabi, V., Mohtaj, S., and Asghari, H. (2021). Ham- tajoo: A persian plagiarism checker for academic manuscripts. CoRR, abs/2112.13742.</note>
</biblStruct>

				</listBibl>
			</div>
		</back>
	</text>
</TEI>
