<?xml version="1.0" encoding="UTF-8"?>
<TEI xml:space="preserve" xmlns="http://www.tei-c.org/ns/1.0" 
xmlns:xsi="http://www.w3.org/2001/XMLSchema-instance" 
xsi:schemaLocation="http://www.tei-c.org/ns/1.0 https://raw.githubusercontent.com/kermitt2/grobid/master/grobid-home/schemas/xsd/Grobid.xsd"
 xmlns:xlink="http://www.w3.org/1999/xlink">
	<teiHeader xml:lang="en">
		<fileDesc>
			<titleStmt>
				<title level="a" type="main">Jointly Identifying and Fixing Inconsistent Readings from Information Extraction Systems</title>
			</titleStmt>
			<publicationStmt>
				<publisher/>
				<availability status="unknown"><licence/></availability>
			</publicationStmt>
			<sourceDesc>
				<biblStruct>
					<analytic>
						<author>
							<persName><forename type="first">Ankur</forename><surname>Padia</surname></persName>
						</author>
						<author>
							<persName><forename type="first">Francis</forename><surname>Ferraro</surname></persName>
							<email>ferraro@umbc.edu</email>
						</author>
						<author>
							<persName><forename type="first">Tim</forename><surname>Finin</surname></persName>
							<email>finin@umbc.edu</email>
						</author>
						<author>
							<affiliation key="aff0">
								<orgName type="institution" key="instit1">University of Maryland</orgName>
								<orgName type="institution" key="instit2">Baltimore County Baltimore</orgName>
								<address>
									<postCode>21250</postCode>
									<region>MD</region>
									<country key="US">USA</country>
								</address>
							</affiliation>
						</author>
						<author>
							<affiliation key="aff1">
								<orgName type="institution" key="instit1">University of Maryland</orgName>
								<orgName type="institution" key="instit2">Baltimore County and before joining Philips Research North America</orgName>
							</affiliation>
						</author>
						<title level="a" type="main">Jointly Identifying and Fixing Inconsistent Readings from Information Extraction Systems</title>
					</analytic>
					<monogr>
						<imprint>
							<date/>
						</imprint>
					</monogr>
					<idno type="MD5">511DFAFBF875C38AA366BE7E6C4A24CF</idno>
				</biblStruct>
			</sourceDesc>
		</fileDesc>
		<encodingDesc>
			<appInfo>
				<application version="0.7.3-SNAPSHOT" ident="GROBID" when="2023-01-12T08:47+0000">
					<desc>GROBID - A machine learning software for extracting information from scholarly documents</desc>
					<ref target="https://github.com/kermitt2/grobid"/>
				</application>
			</appInfo>
		</encodingDesc>
		<profileDesc>
			<abstract>
<div xmlns="http://www.tei-c.org/ns/1.0"><p>Information extraction systems analyze text to produce entities and beliefs, but their output often has errors. In this paper we analyze the reading consistency of the extracted facts with respect to the text from which they were derived and show how to detect and correct errors. We consider both the scenario when the provenance text is automatically found by an IE system and when it is curated by humans. We contrast consistency with credibility; define and explore consistency and repair tasks; and demonstrate a simple, yet effective and generalizable, model. We analyze these tasks and evaluate this approach on three datasets. Against a strong baseline model, we consistently improve both consistency and repair across three datasets using a simple MLP model with attention and lexical features.</p></div>
			</abstract>
		</profileDesc>
	</teiHeader>
	<text xml:lang="en">
		<body>
<div xmlns="http://www.tei-c.org/ns/1.0"><head n="1">Introduction</head><p>Information Extraction (IE) systems read text to extract entities, and relations and create beliefs represented in a knowledge graph. Current systems though are far from perfect: e.g., in the 2017 Text Analysis Conference (TAC) Knowledge Base Population task, participants created knowledge graphs with relations like cause of death and city of headquarters from news corpora <ref type="bibr">(Dang, 2017)</ref>. When manually evaluated, no system had achieved an F1 score above 0.3 <ref type="bibr" target="#b16">(Rajput, 2017)</ref>.</p><p>One reason for such low scores is inconsistency between the text and the extracted beliefs. We consider a belief to be consistent if the text from which it was extracted linguistically supports it (regardless of any logical or real-world factual truth). We show the difference between consistent and inconsistent readings, along with a potential correction, in Fig. <ref type="figure">1</ref>. In Fig. <ref type="figure">1a</ref>, the system considered Harry Reid was charged with an assault, which is not Belief learned by IE system: per:charges(Harry Reid, assault) Provenance identified by IE system:</p><p>Nevada's Harry Reid switches longtime stance to support assault weapon ban Analysis output:</p><p>Is reading consistent: Inconsistent Suggested relation: no repair (a) An inconsistent reading with no correction.</p><p>Belief learned by IE system: per:cause_of_death(Edward Hardman, Typhoid fever) Provenance identified by IE system:</p><p>The Western Australian government agreed to offer the Government Geologist post to Hardman shortly before news of his death reached them . Early in April , he contracted typhoid fever , and died a few days later in a Dublin hospital on 6 April Analysis output:</p><p>Is reading consistent: Consistent Suggested relation: per:cause_of_death (b) A consistent reading not requiring a correction. Notice the relation is unchanged.</p><p>Figure <ref type="figure">1</ref>: Examples of beliefs extracted from real IE systems on the TAC 2015 English news corpus, demonstrating the consistency and repair tasks. Multiple sentences can contribute to a belief (1b).</p><p>We study two problems: (i) whether an extracted belief is consistent with its text (called consistency), and (ii) correcting it if not (called repair). We believe we are the first to study these problems jointly. We model these problems jointly, arguing that addressing both of these is important and can benefit one another. Our use of consistency here refers to a language-based sense that text supports the belief even if its contradicts world knowledge.</p><p>We are concerned with methods that can be standalone-that is, reliant on neither a precise schema <ref type="bibr" target="#b12">(Ojha and Talukdar, 2017)</ref> nor an ensemble of IE systems, e.g., <ref type="bibr" target="#b25">Yu et al. (2014)</ref>; <ref type="bibr">Viswanathan et al. (2015)</ref>. Previous work on determining the consistency of an IE extraction was not standalone. We want a standalone approach because the results from non-standalone approaches cannot be applied when only the beliefs and associated provenance text is available without the IE ensemble systems and schema. (For this study we consider English beliefs and provenance sentences.) Parallel to the broad IE domain, schema-free and standalone systems have been developed to verify the credibility of news claims <ref type="bibr" target="#b14">(Popat et al., 2018;</ref><ref type="bibr" target="#b18">Riedel et al., 2017a;</ref><ref type="bibr" target="#b17">Rashkin et al., 2017</ref>), but we are not aware of a study of their performance on IE system tasks. We incorporate these credibility systems into our study in order to determine their applicability for our tasks. We make the following contributions.</p><p>A study of real IE inconsistencies. We catalog and examine the understudied aspect of languagebased consistency ( §3).</p><p>A novel framework. To our knowledge we are the first to study and propose a framework for joint consistency and repair ( §4).</p></div>
<div xmlns="http://www.tei-c.org/ns/1.0"><head>Analysis of techniques.</head><p>We show the effectiveness of straightforward techniques compared to more complicated approaches ( §5).</p><p>Study of different provenance settings. We consider and contrast cases where provenance sentences are retrieved by an IE system (as in TAC) vs. where they are curated by humans (as in <ref type="bibr">Zhang et al. (2017, TACRED)</ref>).</p><p>2 Task Setup</p></div>
<div xmlns="http://www.tei-c.org/ns/1.0"><head n="2.1">Consistency and Repair</head><p>We say the belief was consistently read if the text lexically supports the belief. While this can be viewed as a lexical entailment, it is not a logical, causal, or broader inferential/knowledge entailment. For example the belief &lt;Barack Obama,per:president_of,Kenya&gt; is consistent with a provenance sentence "Barack Obama, president of Kenya, visited the U.S. for talks" even though the sentence falsely claims that Obama is president of Kenya. . The belief is considered repaired if the relation extracted by the IE system was not supported by the text, but when replaced by another relation that is supported by the text.</p></div>
<div xmlns="http://www.tei-c.org/ns/1.0"><head n="2.2">Datasets</head><p>We use three datasets: TAC 2015, TAC 2017, and a novel dataset we call TACRED-KG. All datasets use actual output from real IE systems. Each dataset is split into train/dev/test splits: in Table <ref type="table" target="#tab_2">2</ref> (in the appendix) we show the size of each split, in terms of the number of provenance-backed beliefs.</p><p>TAC 2015 and 2017. These include the output of 70+ IE systems, from the TAC 2015 and TAC 2017 shared tasks, with belief triples supported by up to four provenance sentences. Each belief was evaluated by an LDC expert <ref type="bibr" target="#b2">(Ellis, 2015a)</ref>. We used these LDC judgments as the consistency labels for our experiments. For TAC 2015, 27% of the 34k beliefs are judged consistent; for TAC 2017, 36% of the 57k beliefs are judged consistent.</p><p>These TAC datasets do not, however, contain information on possible corrections when the belief is inconsistent. To overcome this limitation, we used negative sampling on the consistent beliefs with their provenance to create an inconsistent pair. We first selected an entity and then identified a set of relations that apply to the entity. We randomly chose one of the relations with uniform probability and shuffled it with another relation, keeping the provenance the same. For example, given two consistent beliefs Barack_Obama,president_of,US, and Barack_Obama,school_attended,Harvard, we swap president_of with school_attended, keeping the provenance unchanged. This yields inconsistent beliefs associated with corresponding provenance and the correct labels.</p><p>TACRED-KG. The TACRED-KG dataset is a novel adaptation from the existing TACRED <ref type="bibr" target="#b26">(Zhang et al., 2017)</ref>   <ref type="bibr" target="#b26">(Zhang et al., 2017)</ref> system on the TACRED data to produce 5-tuples (subject, object, provenance sentence, correct relation, predicted relation). From these we created a provenance-backed KG dataset, TACRED-KG, as (subject, predicted relation, object, provenance sentence). In TACRED-KG, we treat the gold standard relation as the repair label. We consider beliefs consistent when the predicted and gold standard relations are the same. 3 What Errors Do IE Systems Make?</p><p>We begin with an analysis of errors in the beliefs from actual IE systems. This analysis is enlightening, as each system used different approaches and types of resources to extract potential facts. We sampled 600 beliefs and their provenance text each from the training portions of three different knowledge graph datasets: TAC 2015, TAC 2017, and TACRED-KG. As described in §2.2, they all contain provenance-backed beliefs that were extracted from actual IE systems (but ones which are generally not available for subsequent downstream examination). All of the beliefs are represented as a relation between two arguments. The authors manually assessed these according to available and published guidelines <ref type="bibr">(Ellis, 2015a,b;</ref><ref type="bibr">Dang, 2017)</ref> to understand the kinds of errors made by the IE systems. We identified four types of errors: the subject (first argument) not present in the provenance text; the object (second argument) not present in the provenance; an insufficiently supported relation between two present arguments; and relations that run afoul of formatting requirements, e.g., misformed dates. We show examples of these in Table <ref type="table" target="#tab_1">1</ref>.</p><p>Our analysis, summarized in Fig. <ref type="figure" target="#fig_0">2</ref>, found that the most frequent error type is an incorrect relation, followed by missing subject, missing object and (at a trace level) formatting errors. Though it varied based on dataset, approximately two-thirds of the sampled belief-provenance pairs had errors. The prevalence of incorrect relations motivates the importance of the relation repair task. It should be noted that while TAC 2015 and 2017 have a number of instances of missing subjects and objects, this is not the case for TACRED-KG. This illustrates a fundamental difference in selecting provenance information manually vs. automatically, and one that we observe to be experimentally important ( §5.3), between TAC 2015/2017 and TACRED-KG.</p></div>
<div xmlns="http://www.tei-c.org/ns/1.0"><head n="4">Approach</head><p>Our approach computes both the consistency of a belief b i and a "repaired" belief with respect to a given set of provenance sentences. We represent b i as a triple ⟨subject i , predicate i , object i ⟩ and the set of provenance sentences as S i,1 , S i,2 , ...S i,n . The system outputs two discrete predictions: (1) a binary one indicating whether the belief is consistent with the sentences, and (2) a categorical one sug-Figure <ref type="figure">3</ref>: Given a belief and a set of n provenance sentences, our framework determines its consistency and suggests a repair when if is deemed inconsistent. Our approach has three main modules: representation (4.1), combination (4.2), and feature learning and classification (4.3). gesting a repair. Fig. <ref type="figure">3</ref> illustrates our approach for representing and combining the beliefs and provenance sentences to jointly learn the two tasks.</p><p>Our approach has three main steps: embedding a belief and its provenance sentences in a vector space ( §4.1), combining/aggregating these representations ( §4.2), and using the result for additional feature learning and classification ( §4.3). We describe our loss objective in §4.4. As we show, our framework can be thought of as generalizing high performing credibility models, such as DeClarE <ref type="bibr" target="#b14">(Popat et al., 2018)</ref> or <ref type="bibr">LSTM-text (Rashkin et al., 2017)</ref>.</p></div>
<div xmlns="http://www.tei-c.org/ns/1.0"><head n="4.1">Belief &amp; Provenance Representation</head><p>We process and tokenize a belief's arguments and relation. For example, the belief ⟨Barack_Obama, per : president_of, United_States⟩ yields a subject span ("Barack Obama"), a relation span ("president of"), and an object span ("United States"). We input processed text through an embedding function f belief to get a single embedding b for the belief. Here, f belief could be average of pretrained word embeddings, or final hidden state obtained from a sequence model (LSTM or Bi-LSTM) or the embedding from a transformer model (e.g., BERT <ref type="bibr" target="#b1">(Devlin et al., 2019)</ref>). As we discuss in §5.2, we experiment with all of these.</p><p>We represent the provenance sentences at two granularities. The first is by representing each sentence separately. We get a representation s i for each provenance sentence via an embedding function f evidence that embeds and combines them into a single vector. We define f evidence similarly to f belief .</p><p>The second level considers all sentences at the same time. We refer to this as blob-level processing (rather than paragraph-or document-level) since the provenance sentences may come from different documents and we cannot assume any syntactic continuity between sentences. We obtain a representation of the blob from f blob . In principle any method of distilling potentially disjoint text could be used here: we found TF-IDF to be effective, especially as multiple sentences of provenance selectively extracted from different sources could result in lengthy, but non-narratively coherent text (which can be problematic for transformer models).</p></div>
<div xmlns="http://www.tei-c.org/ns/1.0"><head n="4.2">Belief and Provenance Combination</head><p>Given the belief and provenance representations, we compute their similarity α i as the cosine of the angle between their embedded representations:</p><formula xml:id="formula_0">α i = b T i s i ||b i ||•||s i || .</formula><p>The intuition is that sentences that are more consistent with the belief will score higher than those which are less. Scoring is important, as each IE system may give multiple provenance sentences (e.g., TAC allowed four). The sentences can be correct and support the belief, or be poorly selected and unsupportive. Higher scores suggest the provenance is related to the belief and helps differentiate supportive from unsupportive provenance. We use the computed similarity scores to combine the provenance representations and take a weighted average as our final input, capturing the semantics of the belief and provenance, as x =<ref type="foot" target="#foot_0">1</ref> n i α i • s i . We pass the created representation x as the input to the feature learning module.</p><p>Though our computation of α i and x operate at the sentence-level, our approach can also be applied to individual word representations. For this word-level attention, we replace each sentence representation s i with a word representation w ij in our computation of α i and x. While we experimented with this word-level attention we found the model had trouble learning, frequently classifying beliefs nearly all as consistent, or inconsistent with "no repair." We note that a similarly effective word-level attention was provided in DeClarE.</p><p>We selected a similarity-based, rather than position-based, attention. Applying position-based attention, as <ref type="bibr" target="#b26">Zhang et al. (2017)</ref> did on the TA-CRED dataset, assumes that provenance sentences contain an explicit mention of the subject and object. In our setting that explicitly is not the case (recall the prevalence of missing arguments in our datasets, c.f. Fig. <ref type="figure" target="#fig_0">2</ref>). There is also an assumption that there is exactly one provenance sentence as opposed to TAC, where an IE system can select up to four provenance sentences without explicitly mentioning either the subject or object.</p></div>
<div xmlns="http://www.tei-c.org/ns/1.0"><head n="4.3">Feature Learning and Classification</head><p>Prior to classification we may learn a more targeted representation z by, e.g., passing the combined representation x into a multi-layer perception. If we do not, then the consistency and repair classifiers operate directly on z = x.</p><p>We noticed through development set experiments that while adding additional layers initially helped, using more than three layers marginally decreased performance. For a k-layer MLP we obtained the projections h (j) , for 1 ≤ j ≤ k, as: h (j) = g W (j) h (j−1) + b (j) . h (0) = x indicates the input, W (j) and b (j) are each layer's learned weights and biases (respectively), and g is the activation function. Through dev set experimentation we set g to be ReLU <ref type="bibr" target="#b6">(Glorot et al., 2011)</ref>. We found the MLP gave better performance ( §5) and that it was parametrically and computationally efficient. We note that the effectiveness of an MLP was also noted by the two top systems from the Fake News Challenge <ref type="bibr" target="#b8">(Hanselowski et al., 2018;</ref><ref type="bibr" target="#b19">Riedel et al., 2017b)</ref> for the verification task. On dev, we evaluated from one to five hidden layers and found the performance to be consistent after three layers, with the mean close the scores in Tables 3 and 4 and a maximum standard deviation across all the dataset and evaluation metrics to be less then one F1 point.</p><p>In addition to the learned features learned h (k) , we experiment with a lexically-based skip connection, where the input from the previous layer skips a few layers and is connected to a deeper one. We found this to be effective when making use of "blob" level features, computed via f blob . We further found computing f blob as the TF-IDF vector of all provenance text to be especially effective ( §5.5). When using this connection, we compute</p><formula xml:id="formula_1">z = h (k) , f blob (blob) . If this connection is not used, z = h (k) .</formula><p>Classification. We use the final representation z as input to the consistency (ŷ c = sigmoid (W c z + b c )) and repair classifiers (ŷ r = softmax (W r z + b r )). The parameters W c and W r have sizes 1 × (d tf-idf + d hidden ) and d relations × (d tf-idf + d hidden ), respectively. Here d tf-idf , d hidden , and d relations are the dimension of the TF-IDF vector, hidden vector and number of relations considered by the IE systems.</p></div>
<div xmlns="http://www.tei-c.org/ns/1.0"><head n="4.4">Joint Optimization</head><p>We train the parameters using back propagation of both losses, L consistency and L repair , jointly:</p><formula xml:id="formula_2">L = L consistency (y c , ŷc ) + L repair (y r , ŷr ) (1)</formula><p>Each subloss is a cross-entropy loss between the true (y c , y r ) and predicted (ŷ c , ŷr ) responses, weighted inversely proportional to the prevalence of the correct label. The tasks are not independent. In our formulation they share the same provenance and belief representations so learning both tasks jointly helps in learning these shared parameters. 1  While in this paper we present a joint loss objective, we note that we separately experimented with alternative, non-joint approaches to Eq. ( <ref type="formula">1</ref>). However, in development we found they performed worse than the joint approach. First we evaluated pipelined approaches, e.g., where the repair classifier also considered the output of the credibility model, but found its performance to be inferior to the joint approach. Second, we also tried using the repair output as input to the credibility classifier, and found that it resulted in high recall with poor precision, with inconsistent instances being classified as consistent. The shared abstract representation of belief and provenance used in our formulation presented above allows fine tuning for both subtasks. We also experimented on dev with other types of weighting, such as a uniform weighting. However, the inversely proportional weighting scheme we describe in the main paper is what performed best on dev experiments.</p><p>A Generalizing Framework. We note that we can represent DeClarE by defining the belief encoder f belief as averaging word embeddings, a provenance encoder f evidence to be a Bi-LSTM, combining these representations with word level attention, and passing them to a two layer MLP without lexical skip connections. To achieve this specialization, we can optimize either L consistency or L repair . Representing LSTM-text is similar. This shows that our framework encompasses prior work.</p></div>
<div xmlns="http://www.tei-c.org/ns/1.0"><head n="5">Experiments</head><p>We centered our study around four questions, answered throughout §5.3. (1) As our approach subsumes credibility models, can those credibility models also be used for the consistency and/or repair tasks ( §5.3.1)? (2) What features and representations are important for the consistency and repair tasks ( §5.3.2)? (3) How important is it to model the realized (sequential) order of words within the provenance sentences for our tasks ( §5.3.3)? (4) What are the differences between relation repair and extraction ( §5.3.4)?</p></div>
<div xmlns="http://www.tei-c.org/ns/1.0"><head n="5.1">Datasets and Hyperparameter Tuning</head><p>Table <ref type="table" target="#tab_2">2</ref> provides statistics on the train/dev/test splits. On dev, we tuned hyper-parameters over all the models and datasets, using learning rates from {10 −1 ,...,10 −5 } by powers of 10, dropout <ref type="bibr" target="#b20">(Srivastava et al., 2014)</ref> from {0.0, 0.2}, and L2 regularizing penalty values from {0.0, 0.1..., 0.0001} (powers of 10). We ran each model until convergence or for 20 epochs (whichever came first) with a batch size of 64.</p></div>
<div xmlns="http://www.tei-c.org/ns/1.0"><head n="5.2">Components</head><p>We evaluated the effect of each of the four major components mentioned below. We used Glove <ref type="bibr" target="#b13">(Pennington et al., 2014)</ref> as pre-trained word embeddings, except for BERT models, where we used the uncased base model <ref type="bibr" target="#b1">(Devlin et al., 2019)</ref>. Representations (Rep.): We evaluated three ways to represent beliefs and provenance text (compute f belief and f evidence ): Bag-of-Words (BoW) embedding which is the average of Glove embeddings, the final output from the LSTM and Bi-LSTM models, and the BERT representation output. While an average of embeddings may seem simple, this approach has empirically performed well on other tasks compared to more complicated models <ref type="bibr" target="#b9">(Iyyer et al., 2015)</ref>.</p><p>Combining belief &amp; provenance (Comb.): When beliefs and provenance are used, we considered similarity as sentence-level attention ("Yes (S)") as well as word-level attention ("Yes (W)").</p><p>Feature Learning (Feat.): In our primary experiments to do further feature learning we used a three layer multi-layer perceptron ("MLP") to do further feature learning. We indicate no further feature learning with a value of "None."</p><p>"Blob" Sparse Connection ("Sparse"): If used, we set f blob to compute either a TF-IDF or binarylexical vector based on the blob (concatenation of all sentences for a belief). This computed representation skips the feature learning component and is provided directly to the classifier.</p></div>
<div xmlns="http://www.tei-c.org/ns/1.0"><head n="5.3">Results</head><p>The overall test results across our three datasets are shown in Table <ref type="table" target="#tab_3">3</ref> for the consistency task and Table <ref type="table" target="#tab_4">4</ref> for the repair task. Each of the selected models was, prior to evaluation on the test set, chosen due to its performance on development data. The results are averaged across three runs.</p></div>
<div xmlns="http://www.tei-c.org/ns/1.0"><head n="5.3.1">Can Credibility Models be Used?</head><p>We first examine and compare our proposed framework against two different strong performing credibility models. These external methods are our baselines and we indicate them in Tables <ref type="table" target="#tab_4">3 and 4</ref> by "♣" <ref type="bibr" target="#b14">(Popat et al., 2018)</ref> and "♠" <ref type="bibr" target="#b17">(Rashkin et al., 2017)</ref>. We find they both perform poorly compared to other models, indicating that while both tasks learn similar functions the credibility models cannot be used "as-is" for consistency. This highlights the fact that the consistency task is sufficiently different from the existing credibility task.</p><p>Moreover, in examining whether credibility models transfer to the repair task, word level attention with a Bi-LSTM sentence encoder, as in DeClarE Table <ref type="table">5</ref>: Consistency and repair performance ablation study, averaged over three runs. "Comb." is belief and provenance combination, and "Skip" is the use of skip connection. All use an MLP for feature learning. For space, we only consider TAC 2017 in these experiments. <ref type="bibr" target="#b14">(Popat et al., 2018, ♣)</ref>, performs poorly in the repair task too (with one exception on TACRED-KG). These results highlight differences in the credibility vs. consistency tasks, and the applicability of existing credibility models to both consistency and repair, suggesting that a dedicated framework and study such as ours is needed.</p></div>
<div xmlns="http://www.tei-c.org/ns/1.0"><head n="5.3.2">What Representations are Effective?</head><p>Consistency: Both sentence attention and a TF-IDF sparse connection improve the overall F1 of our framework's embedding-based models. We noticed that precision and recall vary across the datasets due to their different characteristics. This can be seen with the two methods that rely only on the lexically-based sparse connections (the first two rows of Table <ref type="table" target="#tab_3">3</ref>): while performance was strong on TACRED-KG consistency, it was quite poor on TAC 2015 and 2017. These latter two datasets have more provenance sentences per belief, and make fewer assumptions about what must be contained in the provenance. Together, this results in greater lexical variety, which suggests that while non-neural lexical-based consistency approaches can be effective in settings with limited provenance, stronger approaches are needed for greater and more diverse provenance. Learning refined embeddings (rows 5 and 6) suggests that these pre-trained models are helpful in the task. BERT benefits from the less noisy provenance in TACRED-KG. However, similar or slightly better performance is achieved when simple word embeddings are used, especially for TAC 2015/2017, highlighting the difficulty of the consistency task with noisier provenance.</p><p>Repair: Perhaps surprisingly, an embedding model with a TF-IDF sparse connection yielded good performance. The sparse-based lexical features are most influential, as evident from when just TF-IDF or binary lexical features are used. Looking across the three datasets, we notice that a TF-IDF only model provides a surprisingly strong baseline, outperforming the existing credibility models in almost all cases. Using BoW embedding with sentence attention, MLP feature learning, and a TF-IDF sparse connection, we can surpass a sparseonly TF-IDF approach. The BERT-based representation, fine-tuned or not, performed nearly equally to a BoW embedding on the repair task, indicating both the effectiveness of its pre-trained model and highlighting the difficulty of this repair task.</p><p>Belief: Marty Walsh; org:city_of_headquarters; Neighborhood House Charter School Summary: (✓, fixed) Human(C): No; Predicted(C): No; Human(R): org:founded_by; Predicted(R): org:founded_by Provenance: Walsh was a founding board member of Dorchester's Neighborhood House Charter School, and makes clear that he would support lifting the cap on charters in the city, something that hardly wins him the favor of the Boston Teachers Union. Belief: Alan M. Dershowitz; per:title; professor Summary: (✗, incorrect_fixed) Human(C): Yes; Predicted(C): No; Human(R): per:title; Predicted(R): per:religion Provenance: Harvard Law professor Alan Dershowitz said Sunday that the Obama administration was naive and had possibly made a "cataclysmic error of gigantic proportions" in its deal to ease sanctions on Iran in exchange for an opening up of the Islamic Republic s nuclear program. </p></div>
<div xmlns="http://www.tei-c.org/ns/1.0"><head n="5.3.3">How Helpful Is Sequential Modeling?</head><p>As indicated by <ref type="bibr" target="#b26">Zhang et al. (2017)</ref>, the sentences in TACRED and TAC are long. Consistency and repair models must be able to handle that. Note that BoW representation methods do not consider word order, while LSTM, Bi-LSTM and BERT embeddings do. From Tables <ref type="table" target="#tab_4">3 and 4</ref>, we see that TF-IDF sparse features and a sentence level combination of the belief and provenance give the best performance on both tasks when using a BoW representation, as compared to an LSTM, Bi-LSTM with word attention, and BERT. This indicates that for consistency and repair, unordered lexical features can be sufficient to get better performance.</p><p>We further examine this in Table <ref type="table">5</ref>, where due to space we focus on TAC 2017. Notice that while sequence-based encodings can improve some aspects (e.g., precision and F1 for consistency), there are not across-the-board improvements. We experimented with replacing the BoW embedding with a sentence-level Bi-LSTM representation. A Bi-LSTM representation with just attention and TF-IDF sparse features gives better consistency precision and F1 compared to BoW embedding approaches. However, the Bi-LSTM results in overall lower performance for repair. While the differences are not very large, they indicate that simple methods can outperform, or perform competitively with, sequential and autoencoding methods.</p></div>
<div xmlns="http://www.tei-c.org/ns/1.0"><head n="5.3.4">Relation Repair vs. Re-Extraction</head><p>While the repair task can be viewed as relation re-extraction, we examine the implications of this. Tables. 3 and 4 show a large performance drop for TACRED-KG vs. TAC 2015/2017. First, TA-CRED was created from a TAC dataset and modified and augmented by crowd-sourced workers. When the belief was found with abstract or generalized provenance, workers were shown a set of sentences containing the subject-object pairs and asked to pick the representative sentence which was most specific. Second, each sentence is guaranteed to include the subject and object mentions, which is not always true for TAC 2015 and 2017, where a significant number of TAC provenance sentences were missing one or both the subject and object mentions. This highlights some of the differences in the core assumptions made in the construction of a relation extraction dataset.</p></div>
<div xmlns="http://www.tei-c.org/ns/1.0"><head n="5.4">Prediction Error Analysis</head><p>Fig. <ref type="figure" target="#fig_1">4</ref> demonstrates our framework's performance on some examples from TAC 2015. The first example describes the case where the belief was consistent with the provenance information and there was no recommendation of an alternate relation. Depending on the provenance the fix may not be appropriate, as in the second example of per:title vs. per:religion where we believe an indicative word like "Islamic" influenced the repair prediction.</p></div>
<div xmlns="http://www.tei-c.org/ns/1.0"><head n="5.5">Ablation Study</head><p>Our results show the strength of attention with lexical features. We further examine the impact of lexical features, using the first four rows of Table <ref type="table">5</ref>.</p><p>Lexical Impact on Consistency. From the first row of Table <ref type="table">5</ref>, we see BoW embedding for both the belief and provenance results in low precision and recall. While adding attention does not help, using TF-IDF sparse features drastically improves performance. Meanwhile, removing sentencebased attention only has a small impact on performance. All together this indicates the provenance found by the IE system is more lexically systematic.</p><p>Lexical Impact on Repair. A similar trend is seen for the repair task: our combined representation with TF-IDF is better than relying only on embeddings. Combining belief and provenance sentences gets slightly better micro overall compared to macro. This affects the MRR score too. However, the best performance is achieved when all components are combined.</p></div>
<div xmlns="http://www.tei-c.org/ns/1.0"><head n="6">Related Studies</head><p>There has been research on determining the consistency of beliefs using either schemas or ensembles, but none that are language-based, do not require access to IE system details, or attempt to repair inconsistent facts. Our work addresses all these.</p><p>Schema and Ensemble Based approaches: Previous work by <ref type="bibr" target="#b12">Ojha and Talukdar (2017)</ref> and <ref type="bibr" target="#b15">Pujara et al. (2013)</ref> determined the consistency of the extracted belief using a schema as the side information and coupling constraints to satisfy the schema's axioms. Rather than applying schemas, <ref type="bibr" target="#b25">Yu et al. (2014)</ref> proposed an unsupervised method applying linguistic features to filter credible vs. non-credible belief. However, it required access to multiple IE systems with different configuration settings that extracted information from the same text corpus. <ref type="bibr">Viswanathan et al. (2015)</ref> used a supervised approach to build a classifier from the confidence scores produced by multiple IE systems for the same belief. These are not standalone systems, as they assume the availability of multiple IE systems.</p><p>Language based approaches: The FEVER <ref type="bibr" target="#b23">(Thorne et al., 2018)</ref> fact-checking study proposes a framework for credibility task and performs provenance-based classification without attempting to repair errors. This task has inspired a number of efforts <ref type="bibr">(Yin and Roth, 2018, i.a.,)</ref>, including <ref type="bibr" target="#b10">Ma et al. (2019)</ref> who tackle a problem similar to our consistency. <ref type="bibr" target="#b7">Guo et al. (2022)</ref> outlines additional language-based approaches for consistency prediction (they term it "verdict prediction"). However, a crucial difference is that we aim to operate on KG tuple outputs as the belief (not sentences).</p><p>Overall, our study differs from previous ones in two important ways. (1) We address the problem of determining consistency and potential corrections without access to an underlying semantic schema.</p><p>(2) Our standalone approach treats the underlying IE systems as blackboxes and requires no access to the original IE systems or detailed system output containing confidence scores.</p></div>
<div xmlns="http://www.tei-c.org/ns/1.0"><head n="7">Conclusions</head><p>We propose a task of refining the beliefs produced by a blackbox IE system that provides no access to or knowledge of its internal workings. First we analyze the types of errors made. Then we propose two subtasks: determining the consistency of an extracted belief and its provenance text, and suggesting a repair to fix the belief. We present a modular framework that can use a variety of representation, and learning techniques, and subsumes prior work. This framework provides effective techniques for the consistency and repair tasks.</p></div><figure xmlns="http://www.tei-c.org/ns/1.0" xml:id="fig_0"><head>Figure 2 :</head><label>2</label><figDesc>Figure 2: Error categorization of 600 beliefs extracted by IE systems on three datasets. Multiple categories can apply as beliefs can have incorrect relations and incomplete provenance.</figDesc><graphic coords="3,313.23,219.31,204.12,176.90" type="bitmap" /></figure>
<figure xmlns="http://www.tei-c.org/ns/1.0" xml:id="fig_1"><head>Figure 4 :</head><label>4</label><figDesc>Figure 4: Examples of our model's predictions on the TAC 2015 datasets. Human: gold standard label, Predicted: our model's label, C: Consistency, R: Repair, Human(C): Human Consistency label, and Predicted(C): Predicted consistency label. Similarly for repair. Summary indicates overall prediction analysis of example. (✓, fixed) means consistency correctly predicted and incorrect belief was fixed.</figDesc></figure>
<figure xmlns="http://www.tei-c.org/ns/1.0"><head></head><label></label><figDesc></figDesc><graphic coords="4,92.43,70.85,410.42,180.61" type="bitmap" /></figure>
<figure xmlns="http://www.tei-c.org/ns/1.0" type="table" xml:id="tab_1"><head>Table 1 :</head><label>1</label><figDesc>Examples for each of the four identified error categories from the TAC 2015 dataset.</figDesc><table><row><cell>Category Definition Incorrect subject &amp; object present but relation relation not triggered/entailed Subject entity is not mentioned in missing provenance Misc fact does not adhere to schema-specific guidelines and requirements Object entity is not mentioned in missing provenance</cell><cell>Extracted Belief followed by IE extracted provenance text Harry Reid per:charges assault Nevada's Harry Reid switches longtime stance to support assault weapon ban Eleanor Catton gpe:subsidiaries Bain Buying into Canada Goose is the latest Canadian investment for Bain . Reginald Wayne Miller per:charges felony Various news outlets have reported that federal agents have probable cause to charge Reginald Wayne Miller with forced labor, a felony that can carry up to a twenty-year prison sentence per charge. Kermit Gosnell per:cities_of_residence America Historic crowdfunding for movie about abortionist Kermit Gosnell -YouTube</cell></row><row><cell cols="2">Observational Comparison. We note some qual-itative observations about these datasets, though</cell></row><row><cell cols="2">traceable back to how each dataset was constructed.</cell></row><row><cell cols="2">First, TAC 2015 and TAC 2017 contain more prove-</cell></row><row><cell cols="2">nance examples per relation than TACRED-KG.</cell></row><row><cell cols="2">Second, because the provenance was provided by</cell></row><row><cell cols="2">varied IE systems in TAC 2015/2017, the prove-</cell></row><row><cell cols="2">nance may be the result of noisy extractions and</cell></row><row><cell cols="2">matching: the provenance for TAC 2015/2017 is</cell></row><row><cell cols="2">often noisier than TACRED-KG (e.g., portions of</cell></row><row><cell>sentences vs. full sentences).</cell><cell></cell></row></table></figure>
<figure xmlns="http://www.tei-c.org/ns/1.0" type="table" xml:id="tab_2"><head>Table 2 :</head><label>2</label><figDesc>Dataset statistics, in the number of provenancebacked beliefs, for the train/dev/test splits per dataset.</figDesc><table><row><cell>Train Dev Test</cell><cell>TAC 2015 TAC 2017 TACRED-KG 20575 45841 68124 6859 5734 22631 6856 5729 15509</cell></row></table></figure>
<figure xmlns="http://www.tei-c.org/ns/1.0" type="table" xml:id="tab_3"><head>Table 3 :</head><label>3</label><figDesc>Consistency performance (average of 3 runs) from our models (see §5.2 for a detailed explanation of the columns). We indicate existing credibility models with ♣<ref type="bibr" target="#b14">(Popat et al., 2018)</ref> and ♠<ref type="bibr" target="#b17">(Rashkin et al., 2017)</ref>. BoW refers to bag of GLoVE embeddings.</figDesc><table><row><cell>f belief</cell><cell>f evidence</cell><cell cols="2">Comb. Feat. Sparse</cell><cell>P</cell><cell cols="2">TACRED-KG R F1</cell><cell>P</cell><cell>TAC-17 R</cell><cell>F1</cell><cell>P</cell><cell>TAC-15 R</cell><cell>F1</cell></row><row><cell>None</cell><cell>None</cell><cell>No</cell><cell>None Binary</cell><cell cols="5">63.96 83.46 72.42 19.65 5.29</cell><cell>8.34</cell><cell cols="2">28.08 0.81</cell><cell>1.58</cell></row><row><cell>None</cell><cell>None</cell><cell>No</cell><cell cols="10">None TF-IDF 63.95 83.24 72.33 57.58 30.66 14.05 22.68 15.08 18.12</cell></row><row><cell cols="13">None BoW ♣ Bi-LSTM Yes (W) MLP No MLP ♠ LSTM BERT BERT Yes (S) MLP TF-IDF 66.42 76.26 69.99 48.10 88.56 62.34 51.70 59.69 55.40 No 42.59 66.66 51.98 52.05 30.76 27.78 17.01 9.21 11.95 No 42.59 66.66 51.98 37.31 52.44 43.54 31.17 36.55 33.65 BoW BoW Yes (S) MLP TF-IDF 65.99 64.14 65.05 48.09 98.03 63.17 50.83 65.22 57.13</cell></row><row><cell>f belief</cell><cell>f evidence</cell><cell cols="2">Comb. Feat. Sparse</cell><cell cols="9">TACRED-KG Macro Micro MRR Macro Micro MRR Macro Micro MRR TAC-2017 TAC-2015</cell></row><row><cell>None</cell><cell>None</cell><cell>No</cell><cell>None Binary</cell><cell>2.16</cell><cell>41.65</cell><cell>0.83</cell><cell>44.86</cell><cell>53.10</cell><cell>0.83</cell><cell>22.78</cell><cell>16.50</cell><cell>0.19</cell></row><row><cell>None</cell><cell>None</cell><cell>No</cell><cell>None TF-IDF</cell><cell>14.50</cell><cell>43.48</cell><cell>0.83</cell><cell>75.49</cell><cell>76.80</cell><cell>0.76</cell><cell>76.35</cell><cell>77.57</cell><cell>0.76</cell></row><row><cell cols="4">None BoW ♣ Bi-LSTM Yes (W) MLP No MLP ♠ LSTM BERT BERT Yes (S) MLP TF-IDF No No</cell><cell>1.87 1.24 4.10</cell><cell>78.56 52.39 7.72</cell><cell>0.82 0.8 0.28</cell><cell>3.05 1.04 72.17</cell><cell>33.04 32.02 81.85</cell><cell>0.53 0.43 0.89</cell><cell>1.46 1.46 54.91</cell><cell>61.30 61.30 58.61</cell><cell>0.68 0.66 0.69</cell></row><row><cell>BoW</cell><cell>BoW</cell><cell cols="2">Yes (S) MLP TF-IDF</cell><cell>7.22</cell><cell>64.43</cell><cell>0.74</cell><cell>76.39</cell><cell>85.33</cell><cell>0.91</cell><cell>65.76</cell><cell>78.02</cell><cell>0.86</cell></row></table></figure>
<figure xmlns="http://www.tei-c.org/ns/1.0" type="table" xml:id="tab_4"><head>Table 4 :</head><label>4</label><figDesc>Repair Performance (averaged over 3 runs) of models with abbreviations as in Table3.</figDesc><table><row><cell cols="3">fbelief and Comb. Sparse fevidence</cell><cell>P</cell><cell>Consistency R</cell><cell>F1</cell><cell cols="2">Repair Macro Micro MRR</cell></row><row><cell>BoW</cell><cell>No</cell><cell>No</cell><cell cols="3">12.01 33.33 17.65</cell><cell>0.92</cell><cell>22.08</cell><cell>0.38</cell></row><row><cell>BoW</cell><cell>Yes (S)</cell><cell>No</cell><cell cols="3">12.01 33.33 17.65</cell><cell>0.89</cell><cell>21.16</cell><cell>0.34</cell></row><row><cell>BoW</cell><cell>No</cell><cell cols="4">TF-IDF 47.98 90.75 62.77</cell><cell>75.71</cell><cell>85.24</cell><cell>0.90</cell></row><row><cell cols="6">BoW Bi-LSTM Yes (S) TF-IDF Yes (S) TF-IDF 48.09 92.03 63.17 59 87.71 70.53</cell><cell>76.39 75.76</cell><cell>85.33 83.86</cell><cell>0.91 0.89</cell></row><row><cell>BERT</cell><cell cols="5">Yes (S) TF-IDF 48.11 91.47 63.06</cell><cell>76.30</cell><cell>85.25</cell><cell>0.91</cell></row></table></figure>
			<note xmlns="http://www.tei-c.org/ns/1.0" place="foot" n="1" xml:id="foot_0">See §5 for discussion of alternative losses.</note>
		</body>
		<back>

			<div type="acknowledgement">
<div xmlns="http://www.tei-c.org/ns/1.0"><head>Acknowledgements</head><p>We would also like to thank the anonymous reviewers for their comments, questions, and suggestions. This material is based in part upon work supported by the National Science Foundation under Grant Nos. IIS-1940931, IIS-2024878,  and DGE-2114892. Some experiments were conducted on the UMBC HPCF, supported by the National Science Foundation under Grant No. CNS-1920079.This material is also based on research that is in part supported by the Army Research Laboratory, Grant No. W911NF2120076, and by the Air Force Research Laboratory (AFRL), DARPA, for the KAIROS program under agreement number FA8750-19-2-1003. The U.S.Government is authorized to reproduce and distribute reprints for Governmental purposes notwithstanding any copyright notation thereon. The views and conclusions contained herein are those of the authors and should not be interpreted as necessarily representing the official policies or endorsements, either express or implied, of the Air Force Research Laboratory (AFRL), DARPA, or the U.S. Government.</p></div>
			</div>

			<div type="references">

				<listBibl>

<biblStruct xml:id="b0">
	<monogr>
		<title level="m">Proceedings of the 10th Text Analysis Conference</title>
				<editor>
			<persName><forename type="first">Trang</forename><surname>Hoa</surname></persName>
		</editor>
		<editor>
			<persName><surname>Dang</surname></persName>
		</editor>
		<meeting>the 10th Text Analysis Conference</meeting>
		<imprint>
			<publisher>NIST</publisher>
			<date type="published" when="2017">2017</date>
		</imprint>
	</monogr>
	<note type="raw_reference">Hoa Trang Dang, editor. 2017. Proceedings of the 10th Text Analysis Conference. NIST.</note>
</biblStruct>

<biblStruct xml:id="b1">
	<analytic>
		<title level="a" type="main">Bert: Pre-training of deep bidirectional transformers for language understanding</title>
		<author>
			<persName><forename type="first">Jacob</forename><surname>Devlin</surname></persName>
		</author>
		<author>
			<persName><forename type="first">Ming-Wei</forename><surname>Chang</surname></persName>
		</author>
		<author>
			<persName><forename type="first">Kenton</forename><surname>Lee</surname></persName>
		</author>
		<author>
			<persName><forename type="first">Kristina</forename><surname>Toutanova</surname></persName>
		</author>
	</analytic>
	<monogr>
		<title level="m">NAACL</title>
				<imprint>
			<date type="published" when="2019">2019</date>
		</imprint>
	</monogr>
	<note type="raw_reference">Jacob Devlin, Ming-Wei Chang, Kenton Lee, and Kristina Toutanova. 2019. Bert: Pre-training of deep bidirectional transformers for language understand- ing. In NAACL.</note>
</biblStruct>

<biblStruct xml:id="b2">
	<monogr>
		<author>
			<persName><forename type="first">Joe</forename><surname>Ellis</surname></persName>
		</author>
		<title level="m">TAC KBP 2015 assessment guidelines</title>
				<imprint>
			<publisher>Linguistic Data Consortium</publisher>
			<date type="published" when="2015">2015a</date>
		</imprint>
	</monogr>
	<note type="report_type">Technical report</note>
	<note type="raw_reference">Joe Ellis. 2015a. TAC KBP 2015 assessment guidelines. Technical report, Linguistic Data Consortium.</note>
</biblStruct>

<biblStruct xml:id="b3">
	<monogr>
		<title level="m" type="main">TAC KBP 2015 slot descriptions</title>
		<author>
			<persName><forename type="first">Joe</forename><surname>Ellis</surname></persName>
		</author>
		<imprint>
			<date type="published" when="2015">2015b</date>
			<publisher>Linguistic Data Consortium</publisher>
		</imprint>
	</monogr>
	<note type="report_type">Technical report</note>
	<note type="raw_reference">Joe Ellis. 2015b. TAC KBP 2015 slot descriptions. Technical report, Linguistic Data Consortium.</note>
</biblStruct>

<biblStruct xml:id="b4">
	<analytic>
		<title level="a" type="main">Knowlife: a knowledge graph for health and life sciences</title>
		<author>
			<persName><forename type="first">Patrick</forename><surname>Ernst</surname></persName>
		</author>
		<author>
			<persName><forename type="first">Cynthia</forename><surname>Meng</surname></persName>
		</author>
		<author>
			<persName><forename type="first">Amy</forename><surname>Siu</surname></persName>
		</author>
		<author>
			<persName><forename type="first">Gerhard</forename><surname>Weikum</surname></persName>
		</author>
	</analytic>
	<monogr>
		<title level="m">30th International Conference on Data Engineering</title>
				<imprint>
			<publisher>IEEE</publisher>
			<date type="published" when="2014">2014</date>
			<biblScope unit="page" from="1254" to="1257" />
		</imprint>
	</monogr>
	<note type="raw_reference">Patrick Ernst, Cynthia Meng, Amy Siu, and Gerhard Weikum. 2014. Knowlife: a knowledge graph for health and life sciences. In 30th International Confer- ence on Data Engineering, pages 1254-1257. IEEE.</note>
</biblStruct>

<biblStruct xml:id="b5">
	<analytic>
		<title level="a" type="main">HLTCOE participation in TAC KBP 2017: Cold start TEDL and low-resource EDL</title>
		<author>
			<persName><forename type="first">Tim</forename><surname>Finin</surname></persName>
		</author>
		<author>
			<persName><forename type="first">Dawn</forename><surname>Lawrie</surname></persName>
		</author>
		<author>
			<persName><forename type="first">James</forename><surname>Mayfield</surname></persName>
		</author>
		<author>
			<persName><forename type="first">Paul</forename><surname>Mc-Namee</surname></persName>
		</author>
		<author>
			<persName><forename type="first">Cash</forename><surname>Costello</surname></persName>
		</author>
	</analytic>
	<monogr>
		<title level="m">Proceedings of the Text Analysis Conference (TAC2017)</title>
				<meeting>the Text Analysis Conference (TAC2017)</meeting>
		<imprint>
			<publisher>NIST</publisher>
			<date type="published" when="2017">2017</date>
		</imprint>
	</monogr>
	<note type="raw_reference">Tim Finin, Dawn Lawrie, James Mayfield, Paul Mc- Namee, and Cash Costello. 2017. HLTCOE partic- ipation in TAC KBP 2017: Cold start TEDL and low-resource EDL. In Proceedings of the Text Analy- sis Conference (TAC2017). NIST.</note>
</biblStruct>

<biblStruct xml:id="b6">
	<analytic>
		<title level="a" type="main">Deep sparse rectifier neural networks</title>
		<author>
			<persName><forename type="first">Xavier</forename><surname>Glorot</surname></persName>
		</author>
		<author>
			<persName><forename type="first">Antoine</forename><surname>Bordes</surname></persName>
		</author>
		<author>
			<persName><forename type="first">Yoshua</forename><surname>Bengio</surname></persName>
		</author>
	</analytic>
	<monogr>
		<title level="m">Proceedings of the 14th International Conference on Artificial Intelligence and Statistics</title>
				<meeting>the 14th International Conference on Artificial Intelligence and Statistics</meeting>
		<imprint>
			<date type="published" when="2011">2011</date>
			<biblScope unit="page" from="315" to="323" />
		</imprint>
	</monogr>
	<note type="raw_reference">Xavier Glorot, Antoine Bordes, and Yoshua Bengio. 2011. Deep sparse rectifier neural networks. In Proceedings of the 14th International Conference on Artificial Intelligence and Statistics, pages 315-323.</note>
</biblStruct>

<biblStruct xml:id="b7">
	<analytic>
		<title level="a" type="main">and Andreas Vlachos</title>
		<author>
			<persName><forename type="first">Zhijiang</forename><surname>Guo</surname></persName>
		</author>
		<author>
			<persName><forename type="first">Michael</forename><surname>Schlichtkrull</surname></persName>
		</author>
	</analytic>
	<monogr>
		<title level="j">A Survey on Automated Fact-Checking. Transactions of the Association for Computational Linguistics</title>
		<imprint>
			<biblScope unit="volume">10</biblScope>
			<biblScope unit="page" from="178" to="206" />
			<date type="published" when="2022">2022</date>
		</imprint>
	</monogr>
	<note type="raw_reference">Zhijiang Guo, Michael Schlichtkrull, and Andreas Vla- chos. 2022. A Survey on Automated Fact-Checking. Transactions of the Association for Computational Linguistics, 10:178-206.</note>
</biblStruct>

<biblStruct xml:id="b8">
	<analytic>
		<title level="a" type="main">A retrospective analysis of the fake news challenge stance-detection task</title>
		<author>
			<persName><forename type="first">Andreas</forename><surname>Hanselowski</surname></persName>
		</author>
		<author>
			<persName><forename type="first">Pvs</forename><surname>Avinesh</surname></persName>
		</author>
		<author>
			<persName><forename type="first">Benjamin</forename><surname>Schiller</surname></persName>
		</author>
		<author>
			<persName><forename type="first">Felix</forename><surname>Caspelherr</surname></persName>
		</author>
		<author>
			<persName><forename type="first">Debanjan</forename><surname>Chaudhuri</surname></persName>
		</author>
		<author>
			<persName><forename type="first">Christian</forename><forename type="middle">M</forename><surname>Meyer</surname></persName>
		</author>
		<author>
			<persName><forename type="first">Iryna</forename><surname>Gurevych</surname></persName>
		</author>
	</analytic>
	<monogr>
		<title level="m">Proceedings of the 27th International Conference on Computational Linguistics</title>
				<meeting>the 27th International Conference on Computational Linguistics</meeting>
		<imprint>
			<publisher>Association for Computational Linguistics</publisher>
			<date type="published" when="2018">2018</date>
			<biblScope unit="page" from="1859" to="1874" />
		</imprint>
	</monogr>
	<note type="raw_reference">Andreas Hanselowski, Avinesh PVS, Benjamin Schiller, Felix Caspelherr, Debanjan Chaudhuri, Christian M. Meyer, and Iryna Gurevych. 2018. A retrospective analysis of the fake news challenge stance-detection task. In Proceedings of the 27th International Con- ference on Computational Linguistics, pages 1859- 1874. Association for Computational Linguistics.</note>
</biblStruct>

<biblStruct xml:id="b9">
	<analytic>
		<title level="a" type="main">Deep unordered composition rivals syntactic methods for text classification</title>
		<author>
			<persName><forename type="first">Mohit</forename><surname>Iyyer</surname></persName>
		</author>
		<author>
			<persName><forename type="first">Varun</forename><surname>Manjunatha</surname></persName>
		</author>
		<author>
			<persName><forename type="first">Jordan</forename><surname>Boyd-Graber</surname></persName>
		</author>
		<author>
			<persName><forename type="first">Hal</forename><surname>Daumé</surname></persName>
		</author>
		<author>
			<persName><forename type="first">Iii</forename></persName>
		</author>
	</analytic>
	<monogr>
		<title level="m">Proceedings of the 53rd Annual Meeting of the Association for Computational Linguistics and the 7th International Joint Conference on Natural Language Processing</title>
		<title level="s">Long Papers</title>
		<meeting>the 53rd Annual Meeting of the Association for Computational Linguistics and the 7th International Joint Conference on Natural Language Processing</meeting>
		<imprint>
			<date type="published" when="2015">2015</date>
			<biblScope unit="volume">1</biblScope>
			<biblScope unit="page" from="1681" to="1691" />
		</imprint>
	</monogr>
	<note type="raw_reference">Mohit Iyyer, Varun Manjunatha, Jordan Boyd-Graber, and Hal Daumé III. 2015. Deep unordered com- position rivals syntactic methods for text classifica- tion. In Proceedings of the 53rd Annual Meeting of the Association for Computational Linguistics and the 7th International Joint Conference on Natural Language Processing (Volume 1: Long Papers), vol- ume 1, pages 1681-1691.</note>
</biblStruct>

<biblStruct xml:id="b10">
	<analytic>
		<title level="a" type="main">Sentence-level evidence embedding for claim verification with hierarchical attention networks</title>
		<author>
			<persName><forename type="first">Jing</forename><surname>Ma</surname></persName>
		</author>
		<author>
			<persName><forename type="first">Wei</forename><surname>Gao</surname></persName>
		</author>
		<author>
			<persName><forename type="first">Shafiq</forename><surname>Joty</surname></persName>
		</author>
		<author>
			<persName><forename type="first">Kam-Fai</forename><surname>Wong</surname></persName>
		</author>
	</analytic>
	<monogr>
		<title level="m">Proceedings of the 57th Annual Meeting of the Association for Computational Linguistics</title>
				<meeting>the 57th Annual Meeting of the Association for Computational Linguistics</meeting>
		<imprint>
			<date type="published" when="2019">2019</date>
		</imprint>
	</monogr>
	<note type="raw_reference">Jing Ma, Wei Gao, Shafiq Joty, and Kam-Fai Wong. 2019. Sentence-level evidence embedding for claim verification with hierarchical attention networks. In Proceedings of the 57th Annual Meeting of the Asso- ciation for Computational Linguistics.</note>
</biblStruct>

<biblStruct xml:id="b11">
	<analytic>
		<title level="a" type="main">Neverending learning</title>
		<author>
			<persName><forename type="first">T</forename><surname>Mitchell</surname></persName>
		</author>
		<author>
			<persName><forename type="first">W</forename><surname>Cohen</surname></persName>
		</author>
		<author>
			<persName><forename type="first">E</forename><surname>Hruschka</surname></persName>
		</author>
		<author>
			<persName><forename type="first">P</forename><surname>Talukdar</surname></persName>
		</author>
		<author>
			<persName><forename type="first">J</forename><surname>Betteridge</surname></persName>
		</author>
		<author>
			<persName><forename type="first">A</forename><surname>Carlson</surname></persName>
		</author>
		<author>
			<persName><forename type="first">B</forename><surname>Dalvi</surname></persName>
		</author>
		<author>
			<persName><forename type="first">M</forename><surname>Gardner</surname></persName>
		</author>
		<author>
			<persName><forename type="first">B</forename><surname>Kisiel</surname></persName>
		</author>
		<author>
			<persName><forename type="first">J</forename><surname>Krishnamurthy</surname></persName>
		</author>
		<author>
			<persName><forename type="first">N</forename><surname>Lao</surname></persName>
		</author>
		<author>
			<persName><forename type="first">K</forename><surname>Mazaitis</surname></persName>
		</author>
		<author>
			<persName><forename type="first">T</forename><surname>Mohamed</surname></persName>
		</author>
		<author>
			<persName><forename type="first">N</forename><surname>Nakashole</surname></persName>
		</author>
		<author>
			<persName><forename type="first">E</forename><surname>Platanios</surname></persName>
		</author>
		<author>
			<persName><forename type="first">A</forename><surname>Ritter</surname></persName>
		</author>
		<author>
			<persName><forename type="first">M</forename><surname>Samadi</surname></persName>
		</author>
		<author>
			<persName><forename type="first">B</forename><surname>Settles</surname></persName>
		</author>
		<author>
			<persName><forename type="first">R</forename><surname>Wang</surname></persName>
		</author>
		<author>
			<persName><forename type="first">D</forename><surname>Wijaya</surname></persName>
		</author>
		<author>
			<persName><forename type="first">A</forename><surname>Gupta</surname></persName>
		</author>
		<author>
			<persName><forename type="first">X</forename><surname>Chen</surname></persName>
		</author>
		<author>
			<persName><forename type="first">A</forename><surname>Saparov</surname></persName>
		</author>
		<author>
			<persName><forename type="first">M</forename><surname>Greaves</surname></persName>
		</author>
		<author>
			<persName><forename type="first">J</forename><surname>Welling</surname></persName>
		</author>
	</analytic>
	<monogr>
		<title level="m">Proceedings of the 29th AAAI Conference on Artificial Intelligence</title>
				<meeting>the 29th AAAI Conference on Artificial Intelligence</meeting>
		<imprint>
			<date type="published" when="2015">2015</date>
		</imprint>
	</monogr>
	<note type="raw_reference">T. Mitchell, W. Cohen, E. Hruschka, P. Talukdar, J. Bet- teridge, A. Carlson, B. Dalvi, M. Gardner, B. Kisiel, J. Krishnamurthy, N. Lao, K. Mazaitis, T. Mohamed, N. Nakashole, E. Platanios, A. Ritter, M. Samadi, B. Settles, R. Wang, D. Wijaya, A. Gupta, X. Chen, A. Saparov, M. Greaves, and J. Welling. 2015. Never- ending learning. In Proceedings of the 29th AAAI Conference on Artificial Intelligence.</note>
</biblStruct>

<biblStruct xml:id="b12">
	<analytic>
		<title level="a" type="main">KGEval: Accuracy estimation of automatically constructed knowledge graphs</title>
		<author>
			<persName><forename type="first">Prakhar</forename><surname>Ojha</surname></persName>
		</author>
		<author>
			<persName><forename type="first">Partha</forename><surname>Talukdar</surname></persName>
		</author>
	</analytic>
	<monogr>
		<title level="m">Conf. on Empirical Methods in Natural Language Processing. ACL. Ankur Padia</title>
				<imprint>
			<publisher>Baltimore County</publisher>
			<date type="published" when="2017">2017. 2019</date>
		</imprint>
		<respStmt>
			<orgName>University of Maryland</orgName>
		</respStmt>
	</monogr>
	<note type="report_type">Ph.D. thesis</note>
	<note>Joint Models to Refine Knowledge Graphs</note>
	<note type="raw_reference">Prakhar Ojha and Partha Talukdar. 2017. KGEval: Accuracy estimation of automatically constructed knowledge graphs. In Conf. on Empirical Methods in Natural Language Processing. ACL. Ankur Padia. 2019. Joint Models to Refine Knowledge Graphs. Ph.D. thesis, University of Maryland, Balti- more County.</note>
</biblStruct>

<biblStruct xml:id="b13">
	<analytic>
		<title level="a" type="main">Glove: Global vectors for word representation</title>
		<author>
			<persName><forename type="first">Jeffrey</forename><surname>Pennington</surname></persName>
		</author>
		<author>
			<persName><forename type="first">Richard</forename><surname>Socher</surname></persName>
		</author>
		<author>
			<persName><forename type="first">Christopher</forename><surname>Manning</surname></persName>
		</author>
	</analytic>
	<monogr>
		<title level="m">Conf. on Empirical Methods in Natural Language Processing</title>
				<imprint>
			<publisher>ACL</publisher>
			<date type="published" when="2014">2014</date>
			<biblScope unit="page" from="1532" to="1543" />
		</imprint>
	</monogr>
	<note type="raw_reference">Jeffrey Pennington, Richard Socher, and Christopher Manning. 2014. Glove: Global vectors for word rep- resentation. In Conf. on Empirical Methods in Natu- ral Language Processing, pages 1532-1543. ACL.</note>
</biblStruct>

<biblStruct xml:id="b14">
	<analytic>
		<title level="a" type="main">DeClarE: Debunking fake news and false claims using evidence-aware deep learning</title>
		<author>
			<persName><forename type="first">Kashyap</forename><surname>Popat</surname></persName>
		</author>
		<author>
			<persName><forename type="first">Subhabrata</forename><surname>Mukherjee</surname></persName>
		</author>
		<author>
			<persName><forename type="first">Andrew</forename><surname>Yates</surname></persName>
		</author>
		<author>
			<persName><forename type="first">Gerhard</forename><surname>Weikum</surname></persName>
		</author>
	</analytic>
	<monogr>
		<title level="m">Proceedings of the Conference on Empirical Methods in Natural Language Processing</title>
				<meeting>the Conference on Empirical Methods in Natural Language Processing</meeting>
		<imprint>
			<date type="published" when="2018">2018</date>
			<biblScope unit="page" from="22" to="32" />
		</imprint>
	</monogr>
	<note>Association for Computational Linguistics</note>
	<note type="raw_reference">Kashyap Popat, Subhabrata Mukherjee, Andrew Yates, and Gerhard Weikum. 2018. DeClarE: Debunking fake news and false claims using evidence-aware deep learning. In Proceedings of the Conference on Empirical Methods in Natural Language Processing, pages 22-32. Association for Computational Linguis- tics.</note>
</biblStruct>

<biblStruct xml:id="b15">
	<analytic>
		<title level="a" type="main">Knowledge graph identification</title>
		<author>
			<persName><forename type="first">Jay</forename><surname>Pujara</surname></persName>
		</author>
		<author>
			<persName><forename type="first">Hui</forename><surname>Miao</surname></persName>
		</author>
		<author>
			<persName><forename type="first">Lise</forename><surname>Getoor</surname></persName>
		</author>
		<author>
			<persName><forename type="first">William</forename><surname>Cohen</surname></persName>
		</author>
	</analytic>
	<monogr>
		<title level="m">Int. Semantic Web Conf</title>
				<imprint>
			<publisher>Springer</publisher>
			<date type="published" when="2013">2013</date>
			<biblScope unit="page" from="542" to="557" />
		</imprint>
	</monogr>
	<note type="raw_reference">Jay Pujara, Hui Miao, Lise Getoor, and William Co- hen. 2013. Knowledge graph identification. In Int. Semantic Web Conf., pages 542-557. Springer.</note>
</biblStruct>

<biblStruct xml:id="b16">
	<monogr>
		<title level="m" type="main">Overview of the cold start knowlege base construction and slot filling tracks</title>
		<author>
			<persName><forename type="first">Shahzad</forename><surname>Rajput</surname></persName>
		</author>
		<imprint>
			<date type="published" when="2017">2017</date>
		</imprint>
		<respStmt>
			<orgName>Slides from the U.S. National Institute of Standards and Technology</orgName>
		</respStmt>
	</monogr>
	<note type="raw_reference">Shahzad Rajput. 2017. Overview of the cold start knowl- ege base construction and slot filling tracks. Slides from the U.S. National Institute of Standards and Technology.</note>
</biblStruct>

<biblStruct xml:id="b17">
	<analytic>
		<title level="a" type="main">Truth of varying shades: Analyzing language in fake news and political fact-checking</title>
		<author>
			<persName><forename type="first">Eunsol</forename><surname>Hannah Rashkin</surname></persName>
		</author>
		<author>
			<persName><forename type="first">Jin</forename><forename type="middle">Yea</forename><surname>Choi</surname></persName>
		</author>
		<author>
			<persName><forename type="first">Svitlana</forename><surname>Jang</surname></persName>
		</author>
		<author>
			<persName><forename type="first">Yejin</forename><surname>Volkova</surname></persName>
		</author>
		<author>
			<persName><surname>Choi</surname></persName>
		</author>
		<idno type="DOI">10.18653/v1/D17-1317</idno>
	</analytic>
	<monogr>
		<title level="m">Proceedings of the 2017 Conference on Empirical Methods in Natural Language Processing</title>
				<meeting>the 2017 Conference on Empirical Methods in Natural Language Processing</meeting>
		<imprint>
			<publisher>Association for Computational Linguistics</publisher>
			<date type="published" when="2017">2017</date>
			<biblScope unit="page" from="2931" to="2937" />
		</imprint>
	</monogr>
	<note type="raw_reference">Hannah Rashkin, Eunsol Choi, Jin Yea Jang, Svitlana Volkova, and Yejin Choi. 2017. Truth of varying shades: Analyzing language in fake news and po- litical fact-checking. In Proceedings of the 2017 Conference on Empirical Methods in Natural Lan- guage Processing, pages 2931-2937. Association for Computational Linguistics.</note>
</biblStruct>

<biblStruct xml:id="b18">
	<monogr>
		<title level="m" type="main">A simple but tough-to-beat baseline for the fake news challenge stance detection task</title>
		<author>
			<persName><forename type="first">Benjamin</forename><surname>Riedel</surname></persName>
		</author>
		<author>
			<persName><forename type="first">Isabelle</forename><surname>Augenstein</surname></persName>
		</author>
		<author>
			<persName><forename type="first">Georgios</forename><forename type="middle">P</forename><surname>Spithourakis</surname></persName>
		</author>
		<author>
			<persName><forename type="first">Sebastian</forename><surname>Riedel</surname></persName>
		</author>
		<idno type="arXiv">arXiv:1707.03264</idno>
		<imprint>
			<date type="published" when="2017">2017a</date>
		</imprint>
	</monogr>
	<note type="report_type">arXiv preprint</note>
	<note type="raw_reference">Benjamin Riedel, Isabelle Augenstein, Georgios P Sp- ithourakis, and Sebastian Riedel. 2017a. A sim- ple but tough-to-beat baseline for the fake news challenge stance detection task. arXiv preprint arXiv:1707.03264.</note>
</biblStruct>

<biblStruct xml:id="b19">
	<monogr>
		<title level="m" type="main">A simple but tough-to-beat baseline for the Fake News Challenge stance detection task</title>
		<author>
			<persName><forename type="first">Benjamin</forename><surname>Riedel</surname></persName>
		</author>
		<author>
			<persName><forename type="first">Isabelle</forename><surname>Augenstein</surname></persName>
		</author>
		<author>
			<persName><forename type="first">Georgios</forename><forename type="middle">P</forename><surname>Spithourakis</surname></persName>
		</author>
		<author>
			<persName><forename type="first">Sebastian</forename><surname>Riedel</surname></persName>
		</author>
		<idno>CoRR, abs/1707.03264</idno>
		<imprint>
			<date type="published" when="2017">2017b</date>
		</imprint>
	</monogr>
	<note type="raw_reference">Benjamin Riedel, Isabelle Augenstein, Georgios P. Sp- ithourakis, and Sebastian Riedel. 2017b. A simple but tough-to-beat baseline for the Fake News Chal- lenge stance detection task. CoRR, abs/1707.03264.</note>
</biblStruct>

<biblStruct xml:id="b20">
	<analytic>
		<title level="a" type="main">Dropout: A simple way to prevent neural networks from overfitting</title>
		<author>
			<persName><forename type="first">Nitish</forename><surname>Srivastava</surname></persName>
		</author>
		<author>
			<persName><forename type="first">Geoffrey</forename><surname>Hinton</surname></persName>
		</author>
		<author>
			<persName><forename type="first">Alex</forename><surname>Krizhevsky</surname></persName>
		</author>
		<author>
			<persName><forename type="first">Ilya</forename><surname>Sutskever</surname></persName>
		</author>
		<author>
			<persName><forename type="first">Ruslan</forename><surname>Salakhutdinov</surname></persName>
		</author>
	</analytic>
	<monogr>
		<title level="j">The Journal of Machine Learning Research</title>
		<imprint>
			<biblScope unit="volume">15</biblScope>
			<biblScope unit="issue">1</biblScope>
			<biblScope unit="page" from="1929" to="1958" />
			<date type="published" when="2014">2014</date>
		</imprint>
	</monogr>
	<note type="raw_reference">Nitish Srivastava, Geoffrey Hinton, Alex Krizhevsky, Ilya Sutskever, and Ruslan Salakhutdinov. 2014. Dropout: A simple way to prevent neural networks from overfitting. The Journal of Machine Learning Research, 15(1):1929-1958.</note>
</biblStruct>

<biblStruct xml:id="b21">
	<analytic>
		<title level="a" type="main">Yago: a core of semantic knowledge</title>
		<author>
			<persName><forename type="first">Gjergji</forename><surname>Fabian M Suchanek</surname></persName>
		</author>
		<author>
			<persName><forename type="first">Gerhard</forename><surname>Kasneci</surname></persName>
		</author>
		<author>
			<persName><surname>Weikum</surname></persName>
		</author>
	</analytic>
	<monogr>
		<title level="m">Proceedings of the 16th international conference on World Wide Web</title>
				<meeting>the 16th international conference on World Wide Web</meeting>
		<imprint>
			<publisher>ACM</publisher>
			<date type="published" when="2007">2007</date>
			<biblScope unit="page" from="697" to="706" />
		</imprint>
	</monogr>
	<note type="raw_reference">Fabian M Suchanek, Gjergji Kasneci, and Gerhard Weikum. 2007. Yago: a core of semantic knowledge. In Proceedings of the 16th international conference on World Wide Web, pages 697-706. ACM.</note>
</biblStruct>

<biblStruct xml:id="b22">
	<monogr>
		<title level="m" type="main">A simple distant supervision approach for the TAC-KBP slot filling task</title>
		<author>
			<persName><forename type="first">Mihai</forename><surname>Surdeanu</surname></persName>
		</author>
		<author>
			<persName><forename type="first">David</forename><surname>Mcclosky</surname></persName>
		</author>
		<author>
			<persName><forename type="first">Julie</forename><surname>Tibshirani</surname></persName>
		</author>
		<author>
			<persName><forename type="first">John</forename><surname>Bauer</surname></persName>
		</author>
		<author>
			<persName><forename type="first">Angel</forename><forename type="middle">X</forename><surname>Chang</surname></persName>
		</author>
		<author>
			<persName><forename type="first">Valentin</forename><forename type="middle">I</forename><surname>Spitkovsky</surname></persName>
		</author>
		<author>
			<persName><forename type="first">Christopher</forename><forename type="middle">D</forename><surname>Manning</surname></persName>
		</author>
		<ptr target="https://nlp.stanford.edu/pubs/kbp2010-slotfilling.pdf" />
		<imprint>
			<date type="published" when="2010">2010</date>
		</imprint>
	</monogr>
	<note type="raw_reference">Mihai Surdeanu, David McClosky, Julie Tibshirani, John Bauer, Angel X Chang, Valentin I Spitkovsky, and Christopher D Manning. 2010. A simple dis- tant supervision approach for the TAC-KBP slot filling task. https://nlp.stanford.edu/pubs/kbp2010- slotfilling.pdf.</note>
</biblStruct>

<biblStruct xml:id="b23">
	<analytic>
		<title level="a" type="main">Stacked ensembles of information extractors for knowledgebase population</title>
		<author>
			<persName><forename type="first">James</forename><surname>Thorne</surname></persName>
		</author>
		<author>
			<persName><forename type="first">Andreas</forename><surname>Vlachos</surname></persName>
		</author>
		<author>
			<persName><forename type="first">Christos</forename><surname>Christodoulopoulos</surname></persName>
		</author>
		<author>
			<persName><forename type="first">Arpit</forename><surname>Mittal</surname></persName>
		</author>
		<idno type="arXiv">arXiv:1803.05355</idno>
	</analytic>
	<monogr>
		<title level="m">Vidhoon Viswanathan, Nazneen Fatema Rajani, Yinon Bentor, and Raymond Mooney</title>
				<imprint>
			<date type="published" when="2015">2018. 2015</date>
		</imprint>
	</monogr>
	<note type="report_type">arXiv preprint</note>
	<note>ACL</note>
	<note type="raw_reference">James Thorne, Andreas Vlachos, Christos Christodoulopoulos, and Arpit Mittal. 2018. FEVER: a large-scale dataset for fact extraction and verification. arXiv preprint arXiv:1803.05355. Vidhoon Viswanathan, Nazneen Fatema Rajani, Yinon Bentor, and Raymond Mooney. 2015. Stacked en- sembles of information extractors for knowledge- base population. In ACL.</note>
</biblStruct>

<biblStruct xml:id="b24">
	<analytic>
		<title level="a" type="main">TwoWingOS: A two-wing optimization strategy for evidential claim verification</title>
		<author>
			<persName><forename type="first">Wenpeng</forename><surname>Yin</surname></persName>
		</author>
		<author>
			<persName><forename type="first">Dan</forename><surname>Roth</surname></persName>
		</author>
	</analytic>
	<monogr>
		<title level="m">Proceedings of the Conference on Empirical Methods in Natural Language Processing</title>
				<meeting>the Conference on Empirical Methods in Natural Language Processing</meeting>
		<imprint>
			<date type="published" when="2018">2018</date>
		</imprint>
	</monogr>
	<note type="raw_reference">Wenpeng Yin and Dan Roth. 2018. TwoWingOS: A two-wing optimization strategy for evidential claim verification. In Proceedings of the Conference on Empirical Methods in Natural Language Processing.</note>
</biblStruct>

<biblStruct xml:id="b25">
	<analytic>
		<title level="a" type="main">The wisdom of minority: Unsupervised slot filling validation based on multi-dimensional truth-finding</title>
		<author>
			<persName><forename type="first">Dian</forename><surname>Yu</surname></persName>
		</author>
		<author>
			<persName><forename type="first">Hongzhao</forename><surname>Huang</surname></persName>
		</author>
		<author>
			<persName><forename type="first">Taylor</forename><surname>Cassidy</surname></persName>
		</author>
		<author>
			<persName><forename type="first">Heng</forename><surname>Ji</surname></persName>
		</author>
		<author>
			<persName><forename type="first">Chi</forename><surname>Wang</surname></persName>
		</author>
		<author>
			<persName><forename type="first">Shi</forename><surname>Zhi</surname></persName>
		</author>
		<author>
			<persName><forename type="first">Jiawei</forename><surname>Han</surname></persName>
		</author>
		<author>
			<persName><forename type="first">Clare</forename><surname>Voss</surname></persName>
		</author>
		<author>
			<persName><forename type="first">Malik</forename><surname>Magdon-Ismail</surname></persName>
		</author>
	</analytic>
	<monogr>
		<title level="m">25th Int. Conf. on Computational Linguistics</title>
				<imprint>
			<date type="published" when="2014">2014</date>
			<biblScope unit="page" from="1567" to="1578" />
		</imprint>
	</monogr>
	<note type="raw_reference">Dian Yu, Hongzhao Huang, Taylor Cassidy, Heng Ji, Chi Wang, Shi Zhi, Jiawei Han, Clare Voss, and Malik Magdon-Ismail. 2014. The wisdom of mi- nority: Unsupervised slot filling validation based on multi-dimensional truth-finding. In 25th Int. Conf. on Computational Linguistics, pages 1567-1578.</note>
</biblStruct>

<biblStruct xml:id="b26">
	<analytic>
		<title level="a" type="main">Position-aware attention and supervised data improve slot filling</title>
		<author>
			<persName><forename type="first">Yuhao</forename><surname>Zhang</surname></persName>
		</author>
		<author>
			<persName><forename type="first">Victor</forename><surname>Zhong</surname></persName>
		</author>
		<author>
			<persName><forename type="first">Danqi</forename><surname>Chen</surname></persName>
		</author>
		<author>
			<persName><forename type="first">Gabor</forename><surname>Angeli</surname></persName>
		</author>
		<author>
			<persName><forename type="first">Christopher</forename><forename type="middle">D</forename><surname>Manning</surname></persName>
		</author>
	</analytic>
	<monogr>
		<title level="m">Proceedings of the Conference on Empirical Methods in Natural Language Processing</title>
				<meeting>the Conference on Empirical Methods in Natural Language Processing</meeting>
		<imprint>
			<date type="published" when="2017">2017</date>
			<biblScope unit="page" from="35" to="45" />
		</imprint>
	</monogr>
	<note type="raw_reference">Yuhao Zhang, Victor Zhong, Danqi Chen, Gabor Angeli, and Christopher D Manning. 2017. Position-aware attention and supervised data improve slot filling. In Proceedings of the Conference on Empirical Methods in Natural Language Processing, pages 35-45.</note>
</biblStruct>

				</listBibl>
			</div>
		</back>
	</text>
</TEI>
