<?xml version="1.0" encoding="UTF-8"?>
<TEI xml:space="preserve" xmlns="http://www.tei-c.org/ns/1.0" 
xmlns:xsi="http://www.w3.org/2001/XMLSchema-instance" 
xsi:schemaLocation="http://www.tei-c.org/ns/1.0 https://raw.githubusercontent.com/kermitt2/grobid/master/grobid-home/schemas/xsd/Grobid.xsd"
 xmlns:xlink="http://www.w3.org/1999/xlink">
	<teiHeader xml:lang="en">
		<fileDesc>
			<titleStmt>
				<title level="a" type="main">Paraphrasing via Ranking Many Candidates</title>
			</titleStmt>
			<publicationStmt>
				<publisher/>
				<availability status="unknown"><licence/></availability>
			</publicationStmt>
			<sourceDesc>
				<biblStruct>
					<analytic>
						<author role="corresp">
							<persName><forename type="first">Joosung</forename><surname>Lee</surname></persName>
							<email>rung.joo@kakaoenterprise.com</email>
							<affiliation key="aff0">
								<orgName type="institution">Kakao Enterprise Corp</orgName>
								<address>
									<country key="KR">South Korea</country>
								</address>
							</affiliation>
						</author>
						<title level="a" type="main">Paraphrasing via Ranking Many Candidates</title>
					</analytic>
					<monogr>
						<imprint>
							<date/>
						</imprint>
					</monogr>
					<idno type="MD5">8DD1BCCA90073FA26C34611014E499B3</idno>
				</biblStruct>
			</sourceDesc>
		</fileDesc>
		<encodingDesc>
			<appInfo>
				<application version="0.7.3-SNAPSHOT" ident="GROBID" when="2023-01-12T09:11+0000">
					<desc>GROBID - A machine learning software for extracting information from scholarly documents</desc>
					<ref target="https://github.com/kermitt2/grobid"/>
				</application>
			</appInfo>
		</encodingDesc>
		<profileDesc>
			<abstract>
<div xmlns="http://www.tei-c.org/ns/1.0"><p>We present a simple and effective way to generate a variety of paraphrases and find a good quality paraphrase among them. As in previous studies, it is difficult to ensure that one generation method always generates the best paraphrase in various domains. Therefore, we focus on finding the best candidate from multiple candidates, rather than assuming that there is only one combination of generative models and decoding options. Our approach shows that it is easy to apply in various domains and has sufficiently good performance compared to previous methods. In addition, our approach can be used for data augmentation that extends the downstream corpus, showing that it can help improve performance in English and Korean datasets.</p></div>
			</abstract>
		</profileDesc>
	</teiHeader>
	<text xml:lang="en">
		<body>
<div xmlns="http://www.tei-c.org/ns/1.0"><head n="1">Introduction</head><p>Paraphrasing is the task of reconstructing sentences with different words and phrases while maintaining semantic meaning when a source sentence is given. The paraphrase system can be used to add variability to a source sentence and expand it to sentences containing more linguistic information. Paraphrasing has been studied and closely associated with various NLP tasks such as data augmentation, information retrieval, and question answering.</p><p>The supervised approach <ref type="bibr" target="#b11">(Patro et al., 2018)</ref> to paraphrase is that the model can be trained to generate the paraphrase directly, but requires a parallel dataset. These parallel datasets are expensive to create and difficult to cover various domains. Therefore, in recent years, many studies <ref type="bibr" target="#b0">(Bowman et al., 2016;</ref><ref type="bibr" target="#b8">Miao et al., 2019;</ref><ref type="bibr" target="#b3">Liu et al., 2020a)</ref> have been conducted on an unsupervised approach to learning paraphrase generation using only the corpus. In addition, there are studies <ref type="bibr" target="#b5">(Mallinson et al., 2017;</ref><ref type="bibr" target="#b16">Thompson and Post, 2020</ref>) that attempt to paraphrase with machine translation learned with a translation corpus (e.g., language pairs shown in WMT<ref type="foot" target="#foot_0">1</ref> ) that has been released widely publicly. Various models have been developed in these methods, but only one model cannot guarantee the best performance for all datasets. Therefore, our goal is not to focus on designing language models or machine translation, but to find best candidates among paraphrases generated by various methods and use them for downstream tasks.</p><p>We paraphrase based on a machine translation that can vectorizes sentences with the same meaning in different languages into the same latent representation through an encoder. Our system paraphrases the source sentences with two frameworks and several decoding options and is described in Section 2. Paraphrase candidates generated in various combinations are ranked according to fluency, diversity, and semantic score. Finally, the system selects a paraphrase that has different words from the source sentence, but is naturally and semantically similar.</p><p>The performance and effectiveness of the proposed system are verified in two ways. First, our model is evaluated against a dataset provided with a paraphrase pair. We use QQP (Quora Question Pairs) <ref type="bibr" target="#b11">(Patro et al., 2018)</ref> and Medical domain dataset <ref type="bibr" target="#b7">(McCreery et al., 2020)</ref> and are evaluated by multiple metrics by comparing generated paraphrase and gold reference. The second is to use our system as data augmentation in downstream tasks. We augment financial phrasebank <ref type="bibr" target="#b6">(Malo et al., 2014)</ref> and hate speech (eng) <ref type="bibr" target="#b1">(de Gibert et al., 2018)</ref> in English and hate speech (kor) <ref type="bibr" target="#b9">(Moon et al., 2020)</ref> in Korean to improve the performance of the classification task.</p><p>Our system outperforms the previous supervised and unsupervised approaches in terms of the semantic, fluency, and diversity scores shows similar performance to the latest unsupervised approaches. In addition, our system shows performance improvement of downstream tasks, which is a sce-nario where training data is limited. Finally, our paraphrase has the advantage that it can be applied not only to English but also to various languages.</p></div>
<div xmlns="http://www.tei-c.org/ns/1.0"><head n="2">Methods</head></div>
<div xmlns="http://www.tei-c.org/ns/1.0"><head n="2.1">Pre-trained Model</head><p>We use M2M100 <ref type="bibr" target="#b2">(Fan et al., 2020)</ref> as backbone models so that it can be used not only in English but also in various languages. M2M100 is a multilingual encoder-decoder model that can handle 100 languages, where M2M100-small and M2M100large two versions are used.</p></div>
<div xmlns="http://www.tei-c.org/ns/1.0"><head n="2.2">Generate Paraphrase Candidates</head><p>We generate paraphrase candidates as follows with two methods according to the combination of encoder and decoder.</p></div>
<div xmlns="http://www.tei-c.org/ns/1.0"><head n="2.2.1">Src-Encoder+Src-Decoder</head><p>The first framework-1 is to use only one language (i.e. source language). Thus, the decoder generates paraphrase candidates directly from the encoded vector of the source sentence. This framework is similar to auto-encoder, but since the paraphrase model is based on a translation system, it has the purpose of generating the same meaning rather than reconstruction.</p></div>
<div xmlns="http://www.tei-c.org/ns/1.0"><head n="2.2.2">Round-trip Translation</head><p>If a candidate sentence is generated with only Section 2.2.1, the diversity decreases, so the second framework-2 uses two languages to generate more candidates. In other words, we use the round-trip translation mentioned in the <ref type="bibr" target="#b15">Sennrich et al. (2016)</ref> to translate the source sentence into the target sentence and translate it back into the source sentence. Because back-translation depends on the performance of the translation system, context information can sometimes be lost, but it can generate various candidates. M2M100 supports 100 languages, but we selected and used English, Korean, French, Japanese, Chinese, German, and Spanish as the language pool.</p></div>
<div xmlns="http://www.tei-c.org/ns/1.0"><head n="2.2.3">Decoder Options</head><p>When generating paraphrase candidates, we expand the set of candidates by adding various options to the decoder.</p><p>In the framework-1, beam search with the beam size of 10 is used and the top-5 candidate sentences are generated. In addition, the following blocking restrictions are additionally applied. (1) Output tokens are restricted so that they do not overlap more than half of the length of the source sentence in succession with the source tokens. (2) It is prevented from generating repetitive 3-grams within the output sentence.</p><p>In the framework-2, 3-beam-search is used in both the forward and backward paths, and the top-1 candidate sentence is generated, and the rest are the same as the framework-1.</p></div>
<div xmlns="http://www.tei-c.org/ns/1.0"><head n="2.3">Ranking and Filtering</head><p>We filter through various scores to select the best paraphrase among paraphrase candidates. All ranking and filtering processes measure the score in all lowercase letters to eliminate differences due to uppercase and lowercase letters. The candidates with poor scores in each filtering step are discarded.</p></div>
<div xmlns="http://www.tei-c.org/ns/1.0"><head n="2.3.1">Overlapping</head><p>We remove the overlapping sentences among the candidates that are different from the source sentence. Even in different sentences, candidates that differ only in spaces or by substitution of upper and lower case letters are considered to be the same sentence. The remaining sentences that have been filtered in this section are called overlap_cands.</p></div>
<div xmlns="http://www.tei-c.org/ns/1.0"><head n="2.3.2">Diversity</head><p>We measure diversity by comparing overlap_cands and source sentences. We use word error rate <ref type="bibr" target="#b10">(Morris et al., 2004)</ref> as diversity metrics, where the higher the score, the higher the diversity. WER (word error rate) refers to the Levenshtein distance between the source sentence and the candidates, and works at the word level instead of the phoneme level. Originally, WER was proposed to measure the performance of an automatic speech recognition system, but we use it to measure the difference between sentences. In this step, only min(5, #num(overlap_cands)/2) sentences with a high diversity score are left, and this is called diversity_cands.</p></div>
<div xmlns="http://www.tei-c.org/ns/1.0"><head n="2.3.3">Fluency</head><p>To evaluate fluency, we measure PPL (perplexity) using a language model. Fluency indicates the naturalness of the sentence, and the lower the PPL, the better the fluency. We use GPT2-medium <ref type="bibr" target="#b13">(Radford et al., 2019)</ref> as the language model and leave only min(3, #num(diversity_cands)/2) sentences with a low PPL, and call this f luency_cands. </p></div>
<div xmlns="http://www.tei-c.org/ns/1.0"><head n="2.3.4">Semantic</head><p>Semantic score measures using a bidirectional pretrained language model. BERTScore <ref type="bibr" target="#b17">(Zhang* et al., 2020)</ref> leverages the contextual embeddings and matches words in the candidates and the source sentence by cosine similarity. Higher scores mean semantic similarity, and we use RoBERTa-large <ref type="bibr" target="#b4">(Liu et al., 2020b)</ref> in BERTScore. We measure the semantic score using the source sentence as a reference and f luency_cands as candidates.</p></div>
<div xmlns="http://www.tei-c.org/ns/1.0"><head n="2.4">Details</head><p>If the source sentence is very short or given a simple structure, in order to obtain more candidates, the decoder options in Section 2.2.3 are restricted so that the source and output sentences do not overlap more than 2-grams.</p></div>
<div xmlns="http://www.tei-c.org/ns/1.0"><head n="3">Experiments</head><p>Our training and tests are tested on a single V100 GPU, and the details are described in this Section.</p></div>
<div xmlns="http://www.tei-c.org/ns/1.0"><head n="3.1">Paraphrasing</head></div>
<div xmlns="http://www.tei-c.org/ns/1.0"><head n="3.1.1">Dataset</head><p>To measure the performance of paraphrase systems, we used Quora Question Pairs (QQP) test data with 30,000 pairs used in Patro et al. ( <ref type="formula">2018</ref>) and medical domain dataset <ref type="bibr" target="#b7">(McCreery et al., 2020)</ref>.</p></div>
<div xmlns="http://www.tei-c.org/ns/1.0"><head n="3.1.2">Evaluation Metrics</head><p>We measure the semantic, diversity, and fluency scores of paraphrases. To set Section 2.3 and the evaluation metric differently, diversity uses Isacreblue (inverser-sacrebleu). Isacrebleu is calculated as 100-sacrebleu <ref type="bibr" target="#b12">(Post, 2018)</ref>, and the higher the number of overlapping n-grams between candidates and source sentences, the lower the score. The semantic score is measured by comparing it with the gold references provided by the dataset and using Bleurt <ref type="bibr" target="#b14">(Sellam et al., 2020)</ref>. Bleurt is an evaluation metric trained on biased training data so that BERT can model human judgments. We use bleurt-base-128 as the model for Bleurt. When measuring Fluency, GPT2-small is used as a language model.</p></div>
<div xmlns="http://www.tei-c.org/ns/1.0"><head n="3.2">Downstream Task</head><p>To demonstrate the usefulness of our approach, we paraphrase several downstream datasets to experiment with the effects of data augmentation. We test sentence classification in the domains of financial phrasebank <ref type="bibr" target="#b6">(Malo et al., 2014)</ref> and hate speech <ref type="bibr" target="#b1">(de Gibert et al., 2018)</ref> to check usefulness in various domains. It is also paraphrased in hate speech <ref type="bibr" target="#b9">(Moon et al., 2020)</ref> in Korean to check its usefulness not only in English but also in other languages.</p><p>We download the datasets using huggingface's dataset library<ref type="foot" target="#foot_1">2</ref> . Financial phrasebank and hate speech (eng) are randomly divided into training, validation, and test data because only training data is provided. Hate speech (kor) provides training and test data, so a portion of the training data is used as validation. Since our purpose is to confirm the performance improvement with data augmented by paraphrase in a scenario where there is insufficient data, we preprocess hate speech as follows. (1) In hate speech (eng), the data class is unbalanced, so the data of the class that appears excessively is discarded at random to balance the data. Also, since the amount of existing training data is sufficiently large, in order to limit it to a scenario where data is insufficient, we only use 50% of the randomly balanced training data. (2) Hate speech (kor) similarly has enough training data, so only 20% of the training data is randomly used for training. Table <ref type="table" target="#tab_0">1</ref> shows the statistics of the processed downstream tasks and the performance is measured by accuracy.</p></div>
<div xmlns="http://www.tei-c.org/ns/1.0"><head n="4">Results</head></div>
<div xmlns="http://www.tei-c.org/ns/1.0"><head n="4.1">Paraphrasing</head><p>Table <ref type="table" target="#tab_1">2</ref> shows the performance of paraphrase. Edlp and Edlps are supervised learning models introduced in Patro et al. ( <ref type="formula">2018</ref>), ED, L, P and S stand for encoder-decoder, cross-entropy, pair-wise discriminator loss, and parameter sharing, respectively. CGMH <ref type="bibr" target="#b8">(Miao et al., 2019)</ref> uses Metropolis-Hastings sampling in word space to generate constrained sentences. UPSA <ref type="bibr" target="#b3">(Liu et al., 2020a</ref>) is a method of generating Unsupervised Paraphrase through Simulated Annealing, which searches the sentence space towards this objective by performing a sequence of local edits. M2M100 is an M2Mlarge model that paraphrases source sentences with greedy search (top-1) in framework-1. Our approach achieves the best performance in terms of semantic and fluency scores than previous studies of supervised and unsupervised methods. The diversity score is not the best performance, but it achieves a score comparable to other models. M2M100, which generates a paraphrase using the same model as ours, achieves the second semantic score, but the diversity is worse than the previous methods. That is, the method of generating simply as a translation model as one option is not perfect, and the rate of generating by copying source sentences from M2M100 in the QQP dataset is 8.41%.</p></div>
<div xmlns="http://www.tei-c.org/ns/1.0"><head n="4.2">Downstream Task</head><p>Table <ref type="table" target="#tab_3">3</ref> shows the performance of sentence classification, which are downstream tasks. BERT-base is a bidirectional pre-trained language model. Transformer has the same architecture, but trains from scratch. Both models are trained five times and are the average of the measured performances. We observe that the performance of models is improved when the augmented corpus is used for training.</p><p>Because BERT is a pre-trained language model trained from numerous corpuses, it has the ability to extract contextual knowledge. Nevertheless, adding the corpus augmented with paraphrase improves the performance, which shows that it helps training even when fine-tuning the pre-trained language model. Transformers trained from scratch do not have general knowledge of the language, so performance changes through data augmentation are large. Performance is greatly improved in financial and hate speech (eng), but data augmentation in Transformer degrades performance in hate speech (kor). We find that Transformer can learn rich representations through paraphrasing of training data, but performance degradation can occur on fixed test data with a small amount of data.</p><p>Data augmentation through M2M also shows a similar pattern to ours, but the performance im-  provement is small and the performance degradation is large. We infer that, as shown in Section 4.1, the paraphrase performance difference and M2M generate some overlapping sentences.</p></div>
<div xmlns="http://www.tei-c.org/ns/1.0"><head n="5">Conclusion</head><p>We propose a system that generates various paraphrase candidates and finds the best candidate through multiple scores, which avoids the risk of relying on one model and one decoding option. Our approach captures semantic information better than the previous supervised and unsupervised methods and generates more natural sentences. The diversity score also achieves similar performance to the state-of-the-art unsupervised method. However, our approach may suffer from speed issues for inferencing heavy models in parallel on one server. For actual paraphrase use, it will be effective to extract candidates along with a simple model such as n-gram.</p><p>Our system shows that when data is insufficient in various domains, the classification performance can be improved through data augmentation through our paraphrasing. Our approach is easily extensible across many domains and languages, and we hope to help with a variety of NLP tasks, such as classification tasks with little data.</p></div><figure xmlns="http://www.tei-c.org/ns/1.0" type="table" xml:id="tab_0"><head>Table 1 :</head><label>1</label><figDesc>Downstream Datasets</figDesc><table><row><cell>Dataset</cell><cell>train dev test</cell></row><row><cell cols="2">Financial Phrasebank 1834 203 227</cell></row><row><cell>Hate Speech (eng)</cell><cell>1081 220 255</cell></row><row><cell>Hate Speech (kor)</cell><cell>1421 789 471</cell></row></table></figure>
<figure xmlns="http://www.tei-c.org/ns/1.0" type="table" xml:id="tab_1"><head>Table 2 :</head><label>2</label><figDesc>Paraphrasing performance of our approach and previous studies in QQP and Medical. The parentheses of CGMH mean iteration in which the sentence is modified with sample time. Bold text means the best performance.</figDesc><table><row><cell></cell><cell></cell><cell></cell><cell>QQP</cell><cell></cell><cell></cell><cell>Medical</cell><cell></cell></row><row><cell cols="2">Methods</cell><cell cols="6">Semantic Diversity Fluency Semantic Diversity Fluency</cell></row><row><cell></cell><cell></cell><cell>Bleurt</cell><cell>isacrebleu</cell><cell>PPL</cell><cell>Bleurt</cell><cell>isacrebleu</cell><cell>PPL</cell></row><row><cell>supervised</cell><cell>Edlp Edlps</cell><cell>-1.066 -0.857</cell><cell>86.843 83.504</cell><cell>585.384 597.024</cell><cell>--</cell><cell>--</cell><cell>--</cell></row><row><cell>unsuperivsed</cell><cell>UPSA CGMH(50) M2M100</cell><cell>-0.729 -0.842 0.036</cell><cell>65.749 65.35 43.539</cell><cell>392.833 556.163 346.17</cell><cell>-1.351 -1.405 -0.561</cell><cell>89.418 88.95 35.688</cell><cell>476.069 818.307 296.672</cell></row><row><cell></cell><cell>Ours</cell><cell>0.083</cell><cell>69.421</cell><cell>171.61</cell><cell>-0.508</cell><cell>68.735</cell><cell>158.76</cell></row><row><cell>source</cell><cell>input sentence gold reference</cell><cell>0.124 1</cell><cell>0 72.002</cell><cell>270.781 278.163</cell><cell>-0.523 1</cell><cell>0 88.632</cell><cell>249.107 171.786</cell></row></table></figure>
<figure xmlns="http://www.tei-c.org/ns/1.0" type="table" xml:id="tab_3"><head>Table 3 :</head><label>3</label><figDesc>Accuracy of fine-tuned models in downstream tasks. The performance of each model is the average of the values measured by experimenting five times.</figDesc><table /></figure>
			<note xmlns="http://www.tei-c.org/ns/1.0" place="foot" n="1" xml:id="foot_0">http://www.statmt.org/wmt20/</note>
			<note xmlns="http://www.tei-c.org/ns/1.0" place="foot" n="2" xml:id="foot_1">https://huggingface.co/datasets/{financial_phrasebank, hate_speech18, kor_hate}</note>
		</body>
		<back>
			<div type="references">

				<listBibl>

<biblStruct xml:id="b0">
	<analytic>
		<title level="a" type="main">Generating sentences from a continuous space</title>
		<author>
			<persName><forename type="first">R</forename><surname>Samuel</surname></persName>
		</author>
		<author>
			<persName><forename type="first">Luke</forename><surname>Bowman</surname></persName>
		</author>
		<author>
			<persName><forename type="first">Oriol</forename><surname>Vilnis</surname></persName>
		</author>
		<author>
			<persName><forename type="first">Andrew</forename><surname>Vinyals</surname></persName>
		</author>
		<author>
			<persName><forename type="first">Rafal</forename><surname>Dai</surname></persName>
		</author>
		<author>
			<persName><forename type="first">Samy</forename><surname>Jozefowicz</surname></persName>
		</author>
		<author>
			<persName><surname>Bengio</surname></persName>
		</author>
		<idno type="DOI">10.18653/v1/K16-1002</idno>
	</analytic>
	<monogr>
		<title level="m">Proceedings of The 20th SIGNLL Conference on Computational Natural Language Learning</title>
				<meeting>The 20th SIGNLL Conference on Computational Natural Language Learning<address><addrLine>Berlin, Germany</addrLine></address></meeting>
		<imprint>
			<date type="published" when="2016">2016</date>
			<biblScope unit="page" from="10" to="21" />
		</imprint>
	</monogr>
	<note>Association for Computational Linguistics</note>
	<note type="raw_reference">Samuel R. Bowman, Luke Vilnis, Oriol Vinyals, Andrew Dai, Rafal Jozefowicz, and Samy Bengio. 2016. Gen- erating sentences from a continuous space. In Pro- ceedings of The 20th SIGNLL Conference on Com- putational Natural Language Learning, pages 10-21, Berlin, Germany. Association for Computational Lin- guistics.</note>
</biblStruct>

<biblStruct xml:id="b1">
	<analytic>
		<title level="a" type="main">Hate Speech Dataset from a White Supremacy Forum</title>
		<author>
			<persName><forename type="first">Ona</forename><surname>De Gibert</surname></persName>
		</author>
		<author>
			<persName><forename type="first">Naiara</forename><surname>Perez</surname></persName>
		</author>
		<idno type="DOI">10.18653/v1/W18-5102</idno>
	</analytic>
	<monogr>
		<title level="m">Proceedings of the 2nd Workshop on Abusive Language Online (ALW2)</title>
				<meeting>the 2nd Workshop on Abusive Language Online (ALW2)<address><addrLine>Brussels, Belgium</addrLine></address></meeting>
		<imprint>
			<publisher>Association for Computational Linguistics</publisher>
			<date type="published" when="2018">2018</date>
			<biblScope unit="page" from="11" to="20" />
		</imprint>
	</monogr>
	<note>Aitor García-Pablos, and Montse Cuadros</note>
	<note type="raw_reference">Ona de Gibert, Naiara Perez, Aitor García-Pablos, and Montse Cuadros. 2018. Hate Speech Dataset from a White Supremacy Forum. In Proceedings of the 2nd Workshop on Abusive Language Online (ALW2), pages 11-20, Brussels, Belgium. Association for Computational Linguistics.</note>
</biblStruct>

<biblStruct xml:id="b2">
	<monogr>
		<title level="m" type="main">Beyond english-centric multilingual machine translation</title>
		<author>
			<persName><forename type="first">Angela</forename><surname>Fan</surname></persName>
		</author>
		<author>
			<persName><forename type="first">Shruti</forename><surname>Bhosale</surname></persName>
		</author>
		<author>
			<persName><forename type="first">Holger</forename><surname>Schwenk</surname></persName>
		</author>
		<author>
			<persName><forename type="first">Zhiyi</forename><surname>Ma</surname></persName>
		</author>
		<author>
			<persName><forename type="first">Ahmed</forename><surname>El-Kishky</surname></persName>
		</author>
		<author>
			<persName><forename type="first">Siddharth</forename><surname>Goyal</surname></persName>
		</author>
		<author>
			<persName><forename type="first">Mandeep</forename><surname>Baines</surname></persName>
		</author>
		<author>
			<persName><forename type="first">Onur</forename><surname>Celebi</surname></persName>
		</author>
		<author>
			<persName><forename type="first">Guillaume</forename><surname>Wenzek</surname></persName>
		</author>
		<author>
			<persName><forename type="first">Vishrav</forename><surname>Chaudhary</surname></persName>
		</author>
		<idno type="arXiv">arXiv:2010.11125</idno>
		<imprint>
			<date type="published" when="2020">2020</date>
		</imprint>
	</monogr>
	<note type="report_type">arXiv preprint</note>
	<note type="raw_reference">Angela Fan, Shruti Bhosale, Holger Schwenk, Zhiyi Ma, Ahmed El-Kishky, Siddharth Goyal, Mandeep Baines, Onur Celebi, Guillaume Wenzek, Vishrav Chaudhary, et al. 2020. Beyond english-centric multilingual machine translation. arXiv preprint arXiv:2010.11125.</note>
</biblStruct>

<biblStruct xml:id="b3">
	<analytic>
		<title level="a" type="main">Unsupervised paraphrasing by simulated annealing</title>
		<author>
			<persName><forename type="first">Xianggen</forename><surname>Liu</surname></persName>
		</author>
		<author>
			<persName><forename type="first">Lili</forename><surname>Mou</surname></persName>
		</author>
		<author>
			<persName><forename type="first">Fandong</forename><surname>Meng</surname></persName>
		</author>
		<author>
			<persName><forename type="first">Hao</forename><surname>Zhou</surname></persName>
		</author>
		<author>
			<persName><forename type="first">Jie</forename><surname>Zhou</surname></persName>
		</author>
		<author>
			<persName><forename type="first">Sen</forename><surname>Song</surname></persName>
		</author>
		<idno type="DOI">10.18653/v1/2020.acl-main.28</idno>
	</analytic>
	<monogr>
		<title level="m">Proceedings of the 58th Annual Meeting of the Association for Computational Linguistics</title>
				<meeting>the 58th Annual Meeting of the Association for Computational Linguistics</meeting>
		<imprint>
			<publisher>Online. Association for Computational Linguistics</publisher>
			<date type="published" when="2020">2020a</date>
			<biblScope unit="page" from="302" to="312" />
		</imprint>
	</monogr>
	<note type="raw_reference">Xianggen Liu, Lili Mou, Fandong Meng, Hao Zhou, Jie Zhou, and Sen Song. 2020a. Unsupervised para- phrasing by simulated annealing. In Proceedings of the 58th Annual Meeting of the Association for Computational Linguistics, pages 302-312, Online. Association for Computational Linguistics.</note>
</biblStruct>

<biblStruct xml:id="b4">
	<monogr>
		<author>
			<persName><forename type="first">Yinhan</forename><surname>Liu</surname></persName>
		</author>
		<author>
			<persName><forename type="first">Myle</forename><surname>Ott</surname></persName>
		</author>
		<author>
			<persName><forename type="first">Naman</forename><surname>Goyal</surname></persName>
		</author>
		<author>
			<persName><forename type="first">Jingfei</forename><surname>Du</surname></persName>
		</author>
		<author>
			<persName><forename type="first">Mandar</forename><surname>Joshi</surname></persName>
		</author>
		<author>
			<persName><forename type="first">Danqi</forename><surname>Chen</surname></persName>
		</author>
		<author>
			<persName><forename type="first">Omer</forename><surname>Levy</surname></persName>
		</author>
		<author>
			<persName><forename type="first">Mike</forename><surname>Lewis</surname></persName>
		</author>
		<author>
			<persName><forename type="first">Luke</forename><surname>Zettlemoyer</surname></persName>
		</author>
		<author>
			<persName><forename type="first">Veselin</forename><surname>Stoyanov</surname></persName>
		</author>
		<title level="m">Ro{bert}a: A robustly optimized {bert} pretraining approach</title>
				<imprint>
			<date type="published" when="2020">2020b</date>
		</imprint>
	</monogr>
	<note type="raw_reference">Yinhan Liu, Myle Ott, Naman Goyal, Jingfei Du, Man- dar Joshi, Danqi Chen, Omer Levy, Mike Lewis, Luke Zettlemoyer, and Veselin Stoyanov. 2020b. Ro{bert}a: A robustly optimized {bert} pretraining approach.</note>
</biblStruct>

<biblStruct xml:id="b5">
	<analytic>
		<title level="a" type="main">Paraphrasing revisited with neural machine translation</title>
		<author>
			<persName><forename type="first">Jonathan</forename><surname>Mallinson</surname></persName>
		</author>
		<author>
			<persName><forename type="first">Rico</forename><surname>Sennrich</surname></persName>
		</author>
		<author>
			<persName><forename type="first">Mirella</forename><surname>Lapata</surname></persName>
		</author>
	</analytic>
	<monogr>
		<title level="m">Proceedings of the 15th Conference of the European Chapter</title>
		<title level="s">the Association for Computational Linguistics</title>
		<meeting>the 15th Conference of the European Chapter<address><addrLine>Valencia, Spain</addrLine></address></meeting>
		<imprint>
			<publisher>Association for Computational Linguistics</publisher>
			<date type="published" when="2017">2017</date>
			<biblScope unit="volume">1</biblScope>
			<biblScope unit="page" from="881" to="893" />
		</imprint>
	</monogr>
	<note>Long Papers</note>
	<note type="raw_reference">Jonathan Mallinson, Rico Sennrich, and Mirella Lapata. 2017. Paraphrasing revisited with neural machine translation. In Proceedings of the 15th Conference of the European Chapter of the Association for Compu- tational Linguistics: Volume 1, Long Papers, pages 881-893, Valencia, Spain. Association for Computa- tional Linguistics.</note>
</biblStruct>

<biblStruct xml:id="b6">
	<analytic>
		<title level="a" type="main">Good debt or bad debt: Detecting semantic orientations in economic texts</title>
		<author>
			<persName><forename type="first">P</forename><surname>Malo</surname></persName>
		</author>
		<author>
			<persName><forename type="first">A</forename><surname>Sinha</surname></persName>
		</author>
		<author>
			<persName><forename type="first">P</forename><surname>Korhonen</surname></persName>
		</author>
		<author>
			<persName><forename type="first">J</forename><surname>Wallenius</surname></persName>
		</author>
		<author>
			<persName><forename type="first">P</forename><surname>Takala</surname></persName>
		</author>
	</analytic>
	<monogr>
		<title level="j">Journal of the Association for Information Science and Technology</title>
		<imprint>
			<biblScope unit="page">65</biblScope>
			<date type="published" when="2014">2014</date>
		</imprint>
	</monogr>
	<note type="raw_reference">P. Malo, A. Sinha, P. Korhonen, J. Wallenius, and P. Takala. 2014. Good debt or bad debt: Detecting se- mantic orientations in economic texts. Journal of the Association for Information Science and Technology, 65.</note>
</biblStruct>

<biblStruct xml:id="b7">
	<analytic>
		<title level="a" type="main">Effective transfer learning for identifying similar questions: Matching user questions to covid-19 faqs</title>
		<author>
			<persName><forename type="first">Clara</forename><forename type="middle">H</forename><surname>Mccreery</surname></persName>
		</author>
		<author>
			<persName><forename type="first">Namit</forename><surname>Katariya</surname></persName>
		</author>
		<author>
			<persName><forename type="first">Anitha</forename><surname>Kannan</surname></persName>
		</author>
		<author>
			<persName><forename type="first">Manish</forename><surname>Chablani</surname></persName>
		</author>
		<author>
			<persName><forename type="first">Xavier</forename><surname>Amatriain</surname></persName>
		</author>
		<idno type="DOI">10.1145/3394486.3412861</idno>
	</analytic>
	<monogr>
		<title level="m">Proceedings of the 26th ACM SIGKDD International Conference on Knowledge Discovery &amp;; Data Mining, KDD &apos;20</title>
				<meeting>the 26th ACM SIGKDD International Conference on Knowledge Discovery &amp;; Data Mining, KDD &apos;20<address><addrLine>New York, NY, USA</addrLine></address></meeting>
		<imprint>
			<publisher>Association for Computing Machinery</publisher>
			<date type="published" when="2020">2020</date>
			<biblScope unit="page" from="3458" to="3465" />
		</imprint>
	</monogr>
	<note type="raw_reference">Clara H. McCreery, Namit Katariya, Anitha Kannan, Manish Chablani, and Xavier Amatriain. 2020. Ef- fective transfer learning for identifying similar ques- tions: Matching user questions to covid-19 faqs. In Proceedings of the 26th ACM SIGKDD International Conference on Knowledge Discovery &amp;; Data Min- ing, KDD &apos;20, page 3458-3465, New York, NY, USA. Association for Computing Machinery.</note>
</biblStruct>

<biblStruct xml:id="b8">
	<analytic>
		<title level="a" type="main">Cgmh: Constrained sentence generation by metropolis-hastings sampling</title>
		<author>
			<persName><forename type="first">Ning</forename><surname>Miao</surname></persName>
		</author>
		<author>
			<persName><forename type="first">Hao</forename><surname>Zhou</surname></persName>
		</author>
		<author>
			<persName><forename type="first">Lili</forename><surname>Mou</surname></persName>
		</author>
		<author>
			<persName><forename type="first">Rui</forename><surname>Yan</surname></persName>
		</author>
		<author>
			<persName><forename type="first">Lei</forename><surname>Li</surname></persName>
		</author>
		<idno type="DOI">10.1609/aaai.v33i01.33016834</idno>
	</analytic>
	<monogr>
		<title level="m">Proceedings of the AAAI Conference on Artificial Intelligence</title>
				<meeting>the AAAI Conference on Artificial Intelligence</meeting>
		<imprint>
			<date type="published" when="2019">2019</date>
			<biblScope unit="volume">33</biblScope>
			<biblScope unit="page" from="6834" to="6842" />
		</imprint>
	</monogr>
	<note type="raw_reference">Ning Miao, Hao Zhou, Lili Mou, Rui Yan, and Lei Li. 2019. Cgmh: Constrained sentence genera- tion by metropolis-hastings sampling. Proceedings of the AAAI Conference on Artificial Intelligence, 33(01):6834-6842.</note>
</biblStruct>

<biblStruct xml:id="b9">
	<analytic>
		<title level="a" type="main">BEEP! Korean corpus of online news comments for toxic speech detection</title>
		<author>
			<persName><forename type="first">Jihyung</forename><surname>Moon</surname></persName>
		</author>
		<author>
			<persName><forename type="first">Won</forename><forename type="middle">Ik</forename><surname>Cho</surname></persName>
		</author>
		<author>
			<persName><forename type="first">Junbum</forename><surname>Lee</surname></persName>
		</author>
	</analytic>
	<monogr>
		<title level="m">Proceedings of the Eighth International Workshop on Natural Language Processing for Social Media</title>
				<meeting>the Eighth International Workshop on Natural Language Processing for Social Media</meeting>
		<imprint>
			<publisher>Online. Association for Computational Linguistics</publisher>
			<date type="published" when="2020">2020</date>
			<biblScope unit="page" from="25" to="31" />
		</imprint>
	</monogr>
	<note type="raw_reference">Jihyung Moon, Won Ik Cho, and Junbum Lee. 2020. BEEP! Korean corpus of online news comments for toxic speech detection. In Proceedings of the Eighth International Workshop on Natural Language Pro- cessing for Social Media, pages 25-31, Online. As- sociation for Computational Linguistics.</note>
</biblStruct>

<biblStruct xml:id="b10">
	<analytic>
		<title level="a" type="main">From wer and ril to mer and wil: improved evaluation measures for connected speech recognition</title>
		<author>
			<persName><forename type="first">A</forename><surname>Morris</surname></persName>
		</author>
		<author>
			<persName><forename type="first">V</forename><surname>Maier</surname></persName>
		</author>
		<author>
			<persName><forename type="first">P</forename><surname>Green</surname></persName>
		</author>
	</analytic>
	<monogr>
		<title level="m">INTERSPEECH</title>
				<imprint>
			<date type="published" when="2004">2004</date>
		</imprint>
	</monogr>
	<note type="raw_reference">A. Morris, V. Maier, and P. Green. 2004. From wer and ril to mer and wil: improved evaluation measures for connected speech recognition. In INTERSPEECH.</note>
</biblStruct>

<biblStruct xml:id="b11">
	<analytic>
		<title level="a" type="main">Learning semantic sentence embeddings using sequential pairwise discriminator</title>
		<author>
			<persName><forename type="first">Badri</forename><surname>Narayana Patro</surname></persName>
		</author>
		<author>
			<persName><forename type="first">Vinod</forename><forename type="middle">Kumar</forename><surname>Kurmi</surname></persName>
		</author>
		<author>
			<persName><forename type="first">Sandeep</forename><surname>Kumar</surname></persName>
		</author>
		<author>
			<persName><forename type="first">Vinay</forename><surname>Namboodiri</surname></persName>
		</author>
	</analytic>
	<monogr>
		<title level="m">Proceedings of the 27th International Conference on Computational Linguistics</title>
				<meeting>the 27th International Conference on Computational Linguistics<address><addrLine>Santa Fe, New Mexico, USA</addrLine></address></meeting>
		<imprint>
			<publisher>Association for Computational Linguistics</publisher>
			<date type="published" when="2018">2018</date>
			<biblScope unit="page" from="2715" to="2729" />
		</imprint>
	</monogr>
	<note type="raw_reference">Badri Narayana Patro, Vinod Kumar Kurmi, Sandeep Kumar, and Vinay Namboodiri. 2018. Learning se- mantic sentence embeddings using sequential pair- wise discriminator. In Proceedings of the 27th Inter- national Conference on Computational Linguistics, pages 2715-2729, Santa Fe, New Mexico, USA. As- sociation for Computational Linguistics.</note>
</biblStruct>

<biblStruct xml:id="b12">
	<analytic>
		<title level="a" type="main">A call for clarity in reporting BLEU scores</title>
		<author>
			<persName><forename type="first">Matt</forename><surname>Post</surname></persName>
		</author>
	</analytic>
	<monogr>
		<title level="m">Proceedings of the Third Conference on Machine Translation: Research Papers</title>
				<meeting>the Third Conference on Machine Translation: Research Papers<address><addrLine>Belgium, Brussels</addrLine></address></meeting>
		<imprint>
			<publisher>Association for Computational Linguistics</publisher>
			<date type="published" when="2018">2018</date>
			<biblScope unit="page" from="186" to="191" />
		</imprint>
	</monogr>
	<note type="raw_reference">Matt Post. 2018. A call for clarity in reporting BLEU scores. In Proceedings of the Third Conference on Machine Translation: Research Papers, pages 186- 191, Belgium, Brussels. Association for Computa- tional Linguistics.</note>
</biblStruct>

<biblStruct xml:id="b13">
	<analytic>
		<title level="a" type="main">Language models are unsupervised multitask learners</title>
		<author>
			<persName><forename type="first">Alec</forename><surname>Radford</surname></persName>
		</author>
		<author>
			<persName><forename type="first">Jeffrey</forename><surname>Wu</surname></persName>
		</author>
		<author>
			<persName><forename type="first">Rewon</forename><surname>Child</surname></persName>
		</author>
		<author>
			<persName><forename type="first">David</forename><surname>Luan</surname></persName>
		</author>
		<author>
			<persName><forename type="first">Dario</forename><surname>Amodei</surname></persName>
		</author>
		<author>
			<persName><forename type="first">Ilya</forename><surname>Sutskever</surname></persName>
		</author>
	</analytic>
	<monogr>
		<title level="j">OpenAI blog</title>
		<imprint>
			<biblScope unit="volume">1</biblScope>
			<biblScope unit="issue">8</biblScope>
			<biblScope unit="page">9</biblScope>
			<date type="published" when="2019">2019</date>
		</imprint>
	</monogr>
	<note type="raw_reference">Alec Radford, Jeffrey Wu, Rewon Child, David Luan, Dario Amodei, and Ilya Sutskever. 2019. Language models are unsupervised multitask learners. OpenAI blog, 1(8):9.</note>
</biblStruct>

<biblStruct xml:id="b14">
	<analytic>
		<title level="a" type="main">BLEURT: Learning robust metrics for text generation</title>
		<author>
			<persName><forename type="first">Thibault</forename><surname>Sellam</surname></persName>
		</author>
		<author>
			<persName><forename type="first">Dipanjan</forename><surname>Das</surname></persName>
		</author>
		<author>
			<persName><forename type="first">Ankur</forename><surname>Parikh</surname></persName>
		</author>
		<idno type="DOI">10.18653/v1/2020.acl-main.704</idno>
	</analytic>
	<monogr>
		<title level="m">Proceedings of the 58th Annual Meeting of the Association for Computational Linguistics</title>
				<meeting>the 58th Annual Meeting of the Association for Computational Linguistics</meeting>
		<imprint>
			<publisher>Online. Association for Computational Linguistics</publisher>
			<date type="published" when="2020">2020</date>
			<biblScope unit="page" from="7881" to="7892" />
		</imprint>
	</monogr>
	<note type="raw_reference">Thibault Sellam, Dipanjan Das, and Ankur Parikh. 2020. BLEURT: Learning robust metrics for text genera- tion. In Proceedings of the 58th Annual Meeting of the Association for Computational Linguistics, pages 7881-7892, Online. Association for Computational Linguistics.</note>
</biblStruct>

<biblStruct xml:id="b15">
	<analytic>
		<title level="a" type="main">Improving neural machine translation models with monolingual data</title>
		<author>
			<persName><forename type="first">Rico</forename><surname>Sennrich</surname></persName>
		</author>
		<author>
			<persName><forename type="first">Barry</forename><surname>Haddow</surname></persName>
		</author>
		<author>
			<persName><forename type="first">Alexandra</forename><surname>Birch</surname></persName>
		</author>
		<idno type="DOI">10.18653/v1/P16-1009</idno>
	</analytic>
	<monogr>
		<title level="m">Proceedings of the 54th Annual Meeting of the Association for Computational Linguistics</title>
		<title level="s">Long Papers</title>
		<meeting>the 54th Annual Meeting of the Association for Computational Linguistics<address><addrLine>Berlin, Germany</addrLine></address></meeting>
		<imprint>
			<date type="published" when="2016">2016</date>
			<biblScope unit="volume">1</biblScope>
			<biblScope unit="page" from="86" to="96" />
		</imprint>
	</monogr>
	<note>Association for Computational Linguistics</note>
	<note type="raw_reference">Rico Sennrich, Barry Haddow, and Alexandra Birch. 2016. Improving neural machine translation models with monolingual data. In Proceedings of the 54th Annual Meeting of the Association for Computational Linguistics (Volume 1: Long Papers), pages 86-96, Berlin, Germany. Association for Computational Lin- guistics.</note>
</biblStruct>

<biblStruct xml:id="b16">
	<analytic>
		<title level="a" type="main">Paraphrase generation as zero-shot multilingual translation: Disentangling semantic similarity from lexical and syntactic diversity</title>
		<author>
			<persName><forename type="first">Brian</forename><surname>Thompson</surname></persName>
		</author>
		<author>
			<persName><forename type="first">Matt</forename><surname>Post</surname></persName>
		</author>
	</analytic>
	<monogr>
		<title level="m">Proceedings of the Fifth Conference on Machine Translation</title>
				<meeting>the Fifth Conference on Machine Translation</meeting>
		<imprint>
			<publisher>Online. Association for Computational Linguistics</publisher>
			<date type="published" when="2020">2020</date>
			<biblScope unit="page" from="561" to="570" />
		</imprint>
	</monogr>
	<note type="raw_reference">Brian Thompson and Matt Post. 2020. Paraphrase gener- ation as zero-shot multilingual translation: Disentan- gling semantic similarity from lexical and syntactic diversity. In Proceedings of the Fifth Conference on Machine Translation, pages 561-570, Online. Asso- ciation for Computational Linguistics.</note>
</biblStruct>

<biblStruct xml:id="b17">
	<analytic>
		<title level="a" type="main">Bertscore: Evaluating text generation with bert</title>
		<author>
			<persName><forename type="first">Tianyi</forename><surname>Zhang</surname></persName>
		</author>
		<author>
			<persName><forename type="first">*</forename></persName>
		</author>
		<author>
			<persName><forename type="first">Varsha</forename><surname>Kishore</surname></persName>
		</author>
		<author>
			<persName><forename type="first">*</forename></persName>
		</author>
		<author>
			<persName><forename type="first">Felix</forename><surname>Wu</surname></persName>
		</author>
		<author>
			<persName><forename type="first">*</forename></persName>
		</author>
		<author>
			<persName><forename type="first">Kilian</forename><forename type="middle">Q</forename><surname>Weinberger</surname></persName>
		</author>
		<author>
			<persName><forename type="first">Yoav</forename><surname>Artzi</surname></persName>
		</author>
	</analytic>
	<monogr>
		<title level="m">International Conference on Learning Representations</title>
				<imprint>
			<date type="published" when="2020">2020</date>
		</imprint>
	</monogr>
	<note type="raw_reference">Tianyi Zhang*, Varsha Kishore*, Felix Wu*, Kilian Q. Weinberger, and Yoav Artzi. 2020. Bertscore: Eval- uating text generation with bert. In International Conference on Learning Representations.</note>
</biblStruct>

				</listBibl>
			</div>
		</back>
	</text>
</TEI>
