<?xml version="1.0" encoding="UTF-8"?>
<TEI xml:space="preserve" xmlns="http://www.tei-c.org/ns/1.0" 
xmlns:xsi="http://www.w3.org/2001/XMLSchema-instance" 
xsi:schemaLocation="http://www.tei-c.org/ns/1.0 https://raw.githubusercontent.com/kermitt2/grobid/master/grobid-home/schemas/xsd/Grobid.xsd"
 xmlns:xlink="http://www.w3.org/1999/xlink">
	<teiHeader xml:lang="en">
		<fileDesc>
			<titleStmt>
				<title level="a" type="main">On the Impact of Noises in Crowd-Sourced Data for Speech Translation</title>
			</titleStmt>
			<publicationStmt>
				<publisher/>
				<availability status="unknown"><licence/></availability>
			</publicationStmt>
			<sourceDesc>
				<biblStruct>
					<analytic>
						<author>
							<persName><forename type="first">Siqi</forename><surname>Ouyang</surname></persName>
							<email>siqiouyang@ucsb.edu</email>
							<affiliation key="aff0">
								<orgName type="institution">University of California</orgName>
								<address>
									<settlement>Santa Barbara</settlement>
									<region>CA</region>
									<country key="US">USA</country>
								</address>
							</affiliation>
						</author>
						<author>
							<persName><forename type="first">Rong</forename><surname>Ye</surname></persName>
							<email>yerong@bytedance.com</email>
							<affiliation key="aff1">
								<orgName type="department">ByteDance AI Lab</orgName>
								<address>
									<settlement>Shanghai</settlement>
									<country key="CN">China</country>
								</address>
							</affiliation>
						</author>
						<author>
							<persName><forename type="first">Lei</forename><surname>Li</surname></persName>
							<email>leili@cs.ucsb.edu</email>
							<affiliation key="aff0">
								<orgName type="institution">University of California</orgName>
								<address>
									<settlement>Santa Barbara</settlement>
									<region>CA</region>
									<country key="US">USA</country>
								</address>
							</affiliation>
						</author>
						<title level="a" type="main">On the Impact of Noises in Crowd-Sourced Data for Speech Translation</title>
					</analytic>
					<monogr>
						<imprint>
							<date/>
						</imprint>
					</monogr>
					<idno type="MD5">B95D2520E2DC00F51EBC948795F7929D</idno>
				</biblStruct>
			</sourceDesc>
		</fileDesc>
		<encodingDesc>
			<appInfo>
				<application version="0.7.3-SNAPSHOT" ident="GROBID" when="2023-01-12T09:21+0000">
					<desc>GROBID - A machine learning software for extracting information from scholarly documents</desc>
					<ref target="https://github.com/kermitt2/grobid"/>
				</application>
			</appInfo>
		</encodingDesc>
		<profileDesc>
			<abstract>
<div xmlns="http://www.tei-c.org/ns/1.0"><p>Training speech translation (ST) models requires large and high-quality datasets. MuST-C is one of the most widely used ST benchmark datasets. It contains around 400 hours of speech-transcript-translation data for each of the eight translation directions. This dataset passes several quality-control filters during creation. However, we find that MuST-C still suffers from three major quality issues: audiotext misalignment, inaccurate translation, and unnecessary speaker's name. What are the impacts of these data quality issues for model development and evaluation? In this paper, we propose an automatic method to fix or filter the above quality issues, using English-German (En-De) translation as an example. Our experiments show that ST models perform better on clean test sets, and the rank of proposed models remains consistent across different test sets. Besides, simply removing misaligned data points from the training set does not lead to a better ST model. 1  </p></div>
			</abstract>
		</profileDesc>
	</teiHeader>
	<text xml:lang="en">
		<body>
<div xmlns="http://www.tei-c.org/ns/1.0"><head n="1">Introduction</head><p>Speech-to-text translation (ST) aims to translate a speech of a certain language into a text translation of another language. Recent advances of end-to-end ST models have been largely boosted by the release of large high-quality parallel datasets <ref type="bibr" target="#b4">(Kocabiyikoglu et al., 2018;</ref><ref type="bibr" target="#b1">Di Gangi et al., 2019;</ref><ref type="bibr" target="#b11">Wang et al., 2021)</ref>. A clean test set is essential to evaluate the effectiveness of proposed models, and a sizeable well-aligned training set is important to train powerful ST models <ref type="bibr" target="#b12">(Wang et al., 2020)</ref>.</p><p>Currently, the most widely-used ST benchmark dataset is <ref type="bibr">MuST-C (Di Gangi et al., 2019)</ref>. It consists of around 400 hours of speech-transcripttranslation data from English into eight languages (German, Spanish, French, Italian, Dutch, Portuguese, Romanian, and Russian). MuST-C was built upon English TED Talks, which are often transcribed and translated by voluntary human annotators. A bilingual sentence-level text corpus is firstly constructed based on sentence segmentation and Gargantua alignment tool <ref type="bibr">(Braune and Fraser, 2010)</ref>. Then, the transcription is aligned to the corresponding audio tracks using Gentle forced aligner<ref type="foot" target="#foot_1">2</ref> built on Kaldi ASR toolkit <ref type="bibr" target="#b8">(Povey et al., 2011)</ref>. During alignment, entire talks are discarded if greater than 15% of words cannot be recognized, and sentences are removed if none of the words was aligned.</p><p>Though MuST-C passed through several qualitycontrol filters, this dataset is still not perfect. Through manual checking, we find three major quality issues in the dataset -inaccurate translation, audio-text misalignment, and unnecessary speaker's name. Along with the three issues identified, more importantly, we are interested in the following questions: Do they affect the robustness of end-to-end speech translation models trained on this corpus? Can we trust the results from existing works using this data?</p><p>In order to answer the above questions, we propose an automatic method to filter or fix the aforementioned errors in both the training and test sets. And based on the original and the fixed datasets, we evaluate many popular ST systems including codebases such as ESPnet <ref type="bibr" target="#b3">(Inaguma et al., 2020)</ref> and published models such as XSTNet <ref type="bibr" target="#b13">(Ye et al., 2021)</ref>. Our experiments have shown that the performance of models we test is actually better than we thought, and their rank remains consistent across test sets. Besides, simply removing those data points with audio-text misalignment from the training set cannot significantly improve ST models.</p></div>
<div xmlns="http://www.tei-c.org/ns/1.0"><head>Audio Id</head></div>
<div xmlns="http://www.tei-c.org/ns/1.0"><head>Transcripts</head><p>Translations ted_319_84 That's what we were looking forward to. That is where we're going -this union, this convergence of the atomic and the digital.</p><p>Danach sehnen wir uns. Das ist wo wir hingehen -Diese Einheit, die Konvergenz des Atomaren und des Digitalen. ted_319_85 this convergence of the atomic and the digital. And so one of the consequences of that, I believe, is that where we have this sort of spectrum of media right now -TV, film, video -that basically becomes one media platform.</p><p>die Konvergenz des Atomaren und des Digitalen. Eine Konsequenz davon ist, glaube ich, dass wir dieses aktuelle Spektrum an Medien -TV, Film, Video -zu einer Medienplatzform wird.</p><p>ted_319_86 film, video -that basically becomes one media platform. And while there's many differences in some senses, they will share more and more in common with each other.</p><p>Film, Video -zu einer Medienplatzform wird. Es wird viele Unterschiede im gewissen Sinn geben, sie werden aber mehr und mehr miteinander gemeinsam haben.</p><p>Table <ref type="table">1</ref>: Examples of misalignment between audio and text. Extra words that are not in the given transcript but included in the audio are highlighted in red, and missing words that are included in the transcript but not in the audio are highlighted in blue.</p><p>2 Quality Issues in MuST-C Corpus</p><p>In this section, we identify three issues that harm the quality of MuST-C dataset. We choose the En-De direction as an example since it is the most widely used direction for demonstrating the performance of ST models.</p></div>
<div xmlns="http://www.tei-c.org/ns/1.0"><head>Audio-Text Misalignment</head><p>We randomly sample 1000 utterances from the training set of MuST-C En-De dataset and manually verify whether the audio and text are misaligned. We find 69 cases of misalignment out of 1000 given samples. Most of the time, the audio include extra words from the previous or subsequent sentence of its corresponding transcript and translation and omit some of the words of the correct text. This misalignment, once occurs, affects not only one utterance but also utterances around it.</p><p>Table <ref type="table">1</ref> shows a typical case where misalignment happens in consecutive utterances. Each audio contains words of its preceding utterance and omits the last few words of its correct text counterpart. Since MuST-C was built by first constructing bilingual text corpus and then aligning English transcripts with audio tracks, audio-translation misalignments usually occur once audio tracks and transcripts are misaligned. In our sample, 68 out of 69 cases follow this observation. Note that this kind of error can be automatically detected and possibly fixed by a well-trained forced aligner. Inaccurate Translation We uniformly sample 200 audio-transcript-translation triples from tst-COMMON set and ask human translators proficient in both English and German to label which German translations are not accurate based on given audio files and transcripts.</p><p>Table <ref type="table">2</ref> demonstrates typical errors that human translators find. In the first case, the English word "unless" is missing in its German translation, which completely changes the meaning of sentence. In the second case, the German word "Vollmachtszertifikat" means "power of attorney" rather than "certificate authority". In the third case, "the most peaceful" is translated to "very peaceful". In the last case, German translation adds an extra sentence "Bei dem vorigen Beispiel ging es darum, Einzelheiten zu finden" in the beginning that is not expressed in the audio and transcript. Some of the errors might be caused by human annotators who volunteered to translate the subtitles for the TED Talk (e.g., case 1,2 and 3), and others might be caused by transcript-translation alignment tools used in dataset creation (e.g., case 4). However, it is hard to quantify the number of translation errors, and we will see its empirical impact in the next section. Unnecessary Speaker's Name Since MuST-C dataset is built on top of subtitles of TED talks, sometimes the subtitle will include additional information like the speaker's name in a multi-speaker scenario. This additional information cannot be recognized given the single audio segment. However, the impact is negligible since names are usually relatively short (less than 20 characters) compared to the entire utterance (more than 100 characters), and it does not frequently happen (around 7% in our sample). We merely showcase here the existence of such a problem.</p><p>To summarize, we have identified three quality issues, misalignment, inaccurate translation, and unnecessary extra information in the MuST-C dataset. In the next section, we will empirically quantify the impact of these issues in training and testing scenarios. Bei ::: dem :::::: vorigen ::::::: Beispiel ::: ging :: es :::::: darum, ::::::::: Einzelheiten ::</p><p>zu ::::: finden, aber was, wenn man die Pinselstriche sehen will?</p><p>Table <ref type="table">2</ref>: Examples of inaccurate translations found by human translators. Errors are highlighted in ::: red. The strikethrough corresponds to words that are missed in the inaccurate translation.</p></div>
<div xmlns="http://www.tei-c.org/ns/1.0"><head n="3">Examining the Impact of Quality Issues</head><p>In this section we examine the impact of discovered quality issues on both training and test set of MuST-C En-De dataset. We first fix errors for training and test sets. Then we train models on both original and clean training sets and evaluate their empirical performances on test sets with and without errors.</p></div>
<div xmlns="http://www.tei-c.org/ns/1.0"><head n="3.1">Detecting and Fixing Errors</head><p>We apply different techniques to fix training and test sets due to the size difference and different quality requirements. It is unrealistic to fix erroneous translations for the training set since it requires enormous human effort. Thus, we develop an automatic tool to detect the misalignment and remove them to obtain a clean training set. Specifically, we first expand the given audio track by one second in both ends and leverage a pretrained automatic speech recognition (ASR) model <ref type="bibr" target="#b0">(Baevski et al., 2020)</ref> <ref type="foot" target="#foot_2">3</ref> to conduct forced alignment between the expanded audio and transcript. If the given alignment exceeds the time range of the original audio by 0.15 seconds, we treat it as a misalignment. However, this alone cannot deal with the case that audio completely covers the transcript but also has extra content. Thus, we use the same model to conduct ASR task to extract the transcript. If the edit distance between the extracted transcript and the transcript given beforehand is larger than 0.7 times length of the given transcript, we also treat it as a misalignment. We choose the hyperparameters based on 1000 random samples of the dataset to achieve a high recall and an acceptable precision (95% and 82% measured on these samples), since we want the dataset to be as clean as possible. By removing these misaligned cases, we obtain a clean training set with 194k utterances compared to the Note that we align the audio tracks and the text translations by adjusting the audio time ranges rather than the translations since misaligned audio tracks correspond to incomplete sentences.</p></div>
<div xmlns="http://www.tei-c.org/ns/1.0"><head n="3.2">Examining the Impact</head><p>Experiment Setup We adopt a baseline model architecture W2V2-Transformer as in <ref type="bibr" target="#b13">Ye et al. (2021)</ref> which concatenates a pretrained Wav2vec2 audio encoder 4 and a Transformer <ref type="bibr" target="#b10">(Vaswani et al., 2017)</ref> with six encoder and decoder layers respectively. We also adopt the same training procedure as <ref type="bibr" target="#b13">Ye et al. (2021)</ref> except that we also pre-train the Transformer on WMT14 En-De MT dataset. Training arguments can be referred in the Appendix. We have also collected several representative opensourced models, including codebases <ref type="bibr">(ESPnet (Inaguma et al., 2020)</ref>, Fairseq ST <ref type="bibr" target="#b6">(Ott et al., 2019)</ref>, NeurST <ref type="bibr" target="#b14">(Zhao et al., 2021)</ref>) and published models (JT-S-MT <ref type="bibr" target="#b9">(Tang et al., 2021)</ref>, Chimera <ref type="bibr" target="#b2">(Han et al., 2021)</ref>, XSTNet <ref type="bibr" target="#b13">(Ye et al., 2021)</ref> and Speechformer <ref type="bibr" target="#b7">(Papi et al., 2021)</ref>), to robustify our experiments. The models are tested on the aforementioned four 4 We adopt the wav2vec 2.0 base model, which passes raw waveform through 7 convolution layers and 12 Transformer encoder layers.</p><p>It can be accessed here https://dl.fbaipublicfiles.com/ fairseq/wav2vec/wav2vec_small.pt versions of test sets. We report case-sensitive detokenized BLEU scores using sacreBLEU<ref type="foot" target="#foot_3">5</ref>, .<ref type="foot" target="#foot_4">6</ref> </p><p>Impact on Model Evaluation We are interested in whether the original test set is enough to serve as the metric for offline speech translation. Therefore, we examine if the rank of existing models will be different after fixing the errors. Results are shown in Table <ref type="table" target="#tab_1">3</ref>.</p><p>The BLEU score increase after switching to the clean test set is consistent across all models, indicating that the performance of these models is better than we previously thought. More importantly, the rank of models evaluated on tst-200 is also consistent with that evaluated on tst-200-fix-all. This demonstrates that the original test set, though noisy, can still assess models' performance.</p><p>We also conduct a case study to qualitatively examine the effect after fixing each of the errors. We run Chimera on both misaligned and aligned inputs to evaluate the effectiveness of fixing misalignment. Table <ref type="table" target="#tab_3">4</ref> shows two cases. As highlighted in blue, the translations generated by Chimera are more accurate given aligned inputs.</p><p>We also compare the BLEU score difference brought by fixing inaccurate references in Table <ref type="table" target="#tab_4">5</ref>. In both cases, the BLEU scores increase by a large margin, indicating the model performs actually better than we originally thought.  <ref type="table" target="#tab_5">6</ref>.</p></div>
<div xmlns="http://www.tei-c.org/ns/1.0"><head>Impact on Model Training</head><p>When tested on tst-200, the baseline model trained using the original training set performs better than the one trained using a clean counterpart. This phenomenon can be attributed to the larger dataset size and similarity between original training set and tst-200. Both scores increase after fixing misalignment and translation. Interestingly, fixing misalignment does not bring higher score increase for the model trained on clean data. After fixing all the errors, both models behave equally well. Based on these results, we conclude that simply removing the misaligned cases in the training set does not positively impact the model.</p></div>
<div xmlns="http://www.tei-c.org/ns/1.0"><head n="4">Related Works</head><p>The quality control of ST datasets is an essential but hard to solve task for dataset creators. <ref type="bibr">MuST-C (Di Gangi et al., 2019)</ref> was built upon TED Talks, which naturally comes with the question of inaccurate audio segmentation and audio-text alignment. Other datasets like CoVoST 2 <ref type="bibr" target="#b4">(Kocabiyikoglu et al., 2018;</ref><ref type="bibr" target="#b11">Wang et al., 2021)</ref>, which was built by reading given sentences, do not possess this kind of problems. Besides, MuST-C used Gentle to conduct the forced alignment and there are other newly developed forced aligners we can use such as the one we developed in this paper and Montreal Forced Aligner <ref type="bibr" target="#b5">(McAuliffe et al., 2017)</ref> which both take advantage of deep Transformer model and large audio datasets.</p></div>
<div xmlns="http://www.tei-c.org/ns/1.0"><head n="5">Conclusion</head><p>In this paper, we first identify three types of error in MuST-C En-De dataset: inaccurate trans- Wenn wir also darüber nachdenken, haben wir eine interessante Situation.</p><p>Wenn wir also darüber nachdenken, haben wir eine interessante Situation in unseren Händen. </p></div><figure xmlns="http://www.tei-c.org/ns/1.0" xml:id="fig_0"><head></head><label></label><figDesc>original 229k utterances in the MuST-C training set. For the test set, we uniformly sample 200 data points (about 10% of tst-COMMON) and manually fix the aforementioned errors one by one. This provides us four versions of test sets: • tst-200: the sampled 200 data points without modification. • tst-200-fix-misalignment: tst-200 with misalignment fixed. • tst-200-fix-translation: tst-200 with translation errors fixed. • tst-200-fix-all: tst-200 with both errors fixed.</figDesc></figure>
<figure xmlns="http://www.tei-c.org/ns/1.0" xml:id="fig_1"><head></head><label></label><figDesc>We examine the impact of discovered quality issues on the training set by training baseline models on the original and clean versions of the training set and evaluate them on four versions of test set. The BLEU scores are shown in Table</figDesc></figure>
<figure xmlns="http://www.tei-c.org/ns/1.0" type="table" xml:id="tab_0"><head></head><label></label><figDesc>Vollmachtszertifikat aus den Niederlanden -bzw. war es das. III Steve Pinker has showed us that, in fact, we're living during the most peaceful time ever in human history. Steve Pinker hat uns gezeigt, dass wir derzeit in einer</figDesc><table><row><cell cols="2">#Case Transcripts</cell><cell>Inaccurate Translations</cell></row><row><cell>I</cell><cell>Woman: 80's revival meets skater-punk, unless it's laun-dry day.</cell><cell>Frau: 80er Revival trifft auf Skaterpunk, ::::::::: es sei denn, außer am Waschtag.</cell></row><row><cell>II</cell><cell>DigiNotar is a certificate authority from the Netherlands</cell><cell>DigiNotar ist ein</cell></row><row><cell></cell><cell>-or actually, it was.</cell><cell></cell></row></table><note>:::::::::::::: ::: sehr :::::::: friedlichen Zeit der Menschengeschichte leben.VIBut what if you want to see brush strokes?:::</note></figure>
<figure xmlns="http://www.tei-c.org/ns/1.0" type="table" xml:id="tab_1"><head>Table 3 :</head><label>3</label><figDesc>Empirical performance of models evaluated on different test sets. tst-200 is an uniformly sampled 200data-point subset of tst-COMMON. tst-200-fix-all is another version of tst-200 with all quality issues fixed.</figDesc><table><row><cell>Models</cell><cell cols="3">tst-200 tst-200-fix-all tst-COMMON</cell></row><row><cell></cell><cell cols="2">w/o external MT data</cell><cell></cell></row><row><cell>ESPnet ST</cell><cell>21.7</cell><cell>23.8</cell><cell>22.9</cell></row><row><cell>Fairseq ST</cell><cell>22.4</cell><cell>24.3</cell><cell>22.7</cell></row><row><cell>NeurST</cell><cell>21.0</cell><cell>24.0</cell><cell>22.8</cell></row><row><cell>Speechformer</cell><cell>24.4</cell><cell>27.1</cell><cell>23.6</cell></row><row><cell>XSTNet base</cell><cell>25.5</cell><cell>27.4</cell><cell>25.5</cell></row><row><cell></cell><cell cols="2">w/ external MT data</cell><cell></cell></row><row><cell>Baseline</cell><cell>25.1</cell><cell>27.3</cell><cell>24.6</cell></row><row><cell>JT-S-MT</cell><cell>26.0</cell><cell>28.4</cell><cell>26.8</cell></row><row><cell>XSTNet expand</cell><cell>28.1</cell><cell>30.8</cell><cell>27.1</cell></row><row><cell>Chimera</cell><cell>28.2</cell><cell>31.1</cell><cell>27.1</cell></row></table></figure>
<figure xmlns="http://www.tei-c.org/ns/1.0" type="table" xml:id="tab_3"><head>Table 4 :</head><label>4</label><figDesc>Examples of translation with misaligned and without misaligned audio tracks. Improvements brought by aligned inputs are underlined in blue.</figDesc><table><row><cell cols="3">#Case Transcript</cell><cell cols="2">Inaccurate</cell><cell>Fixed</cell><cell></cell><cell></cell><cell cols="2">Translation</cell><cell>BLEU</cell></row><row><cell></cell><cell></cell><cell></cell><cell cols="2">Reference</cell><cell cols="2">Reference</cell><cell></cell><cell></cell><cell></cell></row><row><cell>I</cell><cell>Steve</cell><cell>Pinker</cell><cell>Steve</cell><cell>Pinker</cell><cell>Steve</cell><cell cols="2">Pinker</cell><cell>Steve</cell><cell>Pinker</cell><cell>13.1 → 50.7</cell></row><row><cell></cell><cell cols="2">has showed us</cell><cell cols="2">hat uns gezeigt,</cell><cell cols="3">hat uns gezeigt,</cell><cell cols="2">zeigte uns, dass</cell></row><row><cell></cell><cell cols="2">that, in fact,</cell><cell cols="2">dass wir derzeit</cell><cell cols="3">dass wir in</cell><cell cols="2">wir in der Tat</cell></row><row><cell></cell><cell>we're</cell><cell>living</cell><cell cols="2">in einer sehr</cell><cell>der</cell><cell>Tat</cell><cell>in</cell><cell cols="2">in einer der</cell></row><row><cell></cell><cell cols="2">during the most</cell><cell cols="2">friedlichen</cell><cell>der</cell><cell cols="2">friedlich-</cell><cell cols="2">friedlichsten</cell></row><row><cell></cell><cell cols="2">peaceful time</cell><cell cols="2">Zeit der Men-</cell><cell cols="3">sten Zeit der</cell><cell>Zeiten</cell><cell>der</cell></row><row><cell></cell><cell cols="2">ever in human</cell><cell cols="2">schengeschichte</cell><cell cols="2">Menschheits-</cell><cell></cell><cell cols="2">Menschheits-</cell></row><row><cell></cell><cell>history.</cell><cell></cell><cell>leben.</cell><cell></cell><cell cols="2">geschichte</cell><cell></cell><cell cols="2">geschichte</cell></row><row><cell></cell><cell></cell><cell></cell><cell></cell><cell></cell><cell>leben.</cell><cell></cell><cell></cell><cell>leben.</cell><cell></cell></row><row><cell>II</cell><cell cols="2">This idea of fire-</cell><cell cols="2">Glühwürmchen</cell><cell cols="3">Die Vorstellung</cell><cell cols="2">Die Idee von</cell><cell>1.6 → 19.3</cell></row><row><cell></cell><cell cols="2">flies in a jar,</cell><cell cols="2">in einem Glas</cell><cell cols="3">von Glühwürm-</cell><cell cols="2">Glühwürmchen</cell></row><row><cell></cell><cell cols="2">for some reason,</cell><cell cols="2">fand ich immer</cell><cell cols="3">chen in einem</cell><cell>und</cell><cell>einem</cell></row><row><cell></cell><cell cols="2">was always re-</cell><cell cols="2">ganz aufregend.</cell><cell cols="3">Glas fand ich</cell><cell cols="2">Kiefer war aus</cell></row><row><cell></cell><cell cols="2">ally exciting to</cell><cell></cell><cell></cell><cell cols="3">aus irgendeinem</cell><cell cols="2">irgendeinem</cell></row><row><cell></cell><cell>me.</cell><cell></cell><cell></cell><cell></cell><cell cols="3">Grund immer</cell><cell cols="2">Grund immer</cell></row><row><cell></cell><cell></cell><cell></cell><cell></cell><cell></cell><cell cols="3">ganz aufregend.</cell><cell cols="2">sehr aufregend</cell></row><row><cell></cell><cell></cell><cell></cell><cell></cell><cell></cell><cell></cell><cell></cell><cell></cell><cell>für mich.</cell><cell></cell></row></table></figure>
<figure xmlns="http://www.tei-c.org/ns/1.0" type="table" xml:id="tab_4"><head>Table 5 :</head><label>5</label><figDesc>Examples of BLEU score difference brought by fixing inaccurate translations.</figDesc><table><row><cell>Test-set \ Train-set</cell><cell cols="2">Original Clean</cell></row><row><cell>tst-200</cell><cell>25.06</cell><cell>24.38</cell></row><row><cell>tst-200-fix-misalignment</cell><cell>25.38</cell><cell>24.63</cell></row><row><cell>tst-200-fix-translation</cell><cell>26.86</cell><cell>26.99</cell></row><row><cell>tst-200-fix-all</cell><cell>27.34</cell><cell>27.32</cell></row><row><cell>tst-COMMON</cell><cell>24.60</cell><cell>24.03</cell></row></table></figure>
<figure xmlns="http://www.tei-c.org/ns/1.0" type="table" xml:id="tab_5"><head>Table 6 :</head><label>6</label><figDesc>BLEU scores of baseline model trained on raw/clean datasets and evaluated on different test sets. lation, audio-text misalignment, and unnecessary speaker's name. We then examine the impact of these errors by training models on both original and clean datasets and evaluate them on test sets before and after fixing these errors. Empirical results demonstrate that the existing noisy test set can still serve as the metric for evaluating speech trans-lation models. However, the model's performance is actually better than we previously thought. As for training, a clean training set does not significantly benefit the model's performance.</figDesc><table /></figure>
			<note xmlns="http://www.tei-c.org/ns/1.0" place="foot" n="1" xml:id="foot_0">The code is released at https://github.com/ owaski/MuST-C-clean</note>
			<note xmlns="http://www.tei-c.org/ns/1.0" place="foot" n="2" xml:id="foot_1">https://github.com/lowerquality/ gentle</note>
			<note xmlns="http://www.tei-c.org/ns/1.0" place="foot" n="3" xml:id="foot_2">https://huggingface.co/facebook/ wav2vec2-large-960h</note>
			<note xmlns="http://www.tei-c.org/ns/1.0" place="foot" n="5" xml:id="foot_3">https://github.com/mjpost/sacrebleu</note>
			<note xmlns="http://www.tei-c.org/ns/1.0" place="foot" n="6" xml:id="foot_4">BLEU signature: nrefs:1|bs:1000|seed:12345|case:mixed| eff:no|tok:13a| smooth:exp|version:2.0.0</note>
		</body>
		<back>

			<div type="acknowledgement">
<div xmlns="http://www.tei-c.org/ns/1.0"><head>Acknowledgements</head><p>Siqi Ouyang is supported by UCSB-IEE-Meta Collaborative Research Grant on AI.</p></div>
			</div>

			<div type="annex">
<div xmlns="http://www.tei-c.org/ns/1.0"><head>A Appendix</head></div>
<div xmlns="http://www.tei-c.org/ns/1.0"><head>A.1 Training Arguments of W2V2-Transformer</head><p>We first pre-train Transformer on WMT14 En-De MT dataset using Adam optimizer with β 1 = 0.9, β 2 = 0.98 and learning rate 5e-4. The effective batch size is 32,768 tokens. We firsly warmup the learning rate by 4k steps and then apply an inverse square root schedule algorithm to it. The norm of gradient is clipped to 10. We set label smoothing to 0.1. The model is trained for up to 500k steps, and we select the one with the highest BLEU score on the validation set. Then W2V2-Transformer is fine-tuned on MuST-C En-De dataset. The learning rate is 2e-4 and we warmup the it by 25k steps. The effective batch size is 16M frames. Other hyperparameters are the same as MT pre-training.</p></div>			</div>
			<div type="references">

				<listBibl>

<biblStruct xml:id="b0">
	<analytic>
		<title level="a" type="main">Improved unsupervised sentence alignment for symmetrical and asymmetrical parallel corpora</title>
		<author>
			<persName><forename type="first">Alexei</forename><surname>Baevski</surname></persName>
		</author>
		<author>
			<persName><forename type="first">Yuhao</forename><surname>Zhou</surname></persName>
		</author>
		<author>
			<persName><forename type="first">Abdelrahman</forename><surname>Mohamed</surname></persName>
		</author>
		<author>
			<persName><forename type="first">Michael</forename><surname>Auli</surname></persName>
		</author>
	</analytic>
	<monogr>
		<title level="m">Advances in Neural Information Processing Systems 33: Annual Conference on Neural Information Processing Systems</title>
				<editor>
			<persName><forename type="first">Fabienne</forename><surname>Braune</surname></persName>
		</editor>
		<editor>
			<persName><forename type="first">Alexander</forename><surname>Fraser</surname></persName>
		</editor>
		<meeting><address><addrLine>NeurIPS; Beijing, China</addrLine></address></meeting>
		<imprint>
			<date type="published" when="2010">2020. 2020. 2020. December 6-12, 2020. 2010</date>
			<biblScope unit="page" from="81" to="89" />
		</imprint>
	</monogr>
	<note>Coling 2010 Organizing Committee</note>
	<note type="raw_reference">Alexei Baevski, Yuhao Zhou, Abdelrahman Mohamed, and Michael Auli. 2020. wav2vec 2.0: A frame- work for self-supervised learning of speech represen- tations. In Advances in Neural Information Process- ing Systems 33: Annual Conference on Neural In- formation Processing Systems 2020, NeurIPS 2020, December 6-12, 2020, virtual. Fabienne Braune and Alexander Fraser. 2010. Im- proved unsupervised sentence alignment for sym- metrical and asymmetrical parallel corpora. In Col- ing 2010: Posters, pages 81-89, Beijing, China. Col- ing 2010 Organizing Committee.</note>
</biblStruct>

<biblStruct xml:id="b1">
	<analytic>
		<title level="a" type="main">MuST-C: a Multilingual Speech Translation Corpus</title>
		<author>
			<persName><forename type="first">A</forename><forename type="middle">Di</forename><surname>Mattia</surname></persName>
		</author>
		<author>
			<persName><forename type="first">Roldano</forename><surname>Gangi</surname></persName>
		</author>
		<author>
			<persName><forename type="first">Luisa</forename><surname>Cattoni</surname></persName>
		</author>
		<author>
			<persName><forename type="first">Matteo</forename><surname>Bentivogli</surname></persName>
		</author>
		<author>
			<persName><forename type="first">Marco</forename><surname>Negri</surname></persName>
		</author>
		<author>
			<persName><surname>Turchi</surname></persName>
		</author>
		<idno type="DOI">10.18653/v1/N19-1202</idno>
	</analytic>
	<monogr>
		<title level="m">Proc. of NAACL-HLT</title>
				<meeting>of NAACL-HLT<address><addrLine>Minneapolis, Minnesota</addrLine></address></meeting>
		<imprint>
			<publisher>Association for Computational Linguistics</publisher>
			<date type="published" when="2019">2019</date>
			<biblScope unit="page" from="2012" to="2017" />
		</imprint>
	</monogr>
	<note type="raw_reference">Mattia A. Di Gangi, Roldano Cattoni, Luisa Bentivogli, Matteo Negri, and Marco Turchi. 2019. MuST-C: a Multilingual Speech Translation Corpus. In Proc. of NAACL-HLT, pages 2012-2017, Minneapolis, Min- nesota. Association for Computational Linguistics.</note>
</biblStruct>

<biblStruct xml:id="b2">
	<analytic>
		<title level="a" type="main">Learning shared semantic space for speech-to-text translation</title>
		<author>
			<persName><forename type="first">Chi</forename><surname>Han</surname></persName>
		</author>
		<author>
			<persName><forename type="first">Mingxuan</forename><surname>Wang</surname></persName>
		</author>
		<author>
			<persName><forename type="first">Ji</forename><surname>Heng</surname></persName>
		</author>
		<author>
			<persName><forename type="first">Lei</forename><surname>Li</surname></persName>
		</author>
		<idno type="DOI">10.18653/v1/2021.findings-acl.195</idno>
	</analytic>
	<monogr>
		<title level="m">Findings of the Association for Computational Linguistics: ACL-IJCNLP 2021</title>
				<imprint>
			<publisher>Online. Association for Computational Linguistics</publisher>
			<date type="published" when="2021">2021</date>
			<biblScope unit="page" from="2214" to="2225" />
		</imprint>
	</monogr>
	<note type="raw_reference">Chi Han, Mingxuan Wang, Heng Ji, and Lei Li. 2021. Learning shared semantic space for speech-to-text translation. In Findings of the Association for Com- putational Linguistics: ACL-IJCNLP 2021, pages 2214-2225, Online. Association for Computational Linguistics.</note>
</biblStruct>

<biblStruct xml:id="b3">
	<analytic>
		<title level="a" type="main">ESPnet-ST: All-in-one speech translation toolkit</title>
		<author>
			<persName><forename type="first">Hirofumi</forename><surname>Inaguma</surname></persName>
		</author>
		<author>
			<persName><forename type="first">Shun</forename><surname>Kiyono</surname></persName>
		</author>
		<author>
			<persName><forename type="first">Kevin</forename><surname>Duh</surname></persName>
		</author>
		<author>
			<persName><forename type="first">Shigeki</forename><surname>Karita</surname></persName>
		</author>
		<author>
			<persName><forename type="first">Nelson</forename><surname>Yalta</surname></persName>
		</author>
		<author>
			<persName><forename type="first">Tomoki</forename><surname>Hayashi</surname></persName>
		</author>
		<author>
			<persName><forename type="first">Shinji</forename><surname>Watanabe</surname></persName>
		</author>
		<idno type="DOI">10.18653/v1/2020.acl-demos.34</idno>
	</analytic>
	<monogr>
		<title level="m">Proc. of ACL</title>
				<meeting>of ACL</meeting>
		<imprint>
			<publisher>Online. Association for Computational Linguistics</publisher>
			<date type="published" when="2020">2020</date>
			<biblScope unit="page" from="302" to="311" />
		</imprint>
	</monogr>
	<note type="raw_reference">Hirofumi Inaguma, Shun Kiyono, Kevin Duh, Shigeki Karita, Nelson Yalta, Tomoki Hayashi, and Shinji Watanabe. 2020. ESPnet-ST: All-in-one speech translation toolkit. In Proc. of ACL, pages 302-311, Online. Association for Computational Linguistics.</note>
</biblStruct>

<biblStruct xml:id="b4">
	<analytic>
		<title level="a" type="main">Augmenting librispeech with French translations: A multimodal corpus for direct speech translation evaluation</title>
		<author>
			<persName><forename type="first">Laurent</forename><surname>Ali Can Kocabiyikoglu</surname></persName>
		</author>
		<author>
			<persName><forename type="first">Olivier</forename><surname>Besacier</surname></persName>
		</author>
		<author>
			<persName><surname>Kraif</surname></persName>
		</author>
	</analytic>
	<monogr>
		<title level="m">Proceedings of the Eleventh International Conference on Language Resources and Evaluation (LREC 2018)</title>
				<meeting>the Eleventh International Conference on Language Resources and Evaluation (LREC 2018)<address><addrLine>Miyazaki, Japan</addrLine></address></meeting>
		<imprint>
			<date type="published" when="2018">2018</date>
		</imprint>
	</monogr>
	<note>European Language Resources Association (ELRA</note>
	<note type="raw_reference">Ali Can Kocabiyikoglu, Laurent Besacier, and Olivier Kraif. 2018. Augmenting librispeech with French translations: A multimodal corpus for direct speech translation evaluation. In Proceedings of the Eleventh International Conference on Language Re- sources and Evaluation (LREC 2018), Miyazaki, Japan. European Language Resources Association (ELRA).</note>
</biblStruct>

<biblStruct xml:id="b5">
	<analytic>
		<title level="a" type="main">Montreal forced aligner: Trainable textspeech alignment using kaldi</title>
		<author>
			<persName><forename type="first">Michael</forename><surname>Mcauliffe</surname></persName>
		</author>
		<author>
			<persName><forename type="first">Michaela</forename><surname>Socolof</surname></persName>
		</author>
		<author>
			<persName><forename type="first">Sarah</forename><surname>Mihuc</surname></persName>
		</author>
		<author>
			<persName><forename type="first">Michael</forename><surname>Wagner</surname></persName>
		</author>
		<author>
			<persName><forename type="first">Morgan</forename><surname>Sonderegger</surname></persName>
		</author>
	</analytic>
	<monogr>
		<title level="m">Proc. of INTER-SPEECH</title>
				<meeting>of INTER-SPEECH</meeting>
		<imprint>
			<publisher>ISCA</publisher>
			<date type="published" when="2017">2017</date>
			<biblScope unit="page" from="498" to="502" />
		</imprint>
	</monogr>
	<note type="raw_reference">Michael McAuliffe, Michaela Socolof, Sarah Mi- huc, Michael Wagner, and Morgan Sonderegger. 2017. Montreal forced aligner: Trainable text- speech alignment using kaldi. In Proc. of INTER- SPEECH, pages 498-502. ISCA.</note>
</biblStruct>

<biblStruct xml:id="b6">
	<analytic>
		<title level="a" type="main">fairseq: A fast, extensible toolkit for sequence modeling</title>
		<author>
			<persName><forename type="first">Myle</forename><surname>Ott</surname></persName>
		</author>
		<author>
			<persName><forename type="first">Sergey</forename><surname>Edunov</surname></persName>
		</author>
		<author>
			<persName><forename type="first">Alexei</forename><surname>Baevski</surname></persName>
		</author>
		<author>
			<persName><forename type="first">Angela</forename><surname>Fan</surname></persName>
		</author>
		<author>
			<persName><forename type="first">Sam</forename><surname>Gross</surname></persName>
		</author>
		<author>
			<persName><forename type="first">Nathan</forename><surname>Ng</surname></persName>
		</author>
		<author>
			<persName><forename type="first">David</forename><surname>Grangier</surname></persName>
		</author>
		<author>
			<persName><forename type="first">Michael</forename><surname>Auli</surname></persName>
		</author>
		<idno type="DOI">10.18653/v1/N19-4009</idno>
	</analytic>
	<monogr>
		<title level="m">Proceedings of the 2019 Conference of the North American Chapter of the Association for Computational Linguistics (Demonstrations)</title>
				<meeting>the 2019 Conference of the North American Chapter of the Association for Computational Linguistics (Demonstrations)<address><addrLine>Minneapolis</addrLine></address></meeting>
		<imprint>
			<publisher>Association for Computational Linguistics</publisher>
			<date type="published" when="2019">2019</date>
			<biblScope unit="page" from="48" to="53" />
		</imprint>
	</monogr>
	<note type="raw_reference">Myle Ott, Sergey Edunov, Alexei Baevski, Angela Fan, Sam Gross, Nathan Ng, David Grangier, and Michael Auli. 2019. fairseq: A fast, extensible toolkit for sequence modeling. In Proceedings of the 2019 Conference of the North American Chap- ter of the Association for Computational Linguistics (Demonstrations), pages 48-53, Minneapolis, Min- nesota. Association for Computational Linguistics.</note>
</biblStruct>

<biblStruct xml:id="b7">
	<analytic>
		<title level="a" type="main">Speechformer: Reducing information loss in direct speech translation</title>
		<author>
			<persName><forename type="first">Sara</forename><surname>Papi</surname></persName>
		</author>
		<author>
			<persName><forename type="first">Marco</forename><surname>Gaido</surname></persName>
		</author>
		<author>
			<persName><forename type="first">Matteo</forename><surname>Negri</surname></persName>
		</author>
		<author>
			<persName><forename type="first">Marco</forename><surname>Turchi</surname></persName>
		</author>
		<idno type="DOI">10.18653/v1/2021.emnlp-main.127</idno>
	</analytic>
	<monogr>
		<title level="m">Proc. of EMNLP</title>
				<meeting>of EMNLP</meeting>
		<imprint>
			<publisher>Dominican Republic. Association for Computational Linguistics</publisher>
			<date type="published" when="2021">2021</date>
			<biblScope unit="page" from="1698" to="1706" />
		</imprint>
		<respStmt>
			<orgName>Online and Punta Cana</orgName>
		</respStmt>
	</monogr>
	<note type="raw_reference">Sara Papi, Marco Gaido, Matteo Negri, and Marco Turchi. 2021. Speechformer: Reducing information loss in direct speech translation. In Proc. of EMNLP, pages 1698-1706, Online and Punta Cana, Domini- can Republic. Association for Computational Lin- guistics.</note>
</biblStruct>

<biblStruct xml:id="b8">
	<analytic>
		<title level="a" type="main">The kaldi speech recognition toolkit</title>
		<author>
			<persName><forename type="first">Daniel</forename><surname>Povey</surname></persName>
		</author>
		<author>
			<persName><forename type="first">Arnab</forename><surname>Ghoshal</surname></persName>
		</author>
		<author>
			<persName><forename type="first">Gilles</forename><surname>Boulianne</surname></persName>
		</author>
		<author>
			<persName><forename type="first">Lukas</forename><surname>Burget</surname></persName>
		</author>
		<author>
			<persName><forename type="first">Ondrej</forename><surname>Glembek</surname></persName>
		</author>
		<author>
			<persName><forename type="first">Nagendra</forename><surname>Goel</surname></persName>
		</author>
		<author>
			<persName><forename type="first">Mirko</forename><surname>Hannemann</surname></persName>
		</author>
		<author>
			<persName><forename type="first">Petr</forename><surname>Motlicek</surname></persName>
		</author>
		<author>
			<persName><forename type="first">Yanmin</forename><surname>Qian</surname></persName>
		</author>
		<author>
			<persName><forename type="first">Petr</forename><surname>Schwarz</surname></persName>
		</author>
		<author>
			<persName><forename type="first">Jan</forename><surname>Silovsky</surname></persName>
		</author>
		<author>
			<persName><forename type="first">Georg</forename><surname>Stemmer</surname></persName>
		</author>
		<author>
			<persName><forename type="first">Karel</forename><surname>Vesely</surname></persName>
		</author>
	</analytic>
	<monogr>
		<title level="m">IEEE 2011 Workshop on Automatic Speech Recognition and Understanding</title>
				<imprint>
			<publisher>IEEE Signal Processing Society</publisher>
			<date type="published" when="2011">2011</date>
			<biblScope unit="page">P11S</biblScope>
		</imprint>
	</monogr>
	<note type="raw_reference">Daniel Povey, Arnab Ghoshal, Gilles Boulianne, Lukas Burget, Ondrej Glembek, Nagendra Goel, Mirko Hannemann, Petr Motlicek, Yanmin Qian, Petr Schwarz, Jan Silovsky, Georg Stemmer, and Karel Vesely. 2011. The kaldi speech recognition toolkit. In IEEE 2011 Workshop on Automatic Speech Recognition and Understanding. IEEE Signal Pro- cessing Society. IEEE Catalog No.: CFP11SRW- USB.</note>
</biblStruct>

<biblStruct xml:id="b9">
	<analytic>
		<title level="a" type="main">Improving speech translation by understanding and learning from the auxiliary text translation task</title>
		<author>
			<persName><forename type="first">Yun</forename><surname>Tang</surname></persName>
		</author>
		<author>
			<persName><forename type="first">Juan</forename><surname>Pino</surname></persName>
		</author>
		<author>
			<persName><forename type="first">Xian</forename><surname>Li</surname></persName>
		</author>
		<author>
			<persName><forename type="first">Changhan</forename><surname>Wang</surname></persName>
		</author>
		<author>
			<persName><forename type="first">Dmitriy</forename><surname>Genzel</surname></persName>
		</author>
		<idno type="DOI">10.18653/v1/2021.acl-long.328</idno>
	</analytic>
	<monogr>
		<title level="m">Proc. of ACL</title>
				<meeting>of ACL</meeting>
		<imprint>
			<publisher>Online. Association for Computational Linguistics</publisher>
			<date type="published" when="2021">2021</date>
			<biblScope unit="page" from="4252" to="4261" />
		</imprint>
	</monogr>
	<note type="raw_reference">Yun Tang, Juan Pino, Xian Li, Changhan Wang, and Dmitriy Genzel. 2021. Improving speech transla- tion by understanding and learning from the auxil- iary text translation task. In Proc. of ACL, pages 4252-4261, Online. Association for Computational Linguistics.</note>
</biblStruct>

<biblStruct xml:id="b10">
	<analytic>
		<title level="a" type="main">Attention is all you need</title>
		<author>
			<persName><forename type="first">Ashish</forename><surname>Vaswani</surname></persName>
		</author>
		<author>
			<persName><forename type="first">Noam</forename><surname>Shazeer</surname></persName>
		</author>
		<author>
			<persName><forename type="first">Niki</forename><surname>Parmar</surname></persName>
		</author>
		<author>
			<persName><forename type="first">Jakob</forename><surname>Uszkoreit</surname></persName>
		</author>
		<author>
			<persName><forename type="first">Llion</forename><surname>Jones</surname></persName>
		</author>
		<author>
			<persName><forename type="first">Aidan</forename><forename type="middle">N</forename><surname>Gomez</surname></persName>
		</author>
		<author>
			<persName><forename type="first">Lukasz</forename><surname>Kaiser</surname></persName>
		</author>
		<author>
			<persName><forename type="first">Illia</forename><surname>Polosukhin</surname></persName>
		</author>
	</analytic>
	<monogr>
		<title level="m">Advances in Neural Information Processing Systems 30: Annual Conference on Neural Information Processing Systems 2017</title>
				<meeting><address><addrLine>Long Beach, CA, USA</addrLine></address></meeting>
		<imprint>
			<date type="published" when="2017-12-04">2017. December 4-9, 2017</date>
			<biblScope unit="page" from="5998" to="6008" />
		</imprint>
	</monogr>
	<note type="raw_reference">Ashish Vaswani, Noam Shazeer, Niki Parmar, Jakob Uszkoreit, Llion Jones, Aidan N. Gomez, Lukasz Kaiser, and Illia Polosukhin. 2017. Attention is all you need. In Advances in Neural Information Pro- cessing Systems 30: Annual Conference on Neural Information Processing Systems 2017, December 4- 9, 2017, Long Beach, CA, USA, pages 5998-6008.</note>
</biblStruct>

<biblStruct xml:id="b11">
	<analytic>
		<title level="a" type="main">Covost 2 and massively multilingual speech translation</title>
		<author>
			<persName><forename type="first">Changhan</forename><surname>Wang</surname></persName>
		</author>
		<author>
			<persName><forename type="first">Anne</forename><surname>Wu</surname></persName>
		</author>
		<author>
			<persName><forename type="first">Jiatao</forename><surname>Gu</surname></persName>
		</author>
		<author>
			<persName><forename type="first">Juan</forename><surname>Pino</surname></persName>
		</author>
		<idno type="DOI">10.21437/Interspeech.2021-2027</idno>
	</analytic>
	<monogr>
		<title level="m">Proc. of INTERSPEECH</title>
				<meeting>of INTERSPEECH</meeting>
		<imprint>
			<publisher>ISCA</publisher>
			<date type="published" when="2021">2021</date>
			<biblScope unit="page" from="2247" to="2251" />
		</imprint>
	</monogr>
	<note type="raw_reference">Changhan Wang, Anne Wu, Jiatao Gu, and Juan Pino. 2021. Covost 2 and massively multilingual speech translation. In Proc. of INTERSPEECH, pages 2247-2251. ISCA.</note>
</biblStruct>

<biblStruct xml:id="b12">
	<analytic>
		<title level="a" type="main">Curriculum pre-training for end-to-end speech translation</title>
		<author>
			<persName><forename type="first">Chengyi</forename><surname>Wang</surname></persName>
		</author>
		<author>
			<persName><forename type="first">Yu</forename><surname>Wu</surname></persName>
		</author>
		<author>
			<persName><forename type="first">Shujie</forename><surname>Liu</surname></persName>
		</author>
		<author>
			<persName><forename type="first">Ming</forename><surname>Zhou</surname></persName>
		</author>
		<author>
			<persName><forename type="first">Zhenglu</forename><surname>Yang</surname></persName>
		</author>
		<idno type="DOI">10.18653/v1/2020.acl-main.344</idno>
	</analytic>
	<monogr>
		<title level="m">Proc. of ACL</title>
				<meeting>of ACL</meeting>
		<imprint>
			<publisher>Online. Association for Computational Linguistics</publisher>
			<date type="published" when="2020">2020</date>
			<biblScope unit="page" from="3728" to="3738" />
		</imprint>
	</monogr>
	<note type="raw_reference">Chengyi Wang, Yu Wu, Shujie Liu, Ming Zhou, and Zhenglu Yang. 2020. Curriculum pre-training for end-to-end speech translation. In Proc. of ACL, pages 3728-3738, Online. Association for Compu- tational Linguistics.</note>
</biblStruct>

<biblStruct xml:id="b13">
	<analytic>
		<title level="a" type="main">End-toend speech translation via cross-modal progressive training</title>
		<author>
			<persName><forename type="first">Rong</forename><surname>Ye</surname></persName>
		</author>
		<author>
			<persName><forename type="first">Mingxuan</forename><surname>Wang</surname></persName>
		</author>
		<author>
			<persName><forename type="first">Lei</forename><surname>Li</surname></persName>
		</author>
		<idno type="DOI">10.21437/Interspeech.2021-1065</idno>
	</analytic>
	<monogr>
		<title level="m">Proc. of INTERSPEECH</title>
				<meeting>of INTERSPEECH</meeting>
		<imprint>
			<publisher>ISCA</publisher>
			<date type="published" when="2021">2021</date>
			<biblScope unit="page" from="2267" to="2271" />
		</imprint>
	</monogr>
	<note type="raw_reference">Rong Ye, Mingxuan Wang, and Lei Li. 2021. End-to- end speech translation via cross-modal progressive training. In Proc. of INTERSPEECH, pages 2267- 2271. ISCA.</note>
</biblStruct>

<biblStruct xml:id="b14">
	<analytic>
		<title level="a" type="main">NeurST: Neural speech translation toolkit</title>
		<author>
			<persName><forename type="first">Chengqi</forename><surname>Zhao</surname></persName>
		</author>
		<author>
			<persName><forename type="first">Mingxuan</forename><surname>Wang</surname></persName>
		</author>
		<author>
			<persName><forename type="first">Qianqian</forename><surname>Dong</surname></persName>
		</author>
		<author>
			<persName><forename type="first">Rong</forename><surname>Ye</surname></persName>
		</author>
		<author>
			<persName><forename type="first">Lei</forename><surname>Li</surname></persName>
		</author>
		<idno type="DOI">10.18653/v1/2021.acl-demo.7</idno>
	</analytic>
	<monogr>
		<title level="m">Proc. of ACL</title>
				<meeting>of ACL</meeting>
		<imprint>
			<publisher>Online. Association for Computational Linguistics</publisher>
			<date type="published" when="2021">2021</date>
			<biblScope unit="page" from="55" to="62" />
		</imprint>
	</monogr>
	<note type="raw_reference">Chengqi Zhao, Mingxuan Wang, Qianqian Dong, Rong Ye, and Lei Li. 2021. NeurST: Neural speech trans- lation toolkit. In Proc. of ACL, pages 55-62, Online. Association for Computational Linguistics.</note>
</biblStruct>

				</listBibl>
			</div>
		</back>
	</text>
</TEI>
