<?xml version="1.0" encoding="UTF-8"?>
<TEI xml:space="preserve" xmlns="http://www.tei-c.org/ns/1.0" 
xmlns:xsi="http://www.w3.org/2001/XMLSchema-instance" 
xsi:schemaLocation="http://www.tei-c.org/ns/1.0 https://raw.githubusercontent.com/kermitt2/grobid/master/grobid-home/schemas/xsd/Grobid.xsd"
 xmlns:xlink="http://www.w3.org/1999/xlink">
	<teiHeader xml:lang="en">
		<fileDesc>
			<titleStmt>
				<title level="a" type="main">NEWTS: A Corpus for News Topic-Focused Summarization *</title>
			</titleStmt>
			<publicationStmt>
				<publisher/>
				<availability status="unknown"><licence/></availability>
			</publicationStmt>
			<sourceDesc>
				<biblStruct>
					<analytic>
						<author>
							<persName><forename type="first">Seyed</forename><forename type="middle">Ali</forename><surname>Bahrainian</surname></persName>
							<email>bahrainian@brown.edu</email>
							<affiliation key="aff0">
								<orgName type="department">Department of Computer Science</orgName>
								<orgName type="institution">Brown University</orgName>
								<address>
									<country key="US">USA</country>
								</address>
							</affiliation>
							<affiliation key="aff1">
								<orgName type="laboratory">Machine Learning and Optimization Lab</orgName>
								<orgName type="institution">EPFL</orgName>
								<address>
									<country key="CH">Switzerland</country>
								</address>
							</affiliation>
						</author>
						<author>
							<persName><forename type="first">Sheridan</forename><surname>Feucht</surname></persName>
							<email>sheridan_feucht@brown.edu</email>
							<affiliation key="aff0">
								<orgName type="department">Department of Computer Science</orgName>
								<orgName type="institution">Brown University</orgName>
								<address>
									<country key="US">USA</country>
								</address>
							</affiliation>
						</author>
						<author>
							<persName><forename type="first">Carsten</forename><surname>Eickhoff</surname></persName>
							<email>carsten_eickhoff@brown.edu</email>
							<affiliation key="aff0">
								<orgName type="department">Department of Computer Science</orgName>
								<orgName type="institution">Brown University</orgName>
								<address>
									<country key="US">USA</country>
								</address>
							</affiliation>
						</author>
						<title level="a" type="main">NEWTS: A Corpus for News Topic-Focused Summarization *</title>
					</analytic>
					<monogr>
						<imprint>
							<date/>
						</imprint>
					</monogr>
					<idno type="MD5">1E92ACC0CA41D4551A51E81AF03E2D6B</idno>
				</biblStruct>
			</sourceDesc>
		</fileDesc>
		<encodingDesc>
			<appInfo>
				<application version="0.7.3-SNAPSHOT" ident="GROBID" when="2023-01-12T09:25+0000">
					<desc>GROBID - A machine learning software for extracting information from scholarly documents</desc>
					<ref target="https://github.com/kermitt2/grobid"/>
				</application>
			</appInfo>
		</encodingDesc>
		<profileDesc>
			<textClass>
				<keywords>
					<term>island</term>
					<term>beach</term>
					<term>sea</term>
					<term>gaal</term>
					<term>navy 32 water</term>
					<term>river</term>
					<term>lake</term>
					<term>bridge</term>
					<term>walker 78 court</term>
					<term>judge</term>
					<term>case</term>
					<term>appeal</term>
					<term>justice 46 law</term>
					<term>legal</term>
					<term>state</term>
					<term>marriage</term>
					<term>rights 12 islamic</term>
					<term>terror</term>
					<term>terrorist</term>
					<term>al</term>
					<term>threat 229 hotel</term>
					<term>guests</term>
					<term>bar</term>
					<term>glass</term>
					<term>wine 105 charged</term>
					<term>allegedly</term>
					<term>charges</term>
					<term>arrested</term>
					<term>alleged 72 health</term>
					<term>virus</term>
					<term>cases</term>
					<term>people</term>
					<term>bird 153 fire</term>
					<term>residents</term>
					<term>san</term>
					<term>wood</term>
					<term>firefighters 97 visit</term>
					<term>pope</term>
					<term>peace</term>
					<term>catholic</term>
					<term>roman 134 air</term>
					<term>plane</term>
					<term>aircraft</term>
					<term>flight</term>
					<term>flying 13 price</term>
					<term>cost</term>
					<term>products</term>
					<term>market</term>
					<term>prices 187 website</term>
					<term>disease</term>
					<term>spread</term>
					<term>ill</term>
					<term>contact 152 united</term>
					<term>manchester</term>
					<term>liverpool</term>
					<term>chelsea</term>
					<term>league 195 court</term>
					<term>trial</term>
					<term>guilty</term>
					<term>prison</term>
					<term>heard 64 group</term>
					<term>forces</term>
					<term>fighters</term>
					<term>killed</term>
					<term>fighting 113 campaign</term>
					<term>clinton</term>
					<term>governor</term>
					<term>presidential 163 airport</term>
					<term>passengers</term>
					<term>flight</term>
					<term>travel</term>
					<term>airlines 162 president</term>
					<term>obama</term>
					<term>white</term>
					<term>house</term>
					<term>barack 199 cup</term>
					<term>real</term>
					<term>madrid</term>
					<term>brazil</term>
					<term>ronaldo 129 attack</term>
					<term>attacks</term>
					<term>killed</term>
					<term>attacked</term>
					<term>bomb 175 house</term>
					<term>committee</term>
					<term>congress</term>
					<term>senate</term>
					<term>republican 211 london</term>
					<term>british</term>
					<term>uk</term>
					<term>britain</term>
					<term>royal 227 music</term>
					<term>singer</term>
					<term>song</term>
					<term>band</term>
					<term>bruce 194 russian</term>
					<term>russia</term>
					<term>european</term>
					<term>europe</term>
					<term>ukraine 217 club</term>
					<term>team</term>
					<term>season</term>
					<term>players</term>
					<term>england 61 match</term>
					<term>murray</term>
					<term>won</term>
					<term>title</term>
					<term>round 90 arsenal</term>
					<term>ball</term>
					<term>alex</term>
					<term>wenger</term>
					<term>villa 115 family</term>
					<term>wife</term>
					<term>daughter</term>
					<term>husband</term>
					<term>couple 236 film</term>
					<term>movie</term>
					<term>character</term>
					<term>films</term>
					<term>viewers 89 weight</term>
					<term>pounds</term>
					<term>fat</term>
					<term>diet</term>
					<term>body 39 war</term>
					<term>military</term>
					<term>defence</term>
					<term>army</term>
					<term>iraq 180 goal</term>
					<term>win</term>
					<term>side</term>
					<term>scored</term>
					<term>minutes 247 tax</term>
					<term>average</term>
					<term>benefits</term>
					<term>people</term>
					<term>rate 110 billion</term>
					<term>figures</term>
					<term>economy</term>
					<term>global</term>
					<term>growth 85 coast</term>
					<term>miles</term>
					<term>storm</term>
					<term>east</term>
					<term>map 196 school</term>
					<term>schools</term>
					<term>teacher</term>
					<term>high</term>
					<term>education 248 hospital</term>
					<term>medical</term>
					<term>doctors</term>
					<term>patients</term>
					<term>care 205 art</term>
					<term>museum</term>
					<term>display</term>
					<term>century</term>
					<term>history</term>
					<term>83 road</term>
					<term>driver</term>
					<term>driving</term>
					<term>traffic</term>
					<term>speed 48 food</term>
					<term>restaurant</term>
					<term>eat</term>
					<term>eating</term>
					<term>babies 144 online</term>
					<term>users</term>
					<term>internet</term>
					<term>site</term>
					<term>device 100 earth</term>
					<term>sun</term>
					<term>climate</term>
					<term>planet</term>
					<term>change 200 children</term>
					<term>child</term>
					<term>parents</term>
					<term>birth</term>
					<term>born 198 study</term>
					<term>researchers</term>
					<term>google</term>
					<term>scientists</term>
					<term>university 245 facebook</term>
					<term>mobile</term>
					<term>phone</term>
					<term>network</term>
					<term>samsung 128 money</term>
					<term>pay</term>
					<term>paid</term>
					<term>card</term>
					<term>credit 55 energy</term>
					<term>power</term>
					<term>heat</term>
					<term>plant</term>
					<term>fuel 101 crown</term>
					<term>grand</term>
					<term>race</term>
					<term>hamilton</term>
					<term>team 218 snow</term>
					<term>weather</term>
					<term>cold</term>
					<term>winter</term>
					<term>temperatures</term>
				</keywords>
			</textClass>
			<abstract>
<div xmlns="http://www.tei-c.org/ns/1.0"><p>Text summarization models are approaching human levels of fidelity. Existing benchmarking corpora provide concordant pairs of full and abridged versions of Web, news or, professional content. To date, all summarization datasets operate under a one-size-fits-all paradigm that may not reflect the full range of organic summarization needs. Several recently proposed models (e.g., plug and play language models) have the capacity to condition the generated summaries on a desired range of themes. These capacities remain largely unused and unevaluated as there is no dedicated dataset that would support the task of topic-focused summarization.</p><p>This paper introduces the first topical summarization corpus NEWTS, based on the wellknown CNN/Dailymail dataset, and annotated via online crowd-sourcing. Each source article is paired with two reference summaries, each focusing on a different theme of the source document. We evaluate a representative range of existing techniques and analyze the effectiveness of different prompting methods.</p></div>
			</abstract>
		</profileDesc>
	</teiHeader>
	<text xml:lang="en">
		<body>
<div xmlns="http://www.tei-c.org/ns/1.0"><head n="1">Introduction</head><p>With the recent advances in neural sequence-tosequence models, the automatic generation of text has reached unparalleled levels of fidelity. Abstractive summarization models that aim at generating condensed versions of a source article have outperformed Lead-3 baselines on most benchmark datasets <ref type="bibr" target="#b22">(See et al., 2017;</ref><ref type="bibr" target="#b15">Lewis et al., 2020)</ref>. However, all existing summarization benchmarks assume a one-size-fits-all paradigm under which model output is evaluated based on similarity to general-purpose reference summaries reflecting the full content of the original document. While certainly a necessary step, such evaluation approaches might not reflect the full range of summarization needs anymore. There are manifold settings in which tailored summaries matching the interests of the reader may be required. Some examples include the summarization of complex event streams with a focus on regions, entities or topics of interest for journalists or analysts, understanding reviews or opinions from different perspectives <ref type="bibr" target="#b11">(Hayashi et al., 2021)</ref>, the summarization of electronic health records with a focus on the medical sub-specialty of the physician reader, or any other form of personalized summarization targeting explicitly defined or implicitly mined preference parameters.</p><p>Several recently proposed text generation models already offer the potential of steering the generation process to conform to specific topic distributions <ref type="bibr" target="#b1">(Bahrainian et al., 2021)</ref>, or sentiment polarity <ref type="bibr" target="#b23">(Shen et al., 2017)</ref>. Plug and Play Language Models (PPLM) <ref type="bibr" target="#b8">(Dathathri et al., 2020)</ref> let us condition the generation process on themes of interest and text style transfer controls selected attributes, such as politeness, emotions, or humor of the generated text <ref type="bibr" target="#b14">(Jin et al., 2020)</ref>.</p><p>Despite increased efforts and interest in con-trolled summarization, no dataset exists on which these models can be evaluated. This paper closes this gap by introducing NEWTS, a NEWs Topicfocused Summarization corpus for the controlled generation of text. It is based on documents from the well-known CNN/Dailymail dataset, to which it adds new topic-focused summaries. Figure <ref type="figure" target="#fig_0">1</ref> illustrates an article summarized with respect to two different topics. We believe that NEWTS will significantly enrich the existing range of benchmarking collections, allowing the research community to better study and evaluate controlled text generation for summarization.</p><p>The main contributions of this paper are:</p><p>• We introduce and release the first dataset of topic-based abstractive summarization 1 . The dataset contains human-written topical reference summaries collected via online crowdsourcing.</p><p>• We evaluate a range of existing models alongside four different prompting techniques.</p><p>The remainder of this paper is organized as follows: Section 2 presents previous work on datasets for text generation. Next, Section 3 explains the dataset collection methodology and describes the resulting corpus. Section 4 discusses several existing models that we fine-tune and evaluate on the dataset. Section 5 presents an evaluation of these models and the various prompting strategies. Finally, Section 6 concludes with an outlook on future work.</p></div>
<div xmlns="http://www.tei-c.org/ns/1.0"><head n="2">Related Work</head><p>In this section, we review existing work focusing on (1) controlled text generation and (2) existing datasets in this domain. We note that this paper presents the first dataset on topic-focused abstractive summarization.</p></div>
<div xmlns="http://www.tei-c.org/ns/1.0"><head n="2.1">Controlled Text Generation</head><p>Controlled text generation encompasses transferring the style of an input text into a specific target form <ref type="bibr" target="#b14">(Jin et al., 2020)</ref>. Typical Style transfer tasks in the natural language domain include shifting the formality of texts <ref type="bibr" target="#b4">(Briakou et al., 2021)</ref>, the level of politeness <ref type="bibr" target="#b18">(Madaan et al., 2020)</ref>, bias versus neutrality <ref type="bibr" target="#b20">(Pryzant et al., 2020)</ref>, authorship style <ref type="bibr" target="#b6">(Carlson et al., 2018)</ref>, simplicity <ref type="bibr">(Cao et al.,</ref> 1 https://github.com/ali-bahrainian/NEWTS 2020), sentimental stance <ref type="bibr" target="#b23">(Shen et al., 2017)</ref>, target aspects in opinion summarization <ref type="bibr" target="#b10">(Frermann and Klementiev, 2019;</ref><ref type="bibr" target="#b0">Angelidis and Lapata, 2018)</ref> and topical focus <ref type="bibr" target="#b1">(Bahrainian et al., 2021)</ref>.</p><p>Persona-based text generation is another area of research that has been studied in the context of story-telling based on a particular personality type and sequences of images <ref type="bibr" target="#b7">(Chandu et al., 2019)</ref>.</p><p>The notion of persona-based text generation has also been studied in the context of dialogue using an Emotional Chatting Machine that generates responses in an emotional tone while conditioning on conversation history. The key feature of this work is that emotion, as opposed to persona, is deemed dynamic, and therefore emotional responses change throughout a conversation <ref type="bibr" target="#b26">(Zhou et al., 2018)</ref>.</p><p>Most of the controlled text generation tasks named above rely on learning a mapping between the source documents' latent representations and the target documents' representations. For instance, embeddings of a particular author/newspaper are learned jointly with the word embeddings of a source article and mapped onto a target form representation <ref type="bibr" target="#b9">(Fan et al., 2017)</ref>.</p><p>In this paper, we focus on topic-based controlled text generation to summarize a source article around a specified topic of interest.</p></div>
<div xmlns="http://www.tei-c.org/ns/1.0"><head n="2.2">Existing Datasets for Controlled Text Generation</head><p>As explained above, datasets for different text style transfer problems exist. However, contemporary summarization models such as PPLM <ref type="bibr" target="#b8">(Dathathri et al., 2020) and</ref><ref type="bibr">CATS (Bahrainian et al., 2021)</ref> suffer from a lack of existing datasets and hence a lack of quantitative evaluation in terms of steering the topical focus in text generation. Here we review a few closely related datasets to NEWTS.</p><p>The aspect-based sentiment summarization dataset WikiAsp <ref type="bibr" target="#b11">(Hayashi et al., 2021)</ref> targets the generation of summaries with respect to specific points of interest. For instance, the points of interest in the case of Barack Obama (as presented in their paper) may pertain to his 'early life,' career,' and 'presidency.' WikiAsp is extracted automatically from Wikipedia articles, using their section headings and boundaries as a proxy for aspect annotation. Our dataset vastly differs from WikiAsp in that it covers a broader range of themes and provides dedicated human-written reference summaries while WikiAsp reverse engineers and repur-poses existing articles. Finally, our dataset provides a different level of granularity and abstraction useful for separating intertwined concepts in articles. At the same time, WikiAsp merely enables the generation of text pertaining to a section header.</p><p>Another closely related dataset is MultiOpEd, a dataset of multi-perspective news editorials <ref type="bibr" target="#b17">(Liu et al., 2021)</ref>. This dataset is designed around argumentation structure in news editorials, focusing on automatic perspective discovery. The assumption here is that arguments presented in an editorial typically center around a concise, focused perspective. The dataset is designed such that a system is expected to produce a single-sentence perspective statement summarizing the arguments presented. For a query on a controversial topic, two news editorials respond to the query from two opposing point-of-views constructing a lengthy statement. Each editorial comes with a single paragraph abstract plus a one-sentence perspective that abstractively summarizes the editorial's key argument in the context of the query. The query is designed to allow only two opposing arguments, i.e. supporting or opposing it. For example, a query may be "is it right to end the lockdown?". Our dataset differs from MultiOpEd in that ours allows summarization of text with respect to two different (but not necessarily opposing) topics, while MultiOpEd is restricted to two opposing arguments on the same topic.</p><p>This paper introduces and releases the first dataset on topic-focused summarization gathered via online crowd-sourcing featuring 50 different topics.</p></div>
<div xmlns="http://www.tei-c.org/ns/1.0"><head n="3">A Novel Dataset for Controlled Summarization</head><p>In this section, we present NEWTS, a new dataset for controlled topic-focused text generation. We first elaborate on the steps to building the dataset. Subsequently, we present detailed statistics about the dataset.</p><p>Our dataset is built based on the well-known CNN/Dailymail dataset <ref type="bibr" target="#b13">(Hermann et al., 2015;</ref><ref type="bibr" target="#b19">Nallapati et al., 2016)</ref>, introducing an all-new facet of topical human-written summaries. For this purpose, we annotate a sample of the news articles from the CNN/Dailymail dataset via online crowd-sourcing such that each article is paired with two topicfocused human-written summaries corresponding to the top two topics present in the source article.   <ref type="bibr" target="#b3">(Bouma, 2009)</ref>. We perform this aggressive pruning of topics out of feasibility considerations regarding the number of documents per topic provided for fine-tuning neural summarization models. A list of all 50 topics is presented in the appendix. Selecting articles for annotation. After computing the 50 target topics of the dataset, we search the CNN/Dailymail dataset for source articles containing at least two topics from the pool of 50 topics with a topic prevalence above an empirically determined threshold.</p><p>By identifying documents that contain at least two topics with a topic prevalence above the empirical threshold 0.1, and a cumulative probability of both topics above 0.30, we ensure that the main content of the source article can be captured by focusing on the two main topics. Consequently, Annotating each source article with two topicfocused summaries. We use Amazon MTurk to obtain two summaries of the same source article, each focused on a different topic. The annotation process is designed such that a crowd-sourcing worker receives a source article and two topics written in the form of hand-curated phrases, along with instructions on how to write two summaries about the source article. The instructions request having at least three sentences per summary, focusing on one topic while avoiding the other topic as much as possible without any copy-pasting of entire sentences. For each of the 50 most coherent topics used in the dataset, we display the top 20 words with the highest probability of being present in that topic and manually write a series of phrases separated by commas exemplifying the topic in a few words. Controlling the quality of the human-written summaries. Once the human-written summaries are obtained, we perform a quality check on them to reject noisy annotations from the dataset. To ensure the dataset's quality, (1) we use a validated script to filter out unacceptable summaries automatically and (2) perform manual spot checks and ban problematic workers to further reduce potential noise in the dataset. We explain each of these steps below:</p><p>The automatic filtering script is developed to identify and reject summaries that are too short (i.e., shorter than three sentences required from the workers) or do not form a grammatical sentence, summaries that are not related to the topics discussed in the source article, summaries that do not mention the same entities discussed in the source article (using named entity recognition) and summaries that contain exact copy-pasting of full sentences from the source article. To check the topics of the summary and compare them with that of the source article, the script uses the same LDA topic model described earlier in this section. Subsequently, the script is validated by conducting three pilot studies, each annotating 100 documents, bringing the total number of documents tested to 300. We manually assess each annotation in order to evaluate the script. In the third pilot study, our script reached 100% agreement with two independent human experts in terms of accepting/rejecting the annotations.</p><p>We still conduct manual spot checks of the script output throughout the crowd-sourcing process to ensure a high-quality dataset. One of the two human experts read each sampled annotation and determine whether the quality satisfies the task description and the criteria explained earlier and rejects those annotations that do not meet the requirements. We use a z-test with a 95% confidence level and an error margin of +/ − 9.24% (i.e., from 85.76% to 100% of our population) as our sampling technique. Therefore, with a confidence of 95%, high quality for the annotations is ensured. Designing prompts for conditional text generation. In order to be able to condition a generation process sequence-to-sequence models on certain topics for producing summaries, we design four different prompt types paired with each summary to allow advanced prompt engineering techniques. In the following, we explain each method:</p><p>1. Topic Words: the first prompting technique utilizes the top 10 words based on their probability assignment in that topic separated by commas.</p><p>2. Topic Phrases: the second prompting method consists of the exact topic phrases that were</p></div>
<div xmlns="http://www.tei-c.org/ns/1.0"><head>Topic Words</head><p>Topic Phrases Topic Sentence Topic ID court, judge, case, appeal, justice, order, ruling, ruled, magistrates, ordered a court ruling, department of justice, appealed against a court ruling, judge reviewing a case, court order, magistrates This topic is about a court ruling, department of justice, appealing against a court ruling, judge reviewing a case, a court order, and magistrates.</p></div>
<div xmlns="http://www.tei-c.org/ns/1.0"><head>_TID78</head><p>fire, residents, san, wood, firefighters, burning, burned, blaze, flames, fires firefighters tackled the blaze, wood burning, residents evacuating, flames, spit embers downwind, burning buildings This topic is about firefighters tackling the blaze, wood burning, residents evacuating, flames, spit embers downwind, and burning buildings.</p></div>
<div xmlns="http://www.tei-c.org/ns/1.0"><head>_TID153</head><p>Table <ref type="table">1</ref>: Two topic examples with their corresponding topic phrases, topic sentences, and topic IDs hand-written based on the top topic words and sent to the annotators to understand the topic.</p><p>3. Topic Sentences: the third prompting method is a hand-written sentence describing a topic and what that topic is about. In practice, such sentences connect all the topical phrases from the previous prompting method in a sentence.</p><p>4. Topic ID: the fourth prompting method represents each topic with a unique topic identifier to examine the possibility of learning a topic embedding using a simple topic identifier.</p><p>Table <ref type="table">1</ref> presents two of the 50 sample topics in the first column with their top 10 corresponding words according to their associated probability in that topic. The first topic is related to courts and justice while the second topic is related to fires and burning residences. The four columns of the table correspond to each prompt type described above.</p><p>Each of the prompts presented in the paper are prepended to the tokens of the source article separated by a special separation token and fed to the Transformer-based models. We will compare all these prompting methods in a benchmark for the task of topic-controlled abstractive summarization.</p><p>The resulting dataset consists of 3,000 source articles (2,400 from the training set of the CNN/Dailymail dataset to construct the train set of NEWTS, and 600 articles from the test set of the CNN/Dailymail dataset to form the test set of NEWTS). Each article is annotated with two summaries, each focusing on a different topic present in the article. The overall number of manually composed topical summaries is, therefore, 6, 000 (4, 800 for training and 1, 200 for testing). The summaries of the final training set have a length of 416.1 characters on average, while the average number of sentences and number of tokens per summary is 5.5 and 70.2, respectively. The average number of characters per test summary is 412.9, while the average number of sentences and the average number of tokens per summary are 5.0 and 70.1, respectively.</p><p>Figures <ref type="figure" target="#fig_3">3 and 4</ref> show the number of documents per topic normalized by size present in our dataset side-by-side that of the CNN/Dailymail dataset. The former figure illustrates these numbers for the test sets, while the latter pertains to the train sets.</p></div>
<div xmlns="http://www.tei-c.org/ns/1.0"><head n="4">Topical Summarization Models</head><p>Text-to-Text Transfer Transformer: The T5 (Text-to-Text Transfer Transformer) model is an important example of the Transformer family <ref type="bibr" target="#b21">(Raffel et al., 2019)</ref> that uses transfer-learning on the original Transformer architecture <ref type="bibr" target="#b24">(Vaswani et al., 2017)</ref>. The authors study several variants of the Transformer architecture and finally fine-tune them on different natural language processing tasks. The main difference from the original model is the use of relative positional embeddings as an explicit position signal of the tokens. BART: The next model that is noteworthy in this domain is BART <ref type="bibr" target="#b15">(Lewis et al., 2020)</ref>. BART is a denoising autoencoder for pretraining sequenceto-sequence natural language processing models. It is trained by "corrupting text with an arbitrary noising function and learning a model to reconstruct the original text" <ref type="bibr" target="#b15">(Lewis et al., 2020)</ref>. Analogous to the T5 model, BART is based on the Transformer architecture <ref type="bibr" target="#b24">(Vaswani et al., 2017)</ref>. It uses a number of noising approaches, such as token masking, token deletion, randomly shuffling the order of the original sentences, and a novel infilling scheme, where spans of text are replaced with a single mask token. The only major difference to the Transformer architecture is that, following GPT, the authors replace ReLU activation functions with GeLUs <ref type="bibr" target="#b12">(Hendrycks and Gimpel, 2016)</ref>. They also state that their proposed architecture "is closely related to that used in BERT, with the following differences: (1) each layer of the decoder additionally performs cross-attention over the final hidden layer of the encoder (as in the transformer sequence-to-sequence model); and (2) BERT uses an additional feed-forward network before word prediction, which BART does not" <ref type="bibr" target="#b15">(Lewis et al., 2020)</ref>. BART is then fine-tuned on in-domain data for text generation tasks such as abstractive summarization.</p><p>ProphetNet: The final model in this category is ProphetNet <ref type="bibr" target="#b25">(Yan et al., 2020)</ref>, which currently represents the state-of-the-art in abstractive summarization. This model also utilizes the Transformer architecture <ref type="bibr" target="#b24">(Vaswani et al., 2017)</ref>. The main feature of ProphetNet is changing the original sequence-to-sequence optimization problem of predicting the next single token into predicting the n next tokens simultaneously. The authors show that this approach outperforms all other baselines in abstractive summarization in terms of ROUGE scores.</p><p>Plug and Play Language Models: The Plug and Play Language Model (PPLM) <ref type="bibr" target="#b8">(Dathathri et al., 2020)</ref> is based on GPT-2 using the same original Transformer architecture <ref type="bibr" target="#b24">(Vaswani et al., 2017)</ref> as the models above. PPLM uses GPT-2 for text generation. However, it comes with an attribute model that conditions the generation process on given or previously generated text. The attribute model is fed with a bag of words signaling the target topical focus to the model.</p><p>Customizable Abstractive Topic-based Summarization: Finally, we include the Customizable Abstractive Topic-based Summarization (CATS) <ref type="bibr" target="#b1">(Bahrainian et al., 2021)</ref> model as an example of pre-Transformer seq-to-seq models based on LSTMs. The encoder-decoder architecture has Bidirectional LSTMs as the encoder and an LSTM network as the decoder. The model utilizes attention weights governed by an LDA topic model to modify the attention weights of the input tokens as represented by the encoder based on their topic assignment. This process utilizes a set of pre-defined topics derived from target summaries to learn the topics the output text should cover.</p></div>
<div xmlns="http://www.tei-c.org/ns/1.0"><head n="5">Evaluation</head><p>ROUGE Evaluation of all Models. In the first experiment we evaluate the various models on our new dataset in terms of F 1 ROUGE 1, F 1 ROUGE 2, and F 1 ROUGE L scores using the official Perlbased implementation of ROUGE <ref type="bibr" target="#b16">(Lin, 2004)</ref>.</p><p>Table <ref type="table" target="#tab_0">2</ref> presents the results of this experiment. We compute the optimal number of epochs and the beam size for decoding via 3-fold cross-validation for each model. In the table, 'b' after a model name indicates a 'base' model size while 'L' indicates a 'large' model size. Additionally, 'T-W' indicates the prompt 'topic-words,' 'T-ph' indicates a 'topic-phrase' prompt, 'T-Sent' indicates a 'topicsentence' prompt, 'no prompt' means no prompting was used while fine-tuning a model, and 'CNN-DM' indicates that the model was fine-tuned on the same source articles of our dataset paired with their original corresponding CNN/Dailymail summaries. The initial goal of this experiment is to probe whether the model variations with any of the topical prompts can outperform the 'no prompt' versions, which are trained on NEWTS without conditioning on a topical prompt and the 'CNN-DM' versions, which are trained for a standard summarization task.</p><p>As we observe in the table, in the case of 'BARTb,' 'T5-b', 'T5-L' as well as 'ProphetNet,' the model variations with topical prompts outperform both the 'no prompt' version as well as the 'CNN-DM' version in terms of the ROUGE scores. We do not observe a conclusive pattern when comparing the different prompting methods in terms of the ROUGE scores. That is, there is no one prompt that leads to a higher ROUGE performance for all models.</p><p>As a result, we conclude that while the topical prompts do lead to performance improvement on the topic-focused summarization task, we do not observe a conclusive superiority pattern among the prompts in terms of the ROUGE performance. Evaluating the Topicality of Output Summaries. In the second experiment, we evaluate the topical focus of the generated summaries by each model in terms of the topic probability score computed by the LDA topic model, indicating the strength of a target topic presence. Therefore, we design an experiment to assess the performance of the different models with different prompt types in how topic-focused their output summaries are. For this purpose, we utilize the LDA topic model to compute a per target-topic score in each generated summary. Then we compute the average of this score across all generated summaries for their corresponding pre-defined target topic. We expect the models using topical information to have a higher topic_focus score. We present the results of this experiment in the right-most column of Table <ref type="table" target="#tab_0">2</ref>.</p><p>From the results of this experiment, we observe that in all cases, the topical prompt variations of each model outperform the 'CNN-DM' variation indicating that the models trained for topic-focused summarization produce summaries that are more target-topic-oriented.</p><p>Subsequently, we observe that topic sentence prompts outperform all other prompting techniques in achieving a high LDA target-topic score, suggesting that topic sentence prompting provides models with superior topic context information. Evaluating the Effect of Training Data Size on Performance. In this experiment, we investigate the effect of training data size on ROUGE performance. For this purpose, we experiment with the T5-base model and fine-tune it first on 25% of the training data, then on 50%, on 75%, and finally on all the data to analyze the effect of training data size on ROUGE scores. Figure <ref type="figure" target="#fig_4">5</ref> illustrates the To achieve this, we design a survey with three human judges. We randomly select 100 articles from our dataset to conduct the user study. Subsequently, for each article, we present one of its topical summaries, the target topic of the summary, and the standard non-topical summary of the article from the original CNN/Dailymail dataset. The human judges are asked to identify the topical summary among the two options given the target topic. Therefore, the judges can make a binary decision determining the topic-focused summary. The results of this experiment reflect that with an accuracy of 93%, the judges identify the topical summary. The Kappa agreement score between the three judges was 0.7845. The findings of this experiment suggest that the quality of the dataset in terms of the summaries' topical focus is very high. Analyzing the Number of Fine-tuning Epochs on ROUGE Performance. In this experiment, we test the learnability of the abstractive topic-focused summarization task by a Transformer model. To achieve this, we examine the effect of the number of fine-tuning epochs on performance gain. For  <ref type="table">3</ref> demonstrate high quality in summarizing an article with respect to two different topics.</p></div>
<div xmlns="http://www.tei-c.org/ns/1.0"><head n="6">Conclusions and Future Work</head><p>This paper designs and releases the first publicly available dataset for controlled topic-focused abstractive summarization, NEWTS. Our dataset encompasses four prompt types to allow various conditional text generation techniques.</p><p>We showed through extensive experimentation that the new dataset is of high quality. We believe that this dataset will serve the community to advance research in controlled text generation and topical summarization as a foundation for future research.</p><p>Our findings indicate that the sequence-tosequence Transformer baselines fine-tuned with topical prompting outperform the non-topical variation model counterparts showing that the models do learn topical representations for a topic-focused After experiencing some terrible customer service on an airline, a band wrote a sarcastic song about the experience. It became a hit, notably among other passengers on that airline. However, not everyone is impressed with their musical talent and lyrics.</p><p>Ground Truth Sum-mary2 (Airline)</p><p>Ryanair is well-known for upsetting its passengers. Its flight attendants are known to be rude and its surcharges are ill-received. It is launching a marketing campaign to revamp its image. Ground Truth Sum-mary1 (Presidential Election) Marco Rubio is running for president. The Florida Senator is already receiving large contributions for his campaign from donors. He will need the money, as he is also competing with Republican candidates who also have received large donations.</p><p>Ground Truth Sum-mary2 (Marriage and Civil Law) Marco Rubio claims that people are born gay or straight, rather than being influenced by outside circumstances. He supports people's right to choose, even though he himself does not agree with gay marriage. He does say that the legality of gay marriage should be decided by state legislators rather than the court system.</p></div>
<div xmlns="http://www.tei-c.org/ns/1.0"><head>T5-L + T-Sent (Presidential Election)</head><p>Senator Marco Rubio announced he is running for president last week. Donors have said their candidate has already received monetary commitments in excess of the $40 million he will likely need to battle through a presidential primary season that will feature a crowd of seasoned Republican candidates with strong financial backing.</p></div>
<div xmlns="http://www.tei-c.org/ns/1.0"><head>T5 + T-ph (Marriage and Civil Law)</head><p>Marco Rubio believes that people are born with a sexual preference while insisting state legislators should decide whether or not to allow gay marriage. The presidential candidate spoke to CBS' Face the Nation after admitting in an interview he would attend the same-sex wedding of a family member or staffer -even if he didn't agree with the decision. The Florida Senator told Bob Schieffer that he wasn't against gay marriage, but believes the 'definition of the institution of marriage should be between one man and one woman'.</p><p>Table <ref type="table">3</ref>: Two sets of qualitative examples of Groundtruth summaries alongside system-generated summaries. Change of a target topic results in a significant vocabulary shift shown in color. text generation. Additionally, our experiments suggest that topical sentence prompts surpass other prompt types in steering the generation process to achieve a high LDA target topic score. This finding is in line with the notion that contextual language models learn better sentence representations than other word constructions, such as the other different prompt types proposed in this paper.</p><p>In the future, we plan to design a topic-focused generative model that not only would condition the generation process on a pre-defined topic but would also penalize the generation of non-targettopic words in the decoding phase. Furthermore, we plan to investigate the problem of live topic-focused text generation in a zero or few-shot learning process using the new NEWTS dataset. </p></div><figure xmlns="http://www.tei-c.org/ns/1.0" xml:id="fig_0"><head>Figure 1 :</head><label>1</label><figDesc>Figure 1: A topical summarization example, summarizing a sample document with respect to economy and climate topics.</figDesc><graphic coords="1,316.07,212.61,198.44,174.40" type="bitmap" /></figure>
<figure xmlns="http://www.tei-c.org/ns/1.0" xml:id="fig_1"><head>Figure 2 :</head><label>2</label><figDesc>Figure 2: The step-by-step process of building the NEWTS dataset.</figDesc><graphic coords="3,316.07,70.85,198.43,237.89" type="bitmap" /></figure>
<figure xmlns="http://www.tei-c.org/ns/1.0" xml:id="fig_2"><head>Figure 2</head><label>2</label><figDesc>Figure 2 presents the steps to creating the dataset explained in detail bellow. Computing Topics for the Dataset. We begin by computing a 250-topic Latent Dirichlet Allocation (LDA) (Blei et al., 2003) model on the training portion of the CNN/Dailymail dataset. LDA was selected due to convenience of use, and k = 250 topics empirically showed best coherence and consistency among various choices in the k ∈ [50, 300] range. From this model, we manually discard noisy or uninformative topics, keeping only the top 20% (50 topics) with the highest Normalized Point-wise Mutual Information (NPMI) coherence score<ref type="bibr" target="#b3">(Bouma, 2009)</ref>. We perform this aggressive pruning of topics out of feasibility considerations regarding the number of documents per topic provided for fine-tuning neural summarization models. A list of all 50 topics is presented in the appendix. Selecting articles for annotation. After computing the 50 target topics of the dataset, we search the CNN/Dailymail dataset for source articles containing at least two topics from the pool of 50 topics with a topic prevalence above an empirically determined threshold.By identifying documents that contain at least two topics with a topic prevalence above the empirical threshold 0.1, and a cumulative probability of both topics above 0.30, we ensure that the main content of the source article can be captured by focusing on the two main topics. Consequently,</figDesc></figure>
<figure xmlns="http://www.tei-c.org/ns/1.0" xml:id="fig_3"><head>Figure 3 :</head><label>3</label><figDesc>Figure 3: Comparison of per topic normalized counts of NEWTS test documents versus CNN/Dailymail counts</figDesc><graphic coords="4,70.86,232.29,235.86,127.17" type="bitmap" /></figure>
<figure xmlns="http://www.tei-c.org/ns/1.0" xml:id="fig_4"><head>Figure 5 :</head><label>5</label><figDesc>Figure 5: Figure showing the impact of training data size on ROUGE performance comparing performance of T5-base + Topic_Phrases fine-tuned with 25%, 50%, 75% and 100% of the training data</figDesc><graphic coords="7,311.60,70.84,207.36,117.46" type="bitmap" /></figure>
<figure xmlns="http://www.tei-c.org/ns/1.0" xml:id="fig_5"><head>Figure 6 :</head><label>6</label><figDesc>Figure 6: Figure showing the impact of the fine-tuning epochs of the BART-b + T-ID model on ROUGE L performance.</figDesc><graphic coords="8,73.04,70.85,213.91,115.79" type="bitmap" /></figure>
<figure xmlns="http://www.tei-c.org/ns/1.0" xml:id="fig_7"><head>BART</head><label></label><figDesc>well-known band from Catalonia created a tongue-in-cheek song during a Ryanair flight to Santiago de Compostela in northern Spain. The band's lead singer strummed a ukulele as the group serenades passengers on board -despite Ryanair's scathing review of the sarcastic lyric. The lyrics read: 'Ryanair, how we like Ryanair, and its flight attendants, they could not be nice,' from Ryanair.BART-b + T-W (Airline)A well-known band, created a somewhat ironic song during a recent Ryanair flight to Santiago de Compostela in northern Spain. Explaining the motivation behind their hilarious video, the band wrote online: 'After repeatedly receiving the usual lack of respect shown by flight attendants on the Ryanair route to Santiago, we were moved to compose and perform a song dedicated to them. Other passengers also complained about the airline.</figDesc></figure>
<figure xmlns="http://www.tei-c.org/ns/1.0" type="table" xml:id="tab_0"><head>Table 2 :</head><label>2</label><figDesc>Benchmark comparing various models and prompting methods, using a 3-fold cross validation in terms of F 1 ROUGE 1, F 1 ROUGE 2, and F 1 ROUGE L and the LDA topic-focus score.</figDesc><table><row><cell></cell><cell>R1</cell><cell>R2</cell><cell>RL</cell><cell>Topic Focus</cell></row><row><cell>BART-b + T-W</cell><cell cols="3">31.14 10.46 19.94</cell><cell>0.1375</cell></row><row><cell>BART-b + T-Ph</cell><cell cols="3">31.01 10.36 19.91</cell><cell>0.1454</cell></row><row><cell>BART-b + T-Sent</cell><cell cols="3">30.38 09.70 19.48</cell><cell>0.1513</cell></row><row><cell>BART-b T-ID</cell><cell cols="3">30.97 10.23 20.08</cell><cell>0.1399</cell></row><row><cell>BART-b no prompt</cell><cell>16.48</cell><cell>0.75</cell><cell>11.71</cell><cell>0.0080</cell></row><row><cell>BART-b CNN-DM</cell><cell>26.23</cell><cell>7.24</cell><cell>17.12</cell><cell>0.1338</cell></row><row><cell>T5-b + T-W</cell><cell cols="3">31.78 10.83 20.54</cell><cell>0.1386</cell></row><row><cell>T5-b + T-Ph</cell><cell cols="3">31.55 10.75 20.27</cell><cell>0.1426</cell></row><row><cell>T5-b + T-Sent</cell><cell cols="3">31.40 10.37 20.35</cell><cell>0.1528</cell></row><row><cell>T5-b + T-ID</cell><cell cols="3">31.44 10.64 20.06</cell><cell>0.1342</cell></row><row><cell>T5-b no prompt</cell><cell cols="3">30.98 10.19 20.23</cell><cell>0.1379</cell></row><row><cell>T5-b CNN-DM</cell><cell>27.87</cell><cell>8.55</cell><cell>18.41</cell><cell>0.1305</cell></row><row><cell>T5-L + T-W</cell><cell cols="3">30.92 10.01 20.19</cell><cell>0.1598</cell></row><row><cell>T5-L + T-Ph</cell><cell cols="3">31.40 10.50 20.27</cell><cell>0.1457</cell></row><row><cell>T5-L + T-Sent</cell><cell cols="3">30.64 09.84 19.91</cell><cell>0.1462</cell></row><row><cell>T5-L + T-ID</cell><cell>30.35</cell><cell>9.93</cell><cell>19.77</cell><cell>0.1335</cell></row><row><cell>T5-L no prompt</cell><cell>30.06</cell><cell>9.55</cell><cell>19.25</cell><cell>0.1366</cell></row><row><cell>T5-L CNN-DM</cell><cell>28.44</cell><cell>8.49</cell><cell>18.61</cell><cell>0.1286</cell></row><row><cell>ProphetNet + T-W</cell><cell cols="3">31.91 10.80 20.66</cell><cell>0.1362</cell></row><row><cell>ProphetNet + T-Ph</cell><cell cols="3">31.56 10.35 20.17</cell><cell>0.1474</cell></row><row><cell>ProphetNet + T-Sent</cell><cell cols="3">31.40 10.03 20.02</cell><cell>0.1633</cell></row><row><cell cols="2">ProphetNet no prompt 30.22</cell><cell>9.67</cell><cell>19.27</cell><cell>0.1316</cell></row><row><cell cols="2">ProphetNet CNN-DM 28.71</cell><cell>8.53</cell><cell>18.69</cell><cell>0.1295</cell></row><row><cell>PPLM</cell><cell>29.63</cell><cell>9.08</cell><cell>18.76</cell><cell>0.1482</cell></row><row><cell>CATS</cell><cell>30.12</cell><cell>9.35</cell><cell>19.11</cell><cell>0.1519</cell></row></table></figure>
<figure xmlns="http://www.tei-c.org/ns/1.0" type="table" xml:id="tab_1"><head>Table 4 :</head><label>4</label><figDesc>First five words (i.e. assigned the highest probability in the LDA topic) for each of the entire 50 topics covered in NEWTS dataset.</figDesc><table /></figure>
		</body>
		<back>

			<div type="acknowledgement">
<div xmlns="http://www.tei-c.org/ns/1.0"><head>Acknowledgements</head><p>This research is supported in part by the NSF (IIS-1956221), SNSF (P2TIP2_187932), ODNI  and IARPA via the BETTER program (2019-19051600004). The views and conclusions contained herein are those of the authors and should not be interpreted as necessarily representing the official policies, either expressed or implied, of NSF, SNSF, ODNI, IARPA or the U.S. Government.</p></div>
			</div>

			<div type="annex">
<div xmlns="http://www.tei-c.org/ns/1.0"><head>A Appendix: NEWTS Topics</head><p>The following table presents all 50 topics covered in the NEWTS dataset using the top five words present in each LDA topic. As it can be seen, our newly introduced dataset encompasses a vast range of coherent topics present in the real-world news domain. We have presented each topic with its original topic id as obtained from the LDA model to facilitate the reproducibility of the results presented in this paper. Furthermore, we plan to release the dataset and our entire code base to ensure the reproducibility of our experiments.</p></div>			</div>
			<div type="references">

				<listBibl>

<biblStruct xml:id="b0">
	<analytic>
		<title level="a" type="main">Summarizing opinions: Aspect extraction meets sentiment prediction and they are both weakly supervised</title>
		<author>
			<persName><forename type="first">Stefanos</forename><surname>Angelidis</surname></persName>
		</author>
		<author>
			<persName><forename type="first">Mirella</forename><surname>Lapata</surname></persName>
		</author>
	</analytic>
	<monogr>
		<title level="m">Proceedings of the 2018 Conference on Empirical Methods in Natural Language Processing</title>
				<meeting>the 2018 Conference on Empirical Methods in Natural Language Processing</meeting>
		<imprint>
			<date type="published" when="2018">2018</date>
			<biblScope unit="page" from="3675" to="3686" />
		</imprint>
	</monogr>
	<note>Association for Computational Linguistics</note>
	<note type="raw_reference">Stefanos Angelidis and Mirella Lapata. 2018. Sum- marizing opinions: Aspect extraction meets senti- ment prediction and they are both weakly supervised. In Proceedings of the 2018 Conference on Empiri- cal Methods in Natural Language Processing, pages 3675-3686. Association for Computational Linguis- tics.</note>
</biblStruct>

<biblStruct xml:id="b1">
	<analytic>
		<title level="a" type="main">Cats: Customizable abstractive topic-based summarization</title>
		<author>
			<persName><forename type="first">Seyed</forename><surname>Ali Bahrainian</surname></persName>
		</author>
		<author>
			<persName><forename type="first">George</forename><surname>Zerveas</surname></persName>
		</author>
		<author>
			<persName><forename type="first">Fabio</forename><surname>Crestani</surname></persName>
		</author>
		<author>
			<persName><forename type="first">Carsten</forename><surname>Eickhoff</surname></persName>
		</author>
	</analytic>
	<monogr>
		<title level="j">ACM Trans. Inf. Syst</title>
		<imprint>
			<biblScope unit="volume">40</biblScope>
			<biblScope unit="issue">1</biblScope>
			<date type="published" when="2021">2021</date>
		</imprint>
	</monogr>
	<note type="raw_reference">Seyed Ali Bahrainian, George Zerveas, Fabio Crestani, and Carsten Eickhoff. 2021. Cats: Customizable abstractive topic-based summarization. ACM Trans. Inf. Syst., 40(1).</note>
</biblStruct>

<biblStruct xml:id="b2">
	<analytic>
		<title level="a" type="main">Latent dirichlet allocation</title>
		<author>
			<persName><forename type="first">David</forename><forename type="middle">M</forename><surname>Blei</surname></persName>
		</author>
		<author>
			<persName><forename type="first">Andrew</forename><forename type="middle">Y</forename><surname>Ng</surname></persName>
		</author>
		<author>
			<persName><forename type="first">Michael</forename><forename type="middle">I</forename><surname>Jordan</surname></persName>
		</author>
	</analytic>
	<monogr>
		<title level="j">J. Mach. Learn. Res</title>
		<imprint>
			<biblScope unit="volume">3</biblScope>
			<biblScope unit="page" from="993" to="1022" />
			<date type="published" when="2003">2003</date>
		</imprint>
	</monogr>
	<note type="raw_reference">David M. Blei, Andrew Y. Ng, and Michael I. Jordan. 2003. Latent dirichlet allocation. J. Mach. Learn. Res., 3:993-1022.</note>
</biblStruct>

<biblStruct xml:id="b3">
	<analytic>
		<title level="a" type="main">Normalized (pointwise) mutual information in collocation extraction</title>
		<author>
			<persName><forename type="first">Gerlof</forename><surname>Bouma</surname></persName>
		</author>
	</analytic>
	<monogr>
		<title level="m">Proceedings of GSCL</title>
				<meeting>GSCL</meeting>
		<imprint>
			<date type="published" when="2009">2009</date>
			<biblScope unit="volume">30</biblScope>
			<biblScope unit="page" from="31" to="40" />
		</imprint>
	</monogr>
	<note type="raw_reference">Gerlof Bouma. 2009. Normalized (pointwise) mutual information in collocation extraction. Proceedings of GSCL, 30:31-40.</note>
</biblStruct>

<biblStruct xml:id="b4">
	<analytic>
		<title level="a" type="main">Olá, bonjour, salve! XFORMAL: A benchmark for multilingual formality style transfer</title>
		<author>
			<persName><forename type="first">Eleftheria</forename><surname>Briakou</surname></persName>
		</author>
		<author>
			<persName><forename type="first">Di</forename><surname>Lu</surname></persName>
		</author>
		<author>
			<persName><forename type="first">Ke</forename><surname>Zhang</surname></persName>
		</author>
		<author>
			<persName><forename type="first">Joel</forename><forename type="middle">R</forename><surname>Tetreault</surname></persName>
		</author>
	</analytic>
	<monogr>
		<title level="m">Proceedings of the 2021 Conference of the North American Chapter of the Association for Computational Linguistics: Human Language Technologies, NAACL-HLT 2021</title>
				<meeting>the 2021 Conference of the North American Chapter of the Association for Computational Linguistics: Human Language Technologies, NAACL-HLT 2021</meeting>
		<imprint>
			<date type="published" when="2021-06-06">2021. June 6-11, 2021</date>
			<biblScope unit="page" from="3199" to="3216" />
		</imprint>
	</monogr>
	<note>Association for Computational Linguistics</note>
	<note type="raw_reference">Eleftheria Briakou, Di Lu, Ke Zhang, and Joel R. Tetreault. 2021. Olá, bonjour, salve! XFORMAL: A benchmark for multilingual formality style transfer. In Proceedings of the 2021 Conference of the North American Chapter of the Association for Computa- tional Linguistics: Human Language Technologies, NAACL-HLT 2021, Online, June 6-11, 2021, pages 3199-3216. Association for Computational Linguis- tics.</note>
</biblStruct>

<biblStruct xml:id="b5">
	<analytic>
		<title level="a" type="main">Expertise style transfer: A new task towards better communication between experts and laymen</title>
		<author>
			<persName><forename type="first">Yixin</forename><surname>Cao</surname></persName>
		</author>
		<author>
			<persName><forename type="first">Ruihao</forename><surname>Shui</surname></persName>
		</author>
		<author>
			<persName><forename type="first">Liangming</forename><surname>Pan</surname></persName>
		</author>
		<author>
			<persName><forename type="first">Min-Yen</forename><surname>Kan</surname></persName>
		</author>
		<author>
			<persName><forename type="first">Zhiyuan</forename><surname>Liu</surname></persName>
		</author>
		<author>
			<persName><forename type="first">Tat-Seng</forename><surname>Chua</surname></persName>
		</author>
	</analytic>
	<monogr>
		<title level="m">Proceedings of the 58th Annual Meeting of the Association for Computational Linguistics</title>
				<meeting>the 58th Annual Meeting of the Association for Computational Linguistics</meeting>
		<imprint>
			<publisher>Association for Computational Linguistics</publisher>
			<date type="published" when="2020">2020</date>
			<biblScope unit="page" from="1061" to="1071" />
		</imprint>
	</monogr>
	<note type="raw_reference">Yixin Cao, Ruihao Shui, Liangming Pan, Min-Yen Kan, Zhiyuan Liu, and Tat-Seng Chua. 2020. Expertise style transfer: A new task towards better communi- cation between experts and laymen. In Proceedings of the 58th Annual Meeting of the Association for Computational Linguistics, pages 1061-1071, On- line. Association for Computational Linguistics.</note>
</biblStruct>

<biblStruct xml:id="b6">
	<analytic>
		<title level="a" type="main">Evaluating prose style transfer with the bible</title>
		<author>
			<persName><forename type="first">Keith</forename><surname>Carlson</surname></persName>
		</author>
		<author>
			<persName><forename type="first">Allen</forename><surname>Riddell</surname></persName>
		</author>
		<author>
			<persName><forename type="first">Daniel</forename><surname>Rockmore</surname></persName>
		</author>
	</analytic>
	<monogr>
		<title level="j">Royal Society open science</title>
		<imprint>
			<biblScope unit="volume">5</biblScope>
			<biblScope unit="issue">10</biblScope>
			<biblScope unit="page">171920</biblScope>
			<date type="published" when="2018">2018</date>
		</imprint>
	</monogr>
	<note type="raw_reference">Keith Carlson, Allen Riddell, and Daniel Rockmore. 2018. Evaluating prose style transfer with the bible. Royal Society open science, 5(10):171920.</note>
</biblStruct>

<biblStruct xml:id="b7">
	<analytic>
		<title level="a" type="main">my way of telling a story&quot;: Persona based grounded story generation</title>
		<author>
			<persName><forename type="first">Khyathi</forename><surname>Chandu</surname></persName>
		</author>
		<author>
			<persName><forename type="first">Shrimai</forename><surname>Prabhumoye</surname></persName>
		</author>
		<author>
			<persName><forename type="first">Ruslan</forename><surname>Salakhutdinov</surname></persName>
		</author>
		<author>
			<persName><forename type="first">Alan</forename><forename type="middle">W</forename><surname>Black</surname></persName>
		</author>
	</analytic>
	<monogr>
		<title level="m">Proceedings of the Second Workshop on Storytelling</title>
				<meeting>the Second Workshop on Storytelling<address><addrLine>Florence, Italy</addrLine></address></meeting>
		<imprint>
			<publisher>Association for Computational Linguistics</publisher>
			<date type="published" when="2019">2019</date>
			<biblScope unit="page" from="11" to="21" />
		</imprint>
	</monogr>
	<note type="raw_reference">Khyathi Chandu, Shrimai Prabhumoye, Ruslan Salakhutdinov, and Alan W Black. 2019. &quot;my way of telling a story&quot;: Persona based grounded story generation. In Proceedings of the Second Workshop on Storytelling, pages 11-21, Florence, Italy. Association for Computational Linguistics.</note>
</biblStruct>

<biblStruct xml:id="b8">
	<analytic>
		<title level="a" type="main">Plug and play language models: A simple approach to controlled text generation</title>
		<author>
			<persName><forename type="first">Sumanth</forename><surname>Dathathri</surname></persName>
		</author>
		<author>
			<persName><forename type="first">Andrea</forename><surname>Madotto</surname></persName>
		</author>
		<author>
			<persName><forename type="first">Janice</forename><surname>Lan</surname></persName>
		</author>
		<author>
			<persName><forename type="first">Jane</forename><surname>Hung</surname></persName>
		</author>
		<author>
			<persName><forename type="first">Eric</forename><surname>Frank</surname></persName>
		</author>
		<author>
			<persName><forename type="first">Piero</forename><surname>Molino</surname></persName>
		</author>
		<author>
			<persName><forename type="first">Jason</forename><surname>Yosinski</surname></persName>
		</author>
		<author>
			<persName><forename type="first">Rosanne</forename><surname>Liu</surname></persName>
		</author>
	</analytic>
	<monogr>
		<title level="m">International Conference on Learning Representations</title>
				<imprint>
			<date type="published" when="2020">2020</date>
		</imprint>
	</monogr>
	<note type="raw_reference">Sumanth Dathathri, Andrea Madotto, Janice Lan, Jane Hung, Eric Frank, Piero Molino, Jason Yosinski, and Rosanne Liu. 2020. Plug and play language mod- els: A simple approach to controlled text generation. In International Conference on Learning Represen- tations.</note>
</biblStruct>

<biblStruct xml:id="b9">
	<monogr>
		<author>
			<persName><forename type="first">Angela</forename><surname>Fan</surname></persName>
		</author>
		<author>
			<persName><forename type="first">David</forename><surname>Grangier</surname></persName>
		</author>
		<author>
			<persName><forename type="first">Michael</forename><surname>Auli</surname></persName>
		</author>
		<idno type="arXiv">arXiv:1711.05217</idno>
		<title level="m">Controllable abstractive summarization</title>
				<imprint>
			<date type="published" when="2017">2017</date>
		</imprint>
	</monogr>
	<note type="report_type">arXiv preprint</note>
	<note type="raw_reference">Angela Fan, David Grangier, and Michael Auli. 2017. Controllable abstractive summarization. arXiv preprint arXiv:1711.05217.</note>
</biblStruct>

<biblStruct xml:id="b10">
	<analytic>
		<title level="a" type="main">Inducing document structure for aspect-based summarization</title>
		<author>
			<persName><forename type="first">Lea</forename><surname>Frermann</surname></persName>
		</author>
		<author>
			<persName><forename type="first">Alexandre</forename><surname>Klementiev</surname></persName>
		</author>
	</analytic>
	<monogr>
		<title level="m">Proceedings of the 57th Annual Meeting of the Association for Computational Linguistics</title>
				<meeting>the 57th Annual Meeting of the Association for Computational Linguistics</meeting>
		<imprint>
			<date type="published" when="2019">2019</date>
			<biblScope unit="page" from="6263" to="6273" />
		</imprint>
	</monogr>
	<note type="raw_reference">Lea Frermann and Alexandre Klementiev. 2019. In- ducing document structure for aspect-based summa- rization. In Proceedings of the 57th Annual Meet- ing of the Association for Computational Linguistics, pages 6263-6273.</note>
</biblStruct>

<biblStruct xml:id="b11">
	<analytic>
		<title level="a" type="main">Wikiasp: A dataset for multi-domain aspectbased summarization</title>
		<author>
			<persName><forename type="first">Hiroaki</forename><surname>Hayashi</surname></persName>
		</author>
		<author>
			<persName><forename type="first">Prashant</forename><surname>Budania</surname></persName>
		</author>
		<author>
			<persName><forename type="first">Peng</forename><surname>Wang</surname></persName>
		</author>
		<author>
			<persName><forename type="first">Chris</forename><surname>Ackerson</surname></persName>
		</author>
		<author>
			<persName><forename type="first">Raj</forename><surname>Neervannan</surname></persName>
		</author>
		<author>
			<persName><forename type="first">Graham</forename><surname>Neubig</surname></persName>
		</author>
	</analytic>
	<monogr>
		<title level="j">Trans. Assoc. Comput. Linguistics</title>
		<imprint>
			<biblScope unit="volume">9</biblScope>
			<biblScope unit="page" from="211" to="225" />
			<date type="published" when="2021">2021</date>
		</imprint>
	</monogr>
	<note type="raw_reference">Hiroaki Hayashi, Prashant Budania, Peng Wang, Chris Ackerson, Raj Neervannan, and Graham Neubig. 2021. Wikiasp: A dataset for multi-domain aspect- based summarization. Trans. Assoc. Comput. Lin- guistics, 9:211-225.</note>
</biblStruct>

<biblStruct xml:id="b12">
	<monogr>
		<author>
			<persName><forename type="first">Dan</forename><surname>Hendrycks</surname></persName>
		</author>
		<author>
			<persName><forename type="first">Kevin</forename><surname>Gimpel</surname></persName>
		</author>
		<idno type="arXiv">arXiv:1606.08415</idno>
		<title level="m">Gaussian error linear units (gelus)</title>
				<imprint>
			<date type="published" when="2016">2016</date>
		</imprint>
	</monogr>
	<note type="report_type">arXiv preprint</note>
	<note type="raw_reference">Dan Hendrycks and Kevin Gimpel. 2016. Gaus- sian error linear units (gelus). arXiv preprint arXiv:1606.08415.</note>
</biblStruct>

<biblStruct xml:id="b13">
	<analytic>
		<title level="a" type="main">Teaching machines to read and comprehend</title>
		<author>
			<persName><forename type="first">Karl</forename><surname>Moritz Hermann</surname></persName>
		</author>
		<author>
			<persName><forename type="first">Tomas</forename><surname>Kocisky</surname></persName>
		</author>
		<author>
			<persName><forename type="first">Edward</forename><surname>Grefenstette</surname></persName>
		</author>
		<author>
			<persName><forename type="first">Lasse</forename><surname>Espeholt</surname></persName>
		</author>
		<author>
			<persName><forename type="first">Will</forename><surname>Kay</surname></persName>
		</author>
		<author>
			<persName><forename type="first">Mustafa</forename><surname>Suleyman</surname></persName>
		</author>
		<author>
			<persName><forename type="first">Phil</forename><surname>Blunsom</surname></persName>
		</author>
	</analytic>
	<monogr>
		<title level="m">Advances in Neural Information Processing Systems</title>
				<imprint>
			<date type="published" when="2015">2015</date>
			<biblScope unit="page" from="1693" to="1701" />
		</imprint>
	</monogr>
	<note type="raw_reference">Karl Moritz Hermann, Tomas Kocisky, Edward Grefen- stette, Lasse Espeholt, Will Kay, Mustafa Suleyman, and Phil Blunsom. 2015. Teaching machines to read and comprehend. In Advances in Neural Informa- tion Processing Systems, pages 1693-1701.</note>
</biblStruct>

<biblStruct xml:id="b14">
	<monogr>
		<title level="m" type="main">Deep learning for text style transfer: A survey</title>
		<author>
			<persName><forename type="first">Di</forename><surname>Jin</surname></persName>
		</author>
		<author>
			<persName><forename type="first">Zhijing</forename><surname>Jin</surname></persName>
		</author>
		<author>
			<persName><forename type="first">Zhiting</forename><surname>Hu</surname></persName>
		</author>
		<author>
			<persName><forename type="first">Olga</forename><surname>Vechtomova</surname></persName>
		</author>
		<author>
			<persName><forename type="first">Rada</forename><surname>Mihalcea</surname></persName>
		</author>
		<idno>CoRR, abs/2011.00416</idno>
		<imprint>
			<date type="published" when="2020">2020</date>
		</imprint>
	</monogr>
	<note type="raw_reference">Di Jin, Zhijing Jin, Zhiting Hu, Olga Vechtomova, and Rada Mihalcea. 2020. Deep learning for text style transfer: A survey. CoRR, abs/2011.00416.</note>
</biblStruct>

<biblStruct xml:id="b15">
	<analytic>
		<title level="a" type="main">BART: denoising sequence-to-sequence pretraining for natural language generation, translation, and comprehension</title>
		<author>
			<persName><forename type="first">Mike</forename><surname>Lewis</surname></persName>
		</author>
		<author>
			<persName><forename type="first">Yinhan</forename><surname>Liu</surname></persName>
		</author>
		<author>
			<persName><forename type="first">Naman</forename><surname>Goyal ; Abdelrahman Mohamed</surname></persName>
		</author>
		<author>
			<persName><forename type="first">Omer</forename><surname>Levy</surname></persName>
		</author>
		<author>
			<persName><forename type="first">Veselin</forename><surname>Stoyanov</surname></persName>
		</author>
		<author>
			<persName><forename type="first">Luke</forename><surname>Zettlemoyer</surname></persName>
		</author>
	</analytic>
	<monogr>
		<title level="m">Proceedings of the 58th Annual Meeting of the Association for Computational Linguistics, ACL 2020</title>
				<meeting>the 58th Annual Meeting of the Association for Computational Linguistics, ACL 2020<address><addrLine>Online</addrLine></address></meeting>
		<imprint>
			<publisher>Association for Computational Linguistics</publisher>
			<date type="published" when="2020-07-05">Marjan Ghazvininejad,. 2020. July 5-10, 2020</date>
			<biblScope unit="page" from="7871" to="7880" />
		</imprint>
	</monogr>
	<note type="raw_reference">Mike Lewis, Yinhan Liu, Naman Goyal, Mar- jan Ghazvininejad, Abdelrahman Mohamed, Omer Levy, Veselin Stoyanov, and Luke Zettlemoyer. 2020. BART: denoising sequence-to-sequence pre- training for natural language generation, translation, and comprehension. In Proceedings of the 58th An- nual Meeting of the Association for Computational Linguistics, ACL 2020, Online, July 5-10, 2020, pages 7871-7880. Association for Computational Linguistics.</note>
</biblStruct>

<biblStruct xml:id="b16">
	<monogr>
		<title level="m" type="main">Rouge: A package for automatic evaluation of summaries</title>
		<author>
			<persName><forename type="first">Chin-Yew</forename><surname>Lin</surname></persName>
		</author>
		<imprint>
			<date type="published" when="2004">2004</date>
			<publisher>Text Summarization Branches Out</publisher>
		</imprint>
	</monogr>
	<note type="raw_reference">Chin-Yew Lin. 2004. Rouge: A package for auto- matic evaluation of summaries. Text Summarization Branches Out.</note>
</biblStruct>

<biblStruct xml:id="b17">
	<analytic>
		<title level="a" type="main">MultiOpEd: A Corpus of Multi-Perspective News Editorials</title>
		<author>
			<persName><forename type="first">Siyi</forename><surname>Liu</surname></persName>
		</author>
		<author>
			<persName><forename type="first">Sihao</forename><surname>Chen</surname></persName>
		</author>
		<author>
			<persName><forename type="first">Xander</forename><surname>Uyttendaele</surname></persName>
		</author>
		<author>
			<persName><forename type="first">Dan</forename><surname>Roth</surname></persName>
		</author>
	</analytic>
	<monogr>
		<title level="m">Proc. of the Annual Conference of the North American Chapter of the Association for Computational Linguistics (NAACL)</title>
				<meeting>of the Annual Conference of the North American Chapter of the Association for Computational Linguistics (NAACL)</meeting>
		<imprint>
			<date type="published" when="2021">2021</date>
		</imprint>
	</monogr>
	<note type="raw_reference">Siyi Liu, Sihao Chen, Xander Uyttendaele, and Dan Roth. 2021. MultiOpEd: A Corpus of Multi- Perspective News Editorials. In Proc. of the Annual Conference of the North American Chapter of the As- sociation for Computational Linguistics (NAACL).</note>
</biblStruct>

<biblStruct xml:id="b18">
	<analytic>
		<title level="a" type="main">Politeness transfer: A tag and generate approach</title>
		<author>
			<persName><forename type="first">Aman</forename><surname>Madaan</surname></persName>
		</author>
		<author>
			<persName><forename type="first">Amrith</forename><surname>Setlur</surname></persName>
		</author>
		<author>
			<persName><forename type="first">Tanmay</forename><surname>Parekh</surname></persName>
		</author>
		<author>
			<persName><forename type="first">Barnabás</forename><surname>Póczos</surname></persName>
		</author>
		<author>
			<persName><forename type="first">Graham</forename><surname>Neubig</surname></persName>
		</author>
		<author>
			<persName><forename type="first">Yiming</forename><surname>Yang</surname></persName>
		</author>
		<author>
			<persName><forename type="first">Ruslan</forename><surname>Salakhutdinov</surname></persName>
		</author>
		<author>
			<persName><forename type="first">Alan</forename><forename type="middle">W</forename><surname>Black</surname></persName>
		</author>
		<author>
			<persName><forename type="first">Shrimai</forename><surname>Prabhumoye</surname></persName>
		</author>
	</analytic>
	<monogr>
		<title level="m">Proceedings of the 58th Annual Meeting of the Association for Computational Linguistics, ACL 2020</title>
				<meeting>the 58th Annual Meeting of the Association for Computational Linguistics, ACL 2020<address><addrLine>Online</addrLine></address></meeting>
		<imprint>
			<date type="published" when="2020-07-05">2020. July 5-10, 2020</date>
			<biblScope unit="page" from="1869" to="1881" />
		</imprint>
	</monogr>
	<note>Association for Computational Linguistics</note>
	<note type="raw_reference">Aman Madaan, Amrith Setlur, Tanmay Parekh, Barn- abás Póczos, Graham Neubig, Yiming Yang, Ruslan Salakhutdinov, Alan W. Black, and Shrimai Prabhu- moye. 2020. Politeness transfer: A tag and gener- ate approach. In Proceedings of the 58th Annual Meeting of the Association for Computational Lin- guistics, ACL 2020, Online, July 5-10, 2020, pages 1869-1881. Association for Computational Linguis- tics.</note>
</biblStruct>

<biblStruct xml:id="b19">
	<analytic>
		<title level="a" type="main">Abstractive text summarization using sequence-tosequence rnns and beyond</title>
		<author>
			<persName><forename type="first">Ramesh</forename><surname>Nallapati</surname></persName>
		</author>
		<author>
			<persName><forename type="first">Bowen</forename><surname>Zhou</surname></persName>
		</author>
		<author>
			<persName><forename type="first">Cícero</forename><surname>Nogueira Dos Santos</surname></persName>
		</author>
		<author>
			<persName><forename type="first">Çaglar</forename><surname>Gülçehre</surname></persName>
		</author>
		<author>
			<persName><forename type="first">Bing</forename><surname>Xiang</surname></persName>
		</author>
	</analytic>
	<monogr>
		<title level="m">Proceedings of the 20th SIGNLL Conference on Computational Natural Language Learning</title>
				<meeting>the 20th SIGNLL Conference on Computational Natural Language Learning<address><addrLine>CoNLL; Berlin, Germany</addrLine></address></meeting>
		<imprint>
			<date type="published" when="2016-08-11">2016. 2016. August 11-12, 2016</date>
			<biblScope unit="page" from="280" to="290" />
		</imprint>
	</monogr>
	<note type="raw_reference">Ramesh Nallapati, Bowen Zhou, Cícero Nogueira dos Santos, Çaglar Gülçehre, and Bing Xiang. 2016. Abstractive text summarization using sequence-to- sequence rnns and beyond. In Proceedings of the 20th SIGNLL Conference on Computational Natural Language Learning, CoNLL 2016, Berlin, Germany, August 11-12, 2016, pages 280-290.</note>
</biblStruct>

<biblStruct xml:id="b20">
	<analytic>
		<title level="a" type="main">The Thirty-Second Innovative Applications of Artificial Intelligence Conference</title>
		<author>
			<persName><forename type="first">Reid</forename><surname>Pryzant</surname></persName>
		</author>
		<author>
			<persName><forename type="first">Richard</forename><forename type="middle">Diehl</forename><surname>Martinez</surname></persName>
		</author>
		<author>
			<persName><forename type="first">Nathan</forename><surname>Dass</surname></persName>
		</author>
		<author>
			<persName><forename type="first">Sadao</forename><surname>Kurohashi</surname></persName>
		</author>
		<author>
			<persName><forename type="first">Dan</forename><surname>Jurafsky</surname></persName>
		</author>
		<author>
			<persName><forename type="first">Diyi</forename><surname>Yang</surname></persName>
		</author>
	</analytic>
	<monogr>
		<title level="m">The Tenth AAAI Symposium on Educational Advances in Artificial Intelligence</title>
				<meeting><address><addrLine>New York, NY, USA</addrLine></address></meeting>
		<imprint>
			<publisher>AAAI Press</publisher>
			<date type="published" when="2020-02-07">2020. February 7-12, 2020</date>
			<biblScope unit="volume">2020</biblScope>
			<biblScope unit="page" from="480" to="489" />
		</imprint>
	</monogr>
	<note>The Thirty-Fourth AAAI Conference on Artificial Intelligence</note>
	<note type="raw_reference">Reid Pryzant, Richard Diehl Martinez, Nathan Dass, Sadao Kurohashi, Dan Jurafsky, and Diyi Yang. 2020. Automatically neutralizing subjective bias in text. In The Thirty-Fourth AAAI Conference on Arti- ficial Intelligence, AAAI 2020, The Thirty-Second In- novative Applications of Artificial Intelligence Con- ference, IAAI 2020, The Tenth AAAI Symposium on Educational Advances in Artificial Intelligence, EAAI 2020, New York, NY, USA, February 7-12, 2020, pages 480-489. AAAI Press.</note>
</biblStruct>

<biblStruct xml:id="b21">
	<monogr>
		<title level="m" type="main">Exploring the limits of transfer learning with a unified text-to-text transformer</title>
		<author>
			<persName><forename type="first">Colin</forename><surname>Raffel</surname></persName>
		</author>
		<author>
			<persName><forename type="first">Noam</forename><surname>Shazeer</surname></persName>
		</author>
		<author>
			<persName><forename type="first">Adam</forename><surname>Roberts</surname></persName>
		</author>
		<author>
			<persName><forename type="first">Katherine</forename><surname>Lee</surname></persName>
		</author>
		<author>
			<persName><forename type="first">Sharan</forename><surname>Narang</surname></persName>
		</author>
		<author>
			<persName><forename type="first">Michael</forename><surname>Matena</surname></persName>
		</author>
		<author>
			<persName><forename type="first">Yanqi</forename><surname>Zhou</surname></persName>
		</author>
		<author>
			<persName><forename type="first">Wei</forename><surname>Li</surname></persName>
		</author>
		<author>
			<persName><forename type="first">Peter</forename><forename type="middle">J</forename><surname>Liu</surname></persName>
		</author>
		<idno type="arXiv">arXiv:1910.10683</idno>
		<imprint>
			<date type="published" when="2019">2019</date>
		</imprint>
	</monogr>
	<note type="report_type">arXiv preprint</note>
	<note type="raw_reference">Colin Raffel, Noam Shazeer, Adam Roberts, Katherine Lee, Sharan Narang, Michael Matena, Yanqi Zhou, Wei Li, and Peter J Liu. 2019. Exploring the limits of transfer learning with a unified text-to-text trans- former. arXiv preprint arXiv:1910.10683.</note>
</biblStruct>

<biblStruct xml:id="b22">
	<analytic>
		<title level="a" type="main">Get to the point: Summarization with pointergenerator networks</title>
		<author>
			<persName><forename type="first">Abigail</forename><surname>See</surname></persName>
		</author>
		<author>
			<persName><forename type="first">Peter</forename><forename type="middle">J</forename><surname>Liu</surname></persName>
		</author>
		<author>
			<persName><forename type="first">Christopher</forename><forename type="middle">D</forename><surname>Manning</surname></persName>
		</author>
	</analytic>
	<monogr>
		<title level="m">Proceedings of the 55th Annual Meeting of the Association for Computational Linguistics</title>
		<title level="s">Long Papers</title>
		<meeting>the 55th Annual Meeting of the Association for Computational Linguistics<address><addrLine>Vancouver, Canada</addrLine></address></meeting>
		<imprint>
			<date type="published" when="2017-07-30">2017. 2017. July 30 -August 4</date>
			<biblScope unit="volume">1</biblScope>
			<biblScope unit="page" from="1073" to="1083" />
		</imprint>
	</monogr>
	<note type="raw_reference">Abigail See, Peter J. Liu, and Christopher D. Manning. 2017. Get to the point: Summarization with pointer- generator networks. In Proceedings of the 55th An- nual Meeting of the Association for Computational Linguistics, ACL 2017, Vancouver, Canada, July 30 - August 4, Volume 1: Long Papers, pages 1073-1083.</note>
</biblStruct>

<biblStruct xml:id="b23">
	<analytic>
		<title level="a" type="main">Style transfer from non-parallel text by cross-alignment</title>
		<author>
			<persName><forename type="first">Tianxiao</forename><surname>Shen</surname></persName>
		</author>
		<author>
			<persName><forename type="first">Tao</forename><surname>Lei</surname></persName>
		</author>
		<author>
			<persName><forename type="first">Regina</forename><surname>Barzilay</surname></persName>
		</author>
		<author>
			<persName><forename type="first">Tommi</forename><forename type="middle">S</forename><surname>Jaakkola</surname></persName>
		</author>
	</analytic>
	<monogr>
		<title level="m">Advances in Neural Information Processing Systems 30: Annual Conference on Neural Information Processing Systems</title>
				<meeting><address><addrLine>Long Beach, CA, USA</addrLine></address></meeting>
		<imprint>
			<date type="published" when="2017-12-04">2017. 2017. December 4-9, 2017</date>
			<biblScope unit="page" from="6830" to="6841" />
		</imprint>
	</monogr>
	<note type="raw_reference">Tianxiao Shen, Tao Lei, Regina Barzilay, and Tommi S. Jaakkola. 2017. Style transfer from non-parallel text by cross-alignment. In Advances in Neural Informa- tion Processing Systems 30: Annual Conference on Neural Information Processing Systems 2017, De- cember 4-9, 2017, Long Beach, CA, USA, pages 6830-6841.</note>
</biblStruct>

<biblStruct xml:id="b24">
	<analytic>
		<title level="a" type="main">Attention is all you need</title>
		<author>
			<persName><forename type="first">Ashish</forename><surname>Vaswani</surname></persName>
		</author>
		<author>
			<persName><forename type="first">Noam</forename><surname>Shazeer</surname></persName>
		</author>
		<author>
			<persName><forename type="first">Niki</forename><surname>Parmar</surname></persName>
		</author>
		<author>
			<persName><forename type="first">Jakob</forename><surname>Uszkoreit</surname></persName>
		</author>
		<author>
			<persName><forename type="first">Llion</forename><surname>Jones</surname></persName>
		</author>
		<author>
			<persName><forename type="first">Aidan</forename><forename type="middle">N</forename><surname>Gomez</surname></persName>
		</author>
		<author>
			<persName><forename type="first">Łukasz</forename><surname>Kaiser</surname></persName>
		</author>
		<author>
			<persName><forename type="first">Illia</forename><surname>Polosukhin</surname></persName>
		</author>
	</analytic>
	<monogr>
		<title level="m">Advances in neural information processing systems</title>
				<imprint>
			<date type="published" when="2017">2017</date>
			<biblScope unit="page" from="5998" to="6008" />
		</imprint>
	</monogr>
	<note type="raw_reference">Ashish Vaswani, Noam Shazeer, Niki Parmar, Jakob Uszkoreit, Llion Jones, Aidan N Gomez, Łukasz Kaiser, and Illia Polosukhin. 2017. Attention is all you need. In Advances in neural information pro- cessing systems, pages 5998-6008.</note>
</biblStruct>

<biblStruct xml:id="b25">
	<monogr>
		<title level="m" type="main">Prophetnet: Predicting future ngram for sequence-to-sequence pre-training</title>
		<author>
			<persName><forename type="first">Yu</forename><surname>Yan</surname></persName>
		</author>
		<author>
			<persName><forename type="first">Weizhen</forename><surname>Qi</surname></persName>
		</author>
		<author>
			<persName><forename type="first">Yeyun</forename><surname>Gong</surname></persName>
		</author>
		<author>
			<persName><forename type="first">Dayiheng</forename><surname>Liu</surname></persName>
		</author>
		<author>
			<persName><forename type="first">Nan</forename><surname>Duan</surname></persName>
		</author>
		<author>
			<persName><forename type="first">Jiusheng</forename><surname>Chen</surname></persName>
		</author>
		<author>
			<persName><forename type="first">Ruofei</forename><surname>Zhang</surname></persName>
		</author>
		<author>
			<persName><forename type="first">Ming</forename><surname>Zhou</surname></persName>
		</author>
		<idno type="arXiv">arXiv:2001.04063</idno>
		<imprint>
			<date type="published" when="2020">2020</date>
		</imprint>
	</monogr>
	<note type="report_type">arXiv preprint</note>
	<note type="raw_reference">Yu Yan, Weizhen Qi, Yeyun Gong, Dayiheng Liu, Nan Duan, Jiusheng Chen, Ruofei Zhang, and Ming Zhou. 2020. Prophetnet: Predicting future n- gram for sequence-to-sequence pre-training. arXiv preprint arXiv:2001.04063.</note>
</biblStruct>

<biblStruct xml:id="b26">
	<analytic>
		<title level="a" type="main">Emotional chatting machine: Emotional conversation generation with internal and external memory</title>
		<author>
			<persName><forename type="first">Hao</forename><surname>Zhou</surname></persName>
		</author>
		<author>
			<persName><forename type="first">Minlie</forename><surname>Huang</surname></persName>
		</author>
		<author>
			<persName><forename type="first">Tianyang</forename><surname>Zhang</surname></persName>
		</author>
		<author>
			<persName><forename type="first">Xiaoyan</forename><surname>Zhu</surname></persName>
		</author>
		<author>
			<persName><forename type="first">Bing</forename><surname>Liu</surname></persName>
		</author>
	</analytic>
	<monogr>
		<title level="m">Proceedings of the Thirty-Second AAAI Conference on Artificial Intelligence, (AAAI-18), the 30th innovative Applications of Artificial Intelligence (IAAI-18), and the 8th AAAI Symposium on Educational Advances in Artificial Intelligence (EAAI-18)</title>
				<meeting>the Thirty-Second AAAI Conference on Artificial Intelligence, (AAAI-18), the 30th innovative Applications of Artificial Intelligence (IAAI-18), and the 8th AAAI Symposium on Educational Advances in Artificial Intelligence (EAAI-18)<address><addrLine>New Orleans, Louisiana, USA</addrLine></address></meeting>
		<imprint>
			<date type="published" when="2018-02-02">2018. February 2-7, 2018</date>
			<biblScope unit="page" from="730" to="739" />
		</imprint>
	</monogr>
	<note type="raw_reference">Hao Zhou, Minlie Huang, Tianyang Zhang, Xiaoyan Zhu, and Bing Liu. 2018. Emotional chatting ma- chine: Emotional conversation generation with in- ternal and external memory. In Proceedings of the Thirty-Second AAAI Conference on Artificial Intelli- gence, (AAAI-18), the 30th innovative Applications of Artificial Intelligence (IAAI-18), and the 8th AAAI Symposium on Educational Advances in Artificial In- telligence (EAAI-18), New Orleans, Louisiana, USA, February 2-7, 2018, pages 730-739.</note>
</biblStruct>

				</listBibl>
			</div>
		</back>
	</text>
</TEI>
