<?xml version="1.0" encoding="UTF-8"?>
<TEI xml:space="preserve" xmlns="http://www.tei-c.org/ns/1.0" 
xmlns:xsi="http://www.w3.org/2001/XMLSchema-instance" 
xsi:schemaLocation="http://www.tei-c.org/ns/1.0 https://raw.githubusercontent.com/kermitt2/grobid/master/grobid-home/schemas/xsd/Grobid.xsd"
 xmlns:xlink="http://www.w3.org/1999/xlink">
	<teiHeader xml:lang="en">
		<fileDesc>
			<titleStmt>
				<title level="a" type="main">Hierarchical Multi-task learning framework for Isometric-Speech Language Translation</title>
			</titleStmt>
			<publicationStmt>
				<publisher/>
				<availability status="unknown"><licence/></availability>
			</publicationStmt>
			<sourceDesc>
				<biblStruct>
					<analytic>
						<author>
							<persName><forename type="first">Aakash</forename><surname>Bhatnagar</surname></persName>
							<affiliation key="aff0">
								<orgName type="institution">Navrachana University Vadodara</orgName>
								<address>
									<country key="IN">India</country>
								</address>
							</affiliation>
						</author>
						<author>
							<persName><forename type="first">Nidhir</forename><surname>Bhavsar</surname></persName>
							<affiliation key="aff0">
								<orgName type="institution">Navrachana University Vadodara</orgName>
								<address>
									<country key="IN">India</country>
								</address>
							</affiliation>
						</author>
						<author>
							<persName><forename type="first">Muskaan</forename><surname>Singh</surname></persName>
							<email>msingh@idiap.ch</email>
							<affiliation key="aff1">
								<orgName type="institution">IDIAP Research Institute</orgName>
								<address>
									<settlement>Martigny</settlement>
									<country key="CH">Switzerland</country>
								</address>
							</affiliation>
						</author>
						<author>
							<persName><forename type="first">Petr</forename><surname>Motlicek</surname></persName>
							<email>petr.motlicek@idiap.ch</email>
							<affiliation key="aff1">
								<orgName type="institution">IDIAP Research Institute</orgName>
								<address>
									<settlement>Martigny</settlement>
									<country key="CH">Switzerland</country>
								</address>
							</affiliation>
						</author>
						<title level="a" type="main">Hierarchical Multi-task learning framework for Isometric-Speech Language Translation</title>
					</analytic>
					<monogr>
						<imprint>
							<date/>
						</imprint>
					</monogr>
					<idno type="MD5">F51D03D42E7E8F905CD490427A5D3B3F</idno>
				</biblStruct>
			</sourceDesc>
		</fileDesc>
		<encodingDesc>
			<appInfo>
				<application version="0.7.3-SNAPSHOT" ident="GROBID" when="2023-01-12T09:20+0000">
					<desc>GROBID - A machine learning software for extracting information from scholarly documents</desc>
					<ref target="https://github.com/kermitt2/grobid"/>
				</application>
			</appInfo>
		</encodingDesc>
		<profileDesc>
			<abstract>
<div xmlns="http://www.tei-c.org/ns/1.0"><p>This paper presents our submission for the shared task on isometric neural machine translation at International Conference on Spoken Language Translation (IWSLT). There are numerous state-of-art models for translation problems. However, these models lack any length constraint to produce short or long outputs from the source text. This paper proposes a hierarchical approach to generate isometric translation on the MUST-C dataset. We achieve a BERTscore of 0.85, a length ratio of 1.087, a BLEU score of 42.3, and a length range of 51.03%. On the blind dataset provided by the task organizers, we obtained a BERTscore of 0.80, a length ratio of 1.10, and a length range of 47.5%. We have made our code public hee https://github.com/aakash0017/ Machine-Translation-ISWLT.</p></div>
			</abstract>
		</profileDesc>
	</teiHeader>
	<text xml:lang="en">
		<body>
<div xmlns="http://www.tei-c.org/ns/1.0"><head n="1">Introduction</head><p>Reaching a worldwide audience is a critical aspect of audio-visual content localization. This automation necessitates source language speech translation and seamless integration of target language speech with the original visual information. The uniqueness of this task is to generate length-controlled outputs. A significant application of isometric translation is in automatic dubbing, where the most crucial part is to sync the length of translated subtitles with the audio of the source language. These types of translations give a holistic experience to the user while reading the translated sentences. This paper will explain our hierarchical architecture for generating such isometric outputs.</p><p>Initially, we experimented with a verbositycontrolled multi-task model. We used two prompt types: (i) task prompt and (ii) length prompt. The task prompt decides what task the model should perform. For example, an empty prompt means that the model will receive English inputs and generate translated French outputs, whereas "para" prompt means that the model will receive french input and generate paraphrased French sentences. Para prompt always accompanies a length prompt that ensures that the paraphrased output is of the desired length. To illustrate, if the initial translated output of the model falls short of the source text, we will append the prompt: "para long." This prompt will help the model paraphrase this generated output to an optimal length. We experimented with various combinations of this translate-paraphrasing approach. Finally, our best architectures consist of three separately trained models for translation and paraphrasing. We use Helsinki OPUS-MT and Google's MT5 for machine translation &amp; paraphrasing, respectively, while Google translation API for short-length sentences. We use MUST-C v1.2 FR and PAWS-X EN-FR datasets to train these models.</p></div>
<div xmlns="http://www.tei-c.org/ns/1.0"><head n="2">Shared Task Overview</head><p>This task entails creating translations that are similar in length to the source. The shared task's outcome can help with the following issues: auto standardized dubbing to achieve coupling between the source and target speech, improved subtitling to fit the translated content into a specified video frame, layout constrained translation to control the generated text to fit in the document tables or database fields, and more general simultaneous speech translation for ease of reading or listening. Participants in the shared task can create text-to-text MT systems for languages such as German (De), French (Fr), and Spanish (Es) using either the MUST-C or WMT datasets.</p></div>
<div xmlns="http://www.tei-c.org/ns/1.0"><head n="3">Background</head><p>Our approach towards controlling the output length of translated sequences is based on the recent advancement in the transformer architecture <ref type="bibr" target="#b14">(16)</ref> towards multi-task training.</p></div>
<div xmlns="http://www.tei-c.org/ns/1.0"><head n="3.1">Transformer</head><p>With the advent of transfer learning techniques in NLP through transformer-based models like T5 <ref type="bibr" target="#b9">(11)</ref> have become more unified &amp; can convert all text-based language problems into textto-text formats. Trained on Datasets like C4, these models have achieved state-of-the-art performances for text generation tasks like summarization, question-answering &amp; machine translation, to be precise. At its core, these models constitute a sequence-to-sequence architecture that can process sequences using only attention &amp; feed-forward networks-partitioned into Block of Encoders and Decoder, each of which comprises multi-headed attention.</p></div>
<div xmlns="http://www.tei-c.org/ns/1.0"><head n="3.2">Few shot learning</head><p>As described in Brown et al. <ref type="bibr" target="#b1">(2)</ref>, fine-tuning a model for machine translation using a pre-trained model has been the most common approach in recent years, which involves updating the weights of a pre-trained model by training on a supervised dataset specific to the desired task. Typically thousands to hundreds of thousands of labeled examples are used. The main disadvantages are the need for a new giant dataset for every task, the potential for poor generalization out-of-distribution, and the potential to exploit spurious features of the training data, potentially resulting in an unfair comparison with human performance. However, on the contrary, few-shot learning refers to the setting where the model is given a few demonstrations of the task at inference time. This works by giving K examples of context and completion, and then one final example of context, with the model expected to provide the completion.</p></div>
<div xmlns="http://www.tei-c.org/ns/1.0"><head n="4">System Overview</head><p>In this section, we will explain our architecture in detail. As mentioned in the above sections, we implement a hierarchical architecture consisting of 3 separate models. Our model is a complex fusion of two distinct functionalities, resulting in a differentiated pipeline that adds to improved performance for text generation tasks. The entirety of the model is fragmented into neural machine translation and a text paraphrasing system. While the former converts text from the source (En) to target (Fr) language, the latter, which is trained independently of the NMT model, assists in deforming the generated text into a more useful form specific to the task. Additionally, we are also using Google's translation API for short-length sentences.</p></div>
<div xmlns="http://www.tei-c.org/ns/1.0"><head n="4.1">Translation Module</head><p>This module uses Helsinki OPUS-MT <ref type="bibr" target="#b13">(15)</ref> for neural machine translation. The model is pretrained using the MarianMT framework ( <ref type="formula">5</ref>), a stable production-ready NMT toolbox with efficient training and decoding capabilities, and is trained on freely available parallel corpora collected in the large bitext repository OPUS <ref type="bibr" target="#b12">(14)</ref>. The pretrained version of the OPUS-MT model has six selfattentive layers in both the encoder and decoder networks and eight attention heads in each layer. We use verbosity control during fine-tuning. While training, we use three length prompts: "long," "short," and "normal" and one task prompt i.e. a empty string. The task prompt is defined as per the task (translation) in the module and length prompts are defined by the t Length-Ratio (LR) between the source and target texts. These prompts are appended to the input text, thus, allowing the model to recognize and differentiate key attributes governed by the Length Compliance (LC) matrix. The range of the LR ratio we use while selecting the prompts is mentioned in the equation 1.</p><formula xml:id="formula_0">f (x) =      short, LR &lt; 0.95 normal, 0.95 ≤ LR ≥ 1.05 long, LR &gt; 1.05<label>(1)</label></formula><formula xml:id="formula_1">f ′ (x) = para long, LR &lt; 0.95 para short, LR &gt; 1.05<label>(2)</label></formula><p>We experiment with the OPUS-MT model on two different datasets: WMT (1) and MUST-C (4). After experimentation, we decided to use MUST-C as it gave the most optimal results. OPUS-MT model, however, does not have any length-control mechanism. To fine-tune the model for isometric The climate getting worse means that many years, their crops won't grow: there will be too much rain, not enough rain; things will change in ways their fragile environment simply can't support.</p><p>Le climat se détériore, ce qui signifie qu'il y aura de nombreuses années où leurs cultures ne pousseront pas. Il y aura trop de pluie, ou pas assez de pluie. Here SL is source length, TL is target length and LR is length ratio that is calculated by TL/SL. Isometric sentences are those, whose LR ratio lies withing 0.95-1.10. translation, we use the previously mentioned verbosity control prompt engineering method. The table 1 examples of how these prompts are used during translation.</p></div>
<div xmlns="http://www.tei-c.org/ns/1.0"><head n="4.2">Paraphrasing &amp; Length Correction</head><p>According to Zhao et al. <ref type="bibr" target="#b19">(21)</ref> the main goal of sentence paraphrasing is to improve the clarity of a sentence by using different wording that conveys the same meaning. For this task, we are fine-tuning Google's MT5 model <ref type="bibr" target="#b16">(18)</ref> on PAWS-X French dataset <ref type="bibr" target="#b17">(19)</ref> to leverage the functionality of Text paraphrasing. We have fabricated the use of the prompt engineering approach (7) ( <ref type="formula">12</ref>) to enable the model to recognize the paraphrasing task as well as modify its parameter based on the argument to generate isometric text. We append Manually engineered prompts during training for both of the models, as mentioned earlier, based on the source and target text. However, during testing, the prompt for each input sentence is modified based on the conditional task of isometric text generation (see Figure <ref type="figure">2</ref>)</p></div>
<div xmlns="http://www.tei-c.org/ns/1.0"><head n="5">Experimental Setup</head><p>During the experimentation, we used three datasets: 1) WMT, 2) MUST-C 3) PAWS-X. Table <ref type="table">3</ref> shows the exact train/test/dev split of all the three datasets. Also, the task provides us with a blind dataset for each language pair. Particularly En-Fr pairs in the blind consisted of very few characters per sentence. After experimentation, we found that our model was not performing well for sentences with less than five words. To solve this issue, we used Google Translator API, which improved the length ratio and length constraint significantly. We experimented with various approaches that involved multi-task training and hierarchical architectures. Initially, we experimented with a multitask training approach. For this, we used Google's MT5 transformer-based architecture, which we implement using a simple transformer library <ref type="foot" target="#foot_0">1</ref> . We fine-tuned this architecture for two distinct tasks 1) Text Paraphrasing &amp; 2) Machine Translation as described here <ref type="bibr" target="#b2">(3)</ref>. The model supports improvising the generated text based on the desired task. Prompt engineering was a key aspect of this multitask training approach. Details of how prompts are generated for different task and length is explained in previous sections. Next, we experimented with the Helsinki OPUS-MT pre-trained model for machine translation, which uses a modified version of transformer-based architecture. This system was build using hugging transformers library (17) <ref type="foot" target="#foot_1">2</ref> For fine-tuning the same we use the standard crossentropy loss objective on target sequence along with label smoothing <ref type="bibr" target="#b7">(9)</ref>. We use beam search with a beam size of 10 and select the best of the top 5 hypotheses for the En-Fr track. We initialize the model with a learning rate of 2 − 5 with a "cosine schedule with warmup" (8).</p><p>We also train a separate system constituting Google's MT5 pre-trained model for text paraphrasing. For this we're using an Ada-Factor optimizer <ref type="bibr" target="#b11">(13)</ref>, with a cross-entropy loss as objective. Also, we use a beam size of 5 and select the top 3 hypotheses accordingly. The model is initialized with pre-trained weights from the transformers library. We use the base version with a total of 580M parameters. We use a batch size of 32 and epochs equal to 1. Each model is trained on a cluster of 4 Tesla V100-PCIE GPU with a memory size of 32510MiB each. Table <ref type="table">3</ref>: description of various datasets used during the experimentation.</p><p>Figure <ref type="figure">2</ref>: Multi task model architecture of updating parameters according to the prompts supplied</p></div>
<div xmlns="http://www.tei-c.org/ns/1.0"><head n="5.1">Evaluation Measures</head><p>This task is evaluated on two parameters. The first is the quality of translation, and the second is the length constraint. We use BERTscore <ref type="bibr" target="#b18">(20)</ref> and BLEUscore <ref type="bibr" target="#b8">(10)</ref> for qualitative analysis of the translated sentences and Length Compliance matrix for the isometric constraint. Table <ref type="table" target="#tab_1">1</ref> in appendix 7 shows a detailed overview of how Length Compliance matrix works. We can see that the optimal predictions lie within the LR range of 0.95 and 1.10.</p></div>
<div xmlns="http://www.tei-c.org/ns/1.0"><head n="6">Result and Analysis</head><p>As shown in Table <ref type="table" target="#tab_2">2</ref>, system three has gained a substantial increase in overall Length compliance metrics. However, the BERT Score has depleted by 0.5. The Length Ratio for the OPUS-MT system is 1.085, close to the ideal value in isometric not adapt well; however, BERTscore can evaluate based on semantics. The challenge is to translate the source text to the target language with ideal length compliance while also maintaining the semantic meaning of the output. While our suggested models are also performing equally well on the blind dataset provided by the organizer, however, a significant dip can be seen with the Length ratio &amp; BERT score for the predicted outputs. The reason being is that the blind data covers a versatile range of source input with a word count ranging from 1 to 44. The PAWS-X dataset has an average length of 10-15 words and cannot provide a variety of training examples with a much lower token count. Thus, while predicting, the model performs rather poorly for short-length examples. To solve this we have employed Google Translate API. However, for some instances within the 5-8 word count, the model can still not convert the input sequence to its target language ("French") counterpart.</p><p>Our experiments with the Google MT5 model, which is fine-tuned for machine translation and text paraphrasing, have shown considerable promise. However, it still needs rigorous experimentation and hyper-parameter tuning. In addition to quantitative, we vouch for qualitative analysis of our results in Table <ref type="table" target="#tab_3">4</ref>. Which describes the correct output corresponding to isometric source-target text. As shown in the fourth row of the Table, our system can precisely shorten the length of translated text while retaining semantical similarity. Secondly, as set out in the second and third row of the Table, few phrases in the English &amp; French vocabulary do not align lexically together; thus, the model partitions the source text and translates each word separately.</p></div>
<div xmlns="http://www.tei-c.org/ns/1.0"><head n="7">Conclusion &amp; Future Work</head><p>In this work, we propose a hierarchical MT approach, using prompt engineering to attribute the OPUS-MT and MT5 paraphrasing model. We evaluate the proposed approach in the Isometric machine translation case, where translated text is expected to match the source length to synchronize the source and target text. Our finding shows that though the model has been trained precisely for generating constrained output, However, a lot of improvements can be employed to produce more optimal results. Firstly, the paraphrasing model could not generalize for short sentences (i.e., LR &lt; 0.95). Secondly, the MUST-C dataset has an unequal distribution of instances for all three categories of length ranges, which imposes an uncertain suspicion over the model predictions. Moreover, our finding shows that the proposed approach can perform better than Lakew et al. <ref type="bibr" target="#b5">(6)</ref>, length aware positional encoding based NMT approach. </p></div><figure xmlns="http://www.tei-c.org/ns/1.0" xml:id="fig_0"><head>Figure 1 :</head><label>1</label><figDesc>Figure 1: Architectural representation of the flow of our pipeline. The first block in the figure represents the OPUS-MT model that we use for EN-FR translation. The right part in the diagram showcase the 2 paraphrasing models used: Google MT5 fine tuned and Google Translation API. Based on the condition we decide which model to use after translation.</figDesc><graphic coords="3,93.54,230.21,408.18,213.81" type="bitmap" /></figure>
<figure xmlns="http://www.tei-c.org/ns/1.0" type="table" xml:id="tab_0"><head></head><label></label><figDesc>seem a bit surprising, because my full-time work at the foundation is mostly about vaccines and seeds, about the things that we need to invent and deliver to help the poorest two billion live better lives.Et cela peut sembler un peu surprenant parce que mon travail à temps plein à la Fondation concerne plutôt les vaccins et les semences, les choses que nous devons inventer et distribuer pour aider les deux milliards des plus pauvres à vivre mieux.</figDesc><table><row><cell>Target Text (FR) And that might 226 SL</cell><cell>TL 256</cell><cell>LR 1.13274</cell><cell>Type Not Isometric</cell></row></table></figure>
<figure xmlns="http://www.tei-c.org/ns/1.0" type="table" xml:id="tab_1"><head>Table 1 :</head><label>1</label><figDesc>Examples from MUST-C dataset.</figDesc><table><row><cell>199</cell><cell>162</cell><cell>0.8140</cell><cell>Not Isometric</cell></row></table></figure>
<figure xmlns="http://www.tei-c.org/ns/1.0" type="table" xml:id="tab_2"><head>Table 2 :</head><label>2</label><figDesc>prediction on MUST-C v1.2 En-Fr and blind dataset.</figDesc><table><row><cell></cell><cell></cell><cell cols="2">MUST-C Fr</cell><cell></cell><cell></cell><cell></cell><cell cols="2">Blind En-Fr</cell><cell></cell></row><row><cell>Model</cell><cell cols="2">BERT Score</cell><cell cols="2">Length Compliance</cell><cell></cell><cell cols="2">BERT Score</cell><cell cols="2">Length Compliance</cell></row><row><cell>P</cell><cell>R</cell><cell>F1</cell><cell>Length Ratio</cell><cell>Length Range</cell><cell>P</cell><cell>R</cell><cell>F1</cell><cell>Length Ratio</cell><cell>Length Range</cell></row><row><cell cols="3">System 1 0.87 0.86 0.86</cell><cell>1.11</cell><cell>46.4</cell><cell cols="3">0.62 0.63 0.62</cell><cell>1.64</cell><cell>40.5</cell></row><row><cell cols="3">System 2 0.87 0.86 0.87 System 3 0.86 0.85 0.85</cell><cell>1.08 1.08</cell><cell>49.6 51.3</cell><cell cols="3">0.79 0.80 0.80 0.79 0.80 0.79</cell><cell>1.10 1.11</cell><cell>47.5 46.8</cell></row></table></figure>
<figure xmlns="http://www.tei-c.org/ns/1.0" type="table" xml:id="tab_3"><head>Table 4 :</head><label>4</label><figDesc>The act of kindness she noted above all others: someone had even gotten her a pair of shoes.Le gentil geste qu'elle a remarqué parmi tous les autres : quelqu'un lui avait même amené une paire de chaussures L'acte de gentillesse qu'elle a remarqué par dessus tout : quelqu'un lui avait même offert une paire de chaussures. Predicted Results from MUST-C dataset. Here SL is source length, TL is target length, PL is predicted length and LR is length ratio that is calculated by PL/SL. Isometric sentences are those, whose LR ratio lies withing 0.95-1.10[8] Ilya Loshchilov and Frank Hutter. 2016. SGDR: stochastic gradient descent with restarts. CoRR, abs/1608.03983.</figDesc><table><row><cell>I just came back from a com-munity that holds the secret to human survival.</cell><cell>Target Text (FR) Je viens de revenir d'une com-munauté qui détient le secret de la survie de l'humanité</cell><cell>Translated Text (FR) Je reviens d'une communauté qui garde le secret de la survie humaine.</cell><cell>SL 74 92</cell><cell>TL 86 115</cell><cell>PL 69 115</cell><cell>LR 0.932 1.25</cell><cell>Type Not Iso-metric Not Iso-metric</cell></row><row><cell>If you have something to give, give it now. Serve food at a soup kitchen. Clean up a neighborhood park. Be a mentor. This is the world of wild bono-bos in the jungles of Congo.</cell><cell>Si vous avez quelque chose à donnez-le maintenant. Servez de la nourriture dans une soupe populaire, nettoyez un parc dans votre quartier, soyez un mentor. Voici le monde des bonobos sauvages dans les jungles du Congo.</cell><cell>Si vous avez quelque chose à donner, donnez-le maintenant. Servez de la nourriture dans une soupe. Nettoyez un parc. Soyez un mentor. C'est le monde des bonobos Congo. sauvages dans la jungle du</cell><cell>43 72 58</cell><cell>58 104 62</cell><cell>58 74 60</cell><cell>1.34 1.027 1.034</cell><cell>Not Iso-metric Isometric Isometric</cell></row></table></figure>
			<note xmlns="http://www.tei-c.org/ns/1.0" place="foot" n="1" xml:id="foot_0">https://simpletransformers.ai/</note>
			<note xmlns="http://www.tei-c.org/ns/1.0" place="foot" n="2" xml:id="foot_1">https://github.com/huggingface/transformers</note>
		</body>
		<back>
			<div type="annex">
<div xmlns="http://www.tei-c.org/ns/1.0"><p>▷ final output translation. As stated earlier, the task of isometric translation aims to generate the translations with the target to source length ratio between 0.90 and 1.10, after considering the ±10% shift in the characters. We achieve this through two of our systems, with system-1 achieving a length ratio of 0.85 and system-2 achieving 0.87.</p><p>Secondly, the Length Range matrix represents the percentage of total translated sentences falling under the ideal length ratios range. Two of our suggested models are close to 50%, suggesting that almost half of the predictions are isometric with high BLEUscore and BERTscore. The reason of decrease in the BERTscore of system 3 is that the model loses essential information while predicting the output. Our analysis shows that verbosity control can sometimes lead to abrupt shortening of results, where the model skips words after a specific limit.</p><p>Along with Length Compliance(LC) metrix, outputs are evaluated for their adequacy and quality of translation. This task emphasizes more towards BERTscore rather than BLEUscore. When the length of source and target varies, BLEUscore does</p></div>			</div>
			<div type="references">

				<listBibl>

<biblStruct xml:id="b0">
	<analytic>
		<title level="a" type="main">Findings of the 2018 conference on machine translation (WMT18)</title>
		<author>
			<persName><forename type="first">Ondřej</forename><surname>Bojar</surname></persName>
		</author>
		<author>
			<persName><forename type="first">Christian</forename><surname>Federmann</surname></persName>
		</author>
		<author>
			<persName><forename type="first">Mark</forename><surname>Fishel</surname></persName>
		</author>
		<author>
			<persName><forename type="first">Yvette</forename><surname>Graham</surname></persName>
		</author>
		<author>
			<persName><forename type="first">Barry</forename><surname>Haddow</surname></persName>
		</author>
		<author>
			<persName><forename type="first">Philipp</forename><surname>Koehn</surname></persName>
		</author>
		<author>
			<persName><forename type="first">Christof</forename><surname>Monz</surname></persName>
		</author>
		<idno type="DOI">10.18653/v1/W18-6401</idno>
	</analytic>
	<monogr>
		<title level="m">Proceedings of the Third Conference on Machine Translation: Shared Task Papers</title>
				<meeting>the Third Conference on Machine Translation: Shared Task Papers<address><addrLine>Belgium, Brussels</addrLine></address></meeting>
		<imprint>
			<publisher>Association for Computational Linguistics</publisher>
			<date type="published" when="2018">2018</date>
			<biblScope unit="page" from="272" to="303" />
		</imprint>
	</monogr>
	<note type="raw_reference">Ondřej Bojar, Christian Federmann, Mark Fishel, Yvette Graham, Barry Haddow, Philipp Koehn, and Christof Monz. 2018. Findings of the 2018 confer- ence on machine translation (WMT18). In Proceed- ings of the Third Conference on Machine Translation: Shared Task Papers, pages 272-303, Belgium, Brus- sels. Association for Computational Linguistics.</note>
</biblStruct>

<biblStruct xml:id="b1">
	<analytic>
		<title level="a" type="main">Language models are few-shot learners</title>
		<author>
			<persName><forename type="first">Tom</forename><forename type="middle">B</forename><surname>Brown</surname></persName>
		</author>
		<author>
			<persName><forename type="first">Benjamin</forename><surname>Mann</surname></persName>
		</author>
		<author>
			<persName><forename type="first">Nick</forename><surname>Ryder</surname></persName>
		</author>
		<author>
			<persName><forename type="first">Melanie</forename><surname>Subbiah</surname></persName>
		</author>
		<author>
			<persName><forename type="first">Jared</forename><surname>Kaplan</surname></persName>
		</author>
		<author>
			<persName><forename type="first">Prafulla</forename><surname>Dhariwal</surname></persName>
		</author>
		<author>
			<persName><forename type="first">Arvind</forename><surname>Neelakantan</surname></persName>
		</author>
		<author>
			<persName><forename type="first">Pranav</forename><surname>Shyam</surname></persName>
		</author>
		<author>
			<persName><forename type="first">Girish</forename><surname>Sastry</surname></persName>
		</author>
		<author>
			<persName><forename type="first">Amanda</forename><surname>Askell</surname></persName>
		</author>
		<author>
			<persName><forename type="first">Sandhini</forename><surname>Agarwal</surname></persName>
		</author>
		<author>
			<persName><forename type="first">Ariel</forename><surname>Herbert-Voss</surname></persName>
		</author>
		<author>
			<persName><forename type="first">Gretchen</forename><surname>Krueger</surname></persName>
		</author>
		<author>
			<persName><forename type="first">Tom</forename><surname>Henighan</surname></persName>
		</author>
		<author>
			<persName><forename type="first">Rewon</forename><surname>Child</surname></persName>
		</author>
		<author>
			<persName><forename type="first">Aditya</forename><surname>Ramesh</surname></persName>
		</author>
		<author>
			<persName><forename type="first">Daniel</forename><forename type="middle">M</forename><surname>Ziegler</surname></persName>
		</author>
		<author>
			<persName><forename type="first">Jeffrey</forename><surname>Wu</surname></persName>
		</author>
		<author>
			<persName><forename type="first">Clemens</forename><surname>Winter</surname></persName>
		</author>
		<author>
			<persName><forename type="first">Christopher</forename><surname>Hesse</surname></persName>
		</author>
		<author>
			<persName><forename type="first">Mark</forename><surname>Chen</surname></persName>
		</author>
		<author>
			<persName><forename type="first">Eric</forename><surname>Sigler</surname></persName>
		</author>
		<author>
			<persName><forename type="first">Mateusz</forename><surname>Litwin</surname></persName>
		</author>
		<idno>CoRR, abs/2005.14165</idno>
	</analytic>
	<monogr>
		<title level="m">Ilya Sutskever, and Dario Amodei</title>
				<meeting><address><addrLine>Scott Gray, Benjamin Chess, Jack Clark, Christopher Berner, Sam McCandlish, Alec Radford</addrLine></address></meeting>
		<imprint>
			<date type="published" when="2020">2020</date>
		</imprint>
	</monogr>
	<note type="raw_reference">Tom B. Brown, Benjamin Mann, Nick Ryder, Melanie Subbiah, Jared Kaplan, Prafulla Dhariwal, Arvind Neelakantan, Pranav Shyam, Girish Sastry, Amanda Askell, Sandhini Agarwal, Ariel Herbert- Voss, Gretchen Krueger, Tom Henighan, Rewon Child, Aditya Ramesh, Daniel M. Ziegler, Jeffrey Wu, Clemens Winter, Christopher Hesse, Mark Chen, Eric Sigler, Mateusz Litwin, Scott Gray, Benjamin Chess, Jack Clark, Christopher Berner, Sam McCandlish, Alec Radford, Ilya Sutskever, and Dario Amodei. 2020. Language models are few-shot learners. CoRR, abs/2005.14165.</note>
</biblStruct>

<biblStruct xml:id="b2">
	<analytic>
		<title level="a" type="main">Simultaneous paraphrasing and translation by fine-tuning transformer models</title>
		<author>
			<persName><forename type="first">Rakesh</forename><surname>Chada</surname></persName>
		</author>
		<idno type="DOI">10.18653/v1/2020.ngt-1.23</idno>
	</analytic>
	<monogr>
		<title level="m">Proceedings of the Fourth Workshop on Neural Generation and Translation</title>
				<meeting>the Fourth Workshop on Neural Generation and Translation</meeting>
		<imprint>
			<publisher>Online. Association for Computational Linguistics</publisher>
			<date type="published" when="2020">2020</date>
			<biblScope unit="page" from="198" to="203" />
		</imprint>
	</monogr>
	<note type="raw_reference">Rakesh Chada. 2020. Simultaneous paraphrasing and translation by fine-tuning transformer models. In Proceedings of the Fourth Workshop on Neural Generation and Translation, pages 198-203, Online. Association for Computational Linguistics.</note>
</biblStruct>

<biblStruct xml:id="b3">
	<analytic>
		<title level="a" type="main">MuST-C: a Multilingual Speech Translation Corpus</title>
		<author>
			<persName><forename type="first">A</forename><forename type="middle">Di</forename><surname>Mattia</surname></persName>
		</author>
		<author>
			<persName><forename type="first">Roldano</forename><surname>Gangi</surname></persName>
		</author>
		<author>
			<persName><forename type="first">Luisa</forename><surname>Cattoni</surname></persName>
		</author>
		<author>
			<persName><forename type="first">Matteo</forename><surname>Bentivogli</surname></persName>
		</author>
		<author>
			<persName><forename type="first">Marco</forename><surname>Negri</surname></persName>
		</author>
		<author>
			<persName><surname>Turchi</surname></persName>
		</author>
		<idno type="DOI">10.18653/v1/N19-1202</idno>
	</analytic>
	<monogr>
		<title level="m">Proceedings of the 2019 Conference of the North American Chapter of the Association for Computational Linguistics: Human Language Technologies</title>
		<title level="s">Long and Short Papers</title>
		<meeting>the 2019 Conference of the North American Chapter of the Association for Computational Linguistics: Human Language Technologies<address><addrLine>Minneapolis, Minnesota</addrLine></address></meeting>
		<imprint>
			<publisher>Association for Computational Linguistics</publisher>
			<date type="published" when="2019">2019</date>
			<biblScope unit="volume">1</biblScope>
			<biblScope unit="page" from="2012" to="2017" />
		</imprint>
	</monogr>
	<note type="raw_reference">Mattia A. Di Gangi, Roldano Cattoni, Luisa Ben- tivogli, Matteo Negri, and Marco Turchi. 2019. MuST-C: a Multilingual Speech Translation Corpus. In Proceedings of the 2019 Conference of the North American Chapter of the Association for Computa- tional Linguistics: Human Language Technologies, Volume 1 (Long and Short Papers), pages 2012-2017, Minneapolis, Minnesota. Association for Computa- tional Linguistics.</note>
</biblStruct>

<biblStruct xml:id="b4">
	<monogr>
		<title level="m" type="main">Alham Fikri Aji, Nikolay Bogoychev, André F. T. Martins, and Alexandra Birch</title>
		<author>
			<persName><forename type="first">Marcin</forename><surname>Junczys-Dowmunt</surname></persName>
		</author>
		<author>
			<persName><forename type="first">Roman</forename><surname>Grundkiewicz</surname></persName>
		</author>
		<author>
			<persName><forename type="first">Tomasz</forename><surname>Dwojak</surname></persName>
		</author>
		<author>
			<persName><forename type="first">Hieu</forename><surname>Hoang</surname></persName>
		</author>
		<author>
			<persName><forename type="first">Kenneth</forename><surname>Heafield</surname></persName>
		</author>
		<author>
			<persName><forename type="first">Tom</forename><surname>Neckermann</surname></persName>
		</author>
		<author>
			<persName><forename type="first">Frank</forename><surname>Seide</surname></persName>
		</author>
		<author>
			<persName><forename type="first">Ulrich</forename><surname>Germann</surname></persName>
		</author>
		<idno>CoRR, abs/1804.00344</idno>
		<imprint>
			<date type="published" when="2018">2018</date>
		</imprint>
	</monogr>
	<note>Marian: Fast neural machine translation in C++</note>
	<note type="raw_reference">Marcin Junczys-Dowmunt, Roman Grundkiewicz, Tomasz Dwojak, Hieu Hoang, Kenneth Heafield, Tom Neckermann, Frank Seide, Ulrich Germann, Al- ham Fikri Aji, Nikolay Bogoychev, André F. T. Mar- tins, and Alexandra Birch. 2018. Marian: Fast neural machine translation in C++. CoRR, abs/1804.00344.</note>
</biblStruct>

<biblStruct xml:id="b5">
	<monogr>
		<author>
			<persName><forename type="first">Mattia</forename><surname>Surafel Melaku Lakew</surname></persName>
		</author>
		<author>
			<persName><forename type="first">Antonino</forename><forename type="middle">Di</forename><surname>Gangi</surname></persName>
		</author>
		<author>
			<persName><forename type="first">Marcello</forename><surname>Federico</surname></persName>
		</author>
		<idno>CoRR, abs/1910.10408</idno>
		<title level="m">Controlling the output length of neural machine translation</title>
				<imprint>
			<date type="published" when="2019">2019</date>
		</imprint>
	</monogr>
	<note type="raw_reference">Surafel Melaku Lakew, Mattia Antonino Di Gangi, and Marcello Federico. 2019. Controlling the out- put length of neural machine translation. CoRR, abs/1910.10408.</note>
</biblStruct>

<biblStruct xml:id="b6">
	<monogr>
		<title level="m" type="main">Pre-train, prompt, and predict: A systematic survey of prompting methods in natural language processing</title>
		<author>
			<persName><forename type="first">Pengfei</forename><surname>Liu</surname></persName>
		</author>
		<author>
			<persName><forename type="first">Weizhe</forename><surname>Yuan</surname></persName>
		</author>
		<author>
			<persName><forename type="first">Jinlan</forename><surname>Fu</surname></persName>
		</author>
		<author>
			<persName><forename type="first">Zhengbao</forename><surname>Jiang</surname></persName>
		</author>
		<author>
			<persName><forename type="first">Hiroaki</forename><surname>Hayashi</surname></persName>
		</author>
		<author>
			<persName><forename type="first">Graham</forename><surname>Neubig</surname></persName>
		</author>
		<idno>CoRR, abs/2107.13586</idno>
		<imprint>
			<date type="published" when="2021">2021</date>
		</imprint>
	</monogr>
	<note type="raw_reference">Pengfei Liu, Weizhe Yuan, Jinlan Fu, Zhengbao Jiang, Hiroaki Hayashi, and Graham Neubig. 2021. Pre-train, prompt, and predict: A systematic survey of prompting methods in natural language processing. CoRR, abs/2107.13586.</note>
</biblStruct>

<biblStruct xml:id="b7">
	<monogr>
		<title level="m" type="main">When does label smoothing help?</title>
		<author>
			<persName><forename type="first">Rafael</forename><surname>Müller</surname></persName>
		</author>
		<author>
			<persName><forename type="first">Simon</forename><surname>Kornblith</surname></persName>
		</author>
		<author>
			<persName><forename type="first">Geoffrey</forename><forename type="middle">E</forename><surname>Hinton</surname></persName>
		</author>
		<idno>CoRR, abs/1906.02629</idno>
		<imprint>
			<date type="published" when="2019">2019</date>
		</imprint>
	</monogr>
	<note type="raw_reference">Rafael Müller, Simon Kornblith, and Geoffrey E. Hinton. 2019. When does label smoothing help? CoRR, abs/1906.02629.</note>
</biblStruct>

<biblStruct xml:id="b8">
	<analytic>
		<title level="a" type="main">Bleu: a method for automatic evaluation of machine translation</title>
		<author>
			<persName><forename type="first">Kishore</forename><surname>Papineni</surname></persName>
		</author>
		<author>
			<persName><forename type="first">Salim</forename><surname>Roukos</surname></persName>
		</author>
		<author>
			<persName><forename type="first">Todd</forename><surname>Ward</surname></persName>
		</author>
		<author>
			<persName><forename type="first">Wei-Jing</forename><surname>Zhu</surname></persName>
		</author>
		<idno type="DOI">10.3115/1073083.1073135</idno>
	</analytic>
	<monogr>
		<title level="m">Proceedings of the 40th Annual Meeting of the Association for Computational Linguistics</title>
				<meeting>the 40th Annual Meeting of the Association for Computational Linguistics<address><addrLine>Philadelphia, Pennsylvania, USA</addrLine></address></meeting>
		<imprint>
			<publisher>Association for Computational Linguistics</publisher>
			<date type="published" when="2002">2002</date>
			<biblScope unit="page" from="311" to="318" />
		</imprint>
	</monogr>
	<note type="raw_reference">Kishore Papineni, Salim Roukos, Todd Ward, and Wei-Jing Zhu. 2002. Bleu: a method for automatic evaluation of machine translation. In Proceedings of the 40th Annual Meeting of the Association for Com- putational Linguistics, pages 311-318, Philadelphia, Pennsylvania, USA. Association for Computational Linguistics.</note>
</biblStruct>

<biblStruct xml:id="b9">
	<monogr>
		<title level="m" type="main">Exploring the limits of transfer learning with a unified text-to-text transformer</title>
		<author>
			<persName><forename type="first">Colin</forename><surname>Raffel</surname></persName>
		</author>
		<author>
			<persName><forename type="first">Noam</forename><surname>Shazeer</surname></persName>
		</author>
		<author>
			<persName><forename type="first">Adam</forename><surname>Roberts</surname></persName>
		</author>
		<author>
			<persName><forename type="first">Katherine</forename><surname>Lee</surname></persName>
		</author>
		<author>
			<persName><forename type="first">Sharan</forename><surname>Narang</surname></persName>
		</author>
		<author>
			<persName><forename type="first">Michael</forename><surname>Matena</surname></persName>
		</author>
		<author>
			<persName><forename type="first">Yanqi</forename><surname>Zhou</surname></persName>
		</author>
		<author>
			<persName><forename type="first">Wei</forename><surname>Li</surname></persName>
		</author>
		<author>
			<persName><forename type="first">Peter</forename><forename type="middle">J</forename><surname>Liu</surname></persName>
		</author>
		<idno>CoRR, abs/1910.10683</idno>
		<imprint>
			<date type="published" when="2019">2019</date>
		</imprint>
	</monogr>
	<note type="raw_reference">Colin Raffel, Noam Shazeer, Adam Roberts, Kather- ine Lee, Sharan Narang, Michael Matena, Yanqi Zhou, Wei Li, and Peter J. Liu. 2019. Exploring the limits of transfer learning with a unified text-to-text transformer. CoRR, abs/1910.10683.</note>
</biblStruct>

<biblStruct xml:id="b10">
	<monogr>
		<title level="m" type="main">Prompt programming for large language models: Beyond the few-shot paradigm</title>
		<author>
			<persName><forename type="first">Laria</forename><surname>Reynolds</surname></persName>
		</author>
		<author>
			<persName><forename type="first">Kyle</forename><surname>Mcdonell</surname></persName>
		</author>
		<idno>CoRR, abs/2102.07350</idno>
		<imprint>
			<date type="published" when="2021">2021</date>
		</imprint>
	</monogr>
	<note type="raw_reference">Laria Reynolds and Kyle McDonell. 2021. Prompt programming for large language models: Beyond the few-shot paradigm. CoRR, abs/2102.07350.</note>
</biblStruct>

<biblStruct xml:id="b11">
	<monogr>
		<title level="m" type="main">Adafactor: Adaptive learning rates with sublinear memory cost</title>
		<author>
			<persName><forename type="first">Noam</forename><surname>Shazeer</surname></persName>
		</author>
		<author>
			<persName><forename type="first">Mitchell</forename><surname>Stern</surname></persName>
		</author>
		<idno>CoRR, abs/1804.04235</idno>
		<imprint>
			<date type="published" when="2018">2018</date>
		</imprint>
	</monogr>
	<note type="raw_reference">Noam Shazeer and Mitchell Stern. 2018. Adafactor: Adaptive learning rates with sublinear memory cost. CoRR, abs/1804.04235.</note>
</biblStruct>

<biblStruct xml:id="b12">
	<analytic>
		<title level="a" type="main">Parallel data, tools and interfaces in OPUS</title>
		<author>
			<persName><forename type="first">Jörg</forename><surname>Tiedemann</surname></persName>
		</author>
	</analytic>
	<monogr>
		<title level="m">Proceedings of the Eighth International Conference on Language Resources and Evaluation (LREC&apos;12)</title>
				<meeting>the Eighth International Conference on Language Resources and Evaluation (LREC&apos;12)<address><addrLine>Istanbul, Turkey</addrLine></address></meeting>
		<imprint>
			<publisher>European Language Resources Association (ELRA</publisher>
			<date type="published" when="2012">2012</date>
			<biblScope unit="page" from="2214" to="2218" />
		</imprint>
	</monogr>
	<note type="raw_reference">Jörg Tiedemann. 2012. Parallel data, tools and in- terfaces in OPUS. In Proceedings of the Eighth In- ternational Conference on Language Resources and Evaluation (LREC&apos;12), pages 2214-2218, Istanbul, Turkey. European Language Resources Association (ELRA).</note>
</biblStruct>

<biblStruct xml:id="b13">
	<analytic>
		<title level="a" type="main">OPUS-MT -building open translation services for the world</title>
		<author>
			<persName><forename type="first">Jörg</forename><surname>Tiedemann</surname></persName>
		</author>
		<author>
			<persName><forename type="first">Santhosh</forename><surname>Thottingal</surname></persName>
		</author>
	</analytic>
	<monogr>
		<title level="m">Proceedings of the 22nd Annual Conference of the European Association for Machine Translation</title>
				<meeting>the 22nd Annual Conference of the European Association for Machine Translation<address><addrLine>Lisboa, Portugal</addrLine></address></meeting>
		<imprint>
			<publisher>European Association for Machine Translation</publisher>
			<date type="published" when="2020">2020</date>
			<biblScope unit="page" from="479" to="480" />
		</imprint>
	</monogr>
	<note type="raw_reference">Jörg Tiedemann and Santhosh Thottingal. 2020. OPUS-MT -building open translation services for the world. In Proceedings of the 22nd Annual Confer- ence of the European Association for Machine Trans- lation, pages 479-480, Lisboa, Portugal. European Association for Machine Translation.</note>
</biblStruct>

<biblStruct xml:id="b14">
	<monogr>
		<title level="m" type="main">Attention is all you need</title>
		<author>
			<persName><forename type="first">Ashish</forename><surname>Vaswani</surname></persName>
		</author>
		<author>
			<persName><forename type="first">Noam</forename><surname>Shazeer</surname></persName>
		</author>
		<author>
			<persName><forename type="first">Niki</forename><surname>Parmar</surname></persName>
		</author>
		<author>
			<persName><forename type="first">Jakob</forename><surname>Uszkoreit</surname></persName>
		</author>
		<author>
			<persName><forename type="first">Llion</forename><surname>Jones</surname></persName>
		</author>
		<author>
			<persName><forename type="first">Aidan</forename><forename type="middle">N</forename><surname>Gomez</surname></persName>
		</author>
		<author>
			<persName><forename type="first">Lukasz</forename><surname>Kaiser</surname></persName>
		</author>
		<author>
			<persName><forename type="first">Illia</forename><surname>Polosukhin</surname></persName>
		</author>
		<idno>CoRR, abs/1706.03762</idno>
		<imprint>
			<date type="published" when="2017">2017</date>
		</imprint>
	</monogr>
	<note type="raw_reference">Ashish Vaswani, Noam Shazeer, Niki Parmar, Jakob Uszkoreit, Llion Jones, Aidan N. Gomez, Lukasz Kaiser, and Illia Polosukhin. 2017. Attention is all you need. CoRR, abs/1706.03762.</note>
</biblStruct>

<biblStruct xml:id="b15">
	<monogr>
		<title level="m" type="main">Huggingface&apos;s transformers: State-of-the-art natural language processing</title>
		<author>
			<persName><forename type="first">Thomas</forename><surname>Wolf</surname></persName>
		</author>
		<author>
			<persName><forename type="first">Lysandre</forename><surname>Debut</surname></persName>
		</author>
		<author>
			<persName><forename type="first">Victor</forename><surname>Sanh</surname></persName>
		</author>
		<author>
			<persName><forename type="first">Julien</forename><surname>Chaumond</surname></persName>
		</author>
		<author>
			<persName><forename type="first">Clement</forename><surname>Delangue</surname></persName>
		</author>
		<author>
			<persName><forename type="first">Anthony</forename><surname>Moi</surname></persName>
		</author>
		<author>
			<persName><forename type="first">Pierric</forename><surname>Cistac</surname></persName>
		</author>
		<author>
			<persName><forename type="first">Tim</forename><surname>Rault</surname></persName>
		</author>
		<author>
			<persName><forename type="first">Rémi</forename><surname>Louf</surname></persName>
		</author>
		<author>
			<persName><forename type="first">Morgan</forename><surname>Funtowicz</surname></persName>
		</author>
		<author>
			<persName><forename type="first">Jamie</forename><surname>Brew</surname></persName>
		</author>
		<idno>CoRR, abs/1910.03771</idno>
		<imprint>
			<date type="published" when="2019">2019</date>
		</imprint>
	</monogr>
	<note type="raw_reference">Thomas Wolf, Lysandre Debut, Victor Sanh, Julien Chaumond, Clement Delangue, Anthony Moi, Pierric Cistac, Tim Rault, Rémi Louf, Morgan Funtowicz, and Jamie Brew. 2019. Huggingface&apos;s transformers: State-of-the-art natural language processing. CoRR, abs/1910.03771.</note>
</biblStruct>

<biblStruct xml:id="b16">
	<monogr>
		<title level="m" type="main">Aditya Barua, and Colin Raffel. 2020. mt5: A massively multilingual pre-trained text-to-text transformer</title>
		<author>
			<persName><forename type="first">Linting</forename><surname>Xue</surname></persName>
		</author>
		<author>
			<persName><forename type="first">Noah</forename><surname>Constant</surname></persName>
		</author>
		<author>
			<persName><forename type="first">Adam</forename><surname>Roberts</surname></persName>
		</author>
		<author>
			<persName><forename type="first">Mihir</forename><surname>Kale</surname></persName>
		</author>
		<author>
			<persName><forename type="first">Rami</forename><surname>Al-Rfou</surname></persName>
		</author>
		<author>
			<persName><forename type="first">Aditya</forename><surname>Siddhant</surname></persName>
		</author>
		<idno>CoRR, abs/2010.11934</idno>
		<imprint/>
	</monogr>
	<note type="raw_reference">Linting Xue, Noah Constant, Adam Roberts, Mihir Kale, Rami Al-Rfou, Aditya Siddhant, Aditya Barua, and Colin Raffel. 2020. mt5: A massively multi- lingual pre-trained text-to-text transformer. CoRR, abs/2010.11934.</note>
</biblStruct>

<biblStruct xml:id="b17">
	<monogr>
		<title level="m" type="main">PAWS-X: A cross-lingual adversarial dataset for paraphrase identification</title>
		<author>
			<persName><forename type="first">Yinfei</forename><surname>Yang</surname></persName>
		</author>
		<author>
			<persName><forename type="first">Yuan</forename><surname>Zhang</surname></persName>
		</author>
		<author>
			<persName><forename type="first">Chris</forename><surname>Tar</surname></persName>
		</author>
		<author>
			<persName><forename type="first">Jason</forename><surname>Baldridge</surname></persName>
		</author>
		<idno>CoRR, abs/1908.11828</idno>
		<imprint>
			<date type="published" when="2019">2019</date>
		</imprint>
	</monogr>
	<note type="raw_reference">Yinfei Yang, Yuan Zhang, Chris Tar, and Jason Baldridge. 2019. PAWS-X: A cross-lingual adver- sarial dataset for paraphrase identification. CoRR, abs/1908.11828.</note>
</biblStruct>

<biblStruct xml:id="b18">
	<monogr>
		<title level="m" type="main">Bertscore: Evaluating text generation with BERT</title>
		<author>
			<persName><forename type="first">Tianyi</forename><surname>Zhang</surname></persName>
		</author>
		<author>
			<persName><forename type="first">Varsha</forename><surname>Kishore</surname></persName>
		</author>
		<author>
			<persName><forename type="first">Felix</forename><surname>Wu</surname></persName>
		</author>
		<author>
			<persName><forename type="first">Kilian</forename><forename type="middle">Q</forename><surname>Weinberger</surname></persName>
		</author>
		<author>
			<persName><forename type="first">Yoav</forename><surname>Artzi</surname></persName>
		</author>
		<idno>CoRR, abs/1904.09675</idno>
		<imprint>
			<date type="published" when="2019">2019</date>
		</imprint>
	</monogr>
	<note type="raw_reference">Tianyi Zhang, Varsha Kishore, Felix Wu, Kil- ian Q. Weinberger, and Yoav Artzi. 2019. Bertscore: Evaluating text generation with BERT. CoRR, abs/1904.09675.</note>
</biblStruct>

<biblStruct xml:id="b19">
	<analytic>
		<title level="a" type="main">Integrating transformer and paraphrase rules for sentence simplification</title>
		<author>
			<persName><forename type="first">Sanqiang</forename><surname>Zhao</surname></persName>
		</author>
		<author>
			<persName><forename type="first">Rui</forename><surname>Meng</surname></persName>
		</author>
		<author>
			<persName><forename type="first">Daqing</forename><surname>He</surname></persName>
		</author>
		<author>
			<persName><forename type="first">Andi</forename><surname>Saptono</surname></persName>
		</author>
		<author>
			<persName><forename type="first">Bambang</forename><surname>Parmanto</surname></persName>
		</author>
		<idno type="DOI">10.18653/v1/D18-1355</idno>
	</analytic>
	<monogr>
		<title level="m">Proceedings of the 2018 Conference on Empirical Methods in Natural Language Processing</title>
				<meeting>the 2018 Conference on Empirical Methods in Natural Language Processing<address><addrLine>Brussels, Belgium</addrLine></address></meeting>
		<imprint>
			<publisher>Association for Computational Linguistics</publisher>
			<date type="published" when="2018">2018</date>
			<biblScope unit="page" from="3164" to="3173" />
		</imprint>
	</monogr>
	<note type="raw_reference">Sanqiang Zhao, Rui Meng, Daqing He, Andi Saptono, and Bambang Parmanto. 2018. Integrating transformer and paraphrase rules for sentence simpli- fication. In Proceedings of the 2018 Conference on Empirical Methods in Natural Language Processing, pages 3164-3173, Brussels, Belgium. Association for Computational Linguistics.</note>
</biblStruct>

				</listBibl>
			</div>
		</back>
	</text>
</TEI>
